 
****************************************
Report : resources
Design : repair_decode_area_engine_ENTRY_NUM14
Version: W-2024.09-SP2
Date   : Wed Sep  9 14:42:40 2026
****************************************

Resource Sharing Report for design repair_decode_area_engine_ENTRY_NUM14 in
        file
        /home/asd9112000/repair_rate/rtl/dss_2x2/analyzer/repair_decode_area_engine.sv

===============================================================================
|          |              |            | Contained     |                      |
| Resource | Module       | Parameters | Resources     | Contained Operations |
===============================================================================
| r392     | DW01_inc     | width=2    |               | add_75               |
===============================================================================


No implementations to report
 
****************************************
Design : repair_decode_with_hybrid_MAX_K5_NUM_CFG7_ENTRY_NUM14_ROW_W10_COL_W10_PATTERN_ID_W4
****************************************
Resource Sharing Report for design
        repair_decode_with_hybrid_MAX_K5_NUM_CFG7_ENTRY_NUM14_ROW_W10_COL_W10_PATTERN_ID_W4
        in file
        /home/asd9112000/repair_rate/rtl/dss_2x2/analyzer/repair_decode_with_hybrid.sv

===============================================================================
|          |              |            | Contained     |                      |
| Resource | Module       | Parameters | Resources     | Contained Operations |
===============================================================================
| r942     | DW01_cmp6    | width=2    |               | ne_116_I4_I32        |
| r943     | DW01_cmp2    | width=3    |               | lt_135_I3            |
| r944     | DW01_add     | width=3    |               | add_59               |
| r952     | DW01_inc     | width=3    |               | add_100_I14          |
| r1012    | DW_rightsh   | A_width=32 |               | srl_116_I3_I22       |
|          |              | SH_width=32 |              |                      |
| r14696   | DW_cmp       | width=3    |               | lt_116 lt_116_I10    |
|          |              |            |               | lt_116_I11           |
|          |              |            |               | lt_116_I12           |
|          |              |            |               | lt_116_I13           |
|          |              |            |               | lt_116_I14           |
|          |              |            |               | lt_116_I15           |
|          |              |            |               | lt_116_I16           |
|          |              |            |               | lt_116_I17           |
|          |              |            |               | lt_116_I18           |
|          |              |            |               | lt_116_I19 lt_116_I2 |
|          |              |            |               | lt_116_I20           |
|          |              |            |               | lt_116_I21           |
|          |              |            |               | lt_116_I22           |
|          |              |            |               | lt_116_I23           |
|          |              |            |               | lt_116_I24           |
|          |              |            |               | lt_116_I25           |
|          |              |            |               | lt_116_I26           |
|          |              |            |               | lt_116_I27           |
|          |              |            |               | lt_116_I28           |
|          |              |            |               | lt_116_I29 lt_116_I3 |
|          |              |            |               | lt_116_I30           |
|          |              |            |               | lt_116_I31           |
|          |              |            |               | lt_116_I32 lt_116_I4 |
|          |              |            |               | lt_116_I5 lt_116_I6  |
|          |              |            |               | lt_116_I7 lt_116_I8  |
|          |              |            |               | lt_116_I9 lt_131     |
|          |              |            |               | lt_69                |
| r14697   | DW_cmp       | width=3    |               | lt_116_I2_I1         |
|          |              |            |               | lt_116_I2_I10        |
|          |              |            |               | lt_116_I2_I11        |
|          |              |            |               | lt_116_I2_I12        |
|          |              |            |               | lt_116_I2_I13        |
|          |              |            |               | lt_116_I2_I14        |
|          |              |            |               | lt_116_I2_I15        |
|          |              |            |               | lt_116_I2_I16        |
|          |              |            |               | lt_116_I2_I17        |
|          |              |            |               | lt_116_I2_I18        |
|          |              |            |               | lt_116_I2_I19        |
|          |              |            |               | lt_116_I2_I2         |
|          |              |            |               | lt_116_I2_I20        |
|          |              |            |               | lt_116_I2_I21        |
|          |              |            |               | lt_116_I2_I22        |
|          |              |            |               | lt_116_I2_I23        |
|          |              |            |               | lt_116_I2_I24        |
|          |              |            |               | lt_116_I2_I25        |
|          |              |            |               | lt_116_I2_I26        |
|          |              |            |               | lt_116_I2_I27        |
|          |              |            |               | lt_116_I2_I28        |
|          |              |            |               | lt_116_I2_I29        |
|          |              |            |               | lt_116_I2_I3         |
|          |              |            |               | lt_116_I2_I30        |
|          |              |            |               | lt_116_I2_I31        |
|          |              |            |               | lt_116_I2_I32        |
|          |              |            |               | lt_116_I2_I4         |
|          |              |            |               | lt_116_I2_I5         |
|          |              |            |               | lt_116_I2_I6         |
|          |              |            |               | lt_116_I2_I7         |
|          |              |            |               | lt_116_I2_I8         |
|          |              |            |               | lt_116_I2_I9         |
|          |              |            |               | lt_131_I2 lt_69_I2   |
| r14699   | DW_cmp       | width=3    |               | lt_116_I3_I1         |
|          |              |            |               | lt_116_I3_I10        |
|          |              |            |               | lt_116_I3_I11        |
|          |              |            |               | lt_116_I3_I12        |
|          |              |            |               | lt_116_I3_I13        |
|          |              |            |               | lt_116_I3_I14        |
|          |              |            |               | lt_116_I3_I15        |
|          |              |            |               | lt_116_I3_I16        |
|          |              |            |               | lt_116_I3_I17        |
|          |              |            |               | lt_116_I3_I18        |
|          |              |            |               | lt_116_I3_I19        |
|          |              |            |               | lt_116_I3_I2         |
|          |              |            |               | lt_116_I3_I20        |
|          |              |            |               | lt_116_I3_I21        |
|          |              |            |               | lt_116_I3_I22        |
|          |              |            |               | lt_116_I3_I23        |
|          |              |            |               | lt_116_I3_I24        |
|          |              |            |               | lt_116_I3_I25        |
|          |              |            |               | lt_116_I3_I26        |
|          |              |            |               | lt_116_I3_I27        |
|          |              |            |               | lt_116_I3_I28        |
|          |              |            |               | lt_116_I3_I29        |
|          |              |            |               | lt_116_I3_I3         |
|          |              |            |               | lt_116_I3_I30        |
|          |              |            |               | lt_116_I3_I31        |
|          |              |            |               | lt_116_I3_I32        |
|          |              |            |               | lt_116_I3_I4         |
|          |              |            |               | lt_116_I3_I5         |
|          |              |            |               | lt_116_I3_I6         |
|          |              |            |               | lt_116_I3_I7         |
|          |              |            |               | lt_116_I3_I8         |
|          |              |            |               | lt_116_I3_I9         |
|          |              |            |               | lt_122_I3_I1         |
|          |              |            |               | lt_122_I3_I10        |
|          |              |            |               | lt_122_I3_I11        |
|          |              |            |               | lt_122_I3_I12        |
|          |              |            |               | lt_122_I3_I13        |
|          |              |            |               | lt_122_I3_I14        |
|          |              |            |               | lt_122_I3_I15        |
|          |              |            |               | lt_122_I3_I16        |
|          |              |            |               | lt_122_I3_I17        |
|          |              |            |               | lt_122_I3_I18        |
|          |              |            |               | lt_122_I3_I19        |
|          |              |            |               | lt_122_I3_I2         |
|          |              |            |               | lt_122_I3_I20        |
|          |              |            |               | lt_122_I3_I21        |
|          |              |            |               | lt_122_I3_I22        |
|          |              |            |               | lt_122_I3_I23        |
|          |              |            |               | lt_122_I3_I24        |
|          |              |            |               | lt_122_I3_I25        |
|          |              |            |               | lt_122_I3_I26        |
|          |              |            |               | lt_122_I3_I27        |
|          |              |            |               | lt_122_I3_I28        |
|          |              |            |               | lt_122_I3_I29        |
|          |              |            |               | lt_122_I3_I3         |
|          |              |            |               | lt_122_I3_I30        |
|          |              |            |               | lt_122_I3_I31        |
|          |              |            |               | lt_122_I3_I32        |
|          |              |            |               | lt_122_I3_I4         |
|          |              |            |               | lt_122_I3_I5         |
|          |              |            |               | lt_122_I3_I6         |
|          |              |            |               | lt_122_I3_I7         |
|          |              |            |               | lt_122_I3_I8         |
|          |              |            |               | lt_122_I3_I9         |
|          |              |            |               | lt_131_I3 lt_69_I3   |
| r14700   | DW_cmp       | width=3    |               | lt_116_I4_I1         |
|          |              |            |               | lt_116_I4_I10        |
|          |              |            |               | lt_116_I4_I11        |
|          |              |            |               | lt_116_I4_I12        |
|          |              |            |               | lt_116_I4_I13        |
|          |              |            |               | lt_116_I4_I14        |
|          |              |            |               | lt_116_I4_I15        |
|          |              |            |               | lt_116_I4_I16        |
|          |              |            |               | lt_116_I4_I17        |
|          |              |            |               | lt_116_I4_I18        |
|          |              |            |               | lt_116_I4_I19        |
|          |              |            |               | lt_116_I4_I2         |
|          |              |            |               | lt_116_I4_I20        |
|          |              |            |               | lt_116_I4_I21        |
|          |              |            |               | lt_116_I4_I22        |
|          |              |            |               | lt_116_I4_I23        |
|          |              |            |               | lt_116_I4_I24        |
|          |              |            |               | lt_116_I4_I25        |
|          |              |            |               | lt_116_I4_I26        |
|          |              |            |               | lt_116_I4_I27        |
|          |              |            |               | lt_116_I4_I28        |
|          |              |            |               | lt_116_I4_I29        |
|          |              |            |               | lt_116_I4_I3         |
|          |              |            |               | lt_116_I4_I30        |
|          |              |            |               | lt_116_I4_I31        |
|          |              |            |               | lt_116_I4_I32        |
|          |              |            |               | lt_116_I4_I4         |
|          |              |            |               | lt_116_I4_I5         |
|          |              |            |               | lt_116_I4_I6         |
|          |              |            |               | lt_116_I4_I7         |
|          |              |            |               | lt_116_I4_I8         |
|          |              |            |               | lt_116_I4_I9         |
|          |              |            |               | lt_122_I4_I1         |
|          |              |            |               | lt_122_I4_I10        |
|          |              |            |               | lt_122_I4_I11        |
|          |              |            |               | lt_122_I4_I12        |
|          |              |            |               | lt_122_I4_I13        |
|          |              |            |               | lt_122_I4_I14        |
|          |              |            |               | lt_122_I4_I15        |
|          |              |            |               | lt_122_I4_I16        |
|          |              |            |               | lt_122_I4_I17        |
|          |              |            |               | lt_122_I4_I18        |
|          |              |            |               | lt_122_I4_I19        |
|          |              |            |               | lt_122_I4_I2         |
|          |              |            |               | lt_122_I4_I20        |
|          |              |            |               | lt_122_I4_I21        |
|          |              |            |               | lt_122_I4_I22        |
|          |              |            |               | lt_122_I4_I23        |
|          |              |            |               | lt_122_I4_I24        |
|          |              |            |               | lt_122_I4_I25        |
|          |              |            |               | lt_122_I4_I26        |
|          |              |            |               | lt_122_I4_I27        |
|          |              |            |               | lt_122_I4_I28        |
|          |              |            |               | lt_122_I4_I29        |
|          |              |            |               | lt_122_I4_I3         |
|          |              |            |               | lt_122_I4_I30        |
|          |              |            |               | lt_122_I4_I31        |
|          |              |            |               | lt_122_I4_I32        |
|          |              |            |               | lt_122_I4_I4         |
|          |              |            |               | lt_122_I4_I5         |
|          |              |            |               | lt_122_I4_I6         |
|          |              |            |               | lt_122_I4_I7         |
|          |              |            |               | lt_122_I4_I8         |
|          |              |            |               | lt_122_I4_I9         |
|          |              |            |               | lt_131_I4 lt_69_I4   |
| r14702   | DW_cmp       | width=3    |               | lt_116_I5_I1         |
|          |              |            |               | lt_116_I5_I10        |
|          |              |            |               | lt_116_I5_I11        |
|          |              |            |               | lt_116_I5_I12        |
|          |              |            |               | lt_116_I5_I13        |
|          |              |            |               | lt_116_I5_I14        |
|          |              |            |               | lt_116_I5_I15        |
|          |              |            |               | lt_116_I5_I16        |
|          |              |            |               | lt_116_I5_I17        |
|          |              |            |               | lt_116_I5_I18        |
|          |              |            |               | lt_116_I5_I19        |
|          |              |            |               | lt_116_I5_I2         |
|          |              |            |               | lt_116_I5_I20        |
|          |              |            |               | lt_116_I5_I21        |
|          |              |            |               | lt_116_I5_I22        |
|          |              |            |               | lt_116_I5_I23        |
|          |              |            |               | lt_116_I5_I24        |
|          |              |            |               | lt_116_I5_I25        |
|          |              |            |               | lt_116_I5_I26        |
|          |              |            |               | lt_116_I5_I27        |
|          |              |            |               | lt_116_I5_I28        |
|          |              |            |               | lt_116_I5_I29        |
|          |              |            |               | lt_116_I5_I3         |
|          |              |            |               | lt_116_I5_I30        |
|          |              |            |               | lt_116_I5_I31        |
|          |              |            |               | lt_116_I5_I32        |
|          |              |            |               | lt_116_I5_I4         |
|          |              |            |               | lt_116_I5_I5         |
|          |              |            |               | lt_116_I5_I6         |
|          |              |            |               | lt_116_I5_I7         |
|          |              |            |               | lt_116_I5_I8         |
|          |              |            |               | lt_116_I5_I9         |
|          |              |            |               | lt_131_I5 lt_69_I5   |
| r14704   | DW_cmp       | width=3    |               | lt_101 lt_77 lt_98   |
| r14705   | DW_mult_uns  | a_width=3  |               | mult_80_2            |
|          |              | b_width=3  |               | mult_80_2_I10        |
|          |              |            |               | mult_80_2_I11        |
|          |              |            |               | mult_80_2_I12        |
|          |              |            |               | mult_80_2_I13        |
|          |              |            |               | mult_80_2_I14        |
|          |              |            |               | mult_80_2_I2         |
|          |              |            |               | mult_80_2_I3         |
|          |              |            |               | mult_80_2_I4         |
|          |              |            |               | mult_80_2_I5         |
|          |              |            |               | mult_80_2_I6         |
|          |              |            |               | mult_80_2_I7         |
|          |              |            |               | mult_80_2_I8         |
|          |              |            |               | mult_80_2_I9         |
|          |              |            |               | mult_80_3            |
|          |              |            |               | mult_80_3_I10        |
|          |              |            |               | mult_80_3_I11        |
|          |              |            |               | mult_80_3_I12        |
|          |              |            |               | mult_80_3_I13        |
|          |              |            |               | mult_80_3_I14        |
|          |              |            |               | mult_80_3_I2         |
|          |              |            |               | mult_80_3_I3         |
|          |              |            |               | mult_80_3_I4         |
|          |              |            |               | mult_80_3_I5         |
|          |              |            |               | mult_80_3_I6         |
|          |              |            |               | mult_80_3_I7         |
|          |              |            |               | mult_80_3_I8         |
|          |              |            |               | mult_80_3_I9         |
| r14706   | DW01_add     | width=6    |               | add_80_2 add_80_3    |
| r14708   | DW_cmp       | width=3    |               | lt_89 lt_93          |
| r14711   | DW_cmp       | width=3    |               | lt_89_I2_I1          |
|          |              |            |               | lt_93_I2_I1          |
| r14714   | DW_cmp       | width=3    |               | lt_89_I3_I1          |
|          |              |            |               | lt_93_I3_I1          |
| r14717   | DW_cmp       | width=3    |               | lt_89_I4_I1          |
|          |              |            |               | lt_93_I4_I1          |
| r14720   | DW_cmp       | width=3    |               | lt_89_I5_I1          |
|          |              |            |               | lt_93_I5_I1          |
| r14723   | DW01_inc     | width=3    |               | add_100 add_103      |
| r14726   | DW01_add     | width=6    |               | add_80_2_I2          |
|          |              |            |               | add_80_3_I2          |
| r14754   | DW01_add     | width=6    |               | add_80_2_I3          |
|          |              |            |               | add_80_3_I3          |
| r14782   | DW01_add     | width=6    |               | add_80_2_I4          |
|          |              |            |               | add_80_3_I4          |
| r14810   | DW01_add     | width=6    |               | add_80_2_I5          |
|          |              |            |               | add_80_3_I5          |
| r14838   | DW01_add     | width=6    |               | add_80_2_I6          |
|          |              |            |               | add_80_3_I6          |
| r14866   | DW01_add     | width=6    |               | add_80_2_I7          |
|          |              |            |               | add_80_3_I7          |
| r14894   | DW01_add     | width=6    |               | add_80_2_I8          |
|          |              |            |               | add_80_3_I8          |
| r14922   | DW01_add     | width=6    |               | add_80_2_I9          |
|          |              |            |               | add_80_3_I9          |
| r14950   | DW01_add     | width=6    |               | add_80_2_I10         |
|          |              |            |               | add_80_3_I10         |
| r14978   | DW01_add     | width=6    |               | add_80_2_I11         |
|          |              |            |               | add_80_3_I11         |
| r15006   | DW01_add     | width=6    |               | add_80_2_I12         |
|          |              |            |               | add_80_3_I12         |
| r15034   | DW01_add     | width=6    |               | add_80_2_I13         |
|          |              |            |               | add_80_3_I13         |
| r15062   | DW01_add     | width=6    |               | add_80_2_I14         |
|          |              |            |               | add_80_3_I14         |
| r15088   | DW_leftsh    | A_width=9  |               | sll_114 sll_114_I10  |
|          |              | SH_width=3 |               | sll_114_I11          |
|          |              |            |               | sll_114_I12          |
|          |              |            |               | sll_114_I13          |
|          |              |            |               | sll_114_I14          |
|          |              |            |               | sll_114_I15          |
|          |              |            |               | sll_114_I16          |
|          |              |            |               | sll_114_I17          |
|          |              |            |               | sll_114_I18          |
|          |              |            |               | sll_114_I19          |
|          |              |            |               | sll_114_I2           |
|          |              |            |               | sll_114_I20          |
|          |              |            |               | sll_114_I21          |
|          |              |            |               | sll_114_I22          |
|          |              |            |               | sll_114_I23          |
|          |              |            |               | sll_114_I24          |
|          |              |            |               | sll_114_I25          |
|          |              |            |               | sll_114_I26          |
|          |              |            |               | sll_114_I27          |
|          |              |            |               | sll_114_I28          |
|          |              |            |               | sll_114_I29          |
|          |              |            |               | sll_114_I3           |
|          |              |            |               | sll_114_I30          |
|          |              |            |               | sll_114_I31          |
|          |              |            |               | sll_114_I32          |
|          |              |            |               | sll_114_I4           |
|          |              |            |               | sll_114_I5           |
|          |              |            |               | sll_114_I6           |
|          |              |            |               | sll_114_I7           |
|          |              |            |               | sll_114_I8           |
|          |              |            |               | sll_114_I9           |
| r15090   | DW01_dec     | width=4    |               | sub_116 sub_116_I10  |
|          |              |            |               | sub_116_I11          |
|          |              |            |               | sub_116_I12          |
|          |              |            |               | sub_116_I13          |
|          |              |            |               | sub_116_I14          |
|          |              |            |               | sub_116_I15          |
|          |              |            |               | sub_116_I16          |
|          |              |            |               | sub_116_I17          |
|          |              |            |               | sub_116_I18          |
|          |              |            |               | sub_116_I19          |
|          |              |            |               | sub_116_I2           |
|          |              |            |               | sub_116_I20          |
|          |              |            |               | sub_116_I21          |
|          |              |            |               | sub_116_I22          |
|          |              |            |               | sub_116_I23          |
|          |              |            |               | sub_116_I24          |
|          |              |            |               | sub_116_I25          |
|          |              |            |               | sub_116_I26          |
|          |              |            |               | sub_116_I27          |
|          |              |            |               | sub_116_I28          |
|          |              |            |               | sub_116_I29          |
|          |              |            |               | sub_116_I2_I1        |
|          |              |            |               | sub_116_I2_I10       |
|          |              |            |               | sub_116_I2_I11       |
|          |              |            |               | sub_116_I2_I12       |
|          |              |            |               | sub_116_I2_I13       |
|          |              |            |               | sub_116_I2_I14       |
|          |              |            |               | sub_116_I2_I15       |
|          |              |            |               | sub_116_I2_I16       |
|          |              |            |               | sub_116_I2_I17       |
|          |              |            |               | sub_116_I2_I18       |
|          |              |            |               | sub_116_I2_I19       |
|          |              |            |               | sub_116_I2_I2        |
|          |              |            |               | sub_116_I2_I20       |
|          |              |            |               | sub_116_I2_I21       |
|          |              |            |               | sub_116_I2_I22       |
|          |              |            |               | sub_116_I2_I23       |
|          |              |            |               | sub_116_I2_I24       |
|          |              |            |               | sub_116_I2_I25       |
|          |              |            |               | sub_116_I2_I26       |
|          |              |            |               | sub_116_I2_I27       |
|          |              |            |               | sub_116_I2_I28       |
|          |              |            |               | sub_116_I2_I29       |
|          |              |            |               | sub_116_I2_I3        |
|          |              |            |               | sub_116_I2_I30       |
|          |              |            |               | sub_116_I2_I31       |
|          |              |            |               | sub_116_I2_I32       |
|          |              |            |               | sub_116_I2_I4        |
|          |              |            |               | sub_116_I2_I5        |
|          |              |            |               | sub_116_I2_I6        |
|          |              |            |               | sub_116_I2_I7        |
|          |              |            |               | sub_116_I2_I8        |
|          |              |            |               | sub_116_I2_I9        |
|          |              |            |               | sub_116_I3           |
|          |              |            |               | sub_116_I30          |
|          |              |            |               | sub_116_I31          |
|          |              |            |               | sub_116_I32          |
|          |              |            |               | sub_116_I3_I1        |
|          |              |            |               | sub_116_I3_I10       |
|          |              |            |               | sub_116_I3_I11       |
|          |              |            |               | sub_116_I3_I12       |
|          |              |            |               | sub_116_I3_I13       |
|          |              |            |               | sub_116_I3_I14       |
|          |              |            |               | sub_116_I3_I15       |
|          |              |            |               | sub_116_I3_I16       |
|          |              |            |               | sub_116_I3_I17       |
|          |              |            |               | sub_116_I3_I18       |
|          |              |            |               | sub_116_I3_I19       |
|          |              |            |               | sub_116_I3_I2        |
|          |              |            |               | sub_116_I3_I20       |
|          |              |            |               | sub_116_I3_I21       |
|          |              |            |               | sub_116_I3_I22       |
|          |              |            |               | sub_116_I3_I23       |
|          |              |            |               | sub_116_I3_I24       |
|          |              |            |               | sub_116_I3_I25       |
|          |              |            |               | sub_116_I3_I26       |
|          |              |            |               | sub_116_I3_I27       |
|          |              |            |               | sub_116_I3_I28       |
|          |              |            |               | sub_116_I3_I29       |
|          |              |            |               | sub_116_I3_I3        |
|          |              |            |               | sub_116_I3_I30       |
|          |              |            |               | sub_116_I3_I31       |
|          |              |            |               | sub_116_I3_I32       |
|          |              |            |               | sub_116_I3_I4        |
|          |              |            |               | sub_116_I3_I5        |
|          |              |            |               | sub_116_I3_I6        |
|          |              |            |               | sub_116_I3_I7        |
|          |              |            |               | sub_116_I3_I8        |
|          |              |            |               | sub_116_I3_I9        |
|          |              |            |               | sub_116_I4           |
|          |              |            |               | sub_116_I4_I1        |
|          |              |            |               | sub_116_I4_I10       |
|          |              |            |               | sub_116_I4_I11       |
|          |              |            |               | sub_116_I4_I12       |
|          |              |            |               | sub_116_I4_I13       |
|          |              |            |               | sub_116_I4_I14       |
|          |              |            |               | sub_116_I4_I15       |
|          |              |            |               | sub_116_I4_I16       |
|          |              |            |               | sub_116_I4_I17       |
|          |              |            |               | sub_116_I4_I18       |
|          |              |            |               | sub_116_I4_I19       |
|          |              |            |               | sub_116_I4_I2        |
|          |              |            |               | sub_116_I4_I20       |
|          |              |            |               | sub_116_I4_I21       |
|          |              |            |               | sub_116_I4_I22       |
|          |              |            |               | sub_116_I4_I23       |
|          |              |            |               | sub_116_I4_I24       |
|          |              |            |               | sub_116_I4_I25       |
|          |              |            |               | sub_116_I4_I26       |
|          |              |            |               | sub_116_I4_I27       |
|          |              |            |               | sub_116_I4_I28       |
|          |              |            |               | sub_116_I4_I29       |
|          |              |            |               | sub_116_I4_I3        |
|          |              |            |               | sub_116_I4_I30       |
|          |              |            |               | sub_116_I4_I31       |
|          |              |            |               | sub_116_I4_I32       |
|          |              |            |               | sub_116_I4_I4        |
|          |              |            |               | sub_116_I4_I5        |
|          |              |            |               | sub_116_I4_I6        |
|          |              |            |               | sub_116_I4_I7        |
|          |              |            |               | sub_116_I4_I8        |
|          |              |            |               | sub_116_I4_I9        |
|          |              |            |               | sub_116_I5           |
|          |              |            |               | sub_116_I5_I1        |
|          |              |            |               | sub_116_I5_I10       |
|          |              |            |               | sub_116_I5_I11       |
|          |              |            |               | sub_116_I5_I12       |
|          |              |            |               | sub_116_I5_I13       |
|          |              |            |               | sub_116_I5_I14       |
|          |              |            |               | sub_116_I5_I15       |
|          |              |            |               | sub_116_I5_I16       |
|          |              |            |               | sub_116_I5_I17       |
|          |              |            |               | sub_116_I5_I18       |
|          |              |            |               | sub_116_I5_I19       |
|          |              |            |               | sub_116_I5_I2        |
|          |              |            |               | sub_116_I5_I20       |
|          |              |            |               | sub_116_I5_I21       |
|          |              |            |               | sub_116_I5_I22       |
|          |              |            |               | sub_116_I5_I23       |
|          |              |            |               | sub_116_I5_I24       |
|          |              |            |               | sub_116_I5_I25       |
|          |              |            |               | sub_116_I5_I26       |
|          |              |            |               | sub_116_I5_I27       |
|          |              |            |               | sub_116_I5_I28       |
|          |              |            |               | sub_116_I5_I29       |
|          |              |            |               | sub_116_I5_I3        |
|          |              |            |               | sub_116_I5_I30       |
|          |              |            |               | sub_116_I5_I31       |
|          |              |            |               | sub_116_I5_I32       |
|          |              |            |               | sub_116_I5_I4        |
|          |              |            |               | sub_116_I5_I5        |
|          |              |            |               | sub_116_I5_I6        |
|          |              |            |               | sub_116_I5_I7        |
|          |              |            |               | sub_116_I5_I8        |
|          |              |            |               | sub_116_I5_I9        |
|          |              |            |               | sub_116_I6           |
|          |              |            |               | sub_116_I7           |
|          |              |            |               | sub_116_I8           |
|          |              |            |               | sub_116_I9           |
| r15093   | DW01_dec     | width=5    |               | sub_116_2_I2_I1      |
|          |              |            |               | sub_116_2_I2_I10     |
|          |              |            |               | sub_116_2_I2_I11     |
|          |              |            |               | sub_116_2_I2_I12     |
|          |              |            |               | sub_116_2_I2_I13     |
|          |              |            |               | sub_116_2_I2_I14     |
|          |              |            |               | sub_116_2_I2_I15     |
|          |              |            |               | sub_116_2_I2_I16     |
|          |              |            |               | sub_116_2_I2_I17     |
|          |              |            |               | sub_116_2_I2_I18     |
|          |              |            |               | sub_116_2_I2_I19     |
|          |              |            |               | sub_116_2_I2_I2      |
|          |              |            |               | sub_116_2_I2_I20     |
|          |              |            |               | sub_116_2_I2_I21     |
|          |              |            |               | sub_116_2_I2_I22     |
|          |              |            |               | sub_116_2_I2_I23     |
|          |              |            |               | sub_116_2_I2_I24     |
|          |              |            |               | sub_116_2_I2_I25     |
|          |              |            |               | sub_116_2_I2_I26     |
|          |              |            |               | sub_116_2_I2_I27     |
|          |              |            |               | sub_116_2_I2_I28     |
|          |              |            |               | sub_116_2_I2_I29     |
|          |              |            |               | sub_116_2_I2_I3      |
|          |              |            |               | sub_116_2_I2_I30     |
|          |              |            |               | sub_116_2_I2_I31     |
|          |              |            |               | sub_116_2_I2_I32     |
|          |              |            |               | sub_116_2_I2_I4      |
|          |              |            |               | sub_116_2_I2_I5      |
|          |              |            |               | sub_116_2_I2_I6      |
|          |              |            |               | sub_116_2_I2_I7      |
|          |              |            |               | sub_116_2_I2_I8      |
|          |              |            |               | sub_116_2_I2_I9      |
| r15097   | DW01_sub     | width=5    |               | sub_116_2_I3_I1      |
|          |              |            |               | sub_116_2_I3_I10     |
|          |              |            |               | sub_116_2_I3_I11     |
|          |              |            |               | sub_116_2_I3_I12     |
|          |              |            |               | sub_116_2_I3_I13     |
|          |              |            |               | sub_116_2_I3_I14     |
|          |              |            |               | sub_116_2_I3_I15     |
|          |              |            |               | sub_116_2_I3_I16     |
|          |              |            |               | sub_116_2_I3_I17     |
|          |              |            |               | sub_116_2_I3_I18     |
|          |              |            |               | sub_116_2_I3_I19     |
|          |              |            |               | sub_116_2_I3_I2      |
|          |              |            |               | sub_116_2_I3_I20     |
|          |              |            |               | sub_116_2_I3_I21     |
|          |              |            |               | sub_116_2_I3_I22     |
|          |              |            |               | sub_116_2_I3_I23     |
|          |              |            |               | sub_116_2_I3_I24     |
|          |              |            |               | sub_116_2_I3_I25     |
|          |              |            |               | sub_116_2_I3_I26     |
|          |              |            |               | sub_116_2_I3_I27     |
|          |              |            |               | sub_116_2_I3_I28     |
|          |              |            |               | sub_116_2_I3_I29     |
|          |              |            |               | sub_116_2_I3_I3      |
|          |              |            |               | sub_116_2_I3_I30     |
|          |              |            |               | sub_116_2_I3_I31     |
|          |              |            |               | sub_116_2_I3_I32     |
|          |              |            |               | sub_116_2_I3_I4      |
|          |              |            |               | sub_116_2_I3_I5      |
|          |              |            |               | sub_116_2_I3_I6      |
|          |              |            |               | sub_116_2_I3_I7      |
|          |              |            |               | sub_116_2_I3_I8      |
|          |              |            |               | sub_116_2_I3_I9      |
| r15100   | DW01_sub     | width=5    |               | sub_116_2_I4_I1      |
|          |              |            |               | sub_116_2_I4_I10     |
|          |              |            |               | sub_116_2_I4_I11     |
|          |              |            |               | sub_116_2_I4_I12     |
|          |              |            |               | sub_116_2_I4_I13     |
|          |              |            |               | sub_116_2_I4_I14     |
|          |              |            |               | sub_116_2_I4_I15     |
|          |              |            |               | sub_116_2_I4_I16     |
|          |              |            |               | sub_116_2_I4_I17     |
|          |              |            |               | sub_116_2_I4_I18     |
|          |              |            |               | sub_116_2_I4_I19     |
|          |              |            |               | sub_116_2_I4_I2      |
|          |              |            |               | sub_116_2_I4_I20     |
|          |              |            |               | sub_116_2_I4_I21     |
|          |              |            |               | sub_116_2_I4_I22     |
|          |              |            |               | sub_116_2_I4_I23     |
|          |              |            |               | sub_116_2_I4_I24     |
|          |              |            |               | sub_116_2_I4_I25     |
|          |              |            |               | sub_116_2_I4_I26     |
|          |              |            |               | sub_116_2_I4_I27     |
|          |              |            |               | sub_116_2_I4_I28     |
|          |              |            |               | sub_116_2_I4_I29     |
|          |              |            |               | sub_116_2_I4_I3      |
|          |              |            |               | sub_116_2_I4_I30     |
|          |              |            |               | sub_116_2_I4_I31     |
|          |              |            |               | sub_116_2_I4_I32     |
|          |              |            |               | sub_116_2_I4_I4      |
|          |              |            |               | sub_116_2_I4_I5      |
|          |              |            |               | sub_116_2_I4_I6      |
|          |              |            |               | sub_116_2_I4_I7      |
|          |              |            |               | sub_116_2_I4_I8      |
|          |              |            |               | sub_116_2_I4_I9      |
| r15103   | DW01_sub     | width=5    |               | sub_116_2_I5_I1      |
|          |              |            |               | sub_116_2_I5_I10     |
|          |              |            |               | sub_116_2_I5_I11     |
|          |              |            |               | sub_116_2_I5_I12     |
|          |              |            |               | sub_116_2_I5_I13     |
|          |              |            |               | sub_116_2_I5_I14     |
|          |              |            |               | sub_116_2_I5_I15     |
|          |              |            |               | sub_116_2_I5_I16     |
|          |              |            |               | sub_116_2_I5_I17     |
|          |              |            |               | sub_116_2_I5_I18     |
|          |              |            |               | sub_116_2_I5_I19     |
|          |              |            |               | sub_116_2_I5_I2      |
|          |              |            |               | sub_116_2_I5_I20     |
|          |              |            |               | sub_116_2_I5_I21     |
|          |              |            |               | sub_116_2_I5_I22     |
|          |              |            |               | sub_116_2_I5_I23     |
|          |              |            |               | sub_116_2_I5_I24     |
|          |              |            |               | sub_116_2_I5_I25     |
|          |              |            |               | sub_116_2_I5_I26     |
|          |              |            |               | sub_116_2_I5_I27     |
|          |              |            |               | sub_116_2_I5_I28     |
|          |              |            |               | sub_116_2_I5_I29     |
|          |              |            |               | sub_116_2_I5_I3      |
|          |              |            |               | sub_116_2_I5_I30     |
|          |              |            |               | sub_116_2_I5_I31     |
|          |              |            |               | sub_116_2_I5_I32     |
|          |              |            |               | sub_116_2_I5_I4      |
|          |              |            |               | sub_116_2_I5_I5      |
|          |              |            |               | sub_116_2_I5_I6      |
|          |              |            |               | sub_116_2_I5_I7      |
|          |              |            |               | sub_116_2_I5_I8      |
|          |              |            |               | sub_116_2_I5_I9      |
| r15108   | DW_cmp       | width=3    |               | lt_122 lt_122_I10    |
|          |              |            |               | lt_122_I11           |
|          |              |            |               | lt_122_I12           |
|          |              |            |               | lt_122_I13           |
|          |              |            |               | lt_122_I14           |
|          |              |            |               | lt_122_I15           |
|          |              |            |               | lt_122_I16           |
|          |              |            |               | lt_122_I17           |
|          |              |            |               | lt_122_I18           |
|          |              |            |               | lt_122_I19 lt_122_I2 |
|          |              |            |               | lt_122_I20           |
|          |              |            |               | lt_122_I21           |
|          |              |            |               | lt_122_I22           |
|          |              |            |               | lt_122_I23           |
|          |              |            |               | lt_122_I24           |
|          |              |            |               | lt_122_I25           |
|          |              |            |               | lt_122_I26           |
|          |              |            |               | lt_122_I27           |
|          |              |            |               | lt_122_I28           |
|          |              |            |               | lt_122_I29 lt_122_I3 |
|          |              |            |               | lt_122_I30           |
|          |              |            |               | lt_122_I31           |
|          |              |            |               | lt_122_I32 lt_122_I4 |
|          |              |            |               | lt_122_I5 lt_122_I6  |
|          |              |            |               | lt_122_I7 lt_122_I8  |
|          |              |            |               | lt_122_I9            |
| r15109   | DW01_dec     | width=4    |               | sub_123 sub_123_I10  |
|          |              |            |               | sub_123_I11          |
|          |              |            |               | sub_123_I12          |
|          |              |            |               | sub_123_I13          |
|          |              |            |               | sub_123_I14          |
|          |              |            |               | sub_123_I15          |
|          |              |            |               | sub_123_I16          |
|          |              |            |               | sub_123_I17          |
|          |              |            |               | sub_123_I18          |
|          |              |            |               | sub_123_I19          |
|          |              |            |               | sub_123_I2           |
|          |              |            |               | sub_123_I20          |
|          |              |            |               | sub_123_I21          |
|          |              |            |               | sub_123_I22          |
|          |              |            |               | sub_123_I23          |
|          |              |            |               | sub_123_I24          |
|          |              |            |               | sub_123_I25          |
|          |              |            |               | sub_123_I26          |
|          |              |            |               | sub_123_I27          |
|          |              |            |               | sub_123_I28          |
|          |              |            |               | sub_123_I29          |
|          |              |            |               | sub_123_I2_I1        |
|          |              |            |               | sub_123_I2_I10       |
|          |              |            |               | sub_123_I2_I11       |
|          |              |            |               | sub_123_I2_I12       |
|          |              |            |               | sub_123_I2_I13       |
|          |              |            |               | sub_123_I2_I14       |
|          |              |            |               | sub_123_I2_I15       |
|          |              |            |               | sub_123_I2_I16       |
|          |              |            |               | sub_123_I2_I17       |
|          |              |            |               | sub_123_I2_I18       |
|          |              |            |               | sub_123_I2_I19       |
|          |              |            |               | sub_123_I2_I2        |
|          |              |            |               | sub_123_I2_I20       |
|          |              |            |               | sub_123_I2_I21       |
|          |              |            |               | sub_123_I2_I22       |
|          |              |            |               | sub_123_I2_I23       |
|          |              |            |               | sub_123_I2_I24       |
|          |              |            |               | sub_123_I2_I25       |
|          |              |            |               | sub_123_I2_I26       |
|          |              |            |               | sub_123_I2_I27       |
|          |              |            |               | sub_123_I2_I28       |
|          |              |            |               | sub_123_I2_I29       |
|          |              |            |               | sub_123_I2_I3        |
|          |              |            |               | sub_123_I2_I30       |
|          |              |            |               | sub_123_I2_I31       |
|          |              |            |               | sub_123_I2_I32       |
|          |              |            |               | sub_123_I2_I4        |
|          |              |            |               | sub_123_I2_I5        |
|          |              |            |               | sub_123_I2_I6        |
|          |              |            |               | sub_123_I2_I7        |
|          |              |            |               | sub_123_I2_I8        |
|          |              |            |               | sub_123_I2_I9        |
|          |              |            |               | sub_123_I3           |
|          |              |            |               | sub_123_I30          |
|          |              |            |               | sub_123_I31          |
|          |              |            |               | sub_123_I32          |
|          |              |            |               | sub_123_I3_I1        |
|          |              |            |               | sub_123_I3_I10       |
|          |              |            |               | sub_123_I3_I11       |
|          |              |            |               | sub_123_I3_I12       |
|          |              |            |               | sub_123_I3_I13       |
|          |              |            |               | sub_123_I3_I14       |
|          |              |            |               | sub_123_I3_I15       |
|          |              |            |               | sub_123_I3_I16       |
|          |              |            |               | sub_123_I3_I17       |
|          |              |            |               | sub_123_I3_I18       |
|          |              |            |               | sub_123_I3_I19       |
|          |              |            |               | sub_123_I3_I2        |
|          |              |            |               | sub_123_I3_I20       |
|          |              |            |               | sub_123_I3_I21       |
|          |              |            |               | sub_123_I3_I22       |
|          |              |            |               | sub_123_I3_I23       |
|          |              |            |               | sub_123_I3_I24       |
|          |              |            |               | sub_123_I3_I25       |
|          |              |            |               | sub_123_I3_I26       |
|          |              |            |               | sub_123_I3_I27       |
|          |              |            |               | sub_123_I3_I28       |
|          |              |            |               | sub_123_I3_I29       |
|          |              |            |               | sub_123_I3_I3        |
|          |              |            |               | sub_123_I3_I30       |
|          |              |            |               | sub_123_I3_I31       |
|          |              |            |               | sub_123_I3_I32       |
|          |              |            |               | sub_123_I3_I4        |
|          |              |            |               | sub_123_I3_I5        |
|          |              |            |               | sub_123_I3_I6        |
|          |              |            |               | sub_123_I3_I7        |
|          |              |            |               | sub_123_I3_I8        |
|          |              |            |               | sub_123_I3_I9        |
|          |              |            |               | sub_123_I4           |
|          |              |            |               | sub_123_I4_I1        |
|          |              |            |               | sub_123_I4_I10       |
|          |              |            |               | sub_123_I4_I11       |
|          |              |            |               | sub_123_I4_I12       |
|          |              |            |               | sub_123_I4_I13       |
|          |              |            |               | sub_123_I4_I14       |
|          |              |            |               | sub_123_I4_I15       |
|          |              |            |               | sub_123_I4_I16       |
|          |              |            |               | sub_123_I4_I17       |
|          |              |            |               | sub_123_I4_I18       |
|          |              |            |               | sub_123_I4_I19       |
|          |              |            |               | sub_123_I4_I2        |
|          |              |            |               | sub_123_I4_I20       |
|          |              |            |               | sub_123_I4_I21       |
|          |              |            |               | sub_123_I4_I22       |
|          |              |            |               | sub_123_I4_I23       |
|          |              |            |               | sub_123_I4_I24       |
|          |              |            |               | sub_123_I4_I25       |
|          |              |            |               | sub_123_I4_I26       |
|          |              |            |               | sub_123_I4_I27       |
|          |              |            |               | sub_123_I4_I28       |
|          |              |            |               | sub_123_I4_I29       |
|          |              |            |               | sub_123_I4_I3        |
|          |              |            |               | sub_123_I4_I30       |
|          |              |            |               | sub_123_I4_I31       |
|          |              |            |               | sub_123_I4_I32       |
|          |              |            |               | sub_123_I4_I4        |
|          |              |            |               | sub_123_I4_I5        |
|          |              |            |               | sub_123_I4_I6        |
|          |              |            |               | sub_123_I4_I7        |
|          |              |            |               | sub_123_I4_I8        |
|          |              |            |               | sub_123_I4_I9        |
|          |              |            |               | sub_123_I5           |
|          |              |            |               | sub_123_I5_I1        |
|          |              |            |               | sub_123_I5_I10       |
|          |              |            |               | sub_123_I5_I11       |
|          |              |            |               | sub_123_I5_I12       |
|          |              |            |               | sub_123_I5_I13       |
|          |              |            |               | sub_123_I5_I14       |
|          |              |            |               | sub_123_I5_I15       |
|          |              |            |               | sub_123_I5_I16       |
|          |              |            |               | sub_123_I5_I17       |
|          |              |            |               | sub_123_I5_I18       |
|          |              |            |               | sub_123_I5_I19       |
|          |              |            |               | sub_123_I5_I2        |
|          |              |            |               | sub_123_I5_I20       |
|          |              |            |               | sub_123_I5_I21       |
|          |              |            |               | sub_123_I5_I22       |
|          |              |            |               | sub_123_I5_I23       |
|          |              |            |               | sub_123_I5_I24       |
|          |              |            |               | sub_123_I5_I25       |
|          |              |            |               | sub_123_I5_I26       |
|          |              |            |               | sub_123_I5_I27       |
|          |              |            |               | sub_123_I5_I28       |
|          |              |            |               | sub_123_I5_I29       |
|          |              |            |               | sub_123_I5_I3        |
|          |              |            |               | sub_123_I5_I30       |
|          |              |            |               | sub_123_I5_I31       |
|          |              |            |               | sub_123_I5_I32       |
|          |              |            |               | sub_123_I5_I4        |
|          |              |            |               | sub_123_I5_I5        |
|          |              |            |               | sub_123_I5_I6        |
|          |              |            |               | sub_123_I5_I7        |
|          |              |            |               | sub_123_I5_I8        |
|          |              |            |               | sub_123_I5_I9        |
|          |              |            |               | sub_123_I6           |
|          |              |            |               | sub_123_I7           |
|          |              |            |               | sub_123_I8           |
|          |              |            |               | sub_123_I9           |
| r15112   | DW_cmp       | width=3    |               | lt_122_I2_I1         |
|          |              |            |               | lt_122_I2_I10        |
|          |              |            |               | lt_122_I2_I11        |
|          |              |            |               | lt_122_I2_I12        |
|          |              |            |               | lt_122_I2_I13        |
|          |              |            |               | lt_122_I2_I14        |
|          |              |            |               | lt_122_I2_I15        |
|          |              |            |               | lt_122_I2_I16        |
|          |              |            |               | lt_122_I2_I17        |
|          |              |            |               | lt_122_I2_I18        |
|          |              |            |               | lt_122_I2_I19        |
|          |              |            |               | lt_122_I2_I2         |
|          |              |            |               | lt_122_I2_I20        |
|          |              |            |               | lt_122_I2_I21        |
|          |              |            |               | lt_122_I2_I22        |
|          |              |            |               | lt_122_I2_I23        |
|          |              |            |               | lt_122_I2_I24        |
|          |              |            |               | lt_122_I2_I25        |
|          |              |            |               | lt_122_I2_I26        |
|          |              |            |               | lt_122_I2_I27        |
|          |              |            |               | lt_122_I2_I28        |
|          |              |            |               | lt_122_I2_I29        |
|          |              |            |               | lt_122_I2_I3         |
|          |              |            |               | lt_122_I2_I30        |
|          |              |            |               | lt_122_I2_I31        |
|          |              |            |               | lt_122_I2_I32        |
|          |              |            |               | lt_122_I2_I4         |
|          |              |            |               | lt_122_I2_I5         |
|          |              |            |               | lt_122_I2_I6         |
|          |              |            |               | lt_122_I2_I7         |
|          |              |            |               | lt_122_I2_I8         |
|          |              |            |               | lt_122_I2_I9         |
| r15113   | DW01_dec     | width=5    |               | sub_123_2_I2_I1      |
|          |              |            |               | sub_123_2_I2_I10     |
|          |              |            |               | sub_123_2_I2_I11     |
|          |              |            |               | sub_123_2_I2_I12     |
|          |              |            |               | sub_123_2_I2_I13     |
|          |              |            |               | sub_123_2_I2_I14     |
|          |              |            |               | sub_123_2_I2_I15     |
|          |              |            |               | sub_123_2_I2_I16     |
|          |              |            |               | sub_123_2_I2_I17     |
|          |              |            |               | sub_123_2_I2_I18     |
|          |              |            |               | sub_123_2_I2_I19     |
|          |              |            |               | sub_123_2_I2_I2      |
|          |              |            |               | sub_123_2_I2_I20     |
|          |              |            |               | sub_123_2_I2_I21     |
|          |              |            |               | sub_123_2_I2_I22     |
|          |              |            |               | sub_123_2_I2_I23     |
|          |              |            |               | sub_123_2_I2_I24     |
|          |              |            |               | sub_123_2_I2_I25     |
|          |              |            |               | sub_123_2_I2_I26     |
|          |              |            |               | sub_123_2_I2_I27     |
|          |              |            |               | sub_123_2_I2_I28     |
|          |              |            |               | sub_123_2_I2_I29     |
|          |              |            |               | sub_123_2_I2_I3      |
|          |              |            |               | sub_123_2_I2_I30     |
|          |              |            |               | sub_123_2_I2_I31     |
|          |              |            |               | sub_123_2_I2_I32     |
|          |              |            |               | sub_123_2_I2_I4      |
|          |              |            |               | sub_123_2_I2_I5      |
|          |              |            |               | sub_123_2_I2_I6      |
|          |              |            |               | sub_123_2_I2_I7      |
|          |              |            |               | sub_123_2_I2_I8      |
|          |              |            |               | sub_123_2_I2_I9      |
| r15116   | DW01_sub     | width=5    |               | sub_123_2_I3_I1      |
|          |              |            |               | sub_123_2_I3_I10     |
|          |              |            |               | sub_123_2_I3_I11     |
|          |              |            |               | sub_123_2_I3_I12     |
|          |              |            |               | sub_123_2_I3_I13     |
|          |              |            |               | sub_123_2_I3_I14     |
|          |              |            |               | sub_123_2_I3_I15     |
|          |              |            |               | sub_123_2_I3_I16     |
|          |              |            |               | sub_123_2_I3_I17     |
|          |              |            |               | sub_123_2_I3_I18     |
|          |              |            |               | sub_123_2_I3_I19     |
|          |              |            |               | sub_123_2_I3_I2      |
|          |              |            |               | sub_123_2_I3_I20     |
|          |              |            |               | sub_123_2_I3_I21     |
|          |              |            |               | sub_123_2_I3_I22     |
|          |              |            |               | sub_123_2_I3_I23     |
|          |              |            |               | sub_123_2_I3_I24     |
|          |              |            |               | sub_123_2_I3_I25     |
|          |              |            |               | sub_123_2_I3_I26     |
|          |              |            |               | sub_123_2_I3_I27     |
|          |              |            |               | sub_123_2_I3_I28     |
|          |              |            |               | sub_123_2_I3_I29     |
|          |              |            |               | sub_123_2_I3_I3      |
|          |              |            |               | sub_123_2_I3_I30     |
|          |              |            |               | sub_123_2_I3_I31     |
|          |              |            |               | sub_123_2_I3_I32     |
|          |              |            |               | sub_123_2_I3_I4      |
|          |              |            |               | sub_123_2_I3_I5      |
|          |              |            |               | sub_123_2_I3_I6      |
|          |              |            |               | sub_123_2_I3_I7      |
|          |              |            |               | sub_123_2_I3_I8      |
|          |              |            |               | sub_123_2_I3_I9      |
| r15119   | DW01_sub     | width=5    |               | sub_123_2_I4_I1      |
|          |              |            |               | sub_123_2_I4_I10     |
|          |              |            |               | sub_123_2_I4_I11     |
|          |              |            |               | sub_123_2_I4_I12     |
|          |              |            |               | sub_123_2_I4_I13     |
|          |              |            |               | sub_123_2_I4_I14     |
|          |              |            |               | sub_123_2_I4_I15     |
|          |              |            |               | sub_123_2_I4_I16     |
|          |              |            |               | sub_123_2_I4_I17     |
|          |              |            |               | sub_123_2_I4_I18     |
|          |              |            |               | sub_123_2_I4_I19     |
|          |              |            |               | sub_123_2_I4_I2      |
|          |              |            |               | sub_123_2_I4_I20     |
|          |              |            |               | sub_123_2_I4_I21     |
|          |              |            |               | sub_123_2_I4_I22     |
|          |              |            |               | sub_123_2_I4_I23     |
|          |              |            |               | sub_123_2_I4_I24     |
|          |              |            |               | sub_123_2_I4_I25     |
|          |              |            |               | sub_123_2_I4_I26     |
|          |              |            |               | sub_123_2_I4_I27     |
|          |              |            |               | sub_123_2_I4_I28     |
|          |              |            |               | sub_123_2_I4_I29     |
|          |              |            |               | sub_123_2_I4_I3      |
|          |              |            |               | sub_123_2_I4_I30     |
|          |              |            |               | sub_123_2_I4_I31     |
|          |              |            |               | sub_123_2_I4_I32     |
|          |              |            |               | sub_123_2_I4_I4      |
|          |              |            |               | sub_123_2_I4_I5      |
|          |              |            |               | sub_123_2_I4_I6      |
|          |              |            |               | sub_123_2_I4_I7      |
|          |              |            |               | sub_123_2_I4_I8      |
|          |              |            |               | sub_123_2_I4_I9      |
| r15122   | DW_cmp       | width=3    |               | lt_122_I5_I1         |
|          |              |            |               | lt_122_I5_I10        |
|          |              |            |               | lt_122_I5_I11        |
|          |              |            |               | lt_122_I5_I12        |
|          |              |            |               | lt_122_I5_I13        |
|          |              |            |               | lt_122_I5_I14        |
|          |              |            |               | lt_122_I5_I15        |
|          |              |            |               | lt_122_I5_I16        |
|          |              |            |               | lt_122_I5_I17        |
|          |              |            |               | lt_122_I5_I18        |
|          |              |            |               | lt_122_I5_I19        |
|          |              |            |               | lt_122_I5_I2         |
|          |              |            |               | lt_122_I5_I20        |
|          |              |            |               | lt_122_I5_I21        |
|          |              |            |               | lt_122_I5_I22        |
|          |              |            |               | lt_122_I5_I23        |
|          |              |            |               | lt_122_I5_I24        |
|          |              |            |               | lt_122_I5_I25        |
|          |              |            |               | lt_122_I5_I26        |
|          |              |            |               | lt_122_I5_I27        |
|          |              |            |               | lt_122_I5_I28        |
|          |              |            |               | lt_122_I5_I29        |
|          |              |            |               | lt_122_I5_I3         |
|          |              |            |               | lt_122_I5_I30        |
|          |              |            |               | lt_122_I5_I31        |
|          |              |            |               | lt_122_I5_I32        |
|          |              |            |               | lt_122_I5_I4         |
|          |              |            |               | lt_122_I5_I5         |
|          |              |            |               | lt_122_I5_I6         |
|          |              |            |               | lt_122_I5_I7         |
|          |              |            |               | lt_122_I5_I8         |
|          |              |            |               | lt_122_I5_I9         |
| r15123   | DW01_sub     | width=5    |               | sub_123_2_I5_I1      |
|          |              |            |               | sub_123_2_I5_I10     |
|          |              |            |               | sub_123_2_I5_I11     |
|          |              |            |               | sub_123_2_I5_I12     |
|          |              |            |               | sub_123_2_I5_I13     |
|          |              |            |               | sub_123_2_I5_I14     |
|          |              |            |               | sub_123_2_I5_I15     |
|          |              |            |               | sub_123_2_I5_I16     |
|          |              |            |               | sub_123_2_I5_I17     |
|          |              |            |               | sub_123_2_I5_I18     |
|          |              |            |               | sub_123_2_I5_I19     |
|          |              |            |               | sub_123_2_I5_I2      |
|          |              |            |               | sub_123_2_I5_I20     |
|          |              |            |               | sub_123_2_I5_I21     |
|          |              |            |               | sub_123_2_I5_I22     |
|          |              |            |               | sub_123_2_I5_I23     |
|          |              |            |               | sub_123_2_I5_I24     |
|          |              |            |               | sub_123_2_I5_I25     |
|          |              |            |               | sub_123_2_I5_I26     |
|          |              |            |               | sub_123_2_I5_I27     |
|          |              |            |               | sub_123_2_I5_I28     |
|          |              |            |               | sub_123_2_I5_I29     |
|          |              |            |               | sub_123_2_I5_I3      |
|          |              |            |               | sub_123_2_I5_I30     |
|          |              |            |               | sub_123_2_I5_I31     |
|          |              |            |               | sub_123_2_I5_I32     |
|          |              |            |               | sub_123_2_I5_I4      |
|          |              |            |               | sub_123_2_I5_I5      |
|          |              |            |               | sub_123_2_I5_I6      |
|          |              |            |               | sub_123_2_I5_I7      |
|          |              |            |               | sub_123_2_I5_I8      |
|          |              |            |               | sub_123_2_I5_I9      |
| r17149   | DW01_add     | width=2    |               | add_2_root_add_72_I4_aco |
| r17151   | DW01_add     | width=3    |               | add_1_root_add_72_I4_aco |
| r17153   | DW01_inc     | width=3    |               | add_72_I5            |
| r17227   | DW01_inc     | width=3    |               | add_100_I2           |
| r17229   | DW01_inc     | width=3    |               | add_103_I2           |
| r17281   | DW01_inc     | width=3    |               | add_100_I3           |
| r17283   | DW01_inc     | width=3    |               | add_103_I3           |
| r17335   | DW01_inc     | width=3    |               | add_100_I4           |
| r17337   | DW01_inc     | width=3    |               | add_103_I4           |
| r17389   | DW01_inc     | width=3    |               | add_100_I5           |
| r17391   | DW01_inc     | width=3    |               | add_103_I5           |
| r17443   | DW01_inc     | width=3    |               | add_100_I6           |
| r17445   | DW01_inc     | width=3    |               | add_103_I6           |
| r17497   | DW01_inc     | width=3    |               | add_100_I7           |
| r17499   | DW01_inc     | width=3    |               | add_103_I7           |
| r17551   | DW01_inc     | width=3    |               | add_100_I8           |
| r17553   | DW01_inc     | width=3    |               | add_103_I8           |
| r17605   | DW01_inc     | width=3    |               | add_100_I9           |
| r17607   | DW01_inc     | width=3    |               | add_103_I9           |
| r17659   | DW01_inc     | width=3    |               | add_100_I10          |
| r17661   | DW01_inc     | width=3    |               | add_103_I10          |
| r17713   | DW01_inc     | width=3    |               | add_100_I11          |
| r17715   | DW01_inc     | width=3    |               | add_103_I11          |
| r17767   | DW01_inc     | width=3    |               | add_100_I12          |
| r17769   | DW01_inc     | width=3    |               | add_103_I12          |
| r17821   | DW01_inc     | width=3    |               | add_100_I13          |
| r17823   | DW01_inc     | width=3    |               | add_103_I13          |
| r17877   | DW01_inc     | width=3    |               | add_103_I14          |
| r17881   | DW_rightsh   | A_width=32 |               | srl_116              |
|          |              | SH_width=32 |              |                      |
| r17885   | DW_rightsh   | A_width=32 |               | srl_116_I2_I1        |
|          |              | SH_width=32 |              |                      |
| r17889   | DW01_add     | width=2    |               | add_3_root_add_117_I5_I1_aco |
| r17891   | DW_rightsh   | A_width=32 |               | srl_116_I3_I1        |
|          |              | SH_width=32 |              |                      |
| r17895   | DW_rightsh   | A_width=32 |               | srl_116_I4_I1        |
|          |              | SH_width=32 |              |                      |
| r17899   | DW_rightsh   | A_width=32 |               | srl_116_I5_I1        |
|          |              | SH_width=32 |              |                      |
| r17903   | DW01_add     | width=3    |               | add_2_root_add_117_I5_I1_aco |
| r17907   | DW_rightsh   | A_width=32 |               | srl_123              |
|          |              | SH_width=32 |              |                      |
| r17911   | DW_rightsh   | A_width=32 |               | srl_123_I2_I1        |
|          |              | SH_width=32 |              |                      |
| r17915   | DW_rightsh   | A_width=32 |               | srl_123_I3_I1        |
|          |              | SH_width=32 |              |                      |
| r17919   | DW_rightsh   | A_width=32 |               | srl_123_I4_I1        |
|          |              | SH_width=32 |              |                      |
| r17923   | DW_rightsh   | A_width=32 |               | srl_123_I5_I1        |
|          |              | SH_width=32 |              |                      |
| r17929   | DW_rightsh   | A_width=32 |               | srl_116_I2           |
|          |              | SH_width=32 |              |                      |
| r17933   | DW_rightsh   | A_width=32 |               | srl_116_I2_I2        |
|          |              | SH_width=32 |              |                      |
| r17937   | DW01_add     | width=2    |               | add_3_root_add_117_I5_I2_aco |
| r17939   | DW_rightsh   | A_width=32 |               | srl_116_I3_I2        |
|          |              | SH_width=32 |              |                      |
| r17943   | DW_rightsh   | A_width=32 |               | srl_116_I4_I2        |
|          |              | SH_width=32 |              |                      |
| r17947   | DW_rightsh   | A_width=32 |               | srl_116_I5_I2        |
|          |              | SH_width=32 |              |                      |
| r17951   | DW01_add     | width=3    |               | add_2_root_add_117_I5_I2_aco |
| r17957   | DW_rightsh   | A_width=32 |               | srl_123_I2           |
|          |              | SH_width=32 |              |                      |
| r17961   | DW_rightsh   | A_width=32 |               | srl_123_I2_I2        |
|          |              | SH_width=32 |              |                      |
| r17965   | DW_rightsh   | A_width=32 |               | srl_123_I3_I2        |
|          |              | SH_width=32 |              |                      |
| r17969   | DW_rightsh   | A_width=32 |               | srl_123_I4_I2        |
|          |              | SH_width=32 |              |                      |
| r17973   | DW_rightsh   | A_width=32 |               | srl_123_I5_I2        |
|          |              | SH_width=32 |              |                      |
| r17977   | DW01_inc     | width=3    |               | add_125_I2           |
| r17981   | DW_rightsh   | A_width=32 |               | srl_116_I3           |
|          |              | SH_width=32 |              |                      |
| r17985   | DW_rightsh   | A_width=32 |               | srl_116_I2_I3        |
|          |              | SH_width=32 |              |                      |
| r17989   | DW01_add     | width=2    |               | add_3_root_add_117_I5_I3_aco |
| r17991   | DW_rightsh   | A_width=32 |               | srl_116_I3_I3        |
|          |              | SH_width=32 |              |                      |
| r17995   | DW_rightsh   | A_width=32 |               | srl_116_I4_I3        |
|          |              | SH_width=32 |              |                      |
| r17999   | DW_rightsh   | A_width=32 |               | srl_116_I5_I3        |
|          |              | SH_width=32 |              |                      |
| r18003   | DW01_add     | width=3    |               | add_2_root_add_117_I5_I3_aco |
| r18009   | DW_rightsh   | A_width=32 |               | srl_123_I3           |
|          |              | SH_width=32 |              |                      |
| r18013   | DW_rightsh   | A_width=32 |               | srl_123_I2_I3        |
|          |              | SH_width=32 |              |                      |
| r18017   | DW_rightsh   | A_width=32 |               | srl_123_I3_I3        |
|          |              | SH_width=32 |              |                      |
| r18021   | DW_rightsh   | A_width=32 |               | srl_123_I4_I3        |
|          |              | SH_width=32 |              |                      |
| r18025   | DW_rightsh   | A_width=32 |               | srl_123_I5_I3        |
|          |              | SH_width=32 |              |                      |
| r18029   | DW01_inc     | width=4    |               | add_125_I3           |
| r18033   | DW_rightsh   | A_width=32 |               | srl_116_I4           |
|          |              | SH_width=32 |              |                      |
| r18037   | DW_rightsh   | A_width=32 |               | srl_116_I2_I4        |
|          |              | SH_width=32 |              |                      |
| r18041   | DW01_add     | width=2    |               | add_3_root_add_117_I5_I4_aco |
| r18043   | DW_rightsh   | A_width=32 |               | srl_116_I3_I4        |
|          |              | SH_width=32 |              |                      |
| r18047   | DW_rightsh   | A_width=32 |               | srl_116_I4_I4        |
|          |              | SH_width=32 |              |                      |
| r18051   | DW_rightsh   | A_width=32 |               | srl_116_I5_I4        |
|          |              | SH_width=32 |              |                      |
| r18055   | DW01_add     | width=3    |               | add_2_root_add_117_I5_I4_aco |
| r18061   | DW_rightsh   | A_width=32 |               | srl_123_I4           |
|          |              | SH_width=32 |              |                      |
| r18065   | DW_rightsh   | A_width=32 |               | srl_123_I2_I4        |
|          |              | SH_width=32 |              |                      |
| r18069   | DW_rightsh   | A_width=32 |               | srl_123_I3_I4        |
|          |              | SH_width=32 |              |                      |
| r18073   | DW_rightsh   | A_width=32 |               | srl_123_I4_I4        |
|          |              | SH_width=32 |              |                      |
| r18077   | DW_rightsh   | A_width=32 |               | srl_123_I5_I4        |
|          |              | SH_width=32 |              |                      |
| r18081   | DW01_inc     | width=4    |               | add_125_I4           |
| r18085   | DW_rightsh   | A_width=32 |               | srl_116_I5           |
|          |              | SH_width=32 |              |                      |
| r18089   | DW_rightsh   | A_width=32 |               | srl_116_I2_I5        |
|          |              | SH_width=32 |              |                      |
| r18093   | DW01_add     | width=2    |               | add_3_root_add_117_I5_I5_aco |
| r18095   | DW_rightsh   | A_width=32 |               | srl_116_I3_I5        |
|          |              | SH_width=32 |              |                      |
| r18099   | DW_rightsh   | A_width=32 |               | srl_116_I4_I5        |
|          |              | SH_width=32 |              |                      |
| r18103   | DW_rightsh   | A_width=32 |               | srl_116_I5_I5        |
|          |              | SH_width=32 |              |                      |
| r18107   | DW01_add     | width=3    |               | add_2_root_add_117_I5_I5_aco |
| r18113   | DW_rightsh   | A_width=32 |               | srl_123_I5           |
|          |              | SH_width=32 |              |                      |
| r18117   | DW_rightsh   | A_width=32 |               | srl_123_I2_I5        |
|          |              | SH_width=32 |              |                      |
| r18121   | DW_rightsh   | A_width=32 |               | srl_123_I3_I5        |
|          |              | SH_width=32 |              |                      |
| r18125   | DW_rightsh   | A_width=32 |               | srl_123_I4_I5        |
|          |              | SH_width=32 |              |                      |
| r18129   | DW_rightsh   | A_width=32 |               | srl_123_I5_I5        |
|          |              | SH_width=32 |              |                      |
| r18133   | DW01_inc     | width=4    |               | add_125_I5           |
| r18137   | DW_rightsh   | A_width=32 |               | srl_116_I6           |
|          |              | SH_width=32 |              |                      |
| r18141   | DW_rightsh   | A_width=32 |               | srl_116_I2_I6        |
|          |              | SH_width=32 |              |                      |
| r18145   | DW01_add     | width=2    |               | add_3_root_add_117_I5_I6_aco |
| r18147   | DW_rightsh   | A_width=32 |               | srl_116_I3_I6        |
|          |              | SH_width=32 |              |                      |
| r18151   | DW_rightsh   | A_width=32 |               | srl_116_I4_I6        |
|          |              | SH_width=32 |              |                      |
| r18155   | DW_rightsh   | A_width=32 |               | srl_116_I5_I6        |
|          |              | SH_width=32 |              |                      |
| r18159   | DW01_add     | width=3    |               | add_2_root_add_117_I5_I6_aco |
| r18165   | DW_rightsh   | A_width=32 |               | srl_123_I6           |
|          |              | SH_width=32 |              |                      |
| r18169   | DW_rightsh   | A_width=32 |               | srl_123_I2_I6        |
|          |              | SH_width=32 |              |                      |
| r18173   | DW_rightsh   | A_width=32 |               | srl_123_I3_I6        |
|          |              | SH_width=32 |              |                      |
| r18177   | DW_rightsh   | A_width=32 |               | srl_123_I4_I6        |
|          |              | SH_width=32 |              |                      |
| r18181   | DW_rightsh   | A_width=32 |               | srl_123_I5_I6        |
|          |              | SH_width=32 |              |                      |
| r18185   | DW01_inc     | width=4    |               | add_125_I6           |
| r18189   | DW_rightsh   | A_width=32 |               | srl_116_I7           |
|          |              | SH_width=32 |              |                      |
| r18193   | DW_rightsh   | A_width=32 |               | srl_116_I2_I7        |
|          |              | SH_width=32 |              |                      |
| r18197   | DW01_add     | width=2    |               | add_3_root_add_117_I5_I7_aco |
| r18199   | DW_rightsh   | A_width=32 |               | srl_116_I3_I7        |
|          |              | SH_width=32 |              |                      |
| r18203   | DW_rightsh   | A_width=32 |               | srl_116_I4_I7        |
|          |              | SH_width=32 |              |                      |
| r18207   | DW_rightsh   | A_width=32 |               | srl_116_I5_I7        |
|          |              | SH_width=32 |              |                      |
| r18211   | DW01_add     | width=3    |               | add_2_root_add_117_I5_I7_aco |
| r18217   | DW_rightsh   | A_width=32 |               | srl_123_I7           |
|          |              | SH_width=32 |              |                      |
| r18221   | DW_rightsh   | A_width=32 |               | srl_123_I2_I7        |
|          |              | SH_width=32 |              |                      |
| r18225   | DW_rightsh   | A_width=32 |               | srl_123_I3_I7        |
|          |              | SH_width=32 |              |                      |
| r18229   | DW_rightsh   | A_width=32 |               | srl_123_I4_I7        |
|          |              | SH_width=32 |              |                      |
| r18233   | DW_rightsh   | A_width=32 |               | srl_123_I5_I7        |
|          |              | SH_width=32 |              |                      |
| r18237   | DW01_inc     | width=4    |               | add_125_I7           |
| r18241   | DW_rightsh   | A_width=32 |               | srl_116_I8           |
|          |              | SH_width=32 |              |                      |
| r18245   | DW_rightsh   | A_width=32 |               | srl_116_I2_I8        |
|          |              | SH_width=32 |              |                      |
| r18249   | DW01_add     | width=2    |               | add_3_root_add_117_I5_I8_aco |
| r18251   | DW_rightsh   | A_width=32 |               | srl_116_I3_I8        |
|          |              | SH_width=32 |              |                      |
| r18255   | DW_rightsh   | A_width=32 |               | srl_116_I4_I8        |
|          |              | SH_width=32 |              |                      |
| r18259   | DW_rightsh   | A_width=32 |               | srl_116_I5_I8        |
|          |              | SH_width=32 |              |                      |
| r18263   | DW01_add     | width=3    |               | add_2_root_add_117_I5_I8_aco |
| r18269   | DW_rightsh   | A_width=32 |               | srl_123_I8           |
|          |              | SH_width=32 |              |                      |
| r18273   | DW_rightsh   | A_width=32 |               | srl_123_I2_I8        |
|          |              | SH_width=32 |              |                      |
| r18277   | DW_rightsh   | A_width=32 |               | srl_123_I3_I8        |
|          |              | SH_width=32 |              |                      |
| r18281   | DW_rightsh   | A_width=32 |               | srl_123_I4_I8        |
|          |              | SH_width=32 |              |                      |
| r18285   | DW_rightsh   | A_width=32 |               | srl_123_I5_I8        |
|          |              | SH_width=32 |              |                      |
| r18289   | DW01_inc     | width=4    |               | add_125_I8           |
| r18293   | DW_rightsh   | A_width=32 |               | srl_116_I9           |
|          |              | SH_width=32 |              |                      |
| r18297   | DW_rightsh   | A_width=32 |               | srl_116_I2_I9        |
|          |              | SH_width=32 |              |                      |
| r18301   | DW01_add     | width=2    |               | add_3_root_add_117_I5_I9_aco |
| r18303   | DW_rightsh   | A_width=32 |               | srl_116_I3_I9        |
|          |              | SH_width=32 |              |                      |
| r18307   | DW_rightsh   | A_width=32 |               | srl_116_I4_I9        |
|          |              | SH_width=32 |              |                      |
| r18311   | DW_rightsh   | A_width=32 |               | srl_116_I5_I9        |
|          |              | SH_width=32 |              |                      |
| r18315   | DW01_add     | width=3    |               | add_2_root_add_117_I5_I9_aco |
| r18321   | DW_rightsh   | A_width=32 |               | srl_123_I9           |
|          |              | SH_width=32 |              |                      |
| r18325   | DW_rightsh   | A_width=32 |               | srl_123_I2_I9        |
|          |              | SH_width=32 |              |                      |
| r18329   | DW_rightsh   | A_width=32 |               | srl_123_I3_I9        |
|          |              | SH_width=32 |              |                      |
| r18333   | DW_rightsh   | A_width=32 |               | srl_123_I4_I9        |
|          |              | SH_width=32 |              |                      |
| r18337   | DW_rightsh   | A_width=32 |               | srl_123_I5_I9        |
|          |              | SH_width=32 |              |                      |
| r18341   | DW01_inc     | width=4    |               | add_125_I9           |
| r18345   | DW_rightsh   | A_width=32 |               | srl_116_I10          |
|          |              | SH_width=32 |              |                      |
| r18349   | DW_rightsh   | A_width=32 |               | srl_116_I2_I10       |
|          |              | SH_width=32 |              |                      |
| r18353   | DW01_add     | width=2    |               | add_3_root_add_117_I5_I10_aco |
| r18355   | DW_rightsh   | A_width=32 |               | srl_116_I3_I10       |
|          |              | SH_width=32 |              |                      |
| r18359   | DW_rightsh   | A_width=32 |               | srl_116_I4_I10       |
|          |              | SH_width=32 |              |                      |
| r18363   | DW_rightsh   | A_width=32 |               | srl_116_I5_I10       |
|          |              | SH_width=32 |              |                      |
| r18367   | DW01_add     | width=3    |               | add_2_root_add_117_I5_I10_aco |
| r18373   | DW_rightsh   | A_width=32 |               | srl_123_I10          |
|          |              | SH_width=32 |              |                      |
| r18377   | DW_rightsh   | A_width=32 |               | srl_123_I2_I10       |
|          |              | SH_width=32 |              |                      |
| r18381   | DW_rightsh   | A_width=32 |               | srl_123_I3_I10       |
|          |              | SH_width=32 |              |                      |
| r18385   | DW_rightsh   | A_width=32 |               | srl_123_I4_I10       |
|          |              | SH_width=32 |              |                      |
| r18389   | DW_rightsh   | A_width=32 |               | srl_123_I5_I10       |
|          |              | SH_width=32 |              |                      |
| r18393   | DW01_inc     | width=4    |               | add_125_I10          |
| r18397   | DW_rightsh   | A_width=32 |               | srl_116_I11          |
|          |              | SH_width=32 |              |                      |
| r18401   | DW_rightsh   | A_width=32 |               | srl_116_I2_I11       |
|          |              | SH_width=32 |              |                      |
| r18405   | DW01_add     | width=2    |               | add_3_root_add_117_I5_I11_aco |
| r18407   | DW_rightsh   | A_width=32 |               | srl_116_I3_I11       |
|          |              | SH_width=32 |              |                      |
| r18411   | DW_rightsh   | A_width=32 |               | srl_116_I4_I11       |
|          |              | SH_width=32 |              |                      |
| r18415   | DW_rightsh   | A_width=32 |               | srl_116_I5_I11       |
|          |              | SH_width=32 |              |                      |
| r18419   | DW01_add     | width=3    |               | add_2_root_add_117_I5_I11_aco |
| r18425   | DW_rightsh   | A_width=32 |               | srl_123_I11          |
|          |              | SH_width=32 |              |                      |
| r18429   | DW_rightsh   | A_width=32 |               | srl_123_I2_I11       |
|          |              | SH_width=32 |              |                      |
| r18433   | DW_rightsh   | A_width=32 |               | srl_123_I3_I11       |
|          |              | SH_width=32 |              |                      |
| r18437   | DW_rightsh   | A_width=32 |               | srl_123_I4_I11       |
|          |              | SH_width=32 |              |                      |
| r18441   | DW_rightsh   | A_width=32 |               | srl_123_I5_I11       |
|          |              | SH_width=32 |              |                      |
| r18445   | DW01_inc     | width=4    |               | add_125_I11          |
| r18449   | DW_rightsh   | A_width=32 |               | srl_116_I12          |
|          |              | SH_width=32 |              |                      |
| r18453   | DW_rightsh   | A_width=32 |               | srl_116_I2_I12       |
|          |              | SH_width=32 |              |                      |
| r18457   | DW01_add     | width=2    |               | add_3_root_add_117_I5_I12_aco |
| r18459   | DW_rightsh   | A_width=32 |               | srl_116_I3_I12       |
|          |              | SH_width=32 |              |                      |
| r18463   | DW_rightsh   | A_width=32 |               | srl_116_I4_I12       |
|          |              | SH_width=32 |              |                      |
| r18467   | DW_rightsh   | A_width=32 |               | srl_116_I5_I12       |
|          |              | SH_width=32 |              |                      |
| r18471   | DW01_add     | width=3    |               | add_2_root_add_117_I5_I12_aco |
| r18477   | DW_rightsh   | A_width=32 |               | srl_123_I12          |
|          |              | SH_width=32 |              |                      |
| r18481   | DW_rightsh   | A_width=32 |               | srl_123_I2_I12       |
|          |              | SH_width=32 |              |                      |
| r18485   | DW_rightsh   | A_width=32 |               | srl_123_I3_I12       |
|          |              | SH_width=32 |              |                      |
| r18489   | DW_rightsh   | A_width=32 |               | srl_123_I4_I12       |
|          |              | SH_width=32 |              |                      |
| r18493   | DW_rightsh   | A_width=32 |               | srl_123_I5_I12       |
|          |              | SH_width=32 |              |                      |
| r18497   | DW01_inc     | width=4    |               | add_125_I12          |
| r18501   | DW_rightsh   | A_width=32 |               | srl_116_I13          |
|          |              | SH_width=32 |              |                      |
| r18505   | DW_rightsh   | A_width=32 |               | srl_116_I2_I13       |
|          |              | SH_width=32 |              |                      |
| r18509   | DW01_add     | width=2    |               | add_3_root_add_117_I5_I13_aco |
| r18511   | DW_rightsh   | A_width=32 |               | srl_116_I3_I13       |
|          |              | SH_width=32 |              |                      |
| r18515   | DW_rightsh   | A_width=32 |               | srl_116_I4_I13       |
|          |              | SH_width=32 |              |                      |
| r18519   | DW_rightsh   | A_width=32 |               | srl_116_I5_I13       |
|          |              | SH_width=32 |              |                      |
| r18523   | DW01_add     | width=3    |               | add_2_root_add_117_I5_I13_aco |
| r18529   | DW_rightsh   | A_width=32 |               | srl_123_I13          |
|          |              | SH_width=32 |              |                      |
| r18533   | DW_rightsh   | A_width=32 |               | srl_123_I2_I13       |
|          |              | SH_width=32 |              |                      |
| r18537   | DW_rightsh   | A_width=32 |               | srl_123_I3_I13       |
|          |              | SH_width=32 |              |                      |
| r18541   | DW_rightsh   | A_width=32 |               | srl_123_I4_I13       |
|          |              | SH_width=32 |              |                      |
| r18545   | DW_rightsh   | A_width=32 |               | srl_123_I5_I13       |
|          |              | SH_width=32 |              |                      |
| r18549   | DW01_inc     | width=4    |               | add_125_I13          |
| r18553   | DW_rightsh   | A_width=32 |               | srl_116_I14          |
|          |              | SH_width=32 |              |                      |
| r18557   | DW_rightsh   | A_width=32 |               | srl_116_I2_I14       |
|          |              | SH_width=32 |              |                      |
| r18561   | DW01_add     | width=2    |               | add_3_root_add_117_I5_I14_aco |
| r18563   | DW_rightsh   | A_width=32 |               | srl_116_I3_I14       |
|          |              | SH_width=32 |              |                      |
| r18567   | DW_rightsh   | A_width=32 |               | srl_116_I4_I14       |
|          |              | SH_width=32 |              |                      |
| r18571   | DW_rightsh   | A_width=32 |               | srl_116_I5_I14       |
|          |              | SH_width=32 |              |                      |
| r18575   | DW01_add     | width=3    |               | add_2_root_add_117_I5_I14_aco |
| r18581   | DW_rightsh   | A_width=32 |               | srl_123_I14          |
|          |              | SH_width=32 |              |                      |
| r18585   | DW_rightsh   | A_width=32 |               | srl_123_I2_I14       |
|          |              | SH_width=32 |              |                      |
| r18589   | DW_rightsh   | A_width=32 |               | srl_123_I3_I14       |
|          |              | SH_width=32 |              |                      |
| r18593   | DW_rightsh   | A_width=32 |               | srl_123_I4_I14       |
|          |              | SH_width=32 |              |                      |
| r18597   | DW_rightsh   | A_width=32 |               | srl_123_I5_I14       |
|          |              | SH_width=32 |              |                      |
| r18601   | DW01_inc     | width=4    |               | add_125_I14          |
| r18605   | DW_rightsh   | A_width=32 |               | srl_116_I15          |
|          |              | SH_width=32 |              |                      |
| r18609   | DW_rightsh   | A_width=32 |               | srl_116_I2_I15       |
|          |              | SH_width=32 |              |                      |
| r18613   | DW01_add     | width=2    |               | add_3_root_add_117_I5_I15_aco |
| r18615   | DW_rightsh   | A_width=32 |               | srl_116_I3_I15       |
|          |              | SH_width=32 |              |                      |
| r18619   | DW_rightsh   | A_width=32 |               | srl_116_I4_I15       |
|          |              | SH_width=32 |              |                      |
| r18623   | DW_rightsh   | A_width=32 |               | srl_116_I5_I15       |
|          |              | SH_width=32 |              |                      |
| r18627   | DW01_add     | width=3    |               | add_2_root_add_117_I5_I15_aco |
| r18633   | DW_rightsh   | A_width=32 |               | srl_123_I15          |
|          |              | SH_width=32 |              |                      |
| r18637   | DW_rightsh   | A_width=32 |               | srl_123_I2_I15       |
|          |              | SH_width=32 |              |                      |
| r18641   | DW_rightsh   | A_width=32 |               | srl_123_I3_I15       |
|          |              | SH_width=32 |              |                      |
| r18645   | DW_rightsh   | A_width=32 |               | srl_123_I4_I15       |
|          |              | SH_width=32 |              |                      |
| r18649   | DW_rightsh   | A_width=32 |               | srl_123_I5_I15       |
|          |              | SH_width=32 |              |                      |
| r18653   | DW01_inc     | width=4    |               | add_125_I15          |
| r18657   | DW_rightsh   | A_width=32 |               | srl_116_I16          |
|          |              | SH_width=32 |              |                      |
| r18661   | DW_rightsh   | A_width=32 |               | srl_116_I2_I16       |
|          |              | SH_width=32 |              |                      |
| r18665   | DW01_add     | width=2    |               | add_3_root_add_117_I5_I16_aco |
| r18667   | DW_rightsh   | A_width=32 |               | srl_116_I3_I16       |
|          |              | SH_width=32 |              |                      |
| r18671   | DW_rightsh   | A_width=32 |               | srl_116_I4_I16       |
|          |              | SH_width=32 |              |                      |
| r18675   | DW_rightsh   | A_width=32 |               | srl_116_I5_I16       |
|          |              | SH_width=32 |              |                      |
| r18679   | DW01_add     | width=3    |               | add_2_root_add_117_I5_I16_aco |
| r18685   | DW_rightsh   | A_width=32 |               | srl_123_I16          |
|          |              | SH_width=32 |              |                      |
| r18689   | DW_rightsh   | A_width=32 |               | srl_123_I2_I16       |
|          |              | SH_width=32 |              |                      |
| r18693   | DW_rightsh   | A_width=32 |               | srl_123_I3_I16       |
|          |              | SH_width=32 |              |                      |
| r18697   | DW_rightsh   | A_width=32 |               | srl_123_I4_I16       |
|          |              | SH_width=32 |              |                      |
| r18701   | DW_rightsh   | A_width=32 |               | srl_123_I5_I16       |
|          |              | SH_width=32 |              |                      |
| r18705   | DW01_inc     | width=4    |               | add_125_I16          |
| r18709   | DW_rightsh   | A_width=32 |               | srl_116_I17          |
|          |              | SH_width=32 |              |                      |
| r18713   | DW_rightsh   | A_width=32 |               | srl_116_I2_I17       |
|          |              | SH_width=32 |              |                      |
| r18717   | DW01_add     | width=2    |               | add_3_root_add_117_I5_I17_aco |
| r18719   | DW_rightsh   | A_width=32 |               | srl_116_I3_I17       |
|          |              | SH_width=32 |              |                      |
| r18723   | DW_rightsh   | A_width=32 |               | srl_116_I4_I17       |
|          |              | SH_width=32 |              |                      |
| r18727   | DW_rightsh   | A_width=32 |               | srl_116_I5_I17       |
|          |              | SH_width=32 |              |                      |
| r18731   | DW01_add     | width=3    |               | add_2_root_add_117_I5_I17_aco |
| r18737   | DW_rightsh   | A_width=32 |               | srl_123_I17          |
|          |              | SH_width=32 |              |                      |
| r18741   | DW_rightsh   | A_width=32 |               | srl_123_I2_I17       |
|          |              | SH_width=32 |              |                      |
| r18745   | DW_rightsh   | A_width=32 |               | srl_123_I3_I17       |
|          |              | SH_width=32 |              |                      |
| r18749   | DW_rightsh   | A_width=32 |               | srl_123_I4_I17       |
|          |              | SH_width=32 |              |                      |
| r18753   | DW_rightsh   | A_width=32 |               | srl_123_I5_I17       |
|          |              | SH_width=32 |              |                      |
| r18757   | DW01_inc     | width=4    |               | add_125_I17          |
| r18761   | DW_rightsh   | A_width=32 |               | srl_116_I18          |
|          |              | SH_width=32 |              |                      |
| r18765   | DW_rightsh   | A_width=32 |               | srl_116_I2_I18       |
|          |              | SH_width=32 |              |                      |
| r18769   | DW01_add     | width=2    |               | add_3_root_add_117_I5_I18_aco |
| r18771   | DW_rightsh   | A_width=32 |               | srl_116_I3_I18       |
|          |              | SH_width=32 |              |                      |
| r18775   | DW_rightsh   | A_width=32 |               | srl_116_I4_I18       |
|          |              | SH_width=32 |              |                      |
| r18779   | DW_rightsh   | A_width=32 |               | srl_116_I5_I18       |
|          |              | SH_width=32 |              |                      |
| r18783   | DW01_add     | width=3    |               | add_2_root_add_117_I5_I18_aco |
| r18789   | DW_rightsh   | A_width=32 |               | srl_123_I18          |
|          |              | SH_width=32 |              |                      |
| r18793   | DW_rightsh   | A_width=32 |               | srl_123_I2_I18       |
|          |              | SH_width=32 |              |                      |
| r18797   | DW_rightsh   | A_width=32 |               | srl_123_I3_I18       |
|          |              | SH_width=32 |              |                      |
| r18801   | DW_rightsh   | A_width=32 |               | srl_123_I4_I18       |
|          |              | SH_width=32 |              |                      |
| r18805   | DW_rightsh   | A_width=32 |               | srl_123_I5_I18       |
|          |              | SH_width=32 |              |                      |
| r18809   | DW01_inc     | width=4    |               | add_125_I18          |
| r18813   | DW_rightsh   | A_width=32 |               | srl_116_I19          |
|          |              | SH_width=32 |              |                      |
| r18817   | DW_rightsh   | A_width=32 |               | srl_116_I2_I19       |
|          |              | SH_width=32 |              |                      |
| r18821   | DW01_add     | width=2    |               | add_3_root_add_117_I5_I19_aco |
| r18823   | DW_rightsh   | A_width=32 |               | srl_116_I3_I19       |
|          |              | SH_width=32 |              |                      |
| r18827   | DW_rightsh   | A_width=32 |               | srl_116_I4_I19       |
|          |              | SH_width=32 |              |                      |
| r18831   | DW_rightsh   | A_width=32 |               | srl_116_I5_I19       |
|          |              | SH_width=32 |              |                      |
| r18835   | DW01_add     | width=3    |               | add_2_root_add_117_I5_I19_aco |
| r18841   | DW_rightsh   | A_width=32 |               | srl_123_I19          |
|          |              | SH_width=32 |              |                      |
| r18845   | DW_rightsh   | A_width=32 |               | srl_123_I2_I19       |
|          |              | SH_width=32 |              |                      |
| r18849   | DW_rightsh   | A_width=32 |               | srl_123_I3_I19       |
|          |              | SH_width=32 |              |                      |
| r18853   | DW_rightsh   | A_width=32 |               | srl_123_I4_I19       |
|          |              | SH_width=32 |              |                      |
| r18857   | DW_rightsh   | A_width=32 |               | srl_123_I5_I19       |
|          |              | SH_width=32 |              |                      |
| r18861   | DW01_inc     | width=4    |               | add_125_I19          |
| r18865   | DW_rightsh   | A_width=32 |               | srl_116_I20          |
|          |              | SH_width=32 |              |                      |
| r18869   | DW_rightsh   | A_width=32 |               | srl_116_I2_I20       |
|          |              | SH_width=32 |              |                      |
| r18873   | DW01_add     | width=2    |               | add_3_root_add_117_I5_I20_aco |
| r18875   | DW_rightsh   | A_width=32 |               | srl_116_I3_I20       |
|          |              | SH_width=32 |              |                      |
| r18879   | DW_rightsh   | A_width=32 |               | srl_116_I4_I20       |
|          |              | SH_width=32 |              |                      |
| r18883   | DW_rightsh   | A_width=32 |               | srl_116_I5_I20       |
|          |              | SH_width=32 |              |                      |
| r18887   | DW01_add     | width=3    |               | add_2_root_add_117_I5_I20_aco |
| r18893   | DW_rightsh   | A_width=32 |               | srl_123_I20          |
|          |              | SH_width=32 |              |                      |
| r18897   | DW_rightsh   | A_width=32 |               | srl_123_I2_I20       |
|          |              | SH_width=32 |              |                      |
| r18901   | DW_rightsh   | A_width=32 |               | srl_123_I3_I20       |
|          |              | SH_width=32 |              |                      |
| r18905   | DW_rightsh   | A_width=32 |               | srl_123_I4_I20       |
|          |              | SH_width=32 |              |                      |
| r18909   | DW_rightsh   | A_width=32 |               | srl_123_I5_I20       |
|          |              | SH_width=32 |              |                      |
| r18913   | DW01_inc     | width=4    |               | add_125_I20          |
| r18917   | DW_rightsh   | A_width=32 |               | srl_116_I21          |
|          |              | SH_width=32 |              |                      |
| r18921   | DW_rightsh   | A_width=32 |               | srl_116_I2_I21       |
|          |              | SH_width=32 |              |                      |
| r18925   | DW01_add     | width=2    |               | add_3_root_add_117_I5_I21_aco |
| r18927   | DW_rightsh   | A_width=32 |               | srl_116_I3_I21       |
|          |              | SH_width=32 |              |                      |
| r18931   | DW_rightsh   | A_width=32 |               | srl_116_I4_I21       |
|          |              | SH_width=32 |              |                      |
| r18935   | DW_rightsh   | A_width=32 |               | srl_116_I5_I21       |
|          |              | SH_width=32 |              |                      |
| r18939   | DW01_add     | width=3    |               | add_2_root_add_117_I5_I21_aco |
| r18945   | DW_rightsh   | A_width=32 |               | srl_123_I21          |
|          |              | SH_width=32 |              |                      |
| r18949   | DW_rightsh   | A_width=32 |               | srl_123_I2_I21       |
|          |              | SH_width=32 |              |                      |
| r18953   | DW_rightsh   | A_width=32 |               | srl_123_I3_I21       |
|          |              | SH_width=32 |              |                      |
| r18957   | DW_rightsh   | A_width=32 |               | srl_123_I4_I21       |
|          |              | SH_width=32 |              |                      |
| r18961   | DW_rightsh   | A_width=32 |               | srl_123_I5_I21       |
|          |              | SH_width=32 |              |                      |
| r18965   | DW01_inc     | width=4    |               | add_125_I21          |
| r18969   | DW_rightsh   | A_width=32 |               | srl_116_I22          |
|          |              | SH_width=32 |              |                      |
| r18973   | DW_rightsh   | A_width=32 |               | srl_116_I2_I22       |
|          |              | SH_width=32 |              |                      |
| r18977   | DW01_add     | width=2    |               | add_3_root_add_117_I5_I22_aco |
| r18983   | DW_rightsh   | A_width=32 |               | srl_116_I4_I22       |
|          |              | SH_width=32 |              |                      |
| r18987   | DW_rightsh   | A_width=32 |               | srl_116_I5_I22       |
|          |              | SH_width=32 |              |                      |
| r18991   | DW01_add     | width=3    |               | add_2_root_add_117_I5_I22_aco |
| r18997   | DW_rightsh   | A_width=32 |               | srl_123_I22          |
|          |              | SH_width=32 |              |                      |
| r19001   | DW_rightsh   | A_width=32 |               | srl_123_I2_I22       |
|          |              | SH_width=32 |              |                      |
| r19005   | DW_rightsh   | A_width=32 |               | srl_123_I3_I22       |
|          |              | SH_width=32 |              |                      |
| r19009   | DW_rightsh   | A_width=32 |               | srl_123_I4_I22       |
|          |              | SH_width=32 |              |                      |
| r19013   | DW_rightsh   | A_width=32 |               | srl_123_I5_I22       |
|          |              | SH_width=32 |              |                      |
| r19017   | DW01_inc     | width=4    |               | add_125_I22          |
| r19021   | DW_rightsh   | A_width=32 |               | srl_116_I23          |
|          |              | SH_width=32 |              |                      |
| r19025   | DW_rightsh   | A_width=32 |               | srl_116_I2_I23       |
|          |              | SH_width=32 |              |                      |
| r19029   | DW01_add     | width=2    |               | add_3_root_add_117_I5_I23_aco |
| r19031   | DW_rightsh   | A_width=32 |               | srl_116_I3_I23       |
|          |              | SH_width=32 |              |                      |
| r19035   | DW_rightsh   | A_width=32 |               | srl_116_I4_I23       |
|          |              | SH_width=32 |              |                      |
| r19039   | DW_rightsh   | A_width=32 |               | srl_116_I5_I23       |
|          |              | SH_width=32 |              |                      |
| r19043   | DW01_add     | width=3    |               | add_2_root_add_117_I5_I23_aco |
| r19049   | DW_rightsh   | A_width=32 |               | srl_123_I23          |
|          |              | SH_width=32 |              |                      |
| r19053   | DW_rightsh   | A_width=32 |               | srl_123_I2_I23       |
|          |              | SH_width=32 |              |                      |
| r19057   | DW_rightsh   | A_width=32 |               | srl_123_I3_I23       |
|          |              | SH_width=32 |              |                      |
| r19061   | DW_rightsh   | A_width=32 |               | srl_123_I4_I23       |
|          |              | SH_width=32 |              |                      |
| r19065   | DW_rightsh   | A_width=32 |               | srl_123_I5_I23       |
|          |              | SH_width=32 |              |                      |
| r19069   | DW01_inc     | width=4    |               | add_125_I23          |
| r19073   | DW_rightsh   | A_width=32 |               | srl_116_I24          |
|          |              | SH_width=32 |              |                      |
| r19077   | DW_rightsh   | A_width=32 |               | srl_116_I2_I24       |
|          |              | SH_width=32 |              |                      |
| r19081   | DW01_add     | width=2    |               | add_3_root_add_117_I5_I24_aco |
| r19083   | DW_rightsh   | A_width=32 |               | srl_116_I3_I24       |
|          |              | SH_width=32 |              |                      |
| r19087   | DW_rightsh   | A_width=32 |               | srl_116_I4_I24       |
|          |              | SH_width=32 |              |                      |
| r19091   | DW_rightsh   | A_width=32 |               | srl_116_I5_I24       |
|          |              | SH_width=32 |              |                      |
| r19095   | DW01_add     | width=3    |               | add_2_root_add_117_I5_I24_aco |
| r19101   | DW_rightsh   | A_width=32 |               | srl_123_I24          |
|          |              | SH_width=32 |              |                      |
| r19105   | DW_rightsh   | A_width=32 |               | srl_123_I2_I24       |
|          |              | SH_width=32 |              |                      |
| r19109   | DW_rightsh   | A_width=32 |               | srl_123_I3_I24       |
|          |              | SH_width=32 |              |                      |
| r19113   | DW_rightsh   | A_width=32 |               | srl_123_I4_I24       |
|          |              | SH_width=32 |              |                      |
| r19117   | DW_rightsh   | A_width=32 |               | srl_123_I5_I24       |
|          |              | SH_width=32 |              |                      |
| r19121   | DW01_inc     | width=4    |               | add_125_I24          |
| r19125   | DW_rightsh   | A_width=32 |               | srl_116_I25          |
|          |              | SH_width=32 |              |                      |
| r19129   | DW_rightsh   | A_width=32 |               | srl_116_I2_I25       |
|          |              | SH_width=32 |              |                      |
| r19133   | DW01_add     | width=2    |               | add_3_root_add_117_I5_I25_aco |
| r19135   | DW_rightsh   | A_width=32 |               | srl_116_I3_I25       |
|          |              | SH_width=32 |              |                      |
| r19139   | DW_rightsh   | A_width=32 |               | srl_116_I4_I25       |
|          |              | SH_width=32 |              |                      |
| r19143   | DW_rightsh   | A_width=32 |               | srl_116_I5_I25       |
|          |              | SH_width=32 |              |                      |
| r19147   | DW01_add     | width=3    |               | add_2_root_add_117_I5_I25_aco |
| r19153   | DW_rightsh   | A_width=32 |               | srl_123_I25          |
|          |              | SH_width=32 |              |                      |
| r19157   | DW_rightsh   | A_width=32 |               | srl_123_I2_I25       |
|          |              | SH_width=32 |              |                      |
| r19161   | DW_rightsh   | A_width=32 |               | srl_123_I3_I25       |
|          |              | SH_width=32 |              |                      |
| r19165   | DW_rightsh   | A_width=32 |               | srl_123_I4_I25       |
|          |              | SH_width=32 |              |                      |
| r19169   | DW_rightsh   | A_width=32 |               | srl_123_I5_I25       |
|          |              | SH_width=32 |              |                      |
| r19173   | DW01_inc     | width=4    |               | add_125_I25          |
| r19177   | DW_rightsh   | A_width=32 |               | srl_116_I26          |
|          |              | SH_width=32 |              |                      |
| r19181   | DW_rightsh   | A_width=32 |               | srl_116_I2_I26       |
|          |              | SH_width=32 |              |                      |
| r19185   | DW01_add     | width=2    |               | add_3_root_add_117_I5_I26_aco |
| r19187   | DW_rightsh   | A_width=32 |               | srl_116_I3_I26       |
|          |              | SH_width=32 |              |                      |
| r19191   | DW_rightsh   | A_width=32 |               | srl_116_I4_I26       |
|          |              | SH_width=32 |              |                      |
| r19195   | DW_rightsh   | A_width=32 |               | srl_116_I5_I26       |
|          |              | SH_width=32 |              |                      |
| r19199   | DW01_add     | width=3    |               | add_2_root_add_117_I5_I26_aco |
| r19205   | DW_rightsh   | A_width=32 |               | srl_123_I26          |
|          |              | SH_width=32 |              |                      |
| r19209   | DW_rightsh   | A_width=32 |               | srl_123_I2_I26       |
|          |              | SH_width=32 |              |                      |
| r19213   | DW_rightsh   | A_width=32 |               | srl_123_I3_I26       |
|          |              | SH_width=32 |              |                      |
| r19217   | DW_rightsh   | A_width=32 |               | srl_123_I4_I26       |
|          |              | SH_width=32 |              |                      |
| r19221   | DW_rightsh   | A_width=32 |               | srl_123_I5_I26       |
|          |              | SH_width=32 |              |                      |
| r19225   | DW01_inc     | width=4    |               | add_125_I26          |
| r19229   | DW_rightsh   | A_width=32 |               | srl_116_I27          |
|          |              | SH_width=32 |              |                      |
| r19233   | DW_rightsh   | A_width=32 |               | srl_116_I2_I27       |
|          |              | SH_width=32 |              |                      |
| r19237   | DW01_add     | width=2    |               | add_3_root_add_117_I5_I27_aco |
| r19239   | DW_rightsh   | A_width=32 |               | srl_116_I3_I27       |
|          |              | SH_width=32 |              |                      |
| r19243   | DW_rightsh   | A_width=32 |               | srl_116_I4_I27       |
|          |              | SH_width=32 |              |                      |
| r19247   | DW_rightsh   | A_width=32 |               | srl_116_I5_I27       |
|          |              | SH_width=32 |              |                      |
| r19251   | DW01_add     | width=3    |               | add_2_root_add_117_I5_I27_aco |
| r19257   | DW_rightsh   | A_width=32 |               | srl_123_I27          |
|          |              | SH_width=32 |              |                      |
| r19261   | DW_rightsh   | A_width=32 |               | srl_123_I2_I27       |
|          |              | SH_width=32 |              |                      |
| r19265   | DW_rightsh   | A_width=32 |               | srl_123_I3_I27       |
|          |              | SH_width=32 |              |                      |
| r19269   | DW_rightsh   | A_width=32 |               | srl_123_I4_I27       |
|          |              | SH_width=32 |              |                      |
| r19273   | DW_rightsh   | A_width=32 |               | srl_123_I5_I27       |
|          |              | SH_width=32 |              |                      |
| r19277   | DW01_inc     | width=4    |               | add_125_I27          |
| r19281   | DW_rightsh   | A_width=32 |               | srl_116_I28          |
|          |              | SH_width=32 |              |                      |
| r19285   | DW_rightsh   | A_width=32 |               | srl_116_I2_I28       |
|          |              | SH_width=32 |              |                      |
| r19289   | DW01_add     | width=2    |               | add_3_root_add_117_I5_I28_aco |
| r19291   | DW_rightsh   | A_width=32 |               | srl_116_I3_I28       |
|          |              | SH_width=32 |              |                      |
| r19295   | DW_rightsh   | A_width=32 |               | srl_116_I4_I28       |
|          |              | SH_width=32 |              |                      |
| r19299   | DW_rightsh   | A_width=32 |               | srl_116_I5_I28       |
|          |              | SH_width=32 |              |                      |
| r19303   | DW01_add     | width=3    |               | add_2_root_add_117_I5_I28_aco |
| r19309   | DW_rightsh   | A_width=32 |               | srl_123_I28          |
|          |              | SH_width=32 |              |                      |
| r19313   | DW_rightsh   | A_width=32 |               | srl_123_I2_I28       |
|          |              | SH_width=32 |              |                      |
| r19317   | DW_rightsh   | A_width=32 |               | srl_123_I3_I28       |
|          |              | SH_width=32 |              |                      |
| r19321   | DW_rightsh   | A_width=32 |               | srl_123_I4_I28       |
|          |              | SH_width=32 |              |                      |
| r19325   | DW_rightsh   | A_width=32 |               | srl_123_I5_I28       |
|          |              | SH_width=32 |              |                      |
| r19329   | DW01_inc     | width=4    |               | add_125_I28          |
| r19333   | DW_rightsh   | A_width=32 |               | srl_116_I29          |
|          |              | SH_width=32 |              |                      |
| r19337   | DW_rightsh   | A_width=32 |               | srl_116_I2_I29       |
|          |              | SH_width=32 |              |                      |
| r19341   | DW01_add     | width=2    |               | add_3_root_add_117_I5_I29_aco |
| r19343   | DW_rightsh   | A_width=32 |               | srl_116_I3_I29       |
|          |              | SH_width=32 |              |                      |
| r19347   | DW_rightsh   | A_width=32 |               | srl_116_I4_I29       |
|          |              | SH_width=32 |              |                      |
| r19351   | DW_rightsh   | A_width=32 |               | srl_116_I5_I29       |
|          |              | SH_width=32 |              |                      |
| r19355   | DW01_add     | width=3    |               | add_2_root_add_117_I5_I29_aco |
| r19361   | DW_rightsh   | A_width=32 |               | srl_123_I29          |
|          |              | SH_width=32 |              |                      |
| r19365   | DW_rightsh   | A_width=32 |               | srl_123_I2_I29       |
|          |              | SH_width=32 |              |                      |
| r19369   | DW_rightsh   | A_width=32 |               | srl_123_I3_I29       |
|          |              | SH_width=32 |              |                      |
| r19373   | DW_rightsh   | A_width=32 |               | srl_123_I4_I29       |
|          |              | SH_width=32 |              |                      |
| r19377   | DW_rightsh   | A_width=32 |               | srl_123_I5_I29       |
|          |              | SH_width=32 |              |                      |
| r19381   | DW01_inc     | width=4    |               | add_125_I29          |
| r19385   | DW_rightsh   | A_width=32 |               | srl_116_I30          |
|          |              | SH_width=32 |              |                      |
| r19389   | DW_rightsh   | A_width=32 |               | srl_116_I2_I30       |
|          |              | SH_width=32 |              |                      |
| r19393   | DW01_add     | width=2    |               | add_3_root_add_117_I5_I30_aco |
| r19395   | DW_rightsh   | A_width=32 |               | srl_116_I3_I30       |
|          |              | SH_width=32 |              |                      |
| r19399   | DW_rightsh   | A_width=32 |               | srl_116_I4_I30       |
|          |              | SH_width=32 |              |                      |
| r19403   | DW_rightsh   | A_width=32 |               | srl_116_I5_I30       |
|          |              | SH_width=32 |              |                      |
| r19407   | DW01_add     | width=3    |               | add_2_root_add_117_I5_I30_aco |
| r19413   | DW_rightsh   | A_width=32 |               | srl_123_I30          |
|          |              | SH_width=32 |              |                      |
| r19417   | DW_rightsh   | A_width=32 |               | srl_123_I2_I30       |
|          |              | SH_width=32 |              |                      |
| r19421   | DW_rightsh   | A_width=32 |               | srl_123_I3_I30       |
|          |              | SH_width=32 |              |                      |
| r19425   | DW_rightsh   | A_width=32 |               | srl_123_I4_I30       |
|          |              | SH_width=32 |              |                      |
| r19429   | DW_rightsh   | A_width=32 |               | srl_123_I5_I30       |
|          |              | SH_width=32 |              |                      |
| r19433   | DW01_inc     | width=4    |               | add_125_I30          |
| r19437   | DW_rightsh   | A_width=32 |               | srl_116_I31          |
|          |              | SH_width=32 |              |                      |
| r19441   | DW_rightsh   | A_width=32 |               | srl_116_I2_I31       |
|          |              | SH_width=32 |              |                      |
| r19445   | DW01_add     | width=2    |               | add_3_root_add_117_I5_I31_aco |
| r19447   | DW_rightsh   | A_width=32 |               | srl_116_I3_I31       |
|          |              | SH_width=32 |              |                      |
| r19451   | DW_rightsh   | A_width=32 |               | srl_116_I4_I31       |
|          |              | SH_width=32 |              |                      |
| r19455   | DW_rightsh   | A_width=32 |               | srl_116_I5_I31       |
|          |              | SH_width=32 |              |                      |
| r19459   | DW01_add     | width=3    |               | add_2_root_add_117_I5_I31_aco |
| r19465   | DW_rightsh   | A_width=32 |               | srl_123_I31          |
|          |              | SH_width=32 |              |                      |
| r19469   | DW_rightsh   | A_width=32 |               | srl_123_I2_I31       |
|          |              | SH_width=32 |              |                      |
| r19473   | DW_rightsh   | A_width=32 |               | srl_123_I3_I31       |
|          |              | SH_width=32 |              |                      |
| r19477   | DW_rightsh   | A_width=32 |               | srl_123_I4_I31       |
|          |              | SH_width=32 |              |                      |
| r19481   | DW_rightsh   | A_width=32 |               | srl_123_I5_I31       |
|          |              | SH_width=32 |              |                      |
| r19485   | DW01_inc     | width=4    |               | add_125_I31          |
| r19489   | DW_rightsh   | A_width=32 |               | srl_116_I32          |
|          |              | SH_width=32 |              |                      |
| r19493   | DW_rightsh   | A_width=32 |               | srl_116_I2_I32       |
|          |              | SH_width=32 |              |                      |
| r19497   | DW01_add     | width=2    |               | add_3_root_add_117_I5_I32_aco |
| r19499   | DW_rightsh   | A_width=32 |               | srl_116_I3_I32       |
|          |              | SH_width=32 |              |                      |
| r19503   | DW_rightsh   | A_width=32 |               | srl_116_I4_I32       |
|          |              | SH_width=32 |              |                      |
| r19507   | DW_rightsh   | A_width=32 |               | srl_116_I5_I32       |
|          |              | SH_width=32 |              |                      |
| r19511   | DW01_add     | width=3    |               | add_2_root_add_117_I5_I32_aco |
| r19517   | DW_rightsh   | A_width=32 |               | srl_123_I32          |
|          |              | SH_width=32 |              |                      |
| r19521   | DW_rightsh   | A_width=32 |               | srl_123_I2_I32       |
|          |              | SH_width=32 |              |                      |
| r19525   | DW_rightsh   | A_width=32 |               | srl_123_I3_I32       |
|          |              | SH_width=32 |              |                      |
| r19529   | DW_rightsh   | A_width=32 |               | srl_123_I4_I32       |
|          |              | SH_width=32 |              |                      |
| r19533   | DW_rightsh   | A_width=32 |               | srl_123_I5_I32       |
|          |              | SH_width=32 |              |                      |
| r19557   | DW01_cmp6    | width=2    |               | ne_116_I3_I16        |
| r19558   | DW01_cmp6    | width=2    |               | ne_116_I3_I7         |
| r19559   | DW01_cmp6    | width=2    |               | ne_116_I4_I13        |
| r19560   | DW01_cmp6    | width=2    |               | ne_116_I3_I32        |
| r19561   | DW01_cmp6    | width=2    |               | ne_116_I4_I17        |
| r19562   | DW01_cmp6    | width=2    |               | ne_116_I3_I21        |
| r19563   | DW01_cmp6    | width=2    |               | ne_116_I3_I5         |
| r19564   | DW01_cmp6    | width=2    |               | ne_116_I3_I25        |
| r19565   | DW01_cmp6    | width=2    |               | ne_116_I4_I23        |
| r19566   | DW01_cmp6    | width=2    |               | ne_116_I3_I8         |
| r19567   | DW01_cmp2    | width=3    |               | lt_135_I4            |
| r19568   | DW01_cmp6    | width=2    |               | ne_116_I4_I26        |
| r19569   | DW01_cmp6    | width=2    |               | ne_116_I4_I29        |
| r19570   | DW01_cmp6    | width=2    |               | ne_116_I4_I21        |
| r19571   | DW01_cmp6    | width=2    |               | ne_116_I4_I6         |
| r19572   | DW01_cmp6    | width=2    |               | ne_116_I3_I31        |
| r19573   | DW01_cmp6    | width=2    |               | ne_116_I4_I20        |
| r19574   | DW01_cmp6    | width=2    |               | ne_116_I4_I12        |
| r19575   | DW01_cmp6    | width=2    |               | ne_116_I4_I31        |
| r19576   | DW01_cmp6    | width=2    |               | ne_116_I4_I19        |
| r19577   | DW01_cmp6    | width=2    |               | ne_116_I3_I1         |
| r19578   | DW01_cmp6    | width=2    |               | ne_116_I3_I4         |
| r19579   | DW01_cmp2    | width=3    |               | lt_135               |
| r19580   | DW01_cmp6    | width=2    |               | ne_116_I4_I16        |
| r19581   | DW01_cmp6    | width=2    |               | ne_116_I4_I30        |
| r19582   | DW01_cmp6    | width=2    |               | ne_116_I4_I11        |
| r19583   | DW01_cmp6    | width=2    |               | ne_116_I3_I15        |
| r19584   | DW01_cmp6    | width=2    |               | ne_116_I3_I24        |
| r19585   | DW01_cmp6    | width=2    |               | ne_116_I4_I8         |
| r19586   | DW01_cmp6    | width=2    |               | ne_116_I4_I28        |
| r19587   | DW01_cmp6    | width=2    |               | ne_116_I4_I15        |
| r19588   | DW01_cmp6    | width=2    |               | ne_116_I3_I12        |
| r19589   | DW01_cmp6    | width=2    |               | ne_116_I3_I6         |
| r19590   | DW01_cmp6    | width=2    |               | ne_116_I3_I2         |
| r19591   | DW01_cmp6    | width=2    |               | ne_116_I4_I25        |
| r19592   | DW01_cmp6    | width=2    |               | ne_116_I3_I29        |
| r19593   | DW01_cmp6    | width=2    |               | ne_116_I3_I28        |
| r19594   | DW01_cmp6    | width=2    |               | ne_116_I3_I23        |
| r19595   | DW01_cmp6    | width=2    |               | ne_116_I3_I17        |
| r19596   | DW01_cmp6    | width=2    |               | ne_116_I3_I26        |
| r19597   | DW01_cmp6    | width=2    |               | ne_116_I4_I14        |
| r19598   | DW01_cmp6    | width=2    |               | ne_116_I4_I7         |
| r19599   | DW01_cmp2    | width=3    |               | lt_135_I5            |
| r19600   | DW01_cmp6    | width=2    |               | ne_116_I4_I5         |
| r19601   | DW01_cmp6    | width=2    |               | ne_116_I3_I18        |
| r19602   | DW01_cmp6    | width=2    |               | ne_116_I4_I18        |
| r19603   | DW01_cmp6    | width=2    |               | ne_116_I3_I20        |
| r19604   | DW01_cmp6    | width=2    |               | ne_116_I3_I14        |
| r19605   | DW01_cmp6    | width=2    |               | ne_116_I4_I1         |
| r19606   | DW01_cmp2    | width=3    |               | lt_135_I2            |
| r19607   | DW01_cmp6    | width=2    |               | ne_116_I4_I4         |
| r19608   | DW01_cmp6    | width=2    |               | ne_116_I3_I9         |
| r19609   | DW01_cmp6    | width=2    |               | ne_116_I4_I27        |
| r19610   | DW01_cmp6    | width=2    |               | ne_116_I3_I19        |
| r19611   | DW01_cmp6    | width=2    |               | ne_116_I4_I22        |
| r19612   | DW01_cmp6    | width=2    |               | ne_116_I3_I22        |
| r19613   | DW01_cmp6    | width=2    |               | ne_116_I4_I9         |
| r19614   | DW01_cmp6    | width=2    |               | ne_116_I3_I11        |
| r19615   | DW01_cmp6    | width=2    |               | ne_116_I3_I30        |
| r19616   | DW01_cmp6    | width=2    |               | ne_116_I3_I10        |
| r19617   | DW01_cmp6    | width=2    |               | ne_116_I4_I3         |
| r19618   | DW01_cmp6    | width=2    |               | ne_116_I4_I2         |
| r19619   | DW01_cmp6    | width=2    |               | ne_116_I3_I13        |
| r19620   | DW01_cmp2    | width=3    |               | lt_132               |
| r19621   | DW01_cmp6    | width=2    |               | ne_116_I4_I24        |
| r19622   | DW01_cmp6    | width=2    |               | ne_116_I3_I27        |
| r19623   | DW01_cmp6    | width=2    |               | ne_116_I4_I10        |
| r19624   | DW01_cmp6    | width=2    |               | ne_116_I3_I3         |
| r19625   | DW01_cmp6    | width=2    |               | ne_123_I4_I8         |
| r19626   | DW01_cmp6    | width=2    |               | ne_123               |
| r19627   | DW01_cmp6    | width=2    |               | ne_123_I5_I14        |
| r19628   | DW01_cmp6    | width=2    |               | ne_123_I4_I3         |
| r19629   | DW01_cmp6    | width=2    |               | ne_123_I4_I23        |
| r19631   | DW01_cmp6    | width=2    |               | ne_123_I3_I13        |
| r19632   | DW01_cmp6    | width=2    |               | ne_123_I4_I32        |
| r19633   | DW01_cmp6    | width=2    |               | ne_123_I3_I11        |
| r19634   | DW01_cmp6    | width=2    |               | ne_123_I8            |
| r19636   | DW01_cmp6    | width=2    |               | ne_123_I3_I32        |
| r19637   | DW01_cmp6    | width=2    |               | ne_123_I22           |
| r19638   | DW01_cmp6    | width=2    |               | ne_123_I5_I12        |
| r19639   | DW01_cmp6    | width=2    |               | ne_123_I2_I31        |
| r19640   | DW01_cmp2    | width=3    |               | lt_132_I2            |
| r19642   | DW01_cmp6    | width=2    |               | ne_123_I5_I11        |
| r19643   | DW01_cmp6    | width=2    |               | ne_123_I5_I1         |
| r19644   | DW01_cmp6    | width=2    |               | ne_123_I5_I32        |
| r19645   | DW01_cmp6    | width=2    |               | ne_123_I3_I28        |
| r19646   | DW01_cmp6    | width=2    |               | ne_123_I4_I2         |
| r19648   | DW01_cmp6    | width=2    |               | ne_123_I20           |
| r19649   | DW01_cmp6    | width=2    |               | ne_123_I7            |
| r19650   | DW01_cmp6    | width=2    |               | ne_123_I4_I31        |
| r19651   | DW01_cmp6    | width=2    |               | ne_123_I4_I28        |
| r19653   | DW01_cmp6    | width=2    |               | ne_123_I5_I16        |
| r19654   | DW01_cmp6    | width=2    |               | ne_123_I5_I10        |
| r19656   | DW01_cmp6    | width=2    |               | ne_123_I4_I5         |
| r19658   | DW01_cmp6    | width=2    |               | ne_123_I5_I20        |
| r19660   | DW01_cmp6    | width=2    |               | ne_123_I26           |
| r19662   | DW01_cmp6    | width=2    |               | ne_123_I21           |
| r19664   | DW01_cmp6    | width=2    |               | ne_123_I3_I12        |
| r19666   | DW01_cmp6    | width=2    |               | ne_123_I5_I19        |
| r19667   | DW01_cmp6    | width=2    |               | ne_123_I2_I12        |
| r19668   | DW01_cmp6    | width=2    |               | ne_123_I3_I31        |
| r19669   | DW01_cmp6    | width=2    |               | ne_123_I4_I6         |
| r19670   | DW01_cmp6    | width=2    |               | ne_123_I2_I8         |
| r19671   | DW01_cmp6    | width=2    |               | ne_123_I3_I8         |
| r19672   | DW01_cmp6    | width=2    |               | ne_123_I2_I2         |
| r19673   | DW01_cmp6    | width=2    |               | ne_123_I2_I32        |
| r19674   | DW01_cmp6    | width=2    |               | ne_123_I11           |
| r19675   | DW01_cmp6    | width=2    |               | ne_123_I2_I10        |
| r19676   | DW01_cmp2    | width=3    |               | lt_132_I5            |
| r19678   | DW01_cmp6    | width=2    |               | ne_123_I3            |
| r19679   | DW01_cmp6    | width=2    |               | ne_123_I3_I29        |
| r19680   | DW01_cmp6    | width=2    |               | ne_123_I4_I4         |
| r19681   | DW01_cmp6    | width=2    |               | ne_123_I5_I8         |
| r19683   | DW01_cmp6    | width=2    |               | ne_123_I4_I1         |
| r19684   | DW01_cmp6    | width=2    |               | ne_123_I5_I30        |
| r19685   | DW01_cmp6    | width=2    |               | ne_123_I4_I29        |
| r19686   | DW01_cmp6    | width=2    |               | ne_123_I28           |
| r19687   | DW01_cmp6    | width=2    |               | ne_123_I2_I25        |
| r19688   | DW01_cmp6    | width=2    |               | ne_123_I4_I9         |
| r19690   | DW01_cmp6    | width=2    |               | ne_123_I17           |
| r19691   | DW01_cmp6    | width=2    |               | ne_123_I3_I19        |
| r19692   | DW01_cmp6    | width=2    |               | ne_123_I24           |
| r19694   | DW01_cmp6    | width=2    |               | ne_123_I2_I29        |
| r19696   | DW01_cmp6    | width=2    |               | ne_123_I3_I23        |
| r19697   | DW01_cmp6    | width=2    |               | ne_123_I4_I30        |
| r19699   | DW01_cmp6    | width=2    |               | ne_123_I3_I25        |
| r19700   | DW01_cmp6    | width=2    |               | ne_123_I2_I22        |
| r19701   | DW01_cmp6    | width=2    |               | ne_123_I3_I18        |
| r19703   | DW01_cmp6    | width=2    |               | ne_123_I5_I6         |
| r19704   | DW01_cmp6    | width=2    |               | ne_123_I9            |
| r19705   | DW01_cmp6    | width=2    |               | ne_123_I31           |
| r19706   | DW01_cmp6    | width=2    |               | ne_123_I3_I22        |
| r19707   | DW01_cmp6    | width=2    |               | ne_123_I5            |
| r19708   | DW01_cmp6    | width=2    |               | ne_123_I4_I13        |
| r19709   | DW01_cmp6    | width=2    |               | ne_123_I2_I28        |
| r19711   | DW01_cmp6    | width=2    |               | ne_123_I2_I15        |
| r19712   | DW01_cmp6    | width=2    |               | ne_123_I4_I21        |
| r19714   | DW01_cmp6    | width=2    |               | ne_123_I5_I18        |
| r19715   | DW01_cmp2    | width=3    |               | lt_132_I3            |
| r19717   | DW01_cmp6    | width=2    |               | ne_123_I5_I7         |
| r19719   | DW01_cmp6    | width=2    |               | ne_123_I2_I21        |
| r19721   | DW01_cmp6    | width=2    |               | ne_123_I3_I9         |
| r19722   | DW01_cmp6    | width=2    |               | ne_123_I4_I27        |
| r19723   | DW01_cmp6    | width=2    |               | ne_123_I2_I3         |
| r19724   | DW01_cmp6    | width=2    |               | ne_123_I2_I13        |
| r19725   | DW01_cmp6    | width=2    |               | ne_123_I4_I7         |
| r19726   | DW01_cmp6    | width=2    |               | ne_123_I4            |
| r19727   | DW01_cmp6    | width=2    |               | ne_123_I3_I2         |
| r19728   | DW01_cmp6    | width=2    |               | ne_123_I4_I26        |
| r19730   | DW01_cmp6    | width=2    |               | ne_123_I14           |
| r19731   | DW01_cmp6    | width=2    |               | ne_123_I2_I7         |
| r19733   | DW01_cmp6    | width=2    |               | ne_123_I5_I27        |
| r19734   | DW01_cmp6    | width=2    |               | ne_123_I5_I9         |
| r19736   | DW01_cmp6    | width=2    |               | ne_123_I5_I23        |
| r19738   | DW01_cmp6    | width=2    |               | ne_123_I2_I4         |
| r19739   | DW01_cmp6    | width=2    |               | ne_123_I4_I17        |
| r19740   | DW01_cmp6    | width=2    |               | ne_123_I27           |
| r19741   | DW01_cmp6    | width=2    |               | ne_123_I3_I20        |
| r19742   | DW01_cmp6    | width=2    |               | ne_123_I3_I1         |
| r19743   | DW01_cmp6    | width=2    |               | ne_123_I4_I11        |
| r19744   | DW01_cmp6    | width=2    |               | ne_123_I3_I10        |
| r19745   | DW01_cmp6    | width=2    |               | ne_123_I3_I14        |
| r19747   | DW01_cmp6    | width=2    |               | ne_123_I30           |
| r19749   | DW01_cmp6    | width=2    |               | ne_123_I25           |
| r19750   | DW01_cmp6    | width=2    |               | ne_123_I4_I20        |
| r19751   | DW01_cmp6    | width=2    |               | ne_123_I13           |
| r19752   | DW01_cmp6    | width=2    |               | ne_123_I3_I21        |
| r19754   | DW01_cmp6    | width=2    |               | ne_123_I2_I5         |
| r19755   | DW01_cmp6    | width=2    |               | ne_123_I3_I5         |
| r19756   | DW01_cmp6    | width=2    |               | ne_123_I5_I29        |
| r19757   | DW01_cmp6    | width=2    |               | ne_123_I3_I24        |
| r19758   | DW01_cmp6    | width=2    |               | ne_123_I4_I24        |
| r19759   | DW01_cmp6    | width=2    |               | ne_123_I2_I27        |
| r19761   | DW01_cmp6    | width=2    |               | ne_123_I2_I24        |
| r19762   | DW01_cmp6    | width=2    |               | ne_123_I3_I3         |
| r19763   | DW01_cmp6    | width=2    |               | ne_123_I2_I18        |
| r19764   | DW01_cmp6    | width=2    |               | ne_123_I3_I15        |
| r19765   | DW01_cmp6    | width=2    |               | ne_123_I6            |
| r19766   | DW01_cmp6    | width=2    |               | ne_123_I5_I3         |
| r19767   | DW01_cmp6    | width=2    |               | ne_123_I12           |
| r19769   | DW01_cmp6    | width=2    |               | ne_123_I4_I10        |
| r19770   | DW01_cmp6    | width=2    |               | ne_123_I4_I15        |
| r19771   | DW01_cmp6    | width=2    |               | ne_123_I5_I13        |
| r19772   | DW01_cmp6    | width=2    |               | ne_123_I2_I1         |
| r19773   | DW01_cmp6    | width=2    |               | ne_123_I2_I17        |
| r19774   | DW01_cmp6    | width=2    |               | ne_123_I19           |
| r19775   | DW01_cmp6    | width=2    |               | ne_123_I5_I2         |
| r19776   | DW01_cmp6    | width=2    |               | ne_123_I2_I30        |
| r19777   | DW01_cmp6    | width=2    |               | ne_123_I2_I11        |
| r19779   | DW01_cmp6    | width=2    |               | ne_123_I3_I4         |
| r19781   | DW01_cmp6    | width=2    |               | ne_123_I3_I17        |
| r19782   | DW01_cmp6    | width=2    |               | ne_123_I16           |
| r19783   | DW01_cmp6    | width=2    |               | ne_123_I5_I5         |
| r19784   | DW01_cmp6    | width=2    |               | ne_123_I2            |
| r19785   | DW01_cmp6    | width=2    |               | ne_123_I5_I31        |
| r19787   | DW01_cmp6    | width=2    |               | ne_123_I3_I26        |
| r19788   | DW01_cmp6    | width=2    |               | ne_123_I4_I19        |
| r19791   | DW01_cmp6    | width=2    |               | ne_123_I3_I7         |
| r19793   | DW01_cmp6    | width=2    |               | ne_123_I2_I9         |
| r19794   | DW01_cmp6    | width=2    |               | ne_123_I3_I16        |
| r19796   | DW01_cmp6    | width=2    |               | ne_123_I5_I4         |
| r19797   | DW01_cmp6    | width=2    |               | ne_123_I4_I16        |
| r19799   | DW01_cmp6    | width=2    |               | ne_123_I2_I26        |
| r19800   | DW01_cmp6    | width=2    |               | ne_123_I2_I20        |
| r19802   | DW01_cmp6    | width=2    |               | ne_123_I23           |
| r19803   | DW01_cmp6    | width=2    |               | ne_123_I5_I24        |
| r19805   | DW01_cmp6    | width=2    |               | ne_123_I4_I25        |
| r19806   | DW01_cmp6    | width=2    |               | ne_123_I5_I21        |
| r19807   | DW01_cmp6    | width=2    |               | ne_123_I2_I6         |
| r19808   | DW01_cmp6    | width=2    |               | ne_123_I15           |
| r19809   | DW01_cmp6    | width=2    |               | ne_123_I5_I22        |
| r19810   | DW01_cmp6    | width=2    |               | ne_123_I2_I16        |
| r19811   | DW01_cmp6    | width=2    |               | ne_123_I5_I17        |
| r19812   | DW01_cmp2    | width=3    |               | lt_132_I4            |
| r19813   | DW01_cmp6    | width=2    |               | ne_123_I2_I14        |
| r19815   | DW01_cmp6    | width=2    |               | ne_123_I5_I26        |
| r19816   | DW01_cmp6    | width=2    |               | ne_123_I29           |
| r19817   | DW01_cmp6    | width=2    |               | ne_123_I3_I6         |
| r19818   | DW01_cmp6    | width=2    |               | ne_123_I4_I12        |
| r19820   | DW01_cmp6    | width=2    |               | ne_123_I5_I28        |
| r19821   | DW01_cmp6    | width=2    |               | ne_123_I18           |
| r19822   | DW01_cmp6    | width=2    |               | ne_123_I32           |
| r19823   | DW01_cmp6    | width=2    |               | ne_123_I4_I22        |
| r19824   | DW01_cmp6    | width=2    |               | ne_123_I4_I14        |
| r19825   | DW01_cmp6    | width=2    |               | ne_123_I3_I30        |
| r19827   | DW01_cmp6    | width=2    |               | ne_123_I10           |
| r19828   | DW01_cmp6    | width=2    |               | ne_123_I5_I25        |
| r19829   | DW01_cmp6    | width=2    |               | ne_123_I2_I23        |
| r19830   | DW01_cmp6    | width=2    |               | ne_123_I3_I27        |
| r19831   | DW01_cmp6    | width=2    |               | ne_123_I4_I18        |
| r19832   | DW01_cmp6    | width=2    |               | ne_123_I5_I15        |
| r19834   | DW01_cmp6    | width=2    |               | ne_123_I2_I19        |
| r19836   | DW01_cmp2    | width=3    |               | lt_93_I2_I14         |
| r19837   | DW01_cmp6    | width=10   |               | eq_93_I14            |
| r19839   | DW01_cmp2    | width=3    |               | lt_93_I14            |
| r19841   | DW01_cmp2    | width=3    |               | lt_98_I14            |
| r19843   | DW01_cmp6    | width=10   |               | eq_93_I5_I14         |
| r19845   | DW01_cmp2    | width=3    |               | lt_93_I5_I14         |
| r19846   | DW01_cmp2    | width=3    |               | lt_93_I3_I14         |
| r19850   | DW01_cmp2    | width=3    |               | lt_93_I4_I14         |
| r19852   | DW01_cmp6    | width=10   |               | eq_93_I4_I14         |
| r19854   | DW01_cmp6    | width=10   |               | eq_93_I2_I14         |
| r19856   | DW01_cmp6    | width=10   |               | eq_93_I3_I14         |
| r19858   | DW01_cmp2    | width=3    |               | gte_105_2_I13        |
| r19859   | DW01_cmp6    | width=10   |               | eq_89_I4_I14         |
| r19861   | DW01_cmp6    | width=10   |               | eq_89_I5_I14         |
| r19862   | DW01_cmp6    | width=10   |               | eq_89_I2_I14         |
| r19863   | DW01_cmp6    | width=10   |               | eq_89_I14            |
| r19864   | DW01_cmp2    | width=3    |               | lt_101_I14           |
| r19865   | DW01_cmp6    | width=10   |               | eq_89_I3_I14         |
| r19866   | DW01_cmp2    | width=3    |               | lt_89_I3_I14         |
| r19867   | DW01_cmp2    | width=3    |               | lt_89_I5_I14         |
| r19868   | DW01_cmp2    | width=3    |               | lt_89_I14            |
| r19869   | DW01_cmp2    | width=3    |               | lt_89_I4_I14         |
| r19870   | DW01_cmp2    | width=3    |               | gte_105_I13          |
| r19871   | DW01_cmp2    | width=3    |               | lt_89_I2_I14         |
| r19872   | DW01_cmp6    | width=10   |               | eq_93_I2_I13         |
| r19873   | DW01_cmp2    | width=3    |               | lt_80_I14            |
| r19875   | DW01_cmp2    | width=3    |               | lt_93_I13            |
| r19876   | DW01_cmp6    | width=10   |               | eq_93_I5_I13         |
| r19877   | DW01_cmp6    | width=10   |               | eq_93_I4_I13         |
| r19878   | DW01_cmp2    | width=3    |               | lt_93_I4_I13         |
| r19879   | DW01_cmp6    | width=10   |               | eq_93_I3_I13         |
| r19880   | DW01_cmp2    | width=3    |               | lt_89_I4_I13         |
| r19881   | DW01_cmp2    | width=3    |               | lt_98_I13            |
| r19882   | DW01_cmp6    | width=10   |               | eq_89_I2_I13         |
| r19883   | DW01_cmp2    | width=3    |               | lt_93_I2_I13         |
| r19884   | DW01_cmp2    | width=3    |               | lt_93_I5_I13         |
| r19885   | DW01_cmp2    | width=3    |               | gte_105_2_I12        |
| r19886   | DW01_cmp6    | width=10   |               | eq_89_I5_I13         |
| r19887   | DW01_cmp6    | width=10   |               | eq_93_I13            |
| r19888   | DW01_cmp2    | width=3    |               | lt_89_I13            |
| r19889   | DW01_cmp2    | width=3    |               | lt_89_I2_I13         |
| r19890   | DW01_cmp2    | width=3    |               | lt_89_I5_I13         |
| r19891   | DW01_cmp6    | width=10   |               | eq_89_I3_I13         |
| r19892   | DW01_cmp6    | width=10   |               | eq_89_I13            |
| r19893   | DW01_cmp2    | width=3    |               | lt_89_I3_I13         |
| r19894   | DW01_cmp2    | width=3    |               | gte_105_I12          |
| r19895   | DW01_cmp6    | width=10   |               | eq_89_I4_I13         |
| r19896   | DW01_cmp2    | width=3    |               | lt_101_I13           |
| r19897   | DW01_cmp2    | width=3    |               | lt_93_I3_I13         |
| r19898   | DW01_cmp2    | width=3    |               | lt_80_I13            |
| r19899   | DW01_cmp6    | width=4    |               | eq_119_I11           |
| r19900   | DW01_cmp6    | width=4    |               | eq_119_I27           |
| r19901   | DW01_cmp6    | width=4    |               | eq_119_I22           |
| r19902   | DW01_cmp2    | width=3    |               | lt_89_I5_I12         |
| r19903   | DW01_cmp6    | width=4    |               | eq_119_I29           |
| r19904   | DW01_cmp6    | width=4    |               | eq_119_I31           |
| r19905   | DW01_cmp6    | width=4    |               | eq_119_I13           |
| r19906   | DW01_cmp6    | width=4    |               | eq_119_I32           |
| r19907   | DW01_cmp6    | width=4    |               | eq_119_I6            |
| r19908   | DW01_cmp6    | width=4    |               | eq_119_I2            |
| r19909   | DW01_cmp6    | width=4    |               | eq_119_I15           |
| r19910   | DW01_cmp6    | width=4    |               | eq_119_I9            |
| r19911   | DW01_cmp6    | width=4    |               | eq_119_I14           |
| r19912   | DW01_cmp6    | width=4    |               | eq_119_I16           |
| r19913   | DW01_cmp6    | width=4    |               | eq_119_I26           |
| r19914   | DW01_cmp6    | width=4    |               | eq_119_I12           |
| r19916   | DW01_cmp6    | width=4    |               | eq_119_I17           |
| r19917   | DW01_cmp6    | width=4    |               | eq_119_I7            |
| r19918   | DW01_cmp6    | width=4    |               | eq_119_I18           |
| r19919   | DW01_cmp6    | width=4    |               | eq_119_I8            |
| r19920   | DW01_cmp6    | width=4    |               | eq_119_I3            |
| r19921   | DW01_cmp6    | width=4    |               | eq_119_I20           |
| r19922   | DW01_cmp6    | width=4    |               | eq_119_I25           |
| r19924   | DW01_cmp6    | width=4    |               | eq_119_I10           |
| r19925   | DW01_cmp6    | width=4    |               | eq_119_I30           |
| r19926   | DW01_cmp6    | width=4    |               | eq_119_I21           |
| r19927   | DW01_cmp6    | width=4    |               | eq_119_I24           |
| r19928   | DW01_cmp6    | width=4    |               | eq_119_I4            |
| r19929   | DW01_cmp6    | width=4    |               | eq_119_I28           |
| r19930   | DW01_cmp6    | width=4    |               | eq_119_I5            |
| r19931   | DW01_cmp6    | width=4    |               | eq_119_I23           |
| r19932   | DW01_cmp6    | width=4    |               | eq_119_I19           |
| r19933   | DW01_cmp6    | width=10   |               | eq_93_I4_I12         |
| r19935   | DW01_cmp6    | width=10   |               | eq_93_I2_I12         |
| r19936   | DW01_cmp2    | width=3    |               | lt_93_I3_I12         |
| r19937   | DW01_cmp2    | width=3    |               | gte_105_2_I11        |
| r19938   | DW01_cmp2    | width=3    |               | lt_89_I12            |
| r19939   | DW01_cmp6    | width=10   |               | eq_89_I5_I12         |
| r19940   | DW01_cmp6    | width=10   |               | eq_89_I2_I12         |
| r19941   | DW01_cmp6    | width=10   |               | eq_93_I12            |
| r19942   | DW01_cmp6    | width=10   |               | eq_93_I5_I12         |
| r19943   | DW01_cmp2    | width=3    |               | lt_98_I12            |
| r19944   | DW01_cmp6    | width=10   |               | eq_89_I3_I12         |
| r19945   | DW01_cmp6    | width=10   |               | eq_89_I4_I12         |
| r19946   | DW01_cmp2    | width=3    |               | lt_93_I2_I12         |
| r19947   | DW01_cmp6    | width=10   |               | eq_93_I3_I12         |
| r19948   | DW01_cmp2    | width=3    |               | lt_89_I2_I12         |
| r19949   | DW01_cmp2    | width=3    |               | lt_93_I5_I12         |
| r19950   | DW01_cmp2    | width=3    |               | lt_101_I12           |
| r19951   | DW01_cmp2    | width=3    |               | lt_89_I3_I12         |
| r19952   | DW01_cmp6    | width=10   |               | eq_89_I12            |
| r19953   | DW01_cmp2    | width=3    |               | lt_93_I4_I12         |
| r19954   | DW01_cmp2    | width=3    |               | lt_89_I4_I12         |
| r19955   | DW01_cmp2    | width=3    |               | lt_93_I12            |
| r19956   | DW01_cmp2    | width=3    |               | gte_105_I11          |
| r19957   | DW01_cmp6    | width=3    |               | eq_118_I32           |
| r19958   | DW01_cmp2    | width=3    |               | lt_80_I12            |
| r19959   | DW01_cmp6    | width=3    |               | eq_118_I31           |
| r19961   | DW01_cmp2    | width=3    |               | lt_93_I2_I11         |
| r19964   | DW01_cmp6    | width=10   |               | eq_93_I11            |
| r19965   | DW01_cmp6    | width=10   |               | eq_93_I4_I11         |
| r19966   | DW01_cmp2    | width=3    |               | lt_93_I5_I11         |
| r19967   | DW01_cmp2    | width=3    |               | lt_98_I11            |
| r19968   | DW01_cmp6    | width=2    |               | ne_116_I5_I32        |
| r19969   | DW01_cmp6    | width=10   |               | eq_89_I3_I11         |
| r19971   | DW01_cmp6    | width=10   |               | eq_89_I11            |
| r19972   | DW01_cmp2    | width=3    |               | lt_89_I5_I11         |
| r19973   | DW01_cmp2    | width=3    |               | lt_93_I3_I11         |
| r19974   | DW01_cmp2    | width=3    |               | gte_105_I10          |
| r19976   | DW01_cmp2    | width=3    |               | lt_89_I11            |
| r19977   | DW01_cmp6    | width=10   |               | eq_93_I2_I11         |
| r19978   | DW01_cmp2    | width=3    |               | lt_93_I4_I11         |
| r19979   | DW01_cmp2    | width=3    |               | lt_89_I2_I11         |
| r19980   | DW01_cmp2    | width=3    |               | gte_105_2_I10        |
| r19981   | DW01_cmp2    | width=3    |               | lt_101_I11           |
| r19982   | DW01_cmp2    | width=3    |               | lt_93_I11            |
| r19984   | DW01_cmp6    | width=10   |               | eq_89_I4_I11         |
| r19985   | DW01_cmp6    | width=10   |               | eq_89_I2_I11         |
| r19986   | DW01_cmp6    | width=10   |               | eq_93_I3_I11         |
| r19987   | DW01_cmp6    | width=10   |               | eq_89_I5_I11         |
| r19988   | DW01_cmp6    | width=3    |               | eq_118_I30           |
| r19989   | DW01_cmp2    | width=3    |               | lt_89_I3_I11         |
| r19990   | DW01_cmp2    | width=3    |               | lt_89_I4_I11         |
| r19991   | DW01_cmp6    | width=10   |               | eq_93_I5_I11         |
| r19992   | DW01_cmp6    | width=2    |               | ne_116_I5_I31        |
| r19993   | DW01_cmp2    | width=3    |               | lt_80_I11            |
| r19994   | DW01_cmp6    | width=2    |               | ne_116_I2_I32        |
| r19996   | DW01_cmp2    | width=3    |               | lt_93_I4_I10         |
| r19998   | DW01_cmp6    | width=3    |               | eq_118_I29           |
| r20002   | DW01_cmp6    | width=2    |               | ne_116_I32           |
| r20003   | DW01_cmp6    | width=10   |               | eq_89_I4_I10         |
| r20004   | DW01_cmp2    | width=3    |               | lt_89_I10            |
| r20005   | DW01_cmp6    | width=10   |               | eq_89_I2_I10         |
| r20006   | DW01_cmp6    | width=2    |               | ne_116_I31           |
| r20007   | DW01_cmp2    | width=3    |               | lt_89_I4_I10         |
| r20009   | DW01_cmp2    | width=3    |               | lt_89_I2_I10         |
| r20010   | DW01_cmp6    | width=10   |               | eq_93_I5_I10         |
| r20011   | DW01_cmp6    | width=3    |               | eq_118_I28           |
| r20012   | DW01_cmp6    | width=2    |               | ne_116_I2_I31        |
| r20014   | DW01_cmp6    | width=10   |               | eq_93_I2_I10         |
| r20015   | DW01_cmp6    | width=10   |               | eq_93_I4_I10         |
| r20016   | DW01_cmp2    | width=3    |               | lt_93_I5_I10         |
| r20017   | DW01_cmp2    | width=3    |               | lt_93_I10            |
| r20018   | DW01_cmp2    | width=3    |               | lt_101_I10           |
| r20020   | DW01_cmp2    | width=3    |               | gte_105_2_I9         |
| r20021   | DW01_cmp2    | width=3    |               | lt_98_I10            |
| r20022   | DW01_cmp2    | width=3    |               | lt_93_I3_I10         |
| r20023   | DW01_cmp6    | width=10   |               | eq_93_I10            |
| r20025   | DW01_cmp2    | width=3    |               | gte_105_I9           |
| r20026   | DW01_cmp2    | width=3    |               | lt_93_I2_I10         |
| r20027   | DW01_cmp2    | width=3    |               | lt_89_I3_I10         |
| r20028   | DW01_cmp6    | width=10   |               | eq_89_I5_I10         |
| r20029   | DW01_cmp6    | width=10   |               | eq_93_I3_I10         |
| r20031   | DW01_cmp6    | width=10   |               | eq_89_I3_I10         |
| r20032   | DW01_cmp6    | width=2    |               | ne_116_I5_I30        |
| r20033   | DW01_cmp6    | width=10   |               | eq_89_I10            |
| r20035   | DW01_cmp2    | width=3    |               | lt_89_I5_I10         |
| r20036   | DW01_cmp2    | width=3    |               | lt_80_I10            |
| r20037   | DW01_cmp6    | width=3    |               | eq_118_I27           |
| r20039   | DW01_cmp6    | width=2    |               | ne_116_I5_I29        |
| r20042   | DW01_cmp6    | width=2    |               | ne_116_I2_I30        |
| r20043   | DW01_cmp6    | width=2    |               | ne_116_I30           |
| r20048   | DW01_cmp6    | width=10   |               | eq_89_I5_I9          |
| r20049   | DW01_cmp2    | width=3    |               | lt_93_I3_I9          |
| r20051   | DW01_cmp2    | width=3    |               | lt_101_I9            |
| r20052   | DW01_cmp2    | width=3    |               | lt_89_I4_I9          |
| r20053   | DW01_cmp6    | width=10   |               | eq_89_I2_I9          |
| r20054   | DW01_cmp6    | width=2    |               | ne_116_I5_I28        |
| r20056   | DW01_cmp6    | width=10   |               | eq_89_I9             |
| r20057   | DW01_cmp2    | width=3    |               | lt_89_I5_I9          |
| r20058   | DW01_cmp6    | width=3    |               | eq_118_I26           |
| r20059   | DW01_cmp6    | width=10   |               | eq_93_I4_I9          |
| r20060   | DW01_cmp6    | width=2    |               | ne_116_I2_I29        |
| r20063   | DW01_cmp2    | width=3    |               | lt_93_I4_I9          |
| r20064   | DW01_cmp2    | width=3    |               | lt_98_I9             |
| r20066   | DW01_cmp2    | width=3    |               | gte_105_2_I8         |
| r20067   | DW01_cmp2    | width=3    |               | lt_89_I2_I9          |
| r20068   | DW01_cmp6    | width=10   |               | eq_89_I4_I9          |
| r20069   | DW01_cmp2    | width=3    |               | lt_93_I2_I9          |
| r20070   | DW01_cmp2    | width=3    |               | lt_93_I5_I9          |
| r20071   | DW01_cmp6    | width=10   |               | eq_93_I2_I9          |
| r20072   | DW01_cmp2    | width=3    |               | lt_93_I9             |
| r20073   | DW01_cmp6    | width=2    |               | ne_116_I29           |
| r20075   | DW01_cmp2    | width=3    |               | lt_89_I3_I9          |
| r20076   | DW01_cmp2    | width=3    |               | lt_89_I9             |
| r20077   | DW01_cmp6    | width=10   |               | eq_93_I3_I9          |
| r20078   | DW01_cmp6    | width=10   |               | eq_89_I3_I9          |
| r20079   | DW01_cmp2    | width=3    |               | gte_105_I8           |
| r20080   | DW01_cmp6    | width=10   |               | eq_93_I9             |
| r20081   | DW01_cmp6    | width=10   |               | eq_93_I5_I9          |
| r20082   | DW01_cmp2    | width=3    |               | lt_80_I9             |
| r20083   | DW01_cmp6    | width=3    |               | eq_118_I25           |
| r20084   | DW01_cmp6    | width=2    |               | ne_116_I28           |
| r20088   | DW01_cmp6    | width=2    |               | ne_116_I5_I27        |
| r20090   | DW01_cmp2    | width=32   |               | lt_114_I32           |
| r20091   | DW01_cmp6    | width=2    |               | ne_116_I2_I28        |
| r20093   | DW01_cmp2    | width=32   |               | lt_114_I31           |
| r20097   | DW01_cmp6    | width=10   |               | eq_89_I2_I8          |
| r20098   | DW01_cmp2    | width=3    |               | lt_93_I8             |
| r20099   | DW01_cmp2    | width=3    |               | lt_93_I5_I8          |
| r20100   | DW01_cmp6    | width=2    |               | ne_116_I2_I27        |
| r20101   | DW01_cmp6    | width=2    |               | ne_116_I5_I26        |
| r20102   | DW01_cmp6    | width=10   |               | eq_93_I8             |
| r20103   | DW01_cmp2    | width=3    |               | lt_98_I8             |
| r20104   | DW01_cmp6    | width=3    |               | eq_118_I24           |
| r20105   | DW01_cmp2    | width=3    |               | lt_89_I3_I8          |
| r20106   | DW01_cmp6    | width=10   |               | eq_89_I5_I8          |
| r20107   | DW01_cmp6    | width=10   |               | eq_93_I4_I8          |
| r20108   | DW01_cmp2    | width=3    |               | gte_105_2_I7         |
| r20109   | DW01_cmp6    | width=10   |               | eq_89_I4_I8          |
| r20112   | DW01_cmp2    | width=3    |               | lt_93_I3_I8          |
| r20113   | DW01_cmp2    | width=3    |               | gte_105_I7           |
| r20116   | DW01_cmp2    | width=3    |               | lt_89_I8             |
| r20117   | DW01_cmp6    | width=2    |               | ne_116_I27           |
| r20118   | DW01_cmp6    | width=10   |               | eq_89_I3_I8          |
| r20120   | DW01_cmp6    | width=10   |               | eq_93_I3_I8          |
| r20121   | DW01_cmp6    | width=10   |               | eq_89_I8             |
| r20122   | DW01_cmp2    | width=3    |               | lt_93_I4_I8          |
| r20123   | DW01_cmp6    | width=10   |               | eq_93_I5_I8          |
| r20124   | DW01_cmp2    | width=3    |               | lt_93_I2_I8          |
| r20125   | DW01_cmp6    | width=10   |               | eq_93_I2_I8          |
| r20127   | DW01_cmp2    | width=3    |               | lt_89_I4_I8          |
| r20128   | DW01_cmp2    | width=3    |               | lt_89_I5_I8          |
| r20129   | DW01_cmp2    | width=3    |               | lt_101_I8            |
| r20130   | DW01_cmp2    | width=3    |               | lt_89_I2_I8          |
| r20131   | DW01_cmp6    | width=2    |               | ne_116_I5_I25        |
| r20132   | DW01_cmp2    | width=3    |               | lt_80_I8             |
| r20137   | DW01_cmp6    | width=3    |               | eq_118_I23           |
| r20139   | DW01_cmp6    | width=2    |               | ne_116_I26           |
| r20141   | DW01_cmp2    | width=32   |               | lt_114_I30           |
| r20142   | DW01_cmp6    | width=2    |               | ne_116_I2_I26        |
| r20143   | DW01_cmp2    | width=3    |               | lt_93_I3_I7          |
| r20144   | DW01_cmp6    | width=10   |               | eq_93_I7             |
| r20145   | DW01_cmp2    | width=3    |               | lt_89_I3_I7          |
| r20146   | DW01_cmp6    | width=2    |               | ne_116_I25           |
| r20149   | DW01_cmp6    | width=10   |               | eq_93_I4_I7          |
| r20150   | DW01_cmp2    | width=3    |               | lt_89_I5_I7          |
| r20152   | DW01_cmp2    | width=3    |               | lt_98_I7             |
| r20153   | DW01_cmp6    | width=10   |               | eq_89_I4_I7          |
| r20154   | DW01_cmp6    | width=10   |               | eq_89_I3_I7          |
| r20155   | DW01_cmp2    | width=3    |               | gte_105_2_I6         |
| r20156   | DW01_cmp6    | width=10   |               | eq_89_I5_I7          |
| r20157   | DW01_cmp6    | width=10   |               | eq_89_I7             |
| r20158   | DW01_cmp2    | width=3    |               | gte_105_I6           |
| r20159   | DW01_cmp6    | width=2    |               | ne_116_I5_I24        |
| r20160   | DW01_cmp2    | width=3    |               | lt_93_I7             |
| r20162   | DW01_cmp6    | width=10   |               | eq_93_I3_I7          |
| r20163   | DW01_cmp2    | width=3    |               | lt_93_I2_I7          |
| r20164   | DW01_cmp2    | width=3    |               | lt_93_I4_I7          |
| r20165   | DW01_cmp6    | width=2    |               | ne_116_I2_I25        |
| r20166   | DW01_cmp2    | width=3    |               | lt_101_I7            |
| r20167   | DW01_cmp6    | width=10   |               | eq_93_I5_I7          |
| r20168   | DW01_cmp6    | width=3    |               | eq_118_I22           |
| r20169   | DW01_cmp6    | width=10   |               | eq_89_I2_I7          |
| r20170   | DW01_cmp6    | width=10   |               | eq_93_I2_I7          |
| r20171   | DW01_cmp2    | width=3    |               | lt_89_I4_I7          |
| r20174   | DW01_cmp2    | width=3    |               | lt_89_I7             |
| r20175   | DW01_cmp2    | width=3    |               | lt_89_I2_I7          |
| r20176   | DW01_cmp2    | width=3    |               | lt_93_I5_I7          |
| r20177   | DW01_cmp6    | width=2    |               | ne_116_I2_I24        |
| r20178   | DW01_cmp2    | width=32   |               | lt_114_I29           |
| r20179   | DW01_cmp2    | width=3    |               | lt_80_I7             |
| r20180   | DW01_cmp6    | width=3    |               | eq_118_I21           |
| r20182   | DW01_cmp2    | width=32   |               | lt_114_I28           |
| r20183   | DW01_cmp6    | width=2    |               | ne_116_I24           |
| r20189   | DW01_cmp6    | width=2    |               | ne_116_I5_I23        |
| r20191   | DW01_cmp6    | width=10   |               | eq_89_I3_I6          |
| r20192   | DW01_cmp2    | width=3    |               | lt_89_I5_I6          |
| r20193   | DW01_cmp6    | width=10   |               | eq_89_I4_I6          |
| r20195   | DW01_cmp2    | width=3    |               | lt_93_I2_I6          |
| r20196   | DW01_cmp2    | width=3    |               | lt_89_I4_I6          |
| r20197   | DW01_cmp6    | width=3    |               | eq_118_I20           |
| r20198   | DW01_cmp2    | width=3    |               | lt_93_I3_I6          |
| r20199   | DW01_cmp6    | width=10   |               | eq_93_I3_I6          |
| r20200   | DW01_cmp2    | width=3    |               | lt_89_I6             |
| r20201   | DW01_cmp2    | width=3    |               | lt_98_I6             |
| r20202   | DW01_cmp6    | width=10   |               | eq_89_I6             |
| r20203   | DW01_cmp6    | width=10   |               | eq_93_I2_I6          |
| r20204   | DW01_cmp2    | width=3    |               | lt_93_I6             |
| r20205   | DW01_cmp6    | width=2    |               | ne_116_I23           |
| r20206   | DW01_cmp2    | width=32   |               | lt_114_I27           |
| r20207   | DW01_cmp6    | width=10   |               | eq_89_I5_I6          |
| r20208   | DW01_cmp6    | width=10   |               | eq_93_I4_I6          |
| r20209   | DW01_cmp6    | width=10   |               | eq_93_I6             |
| r20210   | DW01_cmp2    | width=3    |               | lt_93_I4_I6          |
| r20211   | DW01_cmp6    | width=10   |               | eq_93_I5_I6          |
| r20212   | DW01_cmp6    | width=2    |               | ne_116_I5_I22        |
| r20213   | DW01_cmp2    | width=3    |               | lt_93_I5_I6          |
| r20214   | DW01_cmp2    | width=3    |               | lt_89_I2_I6          |
| r20216   | DW01_cmp2    | width=3    |               | gte_105_2_I5         |
| r20218   | DW01_cmp2    | width=3    |               | lt_89_I3_I6          |
| r20221   | DW01_cmp6    | width=2    |               | ne_116_I2_I23        |
| r20222   | DW01_cmp6    | width=10   |               | eq_89_I2_I6          |
| r20224   | DW01_cmp2    | width=3    |               | lt_101_I6            |
| r20225   | DW01_cmp6    | width=2    |               | ne_116_I22           |
| r20226   | DW01_cmp2    | width=3    |               | gte_105_I5           |
| r20227   | DW01_cmp2    | width=3    |               | lt_80_I6             |
| r20230   | DW01_cmp2    | width=32   |               | lt_114_I26           |
| r20231   | DW01_cmp6    | width=2    |               | ne_116_I2_I22        |
| r20233   | DW01_cmp6    | width=2    |               | ne_116_I5_I21        |
| r20234   | DW01_cmp6    | width=3    |               | eq_118_I19           |
| r20239   | DW01_cmp2    | width=3    |               | gte_105_2_I4         |
| r20240   | DW01_cmp6    | width=10   |               | eq_93_I5             |
| r20241   | DW01_cmp2    | width=32   |               | lt_114_I25           |
| r20242   | DW01_cmp2    | width=3    |               | lt_89_I5             |
| r20243   | DW01_cmp6    | width=3    |               | eq_118_I18           |
| r20244   | DW01_cmp2    | width=3    |               | lt_98_I5             |
| r20245   | DW01_cmp2    | width=3    |               | lt_93_I2_I5          |
| r20246   | DW01_cmp2    | width=3    |               | lt_93_I3_I5          |
| r20247   | DW01_cmp6    | width=10   |               | eq_93_I5_I5          |
| r20248   | DW01_cmp6    | width=2    |               | ne_116_I21           |
| r20250   | DW01_cmp6    | width=10   |               | eq_89_I5             |
| r20251   | DW01_cmp6    | width=2    |               | ne_116_I2_I21        |
| r20253   | DW01_cmp2    | width=3    |               | lt_89_I5_I5          |
| r20254   | DW01_cmp6    | width=10   |               | eq_93_I4_I5          |
| r20255   | DW01_cmp2    | width=3    |               | gte_105_I4           |
| r20257   | DW01_cmp6    | width=2    |               | ne_116_I5_I20        |
| r20258   | DW01_cmp6    | width=10   |               | eq_89_I4_I5          |
| r20259   | DW01_cmp6    | width=10   |               | eq_89_I2_I5          |
| r20260   | DW01_cmp2    | width=3    |               | lt_89_I3_I5          |
| r20261   | DW01_cmp6    | width=10   |               | eq_93_I2_I5          |
| r20262   | DW01_cmp6    | width=10   |               | eq_93_I3_I5          |
| r20264   | DW01_cmp2    | width=3    |               | lt_93_I5_I5          |
| r20265   | DW01_cmp2    | width=3    |               | lt_101_I5            |
| r20267   | DW01_cmp2    | width=3    |               | lt_93_I4_I5          |
| r20268   | DW01_cmp2    | width=3    |               | lt_93_I5             |
| r20270   | DW01_cmp2    | width=3    |               | lt_89_I2_I5          |
| r20271   | DW01_cmp2    | width=3    |               | lt_89_I4_I5          |
| r20272   | DW01_cmp6    | width=10   |               | eq_89_I5_I5          |
| r20273   | DW01_cmp6    | width=10   |               | eq_89_I3_I5          |
| r20274   | DW01_cmp2    | width=3    |               | lt_80_I5             |
| r20275   | DW01_cmp6    | width=2    |               | ne_116_I5_I19        |
| r20276   | DW01_cmp6    | width=3    |               | eq_118_I17           |
| r20279   | DW01_cmp2    | width=32   |               | lt_114_I24           |
| r20280   | DW01_cmp2    | width=3    |               | lt_93_I4_I4          |
| r20283   | DW01_cmp6    | width=2    |               | ne_116_I2_I20        |
| r20284   | DW01_cmp6    | width=2    |               | ne_116_I20           |
| r20285   | DW01_cmp6    | width=10   |               | eq_89_I3_I4          |
| r20290   | DW01_cmp2    | width=3    |               | lt_89_I5_I4          |
| r20291   | DW01_cmp2    | width=3    |               | lt_93_I4             |
| r20292   | DW01_cmp2    | width=3    |               | gte_105_I3           |
| r20293   | DW01_cmp6    | width=10   |               | eq_89_I4_I4          |
| r20294   | DW01_cmp6    | width=10   |               | eq_89_I5_I4          |
| r20296   | DW01_cmp2    | width=3    |               | lt_89_I3_I4          |
| r20298   | DW01_cmp2    | width=3    |               | lt_98_I4             |
| r20300   | DW01_cmp6    | width=10   |               | eq_93_I4             |
| r20301   | DW01_cmp6    | width=2    |               | ne_116_I19           |
| r20303   | DW01_cmp2    | width=3    |               | lt_101_I4            |
| r20304   | DW01_cmp2    | width=3    |               | lt_89_I4             |
| r20305   | DW01_cmp6    | width=10   |               | eq_89_I2_I4          |
| r20306   | DW01_cmp2    | width=3    |               | lt_93_I5_I4          |
| r20307   | DW01_cmp6    | width=10   |               | eq_93_I3_I4          |
| r20308   | DW01_cmp6    | width=10   |               | eq_89_I4             |
| r20310   | DW01_cmp6    | width=3    |               | eq_118_I16           |
| r20311   | DW01_cmp6    | width=10   |               | eq_93_I5_I4          |
| r20313   | DW01_cmp2    | width=3    |               | lt_89_I2_I4          |
| r20314   | DW01_cmp6    | width=10   |               | eq_93_I4_I4          |
| r20315   | DW01_cmp6    | width=10   |               | eq_93_I2_I4          |
| r20316   | DW01_cmp2    | width=3    |               | lt_89_I4_I4          |
| r20317   | DW01_cmp6    | width=2    |               | ne_116_I2_I19        |
| r20318   | DW01_cmp2    | width=32   |               | lt_114_I23           |
| r20319   | DW01_cmp2    | width=3    |               | lt_93_I3_I4          |
| r20320   | DW01_cmp2    | width=3    |               | gte_105_2_I3         |
| r20321   | DW01_cmp6    | width=2    |               | ne_116_I5_I18        |
| r20322   | DW01_cmp6    | width=2    |               | ne_116_I18           |
| r20323   | DW01_cmp2    | width=3    |               | lt_93_I2_I4          |
| r20324   | DW01_cmp2    | width=32   |               | lt_114_I22           |
| r20325   | DW01_cmp6    | width=2    |               | ne_116_I5_I17        |
| r20326   | DW01_cmp6    | width=2    |               | ne_116_I2_I18        |
| r20332   | DW01_cmp2    | width=3    |               | lt_80_I4             |
| r20334   | DW01_cmp2    | width=3    |               | gte_105_I2           |
| r20335   | DW01_cmp6    | width=3    |               | eq_118_I15           |
| r20337   | DW01_cmp6    | width=2    |               | ne_116_I2_I17        |
| r20338   | DW01_cmp2    | width=3    |               | lt_89_I4_I3          |
| r20339   | DW01_cmp2    | width=3    |               | lt_89_I3_I3          |
| r20341   | DW01_cmp6    | width=10   |               | eq_89_I3_I3          |
| r20342   | DW01_cmp6    | width=10   |               | eq_93_I3             |
| r20343   | DW01_cmp6    | width=10   |               | eq_89_I3             |
| r20345   | DW01_cmp2    | width=32   |               | lt_114_I21           |
| r20346   | DW01_cmp2    | width=3    |               | lt_89_I5_I3          |
| r20347   | DW01_cmp6    | width=10   |               | eq_93_I4_I3          |
| r20348   | DW01_cmp2    | width=3    |               | gte_105_2_I2         |
| r20350   | DW01_cmp2    | width=3    |               | lt_93_I3_I3          |
| r20351   | DW01_cmp6    | width=10   |               | eq_89_I2_I3          |
| r20352   | DW01_cmp6    | width=10   |               | eq_89_I4_I3          |
| r20353   | DW01_cmp6    | width=3    |               | eq_118_I14           |
| r20354   | DW01_cmp6    | width=10   |               | eq_93_I3_I3          |
| r20355   | DW01_cmp6    | width=10   |               | eq_93_I5_I3          |
| r20356   | DW01_cmp2    | width=3    |               | lt_93_I4_I3          |
| r20358   | DW01_cmp2    | width=3    |               | lt_98_I3             |
| r20359   | DW01_cmp6    | width=10   |               | eq_93_I2_I3          |
| r20360   | DW01_cmp2    | width=3    |               | lt_101_I3            |
| r20361   | DW01_cmp2    | width=3    |               | lt_93_I3             |
| r20362   | DW01_cmp2    | width=3    |               | lt_89_I2_I3          |
| r20363   | DW01_cmp2    | width=3    |               | lt_93_I5_I3          |
| r20364   | DW01_cmp6    | width=2    |               | ne_116_I5_I16        |
| r20365   | DW01_cmp2    | width=3    |               | lt_93_I2_I3          |
| r20368   | DW01_cmp6    | width=2    |               | ne_116_I17           |
| r20369   | DW01_cmp6    | width=10   |               | eq_89_I5_I3          |
| r20370   | DW01_cmp6    | width=2    |               | ne_116_I5_I15        |
| r20371   | DW01_cmp2    | width=3    |               | lt_89_I3             |
| r20372   | DW01_cmp2    | width=3    |               | lt_80_I3             |
| r20373   | DW01_cmp6    | width=2    |               | ne_116_I16           |
| r20374   | DW01_cmp2    | width=32   |               | lt_114_I20           |
| r20375   | DW01_cmp6    | width=3    |               | eq_118_I13           |
| r20377   | DW01_cmp6    | width=2    |               | ne_116_I2_I16        |
| r20380   | DW01_cmp2    | width=3    |               | lt_89_I4_I2          |
| r20384   | DW01_cmp6    | width=2    |               | ne_116_I2_I15        |
| r20385   | DW01_cmp2    | width=3    |               | lt_89_I5_I2          |
| r20386   | DW01_cmp2    | width=3    |               | lt_93_I2             |
| r20387   | DW01_cmp2    | width=3    |               | gte_105              |
| r20389   | DW01_cmp6    | width=10   |               | eq_93_I2             |
| r20390   | DW01_cmp2    | width=3    |               | lt_89_I3_I2          |
| r20391   | DW01_cmp2    | width=3    |               | gte_105_2            |
| r20392   | DW01_cmp2    | width=32   |               | lt_114_I19           |
| r20393   | DW01_cmp6    | width=10   |               | eq_89_I2_I2          |
| r20394   | DW01_cmp6    | width=10   |               | eq_93_I2_I2          |
| r20395   | DW01_cmp6    | width=2    |               | ne_116_I15           |
| r20396   | DW01_cmp2    | width=3    |               | lt_93_I5_I2          |
| r20397   | DW01_cmp6    | width=10   |               | eq_89_I5_I2          |
| r20398   | DW01_cmp6    | width=2    |               | ne_116_I5_I14        |
| r20400   | DW01_cmp6    | width=10   |               | eq_89_I3_I2          |
| r20401   | DW01_cmp2    | width=3    |               | lt_93_I2_I2          |
| r20402   | DW01_cmp6    | width=3    |               | eq_118_I12           |
| r20403   | DW01_cmp2    | width=3    |               | lt_93_I4_I2          |
| r20405   | DW01_cmp2    | width=3    |               | lt_89_I2             |
| r20406   | DW01_cmp6    | width=10   |               | eq_93_I4_I2          |
| r20408   | DW01_cmp2    | width=3    |               | lt_93_I3_I2          |
| r20409   | DW01_cmp6    | width=10   |               | eq_93_I3_I2          |
| r20410   | DW01_cmp6    | width=10   |               | eq_89_I2             |
| r20411   | DW01_cmp2    | width=3    |               | lt_89_I2_I2          |
| r20412   | DW01_cmp2    | width=3    |               | lt_101_I2            |
| r20413   | DW01_cmp2    | width=3    |               | lt_98_I2             |
| r20414   | DW01_cmp6    | width=10   |               | eq_93_I5_I2          |
| r20416   | DW01_cmp2    | width=32   |               | lt_114_I18           |
| r20417   | DW01_cmp6    | width=10   |               | eq_89_I4_I2          |
| r20418   | DW01_cmp6    | width=2    |               | ne_116_I2_I14        |
| r20419   | DW01_cmp6    | width=2    |               | ne_116_I14           |
| r20420   | DW01_cmp6    | width=3    |               | eq_118_I11           |
| r20422   | DW01_cmp6    | width=2    |               | ne_116_I5_I13        |
| r20423   | DW01_cmp2    | width=3    |               | lt_80_I2             |
| r20425   | DW01_cmp6    | width=10   |               | eq_89_I2_I1          |
| r20428   | DW01_cmp2    | width=32   |               | lt_114_I17           |
| r20431   | DW01_cmp6    | width=2    |               | ne_116_I5_I12        |
| r20432   | DW01_cmp6    | width=10   |               | eq_93_I3_I1          |
| r20434   | DW01_cmp2    | width=32   |               | lt_114_I16           |
| r20435   | DW01_cmp6    | width=10   |               | eq_89                |
| r20436   | DW01_cmp6    | width=10   |               | eq_89_I5_I1          |
| r20437   | DW01_cmp6    | width=2    |               | ne_116_I13           |
| r20438   | DW01_cmp6    | width=2    |               | ne_116_I2_I13        |
| r20440   | DW01_cmp6    | width=10   |               | eq_89_I4_I1          |
| r20441   | DW01_cmp6    | width=10   |               | eq_93_I5_I1          |
| r20442   | DW01_cmp6    | width=10   |               | eq_93                |
| r20443   | DW01_cmp6    | width=10   |               | eq_89_I3_I1          |
| r20444   | DW01_cmp6    | width=3    |               | eq_118_I10           |
| r20446   | DW01_cmp6    | width=10   |               | eq_93_I2_I1          |
| r20447   | DW01_cmp6    | width=10   |               | eq_93_I4_I1          |
| r20450   | DW01_cmp6    | width=2    |               | ne_116_I2_I12        |
| r20454   | DW01_cmp6    | width=2    |               | ne_116_I12           |
| r20455   | DW01_cmp6    | width=3    |               | eq_118_I9            |
| r20459   | DW01_cmp2    | width=3    |               | lt_80                |
| r20460   | DW01_cmp6    | width=2    |               | ne_116_I5_I11        |
| r20462   | DW01_cmp2    | width=32   |               | lt_114_I15           |
| r20463   | DW01_cmp6    | width=2    |               | ne_116_I2_I11        |
| r20465   | DW01_cmp2    | width=32   |               | lt_114_I14           |
| r20468   | DW01_cmp6    | width=2    |               | ne_116_I11           |
| r20469   | DW01_cmp6    | width=3    |               | eq_118_I8            |
| r20472   | DW01_cmp6    | width=2    |               | ne_116_I5_I10        |
| r20473   | DW01_cmp6    | width=2    |               | ne_116_I5_I9         |
| r20476   | DW01_cmp6    | width=2    |               | ne_116_I10           |
| r20477   | DW01_cmp6    | width=2    |               | ne_116_I2_I10        |
| r20479   | DW01_cmp6    | width=3    |               | eq_118_I7            |
| r20482   | DW01_cmp6    | width=3    |               | eq_118_I6            |
| r20484   | DW01_cmp2    | width=32   |               | lt_114_I13           |
| r20486   | DW01_cmp6    | width=2    |               | ne_116_I9            |
| r20489   | DW01_cmp6    | width=2    |               | ne_116_I5_I8         |
| r20491   | DW01_cmp6    | width=2    |               | ne_116_I2_I9         |
| r20493   | DW01_cmp2    | width=32   |               | lt_114_I12           |
| r20494   | DW01_cmp6    | width=2    |               | ne_116_I5_I7         |
| r20498   | DW01_cmp6    | width=2    |               | ne_116_I8            |
| r20501   | DW01_cmp2    | width=32   |               | lt_114_I11           |
| r20503   | DW01_cmp6    | width=3    |               | eq_118_I5            |
| r20504   | DW01_cmp6    | width=2    |               | ne_116_I2_I8         |
| r20506   | DW01_cmp6    | width=3    |               | eq_118_I4            |
| r20509   | DW01_cmp6    | width=2    |               | ne_116_I7            |
| r20510   | DW01_cmp6    | width=2    |               | ne_116_I2_I7         |
| r20512   | DW01_cmp6    | width=2    |               | ne_116_I5_I6         |
| r20515   | DW01_cmp6    | width=2    |               | ne_116_I5_I5         |
| r20517   | DW01_cmp2    | width=32   |               | lt_114_I10           |
| r20520   | DW01_cmp6    | width=2    |               | ne_116_I2_I6         |
| r20524   | DW01_cmp6    | width=3    |               | eq_118_I3            |
| r20525   | DW01_cmp6    | width=2    |               | ne_116_I6            |
| r20526   | DW01_cmp6    | width=2    |               | ne_116_I2_I5         |
| r20527   | DW01_cmp2    | width=32   |               | lt_114_I9            |
| r20528   | DW01_cmp6    | width=3    |               | eq_118_I2            |
| r20530   | DW01_cmp6    | width=2    |               | ne_116_I5_I4         |
| r20531   | DW01_cmp2    | width=32   |               | lt_114_I8            |
| r20533   | DW01_cmp6    | width=3    |               | eq_118               |
| r20535   | DW01_cmp6    | width=2    |               | ne_116_I5            |
| r20536   | DW01_cmp6    | width=2    |               | ne_116_I2_I4         |
| r20539   | DW01_cmp6    | width=2    |               | ne_116_I5_I3         |
| r20541   | DW01_cmp6    | width=2    |               | ne_116_I4            |
| r20542   | DW01_cmp2    | width=32   |               | lt_114_I7            |
| r20545   | DW01_cmp6    | width=2    |               | ne_116_I5_I2         |
| r20548   | DW01_cmp2    | width=32   |               | lt_114_I6            |
| r20550   | DW01_cmp6    | width=2    |               | ne_116_I2_I3         |
| r20553   | DW01_cmp6    | width=2    |               | ne_116_I3            |
| r20554   | DW01_cmp6    | width=2    |               | ne_116_I5_I1         |
| r20555   | DW01_cmp6    | width=2    |               | ne_116_I2            |
| r20557   | DW01_cmp6    | width=2    |               | ne_116_I2_I2         |
| r20558   | DW01_cmp2    | width=32   |               | lt_114_I5            |
| r20559   | DW01_cmp6    | width=2    |               | ne_116_I2_I1         |
| r20560   | DW01_cmp6    | width=2    |               | ne_116               |
| r20563   | DW01_cmp2    | width=32   |               | lt_114_I4            |
| r20565   | DW01_cmp2    | width=32   |               | lt_114_I3            |
| r20566   | DW01_cmp2    | width=32   |               | lt_114_I2            |
| r20567   | DW01_cmp2    | width=32   |               | lt_114               |
===============================================================================


No implementations to report
1
