case_index,mode,latency_cycles,repairable,config_a,config_b,config_c,config_d,pattern_a,pattern_b,pattern_c,pattern_d
0,GENERAL,5,0,0,0,0,0,0,0,0,0
1,GENERAL,5,0,0,0,0,0,0,0,0,0
2,GENERAL,5,0,0,0,0,0,0,0,0,0
3,GENERAL,5,0,0,0,0,0,0,0,0,0
4,GENERAL,5,0,0,0,0,0,0,0,0,0
5,GENERAL,5,0,0,0,0,0,0,0,0,0
6,GENERAL,5,0,0,0,0,0,0,0,0,0
7,GENERAL,5,0,0,0,0,0,0,0,0,0
8,GENERAL,5,0,0,0,0,0,0,0,0,0
9,GENERAL,5,0,0,0,0,0,0,0,0,0
10,GENERAL,5,0,0,0,0,0,0,0,0,0
11,GENERAL,5,0,0,0,0,0,0,0,0,0
12,GENERAL,5,0,0,0,0,0,0,0,0,0
13,GENERAL,5,0,0,0,0,0,0,0,0,0
14,GENERAL,5,0,0,0,0,0,0,0,0,0
15,GENERAL,5,0,0,0,0,0,0,0,0,0
16,GENERAL,5,0,0,0,0,0,0,0,0,0
17,GENERAL,5,0,0,0,0,0,0,0,0,0
18,GENERAL,5,0,0,0,0,0,0,0,0,0
19,GENERAL,5,0,0,0,0,0,0,0,0,0
20,GENERAL,5,0,0,0,0,0,0,0,0,0
21,GENERAL,5,0,0,0,0,0,0,0,0,0
22,GENERAL,5,0,0,0,0,0,0,0,0,0
23,GENERAL,5,0,0,0,0,0,0,0,0,0
24,GENERAL,5,0,0,0,0,0,0,0,0,0
25,GENERAL,5,0,0,0,0,0,0,0,0,0
26,GENERAL,5,0,0,0,0,0,0,0,0,0
27,GENERAL,5,0,0,0,0,0,0,0,0,0
28,GENERAL,5,0,0,0,0,0,0,0,0,0
29,GENERAL,5,0,0,0,0,0,0,0,0,0
30,GENERAL,5,0,0,0,0,0,0,0,0,0
31,GENERAL,5,0,0,0,0,0,0,0,0,0
32,GENERAL,5,0,0,0,0,0,0,0,0,0
33,GENERAL,5,0,0,0,0,0,0,0,0,0
34,GENERAL,5,0,0,0,0,0,0,0,0,0
35,GENERAL,5,0,0,0,0,0,0,0,0,0
36,GENERAL,5,0,0,0,0,0,0,0,0,0
37,GENERAL,5,0,0,0,0,0,0,0,0,0
38,GENERAL,5,0,0,0,0,0,0,0,0,0
39,GENERAL,5,0,0,0,0,0,0,0,0,0
40,GENERAL,5,0,0,0,0,0,0,0,0,0
41,GENERAL,5,0,0,0,0,0,0,0,0,0
42,GENERAL,5,0,0,0,0,0,0,0,0,0
43,GENERAL,5,0,0,0,0,0,0,0,0,0
44,GENERAL,5,0,0,0,0,0,0,0,0,0
45,GENERAL,5,0,0,0,0,0,0,0,0,0
46,GENERAL,5,0,0,0,0,0,0,0,0,0
47,GENERAL,5,0,0,0,0,0,0,0,0,0
48,GENERAL,5,0,0,0,0,0,0,0,0,0
49,GENERAL,5,0,0,0,0,0,0,0,0,0
50,GENERAL,5,0,0,0,0,0,0,0,0,0
51,GENERAL,5,0,0,0,0,0,0,0,0,0
52,GENERAL,5,0,0,0,0,0,0,0,0,0
53,GENERAL,5,0,0,0,0,0,0,0,0,0
54,GENERAL,5,0,0,0,0,0,0,0,0,0
55,GENERAL,5,0,0,0,0,0,0,0,0,0
56,GENERAL,5,0,0,0,0,0,0,0,0,0
57,GENERAL,5,0,0,0,0,0,0,0,0,0
58,GENERAL,5,0,0,0,0,0,0,0,0,0
59,GENERAL,5,0,0,0,0,0,0,0,0,0
60,GENERAL,5,0,0,0,0,0,0,0,0,0
61,GENERAL,5,0,0,0,0,0,0,0,0,0
62,GENERAL,5,0,0,0,0,0,0,0,0,0
63,GENERAL,5,0,0,0,0,0,0,0,0,0
64,GENERAL,5,0,0,0,0,0,0,0,0,0
65,GENERAL,5,0,0,0,0,0,0,0,0,0
66,GENERAL,5,0,0,0,0,0,0,0,0,0
67,GENERAL,5,0,0,0,0,0,0,0,0,0
68,GENERAL,5,0,0,0,0,0,0,0,0,0
69,GENERAL,5,0,0,0,0,0,0,0,0,0
70,GENERAL,5,0,0,0,0,0,0,0,0,0
71,GENERAL,5,0,0,0,0,0,0,0,0,0
72,GENERAL,5,0,0,0,0,0,0,0,0,0
73,GENERAL,5,0,0,0,0,0,0,0,0,0
74,GENERAL,5,0,0,0,0,0,0,0,0,0
75,GENERAL,5,0,0,0,0,0,0,0,0,0
76,GENERAL,5,0,0,0,0,0,0,0,0,0
77,GENERAL,5,0,0,0,0,0,0,0,0,0
78,GENERAL,5,0,0,0,0,0,0,0,0,0
79,GENERAL,5,0,0,0,0,0,0,0,0,0
80,GENERAL,5,0,0,0,0,0,0,0,0,0
81,GENERAL,5,0,0,0,0,0,0,0,0,0
82,GENERAL,5,0,0,0,0,0,0,0,0,0
83,GENERAL,5,0,0,0,0,0,0,0,0,0
84,GENERAL,5,0,0,0,0,0,0,0,0,0
85,GENERAL,5,0,0,0,0,0,0,0,0,0
86,GENERAL,5,0,0,0,0,0,0,0,0,0
87,GENERAL,5,0,0,0,0,0,0,0,0,0
88,GENERAL,5,0,0,0,0,0,0,0,0,0
89,GENERAL,5,0,0,0,0,0,0,0,0,0
90,GENERAL,5,0,0,0,0,0,0,0,0,0
91,GENERAL,5,0,0,0,0,0,0,0,0,0
92,GENERAL,5,0,0,0,0,0,0,0,0,0
93,GENERAL,5,0,0,0,0,0,0,0,0,0
94,GENERAL,5,0,0,0,0,0,0,0,0,0
95,GENERAL,5,0,0,0,0,0,0,0,0,0
96,GENERAL,5,0,0,0,0,0,0,0,0,0
97,GENERAL,5,0,0,0,0,0,0,0,0,0
98,GENERAL,5,0,0,0,0,0,0,0,0,0
99,GENERAL,5,0,0,0,0,0,0,0,0,0
100,GENERAL,5,0,0,0,0,0,0,0,0,0
101,GENERAL,5,0,0,0,0,0,0,0,0,0
102,GENERAL,5,0,0,0,0,0,0,0,0,0
103,GENERAL,5,0,0,0,0,0,0,0,0,0
104,GENERAL,5,0,0,0,0,0,0,0,0,0
105,GENERAL,5,0,0,0,0,0,0,0,0,0
106,GENERAL,5,0,0,0,0,0,0,0,0,0
107,GENERAL,5,0,0,0,0,0,0,0,0,0
108,GENERAL,5,0,0,0,0,0,0,0,0,0
109,GENERAL,5,0,0,0,0,0,0,0,0,0
110,GENERAL,5,0,0,0,0,0,0,0,0,0
111,GENERAL,5,0,0,0,0,0,0,0,0,0
112,GENERAL,5,0,0,0,0,0,0,0,0,0
113,GENERAL,5,0,0,0,0,0,0,0,0,0
114,GENERAL,5,0,0,0,0,0,0,0,0,0
115,GENERAL,5,0,0,0,0,0,0,0,0,0
116,GENERAL,5,0,0,0,0,0,0,0,0,0
117,GENERAL,5,0,0,0,0,0,0,0,0,0
118,GENERAL,5,0,0,0,0,0,0,0,0,0
119,GENERAL,5,0,0,0,0,0,0,0,0,0
120,GENERAL,5,0,0,0,0,0,0,0,0,0
121,GENERAL,5,0,0,0,0,0,0,0,0,0
122,GENERAL,5,0,0,0,0,0,0,0,0,0
123,GENERAL,5,0,0,0,0,0,0,0,0,0
124,GENERAL,5,0,0,0,0,0,0,0,0,0
125,GENERAL,5,0,0,0,0,0,0,0,0,0
126,GENERAL,5,0,0,0,0,0,0,0,0,0
127,GENERAL,5,0,0,0,0,0,0,0,0,0
128,GENERAL,5,0,0,0,0,0,0,0,0,0
129,GENERAL,5,0,0,0,0,0,0,0,0,0
130,GENERAL,5,0,0,0,0,0,0,0,0,0
131,GENERAL,5,0,0,0,0,0,0,0,0,0
132,GENERAL,5,0,0,0,0,0,0,0,0,0
133,GENERAL,5,0,0,0,0,0,0,0,0,0
134,GENERAL,5,0,0,0,0,0,0,0,0,0
135,GENERAL,5,0,0,0,0,0,0,0,0,0
136,GENERAL,5,0,0,0,0,0,0,0,0,0
137,GENERAL,5,0,0,0,0,0,0,0,0,0
138,GENERAL,5,0,0,0,0,0,0,0,0,0
139,GENERAL,5,0,0,0,0,0,0,0,0,0
140,GENERAL,5,0,0,0,0,0,0,0,0,0
141,GENERAL,5,0,0,0,0,0,0,0,0,0
142,GENERAL,5,0,0,0,0,0,0,0,0,0
143,GENERAL,5,0,0,0,0,0,0,0,0,0
144,GENERAL,5,0,0,0,0,0,0,0,0,0
145,GENERAL,5,0,0,0,0,0,0,0,0,0
146,GENERAL,5,0,0,0,0,0,0,0,0,0
147,GENERAL,5,0,0,0,0,0,0,0,0,0
148,GENERAL,5,0,0,0,0,0,0,0,0,0
149,GENERAL,5,0,0,0,0,0,0,0,0,0
150,GENERAL,5,0,0,0,0,0,0,0,0,0
151,GENERAL,5,0,0,0,0,0,0,0,0,0
152,GENERAL,5,0,0,0,0,0,0,0,0,0
153,GENERAL,5,0,0,0,0,0,0,0,0,0
154,GENERAL,5,0,0,0,0,0,0,0,0,0
155,GENERAL,5,0,0,0,0,0,0,0,0,0
156,GENERAL,5,0,0,0,0,0,0,0,0,0
157,GENERAL,5,0,0,0,0,0,0,0,0,0
158,GENERAL,5,0,0,0,0,0,0,0,0,0
159,GENERAL,5,0,0,0,0,0,0,0,0,0
160,GENERAL,5,0,0,0,0,0,0,0,0,0
161,GENERAL,5,0,0,0,0,0,0,0,0,0
162,GENERAL,5,0,0,0,0,0,0,0,0,0
163,GENERAL,5,0,0,0,0,0,0,0,0,0
164,GENERAL,5,0,0,0,0,0,0,0,0,0
165,GENERAL,5,0,0,0,0,0,0,0,0,0
166,GENERAL,5,0,0,0,0,0,0,0,0,0
167,GENERAL,5,0,0,0,0,0,0,0,0,0
168,GENERAL,5,0,0,0,0,0,0,0,0,0
169,GENERAL,5,0,0,0,0,0,0,0,0,0
170,GENERAL,5,0,0,0,0,0,0,0,0,0
171,GENERAL,5,0,0,0,0,0,0,0,0,0
172,GENERAL,5,0,0,0,0,0,0,0,0,0
173,GENERAL,5,0,0,0,0,0,0,0,0,0
174,GENERAL,5,0,0,0,0,0,0,0,0,0
175,GENERAL,5,0,0,0,0,0,0,0,0,0
176,GENERAL,5,0,0,0,0,0,0,0,0,0
177,GENERAL,5,0,0,0,0,0,0,0,0,0
178,GENERAL,5,0,0,0,0,0,0,0,0,0
179,GENERAL,5,0,0,0,0,0,0,0,0,0
180,GENERAL,5,0,0,0,0,0,0,0,0,0
181,GENERAL,5,0,0,0,0,0,0,0,0,0
182,GENERAL,5,0,0,0,0,0,0,0,0,0
183,GENERAL,5,0,0,0,0,0,0,0,0,0
184,GENERAL,5,0,0,0,0,0,0,0,0,0
185,GENERAL,5,0,0,0,0,0,0,0,0,0
186,GENERAL,5,0,0,0,0,0,0,0,0,0
187,GENERAL,5,0,0,0,0,0,0,0,0,0
188,GENERAL,5,0,0,0,0,0,0,0,0,0
189,GENERAL,5,0,0,0,0,0,0,0,0,0
190,GENERAL,5,0,0,0,0,0,0,0,0,0
191,GENERAL,5,0,0,0,0,0,0,0,0,0
192,GENERAL,5,0,0,0,0,0,0,0,0,0
193,GENERAL,5,0,0,0,0,0,0,0,0,0
194,GENERAL,5,0,0,0,0,0,0,0,0,0
195,GENERAL,5,0,0,0,0,0,0,0,0,0
196,GENERAL,5,0,0,0,0,0,0,0,0,0
197,GENERAL,5,0,0,0,0,0,0,0,0,0
198,GENERAL,5,0,0,0,0,0,0,0,0,0
199,GENERAL,5,0,0,0,0,0,0,0,0,0
200,GENERAL,5,0,0,0,0,0,0,0,0,0
201,GENERAL,5,0,0,0,0,0,0,0,0,0
202,GENERAL,5,0,0,0,0,0,0,0,0,0
203,GENERAL,5,0,0,0,0,0,0,0,0,0
204,GENERAL,5,0,0,0,0,0,0,0,0,0
205,GENERAL,5,0,0,0,0,0,0,0,0,0
206,GENERAL,5,0,0,0,0,0,0,0,0,0
207,GENERAL,5,0,0,0,0,0,0,0,0,0
208,GENERAL,5,0,0,0,0,0,0,0,0,0
209,GENERAL,5,0,0,0,0,0,0,0,0,0
210,GENERAL,5,0,0,0,0,0,0,0,0,0
211,GENERAL,5,0,0,0,0,0,0,0,0,0
212,GENERAL,5,0,0,0,0,0,0,0,0,0
213,GENERAL,5,0,0,0,0,0,0,0,0,0
214,GENERAL,5,0,0,0,0,0,0,0,0,0
215,GENERAL,5,0,0,0,0,0,0,0,0,0
216,GENERAL,5,0,0,0,0,0,0,0,0,0
217,GENERAL,5,0,0,0,0,0,0,0,0,0
218,GENERAL,5,0,0,0,0,0,0,0,0,0
219,GENERAL,5,0,0,0,0,0,0,0,0,0
220,GENERAL,5,0,0,0,0,0,0,0,0,0
221,GENERAL,5,0,0,0,0,0,0,0,0,0
222,GENERAL,5,0,0,0,0,0,0,0,0,0
223,GENERAL,5,0,0,0,0,0,0,0,0,0
224,GENERAL,5,0,0,0,0,0,0,0,0,0
225,GENERAL,5,0,0,0,0,0,0,0,0,0
226,GENERAL,5,0,0,0,0,0,0,0,0,0
227,GENERAL,5,0,0,0,0,0,0,0,0,0
228,GENERAL,5,0,0,0,0,0,0,0,0,0
229,GENERAL,5,0,0,0,0,0,0,0,0,0
230,GENERAL,5,0,0,0,0,0,0,0,0,0
231,GENERAL,5,0,0,0,0,0,0,0,0,0
232,GENERAL,5,0,0,0,0,0,0,0,0,0
233,GENERAL,5,0,0,0,0,0,0,0,0,0
234,GENERAL,5,0,0,0,0,0,0,0,0,0
235,GENERAL,5,0,0,0,0,0,0,0,0,0
236,GENERAL,5,0,0,0,0,0,0,0,0,0
237,GENERAL,5,0,0,0,0,0,0,0,0,0
238,GENERAL,5,0,0,0,0,0,0,0,0,0
239,GENERAL,5,0,0,0,0,0,0,0,0,0
240,GENERAL,5,0,0,0,0,0,0,0,0,0
241,GENERAL,5,0,0,0,0,0,0,0,0,0
242,GENERAL,5,0,0,0,0,0,0,0,0,0
243,GENERAL,5,0,0,0,0,0,0,0,0,0
244,GENERAL,5,0,0,0,0,0,0,0,0,0
245,GENERAL,5,0,0,0,0,0,0,0,0,0
246,GENERAL,5,0,0,0,0,0,0,0,0,0
247,GENERAL,5,0,0,0,0,0,0,0,0,0
248,GENERAL,5,0,0,0,0,0,0,0,0,0
249,GENERAL,5,0,0,0,0,0,0,0,0,0
250,GENERAL,5,0,0,0,0,0,0,0,0,0
251,GENERAL,5,0,0,0,0,0,0,0,0,0
252,GENERAL,5,0,0,0,0,0,0,0,0,0
253,GENERAL,5,0,0,0,0,0,0,0,0,0
254,GENERAL,5,0,0,0,0,0,0,0,0,0
255,GENERAL,5,0,0,0,0,0,0,0,0,0
256,GENERAL,5,0,0,0,0,0,0,0,0,0
257,GENERAL,5,0,0,0,0,0,0,0,0,0
258,GENERAL,5,0,0,0,0,0,0,0,0,0
259,GENERAL,5,0,0,0,0,0,0,0,0,0
260,GENERAL,5,0,0,0,0,0,0,0,0,0
261,GENERAL,5,0,0,0,0,0,0,0,0,0
262,GENERAL,5,0,0,0,0,0,0,0,0,0
263,GENERAL,5,0,0,0,0,0,0,0,0,0
264,GENERAL,5,0,0,0,0,0,0,0,0,0
265,GENERAL,5,0,0,0,0,0,0,0,0,0
266,GENERAL,5,0,0,0,0,0,0,0,0,0
267,GENERAL,5,0,0,0,0,0,0,0,0,0
268,GENERAL,5,0,0,0,0,0,0,0,0,0
269,GENERAL,5,0,0,0,0,0,0,0,0,0
270,GENERAL,5,0,0,0,0,0,0,0,0,0
271,GENERAL,5,0,0,0,0,0,0,0,0,0
272,GENERAL,5,0,0,0,0,0,0,0,0,0
273,GENERAL,5,0,0,0,0,0,0,0,0,0
274,GENERAL,5,0,0,0,0,0,0,0,0,0
275,GENERAL,5,0,0,0,0,0,0,0,0,0
276,GENERAL,5,0,0,0,0,0,0,0,0,0
277,GENERAL,5,0,0,0,0,0,0,0,0,0
278,GENERAL,5,0,0,0,0,0,0,0,0,0
279,GENERAL,5,0,0,0,0,0,0,0,0,0
280,GENERAL,5,0,0,0,0,0,0,0,0,0
281,GENERAL,5,0,0,0,0,0,0,0,0,0
282,GENERAL,5,0,0,0,0,0,0,0,0,0
283,GENERAL,5,0,0,0,0,0,0,0,0,0
284,GENERAL,5,0,0,0,0,0,0,0,0,0
285,GENERAL,5,0,0,0,0,0,0,0,0,0
286,GENERAL,5,0,0,0,0,0,0,0,0,0
287,GENERAL,5,0,0,0,0,0,0,0,0,0
288,GENERAL,5,0,0,0,0,0,0,0,0,0
289,GENERAL,5,0,0,0,0,0,0,0,0,0
290,GENERAL,5,0,0,0,0,0,0,0,0,0
291,GENERAL,5,0,0,0,0,0,0,0,0,0
292,GENERAL,5,0,0,0,0,0,0,0,0,0
293,GENERAL,5,0,0,0,0,0,0,0,0,0
294,GENERAL,5,0,0,0,0,0,0,0,0,0
295,GENERAL,5,0,0,0,0,0,0,0,0,0
296,GENERAL,5,0,0,0,0,0,0,0,0,0
297,GENERAL,5,0,0,0,0,0,0,0,0,0
298,GENERAL,5,0,0,0,0,0,0,0,0,0
299,GENERAL,5,0,0,0,0,0,0,0,0,0
300,GENERAL,5,0,0,0,0,0,0,0,0,0
301,GENERAL,5,0,0,0,0,0,0,0,0,0
302,GENERAL,5,0,0,0,0,0,0,0,0,0
303,GENERAL,5,0,0,0,0,0,0,0,0,0
304,GENERAL,5,0,0,0,0,0,0,0,0,0
305,GENERAL,5,0,0,0,0,0,0,0,0,0
306,GENERAL,5,0,0,0,0,0,0,0,0,0
307,GENERAL,5,0,0,0,0,0,0,0,0,0
308,GENERAL,5,0,0,0,0,0,0,0,0,0
309,GENERAL,5,0,0,0,0,0,0,0,0,0
310,GENERAL,5,0,0,0,0,0,0,0,0,0
311,GENERAL,5,0,0,0,0,0,0,0,0,0
312,GENERAL,5,0,0,0,0,0,0,0,0,0
313,GENERAL,5,0,0,0,0,0,0,0,0,0
314,GENERAL,5,0,0,0,0,0,0,0,0,0
315,GENERAL,5,0,0,0,0,0,0,0,0,0
316,GENERAL,5,0,0,0,0,0,0,0,0,0
317,GENERAL,5,0,0,0,0,0,0,0,0,0
318,GENERAL,5,0,0,0,0,0,0,0,0,0
319,GENERAL,5,0,0,0,0,0,0,0,0,0
320,GENERAL,5,0,0,0,0,0,0,0,0,0
321,GENERAL,5,0,0,0,0,0,0,0,0,0
322,GENERAL,5,0,0,0,0,0,0,0,0,0
323,GENERAL,5,0,0,0,0,0,0,0,0,0
324,GENERAL,5,0,0,0,0,0,0,0,0,0
325,GENERAL,5,0,0,0,0,0,0,0,0,0
326,GENERAL,5,0,0,0,0,0,0,0,0,0
327,GENERAL,5,0,0,0,0,0,0,0,0,0
328,GENERAL,5,0,0,0,0,0,0,0,0,0
329,GENERAL,5,0,0,0,0,0,0,0,0,0
330,GENERAL,5,0,0,0,0,0,0,0,0,0
331,GENERAL,5,0,0,0,0,0,0,0,0,0
332,GENERAL,5,0,0,0,0,0,0,0,0,0
333,GENERAL,5,0,0,0,0,0,0,0,0,0
334,GENERAL,5,0,0,0,0,0,0,0,0,0
335,GENERAL,5,0,0,0,0,0,0,0,0,0
336,GENERAL,5,0,0,0,0,0,0,0,0,0
337,GENERAL,5,0,0,0,0,0,0,0,0,0
338,GENERAL,5,0,0,0,0,0,0,0,0,0
339,GENERAL,5,0,0,0,0,0,0,0,0,0
340,GENERAL,5,0,0,0,0,0,0,0,0,0
341,GENERAL,5,0,0,0,0,0,0,0,0,0
342,GENERAL,5,0,0,0,0,0,0,0,0,0
343,GENERAL,5,0,0,0,0,0,0,0,0,0
344,GENERAL,5,0,0,0,0,0,0,0,0,0
345,GENERAL,5,0,0,0,0,0,0,0,0,0
346,GENERAL,5,0,0,0,0,0,0,0,0,0
347,GENERAL,5,0,0,0,0,0,0,0,0,0
348,GENERAL,5,0,0,0,0,0,0,0,0,0
349,GENERAL,5,0,0,0,0,0,0,0,0,0
350,GENERAL,5,0,0,0,0,0,0,0,0,0
351,GENERAL,5,0,0,0,0,0,0,0,0,0
352,GENERAL,5,0,0,0,0,0,0,0,0,0
353,GENERAL,5,0,0,0,0,0,0,0,0,0
354,GENERAL,5,0,0,0,0,0,0,0,0,0
355,GENERAL,5,0,0,0,0,0,0,0,0,0
356,GENERAL,5,0,0,0,0,0,0,0,0,0
357,GENERAL,5,0,0,0,0,0,0,0,0,0
358,GENERAL,5,0,0,0,0,0,0,0,0,0
359,GENERAL,5,0,0,0,0,0,0,0,0,0
360,GENERAL,5,0,0,0,0,0,0,0,0,0
361,GENERAL,5,0,0,0,0,0,0,0,0,0
362,GENERAL,5,0,0,0,0,0,0,0,0,0
363,GENERAL,5,0,0,0,0,0,0,0,0,0
364,GENERAL,5,0,0,0,0,0,0,0,0,0
365,GENERAL,5,0,0,0,0,0,0,0,0,0
366,GENERAL,5,0,0,0,0,0,0,0,0,0
367,GENERAL,5,0,0,0,0,0,0,0,0,0
368,GENERAL,5,0,0,0,0,0,0,0,0,0
369,GENERAL,5,0,0,0,0,0,0,0,0,0
370,GENERAL,5,0,0,0,0,0,0,0,0,0
371,GENERAL,5,0,0,0,0,0,0,0,0,0
372,GENERAL,5,0,0,0,0,0,0,0,0,0
373,GENERAL,5,0,0,0,0,0,0,0,0,0
374,GENERAL,5,0,0,0,0,0,0,0,0,0
375,GENERAL,5,0,0,0,0,0,0,0,0,0
376,GENERAL,5,0,0,0,0,0,0,0,0,0
377,GENERAL,5,0,0,0,0,0,0,0,0,0
378,GENERAL,5,0,0,0,0,0,0,0,0,0
379,GENERAL,5,0,0,0,0,0,0,0,0,0
380,GENERAL,5,0,0,0,0,0,0,0,0,0
381,GENERAL,5,0,0,0,0,0,0,0,0,0
382,GENERAL,5,0,0,0,0,0,0,0,0,0
383,GENERAL,5,0,0,0,0,0,0,0,0,0
384,GENERAL,5,0,0,0,0,0,0,0,0,0
385,GENERAL,5,0,0,0,0,0,0,0,0,0
386,GENERAL,5,0,0,0,0,0,0,0,0,0
387,GENERAL,5,0,0,0,0,0,0,0,0,0
388,GENERAL,5,0,0,0,0,0,0,0,0,0
389,GENERAL,5,0,0,0,0,0,0,0,0,0
390,GENERAL,5,0,0,0,0,0,0,0,0,0
391,GENERAL,5,0,0,0,0,0,0,0,0,0
392,GENERAL,5,0,0,0,0,0,0,0,0,0
393,GENERAL,5,0,0,0,0,0,0,0,0,0
394,GENERAL,5,0,0,0,0,0,0,0,0,0
395,GENERAL,5,0,0,0,0,0,0,0,0,0
396,GENERAL,5,0,0,0,0,0,0,0,0,0
397,GENERAL,5,0,0,0,0,0,0,0,0,0
398,GENERAL,5,0,0,0,0,0,0,0,0,0
399,GENERAL,5,0,0,0,0,0,0,0,0,0
400,GENERAL,5,0,0,0,0,0,0,0,0,0
401,GENERAL,5,0,0,0,0,0,0,0,0,0
402,GENERAL,5,0,0,0,0,0,0,0,0,0
403,GENERAL,5,0,0,0,0,0,0,0,0,0
404,GENERAL,5,0,0,0,0,0,0,0,0,0
405,GENERAL,5,0,0,0,0,0,0,0,0,0
406,GENERAL,5,0,0,0,0,0,0,0,0,0
407,GENERAL,5,0,0,0,0,0,0,0,0,0
408,GENERAL,5,0,0,0,0,0,0,0,0,0
409,GENERAL,5,0,0,0,0,0,0,0,0,0
410,GENERAL,5,0,0,0,0,0,0,0,0,0
411,GENERAL,5,0,0,0,0,0,0,0,0,0
412,GENERAL,5,0,0,0,0,0,0,0,0,0
413,GENERAL,5,0,0,0,0,0,0,0,0,0
414,GENERAL,5,0,0,0,0,0,0,0,0,0
415,GENERAL,5,0,0,0,0,0,0,0,0,0
416,GENERAL,5,0,0,0,0,0,0,0,0,0
417,GENERAL,5,0,0,0,0,0,0,0,0,0
418,GENERAL,5,0,0,0,0,0,0,0,0,0
419,GENERAL,5,0,0,0,0,0,0,0,0,0
420,GENERAL,5,0,0,0,0,0,0,0,0,0
421,GENERAL,5,0,0,0,0,0,0,0,0,0
422,GENERAL,5,0,0,0,0,0,0,0,0,0
423,GENERAL,5,0,0,0,0,0,0,0,0,0
424,GENERAL,5,0,0,0,0,0,0,0,0,0
425,GENERAL,5,0,0,0,0,0,0,0,0,0
426,GENERAL,5,0,0,0,0,0,0,0,0,0
427,GENERAL,5,0,0,0,0,0,0,0,0,0
428,GENERAL,5,0,0,0,0,0,0,0,0,0
429,GENERAL,5,0,0,0,0,0,0,0,0,0
430,GENERAL,5,0,0,0,0,0,0,0,0,0
431,GENERAL,5,0,0,0,0,0,0,0,0,0
432,GENERAL,5,0,0,0,0,0,0,0,0,0
433,GENERAL,5,0,0,0,0,0,0,0,0,0
434,GENERAL,5,0,0,0,0,0,0,0,0,0
435,GENERAL,5,0,0,0,0,0,0,0,0,0
436,GENERAL,5,0,0,0,0,0,0,0,0,0
437,GENERAL,5,0,0,0,0,0,0,0,0,0
438,GENERAL,5,0,0,0,0,0,0,0,0,0
439,GENERAL,5,0,0,0,0,0,0,0,0,0
440,GENERAL,5,0,0,0,0,0,0,0,0,0
441,GENERAL,5,0,0,0,0,0,0,0,0,0
442,GENERAL,5,0,0,0,0,0,0,0,0,0
443,GENERAL,5,0,0,0,0,0,0,0,0,0
444,GENERAL,5,0,0,0,0,0,0,0,0,0
445,GENERAL,5,0,0,0,0,0,0,0,0,0
446,GENERAL,5,0,0,0,0,0,0,0,0,0
447,GENERAL,5,0,0,0,0,0,0,0,0,0
448,GENERAL,5,0,0,0,0,0,0,0,0,0
449,GENERAL,5,0,0,0,0,0,0,0,0,0
450,GENERAL,5,0,0,0,0,0,0,0,0,0
451,GENERAL,5,0,0,0,0,0,0,0,0,0
452,GENERAL,5,0,0,0,0,0,0,0,0,0
453,GENERAL,5,0,0,0,0,0,0,0,0,0
454,GENERAL,5,0,0,0,0,0,0,0,0,0
455,GENERAL,5,0,0,0,0,0,0,0,0,0
456,GENERAL,5,0,0,0,0,0,0,0,0,0
457,GENERAL,5,0,0,0,0,0,0,0,0,0
458,GENERAL,5,0,0,0,0,0,0,0,0,0
459,GENERAL,5,0,0,0,0,0,0,0,0,0
460,GENERAL,5,0,0,0,0,0,0,0,0,0
461,GENERAL,5,0,0,0,0,0,0,0,0,0
462,GENERAL,5,0,0,0,0,0,0,0,0,0
463,GENERAL,5,0,0,0,0,0,0,0,0,0
464,GENERAL,5,0,0,0,0,0,0,0,0,0
465,GENERAL,5,0,0,0,0,0,0,0,0,0
466,GENERAL,5,0,0,0,0,0,0,0,0,0
467,GENERAL,5,0,0,0,0,0,0,0,0,0
468,GENERAL,5,0,0,0,0,0,0,0,0,0
469,GENERAL,5,0,0,0,0,0,0,0,0,0
470,GENERAL,5,0,0,0,0,0,0,0,0,0
471,GENERAL,5,0,0,0,0,0,0,0,0,0
472,GENERAL,5,0,0,0,0,0,0,0,0,0
473,GENERAL,5,0,0,0,0,0,0,0,0,0
474,GENERAL,5,0,0,0,0,0,0,0,0,0
475,GENERAL,5,0,0,0,0,0,0,0,0,0
476,GENERAL,5,0,0,0,0,0,0,0,0,0
477,GENERAL,5,0,0,0,0,0,0,0,0,0
478,GENERAL,5,0,0,0,0,0,0,0,0,0
479,GENERAL,5,0,0,0,0,0,0,0,0,0
480,GENERAL,5,0,0,0,0,0,0,0,0,0
481,GENERAL,5,0,0,0,0,0,0,0,0,0
482,GENERAL,5,0,0,0,0,0,0,0,0,0
483,GENERAL,5,0,0,0,0,0,0,0,0,0
484,GENERAL,5,0,0,0,0,0,0,0,0,0
485,GENERAL,5,0,0,0,0,0,0,0,0,0
486,GENERAL,5,0,0,0,0,0,0,0,0,0
487,GENERAL,5,0,0,0,0,0,0,0,0,0
488,GENERAL,5,0,0,0,0,0,0,0,0,0
489,GENERAL,5,0,0,0,0,0,0,0,0,0
490,GENERAL,5,0,0,0,0,0,0,0,0,0
491,GENERAL,5,0,0,0,0,0,0,0,0,0
492,GENERAL,5,0,0,0,0,0,0,0,0,0
493,GENERAL,5,0,0,0,0,0,0,0,0,0
494,GENERAL,5,0,0,0,0,0,0,0,0,0
495,GENERAL,5,0,0,0,0,0,0,0,0,0
496,GENERAL,5,0,0,0,0,0,0,0,0,0
497,GENERAL,5,0,0,0,0,0,0,0,0,0
498,GENERAL,5,0,0,0,0,0,0,0,0,0
499,GENERAL,5,0,0,0,0,0,0,0,0,0
500,GENERAL,5,0,0,0,0,0,0,0,0,0
501,GENERAL,5,0,0,0,0,0,0,0,0,0
502,GENERAL,5,0,0,0,0,0,0,0,0,0
503,GENERAL,5,0,0,0,0,0,0,0,0,0
504,GENERAL,5,0,0,0,0,0,0,0,0,0
505,GENERAL,5,0,0,0,0,0,0,0,0,0
506,GENERAL,5,0,0,0,0,0,0,0,0,0
507,GENERAL,5,0,0,0,0,0,0,0,0,0
508,GENERAL,5,0,0,0,0,0,0,0,0,0
509,GENERAL,5,0,0,0,0,0,0,0,0,0
510,GENERAL,5,0,0,0,0,0,0,0,0,0
511,GENERAL,5,0,0,0,0,0,0,0,0,0
512,GENERAL,5,0,0,0,0,0,0,0,0,0
513,GENERAL,5,0,0,0,0,0,0,0,0,0
514,GENERAL,5,0,0,0,0,0,0,0,0,0
515,GENERAL,5,0,0,0,0,0,0,0,0,0
516,GENERAL,5,0,0,0,0,0,0,0,0,0
517,GENERAL,5,0,0,0,0,0,0,0,0,0
518,GENERAL,5,0,0,0,0,0,0,0,0,0
519,GENERAL,5,0,0,0,0,0,0,0,0,0
520,GENERAL,5,0,0,0,0,0,0,0,0,0
521,GENERAL,5,0,0,0,0,0,0,0,0,0
522,GENERAL,5,0,0,0,0,0,0,0,0,0
523,GENERAL,5,0,0,0,0,0,0,0,0,0
524,GENERAL,5,0,0,0,0,0,0,0,0,0
525,GENERAL,5,0,0,0,0,0,0,0,0,0
526,GENERAL,5,0,0,0,0,0,0,0,0,0
527,GENERAL,5,0,0,0,0,0,0,0,0,0
528,GENERAL,5,0,0,0,0,0,0,0,0,0
529,GENERAL,5,0,0,0,0,0,0,0,0,0
530,GENERAL,5,0,0,0,0,0,0,0,0,0
531,GENERAL,5,0,0,0,0,0,0,0,0,0
532,GENERAL,5,0,0,0,0,0,0,0,0,0
533,GENERAL,5,0,0,0,0,0,0,0,0,0
534,GENERAL,5,0,0,0,0,0,0,0,0,0
535,GENERAL,5,0,0,0,0,0,0,0,0,0
536,GENERAL,5,0,0,0,0,0,0,0,0,0
537,GENERAL,5,0,0,0,0,0,0,0,0,0
538,GENERAL,5,0,0,0,0,0,0,0,0,0
539,GENERAL,5,0,0,0,0,0,0,0,0,0
540,GENERAL,5,0,0,0,0,0,0,0,0,0
541,GENERAL,5,0,0,0,0,0,0,0,0,0
542,GENERAL,5,0,0,0,0,0,0,0,0,0
543,GENERAL,5,0,0,0,0,0,0,0,0,0
544,GENERAL,5,0,0,0,0,0,0,0,0,0
545,GENERAL,5,0,0,0,0,0,0,0,0,0
546,GENERAL,5,0,0,0,0,0,0,0,0,0
547,GENERAL,5,0,0,0,0,0,0,0,0,0
548,GENERAL,5,0,0,0,0,0,0,0,0,0
549,GENERAL,5,0,0,0,0,0,0,0,0,0
550,GENERAL,5,0,0,0,0,0,0,0,0,0
551,GENERAL,5,0,0,0,0,0,0,0,0,0
552,GENERAL,5,0,0,0,0,0,0,0,0,0
553,GENERAL,5,0,0,0,0,0,0,0,0,0
554,GENERAL,5,0,0,0,0,0,0,0,0,0
555,GENERAL,5,0,0,0,0,0,0,0,0,0
556,GENERAL,5,0,0,0,0,0,0,0,0,0
557,GENERAL,5,0,0,0,0,0,0,0,0,0
558,GENERAL,5,0,0,0,0,0,0,0,0,0
559,GENERAL,5,0,0,0,0,0,0,0,0,0
560,GENERAL,5,0,0,0,0,0,0,0,0,0
561,GENERAL,5,0,0,0,0,0,0,0,0,0
562,GENERAL,5,0,0,0,0,0,0,0,0,0
563,GENERAL,5,0,0,0,0,0,0,0,0,0
564,GENERAL,5,0,0,0,0,0,0,0,0,0
565,GENERAL,5,0,0,0,0,0,0,0,0,0
566,GENERAL,5,0,0,0,0,0,0,0,0,0
567,GENERAL,5,0,0,0,0,0,0,0,0,0
568,GENERAL,5,0,0,0,0,0,0,0,0,0
569,GENERAL,5,0,0,0,0,0,0,0,0,0
570,GENERAL,5,0,0,0,0,0,0,0,0,0
571,GENERAL,5,0,0,0,0,0,0,0,0,0
572,GENERAL,5,0,0,0,0,0,0,0,0,0
573,GENERAL,5,0,0,0,0,0,0,0,0,0
574,GENERAL,5,0,0,0,0,0,0,0,0,0
575,GENERAL,5,0,0,0,0,0,0,0,0,0
576,GENERAL,5,0,0,0,0,0,0,0,0,0
577,GENERAL,5,0,0,0,0,0,0,0,0,0
578,GENERAL,5,0,0,0,0,0,0,0,0,0
579,GENERAL,5,0,0,0,0,0,0,0,0,0
580,GENERAL,5,0,0,0,0,0,0,0,0,0
581,GENERAL,5,0,0,0,0,0,0,0,0,0
582,GENERAL,5,0,0,0,0,0,0,0,0,0
583,GENERAL,5,0,0,0,0,0,0,0,0,0
584,GENERAL,5,0,0,0,0,0,0,0,0,0
585,GENERAL,5,0,0,0,0,0,0,0,0,0
586,GENERAL,5,0,0,0,0,0,0,0,0,0
587,GENERAL,5,0,0,0,0,0,0,0,0,0
588,GENERAL,5,0,0,0,0,0,0,0,0,0
589,GENERAL,5,0,0,0,0,0,0,0,0,0
590,GENERAL,5,0,0,0,0,0,0,0,0,0
591,GENERAL,5,0,0,0,0,0,0,0,0,0
592,GENERAL,5,0,0,0,0,0,0,0,0,0
593,GENERAL,5,0,0,0,0,0,0,0,0,0
594,GENERAL,5,0,0,0,0,0,0,0,0,0
595,GENERAL,5,0,0,0,0,0,0,0,0,0
596,GENERAL,5,0,0,0,0,0,0,0,0,0
597,GENERAL,5,0,0,0,0,0,0,0,0,0
598,GENERAL,5,0,0,0,0,0,0,0,0,0
599,GENERAL,5,0,0,0,0,0,0,0,0,0
600,GENERAL,5,0,0,0,0,0,0,0,0,0
601,GENERAL,5,0,0,0,0,0,0,0,0,0
602,GENERAL,5,0,0,0,0,0,0,0,0,0
603,GENERAL,5,0,0,0,0,0,0,0,0,0
604,GENERAL,5,0,0,0,0,0,0,0,0,0
605,GENERAL,5,0,0,0,0,0,0,0,0,0
606,GENERAL,5,0,0,0,0,0,0,0,0,0
607,GENERAL,5,0,0,0,0,0,0,0,0,0
608,GENERAL,5,0,0,0,0,0,0,0,0,0
609,GENERAL,5,0,0,0,0,0,0,0,0,0
610,GENERAL,5,0,0,0,0,0,0,0,0,0
611,GENERAL,5,0,0,0,0,0,0,0,0,0
612,GENERAL,5,0,0,0,0,0,0,0,0,0
613,GENERAL,5,0,0,0,0,0,0,0,0,0
614,GENERAL,5,0,0,0,0,0,0,0,0,0
615,GENERAL,5,0,0,0,0,0,0,0,0,0
616,GENERAL,5,0,0,0,0,0,0,0,0,0
617,GENERAL,5,0,0,0,0,0,0,0,0,0
618,GENERAL,5,0,0,0,0,0,0,0,0,0
619,GENERAL,5,0,0,0,0,0,0,0,0,0
620,GENERAL,5,0,0,0,0,0,0,0,0,0
621,GENERAL,5,0,0,0,0,0,0,0,0,0
622,GENERAL,5,0,0,0,0,0,0,0,0,0
623,GENERAL,5,0,0,0,0,0,0,0,0,0
624,GENERAL,5,0,0,0,0,0,0,0,0,0
625,GENERAL,5,0,0,0,0,0,0,0,0,0
626,GENERAL,5,0,0,0,0,0,0,0,0,0
627,GENERAL,5,0,0,0,0,0,0,0,0,0
628,GENERAL,5,0,0,0,0,0,0,0,0,0
629,GENERAL,5,0,0,0,0,0,0,0,0,0
630,GENERAL,5,0,0,0,0,0,0,0,0,0
631,GENERAL,5,0,0,0,0,0,0,0,0,0
632,GENERAL,5,0,0,0,0,0,0,0,0,0
633,GENERAL,5,0,0,0,0,0,0,0,0,0
634,GENERAL,5,0,0,0,0,0,0,0,0,0
635,GENERAL,5,0,0,0,0,0,0,0,0,0
636,GENERAL,5,0,0,0,0,0,0,0,0,0
637,GENERAL,5,0,0,0,0,0,0,0,0,0
638,GENERAL,5,0,0,0,0,0,0,0,0,0
639,GENERAL,5,0,0,0,0,0,0,0,0,0
640,GENERAL,5,0,0,0,0,0,0,0,0,0
641,GENERAL,5,0,0,0,0,0,0,0,0,0
642,GENERAL,5,0,0,0,0,0,0,0,0,0
643,GENERAL,5,0,0,0,0,0,0,0,0,0
644,GENERAL,5,0,0,0,0,0,0,0,0,0
645,GENERAL,5,0,0,0,0,0,0,0,0,0
646,GENERAL,5,0,0,0,0,0,0,0,0,0
647,GENERAL,5,0,0,0,0,0,0,0,0,0
648,GENERAL,5,0,0,0,0,0,0,0,0,0
649,GENERAL,5,0,0,0,0,0,0,0,0,0
650,GENERAL,5,0,0,0,0,0,0,0,0,0
651,GENERAL,5,0,0,0,0,0,0,0,0,0
652,GENERAL,5,0,0,0,0,0,0,0,0,0
653,GENERAL,5,0,0,0,0,0,0,0,0,0
654,GENERAL,5,0,0,0,0,0,0,0,0,0
655,GENERAL,5,0,0,0,0,0,0,0,0,0
656,GENERAL,5,0,0,0,0,0,0,0,0,0
657,GENERAL,5,0,0,0,0,0,0,0,0,0
658,GENERAL,5,0,0,0,0,0,0,0,0,0
659,GENERAL,5,0,0,0,0,0,0,0,0,0
660,GENERAL,5,0,0,0,0,0,0,0,0,0
661,GENERAL,5,0,0,0,0,0,0,0,0,0
662,GENERAL,5,0,0,0,0,0,0,0,0,0
663,GENERAL,5,0,0,0,0,0,0,0,0,0
664,GENERAL,5,0,0,0,0,0,0,0,0,0
665,GENERAL,5,0,0,0,0,0,0,0,0,0
666,GENERAL,5,0,0,0,0,0,0,0,0,0
667,GENERAL,5,0,0,0,0,0,0,0,0,0
668,GENERAL,5,0,0,0,0,0,0,0,0,0
669,GENERAL,5,0,0,0,0,0,0,0,0,0
670,GENERAL,5,0,0,0,0,0,0,0,0,0
671,GENERAL,5,0,0,0,0,0,0,0,0,0
672,GENERAL,5,0,0,0,0,0,0,0,0,0
673,GENERAL,5,0,0,0,0,0,0,0,0,0
674,GENERAL,5,0,0,0,0,0,0,0,0,0
675,GENERAL,5,0,0,0,0,0,0,0,0,0
676,GENERAL,5,0,0,0,0,0,0,0,0,0
677,GENERAL,5,0,0,0,0,0,0,0,0,0
678,GENERAL,5,0,0,0,0,0,0,0,0,0
679,GENERAL,5,0,0,0,0,0,0,0,0,0
680,GENERAL,5,0,0,0,0,0,0,0,0,0
681,GENERAL,5,0,0,0,0,0,0,0,0,0
682,GENERAL,5,0,0,0,0,0,0,0,0,0
683,GENERAL,5,0,0,0,0,0,0,0,0,0
684,GENERAL,5,0,0,0,0,0,0,0,0,0
685,GENERAL,5,0,0,0,0,0,0,0,0,0
686,GENERAL,5,0,0,0,0,0,0,0,0,0
687,GENERAL,5,0,0,0,0,0,0,0,0,0
688,GENERAL,5,0,0,0,0,0,0,0,0,0
689,GENERAL,5,0,0,0,0,0,0,0,0,0
690,GENERAL,5,0,0,0,0,0,0,0,0,0
691,GENERAL,5,0,0,0,0,0,0,0,0,0
692,GENERAL,5,0,0,0,0,0,0,0,0,0
693,GENERAL,5,0,0,0,0,0,0,0,0,0
694,GENERAL,5,0,0,0,0,0,0,0,0,0
695,GENERAL,5,0,0,0,0,0,0,0,0,0
696,GENERAL,5,0,0,0,0,0,0,0,0,0
697,GENERAL,5,0,0,0,0,0,0,0,0,0
698,GENERAL,5,0,0,0,0,0,0,0,0,0
699,GENERAL,5,0,0,0,0,0,0,0,0,0
700,GENERAL,5,0,0,0,0,0,0,0,0,0
701,GENERAL,5,0,0,0,0,0,0,0,0,0
702,GENERAL,5,0,0,0,0,0,0,0,0,0
703,GENERAL,5,0,0,0,0,0,0,0,0,0
704,GENERAL,5,0,0,0,0,0,0,0,0,0
705,GENERAL,5,0,0,0,0,0,0,0,0,0
706,GENERAL,5,0,0,0,0,0,0,0,0,0
707,GENERAL,5,0,0,0,0,0,0,0,0,0
708,GENERAL,5,0,0,0,0,0,0,0,0,0
709,GENERAL,5,0,0,0,0,0,0,0,0,0
710,GENERAL,5,0,0,0,0,0,0,0,0,0
711,GENERAL,5,0,0,0,0,0,0,0,0,0
712,GENERAL,5,0,0,0,0,0,0,0,0,0
713,GENERAL,5,0,0,0,0,0,0,0,0,0
714,GENERAL,5,0,0,0,0,0,0,0,0,0
715,GENERAL,5,0,0,0,0,0,0,0,0,0
716,GENERAL,5,0,0,0,0,0,0,0,0,0
717,GENERAL,5,0,0,0,0,0,0,0,0,0
718,GENERAL,5,0,0,0,0,0,0,0,0,0
719,GENERAL,5,0,0,0,0,0,0,0,0,0
720,GENERAL,5,0,0,0,0,0,0,0,0,0
721,GENERAL,5,0,0,0,0,0,0,0,0,0
722,GENERAL,5,0,0,0,0,0,0,0,0,0
723,GENERAL,5,0,0,0,0,0,0,0,0,0
724,GENERAL,5,0,0,0,0,0,0,0,0,0
725,GENERAL,5,0,0,0,0,0,0,0,0,0
726,GENERAL,5,0,0,0,0,0,0,0,0,0
727,GENERAL,5,0,0,0,0,0,0,0,0,0
728,GENERAL,5,0,0,0,0,0,0,0,0,0
729,GENERAL,5,0,0,0,0,0,0,0,0,0
730,GENERAL,5,0,0,0,0,0,0,0,0,0
731,GENERAL,5,0,0,0,0,0,0,0,0,0
732,GENERAL,5,0,0,0,0,0,0,0,0,0
733,GENERAL,5,0,0,0,0,0,0,0,0,0
734,GENERAL,5,0,0,0,0,0,0,0,0,0
735,GENERAL,5,0,0,0,0,0,0,0,0,0
736,GENERAL,5,0,0,0,0,0,0,0,0,0
737,GENERAL,5,0,0,0,0,0,0,0,0,0
738,GENERAL,5,0,0,0,0,0,0,0,0,0
739,GENERAL,5,0,0,0,0,0,0,0,0,0
740,GENERAL,5,0,0,0,0,0,0,0,0,0
741,GENERAL,5,0,0,0,0,0,0,0,0,0
742,GENERAL,5,0,0,0,0,0,0,0,0,0
743,GENERAL,5,0,0,0,0,0,0,0,0,0
744,GENERAL,5,0,0,0,0,0,0,0,0,0
745,GENERAL,5,0,0,0,0,0,0,0,0,0
746,GENERAL,5,0,0,0,0,0,0,0,0,0
747,GENERAL,5,0,0,0,0,0,0,0,0,0
748,GENERAL,5,0,0,0,0,0,0,0,0,0
749,GENERAL,5,0,0,0,0,0,0,0,0,0
750,GENERAL,5,0,0,0,0,0,0,0,0,0
751,GENERAL,5,0,0,0,0,0,0,0,0,0
752,GENERAL,5,0,0,0,0,0,0,0,0,0
753,GENERAL,5,0,0,0,0,0,0,0,0,0
754,GENERAL,5,0,0,0,0,0,0,0,0,0
755,GENERAL,5,0,0,0,0,0,0,0,0,0
756,GENERAL,5,0,0,0,0,0,0,0,0,0
757,GENERAL,5,0,0,0,0,0,0,0,0,0
758,GENERAL,5,0,0,0,0,0,0,0,0,0
759,GENERAL,5,0,0,0,0,0,0,0,0,0
760,GENERAL,5,0,0,0,0,0,0,0,0,0
761,GENERAL,5,0,0,0,0,0,0,0,0,0
762,GENERAL,5,0,0,0,0,0,0,0,0,0
763,GENERAL,5,0,0,0,0,0,0,0,0,0
764,GENERAL,5,0,0,0,0,0,0,0,0,0
765,GENERAL,5,0,0,0,0,0,0,0,0,0
766,GENERAL,5,0,0,0,0,0,0,0,0,0
767,GENERAL,5,0,0,0,0,0,0,0,0,0
768,GENERAL,5,0,0,0,0,0,0,0,0,0
769,GENERAL,5,0,0,0,0,0,0,0,0,0
770,GENERAL,5,0,0,0,0,0,0,0,0,0
771,GENERAL,5,0,0,0,0,0,0,0,0,0
772,GENERAL,5,0,0,0,0,0,0,0,0,0
773,GENERAL,5,0,0,0,0,0,0,0,0,0
774,GENERAL,5,0,0,0,0,0,0,0,0,0
775,GENERAL,5,0,0,0,0,0,0,0,0,0
776,GENERAL,5,0,0,0,0,0,0,0,0,0
777,GENERAL,5,0,0,0,0,0,0,0,0,0
778,GENERAL,5,0,0,0,0,0,0,0,0,0
779,GENERAL,5,0,0,0,0,0,0,0,0,0
780,GENERAL,5,0,0,0,0,0,0,0,0,0
781,GENERAL,5,0,0,0,0,0,0,0,0,0
782,GENERAL,5,0,0,0,0,0,0,0,0,0
783,GENERAL,5,0,0,0,0,0,0,0,0,0
784,GENERAL,5,0,0,0,0,0,0,0,0,0
785,GENERAL,5,0,0,0,0,0,0,0,0,0
786,GENERAL,5,0,0,0,0,0,0,0,0,0
787,GENERAL,5,0,0,0,0,0,0,0,0,0
788,GENERAL,5,0,0,0,0,0,0,0,0,0
789,GENERAL,5,0,0,0,0,0,0,0,0,0
790,GENERAL,5,0,0,0,0,0,0,0,0,0
791,GENERAL,5,0,0,0,0,0,0,0,0,0
792,GENERAL,5,0,0,0,0,0,0,0,0,0
793,GENERAL,5,0,0,0,0,0,0,0,0,0
794,GENERAL,5,0,0,0,0,0,0,0,0,0
795,GENERAL,5,0,0,0,0,0,0,0,0,0
796,GENERAL,5,0,0,0,0,0,0,0,0,0
797,GENERAL,5,0,0,0,0,0,0,0,0,0
798,GENERAL,5,0,0,0,0,0,0,0,0,0
799,GENERAL,5,0,0,0,0,0,0,0,0,0
800,GENERAL,5,0,0,0,0,0,0,0,0,0
801,GENERAL,5,0,0,0,0,0,0,0,0,0
802,GENERAL,5,0,0,0,0,0,0,0,0,0
803,GENERAL,5,0,0,0,0,0,0,0,0,0
804,GENERAL,5,0,0,0,0,0,0,0,0,0
805,GENERAL,5,0,0,0,0,0,0,0,0,0
806,GENERAL,5,0,0,0,0,0,0,0,0,0
807,GENERAL,5,0,0,0,0,0,0,0,0,0
808,GENERAL,5,0,0,0,0,0,0,0,0,0
809,GENERAL,5,0,0,0,0,0,0,0,0,0
810,GENERAL,5,0,0,0,0,0,0,0,0,0
811,GENERAL,5,0,0,0,0,0,0,0,0,0
812,GENERAL,5,0,0,0,0,0,0,0,0,0
813,GENERAL,5,0,0,0,0,0,0,0,0,0
814,GENERAL,5,0,0,0,0,0,0,0,0,0
815,GENERAL,5,0,0,0,0,0,0,0,0,0
816,GENERAL,5,0,0,0,0,0,0,0,0,0
817,GENERAL,5,0,0,0,0,0,0,0,0,0
818,GENERAL,5,0,0,0,0,0,0,0,0,0
819,GENERAL,5,0,0,0,0,0,0,0,0,0
820,GENERAL,5,0,0,0,0,0,0,0,0,0
821,GENERAL,5,0,0,0,0,0,0,0,0,0
822,GENERAL,5,0,0,0,0,0,0,0,0,0
823,GENERAL,5,0,0,0,0,0,0,0,0,0
824,GENERAL,5,0,0,0,0,0,0,0,0,0
825,GENERAL,5,0,0,0,0,0,0,0,0,0
826,GENERAL,5,0,0,0,0,0,0,0,0,0
827,GENERAL,5,0,0,0,0,0,0,0,0,0
828,GENERAL,5,0,0,0,0,0,0,0,0,0
829,GENERAL,5,0,0,0,0,0,0,0,0,0
830,GENERAL,5,0,0,0,0,0,0,0,0,0
831,GENERAL,5,0,0,0,0,0,0,0,0,0
832,GENERAL,5,0,0,0,0,0,0,0,0,0
833,GENERAL,5,0,0,0,0,0,0,0,0,0
834,GENERAL,5,0,0,0,0,0,0,0,0,0
835,GENERAL,5,0,0,0,0,0,0,0,0,0
836,GENERAL,5,0,0,0,0,0,0,0,0,0
837,GENERAL,5,0,0,0,0,0,0,0,0,0
838,GENERAL,5,0,0,0,0,0,0,0,0,0
839,GENERAL,5,0,0,0,0,0,0,0,0,0
840,GENERAL,5,0,0,0,0,0,0,0,0,0
841,GENERAL,5,0,0,0,0,0,0,0,0,0
842,GENERAL,5,0,0,0,0,0,0,0,0,0
843,GENERAL,5,0,0,0,0,0,0,0,0,0
844,GENERAL,5,0,0,0,0,0,0,0,0,0
845,GENERAL,5,0,0,0,0,0,0,0,0,0
846,GENERAL,5,0,0,0,0,0,0,0,0,0
847,GENERAL,5,0,0,0,0,0,0,0,0,0
848,GENERAL,5,0,0,0,0,0,0,0,0,0
849,GENERAL,5,0,0,0,0,0,0,0,0,0
850,GENERAL,5,0,0,0,0,0,0,0,0,0
851,GENERAL,5,0,0,0,0,0,0,0,0,0
852,GENERAL,5,0,0,0,0,0,0,0,0,0
853,GENERAL,5,0,0,0,0,0,0,0,0,0
854,GENERAL,5,0,0,0,0,0,0,0,0,0
855,GENERAL,5,0,0,0,0,0,0,0,0,0
856,GENERAL,5,0,0,0,0,0,0,0,0,0
857,GENERAL,5,0,0,0,0,0,0,0,0,0
858,GENERAL,5,0,0,0,0,0,0,0,0,0
859,GENERAL,5,0,0,0,0,0,0,0,0,0
860,GENERAL,5,0,0,0,0,0,0,0,0,0
861,GENERAL,5,0,0,0,0,0,0,0,0,0
862,GENERAL,5,0,0,0,0,0,0,0,0,0
863,GENERAL,5,0,0,0,0,0,0,0,0,0
864,GENERAL,5,0,0,0,0,0,0,0,0,0
865,GENERAL,5,0,0,0,0,0,0,0,0,0
866,GENERAL,5,0,0,0,0,0,0,0,0,0
867,GENERAL,5,0,0,0,0,0,0,0,0,0
868,GENERAL,5,0,0,0,0,0,0,0,0,0
869,GENERAL,5,0,0,0,0,0,0,0,0,0
870,GENERAL,5,0,0,0,0,0,0,0,0,0
871,GENERAL,5,0,0,0,0,0,0,0,0,0
872,GENERAL,5,0,0,0,0,0,0,0,0,0
873,GENERAL,5,0,0,0,0,0,0,0,0,0
874,GENERAL,5,0,0,0,0,0,0,0,0,0
875,GENERAL,5,0,0,0,0,0,0,0,0,0
876,GENERAL,5,0,0,0,0,0,0,0,0,0
877,GENERAL,5,0,0,0,0,0,0,0,0,0
878,GENERAL,5,0,0,0,0,0,0,0,0,0
879,GENERAL,5,0,0,0,0,0,0,0,0,0
880,GENERAL,5,0,0,0,0,0,0,0,0,0
881,GENERAL,5,0,0,0,0,0,0,0,0,0
882,GENERAL,5,0,0,0,0,0,0,0,0,0
883,GENERAL,5,0,0,0,0,0,0,0,0,0
884,GENERAL,5,0,0,0,0,0,0,0,0,0
885,GENERAL,5,0,0,0,0,0,0,0,0,0
886,GENERAL,5,0,0,0,0,0,0,0,0,0
887,GENERAL,5,0,0,0,0,0,0,0,0,0
888,GENERAL,5,0,0,0,0,0,0,0,0,0
889,GENERAL,5,0,0,0,0,0,0,0,0,0
890,GENERAL,5,0,0,0,0,0,0,0,0,0
891,GENERAL,5,0,0,0,0,0,0,0,0,0
892,GENERAL,5,0,0,0,0,0,0,0,0,0
893,GENERAL,5,0,0,0,0,0,0,0,0,0
894,GENERAL,5,0,0,0,0,0,0,0,0,0
895,GENERAL,5,0,0,0,0,0,0,0,0,0
896,GENERAL,5,0,0,0,0,0,0,0,0,0
897,GENERAL,5,0,0,0,0,0,0,0,0,0
898,GENERAL,5,0,0,0,0,0,0,0,0,0
899,GENERAL,5,0,0,0,0,0,0,0,0,0
900,GENERAL,5,0,0,0,0,0,0,0,0,0
901,GENERAL,5,0,0,0,0,0,0,0,0,0
902,GENERAL,5,0,0,0,0,0,0,0,0,0
903,GENERAL,5,0,0,0,0,0,0,0,0,0
904,GENERAL,5,0,0,0,0,0,0,0,0,0
905,GENERAL,5,0,0,0,0,0,0,0,0,0
906,GENERAL,5,0,0,0,0,0,0,0,0,0
907,GENERAL,5,0,0,0,0,0,0,0,0,0
908,GENERAL,5,0,0,0,0,0,0,0,0,0
909,GENERAL,5,0,0,0,0,0,0,0,0,0
910,GENERAL,5,0,0,0,0,0,0,0,0,0
911,GENERAL,5,0,0,0,0,0,0,0,0,0
912,GENERAL,5,0,0,0,0,0,0,0,0,0
913,GENERAL,5,0,0,0,0,0,0,0,0,0
914,GENERAL,5,0,0,0,0,0,0,0,0,0
915,GENERAL,5,0,0,0,0,0,0,0,0,0
916,GENERAL,5,0,0,0,0,0,0,0,0,0
917,GENERAL,5,0,0,0,0,0,0,0,0,0
918,GENERAL,5,0,0,0,0,0,0,0,0,0
919,GENERAL,5,0,0,0,0,0,0,0,0,0
920,GENERAL,5,0,0,0,0,0,0,0,0,0
921,GENERAL,5,0,0,0,0,0,0,0,0,0
922,GENERAL,5,0,0,0,0,0,0,0,0,0
923,GENERAL,5,0,0,0,0,0,0,0,0,0
924,GENERAL,5,0,0,0,0,0,0,0,0,0
925,GENERAL,5,0,0,0,0,0,0,0,0,0
926,GENERAL,5,0,0,0,0,0,0,0,0,0
927,GENERAL,5,0,0,0,0,0,0,0,0,0
928,GENERAL,5,0,0,0,0,0,0,0,0,0
929,GENERAL,5,0,0,0,0,0,0,0,0,0
930,GENERAL,5,0,0,0,0,0,0,0,0,0
931,GENERAL,5,0,0,0,0,0,0,0,0,0
932,GENERAL,5,0,0,0,0,0,0,0,0,0
933,GENERAL,5,0,0,0,0,0,0,0,0,0
934,GENERAL,5,0,0,0,0,0,0,0,0,0
935,GENERAL,5,0,0,0,0,0,0,0,0,0
936,GENERAL,5,0,0,0,0,0,0,0,0,0
937,GENERAL,5,0,0,0,0,0,0,0,0,0
938,GENERAL,5,0,0,0,0,0,0,0,0,0
939,GENERAL,5,0,0,0,0,0,0,0,0,0
940,GENERAL,5,0,0,0,0,0,0,0,0,0
941,GENERAL,5,0,0,0,0,0,0,0,0,0
942,GENERAL,5,0,0,0,0,0,0,0,0,0
943,GENERAL,5,0,0,0,0,0,0,0,0,0
944,GENERAL,5,0,0,0,0,0,0,0,0,0
945,GENERAL,5,0,0,0,0,0,0,0,0,0
946,GENERAL,5,0,0,0,0,0,0,0,0,0
947,GENERAL,5,0,0,0,0,0,0,0,0,0
948,GENERAL,5,0,0,0,0,0,0,0,0,0
949,GENERAL,5,0,0,0,0,0,0,0,0,0
950,GENERAL,5,0,0,0,0,0,0,0,0,0
951,GENERAL,5,0,0,0,0,0,0,0,0,0
952,GENERAL,5,0,0,0,0,0,0,0,0,0
953,GENERAL,5,0,0,0,0,0,0,0,0,0
954,GENERAL,5,0,0,0,0,0,0,0,0,0
955,GENERAL,5,0,0,0,0,0,0,0,0,0
956,GENERAL,5,0,0,0,0,0,0,0,0,0
957,GENERAL,5,0,0,0,0,0,0,0,0,0
958,GENERAL,5,0,0,0,0,0,0,0,0,0
959,GENERAL,5,0,0,0,0,0,0,0,0,0
960,GENERAL,5,0,0,0,0,0,0,0,0,0
961,GENERAL,5,0,0,0,0,0,0,0,0,0
962,GENERAL,5,0,0,0,0,0,0,0,0,0
963,GENERAL,5,0,0,0,0,0,0,0,0,0
964,GENERAL,5,0,0,0,0,0,0,0,0,0
965,GENERAL,5,0,0,0,0,0,0,0,0,0
966,GENERAL,5,0,0,0,0,0,0,0,0,0
967,GENERAL,5,0,0,0,0,0,0,0,0,0
968,GENERAL,5,0,0,0,0,0,0,0,0,0
969,GENERAL,5,0,0,0,0,0,0,0,0,0
970,GENERAL,5,0,0,0,0,0,0,0,0,0
971,GENERAL,5,0,0,0,0,0,0,0,0,0
972,GENERAL,5,0,0,0,0,0,0,0,0,0
973,GENERAL,5,0,0,0,0,0,0,0,0,0
974,GENERAL,5,0,0,0,0,0,0,0,0,0
975,GENERAL,5,0,0,0,0,0,0,0,0,0
976,GENERAL,5,0,0,0,0,0,0,0,0,0
977,GENERAL,5,0,0,0,0,0,0,0,0,0
978,GENERAL,5,0,0,0,0,0,0,0,0,0
979,GENERAL,5,0,0,0,0,0,0,0,0,0
980,GENERAL,5,0,0,0,0,0,0,0,0,0
981,GENERAL,5,0,0,0,0,0,0,0,0,0
982,GENERAL,5,0,0,0,0,0,0,0,0,0
983,GENERAL,5,0,0,0,0,0,0,0,0,0
984,GENERAL,5,0,0,0,0,0,0,0,0,0
985,GENERAL,5,0,0,0,0,0,0,0,0,0
986,GENERAL,5,0,0,0,0,0,0,0,0,0
987,GENERAL,5,0,0,0,0,0,0,0,0,0
988,GENERAL,5,0,0,0,0,0,0,0,0,0
989,GENERAL,5,0,0,0,0,0,0,0,0,0
990,GENERAL,5,0,0,0,0,0,0,0,0,0
991,GENERAL,5,0,0,0,0,0,0,0,0,0
992,GENERAL,5,0,0,0,0,0,0,0,0,0
993,GENERAL,5,0,0,0,0,0,0,0,0,0
994,GENERAL,5,0,0,0,0,0,0,0,0,0
995,GENERAL,5,0,0,0,0,0,0,0,0,0
996,GENERAL,5,0,0,0,0,0,0,0,0,0
997,GENERAL,5,0,0,0,0,0,0,0,0,0
998,GENERAL,5,0,0,0,0,0,0,0,0,0
999,GENERAL,5,0,0,0,0,0,0,0,0,0
1000,GENERAL,5,0,0,0,0,0,0,0,0,0
1001,GENERAL,5,0,0,0,0,0,0,0,0,0
1002,GENERAL,5,0,0,0,0,0,0,0,0,0
1003,GENERAL,5,0,0,0,0,0,0,0,0,0
1004,GENERAL,5,0,0,0,0,0,0,0,0,0
1005,GENERAL,5,0,0,0,0,0,0,0,0,0
1006,GENERAL,5,0,0,0,0,0,0,0,0,0
1007,GENERAL,5,0,0,0,0,0,0,0,0,0
1008,GENERAL,5,0,0,0,0,0,0,0,0,0
1009,GENERAL,5,0,0,0,0,0,0,0,0,0
1010,GENERAL,5,0,0,0,0,0,0,0,0,0
1011,GENERAL,5,0,0,0,0,0,0,0,0,0
1012,GENERAL,5,0,0,0,0,0,0,0,0,0
1013,GENERAL,5,0,0,0,0,0,0,0,0,0
1014,GENERAL,5,0,0,0,0,0,0,0,0,0
1015,GENERAL,5,0,0,0,0,0,0,0,0,0
1016,GENERAL,5,0,0,0,0,0,0,0,0,0
1017,GENERAL,5,0,0,0,0,0,0,0,0,0
1018,GENERAL,5,0,0,0,0,0,0,0,0,0
1019,GENERAL,5,0,0,0,0,0,0,0,0,0
1020,GENERAL,5,0,0,0,0,0,0,0,0,0
1021,GENERAL,5,0,0,0,0,0,0,0,0,0
1022,GENERAL,5,0,0,0,0,0,0,0,0,0
1023,GENERAL,5,0,0,0,0,0,0,0,0,0
1024,GENERAL,5,0,0,0,0,0,0,0,0,0
1025,GENERAL,5,0,0,0,0,0,0,0,0,0
1026,GENERAL,5,0,0,0,0,0,0,0,0,0
1027,GENERAL,5,0,0,0,0,0,0,0,0,0
1028,GENERAL,5,0,0,0,0,0,0,0,0,0
1029,GENERAL,5,0,0,0,0,0,0,0,0,0
1030,GENERAL,5,0,0,0,0,0,0,0,0,0
1031,GENERAL,5,0,0,0,0,0,0,0,0,0
1032,GENERAL,5,0,0,0,0,0,0,0,0,0
1033,GENERAL,5,0,0,0,0,0,0,0,0,0
1034,GENERAL,5,0,0,0,0,0,0,0,0,0
1035,GENERAL,5,0,0,0,0,0,0,0,0,0
1036,GENERAL,5,0,0,0,0,0,0,0,0,0
1037,GENERAL,5,0,0,0,0,0,0,0,0,0
1038,GENERAL,5,0,0,0,0,0,0,0,0,0
1039,GENERAL,5,0,0,0,0,0,0,0,0,0
1040,GENERAL,5,0,0,0,0,0,0,0,0,0
1041,GENERAL,5,0,0,0,0,0,0,0,0,0
1042,GENERAL,5,0,0,0,0,0,0,0,0,0
1043,GENERAL,5,0,0,0,0,0,0,0,0,0
1044,GENERAL,5,0,0,0,0,0,0,0,0,0
1045,GENERAL,5,0,0,0,0,0,0,0,0,0
1046,GENERAL,5,0,0,0,0,0,0,0,0,0
1047,GENERAL,5,0,0,0,0,0,0,0,0,0
1048,GENERAL,5,0,0,0,0,0,0,0,0,0
1049,GENERAL,5,0,0,0,0,0,0,0,0,0
1050,GENERAL,5,0,0,0,0,0,0,0,0,0
1051,GENERAL,5,0,0,0,0,0,0,0,0,0
1052,GENERAL,5,0,0,0,0,0,0,0,0,0
1053,GENERAL,5,0,0,0,0,0,0,0,0,0
1054,GENERAL,5,0,0,0,0,0,0,0,0,0
1055,GENERAL,5,0,0,0,0,0,0,0,0,0
1056,GENERAL,5,0,0,0,0,0,0,0,0,0
1057,GENERAL,5,0,0,0,0,0,0,0,0,0
1058,GENERAL,5,0,0,0,0,0,0,0,0,0
1059,GENERAL,5,0,0,0,0,0,0,0,0,0
1060,GENERAL,5,0,0,0,0,0,0,0,0,0
1061,GENERAL,5,0,0,0,0,0,0,0,0,0
1062,GENERAL,5,0,0,0,0,0,0,0,0,0
1063,GENERAL,5,0,0,0,0,0,0,0,0,0
1064,GENERAL,5,0,0,0,0,0,0,0,0,0
1065,GENERAL,5,0,0,0,0,0,0,0,0,0
1066,GENERAL,5,0,0,0,0,0,0,0,0,0
1067,GENERAL,5,0,0,0,0,0,0,0,0,0
1068,GENERAL,5,0,0,0,0,0,0,0,0,0
1069,GENERAL,5,0,0,0,0,0,0,0,0,0
1070,GENERAL,5,0,0,0,0,0,0,0,0,0
1071,GENERAL,5,0,0,0,0,0,0,0,0,0
1072,GENERAL,5,0,0,0,0,0,0,0,0,0
1073,GENERAL,5,0,0,0,0,0,0,0,0,0
1074,GENERAL,5,0,0,0,0,0,0,0,0,0
1075,GENERAL,5,0,0,0,0,0,0,0,0,0
1076,GENERAL,5,0,0,0,0,0,0,0,0,0
1077,GENERAL,5,0,0,0,0,0,0,0,0,0
1078,GENERAL,5,0,0,0,0,0,0,0,0,0
1079,GENERAL,5,0,0,0,0,0,0,0,0,0
1080,GENERAL,5,0,0,0,0,0,0,0,0,0
1081,GENERAL,5,0,0,0,0,0,0,0,0,0
1082,GENERAL,5,0,0,0,0,0,0,0,0,0
1083,GENERAL,5,0,0,0,0,0,0,0,0,0
1084,GENERAL,5,0,0,0,0,0,0,0,0,0
1085,GENERAL,5,0,0,0,0,0,0,0,0,0
1086,GENERAL,5,0,0,0,0,0,0,0,0,0
1087,GENERAL,5,0,0,0,0,0,0,0,0,0
1088,GENERAL,5,0,0,0,0,0,0,0,0,0
1089,GENERAL,5,0,0,0,0,0,0,0,0,0
1090,GENERAL,5,0,0,0,0,0,0,0,0,0
1091,GENERAL,5,0,0,0,0,0,0,0,0,0
1092,GENERAL,5,0,0,0,0,0,0,0,0,0
1093,GENERAL,5,0,0,0,0,0,0,0,0,0
1094,GENERAL,5,0,0,0,0,0,0,0,0,0
1095,GENERAL,5,0,0,0,0,0,0,0,0,0
1096,GENERAL,5,0,0,0,0,0,0,0,0,0
1097,GENERAL,5,0,0,0,0,0,0,0,0,0
1098,GENERAL,5,0,0,0,0,0,0,0,0,0
1099,GENERAL,5,0,0,0,0,0,0,0,0,0
1100,GENERAL,5,0,0,0,0,0,0,0,0,0
1101,GENERAL,5,0,0,0,0,0,0,0,0,0
1102,GENERAL,5,0,0,0,0,0,0,0,0,0
1103,GENERAL,5,0,0,0,0,0,0,0,0,0
1104,GENERAL,5,0,0,0,0,0,0,0,0,0
1105,GENERAL,5,0,0,0,0,0,0,0,0,0
1106,GENERAL,5,0,0,0,0,0,0,0,0,0
1107,GENERAL,5,0,0,0,0,0,0,0,0,0
1108,GENERAL,5,0,0,0,0,0,0,0,0,0
1109,GENERAL,5,0,0,0,0,0,0,0,0,0
1110,GENERAL,5,0,0,0,0,0,0,0,0,0
1111,GENERAL,5,0,0,0,0,0,0,0,0,0
1112,GENERAL,5,0,0,0,0,0,0,0,0,0
1113,GENERAL,5,0,0,0,0,0,0,0,0,0
1114,GENERAL,5,0,0,0,0,0,0,0,0,0
1115,GENERAL,5,0,0,0,0,0,0,0,0,0
1116,GENERAL,5,0,0,0,0,0,0,0,0,0
1117,GENERAL,5,0,0,0,0,0,0,0,0,0
1118,GENERAL,5,0,0,0,0,0,0,0,0,0
1119,GENERAL,5,0,0,0,0,0,0,0,0,0
1120,GENERAL,5,0,0,0,0,0,0,0,0,0
1121,GENERAL,5,0,0,0,0,0,0,0,0,0
1122,GENERAL,5,0,0,0,0,0,0,0,0,0
1123,GENERAL,5,0,0,0,0,0,0,0,0,0
1124,GENERAL,5,0,0,0,0,0,0,0,0,0
1125,GENERAL,5,0,0,0,0,0,0,0,0,0
1126,GENERAL,5,0,0,0,0,0,0,0,0,0
1127,GENERAL,5,0,0,0,0,0,0,0,0,0
1128,GENERAL,5,0,0,0,0,0,0,0,0,0
1129,GENERAL,5,0,0,0,0,0,0,0,0,0
1130,GENERAL,5,0,0,0,0,0,0,0,0,0
1131,GENERAL,5,0,0,0,0,0,0,0,0,0
1132,GENERAL,5,0,0,0,0,0,0,0,0,0
1133,GENERAL,5,0,0,0,0,0,0,0,0,0
1134,GENERAL,5,0,0,0,0,0,0,0,0,0
1135,GENERAL,5,0,0,0,0,0,0,0,0,0
1136,GENERAL,5,0,0,0,0,0,0,0,0,0
1137,GENERAL,5,0,0,0,0,0,0,0,0,0
1138,GENERAL,5,0,0,0,0,0,0,0,0,0
1139,GENERAL,5,0,0,0,0,0,0,0,0,0
1140,GENERAL,5,0,0,0,0,0,0,0,0,0
1141,GENERAL,5,0,0,0,0,0,0,0,0,0
1142,GENERAL,5,0,0,0,0,0,0,0,0,0
1143,GENERAL,5,0,0,0,0,0,0,0,0,0
1144,GENERAL,5,0,0,0,0,0,0,0,0,0
1145,GENERAL,5,0,0,0,0,0,0,0,0,0
1146,GENERAL,5,0,0,0,0,0,0,0,0,0
1147,GENERAL,5,0,0,0,0,0,0,0,0,0
1148,GENERAL,5,0,0,0,0,0,0,0,0,0
1149,GENERAL,5,0,0,0,0,0,0,0,0,0
1150,GENERAL,5,0,0,0,0,0,0,0,0,0
1151,GENERAL,5,0,0,0,0,0,0,0,0,0
1152,GENERAL,5,0,0,0,0,0,0,0,0,0
1153,GENERAL,5,0,0,0,0,0,0,0,0,0
1154,GENERAL,5,0,0,0,0,0,0,0,0,0
1155,GENERAL,5,0,0,0,0,0,0,0,0,0
1156,GENERAL,5,0,0,0,0,0,0,0,0,0
1157,GENERAL,5,0,0,0,0,0,0,0,0,0
1158,GENERAL,5,0,0,0,0,0,0,0,0,0
1159,GENERAL,5,0,0,0,0,0,0,0,0,0
1160,GENERAL,5,0,0,0,0,0,0,0,0,0
1161,GENERAL,5,0,0,0,0,0,0,0,0,0
1162,GENERAL,5,0,0,0,0,0,0,0,0,0
1163,GENERAL,5,0,0,0,0,0,0,0,0,0
1164,GENERAL,5,0,0,0,0,0,0,0,0,0
1165,GENERAL,5,0,0,0,0,0,0,0,0,0
1166,GENERAL,5,0,0,0,0,0,0,0,0,0
1167,GENERAL,5,0,0,0,0,0,0,0,0,0
1168,GENERAL,5,0,0,0,0,0,0,0,0,0
1169,GENERAL,5,0,0,0,0,0,0,0,0,0
1170,GENERAL,5,0,0,0,0,0,0,0,0,0
1171,GENERAL,5,0,0,0,0,0,0,0,0,0
1172,GENERAL,5,0,0,0,0,0,0,0,0,0
1173,GENERAL,5,0,0,0,0,0,0,0,0,0
1174,GENERAL,5,0,0,0,0,0,0,0,0,0
1175,GENERAL,5,0,0,0,0,0,0,0,0,0
1176,GENERAL,5,0,0,0,0,0,0,0,0,0
1177,GENERAL,5,0,0,0,0,0,0,0,0,0
1178,GENERAL,5,0,0,0,0,0,0,0,0,0
1179,GENERAL,5,0,0,0,0,0,0,0,0,0
1180,GENERAL,5,0,0,0,0,0,0,0,0,0
1181,GENERAL,5,0,0,0,0,0,0,0,0,0
1182,GENERAL,5,0,0,0,0,0,0,0,0,0
1183,GENERAL,5,0,0,0,0,0,0,0,0,0
1184,GENERAL,5,0,0,0,0,0,0,0,0,0
1185,GENERAL,5,0,0,0,0,0,0,0,0,0
1186,GENERAL,5,0,0,0,0,0,0,0,0,0
1187,GENERAL,5,0,0,0,0,0,0,0,0,0
1188,GENERAL,5,0,0,0,0,0,0,0,0,0
1189,GENERAL,5,0,0,0,0,0,0,0,0,0
1190,GENERAL,5,0,0,0,0,0,0,0,0,0
1191,GENERAL,5,0,0,0,0,0,0,0,0,0
1192,GENERAL,5,0,0,0,0,0,0,0,0,0
1193,GENERAL,5,0,0,0,0,0,0,0,0,0
1194,GENERAL,5,0,0,0,0,0,0,0,0,0
1195,GENERAL,5,0,0,0,0,0,0,0,0,0
1196,GENERAL,5,0,0,0,0,0,0,0,0,0
1197,GENERAL,5,0,0,0,0,0,0,0,0,0
1198,GENERAL,5,0,0,0,0,0,0,0,0,0
1199,GENERAL,5,0,0,0,0,0,0,0,0,0
1200,GENERAL,5,0,0,0,0,0,0,0,0,0
1201,GENERAL,5,0,0,0,0,0,0,0,0,0
1202,GENERAL,5,0,0,0,0,0,0,0,0,0
1203,GENERAL,5,0,0,0,0,0,0,0,0,0
1204,GENERAL,5,0,0,0,0,0,0,0,0,0
1205,GENERAL,5,0,0,0,0,0,0,0,0,0
1206,GENERAL,5,0,0,0,0,0,0,0,0,0
1207,GENERAL,5,0,0,0,0,0,0,0,0,0
1208,GENERAL,5,0,0,0,0,0,0,0,0,0
1209,GENERAL,5,0,0,0,0,0,0,0,0,0
1210,GENERAL,5,0,0,0,0,0,0,0,0,0
1211,GENERAL,5,0,0,0,0,0,0,0,0,0
1212,GENERAL,5,0,0,0,0,0,0,0,0,0
1213,GENERAL,5,0,0,0,0,0,0,0,0,0
1214,GENERAL,5,0,0,0,0,0,0,0,0,0
1215,GENERAL,5,0,0,0,0,0,0,0,0,0
1216,GENERAL,5,0,0,0,0,0,0,0,0,0
1217,GENERAL,5,0,0,0,0,0,0,0,0,0
1218,GENERAL,5,0,0,0,0,0,0,0,0,0
1219,GENERAL,5,0,0,0,0,0,0,0,0,0
1220,GENERAL,5,0,0,0,0,0,0,0,0,0
1221,GENERAL,5,0,0,0,0,0,0,0,0,0
1222,GENERAL,5,0,0,0,0,0,0,0,0,0
1223,GENERAL,5,0,0,0,0,0,0,0,0,0
1224,GENERAL,5,0,0,0,0,0,0,0,0,0
1225,GENERAL,5,0,0,0,0,0,0,0,0,0
1226,GENERAL,5,0,0,0,0,0,0,0,0,0
1227,GENERAL,5,0,0,0,0,0,0,0,0,0
1228,GENERAL,5,0,0,0,0,0,0,0,0,0
1229,GENERAL,5,0,0,0,0,0,0,0,0,0
1230,GENERAL,5,0,0,0,0,0,0,0,0,0
1231,GENERAL,5,0,0,0,0,0,0,0,0,0
1232,GENERAL,5,0,0,0,0,0,0,0,0,0
1233,GENERAL,5,0,0,0,0,0,0,0,0,0
1234,GENERAL,5,0,0,0,0,0,0,0,0,0
1235,GENERAL,5,0,0,0,0,0,0,0,0,0
1236,GENERAL,5,0,0,0,0,0,0,0,0,0
1237,GENERAL,5,0,0,0,0,0,0,0,0,0
1238,GENERAL,5,0,0,0,0,0,0,0,0,0
1239,GENERAL,5,0,0,0,0,0,0,0,0,0
1240,GENERAL,5,0,0,0,0,0,0,0,0,0
1241,GENERAL,5,0,0,0,0,0,0,0,0,0
1242,GENERAL,5,0,0,0,0,0,0,0,0,0
1243,GENERAL,5,0,0,0,0,0,0,0,0,0
1244,GENERAL,5,0,0,0,0,0,0,0,0,0
1245,GENERAL,5,0,0,0,0,0,0,0,0,0
1246,GENERAL,5,0,0,0,0,0,0,0,0,0
1247,GENERAL,5,0,0,0,0,0,0,0,0,0
1248,GENERAL,5,0,0,0,0,0,0,0,0,0
1249,GENERAL,5,0,0,0,0,0,0,0,0,0
1250,GENERAL,5,0,0,0,0,0,0,0,0,0
1251,GENERAL,5,0,0,0,0,0,0,0,0,0
1252,GENERAL,5,0,0,0,0,0,0,0,0,0
1253,GENERAL,5,0,0,0,0,0,0,0,0,0
1254,GENERAL,5,0,0,0,0,0,0,0,0,0
1255,GENERAL,5,0,0,0,0,0,0,0,0,0
1256,GENERAL,5,0,0,0,0,0,0,0,0,0
1257,GENERAL,5,0,0,0,0,0,0,0,0,0
1258,GENERAL,5,0,0,0,0,0,0,0,0,0
1259,GENERAL,5,0,0,0,0,0,0,0,0,0
1260,GENERAL,5,0,0,0,0,0,0,0,0,0
1261,GENERAL,5,0,0,0,0,0,0,0,0,0
1262,GENERAL,5,0,0,0,0,0,0,0,0,0
1263,GENERAL,5,0,0,0,0,0,0,0,0,0
1264,GENERAL,5,0,0,0,0,0,0,0,0,0
1265,GENERAL,5,0,0,0,0,0,0,0,0,0
1266,GENERAL,5,0,0,0,0,0,0,0,0,0
1267,GENERAL,5,0,0,0,0,0,0,0,0,0
1268,GENERAL,5,0,0,0,0,0,0,0,0,0
1269,GENERAL,5,0,0,0,0,0,0,0,0,0
1270,GENERAL,5,0,0,0,0,0,0,0,0,0
1271,GENERAL,5,0,0,0,0,0,0,0,0,0
1272,GENERAL,5,0,0,0,0,0,0,0,0,0
1273,GENERAL,5,0,0,0,0,0,0,0,0,0
1274,GENERAL,5,0,0,0,0,0,0,0,0,0
1275,GENERAL,5,0,0,0,0,0,0,0,0,0
1276,GENERAL,5,0,0,0,0,0,0,0,0,0
1277,GENERAL,5,0,0,0,0,0,0,0,0,0
1278,GENERAL,5,0,0,0,0,0,0,0,0,0
1279,GENERAL,5,0,0,0,0,0,0,0,0,0
1280,GENERAL,5,0,0,0,0,0,0,0,0,0
1281,GENERAL,5,0,0,0,0,0,0,0,0,0
1282,GENERAL,5,0,0,0,0,0,0,0,0,0
1283,GENERAL,5,0,0,0,0,0,0,0,0,0
1284,GENERAL,5,0,0,0,0,0,0,0,0,0
1285,GENERAL,5,0,0,0,0,0,0,0,0,0
1286,GENERAL,5,0,0,0,0,0,0,0,0,0
1287,GENERAL,5,0,0,0,0,0,0,0,0,0
1288,GENERAL,5,0,0,0,0,0,0,0,0,0
1289,GENERAL,5,0,0,0,0,0,0,0,0,0
1290,GENERAL,5,0,0,0,0,0,0,0,0,0
1291,GENERAL,5,0,0,0,0,0,0,0,0,0
1292,GENERAL,5,0,0,0,0,0,0,0,0,0
1293,GENERAL,5,0,0,0,0,0,0,0,0,0
1294,GENERAL,5,0,0,0,0,0,0,0,0,0
1295,GENERAL,5,0,0,0,0,0,0,0,0,0
1296,GENERAL,5,0,0,0,0,0,0,0,0,0
1297,GENERAL,5,0,0,0,0,0,0,0,0,0
1298,GENERAL,5,0,0,0,0,0,0,0,0,0
1299,GENERAL,5,0,0,0,0,0,0,0,0,0
1300,GENERAL,5,0,0,0,0,0,0,0,0,0
1301,GENERAL,5,0,0,0,0,0,0,0,0,0
1302,GENERAL,5,0,0,0,0,0,0,0,0,0
1303,GENERAL,5,0,0,0,0,0,0,0,0,0
1304,GENERAL,5,0,0,0,0,0,0,0,0,0
1305,GENERAL,5,0,0,0,0,0,0,0,0,0
1306,GENERAL,5,0,0,0,0,0,0,0,0,0
1307,GENERAL,5,0,0,0,0,0,0,0,0,0
1308,GENERAL,5,0,0,0,0,0,0,0,0,0
1309,GENERAL,5,0,0,0,0,0,0,0,0,0
1310,GENERAL,5,0,0,0,0,0,0,0,0,0
1311,GENERAL,5,0,0,0,0,0,0,0,0,0
1312,GENERAL,5,0,0,0,0,0,0,0,0,0
1313,GENERAL,5,0,0,0,0,0,0,0,0,0
1314,GENERAL,5,0,0,0,0,0,0,0,0,0
1315,GENERAL,5,0,0,0,0,0,0,0,0,0
1316,GENERAL,5,0,0,0,0,0,0,0,0,0
1317,GENERAL,5,0,0,0,0,0,0,0,0,0
1318,GENERAL,5,0,0,0,0,0,0,0,0,0
1319,GENERAL,5,0,0,0,0,0,0,0,0,0
1320,GENERAL,5,0,0,0,0,0,0,0,0,0
1321,GENERAL,5,0,0,0,0,0,0,0,0,0
1322,GENERAL,5,0,0,0,0,0,0,0,0,0
1323,GENERAL,5,0,0,0,0,0,0,0,0,0
1324,GENERAL,5,0,0,0,0,0,0,0,0,0
1325,GENERAL,5,0,0,0,0,0,0,0,0,0
1326,GENERAL,5,0,0,0,0,0,0,0,0,0
1327,GENERAL,5,0,0,0,0,0,0,0,0,0
1328,GENERAL,5,0,0,0,0,0,0,0,0,0
1329,GENERAL,5,0,0,0,0,0,0,0,0,0
1330,GENERAL,5,0,0,0,0,0,0,0,0,0
1331,GENERAL,5,0,0,0,0,0,0,0,0,0
1332,GENERAL,5,0,0,0,0,0,0,0,0,0
1333,GENERAL,5,0,0,0,0,0,0,0,0,0
1334,GENERAL,5,0,0,0,0,0,0,0,0,0
1335,GENERAL,5,0,0,0,0,0,0,0,0,0
1336,GENERAL,5,0,0,0,0,0,0,0,0,0
1337,GENERAL,5,0,0,0,0,0,0,0,0,0
1338,GENERAL,5,0,0,0,0,0,0,0,0,0
1339,GENERAL,5,0,0,0,0,0,0,0,0,0
1340,GENERAL,5,0,0,0,0,0,0,0,0,0
1341,GENERAL,5,0,0,0,0,0,0,0,0,0
1342,GENERAL,5,0,0,0,0,0,0,0,0,0
1343,GENERAL,5,0,0,0,0,0,0,0,0,0
1344,GENERAL,5,0,0,0,0,0,0,0,0,0
1345,GENERAL,5,0,0,0,0,0,0,0,0,0
1346,GENERAL,5,0,0,0,0,0,0,0,0,0
1347,GENERAL,5,0,0,0,0,0,0,0,0,0
1348,GENERAL,5,0,0,0,0,0,0,0,0,0
1349,GENERAL,5,0,0,0,0,0,0,0,0,0
1350,GENERAL,5,0,0,0,0,0,0,0,0,0
1351,GENERAL,5,0,0,0,0,0,0,0,0,0
1352,GENERAL,5,0,0,0,0,0,0,0,0,0
1353,GENERAL,5,0,0,0,0,0,0,0,0,0
1354,GENERAL,5,0,0,0,0,0,0,0,0,0
1355,GENERAL,5,0,0,0,0,0,0,0,0,0
1356,GENERAL,5,0,0,0,0,0,0,0,0,0
1357,GENERAL,5,0,0,0,0,0,0,0,0,0
1358,GENERAL,5,0,0,0,0,0,0,0,0,0
1359,GENERAL,5,0,0,0,0,0,0,0,0,0
1360,GENERAL,5,0,0,0,0,0,0,0,0,0
1361,GENERAL,5,0,0,0,0,0,0,0,0,0
1362,GENERAL,5,0,0,0,0,0,0,0,0,0
1363,GENERAL,5,0,0,0,0,0,0,0,0,0
1364,GENERAL,5,0,0,0,0,0,0,0,0,0
1365,GENERAL,5,0,0,0,0,0,0,0,0,0
1366,GENERAL,5,0,0,0,0,0,0,0,0,0
1367,GENERAL,5,0,0,0,0,0,0,0,0,0
1368,GENERAL,5,0,0,0,0,0,0,0,0,0
1369,GENERAL,5,0,0,0,0,0,0,0,0,0
1370,GENERAL,5,0,0,0,0,0,0,0,0,0
1371,GENERAL,5,0,0,0,0,0,0,0,0,0
1372,GENERAL,5,0,0,0,0,0,0,0,0,0
1373,GENERAL,5,0,0,0,0,0,0,0,0,0
1374,GENERAL,5,0,0,0,0,0,0,0,0,0
1375,GENERAL,5,0,0,0,0,0,0,0,0,0
1376,GENERAL,5,0,0,0,0,0,0,0,0,0
1377,GENERAL,5,0,0,0,0,0,0,0,0,0
1378,GENERAL,5,0,0,0,0,0,0,0,0,0
1379,GENERAL,5,0,0,0,0,0,0,0,0,0
1380,GENERAL,5,0,0,0,0,0,0,0,0,0
1381,GENERAL,5,0,0,0,0,0,0,0,0,0
1382,GENERAL,5,0,0,0,0,0,0,0,0,0
1383,GENERAL,5,0,0,0,0,0,0,0,0,0
1384,GENERAL,5,0,0,0,0,0,0,0,0,0
1385,GENERAL,5,0,0,0,0,0,0,0,0,0
1386,GENERAL,5,0,0,0,0,0,0,0,0,0
1387,GENERAL,5,0,0,0,0,0,0,0,0,0
1388,GENERAL,5,0,0,0,0,0,0,0,0,0
1389,GENERAL,5,0,0,0,0,0,0,0,0,0
1390,GENERAL,5,0,0,0,0,0,0,0,0,0
1391,GENERAL,5,0,0,0,0,0,0,0,0,0
1392,GENERAL,5,0,0,0,0,0,0,0,0,0
1393,GENERAL,5,0,0,0,0,0,0,0,0,0
1394,GENERAL,5,0,0,0,0,0,0,0,0,0
1395,GENERAL,5,0,0,0,0,0,0,0,0,0
1396,GENERAL,5,0,0,0,0,0,0,0,0,0
1397,GENERAL,5,0,0,0,0,0,0,0,0,0
1398,GENERAL,5,0,0,0,0,0,0,0,0,0
1399,GENERAL,5,0,0,0,0,0,0,0,0,0
1400,GENERAL,5,0,0,0,0,0,0,0,0,0
1401,GENERAL,5,0,0,0,0,0,0,0,0,0
1402,GENERAL,5,0,0,0,0,0,0,0,0,0
1403,GENERAL,5,0,0,0,0,0,0,0,0,0
1404,GENERAL,5,0,0,0,0,0,0,0,0,0
1405,GENERAL,5,0,0,0,0,0,0,0,0,0
1406,GENERAL,5,0,0,0,0,0,0,0,0,0
1407,GENERAL,5,0,0,0,0,0,0,0,0,0
1408,GENERAL,5,0,0,0,0,0,0,0,0,0
1409,GENERAL,5,0,0,0,0,0,0,0,0,0
1410,GENERAL,5,0,0,0,0,0,0,0,0,0
1411,GENERAL,5,0,0,0,0,0,0,0,0,0
1412,GENERAL,5,0,0,0,0,0,0,0,0,0
1413,GENERAL,5,0,0,0,0,0,0,0,0,0
1414,GENERAL,5,0,0,0,0,0,0,0,0,0
1415,GENERAL,5,0,0,0,0,0,0,0,0,0
1416,GENERAL,5,0,0,0,0,0,0,0,0,0
1417,GENERAL,5,0,0,0,0,0,0,0,0,0
1418,GENERAL,5,0,0,0,0,0,0,0,0,0
1419,GENERAL,5,0,0,0,0,0,0,0,0,0
1420,GENERAL,5,0,0,0,0,0,0,0,0,0
1421,GENERAL,5,0,0,0,0,0,0,0,0,0
1422,GENERAL,5,0,0,0,0,0,0,0,0,0
1423,GENERAL,5,0,0,0,0,0,0,0,0,0
1424,GENERAL,5,0,0,0,0,0,0,0,0,0
1425,GENERAL,5,0,0,0,0,0,0,0,0,0
1426,GENERAL,5,0,0,0,0,0,0,0,0,0
1427,GENERAL,5,0,0,0,0,0,0,0,0,0
1428,GENERAL,5,0,0,0,0,0,0,0,0,0
1429,GENERAL,5,0,0,0,0,0,0,0,0,0
1430,GENERAL,5,0,0,0,0,0,0,0,0,0
1431,GENERAL,5,0,0,0,0,0,0,0,0,0
1432,GENERAL,5,0,0,0,0,0,0,0,0,0
1433,GENERAL,5,0,0,0,0,0,0,0,0,0
1434,GENERAL,5,0,0,0,0,0,0,0,0,0
1435,GENERAL,5,0,0,0,0,0,0,0,0,0
1436,GENERAL,5,0,0,0,0,0,0,0,0,0
1437,GENERAL,5,0,0,0,0,0,0,0,0,0
1438,GENERAL,5,0,0,0,0,0,0,0,0,0
1439,GENERAL,5,0,0,0,0,0,0,0,0,0
1440,GENERAL,5,0,0,0,0,0,0,0,0,0
1441,GENERAL,5,0,0,0,0,0,0,0,0,0
1442,GENERAL,5,0,0,0,0,0,0,0,0,0
1443,GENERAL,5,0,0,0,0,0,0,0,0,0
1444,GENERAL,5,0,0,0,0,0,0,0,0,0
1445,GENERAL,5,0,0,0,0,0,0,0,0,0
1446,GENERAL,5,0,0,0,0,0,0,0,0,0
1447,GENERAL,5,0,0,0,0,0,0,0,0,0
1448,GENERAL,5,0,0,0,0,0,0,0,0,0
1449,GENERAL,5,0,0,0,0,0,0,0,0,0
1450,GENERAL,5,0,0,0,0,0,0,0,0,0
1451,GENERAL,5,0,0,0,0,0,0,0,0,0
1452,GENERAL,5,0,0,0,0,0,0,0,0,0
1453,GENERAL,5,0,0,0,0,0,0,0,0,0
1454,GENERAL,5,0,0,0,0,0,0,0,0,0
1455,GENERAL,5,0,0,0,0,0,0,0,0,0
1456,GENERAL,5,0,0,0,0,0,0,0,0,0
1457,GENERAL,5,0,0,0,0,0,0,0,0,0
1458,GENERAL,5,0,0,0,0,0,0,0,0,0
1459,GENERAL,5,0,0,0,0,0,0,0,0,0
1460,GENERAL,5,0,0,0,0,0,0,0,0,0
1461,GENERAL,5,0,0,0,0,0,0,0,0,0
1462,GENERAL,5,0,0,0,0,0,0,0,0,0
1463,GENERAL,5,0,0,0,0,0,0,0,0,0
1464,GENERAL,5,0,0,0,0,0,0,0,0,0
1465,GENERAL,5,0,0,0,0,0,0,0,0,0
1466,GENERAL,5,0,0,0,0,0,0,0,0,0
1467,GENERAL,5,0,0,0,0,0,0,0,0,0
1468,GENERAL,5,0,0,0,0,0,0,0,0,0
1469,GENERAL,5,0,0,0,0,0,0,0,0,0
1470,GENERAL,5,0,0,0,0,0,0,0,0,0
1471,GENERAL,5,0,0,0,0,0,0,0,0,0
1472,GENERAL,5,0,0,0,0,0,0,0,0,0
1473,GENERAL,5,0,0,0,0,0,0,0,0,0
1474,GENERAL,5,0,0,0,0,0,0,0,0,0
1475,GENERAL,5,0,0,0,0,0,0,0,0,0
1476,GENERAL,5,0,0,0,0,0,0,0,0,0
1477,GENERAL,5,0,0,0,0,0,0,0,0,0
1478,GENERAL,5,0,0,0,0,0,0,0,0,0
1479,GENERAL,5,0,0,0,0,0,0,0,0,0
1480,GENERAL,5,0,0,0,0,0,0,0,0,0
1481,GENERAL,5,0,0,0,0,0,0,0,0,0
1482,GENERAL,5,0,0,0,0,0,0,0,0,0
1483,GENERAL,5,0,0,0,0,0,0,0,0,0
1484,GENERAL,5,0,0,0,0,0,0,0,0,0
1485,GENERAL,5,0,0,0,0,0,0,0,0,0
1486,GENERAL,5,0,0,0,0,0,0,0,0,0
1487,GENERAL,5,0,0,0,0,0,0,0,0,0
1488,GENERAL,5,0,0,0,0,0,0,0,0,0
1489,GENERAL,5,0,0,0,0,0,0,0,0,0
1490,GENERAL,5,0,0,0,0,0,0,0,0,0
1491,GENERAL,5,0,0,0,0,0,0,0,0,0
1492,GENERAL,5,0,0,0,0,0,0,0,0,0
1493,GENERAL,5,0,0,0,0,0,0,0,0,0
1494,GENERAL,5,0,0,0,0,0,0,0,0,0
1495,GENERAL,5,0,0,0,0,0,0,0,0,0
1496,GENERAL,5,0,0,0,0,0,0,0,0,0
1497,GENERAL,5,0,0,0,0,0,0,0,0,0
1498,GENERAL,5,0,0,0,0,0,0,0,0,0
1499,GENERAL,5,0,0,0,0,0,0,0,0,0
1500,GENERAL,5,0,0,0,0,0,0,0,0,0
1501,GENERAL,5,0,0,0,0,0,0,0,0,0
1502,GENERAL,5,0,0,0,0,0,0,0,0,0
1503,GENERAL,5,0,0,0,0,0,0,0,0,0
1504,GENERAL,5,0,0,0,0,0,0,0,0,0
1505,GENERAL,5,0,0,0,0,0,0,0,0,0
1506,GENERAL,5,0,0,0,0,0,0,0,0,0
1507,GENERAL,5,0,0,0,0,0,0,0,0,0
1508,GENERAL,5,0,0,0,0,0,0,0,0,0
1509,GENERAL,5,0,0,0,0,0,0,0,0,0
1510,GENERAL,5,0,0,0,0,0,0,0,0,0
1511,GENERAL,5,0,0,0,0,0,0,0,0,0
1512,GENERAL,5,0,0,0,0,0,0,0,0,0
1513,GENERAL,5,0,0,0,0,0,0,0,0,0
1514,GENERAL,5,0,0,0,0,0,0,0,0,0
1515,GENERAL,5,0,0,0,0,0,0,0,0,0
1516,GENERAL,5,0,0,0,0,0,0,0,0,0
1517,GENERAL,5,0,0,0,0,0,0,0,0,0
1518,GENERAL,5,0,0,0,0,0,0,0,0,0
1519,GENERAL,5,0,0,0,0,0,0,0,0,0
1520,GENERAL,5,0,0,0,0,0,0,0,0,0
1521,GENERAL,5,0,0,0,0,0,0,0,0,0
1522,GENERAL,5,0,0,0,0,0,0,0,0,0
1523,GENERAL,5,0,0,0,0,0,0,0,0,0
1524,GENERAL,5,0,0,0,0,0,0,0,0,0
1525,GENERAL,5,0,0,0,0,0,0,0,0,0
1526,GENERAL,5,0,0,0,0,0,0,0,0,0
1527,GENERAL,5,0,0,0,0,0,0,0,0,0
1528,GENERAL,5,0,0,0,0,0,0,0,0,0
1529,GENERAL,5,0,0,0,0,0,0,0,0,0
1530,GENERAL,5,0,0,0,0,0,0,0,0,0
1531,GENERAL,5,0,0,0,0,0,0,0,0,0
1532,GENERAL,5,0,0,0,0,0,0,0,0,0
1533,GENERAL,5,0,0,0,0,0,0,0,0,0
1534,GENERAL,5,0,0,0,0,0,0,0,0,0
1535,GENERAL,5,0,0,0,0,0,0,0,0,0
1536,GENERAL,5,0,0,0,0,0,0,0,0,0
1537,GENERAL,5,0,0,0,0,0,0,0,0,0
1538,GENERAL,5,0,0,0,0,0,0,0,0,0
1539,GENERAL,5,0,0,0,0,0,0,0,0,0
1540,GENERAL,5,0,0,0,0,0,0,0,0,0
1541,GENERAL,5,0,0,0,0,0,0,0,0,0
1542,GENERAL,5,0,0,0,0,0,0,0,0,0
1543,GENERAL,5,0,0,0,0,0,0,0,0,0
1544,GENERAL,5,0,0,0,0,0,0,0,0,0
1545,GENERAL,5,0,0,0,0,0,0,0,0,0
1546,GENERAL,5,0,0,0,0,0,0,0,0,0
1547,GENERAL,5,0,0,0,0,0,0,0,0,0
1548,GENERAL,5,0,0,0,0,0,0,0,0,0
1549,GENERAL,5,0,0,0,0,0,0,0,0,0
1550,GENERAL,5,0,0,0,0,0,0,0,0,0
1551,GENERAL,5,0,0,0,0,0,0,0,0,0
1552,GENERAL,5,0,0,0,0,0,0,0,0,0
1553,GENERAL,5,0,0,0,0,0,0,0,0,0
1554,GENERAL,5,0,0,0,0,0,0,0,0,0
1555,GENERAL,5,0,0,0,0,0,0,0,0,0
1556,GENERAL,5,0,0,0,0,0,0,0,0,0
1557,GENERAL,5,0,0,0,0,0,0,0,0,0
1558,GENERAL,5,0,0,0,0,0,0,0,0,0
1559,GENERAL,5,0,0,0,0,0,0,0,0,0
1560,GENERAL,5,0,0,0,0,0,0,0,0,0
1561,GENERAL,5,0,0,0,0,0,0,0,0,0
1562,GENERAL,5,0,0,0,0,0,0,0,0,0
1563,GENERAL,5,0,0,0,0,0,0,0,0,0
1564,GENERAL,5,0,0,0,0,0,0,0,0,0
1565,GENERAL,5,0,0,0,0,0,0,0,0,0
1566,GENERAL,5,0,0,0,0,0,0,0,0,0
1567,GENERAL,5,0,0,0,0,0,0,0,0,0
1568,GENERAL,5,0,0,0,0,0,0,0,0,0
1569,GENERAL,5,0,0,0,0,0,0,0,0,0
1570,GENERAL,5,0,0,0,0,0,0,0,0,0
1571,GENERAL,5,0,0,0,0,0,0,0,0,0
1572,GENERAL,5,0,0,0,0,0,0,0,0,0
1573,GENERAL,5,0,0,0,0,0,0,0,0,0
1574,GENERAL,5,0,0,0,0,0,0,0,0,0
1575,GENERAL,5,0,0,0,0,0,0,0,0,0
1576,GENERAL,5,0,0,0,0,0,0,0,0,0
1577,GENERAL,5,0,0,0,0,0,0,0,0,0
1578,GENERAL,5,0,0,0,0,0,0,0,0,0
1579,GENERAL,5,0,0,0,0,0,0,0,0,0
1580,GENERAL,5,0,0,0,0,0,0,0,0,0
1581,GENERAL,5,0,0,0,0,0,0,0,0,0
1582,GENERAL,5,0,0,0,0,0,0,0,0,0
1583,GENERAL,5,0,0,0,0,0,0,0,0,0
1584,GENERAL,5,0,0,0,0,0,0,0,0,0
1585,GENERAL,5,0,0,0,0,0,0,0,0,0
1586,GENERAL,5,0,0,0,0,0,0,0,0,0
1587,GENERAL,5,0,0,0,0,0,0,0,0,0
1588,GENERAL,5,0,0,0,0,0,0,0,0,0
1589,GENERAL,5,0,0,0,0,0,0,0,0,0
1590,GENERAL,5,0,0,0,0,0,0,0,0,0
1591,GENERAL,5,0,0,0,0,0,0,0,0,0
1592,GENERAL,5,0,0,0,0,0,0,0,0,0
1593,GENERAL,5,0,0,0,0,0,0,0,0,0
1594,GENERAL,5,0,0,0,0,0,0,0,0,0
1595,GENERAL,5,0,0,0,0,0,0,0,0,0
1596,GENERAL,5,0,0,0,0,0,0,0,0,0
1597,GENERAL,5,0,0,0,0,0,0,0,0,0
1598,GENERAL,5,0,0,0,0,0,0,0,0,0
1599,GENERAL,5,0,0,0,0,0,0,0,0,0
1600,GENERAL,5,0,0,0,0,0,0,0,0,0
1601,GENERAL,5,0,0,0,0,0,0,0,0,0
1602,GENERAL,5,0,0,0,0,0,0,0,0,0
1603,GENERAL,5,0,0,0,0,0,0,0,0,0
1604,GENERAL,5,0,0,0,0,0,0,0,0,0
1605,GENERAL,5,0,0,0,0,0,0,0,0,0
1606,GENERAL,5,0,0,0,0,0,0,0,0,0
1607,GENERAL,5,0,0,0,0,0,0,0,0,0
1608,GENERAL,5,0,0,0,0,0,0,0,0,0
1609,GENERAL,5,0,0,0,0,0,0,0,0,0
1610,GENERAL,5,0,0,0,0,0,0,0,0,0
1611,GENERAL,5,0,0,0,0,0,0,0,0,0
1612,GENERAL,5,0,0,0,0,0,0,0,0,0
1613,GENERAL,5,0,0,0,0,0,0,0,0,0
1614,GENERAL,5,0,0,0,0,0,0,0,0,0
1615,GENERAL,5,0,0,0,0,0,0,0,0,0
1616,GENERAL,5,0,0,0,0,0,0,0,0,0
1617,GENERAL,5,0,0,0,0,0,0,0,0,0
1618,GENERAL,5,0,0,0,0,0,0,0,0,0
1619,GENERAL,5,0,0,0,0,0,0,0,0,0
1620,GENERAL,5,0,0,0,0,0,0,0,0,0
1621,GENERAL,5,0,0,0,0,0,0,0,0,0
1622,GENERAL,5,0,0,0,0,0,0,0,0,0
1623,GENERAL,5,0,0,0,0,0,0,0,0,0
1624,GENERAL,5,0,0,0,0,0,0,0,0,0
1625,GENERAL,5,0,0,0,0,0,0,0,0,0
1626,GENERAL,5,0,0,0,0,0,0,0,0,0
1627,GENERAL,5,0,0,0,0,0,0,0,0,0
1628,GENERAL,5,0,0,0,0,0,0,0,0,0
1629,GENERAL,5,0,0,0,0,0,0,0,0,0
1630,GENERAL,5,0,0,0,0,0,0,0,0,0
1631,GENERAL,5,0,0,0,0,0,0,0,0,0
1632,GENERAL,5,0,0,0,0,0,0,0,0,0
1633,GENERAL,5,0,0,0,0,0,0,0,0,0
1634,GENERAL,5,0,0,0,0,0,0,0,0,0
1635,GENERAL,5,0,0,0,0,0,0,0,0,0
1636,GENERAL,5,0,0,0,0,0,0,0,0,0
1637,GENERAL,5,0,0,0,0,0,0,0,0,0
1638,GENERAL,5,0,0,0,0,0,0,0,0,0
1639,GENERAL,5,0,0,0,0,0,0,0,0,0
1640,GENERAL,5,0,0,0,0,0,0,0,0,0
1641,GENERAL,5,0,0,0,0,0,0,0,0,0
1642,GENERAL,5,0,0,0,0,0,0,0,0,0
1643,GENERAL,5,0,0,0,0,0,0,0,0,0
1644,GENERAL,5,0,0,0,0,0,0,0,0,0
1645,GENERAL,5,0,0,0,0,0,0,0,0,0
1646,GENERAL,5,0,0,0,0,0,0,0,0,0
1647,GENERAL,5,0,0,0,0,0,0,0,0,0
1648,GENERAL,5,0,0,0,0,0,0,0,0,0
1649,GENERAL,5,0,0,0,0,0,0,0,0,0
1650,GENERAL,5,0,0,0,0,0,0,0,0,0
1651,GENERAL,5,0,0,0,0,0,0,0,0,0
1652,GENERAL,5,0,0,0,0,0,0,0,0,0
1653,GENERAL,5,0,0,0,0,0,0,0,0,0
1654,GENERAL,5,0,0,0,0,0,0,0,0,0
1655,GENERAL,5,0,0,0,0,0,0,0,0,0
1656,GENERAL,5,0,0,0,0,0,0,0,0,0
1657,GENERAL,5,0,0,0,0,0,0,0,0,0
1658,GENERAL,5,0,0,0,0,0,0,0,0,0
1659,GENERAL,5,0,0,0,0,0,0,0,0,0
1660,GENERAL,5,0,0,0,0,0,0,0,0,0
1661,GENERAL,5,0,0,0,0,0,0,0,0,0
1662,GENERAL,5,0,0,0,0,0,0,0,0,0
1663,GENERAL,5,0,0,0,0,0,0,0,0,0
1664,GENERAL,5,0,0,0,0,0,0,0,0,0
1665,GENERAL,5,0,0,0,0,0,0,0,0,0
1666,GENERAL,5,0,0,0,0,0,0,0,0,0
1667,GENERAL,5,0,0,0,0,0,0,0,0,0
1668,GENERAL,5,0,0,0,0,0,0,0,0,0
1669,GENERAL,5,0,0,0,0,0,0,0,0,0
1670,GENERAL,5,0,0,0,0,0,0,0,0,0
1671,GENERAL,5,0,0,0,0,0,0,0,0,0
1672,GENERAL,5,0,0,0,0,0,0,0,0,0
1673,GENERAL,5,0,0,0,0,0,0,0,0,0
1674,GENERAL,5,0,0,0,0,0,0,0,0,0
1675,GENERAL,5,0,0,0,0,0,0,0,0,0
1676,GENERAL,5,0,0,0,0,0,0,0,0,0
1677,GENERAL,5,0,0,0,0,0,0,0,0,0
1678,GENERAL,5,0,0,0,0,0,0,0,0,0
1679,GENERAL,5,0,0,0,0,0,0,0,0,0
1680,GENERAL,5,0,0,0,0,0,0,0,0,0
1681,GENERAL,5,0,0,0,0,0,0,0,0,0
1682,GENERAL,5,0,0,0,0,0,0,0,0,0
1683,GENERAL,5,0,0,0,0,0,0,0,0,0
1684,GENERAL,5,0,0,0,0,0,0,0,0,0
1685,GENERAL,5,0,0,0,0,0,0,0,0,0
1686,GENERAL,5,0,0,0,0,0,0,0,0,0
1687,GENERAL,5,0,0,0,0,0,0,0,0,0
1688,GENERAL,5,0,0,0,0,0,0,0,0,0
1689,GENERAL,5,0,0,0,0,0,0,0,0,0
1690,GENERAL,5,0,0,0,0,0,0,0,0,0
1691,GENERAL,5,0,0,0,0,0,0,0,0,0
1692,GENERAL,5,0,0,0,0,0,0,0,0,0
1693,GENERAL,5,0,0,0,0,0,0,0,0,0
1694,GENERAL,5,0,0,0,0,0,0,0,0,0
1695,GENERAL,5,0,0,0,0,0,0,0,0,0
1696,GENERAL,5,0,0,0,0,0,0,0,0,0
1697,GENERAL,5,0,0,0,0,0,0,0,0,0
1698,GENERAL,5,0,0,0,0,0,0,0,0,0
1699,GENERAL,5,0,0,0,0,0,0,0,0,0
1700,GENERAL,5,0,0,0,0,0,0,0,0,0
1701,GENERAL,5,0,0,0,0,0,0,0,0,0
1702,GENERAL,5,0,0,0,0,0,0,0,0,0
1703,GENERAL,5,0,0,0,0,0,0,0,0,0
1704,GENERAL,5,0,0,0,0,0,0,0,0,0
1705,GENERAL,5,0,0,0,0,0,0,0,0,0
1706,GENERAL,5,0,0,0,0,0,0,0,0,0
1707,GENERAL,5,0,0,0,0,0,0,0,0,0
1708,GENERAL,5,0,0,0,0,0,0,0,0,0
1709,GENERAL,5,0,0,0,0,0,0,0,0,0
1710,GENERAL,5,0,0,0,0,0,0,0,0,0
1711,GENERAL,5,0,0,0,0,0,0,0,0,0
1712,GENERAL,5,0,0,0,0,0,0,0,0,0
1713,GENERAL,5,0,0,0,0,0,0,0,0,0
1714,GENERAL,5,0,0,0,0,0,0,0,0,0
1715,GENERAL,5,0,0,0,0,0,0,0,0,0
1716,GENERAL,5,0,0,0,0,0,0,0,0,0
1717,GENERAL,5,0,0,0,0,0,0,0,0,0
1718,GENERAL,5,0,0,0,0,0,0,0,0,0
1719,GENERAL,5,0,0,0,0,0,0,0,0,0
1720,GENERAL,5,0,0,0,0,0,0,0,0,0
1721,GENERAL,5,0,0,0,0,0,0,0,0,0
1722,GENERAL,5,0,0,0,0,0,0,0,0,0
1723,GENERAL,5,0,0,0,0,0,0,0,0,0
1724,GENERAL,5,0,0,0,0,0,0,0,0,0
1725,GENERAL,5,0,0,0,0,0,0,0,0,0
1726,GENERAL,5,0,0,0,0,0,0,0,0,0
1727,GENERAL,5,0,0,0,0,0,0,0,0,0
1728,GENERAL,5,0,0,0,0,0,0,0,0,0
1729,GENERAL,5,0,0,0,0,0,0,0,0,0
1730,GENERAL,5,0,0,0,0,0,0,0,0,0
1731,GENERAL,5,0,0,0,0,0,0,0,0,0
1732,GENERAL,5,0,0,0,0,0,0,0,0,0
1733,GENERAL,5,0,0,0,0,0,0,0,0,0
1734,GENERAL,5,0,0,0,0,0,0,0,0,0
1735,GENERAL,5,0,0,0,0,0,0,0,0,0
1736,GENERAL,5,0,0,0,0,0,0,0,0,0
1737,GENERAL,5,0,0,0,0,0,0,0,0,0
1738,GENERAL,5,0,0,0,0,0,0,0,0,0
1739,GENERAL,5,0,0,0,0,0,0,0,0,0
1740,GENERAL,5,0,0,0,0,0,0,0,0,0
1741,GENERAL,5,0,0,0,0,0,0,0,0,0
1742,GENERAL,5,0,0,0,0,0,0,0,0,0
1743,GENERAL,5,0,0,0,0,0,0,0,0,0
1744,GENERAL,5,0,0,0,0,0,0,0,0,0
1745,GENERAL,5,0,0,0,0,0,0,0,0,0
1746,GENERAL,5,0,0,0,0,0,0,0,0,0
1747,GENERAL,5,0,0,0,0,0,0,0,0,0
1748,GENERAL,5,0,0,0,0,0,0,0,0,0
1749,GENERAL,5,0,0,0,0,0,0,0,0,0
1750,GENERAL,5,0,0,0,0,0,0,0,0,0
1751,GENERAL,5,0,0,0,0,0,0,0,0,0
1752,GENERAL,5,0,0,0,0,0,0,0,0,0
1753,GENERAL,5,0,0,0,0,0,0,0,0,0
1754,GENERAL,5,0,0,0,0,0,0,0,0,0
1755,GENERAL,5,0,0,0,0,0,0,0,0,0
1756,GENERAL,5,0,0,0,0,0,0,0,0,0
1757,GENERAL,5,0,0,0,0,0,0,0,0,0
1758,GENERAL,5,0,0,0,0,0,0,0,0,0
1759,GENERAL,5,0,0,0,0,0,0,0,0,0
1760,GENERAL,5,0,0,0,0,0,0,0,0,0
1761,GENERAL,5,0,0,0,0,0,0,0,0,0
1762,GENERAL,5,0,0,0,0,0,0,0,0,0
1763,GENERAL,5,0,0,0,0,0,0,0,0,0
1764,GENERAL,5,0,0,0,0,0,0,0,0,0
1765,GENERAL,5,0,0,0,0,0,0,0,0,0
1766,GENERAL,5,0,0,0,0,0,0,0,0,0
1767,GENERAL,5,0,0,0,0,0,0,0,0,0
1768,GENERAL,5,0,0,0,0,0,0,0,0,0
1769,GENERAL,5,0,0,0,0,0,0,0,0,0
1770,GENERAL,5,0,0,0,0,0,0,0,0,0
1771,GENERAL,5,0,0,0,0,0,0,0,0,0
1772,GENERAL,5,0,0,0,0,0,0,0,0,0
1773,GENERAL,5,0,0,0,0,0,0,0,0,0
1774,GENERAL,5,0,0,0,0,0,0,0,0,0
1775,GENERAL,5,0,0,0,0,0,0,0,0,0
1776,GENERAL,5,0,0,0,0,0,0,0,0,0
1777,GENERAL,5,0,0,0,0,0,0,0,0,0
1778,GENERAL,5,0,0,0,0,0,0,0,0,0
1779,GENERAL,5,0,0,0,0,0,0,0,0,0
1780,GENERAL,5,0,0,0,0,0,0,0,0,0
1781,GENERAL,5,0,0,0,0,0,0,0,0,0
1782,GENERAL,5,0,0,0,0,0,0,0,0,0
1783,GENERAL,5,0,0,0,0,0,0,0,0,0
1784,GENERAL,5,0,0,0,0,0,0,0,0,0
1785,GENERAL,5,0,0,0,0,0,0,0,0,0
1786,GENERAL,5,0,0,0,0,0,0,0,0,0
1787,GENERAL,5,0,0,0,0,0,0,0,0,0
1788,GENERAL,5,0,0,0,0,0,0,0,0,0
1789,GENERAL,5,0,0,0,0,0,0,0,0,0
1790,GENERAL,5,0,0,0,0,0,0,0,0,0
1791,GENERAL,5,0,0,0,0,0,0,0,0,0
1792,GENERAL,5,0,0,0,0,0,0,0,0,0
1793,GENERAL,5,0,0,0,0,0,0,0,0,0
1794,GENERAL,5,0,0,0,0,0,0,0,0,0
1795,GENERAL,5,0,0,0,0,0,0,0,0,0
1796,GENERAL,5,0,0,0,0,0,0,0,0,0
1797,GENERAL,5,0,0,0,0,0,0,0,0,0
1798,GENERAL,5,0,0,0,0,0,0,0,0,0
1799,GENERAL,5,0,0,0,0,0,0,0,0,0
1800,GENERAL,5,0,0,0,0,0,0,0,0,0
1801,GENERAL,5,0,0,0,0,0,0,0,0,0
1802,GENERAL,5,0,0,0,0,0,0,0,0,0
1803,GENERAL,5,0,0,0,0,0,0,0,0,0
1804,GENERAL,5,0,0,0,0,0,0,0,0,0
1805,GENERAL,5,0,0,0,0,0,0,0,0,0
1806,GENERAL,5,0,0,0,0,0,0,0,0,0
1807,GENERAL,5,0,0,0,0,0,0,0,0,0
1808,GENERAL,5,0,0,0,0,0,0,0,0,0
1809,GENERAL,5,0,0,0,0,0,0,0,0,0
1810,GENERAL,5,0,0,0,0,0,0,0,0,0
1811,GENERAL,5,0,0,0,0,0,0,0,0,0
1812,GENERAL,5,0,0,0,0,0,0,0,0,0
1813,GENERAL,5,0,0,0,0,0,0,0,0,0
1814,GENERAL,5,0,0,0,0,0,0,0,0,0
1815,GENERAL,5,0,0,0,0,0,0,0,0,0
1816,GENERAL,5,0,0,0,0,0,0,0,0,0
1817,GENERAL,5,0,0,0,0,0,0,0,0,0
1818,GENERAL,5,0,0,0,0,0,0,0,0,0
1819,GENERAL,5,0,0,0,0,0,0,0,0,0
1820,GENERAL,5,0,0,0,0,0,0,0,0,0
1821,GENERAL,5,0,0,0,0,0,0,0,0,0
1822,GENERAL,5,0,0,0,0,0,0,0,0,0
1823,GENERAL,5,0,0,0,0,0,0,0,0,0
1824,GENERAL,5,0,0,0,0,0,0,0,0,0
1825,GENERAL,5,0,0,0,0,0,0,0,0,0
1826,GENERAL,5,0,0,0,0,0,0,0,0,0
1827,GENERAL,5,0,0,0,0,0,0,0,0,0
1828,GENERAL,5,0,0,0,0,0,0,0,0,0
1829,GENERAL,5,0,0,0,0,0,0,0,0,0
1830,GENERAL,5,0,0,0,0,0,0,0,0,0
1831,GENERAL,5,0,0,0,0,0,0,0,0,0
1832,GENERAL,5,0,0,0,0,0,0,0,0,0
1833,GENERAL,5,0,0,0,0,0,0,0,0,0
1834,GENERAL,5,0,0,0,0,0,0,0,0,0
1835,GENERAL,5,0,0,0,0,0,0,0,0,0
1836,GENERAL,5,0,0,0,0,0,0,0,0,0
1837,GENERAL,5,0,0,0,0,0,0,0,0,0
1838,GENERAL,5,0,0,0,0,0,0,0,0,0
1839,GENERAL,5,0,0,0,0,0,0,0,0,0
1840,GENERAL,5,0,0,0,0,0,0,0,0,0
1841,GENERAL,5,0,0,0,0,0,0,0,0,0
1842,GENERAL,5,0,0,0,0,0,0,0,0,0
1843,GENERAL,5,0,0,0,0,0,0,0,0,0
1844,GENERAL,5,0,0,0,0,0,0,0,0,0
1845,GENERAL,5,0,0,0,0,0,0,0,0,0
1846,GENERAL,5,0,0,0,0,0,0,0,0,0
1847,GENERAL,5,0,0,0,0,0,0,0,0,0
1848,GENERAL,5,0,0,0,0,0,0,0,0,0
1849,GENERAL,5,0,0,0,0,0,0,0,0,0
1850,GENERAL,5,0,0,0,0,0,0,0,0,0
1851,GENERAL,5,0,0,0,0,0,0,0,0,0
1852,GENERAL,5,0,0,0,0,0,0,0,0,0
1853,GENERAL,5,0,0,0,0,0,0,0,0,0
1854,GENERAL,5,0,0,0,0,0,0,0,0,0
1855,GENERAL,5,0,0,0,0,0,0,0,0,0
1856,GENERAL,5,0,0,0,0,0,0,0,0,0
1857,GENERAL,5,0,0,0,0,0,0,0,0,0
1858,GENERAL,5,0,0,0,0,0,0,0,0,0
1859,GENERAL,5,0,0,0,0,0,0,0,0,0
1860,GENERAL,5,0,0,0,0,0,0,0,0,0
1861,GENERAL,5,0,0,0,0,0,0,0,0,0
1862,GENERAL,5,0,0,0,0,0,0,0,0,0
1863,GENERAL,5,0,0,0,0,0,0,0,0,0
1864,GENERAL,5,0,0,0,0,0,0,0,0,0
1865,GENERAL,5,0,0,0,0,0,0,0,0,0
1866,GENERAL,5,0,0,0,0,0,0,0,0,0
1867,GENERAL,5,0,0,0,0,0,0,0,0,0
1868,GENERAL,5,0,0,0,0,0,0,0,0,0
1869,GENERAL,5,0,0,0,0,0,0,0,0,0
1870,GENERAL,5,0,0,0,0,0,0,0,0,0
1871,GENERAL,5,0,0,0,0,0,0,0,0,0
1872,GENERAL,5,0,0,0,0,0,0,0,0,0
1873,GENERAL,5,0,0,0,0,0,0,0,0,0
1874,GENERAL,5,0,0,0,0,0,0,0,0,0
1875,GENERAL,5,0,0,0,0,0,0,0,0,0
1876,GENERAL,5,0,0,0,0,0,0,0,0,0
1877,GENERAL,5,0,0,0,0,0,0,0,0,0
1878,GENERAL,5,0,0,0,0,0,0,0,0,0
1879,GENERAL,5,0,0,0,0,0,0,0,0,0
1880,GENERAL,5,0,0,0,0,0,0,0,0,0
1881,GENERAL,5,0,0,0,0,0,0,0,0,0
1882,GENERAL,5,0,0,0,0,0,0,0,0,0
1883,GENERAL,5,0,0,0,0,0,0,0,0,0
1884,GENERAL,5,0,0,0,0,0,0,0,0,0
1885,GENERAL,5,0,0,0,0,0,0,0,0,0
1886,GENERAL,5,0,0,0,0,0,0,0,0,0
1887,GENERAL,5,0,0,0,0,0,0,0,0,0
1888,GENERAL,5,0,0,0,0,0,0,0,0,0
1889,GENERAL,5,0,0,0,0,0,0,0,0,0
1890,GENERAL,5,0,0,0,0,0,0,0,0,0
1891,GENERAL,5,0,0,0,0,0,0,0,0,0
1892,GENERAL,5,0,0,0,0,0,0,0,0,0
1893,GENERAL,5,0,0,0,0,0,0,0,0,0
1894,GENERAL,5,0,0,0,0,0,0,0,0,0
1895,GENERAL,5,0,0,0,0,0,0,0,0,0
1896,GENERAL,5,0,0,0,0,0,0,0,0,0
1897,GENERAL,5,0,0,0,0,0,0,0,0,0
1898,GENERAL,5,0,0,0,0,0,0,0,0,0
1899,GENERAL,5,0,0,0,0,0,0,0,0,0
1900,GENERAL,5,0,0,0,0,0,0,0,0,0
1901,GENERAL,5,0,0,0,0,0,0,0,0,0
1902,GENERAL,5,0,0,0,0,0,0,0,0,0
1903,GENERAL,5,0,0,0,0,0,0,0,0,0
1904,GENERAL,5,0,0,0,0,0,0,0,0,0
1905,GENERAL,5,0,0,0,0,0,0,0,0,0
1906,GENERAL,5,0,0,0,0,0,0,0,0,0
1907,GENERAL,5,0,0,0,0,0,0,0,0,0
1908,GENERAL,5,0,0,0,0,0,0,0,0,0
1909,GENERAL,5,0,0,0,0,0,0,0,0,0
1910,GENERAL,5,0,0,0,0,0,0,0,0,0
1911,GENERAL,5,0,0,0,0,0,0,0,0,0
1912,GENERAL,5,0,0,0,0,0,0,0,0,0
1913,GENERAL,5,0,0,0,0,0,0,0,0,0
1914,GENERAL,5,0,0,0,0,0,0,0,0,0
1915,GENERAL,5,0,0,0,0,0,0,0,0,0
1916,GENERAL,5,0,0,0,0,0,0,0,0,0
1917,GENERAL,5,0,0,0,0,0,0,0,0,0
1918,GENERAL,5,0,0,0,0,0,0,0,0,0
1919,GENERAL,5,0,0,0,0,0,0,0,0,0
1920,GENERAL,5,0,0,0,0,0,0,0,0,0
1921,GENERAL,5,0,0,0,0,0,0,0,0,0
1922,GENERAL,5,0,0,0,0,0,0,0,0,0
1923,GENERAL,5,0,0,0,0,0,0,0,0,0
1924,GENERAL,5,0,0,0,0,0,0,0,0,0
1925,GENERAL,5,0,0,0,0,0,0,0,0,0
1926,GENERAL,5,0,0,0,0,0,0,0,0,0
1927,GENERAL,5,0,0,0,0,0,0,0,0,0
1928,GENERAL,5,0,0,0,0,0,0,0,0,0
1929,GENERAL,5,0,0,0,0,0,0,0,0,0
1930,GENERAL,5,0,0,0,0,0,0,0,0,0
1931,GENERAL,5,0,0,0,0,0,0,0,0,0
1932,GENERAL,5,0,0,0,0,0,0,0,0,0
1933,GENERAL,5,0,0,0,0,0,0,0,0,0
1934,GENERAL,5,0,0,0,0,0,0,0,0,0
1935,GENERAL,5,0,0,0,0,0,0,0,0,0
1936,GENERAL,5,0,0,0,0,0,0,0,0,0
1937,GENERAL,5,0,0,0,0,0,0,0,0,0
1938,GENERAL,5,0,0,0,0,0,0,0,0,0
1939,GENERAL,5,0,0,0,0,0,0,0,0,0
1940,GENERAL,5,0,0,0,0,0,0,0,0,0
1941,GENERAL,5,0,0,0,0,0,0,0,0,0
1942,GENERAL,5,0,0,0,0,0,0,0,0,0
1943,GENERAL,5,0,0,0,0,0,0,0,0,0
1944,GENERAL,5,0,0,0,0,0,0,0,0,0
1945,GENERAL,5,0,0,0,0,0,0,0,0,0
1946,GENERAL,5,0,0,0,0,0,0,0,0,0
1947,GENERAL,5,0,0,0,0,0,0,0,0,0
1948,GENERAL,5,0,0,0,0,0,0,0,0,0
1949,GENERAL,5,0,0,0,0,0,0,0,0,0
1950,GENERAL,5,0,0,0,0,0,0,0,0,0
1951,GENERAL,5,0,0,0,0,0,0,0,0,0
1952,GENERAL,5,0,0,0,0,0,0,0,0,0
1953,GENERAL,5,0,0,0,0,0,0,0,0,0
1954,GENERAL,5,0,0,0,0,0,0,0,0,0
1955,GENERAL,5,0,0,0,0,0,0,0,0,0
1956,GENERAL,5,0,0,0,0,0,0,0,0,0
1957,GENERAL,5,0,0,0,0,0,0,0,0,0
1958,GENERAL,5,0,0,0,0,0,0,0,0,0
1959,GENERAL,5,0,0,0,0,0,0,0,0,0
1960,GENERAL,5,0,0,0,0,0,0,0,0,0
1961,GENERAL,5,0,0,0,0,0,0,0,0,0
1962,GENERAL,5,0,0,0,0,0,0,0,0,0
1963,GENERAL,5,0,0,0,0,0,0,0,0,0
1964,GENERAL,5,0,0,0,0,0,0,0,0,0
1965,GENERAL,5,0,0,0,0,0,0,0,0,0
1966,GENERAL,5,0,0,0,0,0,0,0,0,0
1967,GENERAL,5,0,0,0,0,0,0,0,0,0
1968,GENERAL,5,0,0,0,0,0,0,0,0,0
1969,GENERAL,5,0,0,0,0,0,0,0,0,0
1970,GENERAL,5,0,0,0,0,0,0,0,0,0
1971,GENERAL,5,0,0,0,0,0,0,0,0,0
1972,GENERAL,5,0,0,0,0,0,0,0,0,0
1973,GENERAL,5,0,0,0,0,0,0,0,0,0
1974,GENERAL,5,0,0,0,0,0,0,0,0,0
1975,GENERAL,5,0,0,0,0,0,0,0,0,0
1976,GENERAL,5,0,0,0,0,0,0,0,0,0
1977,GENERAL,5,0,0,0,0,0,0,0,0,0
1978,GENERAL,5,0,0,0,0,0,0,0,0,0
1979,GENERAL,5,0,0,0,0,0,0,0,0,0
1980,GENERAL,5,0,0,0,0,0,0,0,0,0
1981,GENERAL,5,0,0,0,0,0,0,0,0,0
1982,GENERAL,5,0,0,0,0,0,0,0,0,0
1983,GENERAL,5,0,0,0,0,0,0,0,0,0
1984,GENERAL,5,0,0,0,0,0,0,0,0,0
1985,GENERAL,5,0,0,0,0,0,0,0,0,0
1986,GENERAL,5,0,0,0,0,0,0,0,0,0
1987,GENERAL,5,0,0,0,0,0,0,0,0,0
1988,GENERAL,5,0,0,0,0,0,0,0,0,0
1989,GENERAL,5,0,0,0,0,0,0,0,0,0
1990,GENERAL,5,0,0,0,0,0,0,0,0,0
1991,GENERAL,5,0,0,0,0,0,0,0,0,0
1992,GENERAL,5,0,0,0,0,0,0,0,0,0
1993,GENERAL,5,0,0,0,0,0,0,0,0,0
1994,GENERAL,5,0,0,0,0,0,0,0,0,0
1995,GENERAL,5,0,0,0,0,0,0,0,0,0
1996,GENERAL,5,0,0,0,0,0,0,0,0,0
1997,GENERAL,5,0,0,0,0,0,0,0,0,0
1998,GENERAL,5,0,0,0,0,0,0,0,0,0
1999,GENERAL,5,0,0,0,0,0,0,0,0,0
2000,GENERAL,5,0,0,0,0,0,0,0,0,0
2001,GENERAL,5,0,0,0,0,0,0,0,0,0
2002,GENERAL,5,0,0,0,0,0,0,0,0,0
2003,GENERAL,5,0,0,0,0,0,0,0,0,0
2004,GENERAL,5,0,0,0,0,0,0,0,0,0
2005,GENERAL,5,0,0,0,0,0,0,0,0,0
2006,GENERAL,5,0,0,0,0,0,0,0,0,0
2007,GENERAL,5,0,0,0,0,0,0,0,0,0
2008,GENERAL,5,0,0,0,0,0,0,0,0,0
2009,GENERAL,5,0,0,0,0,0,0,0,0,0
2010,GENERAL,5,0,0,0,0,0,0,0,0,0
2011,GENERAL,5,0,0,0,0,0,0,0,0,0
2012,GENERAL,5,0,0,0,0,0,0,0,0,0
2013,GENERAL,5,0,0,0,0,0,0,0,0,0
2014,GENERAL,5,0,0,0,0,0,0,0,0,0
2015,GENERAL,5,0,0,0,0,0,0,0,0,0
2016,GENERAL,5,0,0,0,0,0,0,0,0,0
2017,GENERAL,5,0,0,0,0,0,0,0,0,0
2018,GENERAL,5,0,0,0,0,0,0,0,0,0
2019,GENERAL,5,0,0,0,0,0,0,0,0,0
2020,GENERAL,5,0,0,0,0,0,0,0,0,0
2021,GENERAL,5,0,0,0,0,0,0,0,0,0
2022,GENERAL,5,0,0,0,0,0,0,0,0,0
2023,GENERAL,5,0,0,0,0,0,0,0,0,0
2024,GENERAL,5,0,0,0,0,0,0,0,0,0
2025,GENERAL,5,0,0,0,0,0,0,0,0,0
2026,GENERAL,5,0,0,0,0,0,0,0,0,0
2027,GENERAL,5,0,0,0,0,0,0,0,0,0
2028,GENERAL,5,0,0,0,0,0,0,0,0,0
2029,GENERAL,5,0,0,0,0,0,0,0,0,0
2030,GENERAL,5,0,0,0,0,0,0,0,0,0
2031,GENERAL,5,0,0,0,0,0,0,0,0,0
2032,GENERAL,5,0,0,0,0,0,0,0,0,0
2033,GENERAL,5,0,0,0,0,0,0,0,0,0
2034,GENERAL,5,0,0,0,0,0,0,0,0,0
2035,GENERAL,5,0,0,0,0,0,0,0,0,0
2036,GENERAL,5,0,0,0,0,0,0,0,0,0
2037,GENERAL,5,0,0,0,0,0,0,0,0,0
2038,GENERAL,5,0,0,0,0,0,0,0,0,0
2039,GENERAL,5,0,0,0,0,0,0,0,0,0
2040,GENERAL,5,0,0,0,0,0,0,0,0,0
2041,GENERAL,5,0,0,0,0,0,0,0,0,0
2042,GENERAL,5,0,0,0,0,0,0,0,0,0
2043,GENERAL,5,0,0,0,0,0,0,0,0,0
2044,GENERAL,5,0,0,0,0,0,0,0,0,0
2045,GENERAL,5,0,0,0,0,0,0,0,0,0
2046,GENERAL,5,0,0,0,0,0,0,0,0,0
2047,GENERAL,5,0,0,0,0,0,0,0,0,0
2048,GENERAL,5,0,0,0,0,0,0,0,0,0
2049,GENERAL,5,0,0,0,0,0,0,0,0,0
2050,GENERAL,5,0,0,0,0,0,0,0,0,0
2051,GENERAL,5,0,0,0,0,0,0,0,0,0
2052,GENERAL,5,0,0,0,0,0,0,0,0,0
2053,GENERAL,5,0,0,0,0,0,0,0,0,0
2054,GENERAL,5,0,0,0,0,0,0,0,0,0
2055,GENERAL,5,0,0,0,0,0,0,0,0,0
2056,GENERAL,5,0,0,0,0,0,0,0,0,0
2057,GENERAL,5,0,0,0,0,0,0,0,0,0
2058,GENERAL,5,0,0,0,0,0,0,0,0,0
2059,GENERAL,5,0,0,0,0,0,0,0,0,0
2060,GENERAL,5,0,0,0,0,0,0,0,0,0
2061,GENERAL,5,0,0,0,0,0,0,0,0,0
2062,GENERAL,5,0,0,0,0,0,0,0,0,0
2063,GENERAL,5,0,0,0,0,0,0,0,0,0
2064,GENERAL,5,0,0,0,0,0,0,0,0,0
2065,GENERAL,5,0,0,0,0,0,0,0,0,0
2066,GENERAL,5,0,0,0,0,0,0,0,0,0
2067,GENERAL,5,0,0,0,0,0,0,0,0,0
2068,GENERAL,5,0,0,0,0,0,0,0,0,0
2069,GENERAL,5,0,0,0,0,0,0,0,0,0
2070,GENERAL,5,0,0,0,0,0,0,0,0,0
2071,GENERAL,5,0,0,0,0,0,0,0,0,0
2072,GENERAL,5,0,0,0,0,0,0,0,0,0
2073,GENERAL,5,0,0,0,0,0,0,0,0,0
2074,GENERAL,5,0,0,0,0,0,0,0,0,0
2075,GENERAL,5,0,0,0,0,0,0,0,0,0
2076,GENERAL,5,0,0,0,0,0,0,0,0,0
2077,GENERAL,5,0,0,0,0,0,0,0,0,0
2078,GENERAL,5,0,0,0,0,0,0,0,0,0
2079,GENERAL,5,0,0,0,0,0,0,0,0,0
2080,GENERAL,5,0,0,0,0,0,0,0,0,0
2081,GENERAL,5,0,0,0,0,0,0,0,0,0
2082,GENERAL,5,0,0,0,0,0,0,0,0,0
2083,GENERAL,5,0,0,0,0,0,0,0,0,0
2084,GENERAL,5,0,0,0,0,0,0,0,0,0
2085,GENERAL,5,0,0,0,0,0,0,0,0,0
2086,GENERAL,5,0,0,0,0,0,0,0,0,0
2087,GENERAL,5,0,0,0,0,0,0,0,0,0
2088,GENERAL,5,0,0,0,0,0,0,0,0,0
2089,GENERAL,5,0,0,0,0,0,0,0,0,0
2090,GENERAL,5,0,0,0,0,0,0,0,0,0
2091,GENERAL,5,0,0,0,0,0,0,0,0,0
2092,GENERAL,5,0,0,0,0,0,0,0,0,0
2093,GENERAL,5,0,0,0,0,0,0,0,0,0
2094,GENERAL,5,0,0,0,0,0,0,0,0,0
2095,GENERAL,5,0,0,0,0,0,0,0,0,0
2096,GENERAL,5,0,0,0,0,0,0,0,0,0
2097,GENERAL,5,0,0,0,0,0,0,0,0,0
2098,GENERAL,5,0,0,0,0,0,0,0,0,0
2099,GENERAL,5,0,0,0,0,0,0,0,0,0
2100,GENERAL,5,0,0,0,0,0,0,0,0,0
2101,GENERAL,5,0,0,0,0,0,0,0,0,0
2102,GENERAL,5,0,0,0,0,0,0,0,0,0
2103,GENERAL,5,0,0,0,0,0,0,0,0,0
2104,GENERAL,5,0,0,0,0,0,0,0,0,0
2105,GENERAL,5,0,0,0,0,0,0,0,0,0
2106,GENERAL,5,0,0,0,0,0,0,0,0,0
2107,GENERAL,5,0,0,0,0,0,0,0,0,0
2108,GENERAL,5,0,0,0,0,0,0,0,0,0
2109,GENERAL,5,0,0,0,0,0,0,0,0,0
2110,GENERAL,5,0,0,0,0,0,0,0,0,0
2111,GENERAL,5,0,0,0,0,0,0,0,0,0
2112,GENERAL,5,0,0,0,0,0,0,0,0,0
2113,GENERAL,5,0,0,0,0,0,0,0,0,0
2114,GENERAL,5,0,0,0,0,0,0,0,0,0
2115,GENERAL,5,0,0,0,0,0,0,0,0,0
2116,GENERAL,5,0,0,0,0,0,0,0,0,0
2117,GENERAL,5,0,0,0,0,0,0,0,0,0
2118,GENERAL,5,0,0,0,0,0,0,0,0,0
2119,GENERAL,5,0,0,0,0,0,0,0,0,0
2120,GENERAL,5,0,0,0,0,0,0,0,0,0
2121,GENERAL,5,0,0,0,0,0,0,0,0,0
2122,GENERAL,5,0,0,0,0,0,0,0,0,0
2123,GENERAL,5,0,0,0,0,0,0,0,0,0
2124,GENERAL,5,0,0,0,0,0,0,0,0,0
2125,GENERAL,5,0,0,0,0,0,0,0,0,0
2126,GENERAL,5,0,0,0,0,0,0,0,0,0
2127,GENERAL,5,0,0,0,0,0,0,0,0,0
2128,GENERAL,5,0,0,0,0,0,0,0,0,0
2129,GENERAL,5,0,0,0,0,0,0,0,0,0
2130,GENERAL,5,0,0,0,0,0,0,0,0,0
2131,GENERAL,5,0,0,0,0,0,0,0,0,0
2132,GENERAL,5,0,0,0,0,0,0,0,0,0
2133,GENERAL,5,0,0,0,0,0,0,0,0,0
2134,GENERAL,5,0,0,0,0,0,0,0,0,0
2135,GENERAL,5,0,0,0,0,0,0,0,0,0
2136,GENERAL,5,0,0,0,0,0,0,0,0,0
2137,GENERAL,5,0,0,0,0,0,0,0,0,0
2138,GENERAL,5,0,0,0,0,0,0,0,0,0
2139,GENERAL,5,0,0,0,0,0,0,0,0,0
2140,GENERAL,5,0,0,0,0,0,0,0,0,0
2141,GENERAL,5,0,0,0,0,0,0,0,0,0
2142,GENERAL,5,0,0,0,0,0,0,0,0,0
2143,GENERAL,5,0,0,0,0,0,0,0,0,0
2144,GENERAL,5,0,0,0,0,0,0,0,0,0
2145,GENERAL,5,0,0,0,0,0,0,0,0,0
2146,GENERAL,5,0,0,0,0,0,0,0,0,0
2147,GENERAL,5,0,0,0,0,0,0,0,0,0
2148,GENERAL,5,0,0,0,0,0,0,0,0,0
2149,GENERAL,5,0,0,0,0,0,0,0,0,0
2150,GENERAL,5,0,0,0,0,0,0,0,0,0
2151,GENERAL,5,0,0,0,0,0,0,0,0,0
2152,GENERAL,5,0,0,0,0,0,0,0,0,0
2153,GENERAL,5,0,0,0,0,0,0,0,0,0
2154,GENERAL,5,0,0,0,0,0,0,0,0,0
2155,GENERAL,5,0,0,0,0,0,0,0,0,0
2156,GENERAL,5,0,0,0,0,0,0,0,0,0
2157,GENERAL,5,0,0,0,0,0,0,0,0,0
2158,GENERAL,5,0,0,0,0,0,0,0,0,0
2159,GENERAL,5,0,0,0,0,0,0,0,0,0
2160,GENERAL,5,0,0,0,0,0,0,0,0,0
2161,GENERAL,5,0,0,0,0,0,0,0,0,0
2162,GENERAL,5,0,0,0,0,0,0,0,0,0
2163,GENERAL,5,0,0,0,0,0,0,0,0,0
2164,GENERAL,5,0,0,0,0,0,0,0,0,0
2165,GENERAL,5,0,0,0,0,0,0,0,0,0
2166,GENERAL,5,0,0,0,0,0,0,0,0,0
2167,GENERAL,5,0,0,0,0,0,0,0,0,0
2168,GENERAL,5,0,0,0,0,0,0,0,0,0
2169,GENERAL,5,0,0,0,0,0,0,0,0,0
2170,GENERAL,5,0,0,0,0,0,0,0,0,0
2171,GENERAL,5,0,0,0,0,0,0,0,0,0
2172,GENERAL,5,0,0,0,0,0,0,0,0,0
2173,GENERAL,5,0,0,0,0,0,0,0,0,0
2174,GENERAL,5,0,0,0,0,0,0,0,0,0
2175,GENERAL,5,0,0,0,0,0,0,0,0,0
2176,GENERAL,5,0,0,0,0,0,0,0,0,0
2177,GENERAL,5,0,0,0,0,0,0,0,0,0
2178,GENERAL,5,0,0,0,0,0,0,0,0,0
2179,GENERAL,5,0,0,0,0,0,0,0,0,0
2180,GENERAL,5,0,0,0,0,0,0,0,0,0
2181,GENERAL,5,0,0,0,0,0,0,0,0,0
2182,GENERAL,5,0,0,0,0,0,0,0,0,0
2183,GENERAL,5,0,0,0,0,0,0,0,0,0
2184,GENERAL,5,0,0,0,0,0,0,0,0,0
2185,GENERAL,5,0,0,0,0,0,0,0,0,0
2186,GENERAL,5,0,0,0,0,0,0,0,0,0
2187,GENERAL,5,0,0,0,0,0,0,0,0,0
2188,GENERAL,5,0,0,0,0,0,0,0,0,0
2189,GENERAL,5,0,0,0,0,0,0,0,0,0
2190,GENERAL,5,0,0,0,0,0,0,0,0,0
2191,GENERAL,5,0,0,0,0,0,0,0,0,0
2192,GENERAL,5,0,0,0,0,0,0,0,0,0
2193,GENERAL,5,0,0,0,0,0,0,0,0,0
2194,GENERAL,5,0,0,0,0,0,0,0,0,0
2195,GENERAL,5,0,0,0,0,0,0,0,0,0
2196,GENERAL,5,0,0,0,0,0,0,0,0,0
2197,GENERAL,5,0,0,0,0,0,0,0,0,0
2198,GENERAL,5,0,0,0,0,0,0,0,0,0
2199,GENERAL,5,0,0,0,0,0,0,0,0,0
2200,GENERAL,5,0,0,0,0,0,0,0,0,0
2201,GENERAL,5,0,0,0,0,0,0,0,0,0
2202,GENERAL,5,0,0,0,0,0,0,0,0,0
2203,GENERAL,5,0,0,0,0,0,0,0,0,0
2204,GENERAL,5,0,0,0,0,0,0,0,0,0
2205,GENERAL,5,0,0,0,0,0,0,0,0,0
2206,GENERAL,5,0,0,0,0,0,0,0,0,0
2207,GENERAL,5,0,0,0,0,0,0,0,0,0
2208,GENERAL,5,0,0,0,0,0,0,0,0,0
2209,GENERAL,5,0,0,0,0,0,0,0,0,0
2210,GENERAL,5,0,0,0,0,0,0,0,0,0
2211,GENERAL,5,0,0,0,0,0,0,0,0,0
2212,GENERAL,5,0,0,0,0,0,0,0,0,0
2213,GENERAL,5,0,0,0,0,0,0,0,0,0
2214,GENERAL,5,0,0,0,0,0,0,0,0,0
2215,GENERAL,5,0,0,0,0,0,0,0,0,0
2216,GENERAL,5,0,0,0,0,0,0,0,0,0
2217,GENERAL,5,0,0,0,0,0,0,0,0,0
2218,GENERAL,5,0,0,0,0,0,0,0,0,0
2219,GENERAL,5,0,0,0,0,0,0,0,0,0
2220,GENERAL,5,0,0,0,0,0,0,0,0,0
2221,GENERAL,5,0,0,0,0,0,0,0,0,0
2222,GENERAL,5,0,0,0,0,0,0,0,0,0
2223,GENERAL,5,0,0,0,0,0,0,0,0,0
2224,GENERAL,5,0,0,0,0,0,0,0,0,0
2225,GENERAL,5,0,0,0,0,0,0,0,0,0
2226,GENERAL,5,0,0,0,0,0,0,0,0,0
2227,GENERAL,5,0,0,0,0,0,0,0,0,0
2228,GENERAL,5,0,0,0,0,0,0,0,0,0
2229,GENERAL,5,0,0,0,0,0,0,0,0,0
2230,GENERAL,5,0,0,0,0,0,0,0,0,0
2231,GENERAL,5,0,0,0,0,0,0,0,0,0
2232,GENERAL,5,0,0,0,0,0,0,0,0,0
2233,GENERAL,5,0,0,0,0,0,0,0,0,0
2234,GENERAL,5,0,0,0,0,0,0,0,0,0
2235,GENERAL,5,0,0,0,0,0,0,0,0,0
2236,GENERAL,5,0,0,0,0,0,0,0,0,0
2237,GENERAL,5,0,0,0,0,0,0,0,0,0
2238,GENERAL,5,0,0,0,0,0,0,0,0,0
2239,GENERAL,5,0,0,0,0,0,0,0,0,0
2240,GENERAL,5,0,0,0,0,0,0,0,0,0
2241,GENERAL,5,0,0,0,0,0,0,0,0,0
2242,GENERAL,5,0,0,0,0,0,0,0,0,0
2243,GENERAL,5,0,0,0,0,0,0,0,0,0
2244,GENERAL,5,0,0,0,0,0,0,0,0,0
2245,GENERAL,5,0,0,0,0,0,0,0,0,0
2246,GENERAL,5,0,0,0,0,0,0,0,0,0
2247,GENERAL,5,0,0,0,0,0,0,0,0,0
2248,GENERAL,5,0,0,0,0,0,0,0,0,0
2249,GENERAL,5,0,0,0,0,0,0,0,0,0
2250,GENERAL,5,0,0,0,0,0,0,0,0,0
2251,GENERAL,5,0,0,0,0,0,0,0,0,0
2252,GENERAL,5,0,0,0,0,0,0,0,0,0
2253,GENERAL,5,0,0,0,0,0,0,0,0,0
2254,GENERAL,5,0,0,0,0,0,0,0,0,0
2255,GENERAL,5,0,0,0,0,0,0,0,0,0
2256,GENERAL,5,0,0,0,0,0,0,0,0,0
2257,GENERAL,5,0,0,0,0,0,0,0,0,0
2258,GENERAL,5,0,0,0,0,0,0,0,0,0
2259,GENERAL,5,0,0,0,0,0,0,0,0,0
2260,GENERAL,5,0,0,0,0,0,0,0,0,0
2261,GENERAL,5,0,0,0,0,0,0,0,0,0
2262,GENERAL,5,0,0,0,0,0,0,0,0,0
2263,GENERAL,5,0,0,0,0,0,0,0,0,0
2264,GENERAL,5,0,0,0,0,0,0,0,0,0
2265,GENERAL,5,0,0,0,0,0,0,0,0,0
2266,GENERAL,5,0,0,0,0,0,0,0,0,0
2267,GENERAL,5,0,0,0,0,0,0,0,0,0
2268,GENERAL,5,0,0,0,0,0,0,0,0,0
2269,GENERAL,5,0,0,0,0,0,0,0,0,0
2270,GENERAL,5,0,0,0,0,0,0,0,0,0
2271,GENERAL,5,0,0,0,0,0,0,0,0,0
2272,GENERAL,5,0,0,0,0,0,0,0,0,0
2273,GENERAL,5,0,0,0,0,0,0,0,0,0
2274,GENERAL,5,0,0,0,0,0,0,0,0,0
2275,GENERAL,5,0,0,0,0,0,0,0,0,0
2276,GENERAL,5,0,0,0,0,0,0,0,0,0
2277,GENERAL,5,0,0,0,0,0,0,0,0,0
2278,GENERAL,5,0,0,0,0,0,0,0,0,0
2279,GENERAL,5,0,0,0,0,0,0,0,0,0
2280,GENERAL,5,0,0,0,0,0,0,0,0,0
2281,GENERAL,5,0,0,0,0,0,0,0,0,0
2282,GENERAL,5,0,0,0,0,0,0,0,0,0
2283,GENERAL,5,0,0,0,0,0,0,0,0,0
2284,GENERAL,5,0,0,0,0,0,0,0,0,0
2285,GENERAL,5,0,0,0,0,0,0,0,0,0
2286,GENERAL,5,0,0,0,0,0,0,0,0,0
2287,GENERAL,5,0,0,0,0,0,0,0,0,0
2288,GENERAL,5,0,0,0,0,0,0,0,0,0
2289,GENERAL,5,0,0,0,0,0,0,0,0,0
2290,GENERAL,5,0,0,0,0,0,0,0,0,0
2291,GENERAL,5,0,0,0,0,0,0,0,0,0
2292,GENERAL,5,0,0,0,0,0,0,0,0,0
2293,GENERAL,5,0,0,0,0,0,0,0,0,0
2294,GENERAL,5,0,0,0,0,0,0,0,0,0
2295,GENERAL,5,0,0,0,0,0,0,0,0,0
2296,GENERAL,5,0,0,0,0,0,0,0,0,0
2297,GENERAL,5,0,0,0,0,0,0,0,0,0
2298,GENERAL,5,0,0,0,0,0,0,0,0,0
2299,GENERAL,5,0,0,0,0,0,0,0,0,0
2300,GENERAL,5,0,0,0,0,0,0,0,0,0
2301,GENERAL,5,0,0,0,0,0,0,0,0,0
2302,GENERAL,5,0,0,0,0,0,0,0,0,0
2303,GENERAL,5,0,0,0,0,0,0,0,0,0
2304,GENERAL,5,0,0,0,0,0,0,0,0,0
2305,GENERAL,5,0,0,0,0,0,0,0,0,0
2306,GENERAL,5,0,0,0,0,0,0,0,0,0
2307,GENERAL,5,0,0,0,0,0,0,0,0,0
2308,GENERAL,5,0,0,0,0,0,0,0,0,0
2309,GENERAL,5,0,0,0,0,0,0,0,0,0
2310,GENERAL,5,0,0,0,0,0,0,0,0,0
2311,GENERAL,5,0,0,0,0,0,0,0,0,0
2312,GENERAL,5,0,0,0,0,0,0,0,0,0
2313,GENERAL,5,0,0,0,0,0,0,0,0,0
2314,GENERAL,5,0,0,0,0,0,0,0,0,0
2315,GENERAL,5,0,0,0,0,0,0,0,0,0
2316,GENERAL,5,0,0,0,0,0,0,0,0,0
2317,GENERAL,5,0,0,0,0,0,0,0,0,0
2318,GENERAL,5,0,0,0,0,0,0,0,0,0
2319,GENERAL,5,0,0,0,0,0,0,0,0,0
2320,GENERAL,5,0,0,0,0,0,0,0,0,0
2321,GENERAL,5,0,0,0,0,0,0,0,0,0
2322,GENERAL,5,0,0,0,0,0,0,0,0,0
2323,GENERAL,5,0,0,0,0,0,0,0,0,0
2324,GENERAL,5,0,0,0,0,0,0,0,0,0
2325,GENERAL,5,0,0,0,0,0,0,0,0,0
2326,GENERAL,5,0,0,0,0,0,0,0,0,0
2327,GENERAL,5,0,0,0,0,0,0,0,0,0
2328,GENERAL,5,0,0,0,0,0,0,0,0,0
2329,GENERAL,5,0,0,0,0,0,0,0,0,0
2330,GENERAL,5,0,0,0,0,0,0,0,0,0
2331,GENERAL,5,0,0,0,0,0,0,0,0,0
2332,GENERAL,5,0,0,0,0,0,0,0,0,0
2333,GENERAL,5,0,0,0,0,0,0,0,0,0
2334,GENERAL,5,0,0,0,0,0,0,0,0,0
2335,GENERAL,5,0,0,0,0,0,0,0,0,0
2336,GENERAL,5,0,0,0,0,0,0,0,0,0
2337,GENERAL,5,0,0,0,0,0,0,0,0,0
2338,GENERAL,5,0,0,0,0,0,0,0,0,0
2339,GENERAL,5,0,0,0,0,0,0,0,0,0
2340,GENERAL,5,0,0,0,0,0,0,0,0,0
2341,GENERAL,5,0,0,0,0,0,0,0,0,0
2342,GENERAL,5,0,0,0,0,0,0,0,0,0
2343,GENERAL,5,0,0,0,0,0,0,0,0,0
2344,GENERAL,5,0,0,0,0,0,0,0,0,0
2345,GENERAL,5,0,0,0,0,0,0,0,0,0
2346,GENERAL,5,0,0,0,0,0,0,0,0,0
2347,GENERAL,5,0,0,0,0,0,0,0,0,0
2348,GENERAL,5,0,0,0,0,0,0,0,0,0
2349,GENERAL,5,0,0,0,0,0,0,0,0,0
2350,GENERAL,5,0,0,0,0,0,0,0,0,0
2351,GENERAL,5,0,0,0,0,0,0,0,0,0
2352,GENERAL,5,0,0,0,0,0,0,0,0,0
2353,GENERAL,5,0,0,0,0,0,0,0,0,0
2354,GENERAL,5,0,0,0,0,0,0,0,0,0
2355,GENERAL,5,0,0,0,0,0,0,0,0,0
2356,GENERAL,5,0,0,0,0,0,0,0,0,0
2357,GENERAL,5,0,0,0,0,0,0,0,0,0
2358,GENERAL,5,0,0,0,0,0,0,0,0,0
2359,GENERAL,5,0,0,0,0,0,0,0,0,0
2360,GENERAL,5,0,0,0,0,0,0,0,0,0
2361,GENERAL,5,0,0,0,0,0,0,0,0,0
2362,GENERAL,5,0,0,0,0,0,0,0,0,0
2363,GENERAL,5,0,0,0,0,0,0,0,0,0
2364,GENERAL,5,0,0,0,0,0,0,0,0,0
2365,GENERAL,5,0,0,0,0,0,0,0,0,0
2366,GENERAL,5,0,0,0,0,0,0,0,0,0
2367,GENERAL,5,0,0,0,0,0,0,0,0,0
2368,GENERAL,5,0,0,0,0,0,0,0,0,0
2369,GENERAL,5,0,0,0,0,0,0,0,0,0
2370,GENERAL,5,0,0,0,0,0,0,0,0,0
2371,GENERAL,5,0,0,0,0,0,0,0,0,0
2372,GENERAL,5,0,0,0,0,0,0,0,0,0
2373,GENERAL,5,0,0,0,0,0,0,0,0,0
2374,GENERAL,5,0,0,0,0,0,0,0,0,0
2375,GENERAL,5,0,0,0,0,0,0,0,0,0
2376,GENERAL,5,0,0,0,0,0,0,0,0,0
2377,GENERAL,5,0,0,0,0,0,0,0,0,0
2378,GENERAL,5,0,0,0,0,0,0,0,0,0
2379,GENERAL,5,0,0,0,0,0,0,0,0,0
2380,GENERAL,5,0,0,0,0,0,0,0,0,0
2381,GENERAL,5,0,0,0,0,0,0,0,0,0
2382,GENERAL,5,0,0,0,0,0,0,0,0,0
2383,GENERAL,5,0,0,0,0,0,0,0,0,0
2384,GENERAL,5,0,0,0,0,0,0,0,0,0
2385,GENERAL,5,0,0,0,0,0,0,0,0,0
2386,GENERAL,5,0,0,0,0,0,0,0,0,0
2387,GENERAL,5,0,0,0,0,0,0,0,0,0
2388,GENERAL,5,0,0,0,0,0,0,0,0,0
2389,GENERAL,5,0,0,0,0,0,0,0,0,0
2390,GENERAL,5,0,0,0,0,0,0,0,0,0
2391,GENERAL,5,0,0,0,0,0,0,0,0,0
2392,GENERAL,5,0,0,0,0,0,0,0,0,0
2393,GENERAL,5,0,0,0,0,0,0,0,0,0
2394,GENERAL,5,0,0,0,0,0,0,0,0,0
2395,GENERAL,5,0,0,0,0,0,0,0,0,0
2396,GENERAL,5,0,0,0,0,0,0,0,0,0
2397,GENERAL,5,0,0,0,0,0,0,0,0,0
2398,GENERAL,5,0,0,0,0,0,0,0,0,0
2399,GENERAL,5,0,0,0,0,0,0,0,0,0
2400,GENERAL,5,0,0,0,0,0,0,0,0,0
2401,GENERAL,5,0,0,0,0,0,0,0,0,0
2402,GENERAL,5,0,0,0,0,0,0,0,0,0
2403,GENERAL,5,0,0,0,0,0,0,0,0,0
2404,GENERAL,5,0,0,0,0,0,0,0,0,0
2405,GENERAL,5,0,0,0,0,0,0,0,0,0
2406,GENERAL,5,0,0,0,0,0,0,0,0,0
2407,GENERAL,5,0,0,0,0,0,0,0,0,0
2408,GENERAL,5,0,0,0,0,0,0,0,0,0
2409,GENERAL,5,0,0,0,0,0,0,0,0,0
2410,GENERAL,5,0,0,0,0,0,0,0,0,0
2411,GENERAL,5,0,0,0,0,0,0,0,0,0
2412,GENERAL,5,0,0,0,0,0,0,0,0,0
2413,GENERAL,5,0,0,0,0,0,0,0,0,0
2414,GENERAL,5,0,0,0,0,0,0,0,0,0
2415,GENERAL,5,0,0,0,0,0,0,0,0,0
2416,GENERAL,5,0,0,0,0,0,0,0,0,0
2417,GENERAL,5,0,0,0,0,0,0,0,0,0
2418,GENERAL,5,0,0,0,0,0,0,0,0,0
2419,GENERAL,5,0,0,0,0,0,0,0,0,0
2420,GENERAL,5,0,0,0,0,0,0,0,0,0
2421,GENERAL,5,0,0,0,0,0,0,0,0,0
2422,GENERAL,5,0,0,0,0,0,0,0,0,0
2423,GENERAL,5,0,0,0,0,0,0,0,0,0
2424,GENERAL,5,0,0,0,0,0,0,0,0,0
2425,GENERAL,5,0,0,0,0,0,0,0,0,0
2426,GENERAL,5,0,0,0,0,0,0,0,0,0
2427,GENERAL,5,0,0,0,0,0,0,0,0,0
2428,GENERAL,5,0,0,0,0,0,0,0,0,0
2429,GENERAL,5,0,0,0,0,0,0,0,0,0
2430,GENERAL,5,0,0,0,0,0,0,0,0,0
2431,GENERAL,5,0,0,0,0,0,0,0,0,0
2432,GENERAL,5,0,0,0,0,0,0,0,0,0
2433,GENERAL,5,0,0,0,0,0,0,0,0,0
2434,GENERAL,5,0,0,0,0,0,0,0,0,0
2435,GENERAL,5,0,0,0,0,0,0,0,0,0
2436,GENERAL,5,0,0,0,0,0,0,0,0,0
2437,GENERAL,5,0,0,0,0,0,0,0,0,0
2438,GENERAL,5,0,0,0,0,0,0,0,0,0
2439,GENERAL,5,0,0,0,0,0,0,0,0,0
2440,GENERAL,5,0,0,0,0,0,0,0,0,0
2441,GENERAL,5,0,0,0,0,0,0,0,0,0
2442,GENERAL,5,0,0,0,0,0,0,0,0,0
2443,GENERAL,5,0,0,0,0,0,0,0,0,0
2444,GENERAL,5,0,0,0,0,0,0,0,0,0
2445,GENERAL,5,0,0,0,0,0,0,0,0,0
2446,GENERAL,5,0,0,0,0,0,0,0,0,0
2447,GENERAL,5,0,0,0,0,0,0,0,0,0
2448,GENERAL,5,0,0,0,0,0,0,0,0,0
2449,GENERAL,5,0,0,0,0,0,0,0,0,0
2450,GENERAL,5,0,0,0,0,0,0,0,0,0
2451,GENERAL,5,0,0,0,0,0,0,0,0,0
2452,GENERAL,5,0,0,0,0,0,0,0,0,0
2453,GENERAL,5,0,0,0,0,0,0,0,0,0
2454,GENERAL,5,0,0,0,0,0,0,0,0,0
2455,GENERAL,5,0,0,0,0,0,0,0,0,0
2456,GENERAL,5,0,0,0,0,0,0,0,0,0
2457,GENERAL,5,0,0,0,0,0,0,0,0,0
2458,GENERAL,5,0,0,0,0,0,0,0,0,0
2459,GENERAL,5,0,0,0,0,0,0,0,0,0
2460,GENERAL,5,0,0,0,0,0,0,0,0,0
2461,GENERAL,5,0,0,0,0,0,0,0,0,0
2462,GENERAL,5,0,0,0,0,0,0,0,0,0
2463,GENERAL,5,0,0,0,0,0,0,0,0,0
2464,GENERAL,5,0,0,0,0,0,0,0,0,0
2465,GENERAL,5,0,0,0,0,0,0,0,0,0
2466,GENERAL,5,0,0,0,0,0,0,0,0,0
2467,GENERAL,5,0,0,0,0,0,0,0,0,0
2468,GENERAL,5,0,0,0,0,0,0,0,0,0
2469,GENERAL,5,0,0,0,0,0,0,0,0,0
2470,GENERAL,5,0,0,0,0,0,0,0,0,0
2471,GENERAL,5,0,0,0,0,0,0,0,0,0
2472,GENERAL,5,0,0,0,0,0,0,0,0,0
2473,GENERAL,5,0,0,0,0,0,0,0,0,0
2474,GENERAL,5,0,0,0,0,0,0,0,0,0
2475,GENERAL,5,0,0,0,0,0,0,0,0,0
2476,GENERAL,5,0,0,0,0,0,0,0,0,0
2477,GENERAL,5,0,0,0,0,0,0,0,0,0
2478,GENERAL,5,0,0,0,0,0,0,0,0,0
2479,GENERAL,5,0,0,0,0,0,0,0,0,0
2480,GENERAL,5,0,0,0,0,0,0,0,0,0
2481,GENERAL,5,0,0,0,0,0,0,0,0,0
2482,GENERAL,5,0,0,0,0,0,0,0,0,0
2483,GENERAL,5,0,0,0,0,0,0,0,0,0
2484,GENERAL,5,0,0,0,0,0,0,0,0,0
2485,GENERAL,5,0,0,0,0,0,0,0,0,0
2486,GENERAL,5,0,0,0,0,0,0,0,0,0
2487,GENERAL,5,0,0,0,0,0,0,0,0,0
2488,GENERAL,5,0,0,0,0,0,0,0,0,0
2489,GENERAL,5,0,0,0,0,0,0,0,0,0
2490,GENERAL,5,0,0,0,0,0,0,0,0,0
2491,GENERAL,5,0,0,0,0,0,0,0,0,0
2492,GENERAL,5,0,0,0,0,0,0,0,0,0
2493,GENERAL,5,0,0,0,0,0,0,0,0,0
2494,GENERAL,5,0,0,0,0,0,0,0,0,0
2495,GENERAL,5,0,0,0,0,0,0,0,0,0
2496,GENERAL,5,0,0,0,0,0,0,0,0,0
2497,GENERAL,5,0,0,0,0,0,0,0,0,0
2498,GENERAL,5,0,0,0,0,0,0,0,0,0
2499,GENERAL,5,0,0,0,0,0,0,0,0,0
2500,GENERAL,5,0,0,0,0,0,0,0,0,0
2501,GENERAL,5,0,0,0,0,0,0,0,0,0
2502,GENERAL,5,0,0,0,0,0,0,0,0,0
2503,GENERAL,5,0,0,0,0,0,0,0,0,0
2504,GENERAL,5,0,0,0,0,0,0,0,0,0
2505,GENERAL,5,0,0,0,0,0,0,0,0,0
2506,GENERAL,5,0,0,0,0,0,0,0,0,0
2507,GENERAL,5,0,0,0,0,0,0,0,0,0
2508,GENERAL,5,0,0,0,0,0,0,0,0,0
2509,GENERAL,5,0,0,0,0,0,0,0,0,0
2510,GENERAL,5,0,0,0,0,0,0,0,0,0
2511,GENERAL,5,0,0,0,0,0,0,0,0,0
2512,GENERAL,5,0,0,0,0,0,0,0,0,0
2513,GENERAL,5,0,0,0,0,0,0,0,0,0
2514,GENERAL,5,0,0,0,0,0,0,0,0,0
2515,GENERAL,5,0,0,0,0,0,0,0,0,0
2516,GENERAL,5,0,0,0,0,0,0,0,0,0
2517,GENERAL,5,0,0,0,0,0,0,0,0,0
2518,GENERAL,5,0,0,0,0,0,0,0,0,0
2519,GENERAL,5,0,0,0,0,0,0,0,0,0
2520,GENERAL,5,0,0,0,0,0,0,0,0,0
2521,GENERAL,5,0,0,0,0,0,0,0,0,0
2522,GENERAL,5,0,0,0,0,0,0,0,0,0
2523,GENERAL,5,0,0,0,0,0,0,0,0,0
2524,GENERAL,5,0,0,0,0,0,0,0,0,0
2525,GENERAL,5,0,0,0,0,0,0,0,0,0
2526,GENERAL,5,0,0,0,0,0,0,0,0,0
2527,GENERAL,5,0,0,0,0,0,0,0,0,0
2528,GENERAL,5,0,0,0,0,0,0,0,0,0
2529,GENERAL,5,0,0,0,0,0,0,0,0,0
2530,GENERAL,5,0,0,0,0,0,0,0,0,0
2531,GENERAL,5,0,0,0,0,0,0,0,0,0
2532,GENERAL,5,0,0,0,0,0,0,0,0,0
2533,GENERAL,5,0,0,0,0,0,0,0,0,0
2534,GENERAL,5,0,0,0,0,0,0,0,0,0
2535,GENERAL,5,0,0,0,0,0,0,0,0,0
2536,GENERAL,5,0,0,0,0,0,0,0,0,0
2537,GENERAL,5,0,0,0,0,0,0,0,0,0
2538,GENERAL,5,0,0,0,0,0,0,0,0,0
2539,GENERAL,5,0,0,0,0,0,0,0,0,0
2540,GENERAL,5,0,0,0,0,0,0,0,0,0
2541,GENERAL,5,0,0,0,0,0,0,0,0,0
2542,GENERAL,5,0,0,0,0,0,0,0,0,0
2543,GENERAL,5,0,0,0,0,0,0,0,0,0
2544,GENERAL,5,0,0,0,0,0,0,0,0,0
2545,GENERAL,5,0,0,0,0,0,0,0,0,0
2546,GENERAL,5,0,0,0,0,0,0,0,0,0
2547,GENERAL,5,0,0,0,0,0,0,0,0,0
2548,GENERAL,5,0,0,0,0,0,0,0,0,0
2549,GENERAL,5,0,0,0,0,0,0,0,0,0
2550,GENERAL,5,0,0,0,0,0,0,0,0,0
2551,GENERAL,5,0,0,0,0,0,0,0,0,0
2552,GENERAL,5,0,0,0,0,0,0,0,0,0
2553,GENERAL,5,0,0,0,0,0,0,0,0,0
2554,GENERAL,5,0,0,0,0,0,0,0,0,0
2555,GENERAL,5,0,0,0,0,0,0,0,0,0
2556,GENERAL,5,0,0,0,0,0,0,0,0,0
2557,GENERAL,5,0,0,0,0,0,0,0,0,0
2558,GENERAL,5,0,0,0,0,0,0,0,0,0
2559,GENERAL,5,0,0,0,0,0,0,0,0,0
2560,GENERAL,5,0,0,0,0,0,0,0,0,0
2561,GENERAL,5,0,0,0,0,0,0,0,0,0
2562,GENERAL,5,0,0,0,0,0,0,0,0,0
2563,GENERAL,5,0,0,0,0,0,0,0,0,0
2564,GENERAL,5,0,0,0,0,0,0,0,0,0
2565,GENERAL,5,0,0,0,0,0,0,0,0,0
2566,GENERAL,5,0,0,0,0,0,0,0,0,0
2567,GENERAL,5,0,0,0,0,0,0,0,0,0
2568,GENERAL,5,0,0,0,0,0,0,0,0,0
2569,GENERAL,5,0,0,0,0,0,0,0,0,0
2570,GENERAL,5,0,0,0,0,0,0,0,0,0
2571,GENERAL,5,0,0,0,0,0,0,0,0,0
2572,GENERAL,5,0,0,0,0,0,0,0,0,0
2573,GENERAL,5,0,0,0,0,0,0,0,0,0
2574,GENERAL,5,0,0,0,0,0,0,0,0,0
2575,GENERAL,5,0,0,0,0,0,0,0,0,0
2576,GENERAL,5,0,0,0,0,0,0,0,0,0
2577,GENERAL,5,0,0,0,0,0,0,0,0,0
2578,GENERAL,5,0,0,0,0,0,0,0,0,0
2579,GENERAL,5,0,0,0,0,0,0,0,0,0
2580,GENERAL,5,0,0,0,0,0,0,0,0,0
2581,GENERAL,5,0,0,0,0,0,0,0,0,0
2582,GENERAL,5,0,0,0,0,0,0,0,0,0
2583,GENERAL,5,0,0,0,0,0,0,0,0,0
2584,GENERAL,5,0,0,0,0,0,0,0,0,0
2585,GENERAL,5,0,0,0,0,0,0,0,0,0
2586,GENERAL,5,0,0,0,0,0,0,0,0,0
2587,GENERAL,5,0,0,0,0,0,0,0,0,0
2588,GENERAL,5,0,0,0,0,0,0,0,0,0
2589,GENERAL,5,0,0,0,0,0,0,0,0,0
2590,GENERAL,5,0,0,0,0,0,0,0,0,0
2591,GENERAL,5,0,0,0,0,0,0,0,0,0
2592,GENERAL,5,0,0,0,0,0,0,0,0,0
2593,GENERAL,5,0,0,0,0,0,0,0,0,0
2594,GENERAL,5,0,0,0,0,0,0,0,0,0
2595,GENERAL,5,0,0,0,0,0,0,0,0,0
2596,GENERAL,5,0,0,0,0,0,0,0,0,0
2597,GENERAL,5,0,0,0,0,0,0,0,0,0
2598,GENERAL,5,0,0,0,0,0,0,0,0,0
2599,GENERAL,5,0,0,0,0,0,0,0,0,0
2600,GENERAL,5,0,0,0,0,0,0,0,0,0
2601,GENERAL,5,0,0,0,0,0,0,0,0,0
2602,GENERAL,5,0,0,0,0,0,0,0,0,0
2603,GENERAL,5,0,0,0,0,0,0,0,0,0
2604,GENERAL,5,0,0,0,0,0,0,0,0,0
2605,GENERAL,5,0,0,0,0,0,0,0,0,0
2606,GENERAL,5,0,0,0,0,0,0,0,0,0
2607,GENERAL,5,0,0,0,0,0,0,0,0,0
2608,GENERAL,5,0,0,0,0,0,0,0,0,0
2609,GENERAL,5,0,0,0,0,0,0,0,0,0
2610,GENERAL,5,0,0,0,0,0,0,0,0,0
2611,GENERAL,5,0,0,0,0,0,0,0,0,0
2612,GENERAL,5,0,0,0,0,0,0,0,0,0
2613,GENERAL,5,0,0,0,0,0,0,0,0,0
2614,GENERAL,5,0,0,0,0,0,0,0,0,0
2615,GENERAL,5,0,0,0,0,0,0,0,0,0
2616,GENERAL,5,0,0,0,0,0,0,0,0,0
2617,GENERAL,5,0,0,0,0,0,0,0,0,0
2618,GENERAL,5,0,0,0,0,0,0,0,0,0
2619,GENERAL,5,0,0,0,0,0,0,0,0,0
2620,GENERAL,5,0,0,0,0,0,0,0,0,0
2621,GENERAL,5,0,0,0,0,0,0,0,0,0
2622,GENERAL,5,0,0,0,0,0,0,0,0,0
2623,GENERAL,5,0,0,0,0,0,0,0,0,0
2624,GENERAL,5,0,0,0,0,0,0,0,0,0
2625,GENERAL,5,0,0,0,0,0,0,0,0,0
2626,GENERAL,5,0,0,0,0,0,0,0,0,0
2627,GENERAL,5,0,0,0,0,0,0,0,0,0
2628,GENERAL,5,0,0,0,0,0,0,0,0,0
2629,GENERAL,5,0,0,0,0,0,0,0,0,0
2630,GENERAL,5,0,0,0,0,0,0,0,0,0
2631,GENERAL,5,0,0,0,0,0,0,0,0,0
2632,GENERAL,5,0,0,0,0,0,0,0,0,0
2633,GENERAL,5,0,0,0,0,0,0,0,0,0
2634,GENERAL,5,0,0,0,0,0,0,0,0,0
2635,GENERAL,5,0,0,0,0,0,0,0,0,0
2636,GENERAL,5,0,0,0,0,0,0,0,0,0
2637,GENERAL,5,0,0,0,0,0,0,0,0,0
2638,GENERAL,5,0,0,0,0,0,0,0,0,0
2639,GENERAL,5,0,0,0,0,0,0,0,0,0
2640,GENERAL,5,0,0,0,0,0,0,0,0,0
2641,GENERAL,5,0,0,0,0,0,0,0,0,0
2642,GENERAL,5,0,0,0,0,0,0,0,0,0
2643,GENERAL,5,0,0,0,0,0,0,0,0,0
2644,GENERAL,5,0,0,0,0,0,0,0,0,0
2645,GENERAL,5,0,0,0,0,0,0,0,0,0
2646,GENERAL,5,0,0,0,0,0,0,0,0,0
2647,GENERAL,5,0,0,0,0,0,0,0,0,0
2648,GENERAL,5,0,0,0,0,0,0,0,0,0
2649,GENERAL,5,0,0,0,0,0,0,0,0,0
2650,GENERAL,5,0,0,0,0,0,0,0,0,0
2651,GENERAL,5,0,0,0,0,0,0,0,0,0
2652,GENERAL,5,0,0,0,0,0,0,0,0,0
2653,GENERAL,5,0,0,0,0,0,0,0,0,0
2654,GENERAL,5,0,0,0,0,0,0,0,0,0
2655,GENERAL,5,0,0,0,0,0,0,0,0,0
2656,GENERAL,5,0,0,0,0,0,0,0,0,0
2657,GENERAL,5,0,0,0,0,0,0,0,0,0
2658,GENERAL,5,0,0,0,0,0,0,0,0,0
2659,GENERAL,5,0,0,0,0,0,0,0,0,0
2660,GENERAL,5,0,0,0,0,0,0,0,0,0
2661,GENERAL,5,0,0,0,0,0,0,0,0,0
2662,GENERAL,5,0,0,0,0,0,0,0,0,0
2663,GENERAL,5,0,0,0,0,0,0,0,0,0
2664,GENERAL,5,0,0,0,0,0,0,0,0,0
2665,GENERAL,5,0,0,0,0,0,0,0,0,0
2666,GENERAL,5,0,0,0,0,0,0,0,0,0
2667,GENERAL,5,0,0,0,0,0,0,0,0,0
2668,GENERAL,5,0,0,0,0,0,0,0,0,0
2669,GENERAL,5,0,0,0,0,0,0,0,0,0
2670,GENERAL,5,0,0,0,0,0,0,0,0,0
2671,GENERAL,5,0,0,0,0,0,0,0,0,0
2672,GENERAL,5,0,0,0,0,0,0,0,0,0
2673,GENERAL,5,0,0,0,0,0,0,0,0,0
2674,GENERAL,5,0,0,0,0,0,0,0,0,0
2675,GENERAL,5,0,0,0,0,0,0,0,0,0
2676,GENERAL,5,0,0,0,0,0,0,0,0,0
2677,GENERAL,5,0,0,0,0,0,0,0,0,0
2678,GENERAL,5,0,0,0,0,0,0,0,0,0
2679,GENERAL,5,0,0,0,0,0,0,0,0,0
2680,GENERAL,5,0,0,0,0,0,0,0,0,0
2681,GENERAL,5,0,0,0,0,0,0,0,0,0
2682,GENERAL,5,0,0,0,0,0,0,0,0,0
2683,GENERAL,5,0,0,0,0,0,0,0,0,0
2684,GENERAL,5,0,0,0,0,0,0,0,0,0
2685,GENERAL,5,0,0,0,0,0,0,0,0,0
2686,GENERAL,5,0,0,0,0,0,0,0,0,0
2687,GENERAL,5,0,0,0,0,0,0,0,0,0
2688,GENERAL,5,0,0,0,0,0,0,0,0,0
2689,GENERAL,5,0,0,0,0,0,0,0,0,0
2690,GENERAL,5,0,0,0,0,0,0,0,0,0
2691,GENERAL,5,0,0,0,0,0,0,0,0,0
2692,GENERAL,5,0,0,0,0,0,0,0,0,0
2693,GENERAL,5,0,0,0,0,0,0,0,0,0
2694,GENERAL,5,0,0,0,0,0,0,0,0,0
2695,GENERAL,5,0,0,0,0,0,0,0,0,0
2696,GENERAL,5,0,0,0,0,0,0,0,0,0
2697,GENERAL,5,0,0,0,0,0,0,0,0,0
2698,GENERAL,5,0,0,0,0,0,0,0,0,0
2699,GENERAL,5,0,0,0,0,0,0,0,0,0
2700,GENERAL,5,0,0,0,0,0,0,0,0,0
2701,GENERAL,5,0,0,0,0,0,0,0,0,0
2702,GENERAL,5,0,0,0,0,0,0,0,0,0
2703,GENERAL,5,0,0,0,0,0,0,0,0,0
2704,GENERAL,5,0,0,0,0,0,0,0,0,0
2705,GENERAL,5,0,0,0,0,0,0,0,0,0
2706,GENERAL,5,0,0,0,0,0,0,0,0,0
2707,GENERAL,5,0,0,0,0,0,0,0,0,0
2708,GENERAL,5,0,0,0,0,0,0,0,0,0
2709,GENERAL,5,0,0,0,0,0,0,0,0,0
2710,GENERAL,5,0,0,0,0,0,0,0,0,0
2711,GENERAL,5,0,0,0,0,0,0,0,0,0
2712,GENERAL,5,0,0,0,0,0,0,0,0,0
2713,GENERAL,5,0,0,0,0,0,0,0,0,0
2714,GENERAL,5,0,0,0,0,0,0,0,0,0
2715,GENERAL,5,0,0,0,0,0,0,0,0,0
2716,GENERAL,5,0,0,0,0,0,0,0,0,0
2717,GENERAL,5,0,0,0,0,0,0,0,0,0
2718,GENERAL,5,0,0,0,0,0,0,0,0,0
2719,GENERAL,5,0,0,0,0,0,0,0,0,0
2720,GENERAL,5,0,0,0,0,0,0,0,0,0
2721,GENERAL,5,0,0,0,0,0,0,0,0,0
2722,GENERAL,5,0,0,0,0,0,0,0,0,0
2723,GENERAL,5,0,0,0,0,0,0,0,0,0
2724,GENERAL,5,0,0,0,0,0,0,0,0,0
2725,GENERAL,5,0,0,0,0,0,0,0,0,0
2726,GENERAL,5,0,0,0,0,0,0,0,0,0
2727,GENERAL,5,0,0,0,0,0,0,0,0,0
2728,GENERAL,5,0,0,0,0,0,0,0,0,0
2729,GENERAL,5,0,0,0,0,0,0,0,0,0
2730,GENERAL,5,0,0,0,0,0,0,0,0,0
2731,GENERAL,5,0,0,0,0,0,0,0,0,0
2732,GENERAL,5,0,0,0,0,0,0,0,0,0
2733,GENERAL,5,0,0,0,0,0,0,0,0,0
2734,GENERAL,5,0,0,0,0,0,0,0,0,0
2735,GENERAL,5,0,0,0,0,0,0,0,0,0
2736,GENERAL,5,0,0,0,0,0,0,0,0,0
2737,GENERAL,5,0,0,0,0,0,0,0,0,0
2738,GENERAL,5,0,0,0,0,0,0,0,0,0
2739,GENERAL,5,0,0,0,0,0,0,0,0,0
2740,GENERAL,5,0,0,0,0,0,0,0,0,0
2741,GENERAL,5,0,0,0,0,0,0,0,0,0
2742,GENERAL,5,0,0,0,0,0,0,0,0,0
2743,GENERAL,5,0,0,0,0,0,0,0,0,0
2744,GENERAL,5,0,0,0,0,0,0,0,0,0
2745,GENERAL,5,0,0,0,0,0,0,0,0,0
2746,GENERAL,5,0,0,0,0,0,0,0,0,0
2747,GENERAL,5,0,0,0,0,0,0,0,0,0
2748,GENERAL,5,0,0,0,0,0,0,0,0,0
2749,GENERAL,5,0,0,0,0,0,0,0,0,0
2750,GENERAL,5,0,0,0,0,0,0,0,0,0
2751,GENERAL,5,0,0,0,0,0,0,0,0,0
2752,GENERAL,5,0,0,0,0,0,0,0,0,0
2753,GENERAL,5,0,0,0,0,0,0,0,0,0
2754,GENERAL,5,0,0,0,0,0,0,0,0,0
2755,GENERAL,5,0,0,0,0,0,0,0,0,0
2756,GENERAL,5,0,0,0,0,0,0,0,0,0
2757,GENERAL,5,0,0,0,0,0,0,0,0,0
2758,GENERAL,5,0,0,0,0,0,0,0,0,0
2759,GENERAL,5,0,0,0,0,0,0,0,0,0
2760,GENERAL,5,0,0,0,0,0,0,0,0,0
2761,GENERAL,5,0,0,0,0,0,0,0,0,0
2762,GENERAL,5,0,0,0,0,0,0,0,0,0
2763,GENERAL,5,0,0,0,0,0,0,0,0,0
2764,GENERAL,5,0,0,0,0,0,0,0,0,0
2765,GENERAL,5,0,0,0,0,0,0,0,0,0
2766,GENERAL,5,0,0,0,0,0,0,0,0,0
2767,GENERAL,5,0,0,0,0,0,0,0,0,0
2768,GENERAL,5,0,0,0,0,0,0,0,0,0
2769,GENERAL,5,0,0,0,0,0,0,0,0,0
2770,GENERAL,5,0,0,0,0,0,0,0,0,0
2771,GENERAL,5,0,0,0,0,0,0,0,0,0
2772,GENERAL,5,0,0,0,0,0,0,0,0,0
2773,GENERAL,5,0,0,0,0,0,0,0,0,0
2774,GENERAL,5,0,0,0,0,0,0,0,0,0
2775,GENERAL,5,0,0,0,0,0,0,0,0,0
2776,GENERAL,5,0,0,0,0,0,0,0,0,0
2777,GENERAL,5,0,0,0,0,0,0,0,0,0
2778,GENERAL,5,0,0,0,0,0,0,0,0,0
2779,GENERAL,5,0,0,0,0,0,0,0,0,0
2780,GENERAL,5,0,0,0,0,0,0,0,0,0
2781,GENERAL,5,0,0,0,0,0,0,0,0,0
2782,GENERAL,5,0,0,0,0,0,0,0,0,0
2783,GENERAL,5,0,0,0,0,0,0,0,0,0
2784,GENERAL,5,0,0,0,0,0,0,0,0,0
2785,GENERAL,5,0,0,0,0,0,0,0,0,0
2786,GENERAL,5,0,0,0,0,0,0,0,0,0
2787,GENERAL,5,0,0,0,0,0,0,0,0,0
2788,GENERAL,5,0,0,0,0,0,0,0,0,0
2789,GENERAL,5,0,0,0,0,0,0,0,0,0
2790,GENERAL,5,0,0,0,0,0,0,0,0,0
2791,GENERAL,5,0,0,0,0,0,0,0,0,0
2792,GENERAL,5,0,0,0,0,0,0,0,0,0
2793,GENERAL,5,0,0,0,0,0,0,0,0,0
2794,GENERAL,5,0,0,0,0,0,0,0,0,0
2795,GENERAL,5,0,0,0,0,0,0,0,0,0
2796,GENERAL,5,0,0,0,0,0,0,0,0,0
2797,GENERAL,5,0,0,0,0,0,0,0,0,0
2798,GENERAL,5,0,0,0,0,0,0,0,0,0
2799,GENERAL,5,0,0,0,0,0,0,0,0,0
2800,GENERAL,5,0,0,0,0,0,0,0,0,0
2801,GENERAL,5,0,0,0,0,0,0,0,0,0
2802,GENERAL,5,0,0,0,0,0,0,0,0,0
2803,GENERAL,5,0,0,0,0,0,0,0,0,0
2804,GENERAL,5,0,0,0,0,0,0,0,0,0
2805,GENERAL,5,0,0,0,0,0,0,0,0,0
2806,GENERAL,5,0,0,0,0,0,0,0,0,0
2807,GENERAL,5,0,0,0,0,0,0,0,0,0
2808,GENERAL,5,0,0,0,0,0,0,0,0,0
2809,GENERAL,5,0,0,0,0,0,0,0,0,0
2810,GENERAL,5,0,0,0,0,0,0,0,0,0
2811,GENERAL,5,0,0,0,0,0,0,0,0,0
2812,GENERAL,5,0,0,0,0,0,0,0,0,0
2813,GENERAL,5,0,0,0,0,0,0,0,0,0
2814,GENERAL,5,0,0,0,0,0,0,0,0,0
2815,GENERAL,5,0,0,0,0,0,0,0,0,0
2816,GENERAL,5,0,0,0,0,0,0,0,0,0
2817,GENERAL,5,0,0,0,0,0,0,0,0,0
2818,GENERAL,5,0,0,0,0,0,0,0,0,0
2819,GENERAL,5,0,0,0,0,0,0,0,0,0
2820,GENERAL,5,0,0,0,0,0,0,0,0,0
2821,GENERAL,5,0,0,0,0,0,0,0,0,0
2822,GENERAL,5,0,0,0,0,0,0,0,0,0
2823,GENERAL,5,0,0,0,0,0,0,0,0,0
2824,GENERAL,5,0,0,0,0,0,0,0,0,0
2825,GENERAL,5,0,0,0,0,0,0,0,0,0
2826,GENERAL,5,0,0,0,0,0,0,0,0,0
2827,GENERAL,5,0,0,0,0,0,0,0,0,0
2828,GENERAL,5,0,0,0,0,0,0,0,0,0
2829,GENERAL,5,0,0,0,0,0,0,0,0,0
2830,GENERAL,5,0,0,0,0,0,0,0,0,0
2831,GENERAL,5,0,0,0,0,0,0,0,0,0
2832,GENERAL,5,0,0,0,0,0,0,0,0,0
2833,GENERAL,5,0,0,0,0,0,0,0,0,0
2834,GENERAL,5,0,0,0,0,0,0,0,0,0
2835,GENERAL,5,0,0,0,0,0,0,0,0,0
2836,GENERAL,5,0,0,0,0,0,0,0,0,0
2837,GENERAL,5,0,0,0,0,0,0,0,0,0
2838,GENERAL,5,0,0,0,0,0,0,0,0,0
2839,GENERAL,5,0,0,0,0,0,0,0,0,0
2840,GENERAL,5,0,0,0,0,0,0,0,0,0
2841,GENERAL,5,0,0,0,0,0,0,0,0,0
2842,GENERAL,5,0,0,0,0,0,0,0,0,0
2843,GENERAL,5,0,0,0,0,0,0,0,0,0
2844,GENERAL,5,0,0,0,0,0,0,0,0,0
2845,GENERAL,5,0,0,0,0,0,0,0,0,0
2846,GENERAL,5,0,0,0,0,0,0,0,0,0
2847,GENERAL,5,0,0,0,0,0,0,0,0,0
2848,GENERAL,5,0,0,0,0,0,0,0,0,0
2849,GENERAL,5,0,0,0,0,0,0,0,0,0
2850,GENERAL,5,0,0,0,0,0,0,0,0,0
2851,GENERAL,5,0,0,0,0,0,0,0,0,0
2852,GENERAL,5,0,0,0,0,0,0,0,0,0
2853,GENERAL,5,0,0,0,0,0,0,0,0,0
2854,GENERAL,5,0,0,0,0,0,0,0,0,0
2855,GENERAL,5,0,0,0,0,0,0,0,0,0
2856,GENERAL,5,0,0,0,0,0,0,0,0,0
2857,GENERAL,5,0,0,0,0,0,0,0,0,0
2858,GENERAL,5,0,0,0,0,0,0,0,0,0
2859,GENERAL,5,0,0,0,0,0,0,0,0,0
2860,GENERAL,5,0,0,0,0,0,0,0,0,0
2861,GENERAL,5,0,0,0,0,0,0,0,0,0
2862,GENERAL,5,0,0,0,0,0,0,0,0,0
2863,GENERAL,5,0,0,0,0,0,0,0,0,0
2864,GENERAL,5,0,0,0,0,0,0,0,0,0
2865,GENERAL,5,0,0,0,0,0,0,0,0,0
2866,GENERAL,5,0,0,0,0,0,0,0,0,0
2867,GENERAL,5,0,0,0,0,0,0,0,0,0
2868,GENERAL,5,0,0,0,0,0,0,0,0,0
2869,GENERAL,5,0,0,0,0,0,0,0,0,0
2870,GENERAL,5,0,0,0,0,0,0,0,0,0
2871,GENERAL,5,0,0,0,0,0,0,0,0,0
2872,GENERAL,5,0,0,0,0,0,0,0,0,0
2873,GENERAL,5,0,0,0,0,0,0,0,0,0
2874,GENERAL,5,0,0,0,0,0,0,0,0,0
2875,GENERAL,5,0,0,0,0,0,0,0,0,0
2876,GENERAL,5,0,0,0,0,0,0,0,0,0
2877,GENERAL,5,0,0,0,0,0,0,0,0,0
2878,GENERAL,5,0,0,0,0,0,0,0,0,0
2879,GENERAL,5,0,0,0,0,0,0,0,0,0
2880,GENERAL,5,0,0,0,0,0,0,0,0,0
2881,GENERAL,5,0,0,0,0,0,0,0,0,0
2882,GENERAL,5,0,0,0,0,0,0,0,0,0
2883,GENERAL,5,0,0,0,0,0,0,0,0,0
2884,GENERAL,5,0,0,0,0,0,0,0,0,0
2885,GENERAL,5,0,0,0,0,0,0,0,0,0
2886,GENERAL,5,0,0,0,0,0,0,0,0,0
2887,GENERAL,5,0,0,0,0,0,0,0,0,0
2888,GENERAL,5,0,0,0,0,0,0,0,0,0
2889,GENERAL,5,0,0,0,0,0,0,0,0,0
2890,GENERAL,5,0,0,0,0,0,0,0,0,0
2891,GENERAL,5,0,0,0,0,0,0,0,0,0
2892,GENERAL,5,0,0,0,0,0,0,0,0,0
2893,GENERAL,5,0,0,0,0,0,0,0,0,0
2894,GENERAL,5,0,0,0,0,0,0,0,0,0
2895,GENERAL,5,0,0,0,0,0,0,0,0,0
2896,GENERAL,5,0,0,0,0,0,0,0,0,0
2897,GENERAL,5,0,0,0,0,0,0,0,0,0
2898,GENERAL,5,0,0,0,0,0,0,0,0,0
2899,GENERAL,5,0,0,0,0,0,0,0,0,0
2900,GENERAL,5,0,0,0,0,0,0,0,0,0
2901,GENERAL,5,0,0,0,0,0,0,0,0,0
2902,GENERAL,5,0,0,0,0,0,0,0,0,0
2903,GENERAL,5,0,0,0,0,0,0,0,0,0
2904,GENERAL,5,0,0,0,0,0,0,0,0,0
2905,GENERAL,5,0,0,0,0,0,0,0,0,0
2906,GENERAL,5,0,0,0,0,0,0,0,0,0
2907,GENERAL,5,0,0,0,0,0,0,0,0,0
2908,GENERAL,5,0,0,0,0,0,0,0,0,0
2909,GENERAL,5,0,0,0,0,0,0,0,0,0
2910,GENERAL,5,0,0,0,0,0,0,0,0,0
2911,GENERAL,5,0,0,0,0,0,0,0,0,0
2912,GENERAL,5,0,0,0,0,0,0,0,0,0
2913,GENERAL,5,0,0,0,0,0,0,0,0,0
2914,GENERAL,5,0,0,0,0,0,0,0,0,0
2915,GENERAL,5,0,0,0,0,0,0,0,0,0
2916,GENERAL,5,0,0,0,0,0,0,0,0,0
2917,GENERAL,5,0,0,0,0,0,0,0,0,0
2918,GENERAL,5,0,0,0,0,0,0,0,0,0
2919,GENERAL,5,0,0,0,0,0,0,0,0,0
2920,GENERAL,5,0,0,0,0,0,0,0,0,0
2921,GENERAL,5,0,0,0,0,0,0,0,0,0
2922,GENERAL,5,0,0,0,0,0,0,0,0,0
2923,GENERAL,5,0,0,0,0,0,0,0,0,0
2924,GENERAL,5,0,0,0,0,0,0,0,0,0
2925,GENERAL,5,0,0,0,0,0,0,0,0,0
2926,GENERAL,5,0,0,0,0,0,0,0,0,0
2927,GENERAL,5,0,0,0,0,0,0,0,0,0
2928,GENERAL,5,0,0,0,0,0,0,0,0,0
2929,GENERAL,5,0,0,0,0,0,0,0,0,0
2930,GENERAL,5,0,0,0,0,0,0,0,0,0
2931,GENERAL,5,0,0,0,0,0,0,0,0,0
2932,GENERAL,5,0,0,0,0,0,0,0,0,0
2933,GENERAL,5,0,0,0,0,0,0,0,0,0
2934,GENERAL,5,0,0,0,0,0,0,0,0,0
2935,GENERAL,5,0,0,0,0,0,0,0,0,0
2936,GENERAL,5,0,0,0,0,0,0,0,0,0
2937,GENERAL,5,0,0,0,0,0,0,0,0,0
2938,GENERAL,5,0,0,0,0,0,0,0,0,0
2939,GENERAL,5,0,0,0,0,0,0,0,0,0
2940,GENERAL,5,0,0,0,0,0,0,0,0,0
2941,GENERAL,5,0,0,0,0,0,0,0,0,0
2942,GENERAL,5,0,0,0,0,0,0,0,0,0
2943,GENERAL,5,0,0,0,0,0,0,0,0,0
2944,GENERAL,5,0,0,0,0,0,0,0,0,0
2945,GENERAL,5,0,0,0,0,0,0,0,0,0
2946,GENERAL,5,0,0,0,0,0,0,0,0,0
2947,GENERAL,5,0,0,0,0,0,0,0,0,0
2948,GENERAL,5,0,0,0,0,0,0,0,0,0
2949,GENERAL,5,0,0,0,0,0,0,0,0,0
2950,GENERAL,5,0,0,0,0,0,0,0,0,0
2951,GENERAL,5,0,0,0,0,0,0,0,0,0
2952,GENERAL,5,0,0,0,0,0,0,0,0,0
2953,GENERAL,5,0,0,0,0,0,0,0,0,0
2954,GENERAL,5,0,0,0,0,0,0,0,0,0
2955,GENERAL,5,0,0,0,0,0,0,0,0,0
2956,GENERAL,5,0,0,0,0,0,0,0,0,0
2957,GENERAL,5,0,0,0,0,0,0,0,0,0
2958,GENERAL,5,0,0,0,0,0,0,0,0,0
2959,GENERAL,5,0,0,0,0,0,0,0,0,0
2960,GENERAL,5,0,0,0,0,0,0,0,0,0
2961,GENERAL,5,0,0,0,0,0,0,0,0,0
2962,GENERAL,5,0,0,0,0,0,0,0,0,0
2963,GENERAL,5,0,0,0,0,0,0,0,0,0
2964,GENERAL,5,0,0,0,0,0,0,0,0,0
2965,GENERAL,5,0,0,0,0,0,0,0,0,0
2966,GENERAL,5,0,0,0,0,0,0,0,0,0
2967,GENERAL,5,0,0,0,0,0,0,0,0,0
2968,GENERAL,5,0,0,0,0,0,0,0,0,0
2969,GENERAL,5,0,0,0,0,0,0,0,0,0
2970,GENERAL,5,0,0,0,0,0,0,0,0,0
2971,GENERAL,5,0,0,0,0,0,0,0,0,0
2972,GENERAL,5,0,0,0,0,0,0,0,0,0
2973,GENERAL,5,0,0,0,0,0,0,0,0,0
2974,GENERAL,5,0,0,0,0,0,0,0,0,0
2975,GENERAL,5,0,0,0,0,0,0,0,0,0
2976,GENERAL,5,0,0,0,0,0,0,0,0,0
2977,GENERAL,5,0,0,0,0,0,0,0,0,0
2978,GENERAL,5,0,0,0,0,0,0,0,0,0
2979,GENERAL,5,0,0,0,0,0,0,0,0,0
2980,GENERAL,5,0,0,0,0,0,0,0,0,0
2981,GENERAL,5,0,0,0,0,0,0,0,0,0
2982,GENERAL,5,0,0,0,0,0,0,0,0,0
2983,GENERAL,5,0,0,0,0,0,0,0,0,0
2984,GENERAL,5,0,0,0,0,0,0,0,0,0
2985,GENERAL,5,0,0,0,0,0,0,0,0,0
2986,GENERAL,5,0,0,0,0,0,0,0,0,0
2987,GENERAL,5,0,0,0,0,0,0,0,0,0
2988,GENERAL,5,0,0,0,0,0,0,0,0,0
2989,GENERAL,5,0,0,0,0,0,0,0,0,0
2990,GENERAL,5,0,0,0,0,0,0,0,0,0
2991,GENERAL,5,0,0,0,0,0,0,0,0,0
2992,GENERAL,5,0,0,0,0,0,0,0,0,0
2993,GENERAL,5,0,0,0,0,0,0,0,0,0
2994,GENERAL,5,0,0,0,0,0,0,0,0,0
2995,GENERAL,5,0,0,0,0,0,0,0,0,0
2996,GENERAL,5,0,0,0,0,0,0,0,0,0
2997,GENERAL,5,0,0,0,0,0,0,0,0,0
2998,GENERAL,5,0,0,0,0,0,0,0,0,0
2999,GENERAL,5,0,0,0,0,0,0,0,0,0
3000,GENERAL,5,0,0,0,0,0,0,0,0,0
3001,GENERAL,5,0,0,0,0,0,0,0,0,0
3002,GENERAL,5,0,0,0,0,0,0,0,0,0
3003,GENERAL,5,0,0,0,0,0,0,0,0,0
3004,GENERAL,5,0,0,0,0,0,0,0,0,0
3005,GENERAL,5,0,0,0,0,0,0,0,0,0
3006,GENERAL,5,0,0,0,0,0,0,0,0,0
3007,GENERAL,5,0,0,0,0,0,0,0,0,0
3008,GENERAL,5,0,0,0,0,0,0,0,0,0
3009,GENERAL,5,0,0,0,0,0,0,0,0,0
3010,GENERAL,5,0,0,0,0,0,0,0,0,0
3011,GENERAL,5,0,0,0,0,0,0,0,0,0
3012,GENERAL,5,0,0,0,0,0,0,0,0,0
3013,GENERAL,5,0,0,0,0,0,0,0,0,0
3014,GENERAL,5,0,0,0,0,0,0,0,0,0
3015,GENERAL,5,0,0,0,0,0,0,0,0,0
3016,GENERAL,5,0,0,0,0,0,0,0,0,0
3017,GENERAL,5,0,0,0,0,0,0,0,0,0
3018,GENERAL,5,0,0,0,0,0,0,0,0,0
3019,GENERAL,5,0,0,0,0,0,0,0,0,0
3020,GENERAL,5,0,0,0,0,0,0,0,0,0
3021,GENERAL,5,0,0,0,0,0,0,0,0,0
3022,GENERAL,5,0,0,0,0,0,0,0,0,0
3023,GENERAL,5,0,0,0,0,0,0,0,0,0
3024,GENERAL,5,0,0,0,0,0,0,0,0,0
3025,GENERAL,5,0,0,0,0,0,0,0,0,0
3026,GENERAL,5,0,0,0,0,0,0,0,0,0
3027,GENERAL,5,0,0,0,0,0,0,0,0,0
3028,GENERAL,5,0,0,0,0,0,0,0,0,0
3029,GENERAL,5,0,0,0,0,0,0,0,0,0
3030,GENERAL,5,0,0,0,0,0,0,0,0,0
3031,GENERAL,5,0,0,0,0,0,0,0,0,0
3032,GENERAL,5,0,0,0,0,0,0,0,0,0
3033,GENERAL,5,0,0,0,0,0,0,0,0,0
3034,GENERAL,5,0,0,0,0,0,0,0,0,0
3035,GENERAL,5,0,0,0,0,0,0,0,0,0
3036,GENERAL,5,0,0,0,0,0,0,0,0,0
3037,GENERAL,5,0,0,0,0,0,0,0,0,0
3038,GENERAL,5,0,0,0,0,0,0,0,0,0
3039,GENERAL,5,0,0,0,0,0,0,0,0,0
3040,GENERAL,5,0,0,0,0,0,0,0,0,0
3041,GENERAL,5,0,0,0,0,0,0,0,0,0
3042,GENERAL,5,0,0,0,0,0,0,0,0,0
3043,GENERAL,5,0,0,0,0,0,0,0,0,0
3044,GENERAL,5,0,0,0,0,0,0,0,0,0
3045,GENERAL,5,0,0,0,0,0,0,0,0,0
3046,GENERAL,5,0,0,0,0,0,0,0,0,0
3047,GENERAL,5,0,0,0,0,0,0,0,0,0
3048,GENERAL,5,0,0,0,0,0,0,0,0,0
3049,GENERAL,5,0,0,0,0,0,0,0,0,0
3050,GENERAL,5,0,0,0,0,0,0,0,0,0
3051,GENERAL,5,0,0,0,0,0,0,0,0,0
3052,GENERAL,5,0,0,0,0,0,0,0,0,0
3053,GENERAL,5,0,0,0,0,0,0,0,0,0
3054,GENERAL,5,0,0,0,0,0,0,0,0,0
3055,GENERAL,5,0,0,0,0,0,0,0,0,0
3056,GENERAL,5,0,0,0,0,0,0,0,0,0
3057,GENERAL,5,0,0,0,0,0,0,0,0,0
3058,GENERAL,5,0,0,0,0,0,0,0,0,0
3059,GENERAL,5,0,0,0,0,0,0,0,0,0
3060,GENERAL,5,0,0,0,0,0,0,0,0,0
3061,GENERAL,5,0,0,0,0,0,0,0,0,0
3062,GENERAL,5,0,0,0,0,0,0,0,0,0
3063,GENERAL,5,0,0,0,0,0,0,0,0,0
3064,GENERAL,5,0,0,0,0,0,0,0,0,0
3065,GENERAL,5,0,0,0,0,0,0,0,0,0
3066,GENERAL,5,0,0,0,0,0,0,0,0,0
3067,GENERAL,5,0,0,0,0,0,0,0,0,0
3068,GENERAL,5,0,0,0,0,0,0,0,0,0
3069,GENERAL,5,0,0,0,0,0,0,0,0,0
3070,GENERAL,5,0,0,0,0,0,0,0,0,0
3071,GENERAL,5,0,0,0,0,0,0,0,0,0
3072,GENERAL,5,0,0,0,0,0,0,0,0,0
3073,GENERAL,5,0,0,0,0,0,0,0,0,0
3074,GENERAL,5,0,0,0,0,0,0,0,0,0
3075,GENERAL,5,0,0,0,0,0,0,0,0,0
3076,GENERAL,5,0,0,0,0,0,0,0,0,0
3077,GENERAL,5,0,0,0,0,0,0,0,0,0
3078,GENERAL,5,0,0,0,0,0,0,0,0,0
3079,GENERAL,5,0,0,0,0,0,0,0,0,0
3080,GENERAL,5,0,0,0,0,0,0,0,0,0
3081,GENERAL,5,0,0,0,0,0,0,0,0,0
3082,GENERAL,5,0,0,0,0,0,0,0,0,0
3083,GENERAL,5,0,0,0,0,0,0,0,0,0
3084,GENERAL,5,0,0,0,0,0,0,0,0,0
3085,GENERAL,5,0,0,0,0,0,0,0,0,0
3086,GENERAL,5,0,0,0,0,0,0,0,0,0
3087,GENERAL,5,0,0,0,0,0,0,0,0,0
3088,GENERAL,5,0,0,0,0,0,0,0,0,0
3089,GENERAL,5,0,0,0,0,0,0,0,0,0
3090,GENERAL,5,0,0,0,0,0,0,0,0,0
3091,GENERAL,5,0,0,0,0,0,0,0,0,0
3092,GENERAL,5,0,0,0,0,0,0,0,0,0
3093,GENERAL,5,0,0,0,0,0,0,0,0,0
3094,GENERAL,5,0,0,0,0,0,0,0,0,0
3095,GENERAL,5,0,0,0,0,0,0,0,0,0
3096,GENERAL,5,0,0,0,0,0,0,0,0,0
3097,GENERAL,5,0,0,0,0,0,0,0,0,0
3098,GENERAL,5,0,0,0,0,0,0,0,0,0
3099,GENERAL,5,0,0,0,0,0,0,0,0,0
3100,GENERAL,5,0,0,0,0,0,0,0,0,0
3101,GENERAL,5,0,0,0,0,0,0,0,0,0
3102,GENERAL,5,0,0,0,0,0,0,0,0,0
3103,GENERAL,5,0,0,0,0,0,0,0,0,0
3104,GENERAL,5,0,0,0,0,0,0,0,0,0
3105,GENERAL,5,0,0,0,0,0,0,0,0,0
3106,GENERAL,5,0,0,0,0,0,0,0,0,0
3107,GENERAL,5,0,0,0,0,0,0,0,0,0
3108,GENERAL,5,0,0,0,0,0,0,0,0,0
3109,GENERAL,5,0,0,0,0,0,0,0,0,0
3110,GENERAL,5,0,0,0,0,0,0,0,0,0
3111,GENERAL,5,0,0,0,0,0,0,0,0,0
3112,GENERAL,5,0,0,0,0,0,0,0,0,0
3113,GENERAL,5,0,0,0,0,0,0,0,0,0
3114,GENERAL,5,0,0,0,0,0,0,0,0,0
3115,GENERAL,5,0,0,0,0,0,0,0,0,0
3116,GENERAL,5,0,0,0,0,0,0,0,0,0
3117,GENERAL,5,0,0,0,0,0,0,0,0,0
3118,GENERAL,5,0,0,0,0,0,0,0,0,0
3119,GENERAL,5,0,0,0,0,0,0,0,0,0
3120,GENERAL,5,0,0,0,0,0,0,0,0,0
3121,GENERAL,5,0,0,0,0,0,0,0,0,0
3122,GENERAL,5,0,0,0,0,0,0,0,0,0
3123,GENERAL,5,0,0,0,0,0,0,0,0,0
3124,GENERAL,5,0,0,0,0,0,0,0,0,0
3125,GENERAL,5,0,0,0,0,0,0,0,0,0
3126,GENERAL,5,0,0,0,0,0,0,0,0,0
3127,GENERAL,5,0,0,0,0,0,0,0,0,0
3128,GENERAL,5,0,0,0,0,0,0,0,0,0
3129,GENERAL,5,0,0,0,0,0,0,0,0,0
3130,GENERAL,5,0,0,0,0,0,0,0,0,0
3131,GENERAL,5,0,0,0,0,0,0,0,0,0
3132,GENERAL,5,0,0,0,0,0,0,0,0,0
3133,GENERAL,5,0,0,0,0,0,0,0,0,0
3134,GENERAL,5,0,0,0,0,0,0,0,0,0
3135,GENERAL,5,0,0,0,0,0,0,0,0,0
3136,GENERAL,5,0,0,0,0,0,0,0,0,0
3137,GENERAL,5,0,0,0,0,0,0,0,0,0
3138,GENERAL,5,0,0,0,0,0,0,0,0,0
3139,GENERAL,5,0,0,0,0,0,0,0,0,0
3140,GENERAL,5,0,0,0,0,0,0,0,0,0
3141,GENERAL,5,0,0,0,0,0,0,0,0,0
3142,GENERAL,5,0,0,0,0,0,0,0,0,0
3143,GENERAL,5,0,0,0,0,0,0,0,0,0
3144,GENERAL,5,0,0,0,0,0,0,0,0,0
3145,GENERAL,5,0,0,0,0,0,0,0,0,0
3146,GENERAL,5,0,0,0,0,0,0,0,0,0
3147,GENERAL,5,0,0,0,0,0,0,0,0,0
3148,GENERAL,5,0,0,0,0,0,0,0,0,0
3149,GENERAL,5,0,0,0,0,0,0,0,0,0
3150,GENERAL,5,0,0,0,0,0,0,0,0,0
3151,GENERAL,5,0,0,0,0,0,0,0,0,0
3152,GENERAL,5,0,0,0,0,0,0,0,0,0
3153,GENERAL,5,0,0,0,0,0,0,0,0,0
3154,GENERAL,5,0,0,0,0,0,0,0,0,0
3155,GENERAL,5,0,0,0,0,0,0,0,0,0
3156,GENERAL,5,0,0,0,0,0,0,0,0,0
3157,GENERAL,5,0,0,0,0,0,0,0,0,0
3158,GENERAL,5,0,0,0,0,0,0,0,0,0
3159,GENERAL,5,0,0,0,0,0,0,0,0,0
3160,GENERAL,5,0,0,0,0,0,0,0,0,0
3161,GENERAL,5,0,0,0,0,0,0,0,0,0
3162,GENERAL,5,0,0,0,0,0,0,0,0,0
3163,GENERAL,5,0,0,0,0,0,0,0,0,0
3164,GENERAL,5,0,0,0,0,0,0,0,0,0
3165,GENERAL,5,0,0,0,0,0,0,0,0,0
3166,GENERAL,5,0,0,0,0,0,0,0,0,0
3167,GENERAL,5,0,0,0,0,0,0,0,0,0
3168,GENERAL,5,0,0,0,0,0,0,0,0,0
3169,GENERAL,5,0,0,0,0,0,0,0,0,0
3170,GENERAL,5,0,0,0,0,0,0,0,0,0
3171,GENERAL,5,0,0,0,0,0,0,0,0,0
3172,GENERAL,5,0,0,0,0,0,0,0,0,0
3173,GENERAL,5,0,0,0,0,0,0,0,0,0
3174,GENERAL,5,0,0,0,0,0,0,0,0,0
3175,GENERAL,5,0,0,0,0,0,0,0,0,0
3176,GENERAL,5,0,0,0,0,0,0,0,0,0
3177,GENERAL,5,0,0,0,0,0,0,0,0,0
3178,GENERAL,5,0,0,0,0,0,0,0,0,0
3179,GENERAL,5,0,0,0,0,0,0,0,0,0
3180,GENERAL,5,0,0,0,0,0,0,0,0,0
3181,GENERAL,5,0,0,0,0,0,0,0,0,0
3182,GENERAL,5,0,0,0,0,0,0,0,0,0
3183,GENERAL,5,0,0,0,0,0,0,0,0,0
3184,GENERAL,5,0,0,0,0,0,0,0,0,0
3185,GENERAL,5,0,0,0,0,0,0,0,0,0
3186,GENERAL,5,0,0,0,0,0,0,0,0,0
3187,GENERAL,5,0,0,0,0,0,0,0,0,0
3188,GENERAL,5,0,0,0,0,0,0,0,0,0
3189,GENERAL,5,0,0,0,0,0,0,0,0,0
3190,GENERAL,5,0,0,0,0,0,0,0,0,0
3191,GENERAL,5,0,0,0,0,0,0,0,0,0
3192,GENERAL,5,0,0,0,0,0,0,0,0,0
3193,GENERAL,5,0,0,0,0,0,0,0,0,0
3194,GENERAL,5,0,0,0,0,0,0,0,0,0
3195,GENERAL,5,0,0,0,0,0,0,0,0,0
3196,GENERAL,5,0,0,0,0,0,0,0,0,0
3197,GENERAL,5,0,0,0,0,0,0,0,0,0
3198,GENERAL,5,0,0,0,0,0,0,0,0,0
3199,GENERAL,5,0,0,0,0,0,0,0,0,0
3200,GENERAL,5,0,0,0,0,0,0,0,0,0
3201,GENERAL,5,0,0,0,0,0,0,0,0,0
3202,GENERAL,5,0,0,0,0,0,0,0,0,0
3203,GENERAL,5,0,0,0,0,0,0,0,0,0
3204,GENERAL,5,0,0,0,0,0,0,0,0,0
3205,GENERAL,5,0,0,0,0,0,0,0,0,0
3206,GENERAL,5,0,0,0,0,0,0,0,0,0
3207,GENERAL,5,0,0,0,0,0,0,0,0,0
3208,GENERAL,5,0,0,0,0,0,0,0,0,0
3209,GENERAL,5,0,0,0,0,0,0,0,0,0
3210,GENERAL,5,0,0,0,0,0,0,0,0,0
3211,GENERAL,5,0,0,0,0,0,0,0,0,0
3212,GENERAL,5,0,0,0,0,0,0,0,0,0
3213,GENERAL,5,0,0,0,0,0,0,0,0,0
3214,GENERAL,5,0,0,0,0,0,0,0,0,0
3215,GENERAL,5,0,0,0,0,0,0,0,0,0
3216,GENERAL,5,0,0,0,0,0,0,0,0,0
3217,GENERAL,5,0,0,0,0,0,0,0,0,0
3218,GENERAL,5,0,0,0,0,0,0,0,0,0
3219,GENERAL,5,0,0,0,0,0,0,0,0,0
3220,GENERAL,5,0,0,0,0,0,0,0,0,0
3221,GENERAL,5,0,0,0,0,0,0,0,0,0
3222,GENERAL,5,0,0,0,0,0,0,0,0,0
3223,GENERAL,5,0,0,0,0,0,0,0,0,0
3224,GENERAL,5,0,0,0,0,0,0,0,0,0
3225,GENERAL,5,0,0,0,0,0,0,0,0,0
3226,GENERAL,5,0,0,0,0,0,0,0,0,0
3227,GENERAL,5,0,0,0,0,0,0,0,0,0
3228,GENERAL,5,0,0,0,0,0,0,0,0,0
3229,GENERAL,5,0,0,0,0,0,0,0,0,0
3230,GENERAL,5,0,0,0,0,0,0,0,0,0
3231,GENERAL,5,0,0,0,0,0,0,0,0,0
3232,GENERAL,5,0,0,0,0,0,0,0,0,0
3233,GENERAL,5,0,0,0,0,0,0,0,0,0
3234,GENERAL,5,0,0,0,0,0,0,0,0,0
3235,GENERAL,5,0,0,0,0,0,0,0,0,0
3236,GENERAL,5,0,0,0,0,0,0,0,0,0
3237,GENERAL,5,0,0,0,0,0,0,0,0,0
3238,GENERAL,5,0,0,0,0,0,0,0,0,0
3239,GENERAL,5,0,0,0,0,0,0,0,0,0
3240,GENERAL,5,0,0,0,0,0,0,0,0,0
3241,GENERAL,5,0,0,0,0,0,0,0,0,0
3242,GENERAL,5,0,0,0,0,0,0,0,0,0
3243,GENERAL,5,0,0,0,0,0,0,0,0,0
3244,GENERAL,5,0,0,0,0,0,0,0,0,0
3245,GENERAL,5,0,0,0,0,0,0,0,0,0
3246,GENERAL,5,0,0,0,0,0,0,0,0,0
3247,GENERAL,5,0,0,0,0,0,0,0,0,0
3248,GENERAL,5,0,0,0,0,0,0,0,0,0
3249,GENERAL,5,0,0,0,0,0,0,0,0,0
3250,GENERAL,5,0,0,0,0,0,0,0,0,0
3251,GENERAL,5,0,0,0,0,0,0,0,0,0
3252,GENERAL,5,0,0,0,0,0,0,0,0,0
3253,GENERAL,5,0,0,0,0,0,0,0,0,0
3254,GENERAL,5,0,0,0,0,0,0,0,0,0
3255,GENERAL,5,0,0,0,0,0,0,0,0,0
3256,GENERAL,5,0,0,0,0,0,0,0,0,0
3257,GENERAL,5,0,0,0,0,0,0,0,0,0
3258,GENERAL,5,0,0,0,0,0,0,0,0,0
3259,GENERAL,5,0,0,0,0,0,0,0,0,0
3260,GENERAL,5,0,0,0,0,0,0,0,0,0
3261,GENERAL,5,0,0,0,0,0,0,0,0,0
3262,GENERAL,5,0,0,0,0,0,0,0,0,0
3263,GENERAL,5,0,0,0,0,0,0,0,0,0
3264,GENERAL,5,0,0,0,0,0,0,0,0,0
3265,GENERAL,5,0,0,0,0,0,0,0,0,0
3266,GENERAL,5,0,0,0,0,0,0,0,0,0
3267,GENERAL,5,0,0,0,0,0,0,0,0,0
3268,GENERAL,5,0,0,0,0,0,0,0,0,0
3269,GENERAL,5,0,0,0,0,0,0,0,0,0
3270,GENERAL,5,0,0,0,0,0,0,0,0,0
3271,GENERAL,5,0,0,0,0,0,0,0,0,0
3272,GENERAL,5,0,0,0,0,0,0,0,0,0
3273,GENERAL,5,0,0,0,0,0,0,0,0,0
3274,GENERAL,5,0,0,0,0,0,0,0,0,0
3275,GENERAL,5,0,0,0,0,0,0,0,0,0
3276,GENERAL,5,0,0,0,0,0,0,0,0,0
3277,GENERAL,5,0,0,0,0,0,0,0,0,0
3278,GENERAL,5,0,0,0,0,0,0,0,0,0
3279,GENERAL,5,0,0,0,0,0,0,0,0,0
3280,GENERAL,5,0,0,0,0,0,0,0,0,0
3281,GENERAL,5,0,0,0,0,0,0,0,0,0
3282,GENERAL,5,0,0,0,0,0,0,0,0,0
3283,GENERAL,5,0,0,0,0,0,0,0,0,0
3284,GENERAL,5,0,0,0,0,0,0,0,0,0
3285,GENERAL,5,0,0,0,0,0,0,0,0,0
3286,GENERAL,5,0,0,0,0,0,0,0,0,0
3287,GENERAL,5,0,0,0,0,0,0,0,0,0
3288,GENERAL,5,0,0,0,0,0,0,0,0,0
3289,GENERAL,5,0,0,0,0,0,0,0,0,0
3290,GENERAL,5,0,0,0,0,0,0,0,0,0
3291,GENERAL,5,0,0,0,0,0,0,0,0,0
3292,GENERAL,5,0,0,0,0,0,0,0,0,0
3293,GENERAL,5,0,0,0,0,0,0,0,0,0
3294,GENERAL,5,0,0,0,0,0,0,0,0,0
3295,GENERAL,5,0,0,0,0,0,0,0,0,0
3296,GENERAL,5,0,0,0,0,0,0,0,0,0
3297,GENERAL,5,0,0,0,0,0,0,0,0,0
3298,GENERAL,5,0,0,0,0,0,0,0,0,0
3299,GENERAL,5,0,0,0,0,0,0,0,0,0
3300,GENERAL,5,0,0,0,0,0,0,0,0,0
3301,GENERAL,5,0,0,0,0,0,0,0,0,0
3302,GENERAL,5,0,0,0,0,0,0,0,0,0
3303,GENERAL,5,0,0,0,0,0,0,0,0,0
3304,GENERAL,5,0,0,0,0,0,0,0,0,0
3305,GENERAL,5,0,0,0,0,0,0,0,0,0
3306,GENERAL,5,0,0,0,0,0,0,0,0,0
3307,GENERAL,5,0,0,0,0,0,0,0,0,0
3308,GENERAL,5,0,0,0,0,0,0,0,0,0
3309,GENERAL,5,0,0,0,0,0,0,0,0,0
3310,GENERAL,5,0,0,0,0,0,0,0,0,0
3311,GENERAL,5,0,0,0,0,0,0,0,0,0
3312,GENERAL,5,0,0,0,0,0,0,0,0,0
3313,GENERAL,5,0,0,0,0,0,0,0,0,0
3314,GENERAL,5,0,0,0,0,0,0,0,0,0
3315,GENERAL,5,0,0,0,0,0,0,0,0,0
3316,GENERAL,5,0,0,0,0,0,0,0,0,0
3317,GENERAL,5,0,0,0,0,0,0,0,0,0
3318,GENERAL,5,0,0,0,0,0,0,0,0,0
3319,GENERAL,5,0,0,0,0,0,0,0,0,0
3320,GENERAL,5,0,0,0,0,0,0,0,0,0
3321,GENERAL,5,0,0,0,0,0,0,0,0,0
3322,GENERAL,5,0,0,0,0,0,0,0,0,0
3323,GENERAL,5,0,0,0,0,0,0,0,0,0
3324,GENERAL,5,0,0,0,0,0,0,0,0,0
3325,GENERAL,5,0,0,0,0,0,0,0,0,0
3326,GENERAL,5,0,0,0,0,0,0,0,0,0
3327,GENERAL,5,0,0,0,0,0,0,0,0,0
3328,GENERAL,5,0,0,0,0,0,0,0,0,0
3329,GENERAL,5,0,0,0,0,0,0,0,0,0
3330,GENERAL,5,0,0,0,0,0,0,0,0,0
3331,GENERAL,5,0,0,0,0,0,0,0,0,0
3332,GENERAL,5,0,0,0,0,0,0,0,0,0
3333,GENERAL,5,0,0,0,0,0,0,0,0,0
3334,GENERAL,5,0,0,0,0,0,0,0,0,0
3335,GENERAL,5,0,0,0,0,0,0,0,0,0
3336,GENERAL,5,0,0,0,0,0,0,0,0,0
3337,GENERAL,5,0,0,0,0,0,0,0,0,0
3338,GENERAL,5,0,0,0,0,0,0,0,0,0
3339,GENERAL,5,0,0,0,0,0,0,0,0,0
3340,GENERAL,5,0,0,0,0,0,0,0,0,0
3341,GENERAL,5,0,0,0,0,0,0,0,0,0
3342,GENERAL,5,0,0,0,0,0,0,0,0,0
3343,GENERAL,5,0,0,0,0,0,0,0,0,0
3344,GENERAL,5,0,0,0,0,0,0,0,0,0
3345,GENERAL,5,0,0,0,0,0,0,0,0,0
3346,GENERAL,5,0,0,0,0,0,0,0,0,0
3347,GENERAL,5,0,0,0,0,0,0,0,0,0
3348,GENERAL,5,0,0,0,0,0,0,0,0,0
3349,GENERAL,5,0,0,0,0,0,0,0,0,0
3350,GENERAL,5,0,0,0,0,0,0,0,0,0
3351,GENERAL,5,0,0,0,0,0,0,0,0,0
3352,GENERAL,5,0,0,0,0,0,0,0,0,0
3353,GENERAL,5,0,0,0,0,0,0,0,0,0
3354,GENERAL,5,0,0,0,0,0,0,0,0,0
3355,GENERAL,5,0,0,0,0,0,0,0,0,0
3356,GENERAL,5,0,0,0,0,0,0,0,0,0
3357,GENERAL,5,0,0,0,0,0,0,0,0,0
3358,GENERAL,5,0,0,0,0,0,0,0,0,0
3359,GENERAL,5,0,0,0,0,0,0,0,0,0
3360,GENERAL,5,0,0,0,0,0,0,0,0,0
3361,GENERAL,5,0,0,0,0,0,0,0,0,0
3362,GENERAL,5,0,0,0,0,0,0,0,0,0
3363,GENERAL,5,0,0,0,0,0,0,0,0,0
3364,GENERAL,5,0,0,0,0,0,0,0,0,0
3365,GENERAL,5,0,0,0,0,0,0,0,0,0
3366,GENERAL,5,0,0,0,0,0,0,0,0,0
3367,GENERAL,5,0,0,0,0,0,0,0,0,0
3368,GENERAL,5,0,0,0,0,0,0,0,0,0
3369,GENERAL,5,0,0,0,0,0,0,0,0,0
3370,GENERAL,5,0,0,0,0,0,0,0,0,0
3371,GENERAL,5,0,0,0,0,0,0,0,0,0
3372,GENERAL,5,0,0,0,0,0,0,0,0,0
3373,GENERAL,5,0,0,0,0,0,0,0,0,0
3374,GENERAL,5,0,0,0,0,0,0,0,0,0
3375,GENERAL,5,0,0,0,0,0,0,0,0,0
3376,GENERAL,5,0,0,0,0,0,0,0,0,0
3377,GENERAL,5,0,0,0,0,0,0,0,0,0
3378,GENERAL,5,0,0,0,0,0,0,0,0,0
3379,GENERAL,5,0,0,0,0,0,0,0,0,0
3380,GENERAL,5,0,0,0,0,0,0,0,0,0
3381,GENERAL,5,0,0,0,0,0,0,0,0,0
3382,GENERAL,5,0,0,0,0,0,0,0,0,0
3383,GENERAL,5,0,0,0,0,0,0,0,0,0
3384,GENERAL,5,0,0,0,0,0,0,0,0,0
3385,GENERAL,5,0,0,0,0,0,0,0,0,0
3386,GENERAL,5,0,0,0,0,0,0,0,0,0
3387,GENERAL,5,0,0,0,0,0,0,0,0,0
3388,GENERAL,5,0,0,0,0,0,0,0,0,0
3389,GENERAL,5,0,0,0,0,0,0,0,0,0
3390,GENERAL,5,0,0,0,0,0,0,0,0,0
3391,GENERAL,5,0,0,0,0,0,0,0,0,0
3392,GENERAL,5,0,0,0,0,0,0,0,0,0
3393,GENERAL,5,0,0,0,0,0,0,0,0,0
3394,GENERAL,5,0,0,0,0,0,0,0,0,0
3395,GENERAL,5,0,0,0,0,0,0,0,0,0
3396,GENERAL,5,0,0,0,0,0,0,0,0,0
3397,GENERAL,5,0,0,0,0,0,0,0,0,0
3398,GENERAL,5,0,0,0,0,0,0,0,0,0
3399,GENERAL,5,0,0,0,0,0,0,0,0,0
3400,GENERAL,5,0,0,0,0,0,0,0,0,0
3401,GENERAL,5,0,0,0,0,0,0,0,0,0
3402,GENERAL,5,0,0,0,0,0,0,0,0,0
3403,GENERAL,5,0,0,0,0,0,0,0,0,0
3404,GENERAL,5,0,0,0,0,0,0,0,0,0
3405,GENERAL,5,0,0,0,0,0,0,0,0,0
3406,GENERAL,5,0,0,0,0,0,0,0,0,0
3407,GENERAL,5,0,0,0,0,0,0,0,0,0
3408,GENERAL,5,0,0,0,0,0,0,0,0,0
3409,GENERAL,5,0,0,0,0,0,0,0,0,0
3410,GENERAL,5,0,0,0,0,0,0,0,0,0
3411,GENERAL,5,0,0,0,0,0,0,0,0,0
3412,GENERAL,5,0,0,0,0,0,0,0,0,0
3413,GENERAL,5,0,0,0,0,0,0,0,0,0
3414,GENERAL,5,0,0,0,0,0,0,0,0,0
3415,GENERAL,5,0,0,0,0,0,0,0,0,0
3416,GENERAL,5,0,0,0,0,0,0,0,0,0
3417,GENERAL,5,0,0,0,0,0,0,0,0,0
3418,GENERAL,5,0,0,0,0,0,0,0,0,0
3419,GENERAL,5,0,0,0,0,0,0,0,0,0
3420,GENERAL,5,0,0,0,0,0,0,0,0,0
3421,GENERAL,5,0,0,0,0,0,0,0,0,0
3422,GENERAL,5,0,0,0,0,0,0,0,0,0
3423,GENERAL,5,0,0,0,0,0,0,0,0,0
3424,GENERAL,5,0,0,0,0,0,0,0,0,0
3425,GENERAL,5,0,0,0,0,0,0,0,0,0
3426,GENERAL,5,0,0,0,0,0,0,0,0,0
3427,GENERAL,5,0,0,0,0,0,0,0,0,0
3428,GENERAL,5,0,0,0,0,0,0,0,0,0
3429,GENERAL,5,0,0,0,0,0,0,0,0,0
3430,GENERAL,5,0,0,0,0,0,0,0,0,0
3431,GENERAL,5,0,0,0,0,0,0,0,0,0
3432,GENERAL,5,0,0,0,0,0,0,0,0,0
3433,GENERAL,5,0,0,0,0,0,0,0,0,0
3434,GENERAL,5,0,0,0,0,0,0,0,0,0
3435,GENERAL,5,0,0,0,0,0,0,0,0,0
3436,GENERAL,5,0,0,0,0,0,0,0,0,0
3437,GENERAL,5,0,0,0,0,0,0,0,0,0
3438,GENERAL,5,0,0,0,0,0,0,0,0,0
3439,GENERAL,5,0,0,0,0,0,0,0,0,0
3440,GENERAL,5,0,0,0,0,0,0,0,0,0
3441,GENERAL,5,0,0,0,0,0,0,0,0,0
3442,GENERAL,5,0,0,0,0,0,0,0,0,0
3443,GENERAL,5,0,0,0,0,0,0,0,0,0
3444,GENERAL,5,0,0,0,0,0,0,0,0,0
3445,GENERAL,5,0,0,0,0,0,0,0,0,0
3446,GENERAL,5,0,0,0,0,0,0,0,0,0
3447,GENERAL,5,0,0,0,0,0,0,0,0,0
3448,GENERAL,5,0,0,0,0,0,0,0,0,0
3449,GENERAL,5,0,0,0,0,0,0,0,0,0
3450,GENERAL,5,0,0,0,0,0,0,0,0,0
3451,GENERAL,5,0,0,0,0,0,0,0,0,0
3452,GENERAL,5,0,0,0,0,0,0,0,0,0
3453,GENERAL,5,0,0,0,0,0,0,0,0,0
3454,GENERAL,5,0,0,0,0,0,0,0,0,0
3455,GENERAL,5,0,0,0,0,0,0,0,0,0
3456,GENERAL,5,0,0,0,0,0,0,0,0,0
3457,GENERAL,5,0,0,0,0,0,0,0,0,0
3458,GENERAL,5,0,0,0,0,0,0,0,0,0
3459,GENERAL,5,0,0,0,0,0,0,0,0,0
3460,GENERAL,5,0,0,0,0,0,0,0,0,0
3461,GENERAL,5,0,0,0,0,0,0,0,0,0
3462,GENERAL,5,0,0,0,0,0,0,0,0,0
3463,GENERAL,5,0,0,0,0,0,0,0,0,0
3464,GENERAL,5,0,0,0,0,0,0,0,0,0
3465,GENERAL,5,0,0,0,0,0,0,0,0,0
3466,GENERAL,5,0,0,0,0,0,0,0,0,0
3467,GENERAL,5,0,0,0,0,0,0,0,0,0
3468,GENERAL,5,0,0,0,0,0,0,0,0,0
3469,GENERAL,5,0,0,0,0,0,0,0,0,0
3470,GENERAL,5,0,0,0,0,0,0,0,0,0
3471,GENERAL,5,0,0,0,0,0,0,0,0,0
3472,GENERAL,5,0,0,0,0,0,0,0,0,0
3473,GENERAL,5,0,0,0,0,0,0,0,0,0
3474,GENERAL,5,0,0,0,0,0,0,0,0,0
3475,GENERAL,5,0,0,0,0,0,0,0,0,0
3476,GENERAL,5,0,0,0,0,0,0,0,0,0
3477,GENERAL,5,0,0,0,0,0,0,0,0,0
3478,GENERAL,5,0,0,0,0,0,0,0,0,0
3479,GENERAL,5,0,0,0,0,0,0,0,0,0
3480,GENERAL,5,0,0,0,0,0,0,0,0,0
3481,GENERAL,5,0,0,0,0,0,0,0,0,0
3482,GENERAL,5,0,0,0,0,0,0,0,0,0
3483,GENERAL,5,0,0,0,0,0,0,0,0,0
3484,GENERAL,5,0,0,0,0,0,0,0,0,0
3485,GENERAL,5,0,0,0,0,0,0,0,0,0
3486,GENERAL,5,0,0,0,0,0,0,0,0,0
3487,GENERAL,5,0,0,0,0,0,0,0,0,0
3488,GENERAL,5,0,0,0,0,0,0,0,0,0
3489,GENERAL,5,0,0,0,0,0,0,0,0,0
3490,GENERAL,5,0,0,0,0,0,0,0,0,0
3491,GENERAL,5,0,0,0,0,0,0,0,0,0
3492,GENERAL,5,0,0,0,0,0,0,0,0,0
3493,GENERAL,5,0,0,0,0,0,0,0,0,0
3494,GENERAL,5,0,0,0,0,0,0,0,0,0
3495,GENERAL,5,0,0,0,0,0,0,0,0,0
3496,GENERAL,5,0,0,0,0,0,0,0,0,0
3497,GENERAL,5,0,0,0,0,0,0,0,0,0
3498,GENERAL,5,0,0,0,0,0,0,0,0,0
3499,GENERAL,5,0,0,0,0,0,0,0,0,0
3500,GENERAL,5,0,0,0,0,0,0,0,0,0
3501,GENERAL,5,0,0,0,0,0,0,0,0,0
3502,GENERAL,5,0,0,0,0,0,0,0,0,0
3503,GENERAL,5,0,0,0,0,0,0,0,0,0
3504,GENERAL,5,0,0,0,0,0,0,0,0,0
3505,GENERAL,5,0,0,0,0,0,0,0,0,0
3506,GENERAL,5,0,0,0,0,0,0,0,0,0
3507,GENERAL,5,0,0,0,0,0,0,0,0,0
3508,GENERAL,5,0,0,0,0,0,0,0,0,0
3509,GENERAL,5,0,0,0,0,0,0,0,0,0
3510,GENERAL,5,0,0,0,0,0,0,0,0,0
3511,GENERAL,5,0,0,0,0,0,0,0,0,0
3512,GENERAL,5,0,0,0,0,0,0,0,0,0
3513,GENERAL,5,0,0,0,0,0,0,0,0,0
3514,GENERAL,5,0,0,0,0,0,0,0,0,0
3515,GENERAL,5,0,0,0,0,0,0,0,0,0
3516,GENERAL,5,0,0,0,0,0,0,0,0,0
3517,GENERAL,5,0,0,0,0,0,0,0,0,0
3518,GENERAL,5,0,0,0,0,0,0,0,0,0
3519,GENERAL,5,0,0,0,0,0,0,0,0,0
3520,GENERAL,5,0,0,0,0,0,0,0,0,0
3521,GENERAL,5,0,0,0,0,0,0,0,0,0
3522,GENERAL,5,0,0,0,0,0,0,0,0,0
3523,GENERAL,5,0,0,0,0,0,0,0,0,0
3524,GENERAL,5,0,0,0,0,0,0,0,0,0
3525,GENERAL,5,0,0,0,0,0,0,0,0,0
3526,GENERAL,5,0,0,0,0,0,0,0,0,0
3527,GENERAL,5,0,0,0,0,0,0,0,0,0
3528,GENERAL,5,0,0,0,0,0,0,0,0,0
3529,GENERAL,5,0,0,0,0,0,0,0,0,0
3530,GENERAL,5,0,0,0,0,0,0,0,0,0
3531,GENERAL,5,0,0,0,0,0,0,0,0,0
3532,GENERAL,5,0,0,0,0,0,0,0,0,0
3533,GENERAL,5,0,0,0,0,0,0,0,0,0
3534,GENERAL,5,0,0,0,0,0,0,0,0,0
3535,GENERAL,5,0,0,0,0,0,0,0,0,0
3536,GENERAL,5,0,0,0,0,0,0,0,0,0
3537,GENERAL,5,0,0,0,0,0,0,0,0,0
3538,GENERAL,5,0,0,0,0,0,0,0,0,0
3539,GENERAL,5,0,0,0,0,0,0,0,0,0
3540,GENERAL,5,0,0,0,0,0,0,0,0,0
3541,GENERAL,5,0,0,0,0,0,0,0,0,0
3542,GENERAL,5,0,0,0,0,0,0,0,0,0
3543,GENERAL,5,0,0,0,0,0,0,0,0,0
3544,GENERAL,5,0,0,0,0,0,0,0,0,0
3545,GENERAL,5,0,0,0,0,0,0,0,0,0
3546,GENERAL,5,0,0,0,0,0,0,0,0,0
3547,GENERAL,5,0,0,0,0,0,0,0,0,0
3548,GENERAL,5,0,0,0,0,0,0,0,0,0
3549,GENERAL,5,0,0,0,0,0,0,0,0,0
3550,GENERAL,5,0,0,0,0,0,0,0,0,0
3551,GENERAL,5,0,0,0,0,0,0,0,0,0
3552,GENERAL,5,0,0,0,0,0,0,0,0,0
3553,GENERAL,5,0,0,0,0,0,0,0,0,0
3554,GENERAL,5,0,0,0,0,0,0,0,0,0
3555,GENERAL,5,0,0,0,0,0,0,0,0,0
3556,GENERAL,5,0,0,0,0,0,0,0,0,0
3557,GENERAL,5,0,0,0,0,0,0,0,0,0
3558,GENERAL,5,0,0,0,0,0,0,0,0,0
3559,GENERAL,5,0,0,0,0,0,0,0,0,0
3560,GENERAL,5,0,0,0,0,0,0,0,0,0
3561,GENERAL,5,0,0,0,0,0,0,0,0,0
3562,GENERAL,5,0,0,0,0,0,0,0,0,0
3563,GENERAL,5,0,0,0,0,0,0,0,0,0
3564,GENERAL,5,0,0,0,0,0,0,0,0,0
3565,GENERAL,5,0,0,0,0,0,0,0,0,0
3566,GENERAL,5,0,0,0,0,0,0,0,0,0
3567,GENERAL,5,0,0,0,0,0,0,0,0,0
3568,GENERAL,5,0,0,0,0,0,0,0,0,0
3569,GENERAL,5,0,0,0,0,0,0,0,0,0
3570,GENERAL,5,0,0,0,0,0,0,0,0,0
3571,GENERAL,5,0,0,0,0,0,0,0,0,0
3572,GENERAL,5,0,0,0,0,0,0,0,0,0
3573,GENERAL,5,0,0,0,0,0,0,0,0,0
3574,GENERAL,5,0,0,0,0,0,0,0,0,0
3575,GENERAL,5,0,0,0,0,0,0,0,0,0
3576,GENERAL,5,0,0,0,0,0,0,0,0,0
3577,GENERAL,5,0,0,0,0,0,0,0,0,0
3578,GENERAL,5,0,0,0,0,0,0,0,0,0
3579,GENERAL,5,0,0,0,0,0,0,0,0,0
3580,GENERAL,5,0,0,0,0,0,0,0,0,0
3581,GENERAL,5,0,0,0,0,0,0,0,0,0
3582,GENERAL,5,0,0,0,0,0,0,0,0,0
3583,GENERAL,5,0,0,0,0,0,0,0,0,0
3584,GENERAL,5,0,0,0,0,0,0,0,0,0
3585,GENERAL,5,0,0,0,0,0,0,0,0,0
3586,GENERAL,5,0,0,0,0,0,0,0,0,0
3587,GENERAL,5,0,0,0,0,0,0,0,0,0
3588,GENERAL,5,0,0,0,0,0,0,0,0,0
3589,GENERAL,5,0,0,0,0,0,0,0,0,0
3590,GENERAL,5,0,0,0,0,0,0,0,0,0
3591,GENERAL,5,0,0,0,0,0,0,0,0,0
3592,GENERAL,5,0,0,0,0,0,0,0,0,0
3593,GENERAL,5,0,0,0,0,0,0,0,0,0
3594,GENERAL,5,0,0,0,0,0,0,0,0,0
3595,GENERAL,5,0,0,0,0,0,0,0,0,0
3596,GENERAL,5,0,0,0,0,0,0,0,0,0
3597,GENERAL,5,0,0,0,0,0,0,0,0,0
3598,GENERAL,5,0,0,0,0,0,0,0,0,0
3599,GENERAL,5,0,0,0,0,0,0,0,0,0
3600,GENERAL,5,0,0,0,0,0,0,0,0,0
3601,GENERAL,5,0,0,0,0,0,0,0,0,0
3602,GENERAL,5,0,0,0,0,0,0,0,0,0
3603,GENERAL,5,0,0,0,0,0,0,0,0,0
3604,GENERAL,5,0,0,0,0,0,0,0,0,0
3605,GENERAL,5,0,0,0,0,0,0,0,0,0
3606,GENERAL,5,0,0,0,0,0,0,0,0,0
3607,GENERAL,5,0,0,0,0,0,0,0,0,0
3608,GENERAL,5,0,0,0,0,0,0,0,0,0
3609,GENERAL,5,0,0,0,0,0,0,0,0,0
3610,GENERAL,5,0,0,0,0,0,0,0,0,0
3611,GENERAL,5,0,0,0,0,0,0,0,0,0
3612,GENERAL,5,0,0,0,0,0,0,0,0,0
3613,GENERAL,5,0,0,0,0,0,0,0,0,0
3614,GENERAL,5,0,0,0,0,0,0,0,0,0
3615,GENERAL,5,0,0,0,0,0,0,0,0,0
3616,GENERAL,5,0,0,0,0,0,0,0,0,0
3617,GENERAL,5,0,0,0,0,0,0,0,0,0
3618,GENERAL,5,0,0,0,0,0,0,0,0,0
3619,GENERAL,5,0,0,0,0,0,0,0,0,0
3620,GENERAL,5,0,0,0,0,0,0,0,0,0
3621,GENERAL,5,0,0,0,0,0,0,0,0,0
3622,GENERAL,5,0,0,0,0,0,0,0,0,0
3623,GENERAL,5,0,0,0,0,0,0,0,0,0
3624,GENERAL,5,0,0,0,0,0,0,0,0,0
3625,GENERAL,5,0,0,0,0,0,0,0,0,0
3626,GENERAL,5,0,0,0,0,0,0,0,0,0
3627,GENERAL,5,0,0,0,0,0,0,0,0,0
3628,GENERAL,5,0,0,0,0,0,0,0,0,0
3629,GENERAL,5,0,0,0,0,0,0,0,0,0
3630,GENERAL,5,0,0,0,0,0,0,0,0,0
3631,GENERAL,5,0,0,0,0,0,0,0,0,0
3632,GENERAL,5,0,0,0,0,0,0,0,0,0
3633,GENERAL,5,0,0,0,0,0,0,0,0,0
3634,GENERAL,5,0,0,0,0,0,0,0,0,0
3635,GENERAL,5,0,0,0,0,0,0,0,0,0
3636,GENERAL,5,0,0,0,0,0,0,0,0,0
3637,GENERAL,5,0,0,0,0,0,0,0,0,0
3638,GENERAL,5,0,0,0,0,0,0,0,0,0
3639,GENERAL,5,0,0,0,0,0,0,0,0,0
3640,GENERAL,5,0,0,0,0,0,0,0,0,0
3641,GENERAL,5,0,0,0,0,0,0,0,0,0
3642,GENERAL,5,0,0,0,0,0,0,0,0,0
3643,GENERAL,5,0,0,0,0,0,0,0,0,0
3644,GENERAL,5,0,0,0,0,0,0,0,0,0
3645,GENERAL,5,0,0,0,0,0,0,0,0,0
3646,GENERAL,5,0,0,0,0,0,0,0,0,0
3647,GENERAL,5,0,0,0,0,0,0,0,0,0
3648,GENERAL,5,0,0,0,0,0,0,0,0,0
3649,GENERAL,5,0,0,0,0,0,0,0,0,0
3650,GENERAL,5,0,0,0,0,0,0,0,0,0
3651,GENERAL,5,0,0,0,0,0,0,0,0,0
3652,GENERAL,5,0,0,0,0,0,0,0,0,0
3653,GENERAL,5,0,0,0,0,0,0,0,0,0
3654,GENERAL,5,0,0,0,0,0,0,0,0,0
3655,GENERAL,5,0,0,0,0,0,0,0,0,0
3656,GENERAL,5,0,0,0,0,0,0,0,0,0
3657,GENERAL,5,0,0,0,0,0,0,0,0,0
3658,GENERAL,5,0,0,0,0,0,0,0,0,0
3659,GENERAL,5,0,0,0,0,0,0,0,0,0
3660,GENERAL,5,0,0,0,0,0,0,0,0,0
3661,GENERAL,5,0,0,0,0,0,0,0,0,0
3662,GENERAL,5,0,0,0,0,0,0,0,0,0
3663,GENERAL,5,0,0,0,0,0,0,0,0,0
3664,GENERAL,5,0,0,0,0,0,0,0,0,0
3665,GENERAL,5,0,0,0,0,0,0,0,0,0
3666,GENERAL,5,0,0,0,0,0,0,0,0,0
3667,GENERAL,5,0,0,0,0,0,0,0,0,0
3668,GENERAL,5,0,0,0,0,0,0,0,0,0
3669,GENERAL,5,0,0,0,0,0,0,0,0,0
3670,GENERAL,5,0,0,0,0,0,0,0,0,0
3671,GENERAL,5,0,0,0,0,0,0,0,0,0
3672,GENERAL,5,0,0,0,0,0,0,0,0,0
3673,GENERAL,5,0,0,0,0,0,0,0,0,0
3674,GENERAL,5,0,0,0,0,0,0,0,0,0
3675,GENERAL,5,0,0,0,0,0,0,0,0,0
3676,GENERAL,5,0,0,0,0,0,0,0,0,0
3677,GENERAL,5,0,0,0,0,0,0,0,0,0
3678,GENERAL,5,0,0,0,0,0,0,0,0,0
3679,GENERAL,5,0,0,0,0,0,0,0,0,0
3680,GENERAL,5,0,0,0,0,0,0,0,0,0
3681,GENERAL,5,0,0,0,0,0,0,0,0,0
3682,GENERAL,5,0,0,0,0,0,0,0,0,0
3683,GENERAL,5,0,0,0,0,0,0,0,0,0
3684,GENERAL,5,0,0,0,0,0,0,0,0,0
3685,GENERAL,5,0,0,0,0,0,0,0,0,0
3686,GENERAL,5,0,0,0,0,0,0,0,0,0
3687,GENERAL,5,0,0,0,0,0,0,0,0,0
3688,GENERAL,5,0,0,0,0,0,0,0,0,0
3689,GENERAL,5,0,0,0,0,0,0,0,0,0
3690,GENERAL,5,0,0,0,0,0,0,0,0,0
3691,GENERAL,5,0,0,0,0,0,0,0,0,0
3692,GENERAL,5,0,0,0,0,0,0,0,0,0
3693,GENERAL,5,0,0,0,0,0,0,0,0,0
3694,GENERAL,5,0,0,0,0,0,0,0,0,0
3695,GENERAL,5,0,0,0,0,0,0,0,0,0
3696,GENERAL,5,0,0,0,0,0,0,0,0,0
3697,GENERAL,5,0,0,0,0,0,0,0,0,0
3698,GENERAL,5,0,0,0,0,0,0,0,0,0
3699,GENERAL,5,0,0,0,0,0,0,0,0,0
3700,GENERAL,5,0,0,0,0,0,0,0,0,0
3701,GENERAL,5,0,0,0,0,0,0,0,0,0
3702,GENERAL,5,0,0,0,0,0,0,0,0,0
3703,GENERAL,5,0,0,0,0,0,0,0,0,0
3704,GENERAL,5,0,0,0,0,0,0,0,0,0
3705,GENERAL,5,0,0,0,0,0,0,0,0,0
3706,GENERAL,5,0,0,0,0,0,0,0,0,0
3707,GENERAL,5,0,0,0,0,0,0,0,0,0
3708,GENERAL,5,0,0,0,0,0,0,0,0,0
3709,GENERAL,5,0,0,0,0,0,0,0,0,0
3710,GENERAL,5,0,0,0,0,0,0,0,0,0
3711,GENERAL,5,0,0,0,0,0,0,0,0,0
3712,GENERAL,5,0,0,0,0,0,0,0,0,0
3713,GENERAL,5,0,0,0,0,0,0,0,0,0
3714,GENERAL,5,0,0,0,0,0,0,0,0,0
3715,GENERAL,5,0,0,0,0,0,0,0,0,0
3716,GENERAL,5,0,0,0,0,0,0,0,0,0
3717,GENERAL,5,0,0,0,0,0,0,0,0,0
3718,GENERAL,5,0,0,0,0,0,0,0,0,0
3719,GENERAL,5,0,0,0,0,0,0,0,0,0
3720,GENERAL,5,0,0,0,0,0,0,0,0,0
3721,GENERAL,5,0,0,0,0,0,0,0,0,0
3722,GENERAL,5,0,0,0,0,0,0,0,0,0
3723,GENERAL,5,0,0,0,0,0,0,0,0,0
3724,GENERAL,5,0,0,0,0,0,0,0,0,0
3725,GENERAL,5,0,0,0,0,0,0,0,0,0
3726,GENERAL,5,0,0,0,0,0,0,0,0,0
3727,GENERAL,5,0,0,0,0,0,0,0,0,0
3728,GENERAL,5,0,0,0,0,0,0,0,0,0
3729,GENERAL,5,0,0,0,0,0,0,0,0,0
3730,GENERAL,5,0,0,0,0,0,0,0,0,0
3731,GENERAL,5,0,0,0,0,0,0,0,0,0
3732,GENERAL,5,0,0,0,0,0,0,0,0,0
3733,GENERAL,5,0,0,0,0,0,0,0,0,0
3734,GENERAL,5,0,0,0,0,0,0,0,0,0
3735,GENERAL,5,0,0,0,0,0,0,0,0,0
3736,GENERAL,5,0,0,0,0,0,0,0,0,0
3737,GENERAL,5,0,0,0,0,0,0,0,0,0
3738,GENERAL,5,0,0,0,0,0,0,0,0,0
3739,GENERAL,5,0,0,0,0,0,0,0,0,0
3740,GENERAL,5,0,0,0,0,0,0,0,0,0
3741,GENERAL,5,0,0,0,0,0,0,0,0,0
3742,GENERAL,5,0,0,0,0,0,0,0,0,0
3743,GENERAL,5,0,0,0,0,0,0,0,0,0
3744,GENERAL,5,0,0,0,0,0,0,0,0,0
3745,GENERAL,5,0,0,0,0,0,0,0,0,0
3746,GENERAL,5,0,0,0,0,0,0,0,0,0
3747,GENERAL,5,0,0,0,0,0,0,0,0,0
3748,GENERAL,5,0,0,0,0,0,0,0,0,0
3749,GENERAL,5,0,0,0,0,0,0,0,0,0
3750,GENERAL,5,0,0,0,0,0,0,0,0,0
3751,GENERAL,5,0,0,0,0,0,0,0,0,0
3752,GENERAL,5,0,0,0,0,0,0,0,0,0
3753,GENERAL,5,0,0,0,0,0,0,0,0,0
3754,GENERAL,5,0,0,0,0,0,0,0,0,0
3755,GENERAL,5,0,0,0,0,0,0,0,0,0
3756,GENERAL,5,0,0,0,0,0,0,0,0,0
3757,GENERAL,5,0,0,0,0,0,0,0,0,0
3758,GENERAL,5,0,0,0,0,0,0,0,0,0
3759,GENERAL,5,0,0,0,0,0,0,0,0,0
3760,GENERAL,5,0,0,0,0,0,0,0,0,0
3761,GENERAL,5,0,0,0,0,0,0,0,0,0
3762,GENERAL,5,0,0,0,0,0,0,0,0,0
3763,GENERAL,5,0,0,0,0,0,0,0,0,0
3764,GENERAL,5,0,0,0,0,0,0,0,0,0
3765,GENERAL,5,0,0,0,0,0,0,0,0,0
3766,GENERAL,5,0,0,0,0,0,0,0,0,0
3767,GENERAL,5,0,0,0,0,0,0,0,0,0
3768,GENERAL,5,0,0,0,0,0,0,0,0,0
3769,GENERAL,5,0,0,0,0,0,0,0,0,0
3770,GENERAL,5,0,0,0,0,0,0,0,0,0
3771,GENERAL,5,0,0,0,0,0,0,0,0,0
3772,GENERAL,5,0,0,0,0,0,0,0,0,0
3773,GENERAL,5,0,0,0,0,0,0,0,0,0
3774,GENERAL,5,0,0,0,0,0,0,0,0,0
3775,GENERAL,5,0,0,0,0,0,0,0,0,0
3776,GENERAL,5,0,0,0,0,0,0,0,0,0
3777,GENERAL,5,0,0,0,0,0,0,0,0,0
3778,GENERAL,5,0,0,0,0,0,0,0,0,0
3779,GENERAL,5,0,0,0,0,0,0,0,0,0
3780,GENERAL,5,0,0,0,0,0,0,0,0,0
3781,GENERAL,5,0,0,0,0,0,0,0,0,0
3782,GENERAL,5,0,0,0,0,0,0,0,0,0
3783,GENERAL,5,0,0,0,0,0,0,0,0,0
3784,GENERAL,5,0,0,0,0,0,0,0,0,0
3785,GENERAL,5,0,0,0,0,0,0,0,0,0
3786,GENERAL,5,0,0,0,0,0,0,0,0,0
3787,GENERAL,5,0,0,0,0,0,0,0,0,0
3788,GENERAL,5,0,0,0,0,0,0,0,0,0
3789,GENERAL,5,0,0,0,0,0,0,0,0,0
3790,GENERAL,5,0,0,0,0,0,0,0,0,0
3791,GENERAL,5,0,0,0,0,0,0,0,0,0
3792,GENERAL,5,0,0,0,0,0,0,0,0,0
3793,GENERAL,5,0,0,0,0,0,0,0,0,0
3794,GENERAL,5,0,0,0,0,0,0,0,0,0
3795,GENERAL,5,0,0,0,0,0,0,0,0,0
3796,GENERAL,5,0,0,0,0,0,0,0,0,0
3797,GENERAL,5,0,0,0,0,0,0,0,0,0
3798,GENERAL,5,0,0,0,0,0,0,0,0,0
3799,GENERAL,5,0,0,0,0,0,0,0,0,0
3800,GENERAL,5,0,0,0,0,0,0,0,0,0
3801,GENERAL,5,0,0,0,0,0,0,0,0,0
3802,GENERAL,5,0,0,0,0,0,0,0,0,0
3803,GENERAL,5,0,0,0,0,0,0,0,0,0
3804,GENERAL,5,0,0,0,0,0,0,0,0,0
3805,GENERAL,5,0,0,0,0,0,0,0,0,0
3806,GENERAL,5,0,0,0,0,0,0,0,0,0
3807,GENERAL,5,0,0,0,0,0,0,0,0,0
3808,GENERAL,5,0,0,0,0,0,0,0,0,0
3809,GENERAL,5,0,0,0,0,0,0,0,0,0
3810,GENERAL,5,0,0,0,0,0,0,0,0,0
3811,GENERAL,5,0,0,0,0,0,0,0,0,0
3812,GENERAL,5,0,0,0,0,0,0,0,0,0
3813,GENERAL,5,0,0,0,0,0,0,0,0,0
3814,GENERAL,5,0,0,0,0,0,0,0,0,0
3815,GENERAL,5,0,0,0,0,0,0,0,0,0
3816,GENERAL,5,0,0,0,0,0,0,0,0,0
3817,GENERAL,5,0,0,0,0,0,0,0,0,0
3818,GENERAL,5,0,0,0,0,0,0,0,0,0
3819,GENERAL,5,0,0,0,0,0,0,0,0,0
3820,GENERAL,5,0,0,0,0,0,0,0,0,0
3821,GENERAL,5,0,0,0,0,0,0,0,0,0
3822,GENERAL,5,0,0,0,0,0,0,0,0,0
3823,GENERAL,5,0,0,0,0,0,0,0,0,0
3824,GENERAL,5,0,0,0,0,0,0,0,0,0
3825,GENERAL,5,0,0,0,0,0,0,0,0,0
3826,GENERAL,5,0,0,0,0,0,0,0,0,0
3827,GENERAL,5,0,0,0,0,0,0,0,0,0
3828,GENERAL,5,0,0,0,0,0,0,0,0,0
3829,GENERAL,5,0,0,0,0,0,0,0,0,0
3830,GENERAL,5,0,0,0,0,0,0,0,0,0
3831,GENERAL,5,0,0,0,0,0,0,0,0,0
3832,GENERAL,5,0,0,0,0,0,0,0,0,0
3833,GENERAL,5,0,0,0,0,0,0,0,0,0
3834,GENERAL,5,0,0,0,0,0,0,0,0,0
3835,GENERAL,5,0,0,0,0,0,0,0,0,0
3836,GENERAL,5,0,0,0,0,0,0,0,0,0
3837,GENERAL,5,0,0,0,0,0,0,0,0,0
3838,GENERAL,5,0,0,0,0,0,0,0,0,0
3839,GENERAL,5,0,0,0,0,0,0,0,0,0
3840,GENERAL,5,0,0,0,0,0,0,0,0,0
3841,GENERAL,5,0,0,0,0,0,0,0,0,0
3842,GENERAL,5,0,0,0,0,0,0,0,0,0
3843,GENERAL,5,0,0,0,0,0,0,0,0,0
3844,GENERAL,5,0,0,0,0,0,0,0,0,0
3845,GENERAL,5,0,0,0,0,0,0,0,0,0
3846,GENERAL,5,0,0,0,0,0,0,0,0,0
3847,GENERAL,5,0,0,0,0,0,0,0,0,0
3848,GENERAL,5,0,0,0,0,0,0,0,0,0
3849,GENERAL,5,0,0,0,0,0,0,0,0,0
3850,GENERAL,5,0,0,0,0,0,0,0,0,0
3851,GENERAL,5,0,0,0,0,0,0,0,0,0
3852,GENERAL,5,0,0,0,0,0,0,0,0,0
3853,GENERAL,5,0,0,0,0,0,0,0,0,0
3854,GENERAL,5,0,0,0,0,0,0,0,0,0
3855,GENERAL,5,0,0,0,0,0,0,0,0,0
3856,GENERAL,5,0,0,0,0,0,0,0,0,0
3857,GENERAL,5,0,0,0,0,0,0,0,0,0
3858,GENERAL,5,0,0,0,0,0,0,0,0,0
3859,GENERAL,5,0,0,0,0,0,0,0,0,0
3860,GENERAL,5,0,0,0,0,0,0,0,0,0
3861,GENERAL,5,0,0,0,0,0,0,0,0,0
3862,GENERAL,5,0,0,0,0,0,0,0,0,0
3863,GENERAL,5,0,0,0,0,0,0,0,0,0
3864,GENERAL,5,0,0,0,0,0,0,0,0,0
3865,GENERAL,5,0,0,0,0,0,0,0,0,0
3866,GENERAL,5,0,0,0,0,0,0,0,0,0
3867,GENERAL,5,0,0,0,0,0,0,0,0,0
3868,GENERAL,5,0,0,0,0,0,0,0,0,0
3869,GENERAL,5,0,0,0,0,0,0,0,0,0
3870,GENERAL,5,0,0,0,0,0,0,0,0,0
3871,GENERAL,5,0,0,0,0,0,0,0,0,0
3872,GENERAL,5,0,0,0,0,0,0,0,0,0
3873,GENERAL,5,0,0,0,0,0,0,0,0,0
3874,GENERAL,5,0,0,0,0,0,0,0,0,0
3875,GENERAL,5,0,0,0,0,0,0,0,0,0
3876,GENERAL,5,0,0,0,0,0,0,0,0,0
3877,GENERAL,5,0,0,0,0,0,0,0,0,0
3878,GENERAL,5,0,0,0,0,0,0,0,0,0
3879,GENERAL,5,0,0,0,0,0,0,0,0,0
3880,GENERAL,5,0,0,0,0,0,0,0,0,0
3881,GENERAL,5,0,0,0,0,0,0,0,0,0
3882,GENERAL,5,0,0,0,0,0,0,0,0,0
3883,GENERAL,5,0,0,0,0,0,0,0,0,0
3884,GENERAL,5,0,0,0,0,0,0,0,0,0
3885,GENERAL,5,0,0,0,0,0,0,0,0,0
3886,GENERAL,5,0,0,0,0,0,0,0,0,0
3887,GENERAL,5,0,0,0,0,0,0,0,0,0
3888,GENERAL,5,0,0,0,0,0,0,0,0,0
3889,GENERAL,5,0,0,0,0,0,0,0,0,0
3890,GENERAL,5,0,0,0,0,0,0,0,0,0
3891,GENERAL,5,0,0,0,0,0,0,0,0,0
3892,GENERAL,5,0,0,0,0,0,0,0,0,0
3893,GENERAL,5,0,0,0,0,0,0,0,0,0
3894,GENERAL,5,0,0,0,0,0,0,0,0,0
3895,GENERAL,5,0,0,0,0,0,0,0,0,0
3896,GENERAL,5,0,0,0,0,0,0,0,0,0
3897,GENERAL,5,0,0,0,0,0,0,0,0,0
3898,GENERAL,5,0,0,0,0,0,0,0,0,0
3899,GENERAL,5,0,0,0,0,0,0,0,0,0
3900,GENERAL,5,0,0,0,0,0,0,0,0,0
3901,GENERAL,5,0,0,0,0,0,0,0,0,0
3902,GENERAL,5,0,0,0,0,0,0,0,0,0
3903,GENERAL,5,0,0,0,0,0,0,0,0,0
3904,GENERAL,5,0,0,0,0,0,0,0,0,0
3905,GENERAL,5,0,0,0,0,0,0,0,0,0
3906,GENERAL,5,0,0,0,0,0,0,0,0,0
3907,GENERAL,5,0,0,0,0,0,0,0,0,0
3908,GENERAL,5,0,0,0,0,0,0,0,0,0
3909,GENERAL,5,0,0,0,0,0,0,0,0,0
3910,GENERAL,5,0,0,0,0,0,0,0,0,0
3911,GENERAL,5,0,0,0,0,0,0,0,0,0
3912,GENERAL,5,0,0,0,0,0,0,0,0,0
3913,GENERAL,5,0,0,0,0,0,0,0,0,0
3914,GENERAL,5,0,0,0,0,0,0,0,0,0
3915,GENERAL,5,0,0,0,0,0,0,0,0,0
3916,GENERAL,5,0,0,0,0,0,0,0,0,0
3917,GENERAL,5,0,0,0,0,0,0,0,0,0
3918,GENERAL,5,0,0,0,0,0,0,0,0,0
3919,GENERAL,5,0,0,0,0,0,0,0,0,0
3920,GENERAL,5,0,0,0,0,0,0,0,0,0
3921,GENERAL,5,0,0,0,0,0,0,0,0,0
3922,GENERAL,5,0,0,0,0,0,0,0,0,0
3923,GENERAL,5,0,0,0,0,0,0,0,0,0
3924,GENERAL,5,0,0,0,0,0,0,0,0,0
3925,GENERAL,5,0,0,0,0,0,0,0,0,0
3926,GENERAL,5,0,0,0,0,0,0,0,0,0
3927,GENERAL,5,0,0,0,0,0,0,0,0,0
3928,GENERAL,5,0,0,0,0,0,0,0,0,0
3929,GENERAL,5,0,0,0,0,0,0,0,0,0
3930,GENERAL,5,0,0,0,0,0,0,0,0,0
3931,GENERAL,5,0,0,0,0,0,0,0,0,0
3932,GENERAL,5,0,0,0,0,0,0,0,0,0
3933,GENERAL,5,0,0,0,0,0,0,0,0,0
3934,GENERAL,5,0,0,0,0,0,0,0,0,0
3935,GENERAL,5,0,0,0,0,0,0,0,0,0
3936,GENERAL,5,0,0,0,0,0,0,0,0,0
3937,GENERAL,5,0,0,0,0,0,0,0,0,0
3938,GENERAL,5,0,0,0,0,0,0,0,0,0
3939,GENERAL,5,0,0,0,0,0,0,0,0,0
3940,GENERAL,5,0,0,0,0,0,0,0,0,0
3941,GENERAL,5,0,0,0,0,0,0,0,0,0
3942,GENERAL,5,0,0,0,0,0,0,0,0,0
3943,GENERAL,5,0,0,0,0,0,0,0,0,0
3944,GENERAL,5,0,0,0,0,0,0,0,0,0
3945,GENERAL,5,0,0,0,0,0,0,0,0,0
3946,GENERAL,5,0,0,0,0,0,0,0,0,0
3947,GENERAL,5,0,0,0,0,0,0,0,0,0
3948,GENERAL,5,0,0,0,0,0,0,0,0,0
3949,GENERAL,5,0,0,0,0,0,0,0,0,0
3950,GENERAL,5,0,0,0,0,0,0,0,0,0
3951,GENERAL,5,0,0,0,0,0,0,0,0,0
3952,GENERAL,5,0,0,0,0,0,0,0,0,0
3953,GENERAL,5,0,0,0,0,0,0,0,0,0
3954,GENERAL,5,0,0,0,0,0,0,0,0,0
3955,GENERAL,5,0,0,0,0,0,0,0,0,0
3956,GENERAL,5,0,0,0,0,0,0,0,0,0
3957,GENERAL,5,0,0,0,0,0,0,0,0,0
3958,GENERAL,5,0,0,0,0,0,0,0,0,0
3959,GENERAL,5,0,0,0,0,0,0,0,0,0
3960,GENERAL,5,0,0,0,0,0,0,0,0,0
3961,GENERAL,5,0,0,0,0,0,0,0,0,0
3962,GENERAL,5,0,0,0,0,0,0,0,0,0
3963,GENERAL,5,0,0,0,0,0,0,0,0,0
3964,GENERAL,5,0,0,0,0,0,0,0,0,0
3965,GENERAL,5,0,0,0,0,0,0,0,0,0
3966,GENERAL,5,0,0,0,0,0,0,0,0,0
3967,GENERAL,5,0,0,0,0,0,0,0,0,0
3968,GENERAL,5,0,0,0,0,0,0,0,0,0
3969,GENERAL,5,0,0,0,0,0,0,0,0,0
3970,GENERAL,5,0,0,0,0,0,0,0,0,0
3971,GENERAL,5,0,0,0,0,0,0,0,0,0
3972,GENERAL,5,0,0,0,0,0,0,0,0,0
3973,GENERAL,5,0,0,0,0,0,0,0,0,0
3974,GENERAL,5,0,0,0,0,0,0,0,0,0
3975,GENERAL,5,0,0,0,0,0,0,0,0,0
3976,GENERAL,5,0,0,0,0,0,0,0,0,0
3977,GENERAL,5,0,0,0,0,0,0,0,0,0
3978,GENERAL,5,0,0,0,0,0,0,0,0,0
3979,GENERAL,5,0,0,0,0,0,0,0,0,0
3980,GENERAL,5,0,0,0,0,0,0,0,0,0
3981,GENERAL,5,0,0,0,0,0,0,0,0,0
3982,GENERAL,5,0,0,0,0,0,0,0,0,0
3983,GENERAL,5,0,0,0,0,0,0,0,0,0
3984,GENERAL,5,0,0,0,0,0,0,0,0,0
3985,GENERAL,5,0,0,0,0,0,0,0,0,0
3986,GENERAL,5,0,0,0,0,0,0,0,0,0
3987,GENERAL,5,0,0,0,0,0,0,0,0,0
3988,GENERAL,5,0,0,0,0,0,0,0,0,0
3989,GENERAL,5,0,0,0,0,0,0,0,0,0
3990,GENERAL,5,0,0,0,0,0,0,0,0,0
3991,GENERAL,5,0,0,0,0,0,0,0,0,0
3992,GENERAL,5,0,0,0,0,0,0,0,0,0
3993,GENERAL,5,0,0,0,0,0,0,0,0,0
3994,GENERAL,5,0,0,0,0,0,0,0,0,0
3995,GENERAL,5,0,0,0,0,0,0,0,0,0
3996,GENERAL,5,0,0,0,0,0,0,0,0,0
3997,GENERAL,5,0,0,0,0,0,0,0,0,0
3998,GENERAL,5,0,0,0,0,0,0,0,0,0
3999,GENERAL,5,0,0,0,0,0,0,0,0,0
4000,GENERAL,5,0,0,0,0,0,0,0,0,0
4001,GENERAL,5,0,0,0,0,0,0,0,0,0
4002,GENERAL,5,0,0,0,0,0,0,0,0,0
4003,GENERAL,5,0,0,0,0,0,0,0,0,0
4004,GENERAL,5,0,0,0,0,0,0,0,0,0
4005,GENERAL,5,0,0,0,0,0,0,0,0,0
4006,GENERAL,5,0,0,0,0,0,0,0,0,0
4007,GENERAL,5,0,0,0,0,0,0,0,0,0
4008,GENERAL,5,0,0,0,0,0,0,0,0,0
4009,GENERAL,5,0,0,0,0,0,0,0,0,0
4010,GENERAL,5,0,0,0,0,0,0,0,0,0
4011,GENERAL,5,0,0,0,0,0,0,0,0,0
4012,GENERAL,5,0,0,0,0,0,0,0,0,0
4013,GENERAL,5,0,0,0,0,0,0,0,0,0
4014,GENERAL,5,0,0,0,0,0,0,0,0,0
4015,GENERAL,5,0,0,0,0,0,0,0,0,0
4016,GENERAL,5,0,0,0,0,0,0,0,0,0
4017,GENERAL,5,0,0,0,0,0,0,0,0,0
4018,GENERAL,5,0,0,0,0,0,0,0,0,0
4019,GENERAL,5,0,0,0,0,0,0,0,0,0
4020,GENERAL,5,0,0,0,0,0,0,0,0,0
4021,GENERAL,5,0,0,0,0,0,0,0,0,0
4022,GENERAL,5,0,0,0,0,0,0,0,0,0
4023,GENERAL,5,0,0,0,0,0,0,0,0,0
4024,GENERAL,5,0,0,0,0,0,0,0,0,0
4025,GENERAL,5,0,0,0,0,0,0,0,0,0
4026,GENERAL,5,0,0,0,0,0,0,0,0,0
4027,GENERAL,5,0,0,0,0,0,0,0,0,0
4028,GENERAL,5,0,0,0,0,0,0,0,0,0
4029,GENERAL,5,0,0,0,0,0,0,0,0,0
4030,GENERAL,5,0,0,0,0,0,0,0,0,0
4031,GENERAL,5,0,0,0,0,0,0,0,0,0
4032,GENERAL,5,0,0,0,0,0,0,0,0,0
4033,GENERAL,5,0,0,0,0,0,0,0,0,0
4034,GENERAL,5,0,0,0,0,0,0,0,0,0
4035,GENERAL,5,0,0,0,0,0,0,0,0,0
4036,GENERAL,5,0,0,0,0,0,0,0,0,0
4037,GENERAL,5,0,0,0,0,0,0,0,0,0
4038,GENERAL,5,0,0,0,0,0,0,0,0,0
4039,GENERAL,5,0,0,0,0,0,0,0,0,0
4040,GENERAL,5,0,0,0,0,0,0,0,0,0
4041,GENERAL,5,0,0,0,0,0,0,0,0,0
4042,GENERAL,5,0,0,0,0,0,0,0,0,0
4043,GENERAL,5,0,0,0,0,0,0,0,0,0
4044,GENERAL,5,0,0,0,0,0,0,0,0,0
4045,GENERAL,5,0,0,0,0,0,0,0,0,0
4046,GENERAL,5,0,0,0,0,0,0,0,0,0
4047,GENERAL,5,0,0,0,0,0,0,0,0,0
4048,GENERAL,5,0,0,0,0,0,0,0,0,0
4049,GENERAL,5,0,0,0,0,0,0,0,0,0
4050,GENERAL,5,0,0,0,0,0,0,0,0,0
4051,GENERAL,5,0,0,0,0,0,0,0,0,0
4052,GENERAL,5,0,0,0,0,0,0,0,0,0
4053,GENERAL,5,0,0,0,0,0,0,0,0,0
4054,GENERAL,5,0,0,0,0,0,0,0,0,0
4055,GENERAL,5,0,0,0,0,0,0,0,0,0
4056,GENERAL,5,0,0,0,0,0,0,0,0,0
4057,GENERAL,5,0,0,0,0,0,0,0,0,0
4058,GENERAL,5,0,0,0,0,0,0,0,0,0
4059,GENERAL,5,0,0,0,0,0,0,0,0,0
4060,GENERAL,5,0,0,0,0,0,0,0,0,0
4061,GENERAL,5,0,0,0,0,0,0,0,0,0
4062,GENERAL,5,0,0,0,0,0,0,0,0,0
4063,GENERAL,5,0,0,0,0,0,0,0,0,0
4064,GENERAL,5,0,0,0,0,0,0,0,0,0
4065,GENERAL,5,0,0,0,0,0,0,0,0,0
4066,GENERAL,5,0,0,0,0,0,0,0,0,0
4067,GENERAL,5,0,0,0,0,0,0,0,0,0
4068,GENERAL,5,0,0,0,0,0,0,0,0,0
4069,GENERAL,5,0,0,0,0,0,0,0,0,0
4070,GENERAL,5,0,0,0,0,0,0,0,0,0
4071,GENERAL,5,0,0,0,0,0,0,0,0,0
4072,GENERAL,5,0,0,0,0,0,0,0,0,0
4073,GENERAL,5,0,0,0,0,0,0,0,0,0
4074,GENERAL,5,0,0,0,0,0,0,0,0,0
4075,GENERAL,5,0,0,0,0,0,0,0,0,0
4076,GENERAL,5,0,0,0,0,0,0,0,0,0
4077,GENERAL,5,0,0,0,0,0,0,0,0,0
4078,GENERAL,5,0,0,0,0,0,0,0,0,0
4079,GENERAL,5,0,0,0,0,0,0,0,0,0
4080,GENERAL,5,0,0,0,0,0,0,0,0,0
4081,GENERAL,5,0,0,0,0,0,0,0,0,0
4082,GENERAL,5,0,0,0,0,0,0,0,0,0
4083,GENERAL,5,0,0,0,0,0,0,0,0,0
4084,GENERAL,5,0,0,0,0,0,0,0,0,0
4085,GENERAL,5,0,0,0,0,0,0,0,0,0
4086,GENERAL,5,0,0,0,0,0,0,0,0,0
4087,GENERAL,5,0,0,0,0,0,0,0,0,0
4088,GENERAL,5,0,0,0,0,0,0,0,0,0
4089,GENERAL,5,0,0,0,0,0,0,0,0,0
4090,GENERAL,5,0,0,0,0,0,0,0,0,0
4091,GENERAL,5,0,0,0,0,0,0,0,0,0
4092,GENERAL,5,0,0,0,0,0,0,0,0,0
4093,GENERAL,5,0,0,0,0,0,0,0,0,0
4094,GENERAL,5,0,0,0,0,0,0,0,0,0
4095,GENERAL,5,0,0,0,0,0,0,0,0,0
4096,GENERAL,5,0,0,0,0,0,0,0,0,0
4097,GENERAL,5,0,0,0,0,0,0,0,0,0
4098,GENERAL,5,0,0,0,0,0,0,0,0,0
4099,GENERAL,5,0,0,0,0,0,0,0,0,0
4100,GENERAL,5,0,0,0,0,0,0,0,0,0
4101,GENERAL,5,0,0,0,0,0,0,0,0,0
4102,GENERAL,5,0,0,0,0,0,0,0,0,0
4103,GENERAL,5,0,0,0,0,0,0,0,0,0
4104,GENERAL,5,0,0,0,0,0,0,0,0,0
4105,GENERAL,5,0,0,0,0,0,0,0,0,0
4106,GENERAL,5,0,0,0,0,0,0,0,0,0
4107,GENERAL,5,0,0,0,0,0,0,0,0,0
4108,GENERAL,5,0,0,0,0,0,0,0,0,0
4109,GENERAL,5,0,0,0,0,0,0,0,0,0
4110,GENERAL,5,0,0,0,0,0,0,0,0,0
4111,GENERAL,5,0,0,0,0,0,0,0,0,0
4112,GENERAL,5,0,0,0,0,0,0,0,0,0
4113,GENERAL,5,0,0,0,0,0,0,0,0,0
4114,GENERAL,5,0,0,0,0,0,0,0,0,0
4115,GENERAL,5,0,0,0,0,0,0,0,0,0
4116,GENERAL,5,0,0,0,0,0,0,0,0,0
4117,GENERAL,5,0,0,0,0,0,0,0,0,0
4118,GENERAL,5,0,0,0,0,0,0,0,0,0
4119,GENERAL,5,0,0,0,0,0,0,0,0,0
4120,GENERAL,5,0,0,0,0,0,0,0,0,0
4121,GENERAL,5,0,0,0,0,0,0,0,0,0
4122,GENERAL,5,0,0,0,0,0,0,0,0,0
4123,GENERAL,5,0,0,0,0,0,0,0,0,0
4124,GENERAL,5,0,0,0,0,0,0,0,0,0
4125,GENERAL,5,0,0,0,0,0,0,0,0,0
4126,GENERAL,5,0,0,0,0,0,0,0,0,0
4127,GENERAL,5,0,0,0,0,0,0,0,0,0
4128,GENERAL,5,0,0,0,0,0,0,0,0,0
4129,GENERAL,5,0,0,0,0,0,0,0,0,0
4130,GENERAL,5,0,0,0,0,0,0,0,0,0
4131,GENERAL,5,0,0,0,0,0,0,0,0,0
4132,GENERAL,5,0,0,0,0,0,0,0,0,0
4133,GENERAL,5,0,0,0,0,0,0,0,0,0
4134,GENERAL,5,0,0,0,0,0,0,0,0,0
4135,GENERAL,5,0,0,0,0,0,0,0,0,0
4136,GENERAL,5,0,0,0,0,0,0,0,0,0
4137,GENERAL,5,0,0,0,0,0,0,0,0,0
4138,GENERAL,5,0,0,0,0,0,0,0,0,0
4139,GENERAL,5,0,0,0,0,0,0,0,0,0
4140,GENERAL,5,0,0,0,0,0,0,0,0,0
4141,GENERAL,5,0,0,0,0,0,0,0,0,0
4142,GENERAL,5,0,0,0,0,0,0,0,0,0
4143,GENERAL,5,0,0,0,0,0,0,0,0,0
4144,GENERAL,5,0,0,0,0,0,0,0,0,0
4145,GENERAL,5,0,0,0,0,0,0,0,0,0
4146,GENERAL,5,0,0,0,0,0,0,0,0,0
4147,GENERAL,5,0,0,0,0,0,0,0,0,0
4148,GENERAL,5,0,0,0,0,0,0,0,0,0
4149,GENERAL,5,0,0,0,0,0,0,0,0,0
4150,GENERAL,5,0,0,0,0,0,0,0,0,0
4151,GENERAL,5,0,0,0,0,0,0,0,0,0
4152,GENERAL,5,0,0,0,0,0,0,0,0,0
4153,GENERAL,5,0,0,0,0,0,0,0,0,0
4154,GENERAL,5,0,0,0,0,0,0,0,0,0
4155,GENERAL,5,0,0,0,0,0,0,0,0,0
4156,GENERAL,5,0,0,0,0,0,0,0,0,0
4157,GENERAL,5,0,0,0,0,0,0,0,0,0
4158,GENERAL,5,0,0,0,0,0,0,0,0,0
4159,GENERAL,5,0,0,0,0,0,0,0,0,0
4160,GENERAL,5,0,0,0,0,0,0,0,0,0
4161,GENERAL,5,0,0,0,0,0,0,0,0,0
4162,GENERAL,5,0,0,0,0,0,0,0,0,0
4163,GENERAL,5,0,0,0,0,0,0,0,0,0
4164,GENERAL,5,0,0,0,0,0,0,0,0,0
4165,GENERAL,5,0,0,0,0,0,0,0,0,0
4166,GENERAL,5,0,0,0,0,0,0,0,0,0
4167,GENERAL,5,0,0,0,0,0,0,0,0,0
4168,GENERAL,5,0,0,0,0,0,0,0,0,0
4169,GENERAL,5,0,0,0,0,0,0,0,0,0
4170,GENERAL,5,0,0,0,0,0,0,0,0,0
4171,GENERAL,5,0,0,0,0,0,0,0,0,0
4172,GENERAL,5,0,0,0,0,0,0,0,0,0
4173,GENERAL,5,0,0,0,0,0,0,0,0,0
4174,GENERAL,5,0,0,0,0,0,0,0,0,0
4175,GENERAL,5,0,0,0,0,0,0,0,0,0
4176,GENERAL,5,0,0,0,0,0,0,0,0,0
4177,GENERAL,5,0,0,0,0,0,0,0,0,0
4178,GENERAL,5,0,0,0,0,0,0,0,0,0
4179,GENERAL,5,0,0,0,0,0,0,0,0,0
4180,GENERAL,5,0,0,0,0,0,0,0,0,0
4181,GENERAL,5,0,0,0,0,0,0,0,0,0
4182,GENERAL,5,0,0,0,0,0,0,0,0,0
4183,GENERAL,5,0,0,0,0,0,0,0,0,0
4184,GENERAL,5,0,0,0,0,0,0,0,0,0
4185,GENERAL,5,0,0,0,0,0,0,0,0,0
4186,GENERAL,5,0,0,0,0,0,0,0,0,0
4187,GENERAL,5,0,0,0,0,0,0,0,0,0
4188,GENERAL,5,0,0,0,0,0,0,0,0,0
4189,GENERAL,5,0,0,0,0,0,0,0,0,0
4190,GENERAL,5,0,0,0,0,0,0,0,0,0
4191,GENERAL,5,0,0,0,0,0,0,0,0,0
4192,GENERAL,5,0,0,0,0,0,0,0,0,0
4193,GENERAL,5,0,0,0,0,0,0,0,0,0
4194,GENERAL,5,0,0,0,0,0,0,0,0,0
4195,GENERAL,5,0,0,0,0,0,0,0,0,0
4196,GENERAL,5,0,0,0,0,0,0,0,0,0
4197,GENERAL,5,0,0,0,0,0,0,0,0,0
4198,GENERAL,5,0,0,0,0,0,0,0,0,0
4199,GENERAL,5,0,0,0,0,0,0,0,0,0
4200,GENERAL,5,0,0,0,0,0,0,0,0,0
4201,GENERAL,5,0,0,0,0,0,0,0,0,0
4202,GENERAL,5,0,0,0,0,0,0,0,0,0
4203,GENERAL,5,0,0,0,0,0,0,0,0,0
4204,GENERAL,5,0,0,0,0,0,0,0,0,0
4205,GENERAL,5,0,0,0,0,0,0,0,0,0
4206,GENERAL,5,0,0,0,0,0,0,0,0,0
4207,GENERAL,5,0,0,0,0,0,0,0,0,0
4208,GENERAL,5,0,0,0,0,0,0,0,0,0
4209,GENERAL,5,0,0,0,0,0,0,0,0,0
4210,GENERAL,5,0,0,0,0,0,0,0,0,0
4211,GENERAL,5,0,0,0,0,0,0,0,0,0
4212,GENERAL,5,0,0,0,0,0,0,0,0,0
4213,GENERAL,5,0,0,0,0,0,0,0,0,0
4214,GENERAL,5,0,0,0,0,0,0,0,0,0
4215,GENERAL,5,0,0,0,0,0,0,0,0,0
4216,GENERAL,5,0,0,0,0,0,0,0,0,0
4217,GENERAL,5,0,0,0,0,0,0,0,0,0
4218,GENERAL,5,0,0,0,0,0,0,0,0,0
4219,GENERAL,5,0,0,0,0,0,0,0,0,0
4220,GENERAL,5,0,0,0,0,0,0,0,0,0
4221,GENERAL,5,0,0,0,0,0,0,0,0,0
4222,GENERAL,5,0,0,0,0,0,0,0,0,0
4223,GENERAL,5,0,0,0,0,0,0,0,0,0
4224,GENERAL,5,0,0,0,0,0,0,0,0,0
4225,GENERAL,5,0,0,0,0,0,0,0,0,0
4226,GENERAL,5,0,0,0,0,0,0,0,0,0
4227,GENERAL,5,0,0,0,0,0,0,0,0,0
4228,GENERAL,5,0,0,0,0,0,0,0,0,0
4229,GENERAL,5,0,0,0,0,0,0,0,0,0
4230,GENERAL,5,0,0,0,0,0,0,0,0,0
4231,GENERAL,5,0,0,0,0,0,0,0,0,0
4232,GENERAL,5,0,0,0,0,0,0,0,0,0
4233,GENERAL,5,0,0,0,0,0,0,0,0,0
4234,GENERAL,5,0,0,0,0,0,0,0,0,0
4235,GENERAL,5,0,0,0,0,0,0,0,0,0
4236,GENERAL,5,0,0,0,0,0,0,0,0,0
4237,GENERAL,5,0,0,0,0,0,0,0,0,0
4238,GENERAL,5,0,0,0,0,0,0,0,0,0
4239,GENERAL,5,0,0,0,0,0,0,0,0,0
4240,GENERAL,5,0,0,0,0,0,0,0,0,0
4241,GENERAL,5,0,0,0,0,0,0,0,0,0
4242,GENERAL,5,0,0,0,0,0,0,0,0,0
4243,GENERAL,5,0,0,0,0,0,0,0,0,0
4244,GENERAL,5,0,0,0,0,0,0,0,0,0
4245,GENERAL,5,0,0,0,0,0,0,0,0,0
4246,GENERAL,5,0,0,0,0,0,0,0,0,0
4247,GENERAL,5,0,0,0,0,0,0,0,0,0
4248,GENERAL,5,0,0,0,0,0,0,0,0,0
4249,GENERAL,5,0,0,0,0,0,0,0,0,0
4250,GENERAL,5,0,0,0,0,0,0,0,0,0
4251,GENERAL,5,0,0,0,0,0,0,0,0,0
4252,GENERAL,5,0,0,0,0,0,0,0,0,0
4253,GENERAL,5,0,0,0,0,0,0,0,0,0
4254,GENERAL,5,0,0,0,0,0,0,0,0,0
4255,GENERAL,5,0,0,0,0,0,0,0,0,0
4256,GENERAL,5,0,0,0,0,0,0,0,0,0
4257,GENERAL,5,0,0,0,0,0,0,0,0,0
4258,GENERAL,5,0,0,0,0,0,0,0,0,0
4259,GENERAL,5,0,0,0,0,0,0,0,0,0
4260,GENERAL,5,0,0,0,0,0,0,0,0,0
4261,GENERAL,5,0,0,0,0,0,0,0,0,0
4262,GENERAL,5,0,0,0,0,0,0,0,0,0
4263,GENERAL,5,0,0,0,0,0,0,0,0,0
4264,GENERAL,5,0,0,0,0,0,0,0,0,0
4265,GENERAL,5,0,0,0,0,0,0,0,0,0
4266,GENERAL,5,0,0,0,0,0,0,0,0,0
4267,GENERAL,5,0,0,0,0,0,0,0,0,0
4268,GENERAL,5,0,0,0,0,0,0,0,0,0
4269,GENERAL,5,0,0,0,0,0,0,0,0,0
4270,GENERAL,5,0,0,0,0,0,0,0,0,0
4271,GENERAL,5,0,0,0,0,0,0,0,0,0
4272,GENERAL,5,0,0,0,0,0,0,0,0,0
4273,GENERAL,5,0,0,0,0,0,0,0,0,0
4274,GENERAL,5,0,0,0,0,0,0,0,0,0
4275,GENERAL,5,0,0,0,0,0,0,0,0,0
4276,GENERAL,5,0,0,0,0,0,0,0,0,0
4277,GENERAL,5,0,0,0,0,0,0,0,0,0
4278,GENERAL,5,0,0,0,0,0,0,0,0,0
4279,GENERAL,5,0,0,0,0,0,0,0,0,0
4280,GENERAL,5,0,0,0,0,0,0,0,0,0
4281,GENERAL,5,0,0,0,0,0,0,0,0,0
4282,GENERAL,5,0,0,0,0,0,0,0,0,0
4283,GENERAL,5,0,0,0,0,0,0,0,0,0
4284,GENERAL,5,0,0,0,0,0,0,0,0,0
4285,GENERAL,5,0,0,0,0,0,0,0,0,0
4286,GENERAL,5,0,0,0,0,0,0,0,0,0
4287,GENERAL,5,0,0,0,0,0,0,0,0,0
4288,GENERAL,5,0,0,0,0,0,0,0,0,0
4289,GENERAL,5,0,0,0,0,0,0,0,0,0
4290,GENERAL,5,0,0,0,0,0,0,0,0,0
4291,GENERAL,5,0,0,0,0,0,0,0,0,0
4292,GENERAL,5,0,0,0,0,0,0,0,0,0
4293,GENERAL,5,0,0,0,0,0,0,0,0,0
4294,GENERAL,5,0,0,0,0,0,0,0,0,0
4295,GENERAL,5,0,0,0,0,0,0,0,0,0
4296,GENERAL,5,0,0,0,0,0,0,0,0,0
4297,GENERAL,5,0,0,0,0,0,0,0,0,0
4298,GENERAL,5,0,0,0,0,0,0,0,0,0
4299,GENERAL,5,0,0,0,0,0,0,0,0,0
4300,GENERAL,5,0,0,0,0,0,0,0,0,0
4301,GENERAL,5,0,0,0,0,0,0,0,0,0
4302,GENERAL,5,0,0,0,0,0,0,0,0,0
4303,GENERAL,5,0,0,0,0,0,0,0,0,0
4304,GENERAL,5,0,0,0,0,0,0,0,0,0
4305,GENERAL,5,0,0,0,0,0,0,0,0,0
4306,GENERAL,5,0,0,0,0,0,0,0,0,0
4307,GENERAL,5,0,0,0,0,0,0,0,0,0
4308,GENERAL,5,0,0,0,0,0,0,0,0,0
4309,GENERAL,5,0,0,0,0,0,0,0,0,0
4310,GENERAL,5,0,0,0,0,0,0,0,0,0
4311,GENERAL,5,0,0,0,0,0,0,0,0,0
4312,GENERAL,5,0,0,0,0,0,0,0,0,0
4313,GENERAL,5,0,0,0,0,0,0,0,0,0
4314,GENERAL,5,0,0,0,0,0,0,0,0,0
4315,GENERAL,5,0,0,0,0,0,0,0,0,0
4316,GENERAL,5,0,0,0,0,0,0,0,0,0
4317,GENERAL,5,0,0,0,0,0,0,0,0,0
4318,GENERAL,5,0,0,0,0,0,0,0,0,0
4319,GENERAL,5,0,0,0,0,0,0,0,0,0
4320,GENERAL,5,0,0,0,0,0,0,0,0,0
4321,GENERAL,5,0,0,0,0,0,0,0,0,0
4322,GENERAL,5,0,0,0,0,0,0,0,0,0
4323,GENERAL,5,0,0,0,0,0,0,0,0,0
4324,GENERAL,5,0,0,0,0,0,0,0,0,0
4325,GENERAL,5,0,0,0,0,0,0,0,0,0
4326,GENERAL,5,0,0,0,0,0,0,0,0,0
4327,GENERAL,5,0,0,0,0,0,0,0,0,0
4328,GENERAL,5,0,0,0,0,0,0,0,0,0
4329,GENERAL,5,0,0,0,0,0,0,0,0,0
4330,GENERAL,5,0,0,0,0,0,0,0,0,0
4331,GENERAL,5,0,0,0,0,0,0,0,0,0
4332,GENERAL,5,0,0,0,0,0,0,0,0,0
4333,GENERAL,5,0,0,0,0,0,0,0,0,0
4334,GENERAL,5,0,0,0,0,0,0,0,0,0
4335,GENERAL,5,0,0,0,0,0,0,0,0,0
4336,GENERAL,5,0,0,0,0,0,0,0,0,0
4337,GENERAL,5,0,0,0,0,0,0,0,0,0
4338,GENERAL,5,0,0,0,0,0,0,0,0,0
4339,GENERAL,5,0,0,0,0,0,0,0,0,0
4340,GENERAL,5,0,0,0,0,0,0,0,0,0
4341,GENERAL,5,0,0,0,0,0,0,0,0,0
4342,GENERAL,5,0,0,0,0,0,0,0,0,0
4343,GENERAL,5,0,0,0,0,0,0,0,0,0
4344,GENERAL,5,0,0,0,0,0,0,0,0,0
4345,GENERAL,5,0,0,0,0,0,0,0,0,0
4346,GENERAL,5,0,0,0,0,0,0,0,0,0
4347,GENERAL,5,0,0,0,0,0,0,0,0,0
4348,GENERAL,5,0,0,0,0,0,0,0,0,0
4349,GENERAL,5,0,0,0,0,0,0,0,0,0
4350,GENERAL,5,0,0,0,0,0,0,0,0,0
4351,GENERAL,5,0,0,0,0,0,0,0,0,0
4352,GENERAL,5,0,0,0,0,0,0,0,0,0
4353,GENERAL,5,0,0,0,0,0,0,0,0,0
4354,GENERAL,5,0,0,0,0,0,0,0,0,0
4355,GENERAL,5,0,0,0,0,0,0,0,0,0
4356,GENERAL,5,0,0,0,0,0,0,0,0,0
4357,GENERAL,5,0,0,0,0,0,0,0,0,0
4358,GENERAL,5,0,0,0,0,0,0,0,0,0
4359,GENERAL,5,0,0,0,0,0,0,0,0,0
4360,GENERAL,5,0,0,0,0,0,0,0,0,0
4361,GENERAL,5,0,0,0,0,0,0,0,0,0
4362,GENERAL,5,0,0,0,0,0,0,0,0,0
4363,GENERAL,5,0,0,0,0,0,0,0,0,0
4364,GENERAL,5,0,0,0,0,0,0,0,0,0
4365,GENERAL,5,0,0,0,0,0,0,0,0,0
4366,GENERAL,5,0,0,0,0,0,0,0,0,0
4367,GENERAL,5,0,0,0,0,0,0,0,0,0
4368,GENERAL,5,0,0,0,0,0,0,0,0,0
4369,GENERAL,5,0,0,0,0,0,0,0,0,0
4370,GENERAL,5,0,0,0,0,0,0,0,0,0
4371,GENERAL,5,0,0,0,0,0,0,0,0,0
4372,GENERAL,5,0,0,0,0,0,0,0,0,0
4373,GENERAL,5,0,0,0,0,0,0,0,0,0
4374,GENERAL,5,0,0,0,0,0,0,0,0,0
4375,GENERAL,5,0,0,0,0,0,0,0,0,0
4376,GENERAL,5,0,0,0,0,0,0,0,0,0
4377,GENERAL,5,0,0,0,0,0,0,0,0,0
4378,GENERAL,5,0,0,0,0,0,0,0,0,0
4379,GENERAL,5,0,0,0,0,0,0,0,0,0
4380,GENERAL,5,0,0,0,0,0,0,0,0,0
4381,GENERAL,5,0,0,0,0,0,0,0,0,0
4382,GENERAL,5,0,0,0,0,0,0,0,0,0
4383,GENERAL,5,0,0,0,0,0,0,0,0,0
4384,GENERAL,5,0,0,0,0,0,0,0,0,0
4385,GENERAL,5,0,0,0,0,0,0,0,0,0
4386,GENERAL,5,0,0,0,0,0,0,0,0,0
4387,GENERAL,5,0,0,0,0,0,0,0,0,0
4388,GENERAL,5,0,0,0,0,0,0,0,0,0
4389,GENERAL,5,0,0,0,0,0,0,0,0,0
4390,GENERAL,5,0,0,0,0,0,0,0,0,0
4391,GENERAL,5,0,0,0,0,0,0,0,0,0
4392,GENERAL,5,0,0,0,0,0,0,0,0,0
4393,GENERAL,5,0,0,0,0,0,0,0,0,0
4394,GENERAL,5,0,0,0,0,0,0,0,0,0
4395,GENERAL,5,0,0,0,0,0,0,0,0,0
4396,GENERAL,5,0,0,0,0,0,0,0,0,0
4397,GENERAL,5,0,0,0,0,0,0,0,0,0
4398,GENERAL,5,0,0,0,0,0,0,0,0,0
4399,GENERAL,5,0,0,0,0,0,0,0,0,0
4400,GENERAL,5,0,0,0,0,0,0,0,0,0
4401,GENERAL,5,0,0,0,0,0,0,0,0,0
4402,GENERAL,5,0,0,0,0,0,0,0,0,0
4403,GENERAL,5,0,0,0,0,0,0,0,0,0
4404,GENERAL,5,0,0,0,0,0,0,0,0,0
4405,GENERAL,5,0,0,0,0,0,0,0,0,0
4406,GENERAL,5,0,0,0,0,0,0,0,0,0
4407,GENERAL,5,0,0,0,0,0,0,0,0,0
4408,GENERAL,5,0,0,0,0,0,0,0,0,0
4409,GENERAL,5,0,0,0,0,0,0,0,0,0
4410,GENERAL,5,0,0,0,0,0,0,0,0,0
4411,GENERAL,5,0,0,0,0,0,0,0,0,0
4412,GENERAL,5,0,0,0,0,0,0,0,0,0
4413,GENERAL,5,0,0,0,0,0,0,0,0,0
4414,GENERAL,5,0,0,0,0,0,0,0,0,0
4415,GENERAL,5,0,0,0,0,0,0,0,0,0
4416,GENERAL,5,0,0,0,0,0,0,0,0,0
4417,GENERAL,5,0,0,0,0,0,0,0,0,0
4418,GENERAL,5,0,0,0,0,0,0,0,0,0
4419,GENERAL,5,0,0,0,0,0,0,0,0,0
4420,GENERAL,5,0,0,0,0,0,0,0,0,0
4421,GENERAL,5,0,0,0,0,0,0,0,0,0
4422,GENERAL,5,0,0,0,0,0,0,0,0,0
4423,GENERAL,5,0,0,0,0,0,0,0,0,0
4424,GENERAL,5,0,0,0,0,0,0,0,0,0
4425,GENERAL,5,0,0,0,0,0,0,0,0,0
4426,GENERAL,5,0,0,0,0,0,0,0,0,0
4427,GENERAL,5,0,0,0,0,0,0,0,0,0
4428,GENERAL,5,0,0,0,0,0,0,0,0,0
4429,GENERAL,5,0,0,0,0,0,0,0,0,0
4430,GENERAL,5,0,0,0,0,0,0,0,0,0
4431,GENERAL,5,0,0,0,0,0,0,0,0,0
4432,GENERAL,5,0,0,0,0,0,0,0,0,0
4433,GENERAL,5,0,0,0,0,0,0,0,0,0
4434,GENERAL,5,0,0,0,0,0,0,0,0,0
4435,GENERAL,5,0,0,0,0,0,0,0,0,0
4436,GENERAL,5,0,0,0,0,0,0,0,0,0
4437,GENERAL,5,0,0,0,0,0,0,0,0,0
4438,GENERAL,5,0,0,0,0,0,0,0,0,0
4439,GENERAL,5,0,0,0,0,0,0,0,0,0
4440,GENERAL,5,0,0,0,0,0,0,0,0,0
4441,GENERAL,5,0,0,0,0,0,0,0,0,0
4442,GENERAL,5,0,0,0,0,0,0,0,0,0
4443,GENERAL,5,0,0,0,0,0,0,0,0,0
4444,GENERAL,5,0,0,0,0,0,0,0,0,0
4445,GENERAL,5,0,0,0,0,0,0,0,0,0
4446,GENERAL,5,0,0,0,0,0,0,0,0,0
4447,GENERAL,5,0,0,0,0,0,0,0,0,0
4448,GENERAL,5,0,0,0,0,0,0,0,0,0
4449,GENERAL,5,0,0,0,0,0,0,0,0,0
4450,GENERAL,5,0,0,0,0,0,0,0,0,0
4451,GENERAL,5,0,0,0,0,0,0,0,0,0
4452,GENERAL,5,0,0,0,0,0,0,0,0,0
4453,GENERAL,5,0,0,0,0,0,0,0,0,0
4454,GENERAL,5,0,0,0,0,0,0,0,0,0
4455,GENERAL,5,0,0,0,0,0,0,0,0,0
4456,GENERAL,5,0,0,0,0,0,0,0,0,0
4457,GENERAL,5,0,0,0,0,0,0,0,0,0
4458,GENERAL,5,0,0,0,0,0,0,0,0,0
4459,GENERAL,5,0,0,0,0,0,0,0,0,0
4460,GENERAL,5,0,0,0,0,0,0,0,0,0
4461,GENERAL,5,0,0,0,0,0,0,0,0,0
4462,GENERAL,5,0,0,0,0,0,0,0,0,0
4463,GENERAL,5,0,0,0,0,0,0,0,0,0
4464,GENERAL,5,0,0,0,0,0,0,0,0,0
4465,GENERAL,5,0,0,0,0,0,0,0,0,0
4466,GENERAL,5,0,0,0,0,0,0,0,0,0
4467,GENERAL,5,0,0,0,0,0,0,0,0,0
4468,GENERAL,5,0,0,0,0,0,0,0,0,0
4469,GENERAL,5,0,0,0,0,0,0,0,0,0
4470,GENERAL,5,0,0,0,0,0,0,0,0,0
4471,GENERAL,5,0,0,0,0,0,0,0,0,0
4472,GENERAL,5,0,0,0,0,0,0,0,0,0
4473,GENERAL,5,0,0,0,0,0,0,0,0,0
4474,GENERAL,5,0,0,0,0,0,0,0,0,0
4475,GENERAL,5,0,0,0,0,0,0,0,0,0
4476,GENERAL,5,0,0,0,0,0,0,0,0,0
4477,GENERAL,5,0,0,0,0,0,0,0,0,0
4478,GENERAL,5,0,0,0,0,0,0,0,0,0
4479,GENERAL,5,0,0,0,0,0,0,0,0,0
4480,GENERAL,5,0,0,0,0,0,0,0,0,0
4481,GENERAL,5,0,0,0,0,0,0,0,0,0
4482,GENERAL,5,0,0,0,0,0,0,0,0,0
4483,GENERAL,5,0,0,0,0,0,0,0,0,0
4484,GENERAL,5,0,0,0,0,0,0,0,0,0
4485,GENERAL,5,0,0,0,0,0,0,0,0,0
4486,GENERAL,5,0,0,0,0,0,0,0,0,0
4487,GENERAL,5,0,0,0,0,0,0,0,0,0
4488,GENERAL,5,0,0,0,0,0,0,0,0,0
4489,GENERAL,5,0,0,0,0,0,0,0,0,0
4490,GENERAL,5,0,0,0,0,0,0,0,0,0
4491,GENERAL,5,0,0,0,0,0,0,0,0,0
4492,GENERAL,5,0,0,0,0,0,0,0,0,0
4493,GENERAL,5,0,0,0,0,0,0,0,0,0
4494,GENERAL,5,0,0,0,0,0,0,0,0,0
4495,GENERAL,5,0,0,0,0,0,0,0,0,0
4496,GENERAL,5,0,0,0,0,0,0,0,0,0
4497,GENERAL,5,0,0,0,0,0,0,0,0,0
4498,GENERAL,5,0,0,0,0,0,0,0,0,0
4499,GENERAL,5,0,0,0,0,0,0,0,0,0
4500,GENERAL,5,0,0,0,0,0,0,0,0,0
4501,GENERAL,5,0,0,0,0,0,0,0,0,0
4502,GENERAL,5,0,0,0,0,0,0,0,0,0
4503,GENERAL,5,0,0,0,0,0,0,0,0,0
4504,GENERAL,5,0,0,0,0,0,0,0,0,0
4505,GENERAL,5,0,0,0,0,0,0,0,0,0
4506,GENERAL,5,0,0,0,0,0,0,0,0,0
4507,GENERAL,5,0,0,0,0,0,0,0,0,0
4508,GENERAL,5,0,0,0,0,0,0,0,0,0
4509,GENERAL,5,0,0,0,0,0,0,0,0,0
4510,GENERAL,5,0,0,0,0,0,0,0,0,0
4511,GENERAL,5,0,0,0,0,0,0,0,0,0
4512,GENERAL,5,0,0,0,0,0,0,0,0,0
4513,GENERAL,5,0,0,0,0,0,0,0,0,0
4514,GENERAL,5,0,0,0,0,0,0,0,0,0
4515,GENERAL,5,0,0,0,0,0,0,0,0,0
4516,GENERAL,5,0,0,0,0,0,0,0,0,0
4517,GENERAL,5,0,0,0,0,0,0,0,0,0
4518,GENERAL,5,0,0,0,0,0,0,0,0,0
4519,GENERAL,5,0,0,0,0,0,0,0,0,0
4520,GENERAL,5,0,0,0,0,0,0,0,0,0
4521,GENERAL,5,0,0,0,0,0,0,0,0,0
4522,GENERAL,5,0,0,0,0,0,0,0,0,0
4523,GENERAL,5,0,0,0,0,0,0,0,0,0
4524,GENERAL,5,0,0,0,0,0,0,0,0,0
4525,GENERAL,5,0,0,0,0,0,0,0,0,0
4526,GENERAL,5,0,0,0,0,0,0,0,0,0
4527,GENERAL,5,0,0,0,0,0,0,0,0,0
4528,GENERAL,5,0,0,0,0,0,0,0,0,0
4529,GENERAL,5,0,0,0,0,0,0,0,0,0
4530,GENERAL,5,0,0,0,0,0,0,0,0,0
4531,GENERAL,5,0,0,0,0,0,0,0,0,0
4532,GENERAL,5,0,0,0,0,0,0,0,0,0
4533,GENERAL,5,0,0,0,0,0,0,0,0,0
4534,GENERAL,5,0,0,0,0,0,0,0,0,0
4535,GENERAL,5,0,0,0,0,0,0,0,0,0
4536,GENERAL,5,0,0,0,0,0,0,0,0,0
4537,GENERAL,5,0,0,0,0,0,0,0,0,0
4538,GENERAL,5,0,0,0,0,0,0,0,0,0
4539,GENERAL,5,0,0,0,0,0,0,0,0,0
4540,GENERAL,5,0,0,0,0,0,0,0,0,0
4541,GENERAL,5,0,0,0,0,0,0,0,0,0
4542,GENERAL,5,0,0,0,0,0,0,0,0,0
4543,GENERAL,5,0,0,0,0,0,0,0,0,0
4544,GENERAL,5,0,0,0,0,0,0,0,0,0
4545,GENERAL,5,0,0,0,0,0,0,0,0,0
4546,GENERAL,5,0,0,0,0,0,0,0,0,0
4547,GENERAL,5,0,0,0,0,0,0,0,0,0
4548,GENERAL,5,0,0,0,0,0,0,0,0,0
4549,GENERAL,5,0,0,0,0,0,0,0,0,0
4550,GENERAL,5,0,0,0,0,0,0,0,0,0
4551,GENERAL,5,0,0,0,0,0,0,0,0,0
4552,GENERAL,5,0,0,0,0,0,0,0,0,0
4553,GENERAL,5,0,0,0,0,0,0,0,0,0
4554,GENERAL,5,0,0,0,0,0,0,0,0,0
4555,GENERAL,5,0,0,0,0,0,0,0,0,0
4556,GENERAL,5,0,0,0,0,0,0,0,0,0
4557,GENERAL,5,0,0,0,0,0,0,0,0,0
4558,GENERAL,5,0,0,0,0,0,0,0,0,0
4559,GENERAL,5,0,0,0,0,0,0,0,0,0
4560,GENERAL,5,0,0,0,0,0,0,0,0,0
4561,GENERAL,5,0,0,0,0,0,0,0,0,0
4562,GENERAL,5,0,0,0,0,0,0,0,0,0
4563,GENERAL,5,0,0,0,0,0,0,0,0,0
4564,GENERAL,5,0,0,0,0,0,0,0,0,0
4565,GENERAL,5,0,0,0,0,0,0,0,0,0
4566,GENERAL,5,0,0,0,0,0,0,0,0,0
4567,GENERAL,5,0,0,0,0,0,0,0,0,0
4568,GENERAL,5,0,0,0,0,0,0,0,0,0
4569,GENERAL,5,0,0,0,0,0,0,0,0,0
4570,GENERAL,5,0,0,0,0,0,0,0,0,0
4571,GENERAL,5,0,0,0,0,0,0,0,0,0
4572,GENERAL,5,0,0,0,0,0,0,0,0,0
4573,GENERAL,5,0,0,0,0,0,0,0,0,0
4574,GENERAL,5,0,0,0,0,0,0,0,0,0
4575,GENERAL,5,0,0,0,0,0,0,0,0,0
4576,GENERAL,5,0,0,0,0,0,0,0,0,0
4577,GENERAL,5,0,0,0,0,0,0,0,0,0
4578,GENERAL,5,0,0,0,0,0,0,0,0,0
4579,GENERAL,5,0,0,0,0,0,0,0,0,0
4580,GENERAL,5,0,0,0,0,0,0,0,0,0
4581,GENERAL,5,0,0,0,0,0,0,0,0,0
4582,GENERAL,5,0,0,0,0,0,0,0,0,0
4583,GENERAL,5,0,0,0,0,0,0,0,0,0
4584,GENERAL,5,0,0,0,0,0,0,0,0,0
4585,GENERAL,5,0,0,0,0,0,0,0,0,0
4586,GENERAL,5,0,0,0,0,0,0,0,0,0
4587,GENERAL,5,0,0,0,0,0,0,0,0,0
4588,GENERAL,5,0,0,0,0,0,0,0,0,0
4589,GENERAL,5,0,0,0,0,0,0,0,0,0
4590,GENERAL,5,0,0,0,0,0,0,0,0,0
4591,GENERAL,5,0,0,0,0,0,0,0,0,0
4592,GENERAL,5,0,0,0,0,0,0,0,0,0
4593,GENERAL,5,0,0,0,0,0,0,0,0,0
4594,GENERAL,5,0,0,0,0,0,0,0,0,0
4595,GENERAL,5,0,0,0,0,0,0,0,0,0
4596,GENERAL,5,0,0,0,0,0,0,0,0,0
4597,GENERAL,5,0,0,0,0,0,0,0,0,0
4598,GENERAL,5,0,0,0,0,0,0,0,0,0
4599,GENERAL,5,0,0,0,0,0,0,0,0,0
4600,GENERAL,5,0,0,0,0,0,0,0,0,0
4601,GENERAL,5,0,0,0,0,0,0,0,0,0
4602,GENERAL,5,0,0,0,0,0,0,0,0,0
4603,GENERAL,5,0,0,0,0,0,0,0,0,0
4604,GENERAL,5,0,0,0,0,0,0,0,0,0
4605,GENERAL,5,0,0,0,0,0,0,0,0,0
4606,GENERAL,5,0,0,0,0,0,0,0,0,0
4607,GENERAL,5,0,0,0,0,0,0,0,0,0
4608,GENERAL,5,0,0,0,0,0,0,0,0,0
4609,GENERAL,5,0,0,0,0,0,0,0,0,0
4610,GENERAL,5,0,0,0,0,0,0,0,0,0
4611,GENERAL,5,0,0,0,0,0,0,0,0,0
4612,GENERAL,5,0,0,0,0,0,0,0,0,0
4613,GENERAL,5,0,0,0,0,0,0,0,0,0
4614,GENERAL,5,0,0,0,0,0,0,0,0,0
4615,GENERAL,5,0,0,0,0,0,0,0,0,0
4616,GENERAL,5,0,0,0,0,0,0,0,0,0
4617,GENERAL,5,0,0,0,0,0,0,0,0,0
4618,GENERAL,5,0,0,0,0,0,0,0,0,0
4619,GENERAL,5,0,0,0,0,0,0,0,0,0
4620,GENERAL,5,0,0,0,0,0,0,0,0,0
4621,GENERAL,5,0,0,0,0,0,0,0,0,0
4622,GENERAL,5,0,0,0,0,0,0,0,0,0
4623,GENERAL,5,0,0,0,0,0,0,0,0,0
4624,GENERAL,5,0,0,0,0,0,0,0,0,0
4625,GENERAL,5,0,0,0,0,0,0,0,0,0
4626,GENERAL,5,0,0,0,0,0,0,0,0,0
4627,GENERAL,5,0,0,0,0,0,0,0,0,0
4628,GENERAL,5,0,0,0,0,0,0,0,0,0
4629,GENERAL,5,0,0,0,0,0,0,0,0,0
4630,GENERAL,5,0,0,0,0,0,0,0,0,0
4631,GENERAL,5,0,0,0,0,0,0,0,0,0
4632,GENERAL,5,0,0,0,0,0,0,0,0,0
4633,GENERAL,5,0,0,0,0,0,0,0,0,0
4634,GENERAL,5,0,0,0,0,0,0,0,0,0
4635,GENERAL,5,0,0,0,0,0,0,0,0,0
4636,GENERAL,5,0,0,0,0,0,0,0,0,0
4637,GENERAL,5,0,0,0,0,0,0,0,0,0
4638,GENERAL,5,0,0,0,0,0,0,0,0,0
4639,GENERAL,5,0,0,0,0,0,0,0,0,0
4640,GENERAL,5,0,0,0,0,0,0,0,0,0
4641,GENERAL,5,0,0,0,0,0,0,0,0,0
4642,GENERAL,5,0,0,0,0,0,0,0,0,0
4643,GENERAL,5,0,0,0,0,0,0,0,0,0
4644,GENERAL,5,0,0,0,0,0,0,0,0,0
4645,GENERAL,5,0,0,0,0,0,0,0,0,0
4646,GENERAL,5,0,0,0,0,0,0,0,0,0
4647,GENERAL,5,0,0,0,0,0,0,0,0,0
4648,GENERAL,5,0,0,0,0,0,0,0,0,0
4649,GENERAL,5,0,0,0,0,0,0,0,0,0
4650,GENERAL,5,0,0,0,0,0,0,0,0,0
4651,GENERAL,5,0,0,0,0,0,0,0,0,0
4652,GENERAL,5,0,0,0,0,0,0,0,0,0
4653,GENERAL,5,0,0,0,0,0,0,0,0,0
4654,GENERAL,5,0,0,0,0,0,0,0,0,0
4655,GENERAL,5,0,0,0,0,0,0,0,0,0
4656,GENERAL,5,0,0,0,0,0,0,0,0,0
4657,GENERAL,5,0,0,0,0,0,0,0,0,0
4658,GENERAL,5,0,0,0,0,0,0,0,0,0
4659,GENERAL,5,0,0,0,0,0,0,0,0,0
4660,GENERAL,5,0,0,0,0,0,0,0,0,0
4661,GENERAL,5,0,0,0,0,0,0,0,0,0
4662,GENERAL,5,0,0,0,0,0,0,0,0,0
4663,GENERAL,5,0,0,0,0,0,0,0,0,0
4664,GENERAL,5,0,0,0,0,0,0,0,0,0
4665,GENERAL,5,0,0,0,0,0,0,0,0,0
4666,GENERAL,5,0,0,0,0,0,0,0,0,0
4667,GENERAL,5,0,0,0,0,0,0,0,0,0
4668,GENERAL,5,0,0,0,0,0,0,0,0,0
4669,GENERAL,5,0,0,0,0,0,0,0,0,0
4670,GENERAL,5,0,0,0,0,0,0,0,0,0
4671,GENERAL,5,0,0,0,0,0,0,0,0,0
4672,GENERAL,5,0,0,0,0,0,0,0,0,0
4673,GENERAL,5,0,0,0,0,0,0,0,0,0
4674,GENERAL,5,0,0,0,0,0,0,0,0,0
4675,GENERAL,5,0,0,0,0,0,0,0,0,0
4676,GENERAL,5,0,0,0,0,0,0,0,0,0
4677,GENERAL,5,0,0,0,0,0,0,0,0,0
4678,GENERAL,5,0,0,0,0,0,0,0,0,0
4679,GENERAL,5,0,0,0,0,0,0,0,0,0
4680,GENERAL,5,0,0,0,0,0,0,0,0,0
4681,GENERAL,5,0,0,0,0,0,0,0,0,0
4682,GENERAL,5,0,0,0,0,0,0,0,0,0
4683,GENERAL,5,0,0,0,0,0,0,0,0,0
4684,GENERAL,5,0,0,0,0,0,0,0,0,0
4685,GENERAL,5,0,0,0,0,0,0,0,0,0
4686,GENERAL,5,0,0,0,0,0,0,0,0,0
4687,GENERAL,5,0,0,0,0,0,0,0,0,0
4688,GENERAL,5,0,0,0,0,0,0,0,0,0
4689,GENERAL,5,0,0,0,0,0,0,0,0,0
4690,GENERAL,5,0,0,0,0,0,0,0,0,0
4691,GENERAL,5,0,0,0,0,0,0,0,0,0
4692,GENERAL,5,0,0,0,0,0,0,0,0,0
4693,GENERAL,5,0,0,0,0,0,0,0,0,0
4694,GENERAL,5,0,0,0,0,0,0,0,0,0
4695,GENERAL,5,0,0,0,0,0,0,0,0,0
4696,GENERAL,5,0,0,0,0,0,0,0,0,0
4697,GENERAL,5,0,0,0,0,0,0,0,0,0
4698,GENERAL,5,0,0,0,0,0,0,0,0,0
4699,GENERAL,5,0,0,0,0,0,0,0,0,0
4700,GENERAL,5,0,0,0,0,0,0,0,0,0
4701,GENERAL,5,0,0,0,0,0,0,0,0,0
4702,GENERAL,5,0,0,0,0,0,0,0,0,0
4703,GENERAL,5,0,0,0,0,0,0,0,0,0
4704,GENERAL,5,0,0,0,0,0,0,0,0,0
4705,GENERAL,5,0,0,0,0,0,0,0,0,0
4706,GENERAL,5,0,0,0,0,0,0,0,0,0
4707,GENERAL,5,0,0,0,0,0,0,0,0,0
4708,GENERAL,5,0,0,0,0,0,0,0,0,0
4709,GENERAL,5,0,0,0,0,0,0,0,0,0
4710,GENERAL,5,0,0,0,0,0,0,0,0,0
4711,GENERAL,5,0,0,0,0,0,0,0,0,0
4712,GENERAL,5,0,0,0,0,0,0,0,0,0
4713,GENERAL,5,0,0,0,0,0,0,0,0,0
4714,GENERAL,5,0,0,0,0,0,0,0,0,0
4715,GENERAL,5,0,0,0,0,0,0,0,0,0
4716,GENERAL,5,0,0,0,0,0,0,0,0,0
4717,GENERAL,5,0,0,0,0,0,0,0,0,0
4718,GENERAL,5,0,0,0,0,0,0,0,0,0
4719,GENERAL,5,0,0,0,0,0,0,0,0,0
4720,GENERAL,5,0,0,0,0,0,0,0,0,0
4721,GENERAL,5,0,0,0,0,0,0,0,0,0
4722,GENERAL,5,0,0,0,0,0,0,0,0,0
4723,GENERAL,5,0,0,0,0,0,0,0,0,0
4724,GENERAL,5,0,0,0,0,0,0,0,0,0
4725,GENERAL,5,0,0,0,0,0,0,0,0,0
4726,GENERAL,5,0,0,0,0,0,0,0,0,0
4727,GENERAL,5,0,0,0,0,0,0,0,0,0
4728,GENERAL,5,0,0,0,0,0,0,0,0,0
4729,GENERAL,5,0,0,0,0,0,0,0,0,0
4730,GENERAL,5,0,0,0,0,0,0,0,0,0
4731,GENERAL,5,0,0,0,0,0,0,0,0,0
4732,GENERAL,5,0,0,0,0,0,0,0,0,0
4733,GENERAL,5,0,0,0,0,0,0,0,0,0
4734,GENERAL,5,0,0,0,0,0,0,0,0,0
4735,GENERAL,5,0,0,0,0,0,0,0,0,0
4736,GENERAL,5,0,0,0,0,0,0,0,0,0
4737,GENERAL,5,0,0,0,0,0,0,0,0,0
4738,GENERAL,5,0,0,0,0,0,0,0,0,0
4739,GENERAL,5,0,0,0,0,0,0,0,0,0
4740,GENERAL,5,0,0,0,0,0,0,0,0,0
4741,GENERAL,5,0,0,0,0,0,0,0,0,0
4742,GENERAL,5,0,0,0,0,0,0,0,0,0
4743,GENERAL,5,0,0,0,0,0,0,0,0,0
4744,GENERAL,5,0,0,0,0,0,0,0,0,0
4745,GENERAL,5,0,0,0,0,0,0,0,0,0
4746,GENERAL,5,0,0,0,0,0,0,0,0,0
4747,GENERAL,5,0,0,0,0,0,0,0,0,0
4748,GENERAL,5,0,0,0,0,0,0,0,0,0
4749,GENERAL,5,0,0,0,0,0,0,0,0,0
4750,GENERAL,5,0,0,0,0,0,0,0,0,0
4751,GENERAL,5,0,0,0,0,0,0,0,0,0
4752,GENERAL,5,0,0,0,0,0,0,0,0,0
4753,GENERAL,5,0,0,0,0,0,0,0,0,0
4754,GENERAL,5,0,0,0,0,0,0,0,0,0
4755,GENERAL,5,0,0,0,0,0,0,0,0,0
4756,GENERAL,5,0,0,0,0,0,0,0,0,0
4757,GENERAL,5,0,0,0,0,0,0,0,0,0
4758,GENERAL,5,0,0,0,0,0,0,0,0,0
4759,GENERAL,5,0,0,0,0,0,0,0,0,0
4760,GENERAL,5,0,0,0,0,0,0,0,0,0
4761,GENERAL,5,0,0,0,0,0,0,0,0,0
4762,GENERAL,5,0,0,0,0,0,0,0,0,0
4763,GENERAL,5,0,0,0,0,0,0,0,0,0
4764,GENERAL,5,0,0,0,0,0,0,0,0,0
4765,GENERAL,5,0,0,0,0,0,0,0,0,0
4766,GENERAL,5,0,0,0,0,0,0,0,0,0
4767,GENERAL,5,0,0,0,0,0,0,0,0,0
4768,GENERAL,5,0,0,0,0,0,0,0,0,0
4769,GENERAL,5,0,0,0,0,0,0,0,0,0
4770,GENERAL,5,0,0,0,0,0,0,0,0,0
4771,GENERAL,5,0,0,0,0,0,0,0,0,0
4772,GENERAL,5,0,0,0,0,0,0,0,0,0
4773,GENERAL,5,0,0,0,0,0,0,0,0,0
4774,GENERAL,5,0,0,0,0,0,0,0,0,0
4775,GENERAL,5,0,0,0,0,0,0,0,0,0
4776,GENERAL,5,0,0,0,0,0,0,0,0,0
4777,GENERAL,5,0,0,0,0,0,0,0,0,0
4778,GENERAL,5,0,0,0,0,0,0,0,0,0
4779,GENERAL,5,0,0,0,0,0,0,0,0,0
4780,GENERAL,5,0,0,0,0,0,0,0,0,0
4781,GENERAL,5,0,0,0,0,0,0,0,0,0
4782,GENERAL,5,0,0,0,0,0,0,0,0,0
4783,GENERAL,5,0,0,0,0,0,0,0,0,0
4784,GENERAL,5,0,0,0,0,0,0,0,0,0
4785,GENERAL,5,0,0,0,0,0,0,0,0,0
4786,GENERAL,5,0,0,0,0,0,0,0,0,0
4787,GENERAL,5,0,0,0,0,0,0,0,0,0
4788,GENERAL,5,0,0,0,0,0,0,0,0,0
4789,GENERAL,5,0,0,0,0,0,0,0,0,0
4790,GENERAL,5,0,0,0,0,0,0,0,0,0
4791,GENERAL,5,0,0,0,0,0,0,0,0,0
4792,GENERAL,5,0,0,0,0,0,0,0,0,0
4793,GENERAL,5,0,0,0,0,0,0,0,0,0
4794,GENERAL,5,0,0,0,0,0,0,0,0,0
4795,GENERAL,5,0,0,0,0,0,0,0,0,0
4796,GENERAL,5,0,0,0,0,0,0,0,0,0
4797,GENERAL,5,0,0,0,0,0,0,0,0,0
4798,GENERAL,5,0,0,0,0,0,0,0,0,0
4799,GENERAL,5,0,0,0,0,0,0,0,0,0
4800,GENERAL,5,0,0,0,0,0,0,0,0,0
4801,GENERAL,5,0,0,0,0,0,0,0,0,0
4802,GENERAL,5,0,0,0,0,0,0,0,0,0
4803,GENERAL,5,0,0,0,0,0,0,0,0,0
4804,GENERAL,5,0,0,0,0,0,0,0,0,0
4805,GENERAL,5,0,0,0,0,0,0,0,0,0
4806,GENERAL,5,0,0,0,0,0,0,0,0,0
4807,GENERAL,5,0,0,0,0,0,0,0,0,0
4808,GENERAL,5,0,0,0,0,0,0,0,0,0
4809,GENERAL,5,0,0,0,0,0,0,0,0,0
4810,GENERAL,5,0,0,0,0,0,0,0,0,0
4811,GENERAL,5,0,0,0,0,0,0,0,0,0
4812,GENERAL,5,0,0,0,0,0,0,0,0,0
4813,GENERAL,5,0,0,0,0,0,0,0,0,0
4814,GENERAL,5,0,0,0,0,0,0,0,0,0
4815,GENERAL,5,0,0,0,0,0,0,0,0,0
4816,GENERAL,5,0,0,0,0,0,0,0,0,0
4817,GENERAL,5,0,0,0,0,0,0,0,0,0
4818,GENERAL,5,0,0,0,0,0,0,0,0,0
4819,GENERAL,5,0,0,0,0,0,0,0,0,0
4820,GENERAL,5,0,0,0,0,0,0,0,0,0
4821,GENERAL,5,0,0,0,0,0,0,0,0,0
4822,GENERAL,5,0,0,0,0,0,0,0,0,0
4823,GENERAL,5,0,0,0,0,0,0,0,0,0
4824,GENERAL,5,0,0,0,0,0,0,0,0,0
4825,GENERAL,5,0,0,0,0,0,0,0,0,0
4826,GENERAL,5,0,0,0,0,0,0,0,0,0
4827,GENERAL,5,0,0,0,0,0,0,0,0,0
4828,GENERAL,5,0,0,0,0,0,0,0,0,0
4829,GENERAL,5,0,0,0,0,0,0,0,0,0
4830,GENERAL,5,0,0,0,0,0,0,0,0,0
4831,GENERAL,5,0,0,0,0,0,0,0,0,0
4832,GENERAL,5,0,0,0,0,0,0,0,0,0
4833,GENERAL,5,0,0,0,0,0,0,0,0,0
4834,GENERAL,5,0,0,0,0,0,0,0,0,0
4835,GENERAL,5,0,0,0,0,0,0,0,0,0
4836,GENERAL,5,0,0,0,0,0,0,0,0,0
4837,GENERAL,5,0,0,0,0,0,0,0,0,0
4838,GENERAL,5,0,0,0,0,0,0,0,0,0
4839,GENERAL,5,0,0,0,0,0,0,0,0,0
4840,GENERAL,5,0,0,0,0,0,0,0,0,0
4841,GENERAL,5,0,0,0,0,0,0,0,0,0
4842,GENERAL,5,0,0,0,0,0,0,0,0,0
4843,GENERAL,5,0,0,0,0,0,0,0,0,0
4844,GENERAL,5,0,0,0,0,0,0,0,0,0
4845,GENERAL,5,0,0,0,0,0,0,0,0,0
4846,GENERAL,5,0,0,0,0,0,0,0,0,0
4847,GENERAL,5,0,0,0,0,0,0,0,0,0
4848,GENERAL,5,0,0,0,0,0,0,0,0,0
4849,GENERAL,5,0,0,0,0,0,0,0,0,0
4850,GENERAL,5,0,0,0,0,0,0,0,0,0
4851,GENERAL,5,0,0,0,0,0,0,0,0,0
4852,GENERAL,5,0,0,0,0,0,0,0,0,0
4853,GENERAL,5,0,0,0,0,0,0,0,0,0
4854,GENERAL,5,0,0,0,0,0,0,0,0,0
4855,GENERAL,5,0,0,0,0,0,0,0,0,0
4856,GENERAL,5,0,0,0,0,0,0,0,0,0
4857,GENERAL,5,0,0,0,0,0,0,0,0,0
4858,GENERAL,5,0,0,0,0,0,0,0,0,0
4859,GENERAL,5,0,0,0,0,0,0,0,0,0
4860,GENERAL,5,0,0,0,0,0,0,0,0,0
4861,GENERAL,5,0,0,0,0,0,0,0,0,0
4862,GENERAL,5,0,0,0,0,0,0,0,0,0
4863,GENERAL,5,0,0,0,0,0,0,0,0,0
4864,GENERAL,5,0,0,0,0,0,0,0,0,0
4865,GENERAL,5,0,0,0,0,0,0,0,0,0
4866,GENERAL,5,0,0,0,0,0,0,0,0,0
4867,GENERAL,5,0,0,0,0,0,0,0,0,0
4868,GENERAL,5,0,0,0,0,0,0,0,0,0
4869,GENERAL,5,0,0,0,0,0,0,0,0,0
4870,GENERAL,5,0,0,0,0,0,0,0,0,0
4871,GENERAL,5,0,0,0,0,0,0,0,0,0
4872,GENERAL,5,0,0,0,0,0,0,0,0,0
4873,GENERAL,5,0,0,0,0,0,0,0,0,0
4874,GENERAL,5,0,0,0,0,0,0,0,0,0
4875,GENERAL,5,0,0,0,0,0,0,0,0,0
4876,GENERAL,5,0,0,0,0,0,0,0,0,0
4877,GENERAL,5,0,0,0,0,0,0,0,0,0
4878,GENERAL,5,0,0,0,0,0,0,0,0,0
4879,GENERAL,5,0,0,0,0,0,0,0,0,0
4880,GENERAL,5,0,0,0,0,0,0,0,0,0
4881,GENERAL,5,0,0,0,0,0,0,0,0,0
4882,GENERAL,5,0,0,0,0,0,0,0,0,0
4883,GENERAL,5,0,0,0,0,0,0,0,0,0
4884,GENERAL,5,0,0,0,0,0,0,0,0,0
4885,GENERAL,5,0,0,0,0,0,0,0,0,0
4886,GENERAL,5,0,0,0,0,0,0,0,0,0
4887,GENERAL,5,0,0,0,0,0,0,0,0,0
4888,GENERAL,5,0,0,0,0,0,0,0,0,0
4889,GENERAL,5,0,0,0,0,0,0,0,0,0
4890,GENERAL,5,0,0,0,0,0,0,0,0,0
4891,GENERAL,5,0,0,0,0,0,0,0,0,0
4892,GENERAL,5,0,0,0,0,0,0,0,0,0
4893,GENERAL,5,0,0,0,0,0,0,0,0,0
4894,GENERAL,5,0,0,0,0,0,0,0,0,0
4895,GENERAL,5,0,0,0,0,0,0,0,0,0
4896,GENERAL,5,0,0,0,0,0,0,0,0,0
4897,GENERAL,5,0,0,0,0,0,0,0,0,0
4898,GENERAL,5,0,0,0,0,0,0,0,0,0
4899,GENERAL,5,0,0,0,0,0,0,0,0,0
4900,GENERAL,5,0,0,0,0,0,0,0,0,0
4901,GENERAL,5,0,0,0,0,0,0,0,0,0
4902,GENERAL,5,0,0,0,0,0,0,0,0,0
4903,GENERAL,5,0,0,0,0,0,0,0,0,0
4904,GENERAL,5,0,0,0,0,0,0,0,0,0
4905,GENERAL,5,0,0,0,0,0,0,0,0,0
4906,GENERAL,5,0,0,0,0,0,0,0,0,0
4907,GENERAL,5,0,0,0,0,0,0,0,0,0
4908,GENERAL,5,0,0,0,0,0,0,0,0,0
4909,GENERAL,5,0,0,0,0,0,0,0,0,0
4910,GENERAL,5,0,0,0,0,0,0,0,0,0
4911,GENERAL,5,0,0,0,0,0,0,0,0,0
4912,GENERAL,5,0,0,0,0,0,0,0,0,0
4913,GENERAL,5,0,0,0,0,0,0,0,0,0
4914,GENERAL,5,0,0,0,0,0,0,0,0,0
4915,GENERAL,5,0,0,0,0,0,0,0,0,0
4916,GENERAL,5,0,0,0,0,0,0,0,0,0
4917,GENERAL,5,0,0,0,0,0,0,0,0,0
4918,GENERAL,5,0,0,0,0,0,0,0,0,0
4919,GENERAL,5,0,0,0,0,0,0,0,0,0
4920,GENERAL,5,0,0,0,0,0,0,0,0,0
4921,GENERAL,5,0,0,0,0,0,0,0,0,0
4922,GENERAL,5,0,0,0,0,0,0,0,0,0
4923,GENERAL,5,0,0,0,0,0,0,0,0,0
4924,GENERAL,5,0,0,0,0,0,0,0,0,0
4925,GENERAL,5,0,0,0,0,0,0,0,0,0
4926,GENERAL,5,0,0,0,0,0,0,0,0,0
4927,GENERAL,5,0,0,0,0,0,0,0,0,0
4928,GENERAL,5,0,0,0,0,0,0,0,0,0
4929,GENERAL,5,0,0,0,0,0,0,0,0,0
4930,GENERAL,5,0,0,0,0,0,0,0,0,0
4931,GENERAL,5,0,0,0,0,0,0,0,0,0
4932,GENERAL,5,0,0,0,0,0,0,0,0,0
4933,GENERAL,5,0,0,0,0,0,0,0,0,0
4934,GENERAL,5,0,0,0,0,0,0,0,0,0
4935,GENERAL,5,0,0,0,0,0,0,0,0,0
4936,GENERAL,5,0,0,0,0,0,0,0,0,0
4937,GENERAL,5,0,0,0,0,0,0,0,0,0
4938,GENERAL,5,0,0,0,0,0,0,0,0,0
4939,GENERAL,5,0,0,0,0,0,0,0,0,0
4940,GENERAL,5,0,0,0,0,0,0,0,0,0
4941,GENERAL,5,0,0,0,0,0,0,0,0,0
4942,GENERAL,5,0,0,0,0,0,0,0,0,0
4943,GENERAL,5,0,0,0,0,0,0,0,0,0
4944,GENERAL,5,0,0,0,0,0,0,0,0,0
4945,GENERAL,5,0,0,0,0,0,0,0,0,0
4946,GENERAL,5,0,0,0,0,0,0,0,0,0
4947,GENERAL,5,0,0,0,0,0,0,0,0,0
4948,GENERAL,5,0,0,0,0,0,0,0,0,0
4949,GENERAL,5,0,0,0,0,0,0,0,0,0
4950,GENERAL,5,0,0,0,0,0,0,0,0,0
4951,GENERAL,5,0,0,0,0,0,0,0,0,0
4952,GENERAL,5,0,0,0,0,0,0,0,0,0
4953,GENERAL,5,0,0,0,0,0,0,0,0,0
4954,GENERAL,5,0,0,0,0,0,0,0,0,0
4955,GENERAL,5,0,0,0,0,0,0,0,0,0
4956,GENERAL,5,0,0,0,0,0,0,0,0,0
4957,GENERAL,5,0,0,0,0,0,0,0,0,0
4958,GENERAL,5,0,0,0,0,0,0,0,0,0
4959,GENERAL,5,0,0,0,0,0,0,0,0,0
4960,GENERAL,5,0,0,0,0,0,0,0,0,0
4961,GENERAL,5,0,0,0,0,0,0,0,0,0
4962,GENERAL,5,0,0,0,0,0,0,0,0,0
4963,GENERAL,5,0,0,0,0,0,0,0,0,0
4964,GENERAL,5,0,0,0,0,0,0,0,0,0
4965,GENERAL,5,0,0,0,0,0,0,0,0,0
4966,GENERAL,5,0,0,0,0,0,0,0,0,0
4967,GENERAL,5,0,0,0,0,0,0,0,0,0
4968,GENERAL,5,0,0,0,0,0,0,0,0,0
4969,GENERAL,5,0,0,0,0,0,0,0,0,0
4970,GENERAL,5,0,0,0,0,0,0,0,0,0
4971,GENERAL,5,0,0,0,0,0,0,0,0,0
4972,GENERAL,5,0,0,0,0,0,0,0,0,0
4973,GENERAL,5,0,0,0,0,0,0,0,0,0
4974,GENERAL,5,0,0,0,0,0,0,0,0,0
4975,GENERAL,5,0,0,0,0,0,0,0,0,0
4976,GENERAL,5,0,0,0,0,0,0,0,0,0
4977,GENERAL,5,0,0,0,0,0,0,0,0,0
4978,GENERAL,5,0,0,0,0,0,0,0,0,0
4979,GENERAL,5,0,0,0,0,0,0,0,0,0
4980,GENERAL,5,0,0,0,0,0,0,0,0,0
4981,GENERAL,5,0,0,0,0,0,0,0,0,0
4982,GENERAL,5,0,0,0,0,0,0,0,0,0
4983,GENERAL,5,0,0,0,0,0,0,0,0,0
4984,GENERAL,5,0,0,0,0,0,0,0,0,0
4985,GENERAL,5,0,0,0,0,0,0,0,0,0
4986,GENERAL,5,0,0,0,0,0,0,0,0,0
4987,GENERAL,5,0,0,0,0,0,0,0,0,0
4988,GENERAL,5,0,0,0,0,0,0,0,0,0
4989,GENERAL,5,0,0,0,0,0,0,0,0,0
4990,GENERAL,5,0,0,0,0,0,0,0,0,0
4991,GENERAL,5,0,0,0,0,0,0,0,0,0
4992,GENERAL,5,0,0,0,0,0,0,0,0,0
4993,GENERAL,5,0,0,0,0,0,0,0,0,0
4994,GENERAL,5,0,0,0,0,0,0,0,0,0
4995,GENERAL,5,0,0,0,0,0,0,0,0,0
4996,GENERAL,5,0,0,0,0,0,0,0,0,0
4997,GENERAL,5,0,0,0,0,0,0,0,0,0
4998,GENERAL,5,0,0,0,0,0,0,0,0,0
4999,GENERAL,5,0,0,0,0,0,0,0,0,0
5000,GENERAL,5,0,0,0,0,0,0,0,0,0
5001,GENERAL,5,0,0,0,0,0,0,0,0,0
5002,GENERAL,5,0,0,0,0,0,0,0,0,0
5003,GENERAL,5,0,0,0,0,0,0,0,0,0
5004,GENERAL,5,0,0,0,0,0,0,0,0,0
5005,GENERAL,5,0,0,0,0,0,0,0,0,0
5006,GENERAL,5,0,0,0,0,0,0,0,0,0
5007,GENERAL,5,0,0,0,0,0,0,0,0,0
5008,GENERAL,5,0,0,0,0,0,0,0,0,0
5009,GENERAL,5,0,0,0,0,0,0,0,0,0
5010,GENERAL,5,0,0,0,0,0,0,0,0,0
5011,GENERAL,5,0,0,0,0,0,0,0,0,0
5012,GENERAL,5,0,0,0,0,0,0,0,0,0
5013,GENERAL,5,0,0,0,0,0,0,0,0,0
5014,GENERAL,5,0,0,0,0,0,0,0,0,0
5015,GENERAL,5,0,0,0,0,0,0,0,0,0
5016,GENERAL,5,0,0,0,0,0,0,0,0,0
5017,GENERAL,5,0,0,0,0,0,0,0,0,0
5018,GENERAL,5,0,0,0,0,0,0,0,0,0
5019,GENERAL,5,0,0,0,0,0,0,0,0,0
5020,GENERAL,5,0,0,0,0,0,0,0,0,0
5021,GENERAL,5,0,0,0,0,0,0,0,0,0
5022,GENERAL,5,0,0,0,0,0,0,0,0,0
5023,GENERAL,5,0,0,0,0,0,0,0,0,0
5024,GENERAL,5,0,0,0,0,0,0,0,0,0
5025,GENERAL,5,0,0,0,0,0,0,0,0,0
5026,GENERAL,5,0,0,0,0,0,0,0,0,0
5027,GENERAL,5,0,0,0,0,0,0,0,0,0
5028,GENERAL,5,0,0,0,0,0,0,0,0,0
5029,GENERAL,5,0,0,0,0,0,0,0,0,0
5030,GENERAL,5,0,0,0,0,0,0,0,0,0
5031,GENERAL,5,0,0,0,0,0,0,0,0,0
5032,GENERAL,5,0,0,0,0,0,0,0,0,0
5033,GENERAL,5,0,0,0,0,0,0,0,0,0
5034,GENERAL,5,0,0,0,0,0,0,0,0,0
5035,GENERAL,5,0,0,0,0,0,0,0,0,0
5036,GENERAL,5,0,0,0,0,0,0,0,0,0
5037,GENERAL,5,0,0,0,0,0,0,0,0,0
5038,GENERAL,5,0,0,0,0,0,0,0,0,0
5039,GENERAL,5,0,0,0,0,0,0,0,0,0
5040,GENERAL,5,0,0,0,0,0,0,0,0,0
5041,GENERAL,5,0,0,0,0,0,0,0,0,0
5042,GENERAL,5,0,0,0,0,0,0,0,0,0
5043,GENERAL,5,0,0,0,0,0,0,0,0,0
5044,GENERAL,5,0,0,0,0,0,0,0,0,0
5045,GENERAL,5,0,0,0,0,0,0,0,0,0
5046,GENERAL,5,0,0,0,0,0,0,0,0,0
5047,GENERAL,5,0,0,0,0,0,0,0,0,0
5048,GENERAL,5,0,0,0,0,0,0,0,0,0
5049,GENERAL,5,0,0,0,0,0,0,0,0,0
5050,GENERAL,5,0,0,0,0,0,0,0,0,0
5051,GENERAL,5,0,0,0,0,0,0,0,0,0
5052,GENERAL,5,0,0,0,0,0,0,0,0,0
5053,GENERAL,5,0,0,0,0,0,0,0,0,0
5054,GENERAL,5,0,0,0,0,0,0,0,0,0
5055,GENERAL,5,0,0,0,0,0,0,0,0,0
5056,GENERAL,5,0,0,0,0,0,0,0,0,0
5057,GENERAL,5,0,0,0,0,0,0,0,0,0
5058,GENERAL,5,0,0,0,0,0,0,0,0,0
5059,GENERAL,5,0,0,0,0,0,0,0,0,0
5060,GENERAL,5,0,0,0,0,0,0,0,0,0
5061,GENERAL,5,0,0,0,0,0,0,0,0,0
5062,GENERAL,5,0,0,0,0,0,0,0,0,0
5063,GENERAL,5,0,0,0,0,0,0,0,0,0
5064,GENERAL,5,0,0,0,0,0,0,0,0,0
5065,GENERAL,5,0,0,0,0,0,0,0,0,0
5066,GENERAL,5,0,0,0,0,0,0,0,0,0
5067,GENERAL,5,0,0,0,0,0,0,0,0,0
5068,GENERAL,5,0,0,0,0,0,0,0,0,0
5069,GENERAL,5,0,0,0,0,0,0,0,0,0
5070,GENERAL,5,0,0,0,0,0,0,0,0,0
5071,GENERAL,5,0,0,0,0,0,0,0,0,0
5072,GENERAL,5,0,0,0,0,0,0,0,0,0
5073,GENERAL,5,0,0,0,0,0,0,0,0,0
5074,GENERAL,5,0,0,0,0,0,0,0,0,0
5075,GENERAL,5,0,0,0,0,0,0,0,0,0
5076,GENERAL,5,0,0,0,0,0,0,0,0,0
5077,GENERAL,5,0,0,0,0,0,0,0,0,0
5078,GENERAL,5,0,0,0,0,0,0,0,0,0
5079,GENERAL,5,0,0,0,0,0,0,0,0,0
5080,GENERAL,5,0,0,0,0,0,0,0,0,0
5081,GENERAL,5,0,0,0,0,0,0,0,0,0
5082,GENERAL,5,0,0,0,0,0,0,0,0,0
5083,GENERAL,5,0,0,0,0,0,0,0,0,0
5084,GENERAL,5,0,0,0,0,0,0,0,0,0
5085,GENERAL,5,0,0,0,0,0,0,0,0,0
5086,GENERAL,5,0,0,0,0,0,0,0,0,0
5087,GENERAL,5,0,0,0,0,0,0,0,0,0
5088,GENERAL,5,0,0,0,0,0,0,0,0,0
5089,GENERAL,5,0,0,0,0,0,0,0,0,0
5090,GENERAL,5,0,0,0,0,0,0,0,0,0
5091,GENERAL,5,0,0,0,0,0,0,0,0,0
5092,GENERAL,5,0,0,0,0,0,0,0,0,0
5093,GENERAL,5,0,0,0,0,0,0,0,0,0
5094,GENERAL,5,0,0,0,0,0,0,0,0,0
5095,GENERAL,5,0,0,0,0,0,0,0,0,0
5096,GENERAL,5,0,0,0,0,0,0,0,0,0
5097,GENERAL,5,0,0,0,0,0,0,0,0,0
5098,GENERAL,5,0,0,0,0,0,0,0,0,0
5099,GENERAL,5,0,0,0,0,0,0,0,0,0
5100,GENERAL,5,0,0,0,0,0,0,0,0,0
5101,GENERAL,5,0,0,0,0,0,0,0,0,0
5102,GENERAL,5,0,0,0,0,0,0,0,0,0
5103,GENERAL,5,0,0,0,0,0,0,0,0,0
5104,GENERAL,5,0,0,0,0,0,0,0,0,0
5105,GENERAL,5,0,0,0,0,0,0,0,0,0
5106,GENERAL,5,0,0,0,0,0,0,0,0,0
5107,GENERAL,5,0,0,0,0,0,0,0,0,0
5108,GENERAL,5,0,0,0,0,0,0,0,0,0
5109,GENERAL,5,0,0,0,0,0,0,0,0,0
5110,GENERAL,5,0,0,0,0,0,0,0,0,0
5111,GENERAL,5,0,0,0,0,0,0,0,0,0
5112,GENERAL,5,0,0,0,0,0,0,0,0,0
5113,GENERAL,5,0,0,0,0,0,0,0,0,0
5114,GENERAL,5,0,0,0,0,0,0,0,0,0
5115,GENERAL,5,0,0,0,0,0,0,0,0,0
5116,GENERAL,5,0,0,0,0,0,0,0,0,0
5117,GENERAL,5,0,0,0,0,0,0,0,0,0
5118,GENERAL,5,0,0,0,0,0,0,0,0,0
5119,GENERAL,5,0,0,0,0,0,0,0,0,0
5120,GENERAL,5,0,0,0,0,0,0,0,0,0
5121,GENERAL,5,0,0,0,0,0,0,0,0,0
5122,GENERAL,5,0,0,0,0,0,0,0,0,0
5123,GENERAL,5,0,0,0,0,0,0,0,0,0
5124,GENERAL,5,0,0,0,0,0,0,0,0,0
5125,GENERAL,5,0,0,0,0,0,0,0,0,0
5126,GENERAL,5,0,0,0,0,0,0,0,0,0
5127,GENERAL,5,0,0,0,0,0,0,0,0,0
5128,GENERAL,5,0,0,0,0,0,0,0,0,0
5129,GENERAL,5,0,0,0,0,0,0,0,0,0
5130,GENERAL,5,0,0,0,0,0,0,0,0,0
5131,GENERAL,5,0,0,0,0,0,0,0,0,0
5132,GENERAL,5,0,0,0,0,0,0,0,0,0
5133,GENERAL,5,0,0,0,0,0,0,0,0,0
5134,GENERAL,5,0,0,0,0,0,0,0,0,0
5135,GENERAL,5,0,0,0,0,0,0,0,0,0
5136,GENERAL,5,0,0,0,0,0,0,0,0,0
5137,GENERAL,5,0,0,0,0,0,0,0,0,0
5138,GENERAL,5,0,0,0,0,0,0,0,0,0
5139,GENERAL,5,0,0,0,0,0,0,0,0,0
5140,GENERAL,5,0,0,0,0,0,0,0,0,0
5141,GENERAL,5,0,0,0,0,0,0,0,0,0
5142,GENERAL,5,0,0,0,0,0,0,0,0,0
5143,GENERAL,5,0,0,0,0,0,0,0,0,0
5144,GENERAL,5,0,0,0,0,0,0,0,0,0
5145,GENERAL,5,0,0,0,0,0,0,0,0,0
5146,GENERAL,5,0,0,0,0,0,0,0,0,0
5147,GENERAL,5,0,0,0,0,0,0,0,0,0
5148,GENERAL,5,0,0,0,0,0,0,0,0,0
5149,GENERAL,5,0,0,0,0,0,0,0,0,0
5150,GENERAL,5,0,0,0,0,0,0,0,0,0
5151,GENERAL,5,0,0,0,0,0,0,0,0,0
5152,GENERAL,5,0,0,0,0,0,0,0,0,0
5153,GENERAL,5,0,0,0,0,0,0,0,0,0
5154,GENERAL,5,0,0,0,0,0,0,0,0,0
5155,GENERAL,5,0,0,0,0,0,0,0,0,0
5156,GENERAL,5,0,0,0,0,0,0,0,0,0
5157,GENERAL,5,0,0,0,0,0,0,0,0,0
5158,GENERAL,5,0,0,0,0,0,0,0,0,0
5159,GENERAL,5,0,0,0,0,0,0,0,0,0
5160,GENERAL,5,0,0,0,0,0,0,0,0,0
5161,GENERAL,5,0,0,0,0,0,0,0,0,0
5162,GENERAL,5,0,0,0,0,0,0,0,0,0
5163,GENERAL,5,0,0,0,0,0,0,0,0,0
5164,GENERAL,5,0,0,0,0,0,0,0,0,0
5165,GENERAL,5,0,0,0,0,0,0,0,0,0
5166,GENERAL,5,0,0,0,0,0,0,0,0,0
5167,GENERAL,5,0,0,0,0,0,0,0,0,0
5168,GENERAL,5,0,0,0,0,0,0,0,0,0
5169,GENERAL,5,0,0,0,0,0,0,0,0,0
5170,GENERAL,5,0,0,0,0,0,0,0,0,0
5171,GENERAL,5,0,0,0,0,0,0,0,0,0
5172,GENERAL,5,0,0,0,0,0,0,0,0,0
5173,GENERAL,5,0,0,0,0,0,0,0,0,0
5174,GENERAL,5,0,0,0,0,0,0,0,0,0
5175,GENERAL,5,0,0,0,0,0,0,0,0,0
5176,GENERAL,5,0,0,0,0,0,0,0,0,0
5177,GENERAL,5,0,0,0,0,0,0,0,0,0
5178,GENERAL,5,0,0,0,0,0,0,0,0,0
5179,GENERAL,5,0,0,0,0,0,0,0,0,0
5180,GENERAL,5,0,0,0,0,0,0,0,0,0
5181,GENERAL,5,0,0,0,0,0,0,0,0,0
5182,GENERAL,5,0,0,0,0,0,0,0,0,0
5183,GENERAL,5,0,0,0,0,0,0,0,0,0
5184,GENERAL,5,0,0,0,0,0,0,0,0,0
5185,GENERAL,5,0,0,0,0,0,0,0,0,0
5186,GENERAL,5,0,0,0,0,0,0,0,0,0
5187,GENERAL,5,0,0,0,0,0,0,0,0,0
5188,GENERAL,5,0,0,0,0,0,0,0,0,0
5189,GENERAL,5,0,0,0,0,0,0,0,0,0
5190,GENERAL,5,0,0,0,0,0,0,0,0,0
5191,GENERAL,5,0,0,0,0,0,0,0,0,0
5192,GENERAL,5,0,0,0,0,0,0,0,0,0
5193,GENERAL,5,0,0,0,0,0,0,0,0,0
5194,GENERAL,5,0,0,0,0,0,0,0,0,0
5195,GENERAL,5,0,0,0,0,0,0,0,0,0
5196,GENERAL,5,0,0,0,0,0,0,0,0,0
5197,GENERAL,5,0,0,0,0,0,0,0,0,0
5198,GENERAL,5,0,0,0,0,0,0,0,0,0
5199,GENERAL,5,0,0,0,0,0,0,0,0,0
5200,GENERAL,5,0,0,0,0,0,0,0,0,0
5201,GENERAL,5,0,0,0,0,0,0,0,0,0
5202,GENERAL,5,0,0,0,0,0,0,0,0,0
5203,GENERAL,5,0,0,0,0,0,0,0,0,0
5204,GENERAL,5,0,0,0,0,0,0,0,0,0
5205,GENERAL,5,0,0,0,0,0,0,0,0,0
5206,GENERAL,5,0,0,0,0,0,0,0,0,0
5207,GENERAL,5,0,0,0,0,0,0,0,0,0
5208,GENERAL,5,0,0,0,0,0,0,0,0,0
5209,GENERAL,5,0,0,0,0,0,0,0,0,0
5210,GENERAL,5,0,0,0,0,0,0,0,0,0
5211,GENERAL,5,0,0,0,0,0,0,0,0,0
5212,GENERAL,5,0,0,0,0,0,0,0,0,0
5213,GENERAL,5,0,0,0,0,0,0,0,0,0
5214,GENERAL,5,0,0,0,0,0,0,0,0,0
5215,GENERAL,5,0,0,0,0,0,0,0,0,0
5216,GENERAL,5,0,0,0,0,0,0,0,0,0
5217,GENERAL,5,0,0,0,0,0,0,0,0,0
5218,GENERAL,5,0,0,0,0,0,0,0,0,0
5219,GENERAL,5,0,0,0,0,0,0,0,0,0
5220,GENERAL,5,0,0,0,0,0,0,0,0,0
5221,GENERAL,5,0,0,0,0,0,0,0,0,0
5222,GENERAL,5,0,0,0,0,0,0,0,0,0
5223,GENERAL,5,0,0,0,0,0,0,0,0,0
5224,GENERAL,5,0,0,0,0,0,0,0,0,0
5225,GENERAL,5,0,0,0,0,0,0,0,0,0
5226,GENERAL,5,0,0,0,0,0,0,0,0,0
5227,GENERAL,5,0,0,0,0,0,0,0,0,0
5228,GENERAL,5,0,0,0,0,0,0,0,0,0
5229,GENERAL,5,0,0,0,0,0,0,0,0,0
5230,GENERAL,5,0,0,0,0,0,0,0,0,0
5231,GENERAL,5,0,0,0,0,0,0,0,0,0
5232,GENERAL,5,0,0,0,0,0,0,0,0,0
5233,GENERAL,5,0,0,0,0,0,0,0,0,0
5234,GENERAL,5,0,0,0,0,0,0,0,0,0
5235,GENERAL,5,0,0,0,0,0,0,0,0,0
5236,GENERAL,5,0,0,0,0,0,0,0,0,0
5237,GENERAL,5,0,0,0,0,0,0,0,0,0
5238,GENERAL,5,0,0,0,0,0,0,0,0,0
5239,GENERAL,5,0,0,0,0,0,0,0,0,0
5240,GENERAL,5,0,0,0,0,0,0,0,0,0
5241,GENERAL,5,0,0,0,0,0,0,0,0,0
5242,GENERAL,5,0,0,0,0,0,0,0,0,0
5243,GENERAL,5,0,0,0,0,0,0,0,0,0
5244,GENERAL,5,0,0,0,0,0,0,0,0,0
5245,GENERAL,5,0,0,0,0,0,0,0,0,0
5246,GENERAL,5,0,0,0,0,0,0,0,0,0
5247,GENERAL,5,0,0,0,0,0,0,0,0,0
5248,GENERAL,5,0,0,0,0,0,0,0,0,0
5249,GENERAL,5,0,0,0,0,0,0,0,0,0
5250,GENERAL,5,0,0,0,0,0,0,0,0,0
5251,GENERAL,5,0,0,0,0,0,0,0,0,0
5252,GENERAL,5,0,0,0,0,0,0,0,0,0
5253,GENERAL,5,0,0,0,0,0,0,0,0,0
5254,GENERAL,5,0,0,0,0,0,0,0,0,0
5255,GENERAL,5,0,0,0,0,0,0,0,0,0
5256,GENERAL,5,0,0,0,0,0,0,0,0,0
5257,GENERAL,5,0,0,0,0,0,0,0,0,0
5258,GENERAL,5,0,0,0,0,0,0,0,0,0
5259,GENERAL,5,0,0,0,0,0,0,0,0,0
5260,GENERAL,5,0,0,0,0,0,0,0,0,0
5261,GENERAL,5,0,0,0,0,0,0,0,0,0
5262,GENERAL,5,0,0,0,0,0,0,0,0,0
5263,GENERAL,5,0,0,0,0,0,0,0,0,0
5264,GENERAL,5,0,0,0,0,0,0,0,0,0
5265,GENERAL,5,0,0,0,0,0,0,0,0,0
5266,GENERAL,5,0,0,0,0,0,0,0,0,0
5267,GENERAL,5,0,0,0,0,0,0,0,0,0
5268,GENERAL,5,0,0,0,0,0,0,0,0,0
5269,GENERAL,5,0,0,0,0,0,0,0,0,0
5270,GENERAL,5,0,0,0,0,0,0,0,0,0
5271,GENERAL,5,0,0,0,0,0,0,0,0,0
5272,GENERAL,5,0,0,0,0,0,0,0,0,0
5273,GENERAL,5,0,0,0,0,0,0,0,0,0
5274,GENERAL,5,0,0,0,0,0,0,0,0,0
5275,GENERAL,5,0,0,0,0,0,0,0,0,0
5276,GENERAL,5,0,0,0,0,0,0,0,0,0
5277,GENERAL,5,0,0,0,0,0,0,0,0,0
5278,GENERAL,5,0,0,0,0,0,0,0,0,0
5279,GENERAL,5,0,0,0,0,0,0,0,0,0
5280,GENERAL,5,0,0,0,0,0,0,0,0,0
5281,GENERAL,5,0,0,0,0,0,0,0,0,0
5282,GENERAL,5,0,0,0,0,0,0,0,0,0
5283,GENERAL,5,0,0,0,0,0,0,0,0,0
5284,GENERAL,5,0,0,0,0,0,0,0,0,0
5285,GENERAL,5,0,0,0,0,0,0,0,0,0
5286,GENERAL,5,0,0,0,0,0,0,0,0,0
5287,GENERAL,5,0,0,0,0,0,0,0,0,0
5288,GENERAL,5,0,0,0,0,0,0,0,0,0
5289,GENERAL,5,0,0,0,0,0,0,0,0,0
5290,GENERAL,5,0,0,0,0,0,0,0,0,0
5291,GENERAL,5,0,0,0,0,0,0,0,0,0
5292,GENERAL,5,0,0,0,0,0,0,0,0,0
5293,GENERAL,5,0,0,0,0,0,0,0,0,0
5294,GENERAL,5,0,0,0,0,0,0,0,0,0
5295,GENERAL,5,0,0,0,0,0,0,0,0,0
5296,GENERAL,5,0,0,0,0,0,0,0,0,0
5297,GENERAL,5,0,0,0,0,0,0,0,0,0
5298,GENERAL,5,0,0,0,0,0,0,0,0,0
5299,GENERAL,5,0,0,0,0,0,0,0,0,0
5300,GENERAL,5,0,0,0,0,0,0,0,0,0
5301,GENERAL,5,0,0,0,0,0,0,0,0,0
5302,GENERAL,5,0,0,0,0,0,0,0,0,0
5303,GENERAL,5,0,0,0,0,0,0,0,0,0
5304,GENERAL,5,0,0,0,0,0,0,0,0,0
5305,GENERAL,5,0,0,0,0,0,0,0,0,0
5306,GENERAL,5,0,0,0,0,0,0,0,0,0
5307,GENERAL,5,0,0,0,0,0,0,0,0,0
5308,GENERAL,5,0,0,0,0,0,0,0,0,0
5309,GENERAL,5,0,0,0,0,0,0,0,0,0
5310,GENERAL,5,0,0,0,0,0,0,0,0,0
5311,GENERAL,5,0,0,0,0,0,0,0,0,0
5312,GENERAL,5,0,0,0,0,0,0,0,0,0
5313,GENERAL,5,0,0,0,0,0,0,0,0,0
5314,GENERAL,5,0,0,0,0,0,0,0,0,0
5315,GENERAL,5,0,0,0,0,0,0,0,0,0
5316,GENERAL,5,0,0,0,0,0,0,0,0,0
5317,GENERAL,5,0,0,0,0,0,0,0,0,0
5318,GENERAL,5,0,0,0,0,0,0,0,0,0
5319,GENERAL,5,0,0,0,0,0,0,0,0,0
5320,GENERAL,5,0,0,0,0,0,0,0,0,0
5321,GENERAL,5,0,0,0,0,0,0,0,0,0
5322,GENERAL,5,0,0,0,0,0,0,0,0,0
5323,GENERAL,5,0,0,0,0,0,0,0,0,0
5324,GENERAL,5,0,0,0,0,0,0,0,0,0
5325,GENERAL,5,0,0,0,0,0,0,0,0,0
5326,GENERAL,5,0,0,0,0,0,0,0,0,0
5327,GENERAL,5,0,0,0,0,0,0,0,0,0
5328,GENERAL,5,0,0,0,0,0,0,0,0,0
5329,GENERAL,5,0,0,0,0,0,0,0,0,0
5330,GENERAL,5,0,0,0,0,0,0,0,0,0
5331,GENERAL,5,0,0,0,0,0,0,0,0,0
5332,GENERAL,5,0,0,0,0,0,0,0,0,0
5333,GENERAL,5,0,0,0,0,0,0,0,0,0
5334,GENERAL,5,0,0,0,0,0,0,0,0,0
5335,GENERAL,5,0,0,0,0,0,0,0,0,0
5336,GENERAL,5,0,0,0,0,0,0,0,0,0
5337,GENERAL,5,0,0,0,0,0,0,0,0,0
5338,GENERAL,5,0,0,0,0,0,0,0,0,0
5339,GENERAL,5,0,0,0,0,0,0,0,0,0
5340,GENERAL,5,0,0,0,0,0,0,0,0,0
5341,GENERAL,5,0,0,0,0,0,0,0,0,0
5342,GENERAL,5,0,0,0,0,0,0,0,0,0
5343,GENERAL,5,0,0,0,0,0,0,0,0,0
5344,GENERAL,5,0,0,0,0,0,0,0,0,0
5345,GENERAL,5,0,0,0,0,0,0,0,0,0
5346,GENERAL,5,0,0,0,0,0,0,0,0,0
5347,GENERAL,5,0,0,0,0,0,0,0,0,0
5348,GENERAL,5,0,0,0,0,0,0,0,0,0
5349,GENERAL,5,0,0,0,0,0,0,0,0,0
5350,GENERAL,5,0,0,0,0,0,0,0,0,0
5351,GENERAL,5,0,0,0,0,0,0,0,0,0
5352,GENERAL,5,0,0,0,0,0,0,0,0,0
5353,GENERAL,5,0,0,0,0,0,0,0,0,0
5354,GENERAL,5,0,0,0,0,0,0,0,0,0
5355,GENERAL,5,0,0,0,0,0,0,0,0,0
5356,GENERAL,5,0,0,0,0,0,0,0,0,0
5357,GENERAL,5,0,0,0,0,0,0,0,0,0
5358,GENERAL,5,0,0,0,0,0,0,0,0,0
5359,GENERAL,5,0,0,0,0,0,0,0,0,0
5360,GENERAL,5,0,0,0,0,0,0,0,0,0
5361,GENERAL,5,0,0,0,0,0,0,0,0,0
5362,GENERAL,5,0,0,0,0,0,0,0,0,0
5363,GENERAL,5,0,0,0,0,0,0,0,0,0
5364,GENERAL,5,0,0,0,0,0,0,0,0,0
5365,GENERAL,5,0,0,0,0,0,0,0,0,0
5366,GENERAL,5,0,0,0,0,0,0,0,0,0
5367,GENERAL,5,0,0,0,0,0,0,0,0,0
5368,GENERAL,5,0,0,0,0,0,0,0,0,0
5369,GENERAL,5,0,0,0,0,0,0,0,0,0
5370,GENERAL,5,0,0,0,0,0,0,0,0,0
5371,GENERAL,5,0,0,0,0,0,0,0,0,0
5372,GENERAL,5,0,0,0,0,0,0,0,0,0
5373,GENERAL,5,0,0,0,0,0,0,0,0,0
5374,GENERAL,5,0,0,0,0,0,0,0,0,0
5375,GENERAL,5,0,0,0,0,0,0,0,0,0
5376,GENERAL,5,0,0,0,0,0,0,0,0,0
5377,GENERAL,5,0,0,0,0,0,0,0,0,0
5378,GENERAL,5,0,0,0,0,0,0,0,0,0
5379,GENERAL,5,0,0,0,0,0,0,0,0,0
5380,GENERAL,5,0,0,0,0,0,0,0,0,0
5381,GENERAL,5,0,0,0,0,0,0,0,0,0
5382,GENERAL,5,0,0,0,0,0,0,0,0,0
5383,GENERAL,5,0,0,0,0,0,0,0,0,0
5384,GENERAL,5,0,0,0,0,0,0,0,0,0
5385,GENERAL,5,0,0,0,0,0,0,0,0,0
5386,GENERAL,5,0,0,0,0,0,0,0,0,0
5387,GENERAL,5,0,0,0,0,0,0,0,0,0
5388,GENERAL,5,0,0,0,0,0,0,0,0,0
5389,GENERAL,5,0,0,0,0,0,0,0,0,0
5390,GENERAL,5,0,0,0,0,0,0,0,0,0
5391,GENERAL,5,0,0,0,0,0,0,0,0,0
5392,GENERAL,5,0,0,0,0,0,0,0,0,0
5393,GENERAL,5,0,0,0,0,0,0,0,0,0
5394,GENERAL,5,0,0,0,0,0,0,0,0,0
5395,GENERAL,5,0,0,0,0,0,0,0,0,0
5396,GENERAL,5,0,0,0,0,0,0,0,0,0
5397,GENERAL,5,0,0,0,0,0,0,0,0,0
5398,GENERAL,5,0,0,0,0,0,0,0,0,0
5399,GENERAL,5,0,0,0,0,0,0,0,0,0
5400,GENERAL,5,0,0,0,0,0,0,0,0,0
5401,GENERAL,5,0,0,0,0,0,0,0,0,0
5402,GENERAL,5,0,0,0,0,0,0,0,0,0
5403,GENERAL,5,0,0,0,0,0,0,0,0,0
5404,GENERAL,5,0,0,0,0,0,0,0,0,0
5405,GENERAL,5,0,0,0,0,0,0,0,0,0
5406,GENERAL,5,0,0,0,0,0,0,0,0,0
5407,GENERAL,5,0,0,0,0,0,0,0,0,0
5408,GENERAL,5,0,0,0,0,0,0,0,0,0
5409,GENERAL,5,0,0,0,0,0,0,0,0,0
5410,GENERAL,5,0,0,0,0,0,0,0,0,0
5411,GENERAL,5,0,0,0,0,0,0,0,0,0
5412,GENERAL,5,0,0,0,0,0,0,0,0,0
5413,GENERAL,5,0,0,0,0,0,0,0,0,0
5414,GENERAL,5,0,0,0,0,0,0,0,0,0
5415,GENERAL,5,0,0,0,0,0,0,0,0,0
5416,GENERAL,5,0,0,0,0,0,0,0,0,0
5417,GENERAL,5,0,0,0,0,0,0,0,0,0
5418,GENERAL,5,0,0,0,0,0,0,0,0,0
5419,GENERAL,5,0,0,0,0,0,0,0,0,0
5420,GENERAL,5,0,0,0,0,0,0,0,0,0
5421,GENERAL,5,0,0,0,0,0,0,0,0,0
5422,GENERAL,5,0,0,0,0,0,0,0,0,0
5423,GENERAL,5,0,0,0,0,0,0,0,0,0
5424,GENERAL,5,0,0,0,0,0,0,0,0,0
5425,GENERAL,5,0,0,0,0,0,0,0,0,0
5426,GENERAL,5,0,0,0,0,0,0,0,0,0
5427,GENERAL,5,0,0,0,0,0,0,0,0,0
5428,GENERAL,5,0,0,0,0,0,0,0,0,0
5429,GENERAL,5,0,0,0,0,0,0,0,0,0
5430,GENERAL,5,0,0,0,0,0,0,0,0,0
5431,GENERAL,5,0,0,0,0,0,0,0,0,0
5432,GENERAL,5,0,0,0,0,0,0,0,0,0
5433,GENERAL,5,0,0,0,0,0,0,0,0,0
5434,GENERAL,5,0,0,0,0,0,0,0,0,0
5435,GENERAL,5,0,0,0,0,0,0,0,0,0
5436,GENERAL,5,0,0,0,0,0,0,0,0,0
5437,GENERAL,5,0,0,0,0,0,0,0,0,0
5438,GENERAL,5,0,0,0,0,0,0,0,0,0
5439,GENERAL,5,0,0,0,0,0,0,0,0,0
5440,GENERAL,5,0,0,0,0,0,0,0,0,0
5441,GENERAL,5,0,0,0,0,0,0,0,0,0
5442,GENERAL,5,0,0,0,0,0,0,0,0,0
5443,GENERAL,5,0,0,0,0,0,0,0,0,0
5444,GENERAL,5,0,0,0,0,0,0,0,0,0
5445,GENERAL,5,0,0,0,0,0,0,0,0,0
5446,GENERAL,5,0,0,0,0,0,0,0,0,0
5447,GENERAL,5,0,0,0,0,0,0,0,0,0
5448,GENERAL,5,0,0,0,0,0,0,0,0,0
5449,GENERAL,5,0,0,0,0,0,0,0,0,0
5450,GENERAL,5,0,0,0,0,0,0,0,0,0
5451,GENERAL,5,0,0,0,0,0,0,0,0,0
5452,GENERAL,5,0,0,0,0,0,0,0,0,0
5453,GENERAL,5,0,0,0,0,0,0,0,0,0
5454,GENERAL,5,0,0,0,0,0,0,0,0,0
5455,GENERAL,5,0,0,0,0,0,0,0,0,0
5456,GENERAL,5,0,0,0,0,0,0,0,0,0
5457,GENERAL,5,0,0,0,0,0,0,0,0,0
5458,GENERAL,5,0,0,0,0,0,0,0,0,0
5459,GENERAL,5,0,0,0,0,0,0,0,0,0
5460,GENERAL,5,0,0,0,0,0,0,0,0,0
5461,GENERAL,5,0,0,0,0,0,0,0,0,0
5462,GENERAL,5,0,0,0,0,0,0,0,0,0
5463,GENERAL,5,0,0,0,0,0,0,0,0,0
5464,GENERAL,5,0,0,0,0,0,0,0,0,0
5465,GENERAL,5,0,0,0,0,0,0,0,0,0
5466,GENERAL,5,0,0,0,0,0,0,0,0,0
5467,GENERAL,5,0,0,0,0,0,0,0,0,0
5468,GENERAL,5,0,0,0,0,0,0,0,0,0
5469,GENERAL,5,0,0,0,0,0,0,0,0,0
5470,GENERAL,5,0,0,0,0,0,0,0,0,0
5471,GENERAL,5,0,0,0,0,0,0,0,0,0
5472,GENERAL,5,0,0,0,0,0,0,0,0,0
5473,GENERAL,5,0,0,0,0,0,0,0,0,0
5474,GENERAL,5,0,0,0,0,0,0,0,0,0
5475,GENERAL,5,0,0,0,0,0,0,0,0,0
5476,GENERAL,5,0,0,0,0,0,0,0,0,0
5477,GENERAL,5,0,0,0,0,0,0,0,0,0
5478,GENERAL,5,0,0,0,0,0,0,0,0,0
5479,GENERAL,5,0,0,0,0,0,0,0,0,0
5480,GENERAL,5,0,0,0,0,0,0,0,0,0
5481,GENERAL,5,0,0,0,0,0,0,0,0,0
5482,GENERAL,5,0,0,0,0,0,0,0,0,0
5483,GENERAL,5,0,0,0,0,0,0,0,0,0
5484,GENERAL,5,0,0,0,0,0,0,0,0,0
5485,GENERAL,5,0,0,0,0,0,0,0,0,0
5486,GENERAL,5,0,0,0,0,0,0,0,0,0
5487,GENERAL,5,0,0,0,0,0,0,0,0,0
5488,GENERAL,5,0,0,0,0,0,0,0,0,0
5489,GENERAL,5,0,0,0,0,0,0,0,0,0
5490,GENERAL,5,0,0,0,0,0,0,0,0,0
5491,GENERAL,5,0,0,0,0,0,0,0,0,0
5492,GENERAL,5,0,0,0,0,0,0,0,0,0
5493,GENERAL,5,0,0,0,0,0,0,0,0,0
5494,GENERAL,5,0,0,0,0,0,0,0,0,0
5495,GENERAL,5,0,0,0,0,0,0,0,0,0
5496,GENERAL,5,0,0,0,0,0,0,0,0,0
5497,GENERAL,5,0,0,0,0,0,0,0,0,0
5498,GENERAL,5,0,0,0,0,0,0,0,0,0
5499,GENERAL,5,0,0,0,0,0,0,0,0,0
5500,GENERAL,5,0,0,0,0,0,0,0,0,0
5501,GENERAL,5,0,0,0,0,0,0,0,0,0
5502,GENERAL,5,0,0,0,0,0,0,0,0,0
5503,GENERAL,5,0,0,0,0,0,0,0,0,0
5504,GENERAL,5,0,0,0,0,0,0,0,0,0
5505,GENERAL,5,0,0,0,0,0,0,0,0,0
5506,GENERAL,5,0,0,0,0,0,0,0,0,0
5507,GENERAL,5,0,0,0,0,0,0,0,0,0
5508,GENERAL,5,0,0,0,0,0,0,0,0,0
5509,GENERAL,5,0,0,0,0,0,0,0,0,0
5510,GENERAL,5,0,0,0,0,0,0,0,0,0
5511,GENERAL,5,0,0,0,0,0,0,0,0,0
5512,GENERAL,5,0,0,0,0,0,0,0,0,0
5513,GENERAL,5,0,0,0,0,0,0,0,0,0
5514,GENERAL,5,0,0,0,0,0,0,0,0,0
5515,GENERAL,5,0,0,0,0,0,0,0,0,0
5516,GENERAL,5,0,0,0,0,0,0,0,0,0
5517,GENERAL,5,0,0,0,0,0,0,0,0,0
5518,GENERAL,5,0,0,0,0,0,0,0,0,0
5519,GENERAL,5,0,0,0,0,0,0,0,0,0
5520,GENERAL,5,0,0,0,0,0,0,0,0,0
5521,GENERAL,5,0,0,0,0,0,0,0,0,0
5522,GENERAL,5,0,0,0,0,0,0,0,0,0
5523,GENERAL,5,0,0,0,0,0,0,0,0,0
5524,GENERAL,5,0,0,0,0,0,0,0,0,0
5525,GENERAL,5,0,0,0,0,0,0,0,0,0
5526,GENERAL,5,0,0,0,0,0,0,0,0,0
5527,GENERAL,5,0,0,0,0,0,0,0,0,0
5528,GENERAL,5,0,0,0,0,0,0,0,0,0
5529,GENERAL,5,0,0,0,0,0,0,0,0,0
5530,GENERAL,5,0,0,0,0,0,0,0,0,0
5531,GENERAL,5,0,0,0,0,0,0,0,0,0
5532,GENERAL,5,0,0,0,0,0,0,0,0,0
5533,GENERAL,5,0,0,0,0,0,0,0,0,0
5534,GENERAL,5,0,0,0,0,0,0,0,0,0
5535,GENERAL,5,0,0,0,0,0,0,0,0,0
5536,GENERAL,5,0,0,0,0,0,0,0,0,0
5537,GENERAL,5,0,0,0,0,0,0,0,0,0
5538,GENERAL,5,0,0,0,0,0,0,0,0,0
5539,GENERAL,5,0,0,0,0,0,0,0,0,0
5540,GENERAL,5,0,0,0,0,0,0,0,0,0
5541,GENERAL,5,0,0,0,0,0,0,0,0,0
5542,GENERAL,5,0,0,0,0,0,0,0,0,0
5543,GENERAL,5,0,0,0,0,0,0,0,0,0
5544,GENERAL,5,0,0,0,0,0,0,0,0,0
5545,GENERAL,5,0,0,0,0,0,0,0,0,0
5546,GENERAL,5,0,0,0,0,0,0,0,0,0
5547,GENERAL,5,0,0,0,0,0,0,0,0,0
5548,GENERAL,5,0,0,0,0,0,0,0,0,0
5549,GENERAL,5,0,0,0,0,0,0,0,0,0
5550,GENERAL,5,0,0,0,0,0,0,0,0,0
5551,GENERAL,5,0,0,0,0,0,0,0,0,0
5552,GENERAL,5,0,0,0,0,0,0,0,0,0
5553,GENERAL,5,0,0,0,0,0,0,0,0,0
5554,GENERAL,5,0,0,0,0,0,0,0,0,0
5555,GENERAL,5,0,0,0,0,0,0,0,0,0
5556,GENERAL,5,0,0,0,0,0,0,0,0,0
5557,GENERAL,5,0,0,0,0,0,0,0,0,0
5558,GENERAL,5,0,0,0,0,0,0,0,0,0
5559,GENERAL,5,0,0,0,0,0,0,0,0,0
5560,GENERAL,5,0,0,0,0,0,0,0,0,0
5561,GENERAL,5,0,0,0,0,0,0,0,0,0
5562,GENERAL,5,0,0,0,0,0,0,0,0,0
5563,GENERAL,5,0,0,0,0,0,0,0,0,0
5564,GENERAL,5,0,0,0,0,0,0,0,0,0
5565,GENERAL,5,0,0,0,0,0,0,0,0,0
5566,GENERAL,5,0,0,0,0,0,0,0,0,0
5567,GENERAL,5,0,0,0,0,0,0,0,0,0
5568,GENERAL,5,0,0,0,0,0,0,0,0,0
5569,GENERAL,5,0,0,0,0,0,0,0,0,0
5570,GENERAL,5,0,0,0,0,0,0,0,0,0
5571,GENERAL,5,0,0,0,0,0,0,0,0,0
5572,GENERAL,5,0,0,0,0,0,0,0,0,0
5573,GENERAL,5,0,0,0,0,0,0,0,0,0
5574,GENERAL,5,0,0,0,0,0,0,0,0,0
5575,GENERAL,5,0,0,0,0,0,0,0,0,0
5576,GENERAL,5,0,0,0,0,0,0,0,0,0
5577,GENERAL,5,0,0,0,0,0,0,0,0,0
5578,GENERAL,5,0,0,0,0,0,0,0,0,0
5579,GENERAL,5,0,0,0,0,0,0,0,0,0
5580,GENERAL,5,0,0,0,0,0,0,0,0,0
5581,GENERAL,5,0,0,0,0,0,0,0,0,0
5582,GENERAL,5,0,0,0,0,0,0,0,0,0
5583,GENERAL,5,0,0,0,0,0,0,0,0,0
5584,GENERAL,5,0,0,0,0,0,0,0,0,0
5585,GENERAL,5,0,0,0,0,0,0,0,0,0
5586,GENERAL,5,0,0,0,0,0,0,0,0,0
5587,GENERAL,5,0,0,0,0,0,0,0,0,0
5588,GENERAL,5,0,0,0,0,0,0,0,0,0
5589,GENERAL,5,0,0,0,0,0,0,0,0,0
5590,GENERAL,5,0,0,0,0,0,0,0,0,0
5591,GENERAL,5,0,0,0,0,0,0,0,0,0
5592,GENERAL,5,0,0,0,0,0,0,0,0,0
5593,GENERAL,5,0,0,0,0,0,0,0,0,0
5594,GENERAL,5,0,0,0,0,0,0,0,0,0
5595,GENERAL,5,0,0,0,0,0,0,0,0,0
5596,GENERAL,5,0,0,0,0,0,0,0,0,0
5597,GENERAL,5,0,0,0,0,0,0,0,0,0
5598,GENERAL,5,0,0,0,0,0,0,0,0,0
5599,GENERAL,5,0,0,0,0,0,0,0,0,0
5600,GENERAL,5,0,0,0,0,0,0,0,0,0
5601,GENERAL,5,0,0,0,0,0,0,0,0,0
5602,GENERAL,5,0,0,0,0,0,0,0,0,0
5603,GENERAL,5,0,0,0,0,0,0,0,0,0
5604,GENERAL,5,0,0,0,0,0,0,0,0,0
5605,GENERAL,5,0,0,0,0,0,0,0,0,0
5606,GENERAL,5,0,0,0,0,0,0,0,0,0
5607,GENERAL,5,0,0,0,0,0,0,0,0,0
5608,GENERAL,5,0,0,0,0,0,0,0,0,0
5609,GENERAL,5,0,0,0,0,0,0,0,0,0
5610,GENERAL,5,0,0,0,0,0,0,0,0,0
5611,GENERAL,5,0,0,0,0,0,0,0,0,0
5612,GENERAL,5,0,0,0,0,0,0,0,0,0
5613,GENERAL,5,0,0,0,0,0,0,0,0,0
5614,GENERAL,5,0,0,0,0,0,0,0,0,0
5615,GENERAL,5,0,0,0,0,0,0,0,0,0
5616,GENERAL,5,0,0,0,0,0,0,0,0,0
5617,GENERAL,5,0,0,0,0,0,0,0,0,0
5618,GENERAL,5,0,0,0,0,0,0,0,0,0
5619,GENERAL,5,0,0,0,0,0,0,0,0,0
5620,GENERAL,5,0,0,0,0,0,0,0,0,0
5621,GENERAL,5,0,0,0,0,0,0,0,0,0
5622,GENERAL,5,0,0,0,0,0,0,0,0,0
5623,GENERAL,5,0,0,0,0,0,0,0,0,0
5624,GENERAL,5,0,0,0,0,0,0,0,0,0
5625,GENERAL,5,0,0,0,0,0,0,0,0,0
5626,GENERAL,5,0,0,0,0,0,0,0,0,0
5627,GENERAL,5,0,0,0,0,0,0,0,0,0
5628,GENERAL,5,0,0,0,0,0,0,0,0,0
5629,GENERAL,5,0,0,0,0,0,0,0,0,0
5630,GENERAL,5,0,0,0,0,0,0,0,0,0
5631,GENERAL,5,0,0,0,0,0,0,0,0,0
5632,GENERAL,5,0,0,0,0,0,0,0,0,0
5633,GENERAL,5,0,0,0,0,0,0,0,0,0
5634,GENERAL,5,0,0,0,0,0,0,0,0,0
5635,GENERAL,5,0,0,0,0,0,0,0,0,0
5636,GENERAL,5,0,0,0,0,0,0,0,0,0
5637,GENERAL,5,0,0,0,0,0,0,0,0,0
5638,GENERAL,5,0,0,0,0,0,0,0,0,0
5639,GENERAL,5,0,0,0,0,0,0,0,0,0
5640,GENERAL,5,0,0,0,0,0,0,0,0,0
5641,GENERAL,5,0,0,0,0,0,0,0,0,0
5642,GENERAL,5,0,0,0,0,0,0,0,0,0
5643,GENERAL,5,0,0,0,0,0,0,0,0,0
5644,GENERAL,5,0,0,0,0,0,0,0,0,0
5645,GENERAL,5,0,0,0,0,0,0,0,0,0
5646,GENERAL,5,0,0,0,0,0,0,0,0,0
5647,GENERAL,5,0,0,0,0,0,0,0,0,0
5648,GENERAL,5,0,0,0,0,0,0,0,0,0
5649,GENERAL,5,0,0,0,0,0,0,0,0,0
5650,GENERAL,5,0,0,0,0,0,0,0,0,0
5651,GENERAL,5,0,0,0,0,0,0,0,0,0
5652,GENERAL,5,0,0,0,0,0,0,0,0,0
5653,GENERAL,5,0,0,0,0,0,0,0,0,0
5654,GENERAL,5,0,0,0,0,0,0,0,0,0
5655,GENERAL,5,0,0,0,0,0,0,0,0,0
5656,GENERAL,5,0,0,0,0,0,0,0,0,0
5657,GENERAL,5,0,0,0,0,0,0,0,0,0
5658,GENERAL,5,0,0,0,0,0,0,0,0,0
5659,GENERAL,5,0,0,0,0,0,0,0,0,0
5660,GENERAL,5,0,0,0,0,0,0,0,0,0
5661,GENERAL,5,0,0,0,0,0,0,0,0,0
5662,GENERAL,5,0,0,0,0,0,0,0,0,0
5663,GENERAL,5,0,0,0,0,0,0,0,0,0
5664,GENERAL,5,0,0,0,0,0,0,0,0,0
5665,GENERAL,5,0,0,0,0,0,0,0,0,0
5666,GENERAL,5,0,0,0,0,0,0,0,0,0
5667,GENERAL,5,0,0,0,0,0,0,0,0,0
5668,GENERAL,5,0,0,0,0,0,0,0,0,0
5669,GENERAL,5,0,0,0,0,0,0,0,0,0
5670,GENERAL,5,0,0,0,0,0,0,0,0,0
5671,GENERAL,5,0,0,0,0,0,0,0,0,0
5672,GENERAL,5,0,0,0,0,0,0,0,0,0
5673,GENERAL,5,0,0,0,0,0,0,0,0,0
5674,GENERAL,5,0,0,0,0,0,0,0,0,0
5675,GENERAL,5,0,0,0,0,0,0,0,0,0
5676,GENERAL,5,0,0,0,0,0,0,0,0,0
5677,GENERAL,5,0,0,0,0,0,0,0,0,0
5678,GENERAL,5,0,0,0,0,0,0,0,0,0
5679,GENERAL,5,0,0,0,0,0,0,0,0,0
5680,GENERAL,5,0,0,0,0,0,0,0,0,0
5681,GENERAL,5,0,0,0,0,0,0,0,0,0
5682,GENERAL,5,0,0,0,0,0,0,0,0,0
5683,GENERAL,5,0,0,0,0,0,0,0,0,0
5684,GENERAL,5,0,0,0,0,0,0,0,0,0
5685,GENERAL,5,0,0,0,0,0,0,0,0,0
5686,GENERAL,5,0,0,0,0,0,0,0,0,0
5687,GENERAL,5,0,0,0,0,0,0,0,0,0
5688,GENERAL,5,0,0,0,0,0,0,0,0,0
5689,GENERAL,5,0,0,0,0,0,0,0,0,0
5690,GENERAL,5,0,0,0,0,0,0,0,0,0
5691,GENERAL,5,0,0,0,0,0,0,0,0,0
5692,GENERAL,5,0,0,0,0,0,0,0,0,0
5693,GENERAL,5,0,0,0,0,0,0,0,0,0
5694,GENERAL,5,0,0,0,0,0,0,0,0,0
5695,GENERAL,5,0,0,0,0,0,0,0,0,0
5696,GENERAL,5,0,0,0,0,0,0,0,0,0
5697,GENERAL,5,0,0,0,0,0,0,0,0,0
5698,GENERAL,5,0,0,0,0,0,0,0,0,0
5699,GENERAL,5,0,0,0,0,0,0,0,0,0
5700,GENERAL,5,0,0,0,0,0,0,0,0,0
5701,GENERAL,5,0,0,0,0,0,0,0,0,0
5702,GENERAL,5,0,0,0,0,0,0,0,0,0
5703,GENERAL,5,0,0,0,0,0,0,0,0,0
5704,GENERAL,5,0,0,0,0,0,0,0,0,0
5705,GENERAL,5,0,0,0,0,0,0,0,0,0
5706,GENERAL,5,0,0,0,0,0,0,0,0,0
5707,GENERAL,5,0,0,0,0,0,0,0,0,0
5708,GENERAL,5,0,0,0,0,0,0,0,0,0
5709,GENERAL,5,0,0,0,0,0,0,0,0,0
5710,GENERAL,5,0,0,0,0,0,0,0,0,0
5711,GENERAL,5,0,0,0,0,0,0,0,0,0
5712,GENERAL,5,0,0,0,0,0,0,0,0,0
5713,GENERAL,5,0,0,0,0,0,0,0,0,0
5714,GENERAL,5,0,0,0,0,0,0,0,0,0
5715,GENERAL,5,0,0,0,0,0,0,0,0,0
5716,GENERAL,5,0,0,0,0,0,0,0,0,0
5717,GENERAL,5,0,0,0,0,0,0,0,0,0
5718,GENERAL,5,0,0,0,0,0,0,0,0,0
5719,GENERAL,5,0,0,0,0,0,0,0,0,0
5720,GENERAL,5,0,0,0,0,0,0,0,0,0
5721,GENERAL,5,0,0,0,0,0,0,0,0,0
5722,GENERAL,5,0,0,0,0,0,0,0,0,0
5723,GENERAL,5,0,0,0,0,0,0,0,0,0
5724,GENERAL,5,0,0,0,0,0,0,0,0,0
5725,GENERAL,5,0,0,0,0,0,0,0,0,0
5726,GENERAL,5,0,0,0,0,0,0,0,0,0
5727,GENERAL,5,0,0,0,0,0,0,0,0,0
5728,GENERAL,5,0,0,0,0,0,0,0,0,0
5729,GENERAL,5,0,0,0,0,0,0,0,0,0
5730,GENERAL,5,0,0,0,0,0,0,0,0,0
5731,GENERAL,5,0,0,0,0,0,0,0,0,0
5732,GENERAL,5,0,0,0,0,0,0,0,0,0
5733,GENERAL,5,0,0,0,0,0,0,0,0,0
5734,GENERAL,5,0,0,0,0,0,0,0,0,0
5735,GENERAL,5,0,0,0,0,0,0,0,0,0
5736,GENERAL,5,0,0,0,0,0,0,0,0,0
5737,GENERAL,5,0,0,0,0,0,0,0,0,0
5738,GENERAL,5,0,0,0,0,0,0,0,0,0
5739,GENERAL,5,0,0,0,0,0,0,0,0,0
5740,GENERAL,5,0,0,0,0,0,0,0,0,0
5741,GENERAL,5,0,0,0,0,0,0,0,0,0
5742,GENERAL,5,0,0,0,0,0,0,0,0,0
5743,GENERAL,5,0,0,0,0,0,0,0,0,0
5744,GENERAL,5,0,0,0,0,0,0,0,0,0
5745,GENERAL,5,0,0,0,0,0,0,0,0,0
5746,GENERAL,5,0,0,0,0,0,0,0,0,0
5747,GENERAL,5,0,0,0,0,0,0,0,0,0
5748,GENERAL,5,0,0,0,0,0,0,0,0,0
5749,GENERAL,5,0,0,0,0,0,0,0,0,0
5750,GENERAL,5,0,0,0,0,0,0,0,0,0
5751,GENERAL,5,0,0,0,0,0,0,0,0,0
5752,GENERAL,5,0,0,0,0,0,0,0,0,0
5753,GENERAL,5,0,0,0,0,0,0,0,0,0
5754,GENERAL,5,0,0,0,0,0,0,0,0,0
5755,GENERAL,5,0,0,0,0,0,0,0,0,0
5756,GENERAL,5,0,0,0,0,0,0,0,0,0
5757,GENERAL,5,0,0,0,0,0,0,0,0,0
5758,GENERAL,5,0,0,0,0,0,0,0,0,0
5759,GENERAL,5,0,0,0,0,0,0,0,0,0
5760,GENERAL,5,0,0,0,0,0,0,0,0,0
5761,GENERAL,5,0,0,0,0,0,0,0,0,0
5762,GENERAL,5,0,0,0,0,0,0,0,0,0
5763,GENERAL,5,0,0,0,0,0,0,0,0,0
5764,GENERAL,5,0,0,0,0,0,0,0,0,0
5765,GENERAL,5,0,0,0,0,0,0,0,0,0
5766,GENERAL,5,0,0,0,0,0,0,0,0,0
5767,GENERAL,5,0,0,0,0,0,0,0,0,0
5768,GENERAL,5,0,0,0,0,0,0,0,0,0
5769,GENERAL,5,0,0,0,0,0,0,0,0,0
5770,GENERAL,5,0,0,0,0,0,0,0,0,0
5771,GENERAL,5,0,0,0,0,0,0,0,0,0
5772,GENERAL,5,0,0,0,0,0,0,0,0,0
5773,GENERAL,5,0,0,0,0,0,0,0,0,0
5774,GENERAL,5,0,0,0,0,0,0,0,0,0
5775,GENERAL,5,0,0,0,0,0,0,0,0,0
5776,GENERAL,5,0,0,0,0,0,0,0,0,0
5777,GENERAL,5,0,0,0,0,0,0,0,0,0
5778,GENERAL,5,0,0,0,0,0,0,0,0,0
5779,GENERAL,5,0,0,0,0,0,0,0,0,0
5780,GENERAL,5,0,0,0,0,0,0,0,0,0
5781,GENERAL,5,0,0,0,0,0,0,0,0,0
5782,GENERAL,5,0,0,0,0,0,0,0,0,0
5783,GENERAL,5,0,0,0,0,0,0,0,0,0
5784,GENERAL,5,0,0,0,0,0,0,0,0,0
5785,GENERAL,5,0,0,0,0,0,0,0,0,0
5786,GENERAL,5,0,0,0,0,0,0,0,0,0
5787,GENERAL,5,0,0,0,0,0,0,0,0,0
5788,GENERAL,5,0,0,0,0,0,0,0,0,0
5789,GENERAL,5,0,0,0,0,0,0,0,0,0
5790,GENERAL,5,0,0,0,0,0,0,0,0,0
5791,GENERAL,5,0,0,0,0,0,0,0,0,0
5792,GENERAL,5,0,0,0,0,0,0,0,0,0
5793,GENERAL,5,0,0,0,0,0,0,0,0,0
5794,GENERAL,5,0,0,0,0,0,0,0,0,0
5795,GENERAL,5,0,0,0,0,0,0,0,0,0
5796,GENERAL,5,0,0,0,0,0,0,0,0,0
5797,GENERAL,5,0,0,0,0,0,0,0,0,0
5798,GENERAL,5,0,0,0,0,0,0,0,0,0
5799,GENERAL,5,0,0,0,0,0,0,0,0,0
5800,GENERAL,5,0,0,0,0,0,0,0,0,0
5801,GENERAL,5,0,0,0,0,0,0,0,0,0
5802,GENERAL,5,0,0,0,0,0,0,0,0,0
5803,GENERAL,5,0,0,0,0,0,0,0,0,0
5804,GENERAL,5,0,0,0,0,0,0,0,0,0
5805,GENERAL,5,0,0,0,0,0,0,0,0,0
5806,GENERAL,5,0,0,0,0,0,0,0,0,0
5807,GENERAL,5,0,0,0,0,0,0,0,0,0
5808,GENERAL,5,0,0,0,0,0,0,0,0,0
5809,GENERAL,5,0,0,0,0,0,0,0,0,0
5810,GENERAL,5,0,0,0,0,0,0,0,0,0
5811,GENERAL,5,0,0,0,0,0,0,0,0,0
5812,GENERAL,5,0,0,0,0,0,0,0,0,0
5813,GENERAL,5,0,0,0,0,0,0,0,0,0
5814,GENERAL,5,0,0,0,0,0,0,0,0,0
5815,GENERAL,5,0,0,0,0,0,0,0,0,0
5816,GENERAL,5,0,0,0,0,0,0,0,0,0
5817,GENERAL,5,0,0,0,0,0,0,0,0,0
5818,GENERAL,5,0,0,0,0,0,0,0,0,0
5819,GENERAL,5,0,0,0,0,0,0,0,0,0
5820,GENERAL,5,0,0,0,0,0,0,0,0,0
5821,GENERAL,5,0,0,0,0,0,0,0,0,0
5822,GENERAL,5,0,0,0,0,0,0,0,0,0
5823,GENERAL,5,0,0,0,0,0,0,0,0,0
5824,GENERAL,5,0,0,0,0,0,0,0,0,0
5825,GENERAL,5,0,0,0,0,0,0,0,0,0
5826,GENERAL,5,0,0,0,0,0,0,0,0,0
5827,GENERAL,5,0,0,0,0,0,0,0,0,0
5828,GENERAL,5,0,0,0,0,0,0,0,0,0
5829,GENERAL,5,0,0,0,0,0,0,0,0,0
5830,GENERAL,5,0,0,0,0,0,0,0,0,0
5831,GENERAL,5,0,0,0,0,0,0,0,0,0
5832,GENERAL,5,0,0,0,0,0,0,0,0,0
5833,GENERAL,5,0,0,0,0,0,0,0,0,0
5834,GENERAL,5,0,0,0,0,0,0,0,0,0
5835,GENERAL,5,0,0,0,0,0,0,0,0,0
5836,GENERAL,5,0,0,0,0,0,0,0,0,0
5837,GENERAL,5,0,0,0,0,0,0,0,0,0
5838,GENERAL,5,0,0,0,0,0,0,0,0,0
5839,GENERAL,5,0,0,0,0,0,0,0,0,0
5840,GENERAL,5,0,0,0,0,0,0,0,0,0
5841,GENERAL,5,0,0,0,0,0,0,0,0,0
5842,GENERAL,5,0,0,0,0,0,0,0,0,0
5843,GENERAL,5,0,0,0,0,0,0,0,0,0
5844,GENERAL,5,0,0,0,0,0,0,0,0,0
5845,GENERAL,5,0,0,0,0,0,0,0,0,0
5846,GENERAL,5,0,0,0,0,0,0,0,0,0
5847,GENERAL,5,0,0,0,0,0,0,0,0,0
5848,GENERAL,5,0,0,0,0,0,0,0,0,0
5849,GENERAL,5,0,0,0,0,0,0,0,0,0
5850,GENERAL,5,0,0,0,0,0,0,0,0,0
5851,GENERAL,5,0,0,0,0,0,0,0,0,0
5852,GENERAL,5,0,0,0,0,0,0,0,0,0
5853,GENERAL,5,0,0,0,0,0,0,0,0,0
5854,GENERAL,5,0,0,0,0,0,0,0,0,0
5855,GENERAL,5,0,0,0,0,0,0,0,0,0
5856,GENERAL,5,0,0,0,0,0,0,0,0,0
5857,GENERAL,5,0,0,0,0,0,0,0,0,0
5858,GENERAL,5,0,0,0,0,0,0,0,0,0
5859,GENERAL,5,0,0,0,0,0,0,0,0,0
5860,GENERAL,5,0,0,0,0,0,0,0,0,0
5861,GENERAL,5,0,0,0,0,0,0,0,0,0
5862,GENERAL,5,0,0,0,0,0,0,0,0,0
5863,GENERAL,5,0,0,0,0,0,0,0,0,0
5864,GENERAL,5,0,0,0,0,0,0,0,0,0
5865,GENERAL,5,0,0,0,0,0,0,0,0,0
5866,GENERAL,5,0,0,0,0,0,0,0,0,0
5867,GENERAL,5,0,0,0,0,0,0,0,0,0
5868,GENERAL,5,0,0,0,0,0,0,0,0,0
5869,GENERAL,5,0,0,0,0,0,0,0,0,0
5870,GENERAL,5,0,0,0,0,0,0,0,0,0
5871,GENERAL,5,0,0,0,0,0,0,0,0,0
5872,GENERAL,5,0,0,0,0,0,0,0,0,0
5873,GENERAL,5,0,0,0,0,0,0,0,0,0
5874,GENERAL,5,0,0,0,0,0,0,0,0,0
5875,GENERAL,5,0,0,0,0,0,0,0,0,0
5876,GENERAL,5,0,0,0,0,0,0,0,0,0
5877,GENERAL,5,0,0,0,0,0,0,0,0,0
5878,GENERAL,5,0,0,0,0,0,0,0,0,0
5879,GENERAL,5,0,0,0,0,0,0,0,0,0
5880,GENERAL,5,0,0,0,0,0,0,0,0,0
5881,GENERAL,5,0,0,0,0,0,0,0,0,0
5882,GENERAL,5,0,0,0,0,0,0,0,0,0
5883,GENERAL,5,0,0,0,0,0,0,0,0,0
5884,GENERAL,5,0,0,0,0,0,0,0,0,0
5885,GENERAL,5,0,0,0,0,0,0,0,0,0
5886,GENERAL,5,0,0,0,0,0,0,0,0,0
5887,GENERAL,5,0,0,0,0,0,0,0,0,0
5888,GENERAL,5,0,0,0,0,0,0,0,0,0
5889,GENERAL,5,0,0,0,0,0,0,0,0,0
5890,GENERAL,5,0,0,0,0,0,0,0,0,0
5891,GENERAL,5,0,0,0,0,0,0,0,0,0
5892,GENERAL,5,0,0,0,0,0,0,0,0,0
5893,GENERAL,5,0,0,0,0,0,0,0,0,0
5894,GENERAL,5,0,0,0,0,0,0,0,0,0
5895,GENERAL,5,0,0,0,0,0,0,0,0,0
5896,GENERAL,5,0,0,0,0,0,0,0,0,0
5897,GENERAL,5,0,0,0,0,0,0,0,0,0
5898,GENERAL,5,0,0,0,0,0,0,0,0,0
5899,GENERAL,5,0,0,0,0,0,0,0,0,0
5900,GENERAL,5,0,0,0,0,0,0,0,0,0
5901,GENERAL,5,0,0,0,0,0,0,0,0,0
5902,GENERAL,5,0,0,0,0,0,0,0,0,0
5903,GENERAL,5,0,0,0,0,0,0,0,0,0
5904,GENERAL,5,0,0,0,0,0,0,0,0,0
5905,GENERAL,5,0,0,0,0,0,0,0,0,0
5906,GENERAL,5,0,0,0,0,0,0,0,0,0
5907,GENERAL,5,0,0,0,0,0,0,0,0,0
5908,GENERAL,5,0,0,0,0,0,0,0,0,0
5909,GENERAL,5,0,0,0,0,0,0,0,0,0
5910,GENERAL,5,0,0,0,0,0,0,0,0,0
5911,GENERAL,5,0,0,0,0,0,0,0,0,0
5912,GENERAL,5,0,0,0,0,0,0,0,0,0
5913,GENERAL,5,0,0,0,0,0,0,0,0,0
5914,GENERAL,5,0,0,0,0,0,0,0,0,0
5915,GENERAL,5,0,0,0,0,0,0,0,0,0
5916,GENERAL,5,0,0,0,0,0,0,0,0,0
5917,GENERAL,5,0,0,0,0,0,0,0,0,0
5918,GENERAL,5,0,0,0,0,0,0,0,0,0
5919,GENERAL,5,0,0,0,0,0,0,0,0,0
5920,GENERAL,5,0,0,0,0,0,0,0,0,0
5921,GENERAL,5,0,0,0,0,0,0,0,0,0
5922,GENERAL,5,0,0,0,0,0,0,0,0,0
5923,GENERAL,5,0,0,0,0,0,0,0,0,0
5924,GENERAL,5,0,0,0,0,0,0,0,0,0
5925,GENERAL,5,0,0,0,0,0,0,0,0,0
5926,GENERAL,5,0,0,0,0,0,0,0,0,0
5927,GENERAL,5,0,0,0,0,0,0,0,0,0
5928,GENERAL,5,0,0,0,0,0,0,0,0,0
5929,GENERAL,5,0,0,0,0,0,0,0,0,0
5930,GENERAL,5,0,0,0,0,0,0,0,0,0
5931,GENERAL,5,0,0,0,0,0,0,0,0,0
5932,GENERAL,5,0,0,0,0,0,0,0,0,0
5933,GENERAL,5,0,0,0,0,0,0,0,0,0
5934,GENERAL,5,0,0,0,0,0,0,0,0,0
5935,GENERAL,5,0,0,0,0,0,0,0,0,0
5936,GENERAL,5,0,0,0,0,0,0,0,0,0
5937,GENERAL,5,0,0,0,0,0,0,0,0,0
5938,GENERAL,5,0,0,0,0,0,0,0,0,0
5939,GENERAL,5,0,0,0,0,0,0,0,0,0
5940,GENERAL,5,0,0,0,0,0,0,0,0,0
5941,GENERAL,5,0,0,0,0,0,0,0,0,0
5942,GENERAL,5,0,0,0,0,0,0,0,0,0
5943,GENERAL,5,0,0,0,0,0,0,0,0,0
5944,GENERAL,5,0,0,0,0,0,0,0,0,0
5945,GENERAL,5,0,0,0,0,0,0,0,0,0
5946,GENERAL,5,0,0,0,0,0,0,0,0,0
5947,GENERAL,5,0,0,0,0,0,0,0,0,0
5948,GENERAL,5,0,0,0,0,0,0,0,0,0
5949,GENERAL,5,0,0,0,0,0,0,0,0,0
5950,GENERAL,5,0,0,0,0,0,0,0,0,0
5951,GENERAL,5,0,0,0,0,0,0,0,0,0
5952,GENERAL,5,0,0,0,0,0,0,0,0,0
5953,GENERAL,5,0,0,0,0,0,0,0,0,0
5954,GENERAL,5,0,0,0,0,0,0,0,0,0
5955,GENERAL,5,0,0,0,0,0,0,0,0,0
5956,GENERAL,5,0,0,0,0,0,0,0,0,0
5957,GENERAL,5,0,0,0,0,0,0,0,0,0
5958,GENERAL,5,0,0,0,0,0,0,0,0,0
5959,GENERAL,5,0,0,0,0,0,0,0,0,0
5960,GENERAL,5,0,0,0,0,0,0,0,0,0
5961,GENERAL,5,0,0,0,0,0,0,0,0,0
5962,GENERAL,5,0,0,0,0,0,0,0,0,0
5963,GENERAL,5,0,0,0,0,0,0,0,0,0
5964,GENERAL,5,0,0,0,0,0,0,0,0,0
5965,GENERAL,5,0,0,0,0,0,0,0,0,0
5966,GENERAL,5,0,0,0,0,0,0,0,0,0
5967,GENERAL,5,0,0,0,0,0,0,0,0,0
5968,GENERAL,5,0,0,0,0,0,0,0,0,0
5969,GENERAL,5,0,0,0,0,0,0,0,0,0
5970,GENERAL,5,0,0,0,0,0,0,0,0,0
5971,GENERAL,5,0,0,0,0,0,0,0,0,0
5972,GENERAL,5,0,0,0,0,0,0,0,0,0
5973,GENERAL,5,0,0,0,0,0,0,0,0,0
5974,GENERAL,5,0,0,0,0,0,0,0,0,0
5975,GENERAL,5,0,0,0,0,0,0,0,0,0
5976,GENERAL,5,0,0,0,0,0,0,0,0,0
5977,GENERAL,5,0,0,0,0,0,0,0,0,0
5978,GENERAL,5,0,0,0,0,0,0,0,0,0
5979,GENERAL,5,0,0,0,0,0,0,0,0,0
5980,GENERAL,5,0,0,0,0,0,0,0,0,0
5981,GENERAL,5,0,0,0,0,0,0,0,0,0
5982,GENERAL,5,0,0,0,0,0,0,0,0,0
5983,GENERAL,5,0,0,0,0,0,0,0,0,0
5984,GENERAL,5,0,0,0,0,0,0,0,0,0
5985,GENERAL,5,0,0,0,0,0,0,0,0,0
5986,GENERAL,5,0,0,0,0,0,0,0,0,0
5987,GENERAL,5,0,0,0,0,0,0,0,0,0
5988,GENERAL,5,0,0,0,0,0,0,0,0,0
5989,GENERAL,5,0,0,0,0,0,0,0,0,0
5990,GENERAL,5,0,0,0,0,0,0,0,0,0
5991,GENERAL,5,0,0,0,0,0,0,0,0,0
5992,GENERAL,5,0,0,0,0,0,0,0,0,0
5993,GENERAL,5,0,0,0,0,0,0,0,0,0
5994,GENERAL,5,0,0,0,0,0,0,0,0,0
5995,GENERAL,5,0,0,0,0,0,0,0,0,0
5996,GENERAL,5,0,0,0,0,0,0,0,0,0
5997,GENERAL,5,0,0,0,0,0,0,0,0,0
5998,GENERAL,5,0,0,0,0,0,0,0,0,0
5999,GENERAL,5,0,0,0,0,0,0,0,0,0
6000,GENERAL,5,0,0,0,0,0,0,0,0,0
6001,GENERAL,5,0,0,0,0,0,0,0,0,0
6002,GENERAL,5,0,0,0,0,0,0,0,0,0
6003,GENERAL,5,0,0,0,0,0,0,0,0,0
6004,GENERAL,5,0,0,0,0,0,0,0,0,0
6005,GENERAL,5,0,0,0,0,0,0,0,0,0
6006,GENERAL,5,0,0,0,0,0,0,0,0,0
6007,GENERAL,5,0,0,0,0,0,0,0,0,0
6008,GENERAL,5,0,0,0,0,0,0,0,0,0
6009,GENERAL,5,0,0,0,0,0,0,0,0,0
6010,GENERAL,5,0,0,0,0,0,0,0,0,0
6011,GENERAL,5,0,0,0,0,0,0,0,0,0
6012,GENERAL,5,0,0,0,0,0,0,0,0,0
6013,GENERAL,5,0,0,0,0,0,0,0,0,0
6014,GENERAL,5,0,0,0,0,0,0,0,0,0
6015,GENERAL,5,0,0,0,0,0,0,0,0,0
6016,GENERAL,5,0,0,0,0,0,0,0,0,0
6017,GENERAL,5,0,0,0,0,0,0,0,0,0
6018,GENERAL,5,0,0,0,0,0,0,0,0,0
6019,GENERAL,5,0,0,0,0,0,0,0,0,0
6020,GENERAL,5,0,0,0,0,0,0,0,0,0
6021,GENERAL,5,0,0,0,0,0,0,0,0,0
6022,GENERAL,5,0,0,0,0,0,0,0,0,0
6023,GENERAL,5,0,0,0,0,0,0,0,0,0
6024,GENERAL,5,0,0,0,0,0,0,0,0,0
6025,GENERAL,5,0,0,0,0,0,0,0,0,0
6026,GENERAL,5,0,0,0,0,0,0,0,0,0
6027,GENERAL,5,0,0,0,0,0,0,0,0,0
6028,GENERAL,5,0,0,0,0,0,0,0,0,0
6029,GENERAL,5,0,0,0,0,0,0,0,0,0
6030,GENERAL,5,0,0,0,0,0,0,0,0,0
6031,GENERAL,5,0,0,0,0,0,0,0,0,0
6032,GENERAL,5,0,0,0,0,0,0,0,0,0
6033,GENERAL,5,0,0,0,0,0,0,0,0,0
6034,GENERAL,5,0,0,0,0,0,0,0,0,0
6035,GENERAL,5,0,0,0,0,0,0,0,0,0
6036,GENERAL,5,0,0,0,0,0,0,0,0,0
6037,GENERAL,5,0,0,0,0,0,0,0,0,0
6038,GENERAL,5,0,0,0,0,0,0,0,0,0
6039,GENERAL,5,0,0,0,0,0,0,0,0,0
6040,GENERAL,5,0,0,0,0,0,0,0,0,0
6041,GENERAL,5,0,0,0,0,0,0,0,0,0
6042,GENERAL,5,0,0,0,0,0,0,0,0,0
6043,GENERAL,5,0,0,0,0,0,0,0,0,0
6044,GENERAL,5,0,0,0,0,0,0,0,0,0
6045,GENERAL,5,0,0,0,0,0,0,0,0,0
6046,GENERAL,5,0,0,0,0,0,0,0,0,0
6047,GENERAL,5,0,0,0,0,0,0,0,0,0
6048,GENERAL,5,0,0,0,0,0,0,0,0,0
6049,GENERAL,5,0,0,0,0,0,0,0,0,0
6050,GENERAL,5,0,0,0,0,0,0,0,0,0
6051,GENERAL,5,0,0,0,0,0,0,0,0,0
6052,GENERAL,5,0,0,0,0,0,0,0,0,0
6053,GENERAL,5,0,0,0,0,0,0,0,0,0
6054,GENERAL,5,0,0,0,0,0,0,0,0,0
6055,GENERAL,5,0,0,0,0,0,0,0,0,0
6056,GENERAL,5,0,0,0,0,0,0,0,0,0
6057,GENERAL,5,0,0,0,0,0,0,0,0,0
6058,GENERAL,5,0,0,0,0,0,0,0,0,0
6059,GENERAL,5,0,0,0,0,0,0,0,0,0
6060,GENERAL,5,0,0,0,0,0,0,0,0,0
6061,GENERAL,5,0,0,0,0,0,0,0,0,0
6062,GENERAL,5,0,0,0,0,0,0,0,0,0
6063,GENERAL,5,0,0,0,0,0,0,0,0,0
6064,GENERAL,5,0,0,0,0,0,0,0,0,0
6065,GENERAL,5,0,0,0,0,0,0,0,0,0
6066,GENERAL,5,0,0,0,0,0,0,0,0,0
6067,GENERAL,5,0,0,0,0,0,0,0,0,0
6068,GENERAL,5,0,0,0,0,0,0,0,0,0
6069,GENERAL,5,0,0,0,0,0,0,0,0,0
6070,GENERAL,5,0,0,0,0,0,0,0,0,0
6071,GENERAL,5,0,0,0,0,0,0,0,0,0
6072,GENERAL,5,0,0,0,0,0,0,0,0,0
6073,GENERAL,5,0,0,0,0,0,0,0,0,0
6074,GENERAL,5,0,0,0,0,0,0,0,0,0
6075,GENERAL,5,0,0,0,0,0,0,0,0,0
6076,GENERAL,5,0,0,0,0,0,0,0,0,0
6077,GENERAL,5,0,0,0,0,0,0,0,0,0
6078,GENERAL,5,0,0,0,0,0,0,0,0,0
6079,GENERAL,5,0,0,0,0,0,0,0,0,0
6080,GENERAL,5,0,0,0,0,0,0,0,0,0
6081,GENERAL,5,0,0,0,0,0,0,0,0,0
6082,GENERAL,5,0,0,0,0,0,0,0,0,0
6083,GENERAL,5,0,0,0,0,0,0,0,0,0
6084,GENERAL,5,0,0,0,0,0,0,0,0,0
6085,GENERAL,5,0,0,0,0,0,0,0,0,0
6086,GENERAL,5,0,0,0,0,0,0,0,0,0
6087,GENERAL,5,0,0,0,0,0,0,0,0,0
6088,GENERAL,5,0,0,0,0,0,0,0,0,0
6089,GENERAL,5,0,0,0,0,0,0,0,0,0
6090,GENERAL,5,0,0,0,0,0,0,0,0,0
6091,GENERAL,5,0,0,0,0,0,0,0,0,0
6092,GENERAL,5,0,0,0,0,0,0,0,0,0
6093,GENERAL,5,0,0,0,0,0,0,0,0,0
6094,GENERAL,5,0,0,0,0,0,0,0,0,0
6095,GENERAL,5,0,0,0,0,0,0,0,0,0
6096,GENERAL,5,0,0,0,0,0,0,0,0,0
6097,GENERAL,5,0,0,0,0,0,0,0,0,0
6098,GENERAL,5,0,0,0,0,0,0,0,0,0
6099,GENERAL,5,0,0,0,0,0,0,0,0,0
6100,GENERAL,5,0,0,0,0,0,0,0,0,0
6101,GENERAL,5,0,0,0,0,0,0,0,0,0
6102,GENERAL,5,0,0,0,0,0,0,0,0,0
6103,GENERAL,5,0,0,0,0,0,0,0,0,0
6104,GENERAL,5,0,0,0,0,0,0,0,0,0
6105,GENERAL,5,0,0,0,0,0,0,0,0,0
6106,GENERAL,5,0,0,0,0,0,0,0,0,0
6107,GENERAL,5,0,0,0,0,0,0,0,0,0
6108,GENERAL,5,0,0,0,0,0,0,0,0,0
6109,GENERAL,5,0,0,0,0,0,0,0,0,0
6110,GENERAL,5,0,0,0,0,0,0,0,0,0
6111,GENERAL,5,0,0,0,0,0,0,0,0,0
6112,GENERAL,5,0,0,0,0,0,0,0,0,0
6113,GENERAL,5,0,0,0,0,0,0,0,0,0
6114,GENERAL,5,0,0,0,0,0,0,0,0,0
6115,GENERAL,5,0,0,0,0,0,0,0,0,0
6116,GENERAL,5,0,0,0,0,0,0,0,0,0
6117,GENERAL,5,0,0,0,0,0,0,0,0,0
6118,GENERAL,5,0,0,0,0,0,0,0,0,0
6119,GENERAL,5,0,0,0,0,0,0,0,0,0
6120,GENERAL,5,0,0,0,0,0,0,0,0,0
6121,GENERAL,5,0,0,0,0,0,0,0,0,0
6122,GENERAL,5,0,0,0,0,0,0,0,0,0
6123,GENERAL,5,0,0,0,0,0,0,0,0,0
6124,GENERAL,5,0,0,0,0,0,0,0,0,0
6125,GENERAL,5,0,0,0,0,0,0,0,0,0
6126,GENERAL,5,0,0,0,0,0,0,0,0,0
6127,GENERAL,5,0,0,0,0,0,0,0,0,0
6128,GENERAL,5,0,0,0,0,0,0,0,0,0
6129,GENERAL,5,0,0,0,0,0,0,0,0,0
6130,GENERAL,5,0,0,0,0,0,0,0,0,0
6131,GENERAL,5,0,0,0,0,0,0,0,0,0
6132,GENERAL,5,0,0,0,0,0,0,0,0,0
6133,GENERAL,5,0,0,0,0,0,0,0,0,0
6134,GENERAL,5,0,0,0,0,0,0,0,0,0
6135,GENERAL,5,0,0,0,0,0,0,0,0,0
6136,GENERAL,5,0,0,0,0,0,0,0,0,0
6137,GENERAL,5,0,0,0,0,0,0,0,0,0
6138,GENERAL,5,0,0,0,0,0,0,0,0,0
6139,GENERAL,5,0,0,0,0,0,0,0,0,0
6140,GENERAL,5,0,0,0,0,0,0,0,0,0
6141,GENERAL,5,0,0,0,0,0,0,0,0,0
6142,GENERAL,5,0,0,0,0,0,0,0,0,0
6143,GENERAL,5,0,0,0,0,0,0,0,0,0
6144,GENERAL,5,0,0,0,0,0,0,0,0,0
6145,GENERAL,5,0,0,0,0,0,0,0,0,0
6146,GENERAL,5,0,0,0,0,0,0,0,0,0
6147,GENERAL,5,0,0,0,0,0,0,0,0,0
6148,GENERAL,5,0,0,0,0,0,0,0,0,0
6149,GENERAL,5,0,0,0,0,0,0,0,0,0
6150,GENERAL,5,0,0,0,0,0,0,0,0,0
6151,GENERAL,5,0,0,0,0,0,0,0,0,0
6152,GENERAL,5,0,0,0,0,0,0,0,0,0
6153,GENERAL,5,0,0,0,0,0,0,0,0,0
6154,GENERAL,5,0,0,0,0,0,0,0,0,0
6155,GENERAL,5,0,0,0,0,0,0,0,0,0
6156,GENERAL,5,0,0,0,0,0,0,0,0,0
6157,GENERAL,5,0,0,0,0,0,0,0,0,0
6158,GENERAL,5,0,0,0,0,0,0,0,0,0
6159,GENERAL,5,0,0,0,0,0,0,0,0,0
6160,GENERAL,5,0,0,0,0,0,0,0,0,0
6161,GENERAL,5,0,0,0,0,0,0,0,0,0
6162,GENERAL,5,0,0,0,0,0,0,0,0,0
6163,GENERAL,5,0,0,0,0,0,0,0,0,0
6164,GENERAL,5,0,0,0,0,0,0,0,0,0
6165,GENERAL,5,0,0,0,0,0,0,0,0,0
6166,GENERAL,5,0,0,0,0,0,0,0,0,0
6167,GENERAL,5,0,0,0,0,0,0,0,0,0
6168,GENERAL,5,0,0,0,0,0,0,0,0,0
6169,GENERAL,5,0,0,0,0,0,0,0,0,0
6170,GENERAL,5,0,0,0,0,0,0,0,0,0
6171,GENERAL,5,0,0,0,0,0,0,0,0,0
6172,GENERAL,5,0,0,0,0,0,0,0,0,0
6173,GENERAL,5,0,0,0,0,0,0,0,0,0
6174,GENERAL,5,0,0,0,0,0,0,0,0,0
6175,GENERAL,5,0,0,0,0,0,0,0,0,0
6176,GENERAL,5,0,0,0,0,0,0,0,0,0
6177,GENERAL,5,0,0,0,0,0,0,0,0,0
6178,GENERAL,5,0,0,0,0,0,0,0,0,0
6179,GENERAL,5,0,0,0,0,0,0,0,0,0
6180,GENERAL,5,0,0,0,0,0,0,0,0,0
6181,GENERAL,5,0,0,0,0,0,0,0,0,0
6182,GENERAL,5,0,0,0,0,0,0,0,0,0
6183,GENERAL,5,0,0,0,0,0,0,0,0,0
6184,GENERAL,5,0,0,0,0,0,0,0,0,0
6185,GENERAL,5,0,0,0,0,0,0,0,0,0
6186,GENERAL,5,0,0,0,0,0,0,0,0,0
6187,GENERAL,5,0,0,0,0,0,0,0,0,0
6188,GENERAL,5,0,0,0,0,0,0,0,0,0
6189,GENERAL,5,0,0,0,0,0,0,0,0,0
6190,GENERAL,5,0,0,0,0,0,0,0,0,0
6191,GENERAL,5,0,0,0,0,0,0,0,0,0
6192,GENERAL,5,0,0,0,0,0,0,0,0,0
6193,GENERAL,5,0,0,0,0,0,0,0,0,0
6194,GENERAL,5,0,0,0,0,0,0,0,0,0
6195,GENERAL,5,0,0,0,0,0,0,0,0,0
6196,GENERAL,5,0,0,0,0,0,0,0,0,0
6197,GENERAL,5,0,0,0,0,0,0,0,0,0
6198,GENERAL,5,0,0,0,0,0,0,0,0,0
6199,GENERAL,5,0,0,0,0,0,0,0,0,0
6200,GENERAL,5,0,0,0,0,0,0,0,0,0
6201,GENERAL,5,0,0,0,0,0,0,0,0,0
6202,GENERAL,5,0,0,0,0,0,0,0,0,0
6203,GENERAL,5,0,0,0,0,0,0,0,0,0
6204,GENERAL,5,0,0,0,0,0,0,0,0,0
6205,GENERAL,5,0,0,0,0,0,0,0,0,0
6206,GENERAL,5,0,0,0,0,0,0,0,0,0
6207,GENERAL,5,0,0,0,0,0,0,0,0,0
6208,GENERAL,5,0,0,0,0,0,0,0,0,0
6209,GENERAL,5,0,0,0,0,0,0,0,0,0
6210,GENERAL,5,0,0,0,0,0,0,0,0,0
6211,GENERAL,5,0,0,0,0,0,0,0,0,0
6212,GENERAL,5,0,0,0,0,0,0,0,0,0
6213,GENERAL,5,0,0,0,0,0,0,0,0,0
6214,GENERAL,5,0,0,0,0,0,0,0,0,0
6215,GENERAL,5,0,0,0,0,0,0,0,0,0
6216,GENERAL,5,0,0,0,0,0,0,0,0,0
6217,GENERAL,5,0,0,0,0,0,0,0,0,0
6218,GENERAL,5,0,0,0,0,0,0,0,0,0
6219,GENERAL,5,0,0,0,0,0,0,0,0,0
6220,GENERAL,5,0,0,0,0,0,0,0,0,0
6221,GENERAL,5,0,0,0,0,0,0,0,0,0
6222,GENERAL,5,0,0,0,0,0,0,0,0,0
6223,GENERAL,5,0,0,0,0,0,0,0,0,0
6224,GENERAL,5,0,0,0,0,0,0,0,0,0
6225,GENERAL,5,0,0,0,0,0,0,0,0,0
6226,GENERAL,5,0,0,0,0,0,0,0,0,0
6227,GENERAL,5,0,0,0,0,0,0,0,0,0
6228,GENERAL,5,0,0,0,0,0,0,0,0,0
6229,GENERAL,5,0,0,0,0,0,0,0,0,0
6230,GENERAL,5,0,0,0,0,0,0,0,0,0
6231,GENERAL,5,0,0,0,0,0,0,0,0,0
6232,GENERAL,5,0,0,0,0,0,0,0,0,0
6233,GENERAL,5,0,0,0,0,0,0,0,0,0
6234,GENERAL,5,0,0,0,0,0,0,0,0,0
6235,GENERAL,5,0,0,0,0,0,0,0,0,0
6236,GENERAL,5,0,0,0,0,0,0,0,0,0
6237,GENERAL,5,0,0,0,0,0,0,0,0,0
6238,GENERAL,5,0,0,0,0,0,0,0,0,0
6239,GENERAL,5,0,0,0,0,0,0,0,0,0
6240,GENERAL,5,0,0,0,0,0,0,0,0,0
6241,GENERAL,5,0,0,0,0,0,0,0,0,0
6242,GENERAL,5,0,0,0,0,0,0,0,0,0
6243,GENERAL,5,0,0,0,0,0,0,0,0,0
6244,GENERAL,5,0,0,0,0,0,0,0,0,0
6245,GENERAL,5,0,0,0,0,0,0,0,0,0
6246,GENERAL,5,0,0,0,0,0,0,0,0,0
6247,GENERAL,5,0,0,0,0,0,0,0,0,0
6248,GENERAL,5,0,0,0,0,0,0,0,0,0
6249,GENERAL,5,0,0,0,0,0,0,0,0,0
6250,GENERAL,5,0,0,0,0,0,0,0,0,0
6251,GENERAL,5,0,0,0,0,0,0,0,0,0
6252,GENERAL,5,0,0,0,0,0,0,0,0,0
6253,GENERAL,5,0,0,0,0,0,0,0,0,0
6254,GENERAL,5,0,0,0,0,0,0,0,0,0
6255,GENERAL,5,0,0,0,0,0,0,0,0,0
6256,GENERAL,5,0,0,0,0,0,0,0,0,0
6257,GENERAL,5,0,0,0,0,0,0,0,0,0
6258,GENERAL,5,0,0,0,0,0,0,0,0,0
6259,GENERAL,5,0,0,0,0,0,0,0,0,0
6260,GENERAL,5,0,0,0,0,0,0,0,0,0
6261,GENERAL,5,0,0,0,0,0,0,0,0,0
6262,GENERAL,5,0,0,0,0,0,0,0,0,0
6263,GENERAL,5,0,0,0,0,0,0,0,0,0
6264,GENERAL,5,0,0,0,0,0,0,0,0,0
6265,GENERAL,5,0,0,0,0,0,0,0,0,0
6266,GENERAL,5,0,0,0,0,0,0,0,0,0
6267,GENERAL,5,0,0,0,0,0,0,0,0,0
6268,GENERAL,5,0,0,0,0,0,0,0,0,0
6269,GENERAL,5,0,0,0,0,0,0,0,0,0
6270,GENERAL,5,0,0,0,0,0,0,0,0,0
6271,GENERAL,5,0,0,0,0,0,0,0,0,0
6272,GENERAL,5,0,0,0,0,0,0,0,0,0
6273,GENERAL,5,0,0,0,0,0,0,0,0,0
6274,GENERAL,5,0,0,0,0,0,0,0,0,0
6275,GENERAL,5,0,0,0,0,0,0,0,0,0
6276,GENERAL,5,0,0,0,0,0,0,0,0,0
6277,GENERAL,5,0,0,0,0,0,0,0,0,0
6278,GENERAL,5,0,0,0,0,0,0,0,0,0
6279,GENERAL,5,0,0,0,0,0,0,0,0,0
6280,GENERAL,5,0,0,0,0,0,0,0,0,0
6281,GENERAL,5,0,0,0,0,0,0,0,0,0
6282,GENERAL,5,0,0,0,0,0,0,0,0,0
6283,GENERAL,5,0,0,0,0,0,0,0,0,0
6284,GENERAL,5,0,0,0,0,0,0,0,0,0
6285,GENERAL,5,0,0,0,0,0,0,0,0,0
6286,GENERAL,5,0,0,0,0,0,0,0,0,0
6287,GENERAL,5,0,0,0,0,0,0,0,0,0
6288,GENERAL,5,0,0,0,0,0,0,0,0,0
6289,GENERAL,5,0,0,0,0,0,0,0,0,0
6290,GENERAL,5,0,0,0,0,0,0,0,0,0
6291,GENERAL,5,0,0,0,0,0,0,0,0,0
6292,GENERAL,5,0,0,0,0,0,0,0,0,0
6293,GENERAL,5,0,0,0,0,0,0,0,0,0
6294,GENERAL,5,0,0,0,0,0,0,0,0,0
6295,GENERAL,5,0,0,0,0,0,0,0,0,0
6296,GENERAL,5,0,0,0,0,0,0,0,0,0
6297,GENERAL,5,0,0,0,0,0,0,0,0,0
6298,GENERAL,5,0,0,0,0,0,0,0,0,0
6299,GENERAL,5,0,0,0,0,0,0,0,0,0
6300,GENERAL,5,0,0,0,0,0,0,0,0,0
6301,GENERAL,5,0,0,0,0,0,0,0,0,0
6302,GENERAL,5,0,0,0,0,0,0,0,0,0
6303,GENERAL,5,0,0,0,0,0,0,0,0,0
6304,GENERAL,5,0,0,0,0,0,0,0,0,0
6305,GENERAL,5,0,0,0,0,0,0,0,0,0
6306,GENERAL,5,0,0,0,0,0,0,0,0,0
6307,GENERAL,5,0,0,0,0,0,0,0,0,0
6308,GENERAL,5,0,0,0,0,0,0,0,0,0
6309,GENERAL,5,0,0,0,0,0,0,0,0,0
6310,GENERAL,5,0,0,0,0,0,0,0,0,0
6311,GENERAL,5,0,0,0,0,0,0,0,0,0
6312,GENERAL,5,0,0,0,0,0,0,0,0,0
6313,GENERAL,5,0,0,0,0,0,0,0,0,0
6314,GENERAL,5,0,0,0,0,0,0,0,0,0
6315,GENERAL,5,0,0,0,0,0,0,0,0,0
6316,GENERAL,5,0,0,0,0,0,0,0,0,0
6317,GENERAL,5,0,0,0,0,0,0,0,0,0
6318,GENERAL,5,0,0,0,0,0,0,0,0,0
6319,GENERAL,5,0,0,0,0,0,0,0,0,0
6320,GENERAL,5,0,0,0,0,0,0,0,0,0
6321,GENERAL,5,0,0,0,0,0,0,0,0,0
6322,GENERAL,5,0,0,0,0,0,0,0,0,0
6323,GENERAL,5,0,0,0,0,0,0,0,0,0
6324,GENERAL,5,0,0,0,0,0,0,0,0,0
6325,GENERAL,5,0,0,0,0,0,0,0,0,0
6326,GENERAL,5,0,0,0,0,0,0,0,0,0
6327,GENERAL,5,0,0,0,0,0,0,0,0,0
6328,GENERAL,5,0,0,0,0,0,0,0,0,0
6329,GENERAL,5,0,0,0,0,0,0,0,0,0
6330,GENERAL,5,0,0,0,0,0,0,0,0,0
6331,GENERAL,5,0,0,0,0,0,0,0,0,0
6332,GENERAL,5,0,0,0,0,0,0,0,0,0
6333,GENERAL,5,0,0,0,0,0,0,0,0,0
6334,GENERAL,5,0,0,0,0,0,0,0,0,0
6335,GENERAL,5,0,0,0,0,0,0,0,0,0
6336,GENERAL,5,0,0,0,0,0,0,0,0,0
6337,GENERAL,5,0,0,0,0,0,0,0,0,0
6338,GENERAL,5,0,0,0,0,0,0,0,0,0
6339,GENERAL,5,0,0,0,0,0,0,0,0,0
6340,GENERAL,5,0,0,0,0,0,0,0,0,0
6341,GENERAL,5,0,0,0,0,0,0,0,0,0
6342,GENERAL,5,0,0,0,0,0,0,0,0,0
6343,GENERAL,5,0,0,0,0,0,0,0,0,0
6344,GENERAL,5,0,0,0,0,0,0,0,0,0
6345,GENERAL,5,0,0,0,0,0,0,0,0,0
6346,GENERAL,5,0,0,0,0,0,0,0,0,0
6347,GENERAL,5,0,0,0,0,0,0,0,0,0
6348,GENERAL,5,0,0,0,0,0,0,0,0,0
6349,GENERAL,5,0,0,0,0,0,0,0,0,0
6350,GENERAL,5,0,0,0,0,0,0,0,0,0
6351,GENERAL,5,0,0,0,0,0,0,0,0,0
6352,GENERAL,5,0,0,0,0,0,0,0,0,0
6353,GENERAL,5,0,0,0,0,0,0,0,0,0
6354,GENERAL,5,0,0,0,0,0,0,0,0,0
6355,GENERAL,5,0,0,0,0,0,0,0,0,0
6356,GENERAL,5,0,0,0,0,0,0,0,0,0
6357,GENERAL,5,0,0,0,0,0,0,0,0,0
6358,GENERAL,5,0,0,0,0,0,0,0,0,0
6359,GENERAL,5,0,0,0,0,0,0,0,0,0
6360,GENERAL,5,0,0,0,0,0,0,0,0,0
6361,GENERAL,5,0,0,0,0,0,0,0,0,0
6362,GENERAL,5,0,0,0,0,0,0,0,0,0
6363,GENERAL,5,0,0,0,0,0,0,0,0,0
6364,GENERAL,5,0,0,0,0,0,0,0,0,0
6365,GENERAL,5,0,0,0,0,0,0,0,0,0
6366,GENERAL,5,0,0,0,0,0,0,0,0,0
6367,GENERAL,5,0,0,0,0,0,0,0,0,0
6368,GENERAL,5,0,0,0,0,0,0,0,0,0
6369,GENERAL,5,0,0,0,0,0,0,0,0,0
6370,GENERAL,5,0,0,0,0,0,0,0,0,0
6371,GENERAL,5,0,0,0,0,0,0,0,0,0
6372,GENERAL,5,0,0,0,0,0,0,0,0,0
6373,GENERAL,5,0,0,0,0,0,0,0,0,0
6374,GENERAL,5,0,0,0,0,0,0,0,0,0
6375,GENERAL,5,0,0,0,0,0,0,0,0,0
6376,GENERAL,5,0,0,0,0,0,0,0,0,0
6377,GENERAL,5,0,0,0,0,0,0,0,0,0
6378,GENERAL,5,0,0,0,0,0,0,0,0,0
6379,GENERAL,5,0,0,0,0,0,0,0,0,0
6380,GENERAL,5,0,0,0,0,0,0,0,0,0
6381,GENERAL,5,0,0,0,0,0,0,0,0,0
6382,GENERAL,5,0,0,0,0,0,0,0,0,0
6383,GENERAL,5,0,0,0,0,0,0,0,0,0
6384,GENERAL,5,0,0,0,0,0,0,0,0,0
6385,GENERAL,5,0,0,0,0,0,0,0,0,0
6386,GENERAL,5,0,0,0,0,0,0,0,0,0
6387,GENERAL,5,0,0,0,0,0,0,0,0,0
6388,GENERAL,5,0,0,0,0,0,0,0,0,0
6389,GENERAL,5,0,0,0,0,0,0,0,0,0
6390,GENERAL,5,0,0,0,0,0,0,0,0,0
6391,GENERAL,5,0,0,0,0,0,0,0,0,0
6392,GENERAL,5,0,0,0,0,0,0,0,0,0
6393,GENERAL,5,0,0,0,0,0,0,0,0,0
6394,GENERAL,5,0,0,0,0,0,0,0,0,0
6395,GENERAL,5,0,0,0,0,0,0,0,0,0
6396,GENERAL,5,0,0,0,0,0,0,0,0,0
6397,GENERAL,5,0,0,0,0,0,0,0,0,0
6398,GENERAL,5,0,0,0,0,0,0,0,0,0
6399,GENERAL,5,0,0,0,0,0,0,0,0,0
6400,GENERAL,5,0,0,0,0,0,0,0,0,0
6401,GENERAL,5,0,0,0,0,0,0,0,0,0
6402,GENERAL,5,0,0,0,0,0,0,0,0,0
6403,GENERAL,5,0,0,0,0,0,0,0,0,0
6404,GENERAL,5,0,0,0,0,0,0,0,0,0
6405,GENERAL,5,0,0,0,0,0,0,0,0,0
6406,GENERAL,5,0,0,0,0,0,0,0,0,0
6407,GENERAL,5,0,0,0,0,0,0,0,0,0
6408,GENERAL,5,0,0,0,0,0,0,0,0,0
6409,GENERAL,5,0,0,0,0,0,0,0,0,0
6410,GENERAL,5,0,0,0,0,0,0,0,0,0
6411,GENERAL,5,0,0,0,0,0,0,0,0,0
6412,GENERAL,5,0,0,0,0,0,0,0,0,0
6413,GENERAL,5,0,0,0,0,0,0,0,0,0
6414,GENERAL,5,0,0,0,0,0,0,0,0,0
6415,GENERAL,5,0,0,0,0,0,0,0,0,0
6416,GENERAL,5,0,0,0,0,0,0,0,0,0
6417,GENERAL,5,0,0,0,0,0,0,0,0,0
6418,GENERAL,5,0,0,0,0,0,0,0,0,0
6419,GENERAL,5,0,0,0,0,0,0,0,0,0
6420,GENERAL,5,0,0,0,0,0,0,0,0,0
6421,GENERAL,5,0,0,0,0,0,0,0,0,0
6422,GENERAL,5,0,0,0,0,0,0,0,0,0
6423,GENERAL,5,0,0,0,0,0,0,0,0,0
6424,GENERAL,5,0,0,0,0,0,0,0,0,0
6425,GENERAL,5,0,0,0,0,0,0,0,0,0
6426,GENERAL,5,0,0,0,0,0,0,0,0,0
6427,GENERAL,5,0,0,0,0,0,0,0,0,0
6428,GENERAL,5,0,0,0,0,0,0,0,0,0
6429,GENERAL,5,0,0,0,0,0,0,0,0,0
6430,GENERAL,5,0,0,0,0,0,0,0,0,0
6431,GENERAL,5,0,0,0,0,0,0,0,0,0
6432,GENERAL,5,0,0,0,0,0,0,0,0,0
6433,GENERAL,5,0,0,0,0,0,0,0,0,0
6434,GENERAL,5,0,0,0,0,0,0,0,0,0
6435,GENERAL,5,0,0,0,0,0,0,0,0,0
6436,GENERAL,5,0,0,0,0,0,0,0,0,0
6437,GENERAL,5,0,0,0,0,0,0,0,0,0
6438,GENERAL,5,0,0,0,0,0,0,0,0,0
6439,GENERAL,5,0,0,0,0,0,0,0,0,0
6440,GENERAL,5,0,0,0,0,0,0,0,0,0
6441,GENERAL,5,0,0,0,0,0,0,0,0,0
6442,GENERAL,5,0,0,0,0,0,0,0,0,0
6443,GENERAL,5,0,0,0,0,0,0,0,0,0
6444,GENERAL,5,0,0,0,0,0,0,0,0,0
6445,GENERAL,5,0,0,0,0,0,0,0,0,0
6446,GENERAL,5,0,0,0,0,0,0,0,0,0
6447,GENERAL,5,0,0,0,0,0,0,0,0,0
6448,GENERAL,5,0,0,0,0,0,0,0,0,0
6449,GENERAL,5,0,0,0,0,0,0,0,0,0
6450,GENERAL,5,0,0,0,0,0,0,0,0,0
6451,GENERAL,5,0,0,0,0,0,0,0,0,0
6452,GENERAL,5,0,0,0,0,0,0,0,0,0
6453,GENERAL,5,0,0,0,0,0,0,0,0,0
6454,GENERAL,5,0,0,0,0,0,0,0,0,0
6455,GENERAL,5,0,0,0,0,0,0,0,0,0
6456,GENERAL,5,0,0,0,0,0,0,0,0,0
6457,GENERAL,5,0,0,0,0,0,0,0,0,0
6458,GENERAL,5,0,0,0,0,0,0,0,0,0
6459,GENERAL,5,0,0,0,0,0,0,0,0,0
6460,GENERAL,5,0,0,0,0,0,0,0,0,0
6461,GENERAL,5,0,0,0,0,0,0,0,0,0
6462,GENERAL,5,0,0,0,0,0,0,0,0,0
6463,GENERAL,5,0,0,0,0,0,0,0,0,0
6464,GENERAL,5,0,0,0,0,0,0,0,0,0
6465,GENERAL,5,0,0,0,0,0,0,0,0,0
6466,GENERAL,5,0,0,0,0,0,0,0,0,0
6467,GENERAL,5,0,0,0,0,0,0,0,0,0
6468,GENERAL,5,0,0,0,0,0,0,0,0,0
6469,GENERAL,5,0,0,0,0,0,0,0,0,0
6470,GENERAL,5,0,0,0,0,0,0,0,0,0
6471,GENERAL,5,0,0,0,0,0,0,0,0,0
6472,GENERAL,5,0,0,0,0,0,0,0,0,0
6473,GENERAL,5,0,0,0,0,0,0,0,0,0
6474,GENERAL,5,0,0,0,0,0,0,0,0,0
6475,GENERAL,5,0,0,0,0,0,0,0,0,0
6476,GENERAL,5,0,0,0,0,0,0,0,0,0
6477,GENERAL,5,0,0,0,0,0,0,0,0,0
6478,GENERAL,5,0,0,0,0,0,0,0,0,0
6479,GENERAL,5,0,0,0,0,0,0,0,0,0
6480,GENERAL,5,0,0,0,0,0,0,0,0,0
6481,GENERAL,5,0,0,0,0,0,0,0,0,0
6482,GENERAL,5,0,0,0,0,0,0,0,0,0
6483,GENERAL,5,0,0,0,0,0,0,0,0,0
6484,GENERAL,5,0,0,0,0,0,0,0,0,0
6485,GENERAL,5,0,0,0,0,0,0,0,0,0
6486,GENERAL,5,0,0,0,0,0,0,0,0,0
6487,GENERAL,5,0,0,0,0,0,0,0,0,0
6488,GENERAL,5,0,0,0,0,0,0,0,0,0
6489,GENERAL,5,0,0,0,0,0,0,0,0,0
6490,GENERAL,5,0,0,0,0,0,0,0,0,0
6491,GENERAL,5,0,0,0,0,0,0,0,0,0
6492,GENERAL,5,0,0,0,0,0,0,0,0,0
6493,GENERAL,5,0,0,0,0,0,0,0,0,0
6494,GENERAL,5,0,0,0,0,0,0,0,0,0
6495,GENERAL,5,0,0,0,0,0,0,0,0,0
6496,GENERAL,5,0,0,0,0,0,0,0,0,0
6497,GENERAL,5,0,0,0,0,0,0,0,0,0
6498,GENERAL,5,0,0,0,0,0,0,0,0,0
6499,GENERAL,5,0,0,0,0,0,0,0,0,0
6500,GENERAL,5,0,0,0,0,0,0,0,0,0
6501,GENERAL,5,0,0,0,0,0,0,0,0,0
6502,GENERAL,5,0,0,0,0,0,0,0,0,0
6503,GENERAL,5,0,0,0,0,0,0,0,0,0
6504,GENERAL,5,0,0,0,0,0,0,0,0,0
6505,GENERAL,5,0,0,0,0,0,0,0,0,0
6506,GENERAL,5,0,0,0,0,0,0,0,0,0
6507,GENERAL,5,0,0,0,0,0,0,0,0,0
6508,GENERAL,5,0,0,0,0,0,0,0,0,0
6509,GENERAL,5,0,0,0,0,0,0,0,0,0
6510,GENERAL,5,0,0,0,0,0,0,0,0,0
6511,GENERAL,5,0,0,0,0,0,0,0,0,0
6512,GENERAL,5,0,0,0,0,0,0,0,0,0
6513,GENERAL,5,0,0,0,0,0,0,0,0,0
6514,GENERAL,5,0,0,0,0,0,0,0,0,0
6515,GENERAL,5,0,0,0,0,0,0,0,0,0
6516,GENERAL,5,0,0,0,0,0,0,0,0,0
6517,GENERAL,5,0,0,0,0,0,0,0,0,0
6518,GENERAL,5,0,0,0,0,0,0,0,0,0
6519,GENERAL,5,0,0,0,0,0,0,0,0,0
6520,GENERAL,5,0,0,0,0,0,0,0,0,0
6521,GENERAL,5,0,0,0,0,0,0,0,0,0
6522,GENERAL,5,0,0,0,0,0,0,0,0,0
6523,GENERAL,5,0,0,0,0,0,0,0,0,0
6524,GENERAL,5,0,0,0,0,0,0,0,0,0
6525,GENERAL,5,0,0,0,0,0,0,0,0,0
6526,GENERAL,5,0,0,0,0,0,0,0,0,0
6527,GENERAL,5,0,0,0,0,0,0,0,0,0
6528,GENERAL,5,0,0,0,0,0,0,0,0,0
6529,GENERAL,5,0,0,0,0,0,0,0,0,0
6530,GENERAL,5,0,0,0,0,0,0,0,0,0
6531,GENERAL,5,0,0,0,0,0,0,0,0,0
6532,GENERAL,5,0,0,0,0,0,0,0,0,0
6533,GENERAL,5,0,0,0,0,0,0,0,0,0
6534,GENERAL,5,0,0,0,0,0,0,0,0,0
6535,GENERAL,5,0,0,0,0,0,0,0,0,0
6536,GENERAL,5,0,0,0,0,0,0,0,0,0
6537,GENERAL,5,0,0,0,0,0,0,0,0,0
6538,GENERAL,5,0,0,0,0,0,0,0,0,0
6539,GENERAL,5,0,0,0,0,0,0,0,0,0
6540,GENERAL,5,0,0,0,0,0,0,0,0,0
6541,GENERAL,5,0,0,0,0,0,0,0,0,0
6542,GENERAL,5,0,0,0,0,0,0,0,0,0
6543,GENERAL,5,0,0,0,0,0,0,0,0,0
6544,GENERAL,5,0,0,0,0,0,0,0,0,0
6545,GENERAL,5,0,0,0,0,0,0,0,0,0
6546,GENERAL,5,0,0,0,0,0,0,0,0,0
6547,GENERAL,5,0,0,0,0,0,0,0,0,0
6548,GENERAL,5,0,0,0,0,0,0,0,0,0
6549,GENERAL,5,0,0,0,0,0,0,0,0,0
6550,GENERAL,5,0,0,0,0,0,0,0,0,0
6551,GENERAL,5,0,0,0,0,0,0,0,0,0
6552,GENERAL,5,0,0,0,0,0,0,0,0,0
6553,GENERAL,5,0,0,0,0,0,0,0,0,0
6554,GENERAL,5,0,0,0,0,0,0,0,0,0
6555,GENERAL,5,0,0,0,0,0,0,0,0,0
6556,GENERAL,5,0,0,0,0,0,0,0,0,0
6557,GENERAL,5,0,0,0,0,0,0,0,0,0
6558,GENERAL,5,0,0,0,0,0,0,0,0,0
6559,GENERAL,5,0,0,0,0,0,0,0,0,0
6560,GENERAL,5,0,0,0,0,0,0,0,0,0
6561,GENERAL,5,0,0,0,0,0,0,0,0,0
6562,GENERAL,5,0,0,0,0,0,0,0,0,0
6563,GENERAL,5,0,0,0,0,0,0,0,0,0
6564,GENERAL,5,0,0,0,0,0,0,0,0,0
6565,GENERAL,5,0,0,0,0,0,0,0,0,0
6566,GENERAL,5,0,0,0,0,0,0,0,0,0
6567,GENERAL,5,0,0,0,0,0,0,0,0,0
6568,GENERAL,5,0,0,0,0,0,0,0,0,0
6569,GENERAL,5,0,0,0,0,0,0,0,0,0
6570,GENERAL,5,0,0,0,0,0,0,0,0,0
6571,GENERAL,5,0,0,0,0,0,0,0,0,0
6572,GENERAL,5,0,0,0,0,0,0,0,0,0
6573,GENERAL,5,0,0,0,0,0,0,0,0,0
6574,GENERAL,5,0,0,0,0,0,0,0,0,0
6575,GENERAL,5,0,0,0,0,0,0,0,0,0
6576,GENERAL,5,0,0,0,0,0,0,0,0,0
6577,GENERAL,5,0,0,0,0,0,0,0,0,0
6578,GENERAL,5,0,0,0,0,0,0,0,0,0
6579,GENERAL,5,0,0,0,0,0,0,0,0,0
6580,GENERAL,5,0,0,0,0,0,0,0,0,0
6581,GENERAL,5,0,0,0,0,0,0,0,0,0
6582,GENERAL,5,0,0,0,0,0,0,0,0,0
6583,GENERAL,5,0,0,0,0,0,0,0,0,0
6584,GENERAL,5,0,0,0,0,0,0,0,0,0
6585,GENERAL,5,0,0,0,0,0,0,0,0,0
6586,GENERAL,5,0,0,0,0,0,0,0,0,0
6587,GENERAL,5,0,0,0,0,0,0,0,0,0
6588,GENERAL,5,0,0,0,0,0,0,0,0,0
6589,GENERAL,5,0,0,0,0,0,0,0,0,0
6590,GENERAL,5,0,0,0,0,0,0,0,0,0
6591,GENERAL,5,0,0,0,0,0,0,0,0,0
6592,GENERAL,5,0,0,0,0,0,0,0,0,0
6593,GENERAL,5,0,0,0,0,0,0,0,0,0
6594,GENERAL,5,0,0,0,0,0,0,0,0,0
6595,GENERAL,5,0,0,0,0,0,0,0,0,0
6596,GENERAL,5,0,0,0,0,0,0,0,0,0
6597,GENERAL,5,0,0,0,0,0,0,0,0,0
6598,GENERAL,5,0,0,0,0,0,0,0,0,0
6599,GENERAL,5,0,0,0,0,0,0,0,0,0
6600,GENERAL,5,0,0,0,0,0,0,0,0,0
6601,GENERAL,5,0,0,0,0,0,0,0,0,0
6602,GENERAL,5,0,0,0,0,0,0,0,0,0
6603,GENERAL,5,0,0,0,0,0,0,0,0,0
6604,GENERAL,5,0,0,0,0,0,0,0,0,0
6605,GENERAL,5,0,0,0,0,0,0,0,0,0
6606,GENERAL,5,0,0,0,0,0,0,0,0,0
6607,GENERAL,5,0,0,0,0,0,0,0,0,0
6608,GENERAL,5,0,0,0,0,0,0,0,0,0
6609,GENERAL,5,0,0,0,0,0,0,0,0,0
6610,GENERAL,5,0,0,0,0,0,0,0,0,0
6611,GENERAL,5,0,0,0,0,0,0,0,0,0
6612,GENERAL,5,0,0,0,0,0,0,0,0,0
6613,GENERAL,5,0,0,0,0,0,0,0,0,0
6614,GENERAL,5,0,0,0,0,0,0,0,0,0
6615,GENERAL,5,0,0,0,0,0,0,0,0,0
6616,GENERAL,5,0,0,0,0,0,0,0,0,0
6617,GENERAL,5,0,0,0,0,0,0,0,0,0
6618,GENERAL,5,0,0,0,0,0,0,0,0,0
6619,GENERAL,5,0,0,0,0,0,0,0,0,0
6620,GENERAL,5,0,0,0,0,0,0,0,0,0
6621,GENERAL,5,0,0,0,0,0,0,0,0,0
6622,GENERAL,5,0,0,0,0,0,0,0,0,0
6623,GENERAL,5,0,0,0,0,0,0,0,0,0
6624,GENERAL,5,0,0,0,0,0,0,0,0,0
6625,GENERAL,5,0,0,0,0,0,0,0,0,0
6626,GENERAL,5,0,0,0,0,0,0,0,0,0
6627,GENERAL,5,0,0,0,0,0,0,0,0,0
6628,GENERAL,5,0,0,0,0,0,0,0,0,0
6629,GENERAL,5,0,0,0,0,0,0,0,0,0
6630,GENERAL,5,0,0,0,0,0,0,0,0,0
6631,GENERAL,5,0,0,0,0,0,0,0,0,0
6632,GENERAL,5,0,0,0,0,0,0,0,0,0
6633,GENERAL,5,0,0,0,0,0,0,0,0,0
6634,GENERAL,5,0,0,0,0,0,0,0,0,0
6635,GENERAL,5,0,0,0,0,0,0,0,0,0
6636,GENERAL,5,0,0,0,0,0,0,0,0,0
6637,GENERAL,5,0,0,0,0,0,0,0,0,0
6638,GENERAL,5,0,0,0,0,0,0,0,0,0
6639,GENERAL,5,0,0,0,0,0,0,0,0,0
6640,GENERAL,5,0,0,0,0,0,0,0,0,0
6641,GENERAL,5,0,0,0,0,0,0,0,0,0
6642,GENERAL,5,0,0,0,0,0,0,0,0,0
6643,GENERAL,5,0,0,0,0,0,0,0,0,0
6644,GENERAL,5,0,0,0,0,0,0,0,0,0
6645,GENERAL,5,0,0,0,0,0,0,0,0,0
6646,GENERAL,5,0,0,0,0,0,0,0,0,0
6647,GENERAL,5,0,0,0,0,0,0,0,0,0
6648,GENERAL,5,0,0,0,0,0,0,0,0,0
6649,GENERAL,5,0,0,0,0,0,0,0,0,0
6650,GENERAL,5,0,0,0,0,0,0,0,0,0
6651,GENERAL,5,0,0,0,0,0,0,0,0,0
6652,GENERAL,5,0,0,0,0,0,0,0,0,0
6653,GENERAL,5,0,0,0,0,0,0,0,0,0
6654,GENERAL,5,0,0,0,0,0,0,0,0,0
6655,GENERAL,5,0,0,0,0,0,0,0,0,0
6656,GENERAL,5,0,0,0,0,0,0,0,0,0
6657,GENERAL,5,0,0,0,0,0,0,0,0,0
6658,GENERAL,5,0,0,0,0,0,0,0,0,0
6659,GENERAL,5,0,0,0,0,0,0,0,0,0
6660,GENERAL,5,0,0,0,0,0,0,0,0,0
6661,GENERAL,5,0,0,0,0,0,0,0,0,0
6662,GENERAL,5,0,0,0,0,0,0,0,0,0
6663,GENERAL,5,0,0,0,0,0,0,0,0,0
6664,GENERAL,5,0,0,0,0,0,0,0,0,0
6665,GENERAL,5,0,0,0,0,0,0,0,0,0
6666,GENERAL,5,0,0,0,0,0,0,0,0,0
6667,GENERAL,5,0,0,0,0,0,0,0,0,0
6668,GENERAL,5,0,0,0,0,0,0,0,0,0
6669,GENERAL,5,0,0,0,0,0,0,0,0,0
6670,GENERAL,5,0,0,0,0,0,0,0,0,0
6671,GENERAL,5,0,0,0,0,0,0,0,0,0
6672,GENERAL,5,0,0,0,0,0,0,0,0,0
6673,GENERAL,5,0,0,0,0,0,0,0,0,0
6674,GENERAL,5,0,0,0,0,0,0,0,0,0
6675,GENERAL,5,0,0,0,0,0,0,0,0,0
6676,GENERAL,5,0,0,0,0,0,0,0,0,0
6677,GENERAL,5,0,0,0,0,0,0,0,0,0
6678,GENERAL,5,0,0,0,0,0,0,0,0,0
6679,GENERAL,5,0,0,0,0,0,0,0,0,0
6680,GENERAL,5,0,0,0,0,0,0,0,0,0
6681,GENERAL,5,0,0,0,0,0,0,0,0,0
6682,GENERAL,5,0,0,0,0,0,0,0,0,0
6683,GENERAL,5,0,0,0,0,0,0,0,0,0
6684,GENERAL,5,0,0,0,0,0,0,0,0,0
6685,GENERAL,5,0,0,0,0,0,0,0,0,0
6686,GENERAL,5,0,0,0,0,0,0,0,0,0
6687,GENERAL,5,0,0,0,0,0,0,0,0,0
6688,GENERAL,5,0,0,0,0,0,0,0,0,0
6689,GENERAL,5,0,0,0,0,0,0,0,0,0
6690,GENERAL,5,0,0,0,0,0,0,0,0,0
6691,GENERAL,5,0,0,0,0,0,0,0,0,0
6692,GENERAL,5,0,0,0,0,0,0,0,0,0
6693,GENERAL,5,0,0,0,0,0,0,0,0,0
6694,GENERAL,5,0,0,0,0,0,0,0,0,0
6695,GENERAL,5,0,0,0,0,0,0,0,0,0
6696,GENERAL,5,0,0,0,0,0,0,0,0,0
6697,GENERAL,5,0,0,0,0,0,0,0,0,0
6698,GENERAL,5,0,0,0,0,0,0,0,0,0
6699,GENERAL,5,0,0,0,0,0,0,0,0,0
6700,GENERAL,5,0,0,0,0,0,0,0,0,0
6701,GENERAL,5,0,0,0,0,0,0,0,0,0
6702,GENERAL,5,0,0,0,0,0,0,0,0,0
6703,GENERAL,5,0,0,0,0,0,0,0,0,0
6704,GENERAL,5,0,0,0,0,0,0,0,0,0
6705,GENERAL,5,0,0,0,0,0,0,0,0,0
6706,GENERAL,5,0,0,0,0,0,0,0,0,0
6707,GENERAL,5,0,0,0,0,0,0,0,0,0
6708,GENERAL,5,0,0,0,0,0,0,0,0,0
6709,GENERAL,5,0,0,0,0,0,0,0,0,0
6710,GENERAL,5,0,0,0,0,0,0,0,0,0
6711,GENERAL,5,0,0,0,0,0,0,0,0,0
6712,GENERAL,5,0,0,0,0,0,0,0,0,0
6713,GENERAL,5,0,0,0,0,0,0,0,0,0
6714,GENERAL,5,0,0,0,0,0,0,0,0,0
6715,GENERAL,5,0,0,0,0,0,0,0,0,0
6716,GENERAL,5,0,0,0,0,0,0,0,0,0
6717,GENERAL,5,0,0,0,0,0,0,0,0,0
6718,GENERAL,5,0,0,0,0,0,0,0,0,0
6719,GENERAL,5,0,0,0,0,0,0,0,0,0
6720,GENERAL,5,0,0,0,0,0,0,0,0,0
6721,GENERAL,5,0,0,0,0,0,0,0,0,0
6722,GENERAL,5,0,0,0,0,0,0,0,0,0
6723,GENERAL,5,0,0,0,0,0,0,0,0,0
6724,GENERAL,5,0,0,0,0,0,0,0,0,0
6725,GENERAL,5,0,0,0,0,0,0,0,0,0
6726,GENERAL,5,0,0,0,0,0,0,0,0,0
6727,GENERAL,5,0,0,0,0,0,0,0,0,0
6728,GENERAL,5,0,0,0,0,0,0,0,0,0
6729,GENERAL,5,0,0,0,0,0,0,0,0,0
6730,GENERAL,5,0,0,0,0,0,0,0,0,0
6731,GENERAL,5,0,0,0,0,0,0,0,0,0
6732,GENERAL,5,0,0,0,0,0,0,0,0,0
6733,GENERAL,5,0,0,0,0,0,0,0,0,0
6734,GENERAL,5,0,0,0,0,0,0,0,0,0
6735,GENERAL,5,0,0,0,0,0,0,0,0,0
6736,GENERAL,5,0,0,0,0,0,0,0,0,0
6737,GENERAL,5,0,0,0,0,0,0,0,0,0
6738,GENERAL,5,0,0,0,0,0,0,0,0,0
6739,GENERAL,5,0,0,0,0,0,0,0,0,0
6740,GENERAL,5,0,0,0,0,0,0,0,0,0
6741,GENERAL,5,0,0,0,0,0,0,0,0,0
6742,GENERAL,5,0,0,0,0,0,0,0,0,0
6743,GENERAL,5,0,0,0,0,0,0,0,0,0
6744,GENERAL,5,0,0,0,0,0,0,0,0,0
6745,GENERAL,5,0,0,0,0,0,0,0,0,0
6746,GENERAL,5,0,0,0,0,0,0,0,0,0
6747,GENERAL,5,0,0,0,0,0,0,0,0,0
6748,GENERAL,5,0,0,0,0,0,0,0,0,0
6749,GENERAL,5,0,0,0,0,0,0,0,0,0
6750,GENERAL,5,0,0,0,0,0,0,0,0,0
6751,GENERAL,5,0,0,0,0,0,0,0,0,0
6752,GENERAL,5,0,0,0,0,0,0,0,0,0
6753,GENERAL,5,0,0,0,0,0,0,0,0,0
6754,GENERAL,5,0,0,0,0,0,0,0,0,0
6755,GENERAL,5,0,0,0,0,0,0,0,0,0
6756,GENERAL,5,0,0,0,0,0,0,0,0,0
6757,GENERAL,5,0,0,0,0,0,0,0,0,0
6758,GENERAL,5,0,0,0,0,0,0,0,0,0
6759,GENERAL,5,0,0,0,0,0,0,0,0,0
6760,GENERAL,5,0,0,0,0,0,0,0,0,0
6761,GENERAL,5,0,0,0,0,0,0,0,0,0
6762,GENERAL,5,0,0,0,0,0,0,0,0,0
6763,GENERAL,5,0,0,0,0,0,0,0,0,0
6764,GENERAL,5,0,0,0,0,0,0,0,0,0
6765,GENERAL,5,0,0,0,0,0,0,0,0,0
6766,GENERAL,5,0,0,0,0,0,0,0,0,0
6767,GENERAL,5,0,0,0,0,0,0,0,0,0
6768,GENERAL,5,0,0,0,0,0,0,0,0,0
6769,GENERAL,5,0,0,0,0,0,0,0,0,0
6770,GENERAL,5,0,0,0,0,0,0,0,0,0
6771,GENERAL,5,0,0,0,0,0,0,0,0,0
6772,GENERAL,5,0,0,0,0,0,0,0,0,0
6773,GENERAL,5,0,0,0,0,0,0,0,0,0
6774,GENERAL,5,0,0,0,0,0,0,0,0,0
6775,GENERAL,5,0,0,0,0,0,0,0,0,0
6776,GENERAL,5,0,0,0,0,0,0,0,0,0
6777,GENERAL,5,0,0,0,0,0,0,0,0,0
6778,GENERAL,5,0,0,0,0,0,0,0,0,0
6779,GENERAL,5,0,0,0,0,0,0,0,0,0
6780,GENERAL,5,0,0,0,0,0,0,0,0,0
6781,GENERAL,5,0,0,0,0,0,0,0,0,0
6782,GENERAL,5,0,0,0,0,0,0,0,0,0
6783,GENERAL,5,0,0,0,0,0,0,0,0,0
6784,GENERAL,5,0,0,0,0,0,0,0,0,0
6785,GENERAL,5,0,0,0,0,0,0,0,0,0
6786,GENERAL,5,0,0,0,0,0,0,0,0,0
6787,GENERAL,5,0,0,0,0,0,0,0,0,0
6788,GENERAL,5,0,0,0,0,0,0,0,0,0
6789,GENERAL,5,0,0,0,0,0,0,0,0,0
6790,GENERAL,5,0,0,0,0,0,0,0,0,0
6791,GENERAL,5,0,0,0,0,0,0,0,0,0
6792,GENERAL,5,0,0,0,0,0,0,0,0,0
6793,GENERAL,5,0,0,0,0,0,0,0,0,0
6794,GENERAL,5,0,0,0,0,0,0,0,0,0
6795,GENERAL,5,0,0,0,0,0,0,0,0,0
6796,GENERAL,5,0,0,0,0,0,0,0,0,0
6797,GENERAL,5,0,0,0,0,0,0,0,0,0
6798,GENERAL,5,0,0,0,0,0,0,0,0,0
6799,GENERAL,5,0,0,0,0,0,0,0,0,0
6800,GENERAL,5,0,0,0,0,0,0,0,0,0
6801,GENERAL,5,0,0,0,0,0,0,0,0,0
6802,GENERAL,5,0,0,0,0,0,0,0,0,0
6803,GENERAL,5,0,0,0,0,0,0,0,0,0
6804,GENERAL,5,0,0,0,0,0,0,0,0,0
6805,GENERAL,5,0,0,0,0,0,0,0,0,0
6806,GENERAL,5,0,0,0,0,0,0,0,0,0
6807,GENERAL,5,0,0,0,0,0,0,0,0,0
6808,GENERAL,5,0,0,0,0,0,0,0,0,0
6809,GENERAL,5,0,0,0,0,0,0,0,0,0
6810,GENERAL,5,0,0,0,0,0,0,0,0,0
6811,GENERAL,5,0,0,0,0,0,0,0,0,0
6812,GENERAL,5,0,0,0,0,0,0,0,0,0
6813,GENERAL,5,0,0,0,0,0,0,0,0,0
6814,GENERAL,5,0,0,0,0,0,0,0,0,0
6815,GENERAL,5,0,0,0,0,0,0,0,0,0
6816,GENERAL,5,0,0,0,0,0,0,0,0,0
6817,GENERAL,5,0,0,0,0,0,0,0,0,0
6818,GENERAL,5,0,0,0,0,0,0,0,0,0
6819,GENERAL,5,0,0,0,0,0,0,0,0,0
6820,GENERAL,5,0,0,0,0,0,0,0,0,0
6821,GENERAL,5,0,0,0,0,0,0,0,0,0
6822,GENERAL,5,0,0,0,0,0,0,0,0,0
6823,GENERAL,5,0,0,0,0,0,0,0,0,0
6824,GENERAL,5,0,0,0,0,0,0,0,0,0
6825,GENERAL,5,0,0,0,0,0,0,0,0,0
6826,GENERAL,5,0,0,0,0,0,0,0,0,0
6827,GENERAL,5,0,0,0,0,0,0,0,0,0
6828,GENERAL,5,0,0,0,0,0,0,0,0,0
6829,GENERAL,5,0,0,0,0,0,0,0,0,0
6830,GENERAL,5,0,0,0,0,0,0,0,0,0
6831,GENERAL,5,0,0,0,0,0,0,0,0,0
6832,GENERAL,5,0,0,0,0,0,0,0,0,0
6833,GENERAL,5,0,0,0,0,0,0,0,0,0
6834,GENERAL,5,0,0,0,0,0,0,0,0,0
6835,GENERAL,5,0,0,0,0,0,0,0,0,0
6836,GENERAL,5,0,0,0,0,0,0,0,0,0
6837,GENERAL,5,0,0,0,0,0,0,0,0,0
6838,GENERAL,5,0,0,0,0,0,0,0,0,0
6839,GENERAL,5,0,0,0,0,0,0,0,0,0
6840,GENERAL,5,0,0,0,0,0,0,0,0,0
6841,GENERAL,5,0,0,0,0,0,0,0,0,0
6842,GENERAL,5,0,0,0,0,0,0,0,0,0
6843,GENERAL,5,0,0,0,0,0,0,0,0,0
6844,GENERAL,5,0,0,0,0,0,0,0,0,0
6845,GENERAL,5,0,0,0,0,0,0,0,0,0
6846,GENERAL,5,0,0,0,0,0,0,0,0,0
6847,GENERAL,5,0,0,0,0,0,0,0,0,0
6848,GENERAL,5,0,0,0,0,0,0,0,0,0
6849,GENERAL,5,0,0,0,0,0,0,0,0,0
6850,GENERAL,5,0,0,0,0,0,0,0,0,0
6851,GENERAL,5,0,0,0,0,0,0,0,0,0
6852,GENERAL,5,0,0,0,0,0,0,0,0,0
6853,GENERAL,5,0,0,0,0,0,0,0,0,0
6854,GENERAL,5,0,0,0,0,0,0,0,0,0
6855,GENERAL,5,0,0,0,0,0,0,0,0,0
6856,GENERAL,5,0,0,0,0,0,0,0,0,0
6857,GENERAL,5,0,0,0,0,0,0,0,0,0
6858,GENERAL,5,0,0,0,0,0,0,0,0,0
6859,GENERAL,5,0,0,0,0,0,0,0,0,0
6860,GENERAL,5,0,0,0,0,0,0,0,0,0
6861,GENERAL,5,0,0,0,0,0,0,0,0,0
6862,GENERAL,5,0,0,0,0,0,0,0,0,0
6863,GENERAL,5,0,0,0,0,0,0,0,0,0
6864,GENERAL,5,0,0,0,0,0,0,0,0,0
6865,GENERAL,5,0,0,0,0,0,0,0,0,0
6866,GENERAL,5,0,0,0,0,0,0,0,0,0
6867,GENERAL,5,0,0,0,0,0,0,0,0,0
6868,GENERAL,5,0,0,0,0,0,0,0,0,0
6869,GENERAL,5,0,0,0,0,0,0,0,0,0
6870,GENERAL,5,0,0,0,0,0,0,0,0,0
6871,GENERAL,5,0,0,0,0,0,0,0,0,0
6872,GENERAL,5,0,0,0,0,0,0,0,0,0
6873,GENERAL,5,0,0,0,0,0,0,0,0,0
6874,GENERAL,5,0,0,0,0,0,0,0,0,0
6875,GENERAL,5,0,0,0,0,0,0,0,0,0
6876,GENERAL,5,0,0,0,0,0,0,0,0,0
6877,GENERAL,5,0,0,0,0,0,0,0,0,0
6878,GENERAL,5,0,0,0,0,0,0,0,0,0
6879,GENERAL,5,0,0,0,0,0,0,0,0,0
6880,GENERAL,5,0,0,0,0,0,0,0,0,0
6881,GENERAL,5,0,0,0,0,0,0,0,0,0
6882,GENERAL,5,0,0,0,0,0,0,0,0,0
6883,GENERAL,5,0,0,0,0,0,0,0,0,0
6884,GENERAL,5,0,0,0,0,0,0,0,0,0
6885,GENERAL,5,0,0,0,0,0,0,0,0,0
6886,GENERAL,5,0,0,0,0,0,0,0,0,0
6887,GENERAL,5,0,0,0,0,0,0,0,0,0
6888,GENERAL,5,0,0,0,0,0,0,0,0,0
6889,GENERAL,5,0,0,0,0,0,0,0,0,0
6890,GENERAL,5,0,0,0,0,0,0,0,0,0
6891,GENERAL,5,0,0,0,0,0,0,0,0,0
6892,GENERAL,5,0,0,0,0,0,0,0,0,0
6893,GENERAL,5,0,0,0,0,0,0,0,0,0
6894,GENERAL,5,0,0,0,0,0,0,0,0,0
6895,GENERAL,5,0,0,0,0,0,0,0,0,0
6896,GENERAL,5,0,0,0,0,0,0,0,0,0
6897,GENERAL,5,0,0,0,0,0,0,0,0,0
6898,GENERAL,5,0,0,0,0,0,0,0,0,0
6899,GENERAL,5,0,0,0,0,0,0,0,0,0
6900,GENERAL,5,0,0,0,0,0,0,0,0,0
6901,GENERAL,5,0,0,0,0,0,0,0,0,0
6902,GENERAL,5,0,0,0,0,0,0,0,0,0
6903,GENERAL,5,0,0,0,0,0,0,0,0,0
6904,GENERAL,5,0,0,0,0,0,0,0,0,0
6905,GENERAL,5,0,0,0,0,0,0,0,0,0
6906,GENERAL,5,0,0,0,0,0,0,0,0,0
6907,GENERAL,5,0,0,0,0,0,0,0,0,0
6908,GENERAL,5,0,0,0,0,0,0,0,0,0
6909,GENERAL,5,0,0,0,0,0,0,0,0,0
6910,GENERAL,5,0,0,0,0,0,0,0,0,0
6911,GENERAL,5,0,0,0,0,0,0,0,0,0
6912,GENERAL,5,0,0,0,0,0,0,0,0,0
6913,GENERAL,5,0,0,0,0,0,0,0,0,0
6914,GENERAL,5,0,0,0,0,0,0,0,0,0
6915,GENERAL,5,0,0,0,0,0,0,0,0,0
6916,GENERAL,5,0,0,0,0,0,0,0,0,0
6917,GENERAL,5,0,0,0,0,0,0,0,0,0
6918,GENERAL,5,0,0,0,0,0,0,0,0,0
6919,GENERAL,5,0,0,0,0,0,0,0,0,0
6920,GENERAL,5,0,0,0,0,0,0,0,0,0
6921,GENERAL,5,0,0,0,0,0,0,0,0,0
6922,GENERAL,5,0,0,0,0,0,0,0,0,0
6923,GENERAL,5,0,0,0,0,0,0,0,0,0
6924,GENERAL,5,0,0,0,0,0,0,0,0,0
6925,GENERAL,5,0,0,0,0,0,0,0,0,0
6926,GENERAL,5,0,0,0,0,0,0,0,0,0
6927,GENERAL,5,0,0,0,0,0,0,0,0,0
6928,GENERAL,5,0,0,0,0,0,0,0,0,0
6929,GENERAL,5,0,0,0,0,0,0,0,0,0
6930,GENERAL,5,0,0,0,0,0,0,0,0,0
6931,GENERAL,5,0,0,0,0,0,0,0,0,0
6932,GENERAL,5,0,0,0,0,0,0,0,0,0
6933,GENERAL,5,0,0,0,0,0,0,0,0,0
6934,GENERAL,5,0,0,0,0,0,0,0,0,0
6935,GENERAL,5,0,0,0,0,0,0,0,0,0
6936,GENERAL,5,0,0,0,0,0,0,0,0,0
6937,GENERAL,5,0,0,0,0,0,0,0,0,0
6938,GENERAL,5,0,0,0,0,0,0,0,0,0
6939,GENERAL,5,0,0,0,0,0,0,0,0,0
6940,GENERAL,5,0,0,0,0,0,0,0,0,0
6941,GENERAL,5,0,0,0,0,0,0,0,0,0
6942,GENERAL,5,0,0,0,0,0,0,0,0,0
6943,GENERAL,5,0,0,0,0,0,0,0,0,0
6944,GENERAL,5,0,0,0,0,0,0,0,0,0
6945,GENERAL,5,0,0,0,0,0,0,0,0,0
6946,GENERAL,5,0,0,0,0,0,0,0,0,0
6947,GENERAL,5,0,0,0,0,0,0,0,0,0
6948,GENERAL,5,0,0,0,0,0,0,0,0,0
6949,GENERAL,5,0,0,0,0,0,0,0,0,0
6950,GENERAL,5,0,0,0,0,0,0,0,0,0
6951,GENERAL,5,0,0,0,0,0,0,0,0,0
6952,GENERAL,5,0,0,0,0,0,0,0,0,0
6953,GENERAL,5,0,0,0,0,0,0,0,0,0
6954,GENERAL,5,0,0,0,0,0,0,0,0,0
6955,GENERAL,5,0,0,0,0,0,0,0,0,0
6956,GENERAL,5,0,0,0,0,0,0,0,0,0
6957,GENERAL,5,0,0,0,0,0,0,0,0,0
6958,GENERAL,5,0,0,0,0,0,0,0,0,0
6959,GENERAL,5,0,0,0,0,0,0,0,0,0
6960,GENERAL,5,0,0,0,0,0,0,0,0,0
6961,GENERAL,5,0,0,0,0,0,0,0,0,0
6962,GENERAL,5,0,0,0,0,0,0,0,0,0
6963,GENERAL,5,0,0,0,0,0,0,0,0,0
6964,GENERAL,5,0,0,0,0,0,0,0,0,0
6965,GENERAL,5,0,0,0,0,0,0,0,0,0
6966,GENERAL,5,0,0,0,0,0,0,0,0,0
6967,GENERAL,5,0,0,0,0,0,0,0,0,0
6968,GENERAL,5,0,0,0,0,0,0,0,0,0
6969,GENERAL,5,0,0,0,0,0,0,0,0,0
6970,GENERAL,5,0,0,0,0,0,0,0,0,0
6971,GENERAL,5,0,0,0,0,0,0,0,0,0
6972,GENERAL,5,0,0,0,0,0,0,0,0,0
6973,GENERAL,5,0,0,0,0,0,0,0,0,0
6974,GENERAL,5,0,0,0,0,0,0,0,0,0
6975,GENERAL,5,0,0,0,0,0,0,0,0,0
6976,GENERAL,5,0,0,0,0,0,0,0,0,0
6977,GENERAL,5,0,0,0,0,0,0,0,0,0
6978,GENERAL,5,0,0,0,0,0,0,0,0,0
6979,GENERAL,5,0,0,0,0,0,0,0,0,0
6980,GENERAL,5,0,0,0,0,0,0,0,0,0
6981,GENERAL,5,0,0,0,0,0,0,0,0,0
6982,GENERAL,5,0,0,0,0,0,0,0,0,0
6983,GENERAL,5,0,0,0,0,0,0,0,0,0
6984,GENERAL,5,0,0,0,0,0,0,0,0,0
6985,GENERAL,5,0,0,0,0,0,0,0,0,0
6986,GENERAL,5,0,0,0,0,0,0,0,0,0
6987,GENERAL,5,0,0,0,0,0,0,0,0,0
6988,GENERAL,5,0,0,0,0,0,0,0,0,0
6989,GENERAL,5,0,0,0,0,0,0,0,0,0
6990,GENERAL,5,0,0,0,0,0,0,0,0,0
6991,GENERAL,5,0,0,0,0,0,0,0,0,0
6992,GENERAL,5,0,0,0,0,0,0,0,0,0
6993,GENERAL,5,0,0,0,0,0,0,0,0,0
6994,GENERAL,5,0,0,0,0,0,0,0,0,0
6995,GENERAL,5,0,0,0,0,0,0,0,0,0
6996,GENERAL,5,0,0,0,0,0,0,0,0,0
6997,GENERAL,5,0,0,0,0,0,0,0,0,0
6998,GENERAL,5,0,0,0,0,0,0,0,0,0
6999,GENERAL,5,0,0,0,0,0,0,0,0,0
7000,GENERAL,5,0,0,0,0,0,0,0,0,0
7001,GENERAL,5,0,0,0,0,0,0,0,0,0
7002,GENERAL,5,0,0,0,0,0,0,0,0,0
7003,GENERAL,5,0,0,0,0,0,0,0,0,0
7004,GENERAL,5,0,0,0,0,0,0,0,0,0
7005,GENERAL,5,0,0,0,0,0,0,0,0,0
7006,GENERAL,5,0,0,0,0,0,0,0,0,0
7007,GENERAL,5,0,0,0,0,0,0,0,0,0
7008,GENERAL,5,0,0,0,0,0,0,0,0,0
7009,GENERAL,5,0,0,0,0,0,0,0,0,0
7010,GENERAL,5,0,0,0,0,0,0,0,0,0
7011,GENERAL,5,0,0,0,0,0,0,0,0,0
7012,GENERAL,5,0,0,0,0,0,0,0,0,0
7013,GENERAL,5,0,0,0,0,0,0,0,0,0
7014,GENERAL,5,0,0,0,0,0,0,0,0,0
7015,GENERAL,5,0,0,0,0,0,0,0,0,0
7016,GENERAL,5,0,0,0,0,0,0,0,0,0
7017,GENERAL,5,0,0,0,0,0,0,0,0,0
7018,GENERAL,5,0,0,0,0,0,0,0,0,0
7019,GENERAL,5,0,0,0,0,0,0,0,0,0
7020,GENERAL,5,0,0,0,0,0,0,0,0,0
7021,GENERAL,5,0,0,0,0,0,0,0,0,0
7022,GENERAL,5,0,0,0,0,0,0,0,0,0
7023,GENERAL,5,0,0,0,0,0,0,0,0,0
7024,GENERAL,5,0,0,0,0,0,0,0,0,0
7025,GENERAL,5,0,0,0,0,0,0,0,0,0
7026,GENERAL,5,0,0,0,0,0,0,0,0,0
7027,GENERAL,5,0,0,0,0,0,0,0,0,0
7028,GENERAL,5,0,0,0,0,0,0,0,0,0
7029,GENERAL,5,0,0,0,0,0,0,0,0,0
7030,GENERAL,5,0,0,0,0,0,0,0,0,0
7031,GENERAL,5,0,0,0,0,0,0,0,0,0
7032,GENERAL,5,0,0,0,0,0,0,0,0,0
7033,GENERAL,5,0,0,0,0,0,0,0,0,0
7034,GENERAL,5,0,0,0,0,0,0,0,0,0
7035,GENERAL,5,0,0,0,0,0,0,0,0,0
7036,GENERAL,5,0,0,0,0,0,0,0,0,0
7037,GENERAL,5,0,0,0,0,0,0,0,0,0
7038,GENERAL,5,0,0,0,0,0,0,0,0,0
7039,GENERAL,5,0,0,0,0,0,0,0,0,0
7040,GENERAL,5,0,0,0,0,0,0,0,0,0
7041,GENERAL,5,0,0,0,0,0,0,0,0,0
7042,GENERAL,5,0,0,0,0,0,0,0,0,0
7043,GENERAL,5,0,0,0,0,0,0,0,0,0
7044,GENERAL,5,0,0,0,0,0,0,0,0,0
7045,GENERAL,5,0,0,0,0,0,0,0,0,0
7046,GENERAL,5,0,0,0,0,0,0,0,0,0
7047,GENERAL,5,0,0,0,0,0,0,0,0,0
7048,GENERAL,5,0,0,0,0,0,0,0,0,0
7049,GENERAL,5,0,0,0,0,0,0,0,0,0
7050,GENERAL,5,0,0,0,0,0,0,0,0,0
7051,GENERAL,5,0,0,0,0,0,0,0,0,0
7052,GENERAL,5,0,0,0,0,0,0,0,0,0
7053,GENERAL,5,0,0,0,0,0,0,0,0,0
7054,GENERAL,5,0,0,0,0,0,0,0,0,0
7055,GENERAL,5,0,0,0,0,0,0,0,0,0
7056,GENERAL,5,0,0,0,0,0,0,0,0,0
7057,GENERAL,5,0,0,0,0,0,0,0,0,0
7058,GENERAL,5,0,0,0,0,0,0,0,0,0
7059,GENERAL,5,0,0,0,0,0,0,0,0,0
7060,GENERAL,5,0,0,0,0,0,0,0,0,0
7061,GENERAL,5,0,0,0,0,0,0,0,0,0
7062,GENERAL,5,0,0,0,0,0,0,0,0,0
7063,GENERAL,5,0,0,0,0,0,0,0,0,0
7064,GENERAL,5,0,0,0,0,0,0,0,0,0
7065,GENERAL,5,0,0,0,0,0,0,0,0,0
7066,GENERAL,5,0,0,0,0,0,0,0,0,0
7067,GENERAL,5,0,0,0,0,0,0,0,0,0
7068,GENERAL,5,0,0,0,0,0,0,0,0,0
7069,GENERAL,5,0,0,0,0,0,0,0,0,0
7070,GENERAL,5,0,0,0,0,0,0,0,0,0
7071,GENERAL,5,0,0,0,0,0,0,0,0,0
7072,GENERAL,5,0,0,0,0,0,0,0,0,0
7073,GENERAL,5,0,0,0,0,0,0,0,0,0
7074,GENERAL,5,0,0,0,0,0,0,0,0,0
7075,GENERAL,5,0,0,0,0,0,0,0,0,0
7076,GENERAL,5,0,0,0,0,0,0,0,0,0
7077,GENERAL,5,0,0,0,0,0,0,0,0,0
7078,GENERAL,5,0,0,0,0,0,0,0,0,0
7079,GENERAL,5,0,0,0,0,0,0,0,0,0
7080,GENERAL,5,0,0,0,0,0,0,0,0,0
7081,GENERAL,5,0,0,0,0,0,0,0,0,0
7082,GENERAL,5,0,0,0,0,0,0,0,0,0
7083,GENERAL,5,0,0,0,0,0,0,0,0,0
7084,GENERAL,5,0,0,0,0,0,0,0,0,0
7085,GENERAL,5,0,0,0,0,0,0,0,0,0
7086,GENERAL,5,0,0,0,0,0,0,0,0,0
7087,GENERAL,5,0,0,0,0,0,0,0,0,0
7088,GENERAL,5,0,0,0,0,0,0,0,0,0
7089,GENERAL,5,0,0,0,0,0,0,0,0,0
7090,GENERAL,5,0,0,0,0,0,0,0,0,0
7091,GENERAL,5,0,0,0,0,0,0,0,0,0
7092,GENERAL,5,0,0,0,0,0,0,0,0,0
7093,GENERAL,5,0,0,0,0,0,0,0,0,0
7094,GENERAL,5,0,0,0,0,0,0,0,0,0
7095,GENERAL,5,0,0,0,0,0,0,0,0,0
7096,GENERAL,5,0,0,0,0,0,0,0,0,0
7097,GENERAL,5,0,0,0,0,0,0,0,0,0
7098,GENERAL,5,0,0,0,0,0,0,0,0,0
7099,GENERAL,5,0,0,0,0,0,0,0,0,0
7100,GENERAL,5,0,0,0,0,0,0,0,0,0
7101,GENERAL,5,0,0,0,0,0,0,0,0,0
7102,GENERAL,5,0,0,0,0,0,0,0,0,0
7103,GENERAL,5,0,0,0,0,0,0,0,0,0
7104,GENERAL,5,0,0,0,0,0,0,0,0,0
7105,GENERAL,5,0,0,0,0,0,0,0,0,0
7106,GENERAL,5,0,0,0,0,0,0,0,0,0
7107,GENERAL,5,0,0,0,0,0,0,0,0,0
7108,GENERAL,5,0,0,0,0,0,0,0,0,0
7109,GENERAL,5,0,0,0,0,0,0,0,0,0
7110,GENERAL,5,0,0,0,0,0,0,0,0,0
7111,GENERAL,5,0,0,0,0,0,0,0,0,0
7112,GENERAL,5,0,0,0,0,0,0,0,0,0
7113,GENERAL,5,0,0,0,0,0,0,0,0,0
7114,GENERAL,5,0,0,0,0,0,0,0,0,0
7115,GENERAL,5,0,0,0,0,0,0,0,0,0
7116,GENERAL,5,0,0,0,0,0,0,0,0,0
7117,GENERAL,5,0,0,0,0,0,0,0,0,0
7118,GENERAL,5,0,0,0,0,0,0,0,0,0
7119,GENERAL,5,0,0,0,0,0,0,0,0,0
7120,GENERAL,5,0,0,0,0,0,0,0,0,0
7121,GENERAL,5,0,0,0,0,0,0,0,0,0
7122,GENERAL,5,0,0,0,0,0,0,0,0,0
7123,GENERAL,5,0,0,0,0,0,0,0,0,0
7124,GENERAL,5,0,0,0,0,0,0,0,0,0
7125,GENERAL,5,0,0,0,0,0,0,0,0,0
7126,GENERAL,5,0,0,0,0,0,0,0,0,0
7127,GENERAL,5,0,0,0,0,0,0,0,0,0
7128,GENERAL,5,0,0,0,0,0,0,0,0,0
7129,GENERAL,5,0,0,0,0,0,0,0,0,0
7130,GENERAL,5,0,0,0,0,0,0,0,0,0
7131,GENERAL,5,0,0,0,0,0,0,0,0,0
7132,GENERAL,5,0,0,0,0,0,0,0,0,0
7133,GENERAL,5,0,0,0,0,0,0,0,0,0
7134,GENERAL,5,0,0,0,0,0,0,0,0,0
7135,GENERAL,5,0,0,0,0,0,0,0,0,0
7136,GENERAL,5,0,0,0,0,0,0,0,0,0
7137,GENERAL,5,0,0,0,0,0,0,0,0,0
7138,GENERAL,5,0,0,0,0,0,0,0,0,0
7139,GENERAL,5,0,0,0,0,0,0,0,0,0
7140,GENERAL,5,0,0,0,0,0,0,0,0,0
7141,GENERAL,5,0,0,0,0,0,0,0,0,0
7142,GENERAL,5,0,0,0,0,0,0,0,0,0
7143,GENERAL,5,0,0,0,0,0,0,0,0,0
7144,GENERAL,5,0,0,0,0,0,0,0,0,0
7145,GENERAL,5,0,0,0,0,0,0,0,0,0
7146,GENERAL,5,0,0,0,0,0,0,0,0,0
7147,GENERAL,5,0,0,0,0,0,0,0,0,0
7148,GENERAL,5,0,0,0,0,0,0,0,0,0
7149,GENERAL,5,0,0,0,0,0,0,0,0,0
7150,GENERAL,5,0,0,0,0,0,0,0,0,0
7151,GENERAL,5,0,0,0,0,0,0,0,0,0
7152,GENERAL,5,0,0,0,0,0,0,0,0,0
7153,GENERAL,5,0,0,0,0,0,0,0,0,0
7154,GENERAL,5,0,0,0,0,0,0,0,0,0
7155,GENERAL,5,0,0,0,0,0,0,0,0,0
7156,GENERAL,5,0,0,0,0,0,0,0,0,0
7157,GENERAL,5,0,0,0,0,0,0,0,0,0
7158,GENERAL,5,0,0,0,0,0,0,0,0,0
7159,GENERAL,5,0,0,0,0,0,0,0,0,0
7160,GENERAL,5,0,0,0,0,0,0,0,0,0
7161,GENERAL,5,0,0,0,0,0,0,0,0,0
7162,GENERAL,5,0,0,0,0,0,0,0,0,0
7163,GENERAL,5,0,0,0,0,0,0,0,0,0
7164,GENERAL,5,0,0,0,0,0,0,0,0,0
7165,GENERAL,5,0,0,0,0,0,0,0,0,0
7166,GENERAL,5,0,0,0,0,0,0,0,0,0
7167,GENERAL,5,0,0,0,0,0,0,0,0,0
7168,GENERAL,5,0,0,0,0,0,0,0,0,0
7169,GENERAL,5,0,0,0,0,0,0,0,0,0
7170,GENERAL,5,0,0,0,0,0,0,0,0,0
7171,GENERAL,5,0,0,0,0,0,0,0,0,0
7172,GENERAL,5,0,0,0,0,0,0,0,0,0
7173,GENERAL,5,0,0,0,0,0,0,0,0,0
7174,GENERAL,5,0,0,0,0,0,0,0,0,0
7175,GENERAL,5,0,0,0,0,0,0,0,0,0
7176,GENERAL,5,0,0,0,0,0,0,0,0,0
7177,GENERAL,5,0,0,0,0,0,0,0,0,0
7178,GENERAL,5,0,0,0,0,0,0,0,0,0
7179,GENERAL,5,0,0,0,0,0,0,0,0,0
7180,GENERAL,5,0,0,0,0,0,0,0,0,0
7181,GENERAL,5,0,0,0,0,0,0,0,0,0
7182,GENERAL,5,0,0,0,0,0,0,0,0,0
7183,GENERAL,5,0,0,0,0,0,0,0,0,0
7184,GENERAL,5,0,0,0,0,0,0,0,0,0
7185,GENERAL,5,0,0,0,0,0,0,0,0,0
7186,GENERAL,5,0,0,0,0,0,0,0,0,0
7187,GENERAL,5,0,0,0,0,0,0,0,0,0
7188,GENERAL,5,0,0,0,0,0,0,0,0,0
7189,GENERAL,5,0,0,0,0,0,0,0,0,0
7190,GENERAL,5,0,0,0,0,0,0,0,0,0
7191,GENERAL,5,0,0,0,0,0,0,0,0,0
7192,GENERAL,5,0,0,0,0,0,0,0,0,0
7193,GENERAL,5,0,0,0,0,0,0,0,0,0
7194,GENERAL,5,0,0,0,0,0,0,0,0,0
7195,GENERAL,5,0,0,0,0,0,0,0,0,0
7196,GENERAL,5,0,0,0,0,0,0,0,0,0
7197,GENERAL,5,0,0,0,0,0,0,0,0,0
7198,GENERAL,5,0,0,0,0,0,0,0,0,0
7199,GENERAL,5,0,0,0,0,0,0,0,0,0
7200,GENERAL,5,0,0,0,0,0,0,0,0,0
7201,GENERAL,5,0,0,0,0,0,0,0,0,0
7202,GENERAL,5,0,0,0,0,0,0,0,0,0
7203,GENERAL,5,0,0,0,0,0,0,0,0,0
7204,GENERAL,5,0,0,0,0,0,0,0,0,0
7205,GENERAL,5,0,0,0,0,0,0,0,0,0
7206,GENERAL,5,0,0,0,0,0,0,0,0,0
7207,GENERAL,5,0,0,0,0,0,0,0,0,0
7208,GENERAL,5,0,0,0,0,0,0,0,0,0
7209,GENERAL,5,0,0,0,0,0,0,0,0,0
7210,GENERAL,5,0,0,0,0,0,0,0,0,0
7211,GENERAL,5,0,0,0,0,0,0,0,0,0
7212,GENERAL,5,0,0,0,0,0,0,0,0,0
7213,GENERAL,5,0,0,0,0,0,0,0,0,0
7214,GENERAL,5,0,0,0,0,0,0,0,0,0
7215,GENERAL,5,0,0,0,0,0,0,0,0,0
7216,GENERAL,5,0,0,0,0,0,0,0,0,0
7217,GENERAL,5,0,0,0,0,0,0,0,0,0
7218,GENERAL,5,0,0,0,0,0,0,0,0,0
7219,GENERAL,5,0,0,0,0,0,0,0,0,0
7220,GENERAL,5,0,0,0,0,0,0,0,0,0
7221,GENERAL,5,0,0,0,0,0,0,0,0,0
7222,GENERAL,5,0,0,0,0,0,0,0,0,0
7223,GENERAL,5,0,0,0,0,0,0,0,0,0
7224,GENERAL,5,0,0,0,0,0,0,0,0,0
7225,GENERAL,5,0,0,0,0,0,0,0,0,0
7226,GENERAL,5,0,0,0,0,0,0,0,0,0
7227,GENERAL,5,0,0,0,0,0,0,0,0,0
7228,GENERAL,5,0,0,0,0,0,0,0,0,0
7229,GENERAL,5,0,0,0,0,0,0,0,0,0
7230,GENERAL,5,0,0,0,0,0,0,0,0,0
7231,GENERAL,5,0,0,0,0,0,0,0,0,0
7232,GENERAL,5,0,0,0,0,0,0,0,0,0
7233,GENERAL,5,0,0,0,0,0,0,0,0,0
7234,GENERAL,5,0,0,0,0,0,0,0,0,0
7235,GENERAL,5,0,0,0,0,0,0,0,0,0
7236,GENERAL,5,0,0,0,0,0,0,0,0,0
7237,GENERAL,5,0,0,0,0,0,0,0,0,0
7238,GENERAL,5,0,0,0,0,0,0,0,0,0
7239,GENERAL,5,0,0,0,0,0,0,0,0,0
7240,GENERAL,5,0,0,0,0,0,0,0,0,0
7241,GENERAL,5,0,0,0,0,0,0,0,0,0
7242,GENERAL,5,0,0,0,0,0,0,0,0,0
7243,GENERAL,5,0,0,0,0,0,0,0,0,0
7244,GENERAL,5,0,0,0,0,0,0,0,0,0
7245,GENERAL,5,0,0,0,0,0,0,0,0,0
7246,GENERAL,5,0,0,0,0,0,0,0,0,0
7247,GENERAL,5,0,0,0,0,0,0,0,0,0
7248,GENERAL,5,0,0,0,0,0,0,0,0,0
7249,GENERAL,5,0,0,0,0,0,0,0,0,0
7250,GENERAL,5,0,0,0,0,0,0,0,0,0
7251,GENERAL,5,0,0,0,0,0,0,0,0,0
7252,GENERAL,5,0,0,0,0,0,0,0,0,0
7253,GENERAL,5,0,0,0,0,0,0,0,0,0
7254,GENERAL,5,0,0,0,0,0,0,0,0,0
7255,GENERAL,5,0,0,0,0,0,0,0,0,0
7256,GENERAL,5,0,0,0,0,0,0,0,0,0
7257,GENERAL,5,0,0,0,0,0,0,0,0,0
7258,GENERAL,5,0,0,0,0,0,0,0,0,0
7259,GENERAL,5,0,0,0,0,0,0,0,0,0
7260,GENERAL,5,0,0,0,0,0,0,0,0,0
7261,GENERAL,5,0,0,0,0,0,0,0,0,0
7262,GENERAL,5,0,0,0,0,0,0,0,0,0
7263,GENERAL,5,0,0,0,0,0,0,0,0,0
7264,GENERAL,5,0,0,0,0,0,0,0,0,0
7265,GENERAL,5,0,0,0,0,0,0,0,0,0
7266,GENERAL,5,0,0,0,0,0,0,0,0,0
7267,GENERAL,5,0,0,0,0,0,0,0,0,0
7268,GENERAL,5,0,0,0,0,0,0,0,0,0
7269,GENERAL,5,0,0,0,0,0,0,0,0,0
7270,GENERAL,5,0,0,0,0,0,0,0,0,0
7271,GENERAL,5,0,0,0,0,0,0,0,0,0
7272,GENERAL,5,0,0,0,0,0,0,0,0,0
7273,GENERAL,5,0,0,0,0,0,0,0,0,0
7274,GENERAL,5,0,0,0,0,0,0,0,0,0
7275,GENERAL,5,0,0,0,0,0,0,0,0,0
7276,GENERAL,5,0,0,0,0,0,0,0,0,0
7277,GENERAL,5,0,0,0,0,0,0,0,0,0
7278,GENERAL,5,0,0,0,0,0,0,0,0,0
7279,GENERAL,5,0,0,0,0,0,0,0,0,0
7280,GENERAL,5,0,0,0,0,0,0,0,0,0
7281,GENERAL,5,0,0,0,0,0,0,0,0,0
7282,GENERAL,5,0,0,0,0,0,0,0,0,0
7283,GENERAL,5,0,0,0,0,0,0,0,0,0
7284,GENERAL,5,0,0,0,0,0,0,0,0,0
7285,GENERAL,5,0,0,0,0,0,0,0,0,0
7286,GENERAL,5,0,0,0,0,0,0,0,0,0
7287,GENERAL,5,0,0,0,0,0,0,0,0,0
7288,GENERAL,5,0,0,0,0,0,0,0,0,0
7289,GENERAL,5,0,0,0,0,0,0,0,0,0
7290,GENERAL,5,0,0,0,0,0,0,0,0,0
7291,GENERAL,5,0,0,0,0,0,0,0,0,0
7292,GENERAL,5,0,0,0,0,0,0,0,0,0
7293,GENERAL,5,0,0,0,0,0,0,0,0,0
7294,GENERAL,5,0,0,0,0,0,0,0,0,0
7295,GENERAL,5,0,0,0,0,0,0,0,0,0
7296,GENERAL,5,0,0,0,0,0,0,0,0,0
7297,GENERAL,5,0,0,0,0,0,0,0,0,0
7298,GENERAL,5,0,0,0,0,0,0,0,0,0
7299,GENERAL,5,0,0,0,0,0,0,0,0,0
7300,GENERAL,5,0,0,0,0,0,0,0,0,0
7301,GENERAL,5,0,0,0,0,0,0,0,0,0
7302,GENERAL,5,0,0,0,0,0,0,0,0,0
7303,GENERAL,5,0,0,0,0,0,0,0,0,0
7304,GENERAL,5,0,0,0,0,0,0,0,0,0
7305,GENERAL,5,0,0,0,0,0,0,0,0,0
7306,GENERAL,5,0,0,0,0,0,0,0,0,0
7307,GENERAL,5,0,0,0,0,0,0,0,0,0
7308,GENERAL,5,0,0,0,0,0,0,0,0,0
7309,GENERAL,5,0,0,0,0,0,0,0,0,0
7310,GENERAL,5,0,0,0,0,0,0,0,0,0
7311,GENERAL,5,0,0,0,0,0,0,0,0,0
7312,GENERAL,5,0,0,0,0,0,0,0,0,0
7313,GENERAL,5,0,0,0,0,0,0,0,0,0
7314,GENERAL,5,0,0,0,0,0,0,0,0,0
7315,GENERAL,5,0,0,0,0,0,0,0,0,0
7316,GENERAL,5,0,0,0,0,0,0,0,0,0
7317,GENERAL,5,0,0,0,0,0,0,0,0,0
7318,GENERAL,5,0,0,0,0,0,0,0,0,0
7319,GENERAL,5,0,0,0,0,0,0,0,0,0
7320,GENERAL,5,0,0,0,0,0,0,0,0,0
7321,GENERAL,5,0,0,0,0,0,0,0,0,0
7322,GENERAL,5,0,0,0,0,0,0,0,0,0
7323,GENERAL,5,0,0,0,0,0,0,0,0,0
7324,GENERAL,5,0,0,0,0,0,0,0,0,0
7325,GENERAL,5,0,0,0,0,0,0,0,0,0
7326,GENERAL,5,0,0,0,0,0,0,0,0,0
7327,GENERAL,5,0,0,0,0,0,0,0,0,0
7328,GENERAL,5,0,0,0,0,0,0,0,0,0
7329,GENERAL,5,0,0,0,0,0,0,0,0,0
7330,GENERAL,5,0,0,0,0,0,0,0,0,0
7331,GENERAL,5,0,0,0,0,0,0,0,0,0
7332,GENERAL,5,0,0,0,0,0,0,0,0,0
7333,GENERAL,5,0,0,0,0,0,0,0,0,0
7334,GENERAL,5,0,0,0,0,0,0,0,0,0
7335,GENERAL,5,0,0,0,0,0,0,0,0,0
7336,GENERAL,5,0,0,0,0,0,0,0,0,0
7337,GENERAL,5,0,0,0,0,0,0,0,0,0
7338,GENERAL,5,0,0,0,0,0,0,0,0,0
7339,GENERAL,5,0,0,0,0,0,0,0,0,0
7340,GENERAL,5,0,0,0,0,0,0,0,0,0
7341,GENERAL,5,0,0,0,0,0,0,0,0,0
7342,GENERAL,5,0,0,0,0,0,0,0,0,0
7343,GENERAL,5,0,0,0,0,0,0,0,0,0
7344,GENERAL,5,0,0,0,0,0,0,0,0,0
7345,GENERAL,5,0,0,0,0,0,0,0,0,0
7346,GENERAL,5,0,0,0,0,0,0,0,0,0
7347,GENERAL,5,0,0,0,0,0,0,0,0,0
7348,GENERAL,5,0,0,0,0,0,0,0,0,0
7349,GENERAL,5,0,0,0,0,0,0,0,0,0
7350,GENERAL,5,0,0,0,0,0,0,0,0,0
7351,GENERAL,5,0,0,0,0,0,0,0,0,0
7352,GENERAL,5,0,0,0,0,0,0,0,0,0
7353,GENERAL,5,0,0,0,0,0,0,0,0,0
7354,GENERAL,5,0,0,0,0,0,0,0,0,0
7355,GENERAL,5,0,0,0,0,0,0,0,0,0
7356,GENERAL,5,0,0,0,0,0,0,0,0,0
7357,GENERAL,5,0,0,0,0,0,0,0,0,0
7358,GENERAL,5,0,0,0,0,0,0,0,0,0
7359,GENERAL,5,0,0,0,0,0,0,0,0,0
7360,GENERAL,5,0,0,0,0,0,0,0,0,0
7361,GENERAL,5,0,0,0,0,0,0,0,0,0
7362,GENERAL,5,0,0,0,0,0,0,0,0,0
7363,GENERAL,5,0,0,0,0,0,0,0,0,0
7364,GENERAL,5,0,0,0,0,0,0,0,0,0
7365,GENERAL,5,0,0,0,0,0,0,0,0,0
7366,GENERAL,5,0,0,0,0,0,0,0,0,0
7367,GENERAL,5,0,0,0,0,0,0,0,0,0
7368,GENERAL,5,0,0,0,0,0,0,0,0,0
7369,GENERAL,5,0,0,0,0,0,0,0,0,0
7370,GENERAL,5,0,0,0,0,0,0,0,0,0
7371,GENERAL,5,0,0,0,0,0,0,0,0,0
7372,GENERAL,5,0,0,0,0,0,0,0,0,0
7373,GENERAL,5,0,0,0,0,0,0,0,0,0
7374,GENERAL,5,0,0,0,0,0,0,0,0,0
7375,GENERAL,5,0,0,0,0,0,0,0,0,0
7376,GENERAL,5,0,0,0,0,0,0,0,0,0
7377,GENERAL,5,0,0,0,0,0,0,0,0,0
7378,GENERAL,5,0,0,0,0,0,0,0,0,0
7379,GENERAL,5,0,0,0,0,0,0,0,0,0
7380,GENERAL,5,0,0,0,0,0,0,0,0,0
7381,GENERAL,5,0,0,0,0,0,0,0,0,0
7382,GENERAL,5,0,0,0,0,0,0,0,0,0
7383,GENERAL,5,0,0,0,0,0,0,0,0,0
7384,GENERAL,5,0,0,0,0,0,0,0,0,0
7385,GENERAL,5,0,0,0,0,0,0,0,0,0
7386,GENERAL,5,0,0,0,0,0,0,0,0,0
7387,GENERAL,5,0,0,0,0,0,0,0,0,0
7388,GENERAL,5,0,0,0,0,0,0,0,0,0
7389,GENERAL,5,0,0,0,0,0,0,0,0,0
7390,GENERAL,5,0,0,0,0,0,0,0,0,0
7391,GENERAL,5,0,0,0,0,0,0,0,0,0
7392,GENERAL,5,0,0,0,0,0,0,0,0,0
7393,GENERAL,5,0,0,0,0,0,0,0,0,0
7394,GENERAL,5,0,0,0,0,0,0,0,0,0
7395,GENERAL,5,0,0,0,0,0,0,0,0,0
7396,GENERAL,5,0,0,0,0,0,0,0,0,0
7397,GENERAL,5,0,0,0,0,0,0,0,0,0
7398,GENERAL,5,0,0,0,0,0,0,0,0,0
7399,GENERAL,5,0,0,0,0,0,0,0,0,0
7400,GENERAL,5,0,0,0,0,0,0,0,0,0
7401,GENERAL,5,0,0,0,0,0,0,0,0,0
7402,GENERAL,5,0,0,0,0,0,0,0,0,0
7403,GENERAL,5,0,0,0,0,0,0,0,0,0
7404,GENERAL,5,0,0,0,0,0,0,0,0,0
7405,GENERAL,5,0,0,0,0,0,0,0,0,0
7406,GENERAL,5,0,0,0,0,0,0,0,0,0
7407,GENERAL,5,0,0,0,0,0,0,0,0,0
7408,GENERAL,5,0,0,0,0,0,0,0,0,0
7409,GENERAL,5,0,0,0,0,0,0,0,0,0
7410,GENERAL,5,0,0,0,0,0,0,0,0,0
7411,GENERAL,5,0,0,0,0,0,0,0,0,0
7412,GENERAL,5,0,0,0,0,0,0,0,0,0
7413,GENERAL,5,0,0,0,0,0,0,0,0,0
7414,GENERAL,5,0,0,0,0,0,0,0,0,0
7415,GENERAL,5,0,0,0,0,0,0,0,0,0
7416,GENERAL,5,0,0,0,0,0,0,0,0,0
7417,GENERAL,5,0,0,0,0,0,0,0,0,0
7418,GENERAL,5,0,0,0,0,0,0,0,0,0
7419,GENERAL,5,0,0,0,0,0,0,0,0,0
7420,GENERAL,5,0,0,0,0,0,0,0,0,0
7421,GENERAL,5,0,0,0,0,0,0,0,0,0
7422,GENERAL,5,0,0,0,0,0,0,0,0,0
7423,GENERAL,5,0,0,0,0,0,0,0,0,0
7424,GENERAL,5,0,0,0,0,0,0,0,0,0
7425,GENERAL,5,0,0,0,0,0,0,0,0,0
7426,GENERAL,5,0,0,0,0,0,0,0,0,0
7427,GENERAL,5,0,0,0,0,0,0,0,0,0
7428,GENERAL,5,0,0,0,0,0,0,0,0,0
7429,GENERAL,5,0,0,0,0,0,0,0,0,0
7430,GENERAL,5,0,0,0,0,0,0,0,0,0
7431,GENERAL,5,0,0,0,0,0,0,0,0,0
7432,GENERAL,5,0,0,0,0,0,0,0,0,0
7433,GENERAL,5,0,0,0,0,0,0,0,0,0
7434,GENERAL,5,0,0,0,0,0,0,0,0,0
7435,GENERAL,5,0,0,0,0,0,0,0,0,0
7436,GENERAL,5,0,0,0,0,0,0,0,0,0
7437,GENERAL,5,0,0,0,0,0,0,0,0,0
7438,GENERAL,5,0,0,0,0,0,0,0,0,0
7439,GENERAL,5,0,0,0,0,0,0,0,0,0
7440,GENERAL,5,0,0,0,0,0,0,0,0,0
7441,GENERAL,5,0,0,0,0,0,0,0,0,0
7442,GENERAL,5,0,0,0,0,0,0,0,0,0
7443,GENERAL,5,0,0,0,0,0,0,0,0,0
7444,GENERAL,5,0,0,0,0,0,0,0,0,0
7445,GENERAL,5,0,0,0,0,0,0,0,0,0
7446,GENERAL,5,0,0,0,0,0,0,0,0,0
7447,GENERAL,5,0,0,0,0,0,0,0,0,0
7448,GENERAL,5,0,0,0,0,0,0,0,0,0
7449,GENERAL,5,0,0,0,0,0,0,0,0,0
7450,GENERAL,5,0,0,0,0,0,0,0,0,0
7451,GENERAL,5,0,0,0,0,0,0,0,0,0
7452,GENERAL,5,0,0,0,0,0,0,0,0,0
7453,GENERAL,5,0,0,0,0,0,0,0,0,0
7454,GENERAL,5,0,0,0,0,0,0,0,0,0
7455,GENERAL,5,0,0,0,0,0,0,0,0,0
7456,GENERAL,5,0,0,0,0,0,0,0,0,0
7457,GENERAL,5,0,0,0,0,0,0,0,0,0
7458,GENERAL,5,0,0,0,0,0,0,0,0,0
7459,GENERAL,5,0,0,0,0,0,0,0,0,0
7460,GENERAL,5,0,0,0,0,0,0,0,0,0
7461,GENERAL,5,0,0,0,0,0,0,0,0,0
7462,GENERAL,5,0,0,0,0,0,0,0,0,0
7463,GENERAL,5,0,0,0,0,0,0,0,0,0
7464,GENERAL,5,0,0,0,0,0,0,0,0,0
7465,GENERAL,5,0,0,0,0,0,0,0,0,0
7466,GENERAL,5,0,0,0,0,0,0,0,0,0
7467,GENERAL,5,0,0,0,0,0,0,0,0,0
7468,GENERAL,5,0,0,0,0,0,0,0,0,0
7469,GENERAL,5,0,0,0,0,0,0,0,0,0
7470,GENERAL,5,0,0,0,0,0,0,0,0,0
7471,GENERAL,5,0,0,0,0,0,0,0,0,0
7472,GENERAL,5,0,0,0,0,0,0,0,0,0
7473,GENERAL,5,0,0,0,0,0,0,0,0,0
7474,GENERAL,5,0,0,0,0,0,0,0,0,0
7475,GENERAL,5,0,0,0,0,0,0,0,0,0
7476,GENERAL,5,0,0,0,0,0,0,0,0,0
7477,GENERAL,5,0,0,0,0,0,0,0,0,0
7478,GENERAL,5,0,0,0,0,0,0,0,0,0
7479,GENERAL,5,0,0,0,0,0,0,0,0,0
7480,GENERAL,5,0,0,0,0,0,0,0,0,0
7481,GENERAL,5,0,0,0,0,0,0,0,0,0
7482,GENERAL,5,0,0,0,0,0,0,0,0,0
7483,GENERAL,5,0,0,0,0,0,0,0,0,0
7484,GENERAL,5,0,0,0,0,0,0,0,0,0
7485,GENERAL,5,0,0,0,0,0,0,0,0,0
7486,GENERAL,5,0,0,0,0,0,0,0,0,0
7487,GENERAL,5,0,0,0,0,0,0,0,0,0
7488,GENERAL,5,0,0,0,0,0,0,0,0,0
7489,GENERAL,5,0,0,0,0,0,0,0,0,0
7490,GENERAL,5,0,0,0,0,0,0,0,0,0
7491,GENERAL,5,0,0,0,0,0,0,0,0,0
7492,GENERAL,5,0,0,0,0,0,0,0,0,0
7493,GENERAL,5,0,0,0,0,0,0,0,0,0
7494,GENERAL,5,0,0,0,0,0,0,0,0,0
7495,GENERAL,5,0,0,0,0,0,0,0,0,0
7496,GENERAL,5,0,0,0,0,0,0,0,0,0
7497,GENERAL,5,0,0,0,0,0,0,0,0,0
7498,GENERAL,5,0,0,0,0,0,0,0,0,0
7499,GENERAL,5,0,0,0,0,0,0,0,0,0
7500,GENERAL,5,0,0,0,0,0,0,0,0,0
7501,GENERAL,5,0,0,0,0,0,0,0,0,0
7502,GENERAL,5,0,0,0,0,0,0,0,0,0
7503,GENERAL,5,0,0,0,0,0,0,0,0,0
7504,GENERAL,5,0,0,0,0,0,0,0,0,0
7505,GENERAL,5,0,0,0,0,0,0,0,0,0
7506,GENERAL,5,0,0,0,0,0,0,0,0,0
7507,GENERAL,5,0,0,0,0,0,0,0,0,0
7508,GENERAL,5,0,0,0,0,0,0,0,0,0
7509,GENERAL,5,0,0,0,0,0,0,0,0,0
7510,GENERAL,5,0,0,0,0,0,0,0,0,0
7511,GENERAL,5,0,0,0,0,0,0,0,0,0
7512,GENERAL,5,0,0,0,0,0,0,0,0,0
7513,GENERAL,5,0,0,0,0,0,0,0,0,0
7514,GENERAL,5,0,0,0,0,0,0,0,0,0
7515,GENERAL,5,0,0,0,0,0,0,0,0,0
7516,GENERAL,5,0,0,0,0,0,0,0,0,0
7517,GENERAL,5,0,0,0,0,0,0,0,0,0
7518,GENERAL,5,0,0,0,0,0,0,0,0,0
7519,GENERAL,5,0,0,0,0,0,0,0,0,0
7520,GENERAL,5,0,0,0,0,0,0,0,0,0
7521,GENERAL,5,0,0,0,0,0,0,0,0,0
7522,GENERAL,5,0,0,0,0,0,0,0,0,0
7523,GENERAL,5,0,0,0,0,0,0,0,0,0
7524,GENERAL,5,0,0,0,0,0,0,0,0,0
7525,GENERAL,5,0,0,0,0,0,0,0,0,0
7526,GENERAL,5,0,0,0,0,0,0,0,0,0
7527,GENERAL,5,0,0,0,0,0,0,0,0,0
7528,GENERAL,5,0,0,0,0,0,0,0,0,0
7529,GENERAL,5,0,0,0,0,0,0,0,0,0
7530,GENERAL,5,0,0,0,0,0,0,0,0,0
7531,GENERAL,5,0,0,0,0,0,0,0,0,0
7532,GENERAL,5,0,0,0,0,0,0,0,0,0
7533,GENERAL,5,0,0,0,0,0,0,0,0,0
7534,GENERAL,5,0,0,0,0,0,0,0,0,0
7535,GENERAL,5,0,0,0,0,0,0,0,0,0
7536,GENERAL,5,0,0,0,0,0,0,0,0,0
7537,GENERAL,5,0,0,0,0,0,0,0,0,0
7538,GENERAL,5,0,0,0,0,0,0,0,0,0
7539,GENERAL,5,0,0,0,0,0,0,0,0,0
7540,GENERAL,5,0,0,0,0,0,0,0,0,0
7541,GENERAL,5,0,0,0,0,0,0,0,0,0
7542,GENERAL,5,0,0,0,0,0,0,0,0,0
7543,GENERAL,5,0,0,0,0,0,0,0,0,0
7544,GENERAL,5,0,0,0,0,0,0,0,0,0
7545,GENERAL,5,0,0,0,0,0,0,0,0,0
7546,GENERAL,5,0,0,0,0,0,0,0,0,0
7547,GENERAL,5,0,0,0,0,0,0,0,0,0
7548,GENERAL,5,0,0,0,0,0,0,0,0,0
7549,GENERAL,5,0,0,0,0,0,0,0,0,0
7550,GENERAL,5,0,0,0,0,0,0,0,0,0
7551,GENERAL,5,0,0,0,0,0,0,0,0,0
7552,GENERAL,5,0,0,0,0,0,0,0,0,0
7553,GENERAL,5,0,0,0,0,0,0,0,0,0
7554,GENERAL,5,0,0,0,0,0,0,0,0,0
7555,GENERAL,5,0,0,0,0,0,0,0,0,0
7556,GENERAL,5,0,0,0,0,0,0,0,0,0
7557,GENERAL,5,0,0,0,0,0,0,0,0,0
7558,GENERAL,5,0,0,0,0,0,0,0,0,0
7559,GENERAL,5,0,0,0,0,0,0,0,0,0
7560,GENERAL,5,0,0,0,0,0,0,0,0,0
7561,GENERAL,5,0,0,0,0,0,0,0,0,0
7562,GENERAL,5,0,0,0,0,0,0,0,0,0
7563,GENERAL,5,0,0,0,0,0,0,0,0,0
7564,GENERAL,5,0,0,0,0,0,0,0,0,0
7565,GENERAL,5,0,0,0,0,0,0,0,0,0
7566,GENERAL,5,0,0,0,0,0,0,0,0,0
7567,GENERAL,5,0,0,0,0,0,0,0,0,0
7568,GENERAL,5,0,0,0,0,0,0,0,0,0
7569,GENERAL,5,0,0,0,0,0,0,0,0,0
7570,GENERAL,5,0,0,0,0,0,0,0,0,0
7571,GENERAL,5,0,0,0,0,0,0,0,0,0
7572,GENERAL,5,0,0,0,0,0,0,0,0,0
7573,GENERAL,5,0,0,0,0,0,0,0,0,0
7574,GENERAL,5,0,0,0,0,0,0,0,0,0
7575,GENERAL,5,0,0,0,0,0,0,0,0,0
7576,GENERAL,5,0,0,0,0,0,0,0,0,0
7577,GENERAL,5,0,0,0,0,0,0,0,0,0
7578,GENERAL,5,0,0,0,0,0,0,0,0,0
7579,GENERAL,5,0,0,0,0,0,0,0,0,0
7580,GENERAL,5,0,0,0,0,0,0,0,0,0
7581,GENERAL,5,0,0,0,0,0,0,0,0,0
7582,GENERAL,5,0,0,0,0,0,0,0,0,0
7583,GENERAL,5,0,0,0,0,0,0,0,0,0
7584,GENERAL,5,0,0,0,0,0,0,0,0,0
7585,GENERAL,5,0,0,0,0,0,0,0,0,0
7586,GENERAL,5,0,0,0,0,0,0,0,0,0
7587,GENERAL,5,0,0,0,0,0,0,0,0,0
7588,GENERAL,5,0,0,0,0,0,0,0,0,0
7589,GENERAL,5,0,0,0,0,0,0,0,0,0
7590,GENERAL,5,0,0,0,0,0,0,0,0,0
7591,GENERAL,5,0,0,0,0,0,0,0,0,0
7592,GENERAL,5,0,0,0,0,0,0,0,0,0
7593,GENERAL,5,0,0,0,0,0,0,0,0,0
7594,GENERAL,5,0,0,0,0,0,0,0,0,0
7595,GENERAL,5,0,0,0,0,0,0,0,0,0
7596,GENERAL,5,0,0,0,0,0,0,0,0,0
7597,GENERAL,5,0,0,0,0,0,0,0,0,0
7598,GENERAL,5,0,0,0,0,0,0,0,0,0
7599,GENERAL,5,0,0,0,0,0,0,0,0,0
7600,GENERAL,5,0,0,0,0,0,0,0,0,0
7601,GENERAL,5,0,0,0,0,0,0,0,0,0
7602,GENERAL,5,0,0,0,0,0,0,0,0,0
7603,GENERAL,5,0,0,0,0,0,0,0,0,0
7604,GENERAL,5,0,0,0,0,0,0,0,0,0
7605,GENERAL,5,0,0,0,0,0,0,0,0,0
7606,GENERAL,5,0,0,0,0,0,0,0,0,0
7607,GENERAL,5,0,0,0,0,0,0,0,0,0
7608,GENERAL,5,0,0,0,0,0,0,0,0,0
7609,GENERAL,5,0,0,0,0,0,0,0,0,0
7610,GENERAL,5,0,0,0,0,0,0,0,0,0
7611,GENERAL,5,0,0,0,0,0,0,0,0,0
7612,GENERAL,5,0,0,0,0,0,0,0,0,0
7613,GENERAL,5,0,0,0,0,0,0,0,0,0
7614,GENERAL,5,0,0,0,0,0,0,0,0,0
7615,GENERAL,5,0,0,0,0,0,0,0,0,0
7616,GENERAL,5,0,0,0,0,0,0,0,0,0
7617,GENERAL,5,0,0,0,0,0,0,0,0,0
7618,GENERAL,5,0,0,0,0,0,0,0,0,0
7619,GENERAL,5,0,0,0,0,0,0,0,0,0
7620,GENERAL,5,0,0,0,0,0,0,0,0,0
7621,GENERAL,5,0,0,0,0,0,0,0,0,0
7622,GENERAL,5,0,0,0,0,0,0,0,0,0
7623,GENERAL,5,0,0,0,0,0,0,0,0,0
7624,GENERAL,5,0,0,0,0,0,0,0,0,0
7625,GENERAL,5,0,0,0,0,0,0,0,0,0
7626,GENERAL,5,0,0,0,0,0,0,0,0,0
7627,GENERAL,5,0,0,0,0,0,0,0,0,0
7628,GENERAL,5,0,0,0,0,0,0,0,0,0
7629,GENERAL,5,0,0,0,0,0,0,0,0,0
7630,GENERAL,5,0,0,0,0,0,0,0,0,0
7631,GENERAL,5,0,0,0,0,0,0,0,0,0
7632,GENERAL,5,0,0,0,0,0,0,0,0,0
7633,GENERAL,5,0,0,0,0,0,0,0,0,0
7634,GENERAL,5,0,0,0,0,0,0,0,0,0
7635,GENERAL,5,0,0,0,0,0,0,0,0,0
7636,GENERAL,5,0,0,0,0,0,0,0,0,0
7637,GENERAL,5,0,0,0,0,0,0,0,0,0
7638,GENERAL,5,0,0,0,0,0,0,0,0,0
7639,GENERAL,5,0,0,0,0,0,0,0,0,0
7640,GENERAL,5,0,0,0,0,0,0,0,0,0
7641,GENERAL,5,0,0,0,0,0,0,0,0,0
7642,GENERAL,5,0,0,0,0,0,0,0,0,0
7643,GENERAL,5,0,0,0,0,0,0,0,0,0
7644,GENERAL,5,0,0,0,0,0,0,0,0,0
7645,GENERAL,5,0,0,0,0,0,0,0,0,0
7646,GENERAL,5,0,0,0,0,0,0,0,0,0
7647,GENERAL,5,0,0,0,0,0,0,0,0,0
7648,GENERAL,5,0,0,0,0,0,0,0,0,0
7649,GENERAL,5,0,0,0,0,0,0,0,0,0
7650,GENERAL,5,0,0,0,0,0,0,0,0,0
7651,GENERAL,5,0,0,0,0,0,0,0,0,0
7652,GENERAL,5,0,0,0,0,0,0,0,0,0
7653,GENERAL,5,0,0,0,0,0,0,0,0,0
7654,GENERAL,5,0,0,0,0,0,0,0,0,0
7655,GENERAL,5,0,0,0,0,0,0,0,0,0
7656,GENERAL,5,0,0,0,0,0,0,0,0,0
7657,GENERAL,5,0,0,0,0,0,0,0,0,0
7658,GENERAL,5,0,0,0,0,0,0,0,0,0
7659,GENERAL,5,0,0,0,0,0,0,0,0,0
7660,GENERAL,5,0,0,0,0,0,0,0,0,0
7661,GENERAL,5,0,0,0,0,0,0,0,0,0
7662,GENERAL,5,0,0,0,0,0,0,0,0,0
7663,GENERAL,5,0,0,0,0,0,0,0,0,0
7664,GENERAL,5,0,0,0,0,0,0,0,0,0
7665,GENERAL,5,0,0,0,0,0,0,0,0,0
7666,GENERAL,5,0,0,0,0,0,0,0,0,0
7667,GENERAL,5,0,0,0,0,0,0,0,0,0
7668,GENERAL,5,0,0,0,0,0,0,0,0,0
7669,GENERAL,5,0,0,0,0,0,0,0,0,0
7670,GENERAL,5,0,0,0,0,0,0,0,0,0
7671,GENERAL,5,0,0,0,0,0,0,0,0,0
7672,GENERAL,5,0,0,0,0,0,0,0,0,0
7673,GENERAL,5,0,0,0,0,0,0,0,0,0
7674,GENERAL,5,0,0,0,0,0,0,0,0,0
7675,GENERAL,5,0,0,0,0,0,0,0,0,0
7676,GENERAL,5,0,0,0,0,0,0,0,0,0
7677,GENERAL,5,0,0,0,0,0,0,0,0,0
7678,GENERAL,5,0,0,0,0,0,0,0,0,0
7679,GENERAL,5,0,0,0,0,0,0,0,0,0
7680,GENERAL,5,0,0,0,0,0,0,0,0,0
7681,GENERAL,5,0,0,0,0,0,0,0,0,0
7682,GENERAL,5,0,0,0,0,0,0,0,0,0
7683,GENERAL,5,0,0,0,0,0,0,0,0,0
7684,GENERAL,5,0,0,0,0,0,0,0,0,0
7685,GENERAL,5,0,0,0,0,0,0,0,0,0
7686,GENERAL,5,0,0,0,0,0,0,0,0,0
7687,GENERAL,5,0,0,0,0,0,0,0,0,0
7688,GENERAL,5,0,0,0,0,0,0,0,0,0
7689,GENERAL,5,0,0,0,0,0,0,0,0,0
7690,GENERAL,5,0,0,0,0,0,0,0,0,0
7691,GENERAL,5,0,0,0,0,0,0,0,0,0
7692,GENERAL,5,0,0,0,0,0,0,0,0,0
7693,GENERAL,5,0,0,0,0,0,0,0,0,0
7694,GENERAL,5,0,0,0,0,0,0,0,0,0
7695,GENERAL,5,0,0,0,0,0,0,0,0,0
7696,GENERAL,5,0,0,0,0,0,0,0,0,0
7697,GENERAL,5,0,0,0,0,0,0,0,0,0
7698,GENERAL,5,0,0,0,0,0,0,0,0,0
7699,GENERAL,5,0,0,0,0,0,0,0,0,0
7700,GENERAL,5,0,0,0,0,0,0,0,0,0
7701,GENERAL,5,0,0,0,0,0,0,0,0,0
7702,GENERAL,5,0,0,0,0,0,0,0,0,0
7703,GENERAL,5,0,0,0,0,0,0,0,0,0
7704,GENERAL,5,0,0,0,0,0,0,0,0,0
7705,GENERAL,5,0,0,0,0,0,0,0,0,0
7706,GENERAL,5,0,0,0,0,0,0,0,0,0
7707,GENERAL,5,0,0,0,0,0,0,0,0,0
7708,GENERAL,5,0,0,0,0,0,0,0,0,0
7709,GENERAL,5,0,0,0,0,0,0,0,0,0
7710,GENERAL,5,0,0,0,0,0,0,0,0,0
7711,GENERAL,5,0,0,0,0,0,0,0,0,0
7712,GENERAL,5,0,0,0,0,0,0,0,0,0
7713,GENERAL,5,0,0,0,0,0,0,0,0,0
7714,GENERAL,5,0,0,0,0,0,0,0,0,0
7715,GENERAL,5,0,0,0,0,0,0,0,0,0
7716,GENERAL,5,0,0,0,0,0,0,0,0,0
7717,GENERAL,5,0,0,0,0,0,0,0,0,0
7718,GENERAL,5,0,0,0,0,0,0,0,0,0
7719,GENERAL,5,0,0,0,0,0,0,0,0,0
7720,GENERAL,5,0,0,0,0,0,0,0,0,0
7721,GENERAL,5,0,0,0,0,0,0,0,0,0
7722,GENERAL,5,0,0,0,0,0,0,0,0,0
7723,GENERAL,5,0,0,0,0,0,0,0,0,0
7724,GENERAL,5,0,0,0,0,0,0,0,0,0
7725,GENERAL,5,0,0,0,0,0,0,0,0,0
7726,GENERAL,5,0,0,0,0,0,0,0,0,0
7727,GENERAL,5,0,0,0,0,0,0,0,0,0
7728,GENERAL,5,0,0,0,0,0,0,0,0,0
7729,GENERAL,5,0,0,0,0,0,0,0,0,0
7730,GENERAL,5,0,0,0,0,0,0,0,0,0
7731,GENERAL,5,0,0,0,0,0,0,0,0,0
7732,GENERAL,5,0,0,0,0,0,0,0,0,0
7733,GENERAL,5,0,0,0,0,0,0,0,0,0
7734,GENERAL,5,0,0,0,0,0,0,0,0,0
7735,GENERAL,5,0,0,0,0,0,0,0,0,0
7736,GENERAL,5,0,0,0,0,0,0,0,0,0
7737,GENERAL,5,0,0,0,0,0,0,0,0,0
7738,GENERAL,5,0,0,0,0,0,0,0,0,0
7739,GENERAL,5,0,0,0,0,0,0,0,0,0
7740,GENERAL,5,0,0,0,0,0,0,0,0,0
7741,GENERAL,5,0,0,0,0,0,0,0,0,0
7742,GENERAL,5,0,0,0,0,0,0,0,0,0
7743,GENERAL,5,0,0,0,0,0,0,0,0,0
7744,GENERAL,5,0,0,0,0,0,0,0,0,0
7745,GENERAL,5,0,0,0,0,0,0,0,0,0
7746,GENERAL,5,0,0,0,0,0,0,0,0,0
7747,GENERAL,5,0,0,0,0,0,0,0,0,0
7748,GENERAL,5,0,0,0,0,0,0,0,0,0
7749,GENERAL,5,0,0,0,0,0,0,0,0,0
7750,GENERAL,5,0,0,0,0,0,0,0,0,0
7751,GENERAL,5,0,0,0,0,0,0,0,0,0
7752,GENERAL,5,0,0,0,0,0,0,0,0,0
7753,GENERAL,5,0,0,0,0,0,0,0,0,0
7754,GENERAL,5,0,0,0,0,0,0,0,0,0
7755,GENERAL,5,0,0,0,0,0,0,0,0,0
7756,GENERAL,5,0,0,0,0,0,0,0,0,0
7757,GENERAL,5,0,0,0,0,0,0,0,0,0
7758,GENERAL,5,0,0,0,0,0,0,0,0,0
7759,GENERAL,5,0,0,0,0,0,0,0,0,0
7760,GENERAL,5,0,0,0,0,0,0,0,0,0
7761,GENERAL,5,0,0,0,0,0,0,0,0,0
7762,GENERAL,5,0,0,0,0,0,0,0,0,0
7763,GENERAL,5,0,0,0,0,0,0,0,0,0
7764,GENERAL,5,0,0,0,0,0,0,0,0,0
7765,GENERAL,5,0,0,0,0,0,0,0,0,0
7766,GENERAL,5,0,0,0,0,0,0,0,0,0
7767,GENERAL,5,0,0,0,0,0,0,0,0,0
7768,GENERAL,5,0,0,0,0,0,0,0,0,0
7769,GENERAL,5,0,0,0,0,0,0,0,0,0
7770,GENERAL,5,0,0,0,0,0,0,0,0,0
7771,GENERAL,5,0,0,0,0,0,0,0,0,0
7772,GENERAL,5,0,0,0,0,0,0,0,0,0
7773,GENERAL,5,0,0,0,0,0,0,0,0,0
7774,GENERAL,5,0,0,0,0,0,0,0,0,0
7775,GENERAL,5,0,0,0,0,0,0,0,0,0
7776,GENERAL,5,0,0,0,0,0,0,0,0,0
7777,GENERAL,5,0,0,0,0,0,0,0,0,0
7778,GENERAL,5,0,0,0,0,0,0,0,0,0
7779,GENERAL,5,0,0,0,0,0,0,0,0,0
7780,GENERAL,5,0,0,0,0,0,0,0,0,0
7781,GENERAL,5,0,0,0,0,0,0,0,0,0
7782,GENERAL,5,0,0,0,0,0,0,0,0,0
7783,GENERAL,5,0,0,0,0,0,0,0,0,0
7784,GENERAL,5,0,0,0,0,0,0,0,0,0
7785,GENERAL,5,0,0,0,0,0,0,0,0,0
7786,GENERAL,5,0,0,0,0,0,0,0,0,0
7787,GENERAL,5,0,0,0,0,0,0,0,0,0
7788,GENERAL,5,0,0,0,0,0,0,0,0,0
7789,GENERAL,5,0,0,0,0,0,0,0,0,0
7790,GENERAL,5,0,0,0,0,0,0,0,0,0
7791,GENERAL,5,0,0,0,0,0,0,0,0,0
7792,GENERAL,5,0,0,0,0,0,0,0,0,0
7793,GENERAL,5,0,0,0,0,0,0,0,0,0
7794,GENERAL,5,0,0,0,0,0,0,0,0,0
7795,GENERAL,5,0,0,0,0,0,0,0,0,0
7796,GENERAL,5,0,0,0,0,0,0,0,0,0
7797,GENERAL,5,0,0,0,0,0,0,0,0,0
7798,GENERAL,5,0,0,0,0,0,0,0,0,0
7799,GENERAL,5,0,0,0,0,0,0,0,0,0
7800,GENERAL,5,0,0,0,0,0,0,0,0,0
7801,GENERAL,5,0,0,0,0,0,0,0,0,0
7802,GENERAL,5,0,0,0,0,0,0,0,0,0
7803,GENERAL,5,0,0,0,0,0,0,0,0,0
7804,GENERAL,5,0,0,0,0,0,0,0,0,0
7805,GENERAL,5,0,0,0,0,0,0,0,0,0
7806,GENERAL,5,0,0,0,0,0,0,0,0,0
7807,GENERAL,5,0,0,0,0,0,0,0,0,0
7808,GENERAL,5,0,0,0,0,0,0,0,0,0
7809,GENERAL,5,0,0,0,0,0,0,0,0,0
7810,GENERAL,5,0,0,0,0,0,0,0,0,0
7811,GENERAL,5,0,0,0,0,0,0,0,0,0
7812,GENERAL,5,0,0,0,0,0,0,0,0,0
7813,GENERAL,5,0,0,0,0,0,0,0,0,0
7814,GENERAL,5,0,0,0,0,0,0,0,0,0
7815,GENERAL,5,0,0,0,0,0,0,0,0,0
7816,GENERAL,5,0,0,0,0,0,0,0,0,0
7817,GENERAL,5,0,0,0,0,0,0,0,0,0
7818,GENERAL,5,0,0,0,0,0,0,0,0,0
7819,GENERAL,5,0,0,0,0,0,0,0,0,0
7820,GENERAL,5,0,0,0,0,0,0,0,0,0
7821,GENERAL,5,0,0,0,0,0,0,0,0,0
7822,GENERAL,5,0,0,0,0,0,0,0,0,0
7823,GENERAL,5,0,0,0,0,0,0,0,0,0
7824,GENERAL,5,0,0,0,0,0,0,0,0,0
7825,GENERAL,5,0,0,0,0,0,0,0,0,0
7826,GENERAL,5,0,0,0,0,0,0,0,0,0
7827,GENERAL,5,0,0,0,0,0,0,0,0,0
7828,GENERAL,5,0,0,0,0,0,0,0,0,0
7829,GENERAL,5,0,0,0,0,0,0,0,0,0
7830,GENERAL,5,0,0,0,0,0,0,0,0,0
7831,GENERAL,5,0,0,0,0,0,0,0,0,0
7832,GENERAL,5,0,0,0,0,0,0,0,0,0
7833,GENERAL,5,0,0,0,0,0,0,0,0,0
7834,GENERAL,5,0,0,0,0,0,0,0,0,0
7835,GENERAL,5,0,0,0,0,0,0,0,0,0
7836,GENERAL,5,0,0,0,0,0,0,0,0,0
7837,GENERAL,5,0,0,0,0,0,0,0,0,0
7838,GENERAL,5,0,0,0,0,0,0,0,0,0
7839,GENERAL,5,0,0,0,0,0,0,0,0,0
7840,GENERAL,5,0,0,0,0,0,0,0,0,0
7841,GENERAL,5,0,0,0,0,0,0,0,0,0
7842,GENERAL,5,0,0,0,0,0,0,0,0,0
7843,GENERAL,5,0,0,0,0,0,0,0,0,0
7844,GENERAL,5,0,0,0,0,0,0,0,0,0
7845,GENERAL,5,0,0,0,0,0,0,0,0,0
7846,GENERAL,5,0,0,0,0,0,0,0,0,0
7847,GENERAL,5,0,0,0,0,0,0,0,0,0
7848,GENERAL,5,0,0,0,0,0,0,0,0,0
7849,GENERAL,5,0,0,0,0,0,0,0,0,0
7850,GENERAL,5,0,0,0,0,0,0,0,0,0
7851,GENERAL,5,0,0,0,0,0,0,0,0,0
7852,GENERAL,5,0,0,0,0,0,0,0,0,0
7853,GENERAL,5,0,0,0,0,0,0,0,0,0
7854,GENERAL,5,0,0,0,0,0,0,0,0,0
7855,GENERAL,5,0,0,0,0,0,0,0,0,0
7856,GENERAL,5,0,0,0,0,0,0,0,0,0
7857,GENERAL,5,0,0,0,0,0,0,0,0,0
7858,GENERAL,5,0,0,0,0,0,0,0,0,0
7859,GENERAL,5,0,0,0,0,0,0,0,0,0
7860,GENERAL,5,0,0,0,0,0,0,0,0,0
7861,GENERAL,5,0,0,0,0,0,0,0,0,0
7862,GENERAL,5,0,0,0,0,0,0,0,0,0
7863,GENERAL,5,0,0,0,0,0,0,0,0,0
7864,GENERAL,5,0,0,0,0,0,0,0,0,0
7865,GENERAL,5,0,0,0,0,0,0,0,0,0
7866,GENERAL,5,0,0,0,0,0,0,0,0,0
7867,GENERAL,5,0,0,0,0,0,0,0,0,0
7868,GENERAL,5,0,0,0,0,0,0,0,0,0
7869,GENERAL,5,0,0,0,0,0,0,0,0,0
7870,GENERAL,5,0,0,0,0,0,0,0,0,0
7871,GENERAL,5,0,0,0,0,0,0,0,0,0
7872,GENERAL,5,0,0,0,0,0,0,0,0,0
7873,GENERAL,5,0,0,0,0,0,0,0,0,0
7874,GENERAL,5,0,0,0,0,0,0,0,0,0
7875,GENERAL,5,0,0,0,0,0,0,0,0,0
7876,GENERAL,5,0,0,0,0,0,0,0,0,0
7877,GENERAL,5,0,0,0,0,0,0,0,0,0
7878,GENERAL,5,0,0,0,0,0,0,0,0,0
7879,GENERAL,5,0,0,0,0,0,0,0,0,0
7880,GENERAL,5,0,0,0,0,0,0,0,0,0
7881,GENERAL,5,0,0,0,0,0,0,0,0,0
7882,GENERAL,5,0,0,0,0,0,0,0,0,0
7883,GENERAL,5,0,0,0,0,0,0,0,0,0
7884,GENERAL,5,0,0,0,0,0,0,0,0,0
7885,GENERAL,5,0,0,0,0,0,0,0,0,0
7886,GENERAL,5,0,0,0,0,0,0,0,0,0
7887,GENERAL,5,0,0,0,0,0,0,0,0,0
7888,GENERAL,5,0,0,0,0,0,0,0,0,0
7889,GENERAL,5,0,0,0,0,0,0,0,0,0
7890,GENERAL,5,0,0,0,0,0,0,0,0,0
7891,GENERAL,5,0,0,0,0,0,0,0,0,0
7892,GENERAL,5,0,0,0,0,0,0,0,0,0
7893,GENERAL,5,0,0,0,0,0,0,0,0,0
7894,GENERAL,5,0,0,0,0,0,0,0,0,0
7895,GENERAL,5,0,0,0,0,0,0,0,0,0
7896,GENERAL,5,0,0,0,0,0,0,0,0,0
7897,GENERAL,5,0,0,0,0,0,0,0,0,0
7898,GENERAL,5,0,0,0,0,0,0,0,0,0
7899,GENERAL,5,0,0,0,0,0,0,0,0,0
7900,GENERAL,5,0,0,0,0,0,0,0,0,0
7901,GENERAL,5,0,0,0,0,0,0,0,0,0
7902,GENERAL,5,0,0,0,0,0,0,0,0,0
7903,GENERAL,5,0,0,0,0,0,0,0,0,0
7904,GENERAL,5,0,0,0,0,0,0,0,0,0
7905,GENERAL,5,0,0,0,0,0,0,0,0,0
7906,GENERAL,5,0,0,0,0,0,0,0,0,0
7907,GENERAL,5,0,0,0,0,0,0,0,0,0
7908,GENERAL,5,0,0,0,0,0,0,0,0,0
7909,GENERAL,5,0,0,0,0,0,0,0,0,0
7910,GENERAL,5,0,0,0,0,0,0,0,0,0
7911,GENERAL,5,0,0,0,0,0,0,0,0,0
7912,GENERAL,5,0,0,0,0,0,0,0,0,0
7913,GENERAL,5,0,0,0,0,0,0,0,0,0
7914,GENERAL,5,0,0,0,0,0,0,0,0,0
7915,GENERAL,5,0,0,0,0,0,0,0,0,0
7916,GENERAL,5,0,0,0,0,0,0,0,0,0
7917,GENERAL,5,0,0,0,0,0,0,0,0,0
7918,GENERAL,5,0,0,0,0,0,0,0,0,0
7919,GENERAL,5,0,0,0,0,0,0,0,0,0
7920,GENERAL,5,0,0,0,0,0,0,0,0,0
7921,GENERAL,5,0,0,0,0,0,0,0,0,0
7922,GENERAL,5,0,0,0,0,0,0,0,0,0
7923,GENERAL,5,0,0,0,0,0,0,0,0,0
7924,GENERAL,5,0,0,0,0,0,0,0,0,0
7925,GENERAL,5,0,0,0,0,0,0,0,0,0
7926,GENERAL,5,0,0,0,0,0,0,0,0,0
7927,GENERAL,5,0,0,0,0,0,0,0,0,0
7928,GENERAL,5,0,0,0,0,0,0,0,0,0
7929,GENERAL,5,0,0,0,0,0,0,0,0,0
7930,GENERAL,5,0,0,0,0,0,0,0,0,0
7931,GENERAL,5,0,0,0,0,0,0,0,0,0
7932,GENERAL,5,0,0,0,0,0,0,0,0,0
7933,GENERAL,5,0,0,0,0,0,0,0,0,0
7934,GENERAL,5,0,0,0,0,0,0,0,0,0
7935,GENERAL,5,0,0,0,0,0,0,0,0,0
7936,GENERAL,5,0,0,0,0,0,0,0,0,0
7937,GENERAL,5,0,0,0,0,0,0,0,0,0
7938,GENERAL,5,0,0,0,0,0,0,0,0,0
7939,GENERAL,5,0,0,0,0,0,0,0,0,0
7940,GENERAL,5,0,0,0,0,0,0,0,0,0
7941,GENERAL,5,0,0,0,0,0,0,0,0,0
7942,GENERAL,5,0,0,0,0,0,0,0,0,0
7943,GENERAL,5,0,0,0,0,0,0,0,0,0
7944,GENERAL,5,0,0,0,0,0,0,0,0,0
7945,GENERAL,5,0,0,0,0,0,0,0,0,0
7946,GENERAL,5,0,0,0,0,0,0,0,0,0
7947,GENERAL,5,0,0,0,0,0,0,0,0,0
7948,GENERAL,5,0,0,0,0,0,0,0,0,0
7949,GENERAL,5,0,0,0,0,0,0,0,0,0
7950,GENERAL,5,0,0,0,0,0,0,0,0,0
7951,GENERAL,5,0,0,0,0,0,0,0,0,0
7952,GENERAL,5,0,0,0,0,0,0,0,0,0
7953,GENERAL,5,0,0,0,0,0,0,0,0,0
7954,GENERAL,5,0,0,0,0,0,0,0,0,0
7955,GENERAL,5,0,0,0,0,0,0,0,0,0
7956,GENERAL,5,0,0,0,0,0,0,0,0,0
7957,GENERAL,5,0,0,0,0,0,0,0,0,0
7958,GENERAL,5,0,0,0,0,0,0,0,0,0
7959,GENERAL,5,0,0,0,0,0,0,0,0,0
7960,GENERAL,5,0,0,0,0,0,0,0,0,0
7961,GENERAL,5,0,0,0,0,0,0,0,0,0
7962,GENERAL,5,0,0,0,0,0,0,0,0,0
7963,GENERAL,5,0,0,0,0,0,0,0,0,0
7964,GENERAL,5,0,0,0,0,0,0,0,0,0
7965,GENERAL,5,0,0,0,0,0,0,0,0,0
7966,GENERAL,5,0,0,0,0,0,0,0,0,0
7967,GENERAL,5,0,0,0,0,0,0,0,0,0
7968,GENERAL,5,0,0,0,0,0,0,0,0,0
7969,GENERAL,5,0,0,0,0,0,0,0,0,0
7970,GENERAL,5,0,0,0,0,0,0,0,0,0
7971,GENERAL,5,0,0,0,0,0,0,0,0,0
7972,GENERAL,5,0,0,0,0,0,0,0,0,0
7973,GENERAL,5,0,0,0,0,0,0,0,0,0
7974,GENERAL,5,0,0,0,0,0,0,0,0,0
7975,GENERAL,5,0,0,0,0,0,0,0,0,0
7976,GENERAL,5,0,0,0,0,0,0,0,0,0
7977,GENERAL,5,0,0,0,0,0,0,0,0,0
7978,GENERAL,5,0,0,0,0,0,0,0,0,0
7979,GENERAL,5,0,0,0,0,0,0,0,0,0
7980,GENERAL,5,0,0,0,0,0,0,0,0,0
7981,GENERAL,5,0,0,0,0,0,0,0,0,0
7982,GENERAL,5,0,0,0,0,0,0,0,0,0
7983,GENERAL,5,0,0,0,0,0,0,0,0,0
7984,GENERAL,5,0,0,0,0,0,0,0,0,0
7985,GENERAL,5,0,0,0,0,0,0,0,0,0
7986,GENERAL,5,0,0,0,0,0,0,0,0,0
7987,GENERAL,5,0,0,0,0,0,0,0,0,0
7988,GENERAL,5,0,0,0,0,0,0,0,0,0
7989,GENERAL,5,0,0,0,0,0,0,0,0,0
7990,GENERAL,5,0,0,0,0,0,0,0,0,0
7991,GENERAL,5,0,0,0,0,0,0,0,0,0
7992,GENERAL,5,0,0,0,0,0,0,0,0,0
7993,GENERAL,5,0,0,0,0,0,0,0,0,0
7994,GENERAL,5,0,0,0,0,0,0,0,0,0
7995,GENERAL,5,0,0,0,0,0,0,0,0,0
7996,GENERAL,5,0,0,0,0,0,0,0,0,0
7997,GENERAL,5,0,0,0,0,0,0,0,0,0
7998,GENERAL,5,0,0,0,0,0,0,0,0,0
7999,GENERAL,5,0,0,0,0,0,0,0,0,0
8000,GENERAL,5,0,0,0,0,0,0,0,0,0
8001,GENERAL,5,0,0,0,0,0,0,0,0,0
8002,GENERAL,5,0,0,0,0,0,0,0,0,0
8003,GENERAL,5,0,0,0,0,0,0,0,0,0
8004,GENERAL,5,0,0,0,0,0,0,0,0,0
8005,GENERAL,5,0,0,0,0,0,0,0,0,0
8006,GENERAL,5,0,0,0,0,0,0,0,0,0
8007,GENERAL,5,0,0,0,0,0,0,0,0,0
8008,GENERAL,5,0,0,0,0,0,0,0,0,0
8009,GENERAL,5,0,0,0,0,0,0,0,0,0
8010,GENERAL,5,0,0,0,0,0,0,0,0,0
8011,GENERAL,5,0,0,0,0,0,0,0,0,0
8012,GENERAL,5,0,0,0,0,0,0,0,0,0
8013,GENERAL,5,0,0,0,0,0,0,0,0,0
8014,GENERAL,5,0,0,0,0,0,0,0,0,0
8015,GENERAL,5,0,0,0,0,0,0,0,0,0
8016,GENERAL,5,0,0,0,0,0,0,0,0,0
8017,GENERAL,5,0,0,0,0,0,0,0,0,0
8018,GENERAL,5,0,0,0,0,0,0,0,0,0
8019,GENERAL,5,0,0,0,0,0,0,0,0,0
8020,GENERAL,5,0,0,0,0,0,0,0,0,0
8021,GENERAL,5,0,0,0,0,0,0,0,0,0
8022,GENERAL,5,0,0,0,0,0,0,0,0,0
8023,GENERAL,5,0,0,0,0,0,0,0,0,0
8024,GENERAL,5,0,0,0,0,0,0,0,0,0
8025,GENERAL,5,0,0,0,0,0,0,0,0,0
8026,GENERAL,5,0,0,0,0,0,0,0,0,0
8027,GENERAL,5,0,0,0,0,0,0,0,0,0
8028,GENERAL,5,0,0,0,0,0,0,0,0,0
8029,GENERAL,5,0,0,0,0,0,0,0,0,0
8030,GENERAL,5,0,0,0,0,0,0,0,0,0
8031,GENERAL,5,0,0,0,0,0,0,0,0,0
8032,GENERAL,5,0,0,0,0,0,0,0,0,0
8033,GENERAL,5,0,0,0,0,0,0,0,0,0
8034,GENERAL,5,0,0,0,0,0,0,0,0,0
8035,GENERAL,5,0,0,0,0,0,0,0,0,0
8036,GENERAL,5,0,0,0,0,0,0,0,0,0
8037,GENERAL,5,0,0,0,0,0,0,0,0,0
8038,GENERAL,5,0,0,0,0,0,0,0,0,0
8039,GENERAL,5,0,0,0,0,0,0,0,0,0
8040,GENERAL,5,0,0,0,0,0,0,0,0,0
8041,GENERAL,5,0,0,0,0,0,0,0,0,0
8042,GENERAL,5,0,0,0,0,0,0,0,0,0
8043,GENERAL,5,0,0,0,0,0,0,0,0,0
8044,GENERAL,5,0,0,0,0,0,0,0,0,0
8045,GENERAL,5,0,0,0,0,0,0,0,0,0
8046,GENERAL,5,0,0,0,0,0,0,0,0,0
8047,GENERAL,5,0,0,0,0,0,0,0,0,0
8048,GENERAL,5,0,0,0,0,0,0,0,0,0
8049,GENERAL,5,0,0,0,0,0,0,0,0,0
8050,GENERAL,5,0,0,0,0,0,0,0,0,0
8051,GENERAL,5,0,0,0,0,0,0,0,0,0
8052,GENERAL,5,0,0,0,0,0,0,0,0,0
8053,GENERAL,5,0,0,0,0,0,0,0,0,0
8054,GENERAL,5,0,0,0,0,0,0,0,0,0
8055,GENERAL,5,0,0,0,0,0,0,0,0,0
8056,GENERAL,5,0,0,0,0,0,0,0,0,0
8057,GENERAL,5,0,0,0,0,0,0,0,0,0
8058,GENERAL,5,0,0,0,0,0,0,0,0,0
8059,GENERAL,5,0,0,0,0,0,0,0,0,0
8060,GENERAL,5,0,0,0,0,0,0,0,0,0
8061,GENERAL,5,0,0,0,0,0,0,0,0,0
8062,GENERAL,5,0,0,0,0,0,0,0,0,0
8063,GENERAL,5,0,0,0,0,0,0,0,0,0
8064,GENERAL,5,0,0,0,0,0,0,0,0,0
8065,GENERAL,5,0,0,0,0,0,0,0,0,0
8066,GENERAL,5,0,0,0,0,0,0,0,0,0
8067,GENERAL,5,0,0,0,0,0,0,0,0,0
8068,GENERAL,5,0,0,0,0,0,0,0,0,0
8069,GENERAL,5,0,0,0,0,0,0,0,0,0
8070,GENERAL,5,0,0,0,0,0,0,0,0,0
8071,GENERAL,5,0,0,0,0,0,0,0,0,0
8072,GENERAL,5,0,0,0,0,0,0,0,0,0
8073,GENERAL,5,0,0,0,0,0,0,0,0,0
8074,GENERAL,5,0,0,0,0,0,0,0,0,0
8075,GENERAL,5,0,0,0,0,0,0,0,0,0
8076,GENERAL,5,0,0,0,0,0,0,0,0,0
8077,GENERAL,5,0,0,0,0,0,0,0,0,0
8078,GENERAL,5,0,0,0,0,0,0,0,0,0
8079,GENERAL,5,0,0,0,0,0,0,0,0,0
8080,GENERAL,5,0,0,0,0,0,0,0,0,0
8081,GENERAL,5,0,0,0,0,0,0,0,0,0
8082,GENERAL,5,0,0,0,0,0,0,0,0,0
8083,GENERAL,5,0,0,0,0,0,0,0,0,0
8084,GENERAL,5,0,0,0,0,0,0,0,0,0
8085,GENERAL,5,0,0,0,0,0,0,0,0,0
8086,GENERAL,5,0,0,0,0,0,0,0,0,0
8087,GENERAL,5,0,0,0,0,0,0,0,0,0
8088,GENERAL,5,0,0,0,0,0,0,0,0,0
8089,GENERAL,5,0,0,0,0,0,0,0,0,0
8090,GENERAL,5,0,0,0,0,0,0,0,0,0
8091,GENERAL,5,0,0,0,0,0,0,0,0,0
8092,GENERAL,5,0,0,0,0,0,0,0,0,0
8093,GENERAL,5,0,0,0,0,0,0,0,0,0
8094,GENERAL,5,0,0,0,0,0,0,0,0,0
8095,GENERAL,5,0,0,0,0,0,0,0,0,0
8096,GENERAL,5,0,0,0,0,0,0,0,0,0
8097,GENERAL,5,0,0,0,0,0,0,0,0,0
8098,GENERAL,5,0,0,0,0,0,0,0,0,0
8099,GENERAL,5,0,0,0,0,0,0,0,0,0
8100,GENERAL,5,0,0,0,0,0,0,0,0,0
8101,GENERAL,5,0,0,0,0,0,0,0,0,0
8102,GENERAL,5,0,0,0,0,0,0,0,0,0
8103,GENERAL,5,0,0,0,0,0,0,0,0,0
8104,GENERAL,5,0,0,0,0,0,0,0,0,0
8105,GENERAL,5,0,0,0,0,0,0,0,0,0
8106,GENERAL,5,0,0,0,0,0,0,0,0,0
8107,GENERAL,5,0,0,0,0,0,0,0,0,0
8108,GENERAL,5,0,0,0,0,0,0,0,0,0
8109,GENERAL,5,0,0,0,0,0,0,0,0,0
8110,GENERAL,5,0,0,0,0,0,0,0,0,0
8111,GENERAL,5,0,0,0,0,0,0,0,0,0
8112,GENERAL,5,0,0,0,0,0,0,0,0,0
8113,GENERAL,5,0,0,0,0,0,0,0,0,0
8114,GENERAL,5,0,0,0,0,0,0,0,0,0
8115,GENERAL,5,0,0,0,0,0,0,0,0,0
8116,GENERAL,5,0,0,0,0,0,0,0,0,0
8117,GENERAL,5,0,0,0,0,0,0,0,0,0
8118,GENERAL,5,0,0,0,0,0,0,0,0,0
8119,GENERAL,5,0,0,0,0,0,0,0,0,0
8120,GENERAL,5,0,0,0,0,0,0,0,0,0
8121,GENERAL,5,0,0,0,0,0,0,0,0,0
8122,GENERAL,5,0,0,0,0,0,0,0,0,0
8123,GENERAL,5,0,0,0,0,0,0,0,0,0
8124,GENERAL,5,0,0,0,0,0,0,0,0,0
8125,GENERAL,5,0,0,0,0,0,0,0,0,0
8126,GENERAL,5,0,0,0,0,0,0,0,0,0
8127,GENERAL,5,0,0,0,0,0,0,0,0,0
8128,GENERAL,5,0,0,0,0,0,0,0,0,0
8129,GENERAL,5,0,0,0,0,0,0,0,0,0
8130,GENERAL,5,0,0,0,0,0,0,0,0,0
8131,GENERAL,5,0,0,0,0,0,0,0,0,0
8132,GENERAL,5,0,0,0,0,0,0,0,0,0
8133,GENERAL,5,0,0,0,0,0,0,0,0,0
8134,GENERAL,5,0,0,0,0,0,0,0,0,0
8135,GENERAL,5,0,0,0,0,0,0,0,0,0
8136,GENERAL,5,0,0,0,0,0,0,0,0,0
8137,GENERAL,5,0,0,0,0,0,0,0,0,0
8138,GENERAL,5,0,0,0,0,0,0,0,0,0
8139,GENERAL,5,0,0,0,0,0,0,0,0,0
8140,GENERAL,5,0,0,0,0,0,0,0,0,0
8141,GENERAL,5,0,0,0,0,0,0,0,0,0
8142,GENERAL,5,0,0,0,0,0,0,0,0,0
8143,GENERAL,5,0,0,0,0,0,0,0,0,0
8144,GENERAL,5,0,0,0,0,0,0,0,0,0
8145,GENERAL,5,0,0,0,0,0,0,0,0,0
8146,GENERAL,5,0,0,0,0,0,0,0,0,0
8147,GENERAL,5,0,0,0,0,0,0,0,0,0
8148,GENERAL,5,0,0,0,0,0,0,0,0,0
8149,GENERAL,5,0,0,0,0,0,0,0,0,0
8150,GENERAL,5,0,0,0,0,0,0,0,0,0
8151,GENERAL,5,0,0,0,0,0,0,0,0,0
8152,GENERAL,5,0,0,0,0,0,0,0,0,0
8153,GENERAL,5,0,0,0,0,0,0,0,0,0
8154,GENERAL,5,0,0,0,0,0,0,0,0,0
8155,GENERAL,5,0,0,0,0,0,0,0,0,0
8156,GENERAL,5,0,0,0,0,0,0,0,0,0
8157,GENERAL,5,0,0,0,0,0,0,0,0,0
8158,GENERAL,5,0,0,0,0,0,0,0,0,0
8159,GENERAL,5,0,0,0,0,0,0,0,0,0
8160,GENERAL,5,0,0,0,0,0,0,0,0,0
8161,GENERAL,5,0,0,0,0,0,0,0,0,0
8162,GENERAL,5,0,0,0,0,0,0,0,0,0
8163,GENERAL,5,0,0,0,0,0,0,0,0,0
8164,GENERAL,5,0,0,0,0,0,0,0,0,0
8165,GENERAL,5,0,0,0,0,0,0,0,0,0
8166,GENERAL,5,0,0,0,0,0,0,0,0,0
8167,GENERAL,5,0,0,0,0,0,0,0,0,0
8168,GENERAL,5,0,0,0,0,0,0,0,0,0
8169,GENERAL,5,0,0,0,0,0,0,0,0,0
8170,GENERAL,5,0,0,0,0,0,0,0,0,0
8171,GENERAL,5,0,0,0,0,0,0,0,0,0
8172,GENERAL,5,0,0,0,0,0,0,0,0,0
8173,GENERAL,5,0,0,0,0,0,0,0,0,0
8174,GENERAL,5,0,0,0,0,0,0,0,0,0
8175,GENERAL,5,0,0,0,0,0,0,0,0,0
8176,GENERAL,5,0,0,0,0,0,0,0,0,0
8177,GENERAL,5,0,0,0,0,0,0,0,0,0
8178,GENERAL,5,0,0,0,0,0,0,0,0,0
8179,GENERAL,5,0,0,0,0,0,0,0,0,0
8180,GENERAL,5,0,0,0,0,0,0,0,0,0
8181,GENERAL,5,0,0,0,0,0,0,0,0,0
8182,GENERAL,5,0,0,0,0,0,0,0,0,0
8183,GENERAL,5,0,0,0,0,0,0,0,0,0
8184,GENERAL,5,0,0,0,0,0,0,0,0,0
8185,GENERAL,5,0,0,0,0,0,0,0,0,0
8186,GENERAL,5,0,0,0,0,0,0,0,0,0
8187,GENERAL,5,0,0,0,0,0,0,0,0,0
8188,GENERAL,5,0,0,0,0,0,0,0,0,0
8189,GENERAL,5,0,0,0,0,0,0,0,0,0
8190,GENERAL,5,0,0,0,0,0,0,0,0,0
8191,GENERAL,5,0,0,0,0,0,0,0,0,0
8192,GENERAL,5,0,0,0,0,0,0,0,0,0
8193,GENERAL,5,0,0,0,0,0,0,0,0,0
8194,GENERAL,5,0,0,0,0,0,0,0,0,0
8195,GENERAL,5,0,0,0,0,0,0,0,0,0
8196,GENERAL,5,0,0,0,0,0,0,0,0,0
8197,GENERAL,5,0,0,0,0,0,0,0,0,0
8198,GENERAL,5,0,0,0,0,0,0,0,0,0
8199,GENERAL,5,0,0,0,0,0,0,0,0,0
8200,GENERAL,5,0,0,0,0,0,0,0,0,0
8201,GENERAL,5,0,0,0,0,0,0,0,0,0
8202,GENERAL,5,0,0,0,0,0,0,0,0,0
8203,GENERAL,5,0,0,0,0,0,0,0,0,0
8204,GENERAL,5,0,0,0,0,0,0,0,0,0
8205,GENERAL,5,0,0,0,0,0,0,0,0,0
8206,GENERAL,5,0,0,0,0,0,0,0,0,0
8207,GENERAL,5,0,0,0,0,0,0,0,0,0
8208,GENERAL,5,0,0,0,0,0,0,0,0,0
8209,GENERAL,5,0,0,0,0,0,0,0,0,0
8210,GENERAL,5,0,0,0,0,0,0,0,0,0
8211,GENERAL,5,0,0,0,0,0,0,0,0,0
8212,GENERAL,5,0,0,0,0,0,0,0,0,0
8213,GENERAL,5,0,0,0,0,0,0,0,0,0
8214,GENERAL,5,0,0,0,0,0,0,0,0,0
8215,GENERAL,5,0,0,0,0,0,0,0,0,0
8216,GENERAL,5,0,0,0,0,0,0,0,0,0
8217,GENERAL,5,0,0,0,0,0,0,0,0,0
8218,GENERAL,5,0,0,0,0,0,0,0,0,0
8219,GENERAL,5,0,0,0,0,0,0,0,0,0
8220,GENERAL,5,0,0,0,0,0,0,0,0,0
8221,GENERAL,5,0,0,0,0,0,0,0,0,0
8222,GENERAL,5,0,0,0,0,0,0,0,0,0
8223,GENERAL,5,0,0,0,0,0,0,0,0,0
8224,GENERAL,5,0,0,0,0,0,0,0,0,0
8225,GENERAL,5,0,0,0,0,0,0,0,0,0
8226,GENERAL,5,0,0,0,0,0,0,0,0,0
8227,GENERAL,5,0,0,0,0,0,0,0,0,0
8228,GENERAL,5,0,0,0,0,0,0,0,0,0
8229,GENERAL,5,0,0,0,0,0,0,0,0,0
8230,GENERAL,5,0,0,0,0,0,0,0,0,0
8231,GENERAL,5,0,0,0,0,0,0,0,0,0
8232,GENERAL,5,0,0,0,0,0,0,0,0,0
8233,GENERAL,5,0,0,0,0,0,0,0,0,0
8234,GENERAL,5,0,0,0,0,0,0,0,0,0
8235,GENERAL,5,0,0,0,0,0,0,0,0,0
8236,GENERAL,5,0,0,0,0,0,0,0,0,0
8237,GENERAL,5,0,0,0,0,0,0,0,0,0
8238,GENERAL,5,0,0,0,0,0,0,0,0,0
8239,GENERAL,5,0,0,0,0,0,0,0,0,0
8240,GENERAL,5,0,0,0,0,0,0,0,0,0
8241,GENERAL,5,0,0,0,0,0,0,0,0,0
8242,GENERAL,5,0,0,0,0,0,0,0,0,0
8243,GENERAL,5,0,0,0,0,0,0,0,0,0
8244,GENERAL,5,0,0,0,0,0,0,0,0,0
8245,GENERAL,5,0,0,0,0,0,0,0,0,0
8246,GENERAL,5,0,0,0,0,0,0,0,0,0
8247,GENERAL,5,0,0,0,0,0,0,0,0,0
8248,GENERAL,5,0,0,0,0,0,0,0,0,0
8249,GENERAL,5,0,0,0,0,0,0,0,0,0
8250,GENERAL,5,0,0,0,0,0,0,0,0,0
8251,GENERAL,5,0,0,0,0,0,0,0,0,0
8252,GENERAL,5,0,0,0,0,0,0,0,0,0
8253,GENERAL,5,0,0,0,0,0,0,0,0,0
8254,GENERAL,5,0,0,0,0,0,0,0,0,0
8255,GENERAL,5,0,0,0,0,0,0,0,0,0
8256,GENERAL,5,0,0,0,0,0,0,0,0,0
8257,GENERAL,5,0,0,0,0,0,0,0,0,0
8258,GENERAL,5,0,0,0,0,0,0,0,0,0
8259,GENERAL,5,0,0,0,0,0,0,0,0,0
8260,GENERAL,5,0,0,0,0,0,0,0,0,0
8261,GENERAL,5,0,0,0,0,0,0,0,0,0
8262,GENERAL,5,0,0,0,0,0,0,0,0,0
8263,GENERAL,5,0,0,0,0,0,0,0,0,0
8264,GENERAL,5,0,0,0,0,0,0,0,0,0
8265,GENERAL,5,0,0,0,0,0,0,0,0,0
8266,GENERAL,5,0,0,0,0,0,0,0,0,0
8267,GENERAL,5,0,0,0,0,0,0,0,0,0
8268,GENERAL,5,0,0,0,0,0,0,0,0,0
8269,GENERAL,5,0,0,0,0,0,0,0,0,0
8270,GENERAL,5,0,0,0,0,0,0,0,0,0
8271,GENERAL,5,0,0,0,0,0,0,0,0,0
8272,GENERAL,5,0,0,0,0,0,0,0,0,0
8273,GENERAL,5,0,0,0,0,0,0,0,0,0
8274,GENERAL,5,0,0,0,0,0,0,0,0,0
8275,GENERAL,5,0,0,0,0,0,0,0,0,0
8276,GENERAL,5,0,0,0,0,0,0,0,0,0
8277,GENERAL,5,0,0,0,0,0,0,0,0,0
8278,GENERAL,5,0,0,0,0,0,0,0,0,0
8279,GENERAL,5,0,0,0,0,0,0,0,0,0
8280,GENERAL,5,0,0,0,0,0,0,0,0,0
8281,GENERAL,5,0,0,0,0,0,0,0,0,0
8282,GENERAL,5,0,0,0,0,0,0,0,0,0
8283,GENERAL,5,0,0,0,0,0,0,0,0,0
8284,GENERAL,5,0,0,0,0,0,0,0,0,0
8285,GENERAL,5,0,0,0,0,0,0,0,0,0
8286,GENERAL,5,0,0,0,0,0,0,0,0,0
8287,GENERAL,5,0,0,0,0,0,0,0,0,0
8288,GENERAL,5,0,0,0,0,0,0,0,0,0
8289,GENERAL,5,0,0,0,0,0,0,0,0,0
8290,GENERAL,5,0,0,0,0,0,0,0,0,0
8291,GENERAL,5,0,0,0,0,0,0,0,0,0
8292,GENERAL,5,0,0,0,0,0,0,0,0,0
8293,GENERAL,5,0,0,0,0,0,0,0,0,0
8294,GENERAL,5,0,0,0,0,0,0,0,0,0
8295,GENERAL,5,0,0,0,0,0,0,0,0,0
8296,GENERAL,5,0,0,0,0,0,0,0,0,0
8297,GENERAL,5,0,0,0,0,0,0,0,0,0
8298,GENERAL,5,0,0,0,0,0,0,0,0,0
8299,GENERAL,5,0,0,0,0,0,0,0,0,0
8300,GENERAL,5,0,0,0,0,0,0,0,0,0
8301,GENERAL,5,0,0,0,0,0,0,0,0,0
8302,GENERAL,5,0,0,0,0,0,0,0,0,0
8303,GENERAL,5,0,0,0,0,0,0,0,0,0
8304,GENERAL,5,0,0,0,0,0,0,0,0,0
8305,GENERAL,5,0,0,0,0,0,0,0,0,0
8306,GENERAL,5,0,0,0,0,0,0,0,0,0
8307,GENERAL,5,0,0,0,0,0,0,0,0,0
8308,GENERAL,5,0,0,0,0,0,0,0,0,0
8309,GENERAL,5,0,0,0,0,0,0,0,0,0
8310,GENERAL,5,0,0,0,0,0,0,0,0,0
8311,GENERAL,5,0,0,0,0,0,0,0,0,0
8312,GENERAL,5,0,0,0,0,0,0,0,0,0
8313,GENERAL,5,0,0,0,0,0,0,0,0,0
8314,GENERAL,5,0,0,0,0,0,0,0,0,0
8315,GENERAL,5,0,0,0,0,0,0,0,0,0
8316,GENERAL,5,0,0,0,0,0,0,0,0,0
8317,GENERAL,5,0,0,0,0,0,0,0,0,0
8318,GENERAL,5,0,0,0,0,0,0,0,0,0
8319,GENERAL,5,0,0,0,0,0,0,0,0,0
8320,GENERAL,5,0,0,0,0,0,0,0,0,0
8321,GENERAL,5,0,0,0,0,0,0,0,0,0
8322,GENERAL,5,0,0,0,0,0,0,0,0,0
8323,GENERAL,5,0,0,0,0,0,0,0,0,0
8324,GENERAL,5,0,0,0,0,0,0,0,0,0
8325,GENERAL,5,0,0,0,0,0,0,0,0,0
8326,GENERAL,5,0,0,0,0,0,0,0,0,0
8327,GENERAL,5,0,0,0,0,0,0,0,0,0
8328,GENERAL,5,0,0,0,0,0,0,0,0,0
8329,GENERAL,5,0,0,0,0,0,0,0,0,0
8330,GENERAL,5,0,0,0,0,0,0,0,0,0
8331,GENERAL,5,0,0,0,0,0,0,0,0,0
8332,GENERAL,5,0,0,0,0,0,0,0,0,0
8333,GENERAL,5,0,0,0,0,0,0,0,0,0
8334,GENERAL,5,0,0,0,0,0,0,0,0,0
8335,GENERAL,5,0,0,0,0,0,0,0,0,0
8336,GENERAL,5,0,0,0,0,0,0,0,0,0
8337,GENERAL,5,0,0,0,0,0,0,0,0,0
8338,GENERAL,5,0,0,0,0,0,0,0,0,0
8339,GENERAL,5,0,0,0,0,0,0,0,0,0
8340,GENERAL,5,0,0,0,0,0,0,0,0,0
8341,GENERAL,5,0,0,0,0,0,0,0,0,0
8342,GENERAL,5,0,0,0,0,0,0,0,0,0
8343,GENERAL,5,0,0,0,0,0,0,0,0,0
8344,GENERAL,5,0,0,0,0,0,0,0,0,0
8345,GENERAL,5,0,0,0,0,0,0,0,0,0
8346,GENERAL,5,0,0,0,0,0,0,0,0,0
8347,GENERAL,5,0,0,0,0,0,0,0,0,0
8348,GENERAL,5,0,0,0,0,0,0,0,0,0
8349,GENERAL,5,0,0,0,0,0,0,0,0,0
8350,GENERAL,5,0,0,0,0,0,0,0,0,0
8351,GENERAL,5,0,0,0,0,0,0,0,0,0
8352,GENERAL,5,0,0,0,0,0,0,0,0,0
8353,GENERAL,5,0,0,0,0,0,0,0,0,0
8354,GENERAL,5,0,0,0,0,0,0,0,0,0
8355,GENERAL,5,0,0,0,0,0,0,0,0,0
8356,GENERAL,5,0,0,0,0,0,0,0,0,0
8357,GENERAL,5,0,0,0,0,0,0,0,0,0
8358,GENERAL,5,0,0,0,0,0,0,0,0,0
8359,GENERAL,5,0,0,0,0,0,0,0,0,0
8360,GENERAL,5,0,0,0,0,0,0,0,0,0
8361,GENERAL,5,0,0,0,0,0,0,0,0,0
8362,GENERAL,5,0,0,0,0,0,0,0,0,0
8363,GENERAL,5,0,0,0,0,0,0,0,0,0
8364,GENERAL,5,0,0,0,0,0,0,0,0,0
8365,GENERAL,5,0,0,0,0,0,0,0,0,0
8366,GENERAL,5,0,0,0,0,0,0,0,0,0
8367,GENERAL,5,0,0,0,0,0,0,0,0,0
8368,GENERAL,5,0,0,0,0,0,0,0,0,0
8369,GENERAL,5,0,0,0,0,0,0,0,0,0
8370,GENERAL,5,0,0,0,0,0,0,0,0,0
8371,GENERAL,5,0,0,0,0,0,0,0,0,0
8372,GENERAL,5,0,0,0,0,0,0,0,0,0
8373,GENERAL,5,0,0,0,0,0,0,0,0,0
8374,GENERAL,5,0,0,0,0,0,0,0,0,0
8375,GENERAL,5,0,0,0,0,0,0,0,0,0
8376,GENERAL,5,0,0,0,0,0,0,0,0,0
8377,GENERAL,5,0,0,0,0,0,0,0,0,0
8378,GENERAL,5,0,0,0,0,0,0,0,0,0
8379,GENERAL,5,0,0,0,0,0,0,0,0,0
8380,GENERAL,5,0,0,0,0,0,0,0,0,0
8381,GENERAL,5,0,0,0,0,0,0,0,0,0
8382,GENERAL,5,0,0,0,0,0,0,0,0,0
8383,GENERAL,5,0,0,0,0,0,0,0,0,0
8384,GENERAL,5,0,0,0,0,0,0,0,0,0
8385,GENERAL,5,0,0,0,0,0,0,0,0,0
8386,GENERAL,5,0,0,0,0,0,0,0,0,0
8387,GENERAL,5,0,0,0,0,0,0,0,0,0
8388,GENERAL,5,0,0,0,0,0,0,0,0,0
8389,GENERAL,5,0,0,0,0,0,0,0,0,0
8390,GENERAL,5,0,0,0,0,0,0,0,0,0
8391,GENERAL,5,0,0,0,0,0,0,0,0,0
8392,GENERAL,5,0,0,0,0,0,0,0,0,0
8393,GENERAL,5,0,0,0,0,0,0,0,0,0
8394,GENERAL,5,0,0,0,0,0,0,0,0,0
8395,GENERAL,5,0,0,0,0,0,0,0,0,0
8396,GENERAL,5,0,0,0,0,0,0,0,0,0
8397,GENERAL,5,0,0,0,0,0,0,0,0,0
8398,GENERAL,5,0,0,0,0,0,0,0,0,0
8399,GENERAL,5,0,0,0,0,0,0,0,0,0
8400,GENERAL,5,0,0,0,0,0,0,0,0,0
8401,GENERAL,5,0,0,0,0,0,0,0,0,0
8402,GENERAL,5,0,0,0,0,0,0,0,0,0
8403,GENERAL,5,0,0,0,0,0,0,0,0,0
8404,GENERAL,5,0,0,0,0,0,0,0,0,0
8405,GENERAL,5,0,0,0,0,0,0,0,0,0
8406,GENERAL,5,0,0,0,0,0,0,0,0,0
8407,GENERAL,5,0,0,0,0,0,0,0,0,0
8408,GENERAL,5,0,0,0,0,0,0,0,0,0
8409,GENERAL,5,0,0,0,0,0,0,0,0,0
8410,GENERAL,5,0,0,0,0,0,0,0,0,0
8411,GENERAL,5,0,0,0,0,0,0,0,0,0
8412,GENERAL,5,0,0,0,0,0,0,0,0,0
8413,GENERAL,5,0,0,0,0,0,0,0,0,0
8414,GENERAL,5,0,0,0,0,0,0,0,0,0
8415,GENERAL,5,0,0,0,0,0,0,0,0,0
8416,GENERAL,5,0,0,0,0,0,0,0,0,0
8417,GENERAL,5,0,0,0,0,0,0,0,0,0
8418,GENERAL,5,0,0,0,0,0,0,0,0,0
8419,GENERAL,5,0,0,0,0,0,0,0,0,0
8420,GENERAL,5,0,0,0,0,0,0,0,0,0
8421,GENERAL,5,0,0,0,0,0,0,0,0,0
8422,GENERAL,5,0,0,0,0,0,0,0,0,0
8423,GENERAL,5,0,0,0,0,0,0,0,0,0
8424,GENERAL,5,0,0,0,0,0,0,0,0,0
8425,GENERAL,5,0,0,0,0,0,0,0,0,0
8426,GENERAL,5,0,0,0,0,0,0,0,0,0
8427,GENERAL,5,0,0,0,0,0,0,0,0,0
8428,GENERAL,5,0,0,0,0,0,0,0,0,0
8429,GENERAL,5,0,0,0,0,0,0,0,0,0
8430,GENERAL,5,0,0,0,0,0,0,0,0,0
8431,GENERAL,5,0,0,0,0,0,0,0,0,0
8432,GENERAL,5,0,0,0,0,0,0,0,0,0
8433,GENERAL,5,0,0,0,0,0,0,0,0,0
8434,GENERAL,5,0,0,0,0,0,0,0,0,0
8435,GENERAL,5,0,0,0,0,0,0,0,0,0
8436,GENERAL,5,0,0,0,0,0,0,0,0,0
8437,GENERAL,5,0,0,0,0,0,0,0,0,0
8438,GENERAL,5,0,0,0,0,0,0,0,0,0
8439,GENERAL,5,0,0,0,0,0,0,0,0,0
8440,GENERAL,5,0,0,0,0,0,0,0,0,0
8441,GENERAL,5,0,0,0,0,0,0,0,0,0
8442,GENERAL,5,0,0,0,0,0,0,0,0,0
8443,GENERAL,5,0,0,0,0,0,0,0,0,0
8444,GENERAL,5,0,0,0,0,0,0,0,0,0
8445,GENERAL,5,0,0,0,0,0,0,0,0,0
8446,GENERAL,5,0,0,0,0,0,0,0,0,0
8447,GENERAL,5,0,0,0,0,0,0,0,0,0
8448,GENERAL,5,0,0,0,0,0,0,0,0,0
8449,GENERAL,5,0,0,0,0,0,0,0,0,0
8450,GENERAL,5,0,0,0,0,0,0,0,0,0
8451,GENERAL,5,0,0,0,0,0,0,0,0,0
8452,GENERAL,5,0,0,0,0,0,0,0,0,0
8453,GENERAL,5,0,0,0,0,0,0,0,0,0
8454,GENERAL,5,0,0,0,0,0,0,0,0,0
8455,GENERAL,5,0,0,0,0,0,0,0,0,0
8456,GENERAL,5,0,0,0,0,0,0,0,0,0
8457,GENERAL,5,0,0,0,0,0,0,0,0,0
8458,GENERAL,5,0,0,0,0,0,0,0,0,0
8459,GENERAL,5,0,0,0,0,0,0,0,0,0
8460,GENERAL,5,0,0,0,0,0,0,0,0,0
8461,GENERAL,5,0,0,0,0,0,0,0,0,0
8462,GENERAL,5,0,0,0,0,0,0,0,0,0
8463,GENERAL,5,0,0,0,0,0,0,0,0,0
8464,GENERAL,5,0,0,0,0,0,0,0,0,0
8465,GENERAL,5,0,0,0,0,0,0,0,0,0
8466,GENERAL,5,0,0,0,0,0,0,0,0,0
8467,GENERAL,5,0,0,0,0,0,0,0,0,0
8468,GENERAL,5,0,0,0,0,0,0,0,0,0
8469,GENERAL,5,0,0,0,0,0,0,0,0,0
8470,GENERAL,5,0,0,0,0,0,0,0,0,0
8471,GENERAL,5,0,0,0,0,0,0,0,0,0
8472,GENERAL,5,0,0,0,0,0,0,0,0,0
8473,GENERAL,5,0,0,0,0,0,0,0,0,0
8474,GENERAL,5,0,0,0,0,0,0,0,0,0
8475,GENERAL,5,0,0,0,0,0,0,0,0,0
8476,GENERAL,5,0,0,0,0,0,0,0,0,0
8477,GENERAL,5,0,0,0,0,0,0,0,0,0
8478,GENERAL,5,0,0,0,0,0,0,0,0,0
8479,GENERAL,5,0,0,0,0,0,0,0,0,0
8480,GENERAL,5,0,0,0,0,0,0,0,0,0
8481,GENERAL,5,0,0,0,0,0,0,0,0,0
8482,GENERAL,5,0,0,0,0,0,0,0,0,0
8483,GENERAL,5,0,0,0,0,0,0,0,0,0
8484,GENERAL,5,0,0,0,0,0,0,0,0,0
8485,GENERAL,5,0,0,0,0,0,0,0,0,0
8486,GENERAL,5,0,0,0,0,0,0,0,0,0
8487,GENERAL,5,0,0,0,0,0,0,0,0,0
8488,GENERAL,5,0,0,0,0,0,0,0,0,0
8489,GENERAL,5,0,0,0,0,0,0,0,0,0
8490,GENERAL,5,0,0,0,0,0,0,0,0,0
8491,GENERAL,5,0,0,0,0,0,0,0,0,0
8492,GENERAL,5,0,0,0,0,0,0,0,0,0
8493,GENERAL,5,0,0,0,0,0,0,0,0,0
8494,GENERAL,5,0,0,0,0,0,0,0,0,0
8495,GENERAL,5,0,0,0,0,0,0,0,0,0
8496,GENERAL,5,0,0,0,0,0,0,0,0,0
8497,GENERAL,5,0,0,0,0,0,0,0,0,0
8498,GENERAL,5,0,0,0,0,0,0,0,0,0
8499,GENERAL,5,0,0,0,0,0,0,0,0,0
8500,GENERAL,5,0,0,0,0,0,0,0,0,0
8501,GENERAL,5,0,0,0,0,0,0,0,0,0
8502,GENERAL,5,0,0,0,0,0,0,0,0,0
8503,GENERAL,5,0,0,0,0,0,0,0,0,0
8504,GENERAL,5,0,0,0,0,0,0,0,0,0
8505,GENERAL,5,0,0,0,0,0,0,0,0,0
8506,GENERAL,5,0,0,0,0,0,0,0,0,0
8507,GENERAL,5,0,0,0,0,0,0,0,0,0
8508,GENERAL,5,0,0,0,0,0,0,0,0,0
8509,GENERAL,5,0,0,0,0,0,0,0,0,0
8510,GENERAL,5,0,0,0,0,0,0,0,0,0
8511,GENERAL,5,0,0,0,0,0,0,0,0,0
8512,GENERAL,5,0,0,0,0,0,0,0,0,0
8513,GENERAL,5,0,0,0,0,0,0,0,0,0
8514,GENERAL,5,0,0,0,0,0,0,0,0,0
8515,GENERAL,5,0,0,0,0,0,0,0,0,0
8516,GENERAL,5,0,0,0,0,0,0,0,0,0
8517,GENERAL,5,0,0,0,0,0,0,0,0,0
8518,GENERAL,5,0,0,0,0,0,0,0,0,0
8519,GENERAL,5,0,0,0,0,0,0,0,0,0
8520,GENERAL,5,0,0,0,0,0,0,0,0,0
8521,GENERAL,5,0,0,0,0,0,0,0,0,0
8522,GENERAL,5,0,0,0,0,0,0,0,0,0
8523,GENERAL,5,0,0,0,0,0,0,0,0,0
8524,GENERAL,5,0,0,0,0,0,0,0,0,0
8525,GENERAL,5,0,0,0,0,0,0,0,0,0
8526,GENERAL,5,0,0,0,0,0,0,0,0,0
8527,GENERAL,5,0,0,0,0,0,0,0,0,0
8528,GENERAL,5,0,0,0,0,0,0,0,0,0
8529,GENERAL,5,0,0,0,0,0,0,0,0,0
8530,GENERAL,5,0,0,0,0,0,0,0,0,0
8531,GENERAL,5,0,0,0,0,0,0,0,0,0
8532,GENERAL,5,0,0,0,0,0,0,0,0,0
8533,GENERAL,5,0,0,0,0,0,0,0,0,0
8534,GENERAL,5,0,0,0,0,0,0,0,0,0
8535,GENERAL,5,0,0,0,0,0,0,0,0,0
8536,GENERAL,5,0,0,0,0,0,0,0,0,0
8537,GENERAL,5,0,0,0,0,0,0,0,0,0
8538,GENERAL,5,0,0,0,0,0,0,0,0,0
8539,GENERAL,5,0,0,0,0,0,0,0,0,0
8540,GENERAL,5,0,0,0,0,0,0,0,0,0
8541,GENERAL,5,0,0,0,0,0,0,0,0,0
8542,GENERAL,5,0,0,0,0,0,0,0,0,0
8543,GENERAL,5,0,0,0,0,0,0,0,0,0
8544,GENERAL,5,0,0,0,0,0,0,0,0,0
8545,GENERAL,5,0,0,0,0,0,0,0,0,0
8546,GENERAL,5,0,0,0,0,0,0,0,0,0
8547,GENERAL,5,0,0,0,0,0,0,0,0,0
8548,GENERAL,5,0,0,0,0,0,0,0,0,0
8549,GENERAL,5,0,0,0,0,0,0,0,0,0
8550,GENERAL,5,0,0,0,0,0,0,0,0,0
8551,GENERAL,5,0,0,0,0,0,0,0,0,0
8552,GENERAL,5,0,0,0,0,0,0,0,0,0
8553,GENERAL,5,0,0,0,0,0,0,0,0,0
8554,GENERAL,5,0,0,0,0,0,0,0,0,0
8555,GENERAL,5,0,0,0,0,0,0,0,0,0
8556,GENERAL,5,0,0,0,0,0,0,0,0,0
8557,GENERAL,5,0,0,0,0,0,0,0,0,0
8558,GENERAL,5,0,0,0,0,0,0,0,0,0
8559,GENERAL,5,0,0,0,0,0,0,0,0,0
8560,GENERAL,5,0,0,0,0,0,0,0,0,0
8561,GENERAL,5,0,0,0,0,0,0,0,0,0
8562,GENERAL,5,0,0,0,0,0,0,0,0,0
8563,GENERAL,5,0,0,0,0,0,0,0,0,0
8564,GENERAL,5,0,0,0,0,0,0,0,0,0
8565,GENERAL,5,0,0,0,0,0,0,0,0,0
8566,GENERAL,5,0,0,0,0,0,0,0,0,0
8567,GENERAL,5,0,0,0,0,0,0,0,0,0
8568,GENERAL,5,0,0,0,0,0,0,0,0,0
8569,GENERAL,5,0,0,0,0,0,0,0,0,0
8570,GENERAL,5,0,0,0,0,0,0,0,0,0
8571,GENERAL,5,0,0,0,0,0,0,0,0,0
8572,GENERAL,5,0,0,0,0,0,0,0,0,0
8573,GENERAL,5,0,0,0,0,0,0,0,0,0
8574,GENERAL,5,0,0,0,0,0,0,0,0,0
8575,GENERAL,5,0,0,0,0,0,0,0,0,0
8576,GENERAL,5,0,0,0,0,0,0,0,0,0
8577,GENERAL,5,0,0,0,0,0,0,0,0,0
8578,GENERAL,5,0,0,0,0,0,0,0,0,0
8579,GENERAL,5,0,0,0,0,0,0,0,0,0
8580,GENERAL,5,0,0,0,0,0,0,0,0,0
8581,GENERAL,5,0,0,0,0,0,0,0,0,0
8582,GENERAL,5,0,0,0,0,0,0,0,0,0
8583,GENERAL,5,0,0,0,0,0,0,0,0,0
8584,GENERAL,5,0,0,0,0,0,0,0,0,0
8585,GENERAL,5,0,0,0,0,0,0,0,0,0
8586,GENERAL,5,0,0,0,0,0,0,0,0,0
8587,GENERAL,5,0,0,0,0,0,0,0,0,0
8588,GENERAL,5,0,0,0,0,0,0,0,0,0
8589,GENERAL,5,0,0,0,0,0,0,0,0,0
8590,GENERAL,5,0,0,0,0,0,0,0,0,0
8591,GENERAL,5,0,0,0,0,0,0,0,0,0
8592,GENERAL,5,0,0,0,0,0,0,0,0,0
8593,GENERAL,5,0,0,0,0,0,0,0,0,0
8594,GENERAL,5,0,0,0,0,0,0,0,0,0
8595,GENERAL,5,0,0,0,0,0,0,0,0,0
8596,GENERAL,5,0,0,0,0,0,0,0,0,0
8597,GENERAL,5,0,0,0,0,0,0,0,0,0
8598,GENERAL,5,0,0,0,0,0,0,0,0,0
8599,GENERAL,5,0,0,0,0,0,0,0,0,0
8600,GENERAL,5,0,0,0,0,0,0,0,0,0
8601,GENERAL,5,0,0,0,0,0,0,0,0,0
8602,GENERAL,5,0,0,0,0,0,0,0,0,0
8603,GENERAL,5,0,0,0,0,0,0,0,0,0
8604,GENERAL,5,0,0,0,0,0,0,0,0,0
8605,GENERAL,5,0,0,0,0,0,0,0,0,0
8606,GENERAL,5,0,0,0,0,0,0,0,0,0
8607,GENERAL,5,0,0,0,0,0,0,0,0,0
8608,GENERAL,5,0,0,0,0,0,0,0,0,0
8609,GENERAL,5,0,0,0,0,0,0,0,0,0
8610,GENERAL,5,0,0,0,0,0,0,0,0,0
8611,GENERAL,5,0,0,0,0,0,0,0,0,0
8612,GENERAL,5,0,0,0,0,0,0,0,0,0
8613,GENERAL,5,0,0,0,0,0,0,0,0,0
8614,GENERAL,5,0,0,0,0,0,0,0,0,0
8615,GENERAL,5,0,0,0,0,0,0,0,0,0
8616,GENERAL,5,0,0,0,0,0,0,0,0,0
8617,GENERAL,5,0,0,0,0,0,0,0,0,0
8618,GENERAL,5,0,0,0,0,0,0,0,0,0
8619,GENERAL,5,0,0,0,0,0,0,0,0,0
8620,GENERAL,5,0,0,0,0,0,0,0,0,0
8621,GENERAL,5,0,0,0,0,0,0,0,0,0
8622,GENERAL,5,0,0,0,0,0,0,0,0,0
8623,GENERAL,5,0,0,0,0,0,0,0,0,0
8624,GENERAL,5,0,0,0,0,0,0,0,0,0
8625,GENERAL,5,0,0,0,0,0,0,0,0,0
8626,GENERAL,5,0,0,0,0,0,0,0,0,0
8627,GENERAL,5,0,0,0,0,0,0,0,0,0
8628,GENERAL,5,0,0,0,0,0,0,0,0,0
8629,GENERAL,5,0,0,0,0,0,0,0,0,0
8630,GENERAL,5,0,0,0,0,0,0,0,0,0
8631,GENERAL,5,0,0,0,0,0,0,0,0,0
8632,GENERAL,5,0,0,0,0,0,0,0,0,0
8633,GENERAL,5,0,0,0,0,0,0,0,0,0
8634,GENERAL,5,0,0,0,0,0,0,0,0,0
8635,GENERAL,5,0,0,0,0,0,0,0,0,0
8636,GENERAL,5,0,0,0,0,0,0,0,0,0
8637,GENERAL,5,0,0,0,0,0,0,0,0,0
8638,GENERAL,5,0,0,0,0,0,0,0,0,0
8639,GENERAL,5,0,0,0,0,0,0,0,0,0
8640,GENERAL,5,0,0,0,0,0,0,0,0,0
8641,GENERAL,5,0,0,0,0,0,0,0,0,0
8642,GENERAL,5,0,0,0,0,0,0,0,0,0
8643,GENERAL,5,0,0,0,0,0,0,0,0,0
8644,GENERAL,5,0,0,0,0,0,0,0,0,0
8645,GENERAL,5,0,0,0,0,0,0,0,0,0
8646,GENERAL,5,0,0,0,0,0,0,0,0,0
8647,GENERAL,5,0,0,0,0,0,0,0,0,0
8648,GENERAL,5,0,0,0,0,0,0,0,0,0
8649,GENERAL,5,0,0,0,0,0,0,0,0,0
8650,GENERAL,5,0,0,0,0,0,0,0,0,0
8651,GENERAL,5,0,0,0,0,0,0,0,0,0
8652,GENERAL,5,0,0,0,0,0,0,0,0,0
8653,GENERAL,5,0,0,0,0,0,0,0,0,0
8654,GENERAL,5,0,0,0,0,0,0,0,0,0
8655,GENERAL,5,0,0,0,0,0,0,0,0,0
8656,GENERAL,5,0,0,0,0,0,0,0,0,0
8657,GENERAL,5,0,0,0,0,0,0,0,0,0
8658,GENERAL,5,0,0,0,0,0,0,0,0,0
8659,GENERAL,5,0,0,0,0,0,0,0,0,0
8660,GENERAL,5,0,0,0,0,0,0,0,0,0
8661,GENERAL,5,0,0,0,0,0,0,0,0,0
8662,GENERAL,5,0,0,0,0,0,0,0,0,0
8663,GENERAL,5,0,0,0,0,0,0,0,0,0
8664,GENERAL,5,0,0,0,0,0,0,0,0,0
8665,GENERAL,5,0,0,0,0,0,0,0,0,0
8666,GENERAL,5,0,0,0,0,0,0,0,0,0
8667,GENERAL,5,0,0,0,0,0,0,0,0,0
8668,GENERAL,5,0,0,0,0,0,0,0,0,0
8669,GENERAL,5,0,0,0,0,0,0,0,0,0
8670,GENERAL,5,0,0,0,0,0,0,0,0,0
8671,GENERAL,5,0,0,0,0,0,0,0,0,0
8672,GENERAL,5,0,0,0,0,0,0,0,0,0
8673,GENERAL,5,0,0,0,0,0,0,0,0,0
8674,GENERAL,5,0,0,0,0,0,0,0,0,0
8675,GENERAL,5,0,0,0,0,0,0,0,0,0
8676,GENERAL,5,0,0,0,0,0,0,0,0,0
8677,GENERAL,5,0,0,0,0,0,0,0,0,0
8678,GENERAL,5,0,0,0,0,0,0,0,0,0
8679,GENERAL,5,0,0,0,0,0,0,0,0,0
8680,GENERAL,5,0,0,0,0,0,0,0,0,0
8681,GENERAL,5,0,0,0,0,0,0,0,0,0
8682,GENERAL,5,0,0,0,0,0,0,0,0,0
8683,GENERAL,5,0,0,0,0,0,0,0,0,0
8684,GENERAL,5,0,0,0,0,0,0,0,0,0
8685,GENERAL,5,0,0,0,0,0,0,0,0,0
8686,GENERAL,5,0,0,0,0,0,0,0,0,0
8687,GENERAL,5,0,0,0,0,0,0,0,0,0
8688,GENERAL,5,0,0,0,0,0,0,0,0,0
8689,GENERAL,5,0,0,0,0,0,0,0,0,0
8690,GENERAL,5,0,0,0,0,0,0,0,0,0
8691,GENERAL,5,0,0,0,0,0,0,0,0,0
8692,GENERAL,5,0,0,0,0,0,0,0,0,0
8693,GENERAL,5,0,0,0,0,0,0,0,0,0
8694,GENERAL,5,0,0,0,0,0,0,0,0,0
8695,GENERAL,5,0,0,0,0,0,0,0,0,0
8696,GENERAL,5,0,0,0,0,0,0,0,0,0
8697,GENERAL,5,0,0,0,0,0,0,0,0,0
8698,GENERAL,5,0,0,0,0,0,0,0,0,0
8699,GENERAL,5,0,0,0,0,0,0,0,0,0
8700,GENERAL,5,0,0,0,0,0,0,0,0,0
8701,GENERAL,5,0,0,0,0,0,0,0,0,0
8702,GENERAL,5,0,0,0,0,0,0,0,0,0
8703,GENERAL,5,0,0,0,0,0,0,0,0,0
8704,GENERAL,5,0,0,0,0,0,0,0,0,0
8705,GENERAL,5,0,0,0,0,0,0,0,0,0
8706,GENERAL,5,0,0,0,0,0,0,0,0,0
8707,GENERAL,5,0,0,0,0,0,0,0,0,0
8708,GENERAL,5,0,0,0,0,0,0,0,0,0
8709,GENERAL,5,0,0,0,0,0,0,0,0,0
8710,GENERAL,5,0,0,0,0,0,0,0,0,0
8711,GENERAL,5,0,0,0,0,0,0,0,0,0
8712,GENERAL,5,0,0,0,0,0,0,0,0,0
8713,GENERAL,5,0,0,0,0,0,0,0,0,0
8714,GENERAL,5,0,0,0,0,0,0,0,0,0
8715,GENERAL,5,0,0,0,0,0,0,0,0,0
8716,GENERAL,5,0,0,0,0,0,0,0,0,0
8717,GENERAL,5,0,0,0,0,0,0,0,0,0
8718,GENERAL,5,0,0,0,0,0,0,0,0,0
8719,GENERAL,5,0,0,0,0,0,0,0,0,0
8720,GENERAL,5,0,0,0,0,0,0,0,0,0
8721,GENERAL,5,0,0,0,0,0,0,0,0,0
8722,GENERAL,5,0,0,0,0,0,0,0,0,0
8723,GENERAL,5,0,0,0,0,0,0,0,0,0
8724,GENERAL,5,0,0,0,0,0,0,0,0,0
8725,GENERAL,5,0,0,0,0,0,0,0,0,0
8726,GENERAL,5,0,0,0,0,0,0,0,0,0
8727,GENERAL,5,0,0,0,0,0,0,0,0,0
8728,GENERAL,5,0,0,0,0,0,0,0,0,0
8729,GENERAL,5,0,0,0,0,0,0,0,0,0
8730,GENERAL,5,0,0,0,0,0,0,0,0,0
8731,GENERAL,5,0,0,0,0,0,0,0,0,0
8732,GENERAL,5,0,0,0,0,0,0,0,0,0
8733,GENERAL,5,0,0,0,0,0,0,0,0,0
8734,GENERAL,5,0,0,0,0,0,0,0,0,0
8735,GENERAL,5,0,0,0,0,0,0,0,0,0
8736,GENERAL,5,0,0,0,0,0,0,0,0,0
8737,GENERAL,5,0,0,0,0,0,0,0,0,0
8738,GENERAL,5,0,0,0,0,0,0,0,0,0
8739,GENERAL,5,0,0,0,0,0,0,0,0,0
8740,GENERAL,5,0,0,0,0,0,0,0,0,0
8741,GENERAL,5,0,0,0,0,0,0,0,0,0
8742,GENERAL,5,0,0,0,0,0,0,0,0,0
8743,GENERAL,5,0,0,0,0,0,0,0,0,0
8744,GENERAL,5,0,0,0,0,0,0,0,0,0
8745,GENERAL,5,0,0,0,0,0,0,0,0,0
8746,GENERAL,5,0,0,0,0,0,0,0,0,0
8747,GENERAL,5,0,0,0,0,0,0,0,0,0
8748,GENERAL,5,0,0,0,0,0,0,0,0,0
8749,GENERAL,5,0,0,0,0,0,0,0,0,0
8750,GENERAL,5,0,0,0,0,0,0,0,0,0
8751,GENERAL,5,0,0,0,0,0,0,0,0,0
8752,GENERAL,5,0,0,0,0,0,0,0,0,0
8753,GENERAL,5,0,0,0,0,0,0,0,0,0
8754,GENERAL,5,0,0,0,0,0,0,0,0,0
8755,GENERAL,5,0,0,0,0,0,0,0,0,0
8756,GENERAL,5,0,0,0,0,0,0,0,0,0
8757,GENERAL,5,0,0,0,0,0,0,0,0,0
8758,GENERAL,5,0,0,0,0,0,0,0,0,0
8759,GENERAL,5,0,0,0,0,0,0,0,0,0
8760,GENERAL,5,0,0,0,0,0,0,0,0,0
8761,GENERAL,5,0,0,0,0,0,0,0,0,0
8762,GENERAL,5,0,0,0,0,0,0,0,0,0
8763,GENERAL,5,0,0,0,0,0,0,0,0,0
8764,GENERAL,5,0,0,0,0,0,0,0,0,0
8765,GENERAL,5,0,0,0,0,0,0,0,0,0
8766,GENERAL,5,0,0,0,0,0,0,0,0,0
8767,GENERAL,5,0,0,0,0,0,0,0,0,0
8768,GENERAL,5,0,0,0,0,0,0,0,0,0
8769,GENERAL,5,0,0,0,0,0,0,0,0,0
8770,GENERAL,5,0,0,0,0,0,0,0,0,0
8771,GENERAL,5,0,0,0,0,0,0,0,0,0
8772,GENERAL,5,0,0,0,0,0,0,0,0,0
8773,GENERAL,5,0,0,0,0,0,0,0,0,0
8774,GENERAL,5,0,0,0,0,0,0,0,0,0
8775,GENERAL,5,0,0,0,0,0,0,0,0,0
8776,GENERAL,5,0,0,0,0,0,0,0,0,0
8777,GENERAL,5,0,0,0,0,0,0,0,0,0
8778,GENERAL,5,0,0,0,0,0,0,0,0,0
8779,GENERAL,5,0,0,0,0,0,0,0,0,0
8780,GENERAL,5,0,0,0,0,0,0,0,0,0
8781,GENERAL,5,0,0,0,0,0,0,0,0,0
8782,GENERAL,5,0,0,0,0,0,0,0,0,0
8783,GENERAL,5,0,0,0,0,0,0,0,0,0
8784,GENERAL,5,0,0,0,0,0,0,0,0,0
8785,GENERAL,5,0,0,0,0,0,0,0,0,0
8786,GENERAL,5,0,0,0,0,0,0,0,0,0
8787,GENERAL,5,0,0,0,0,0,0,0,0,0
8788,GENERAL,5,0,0,0,0,0,0,0,0,0
8789,GENERAL,5,0,0,0,0,0,0,0,0,0
8790,GENERAL,5,0,0,0,0,0,0,0,0,0
8791,GENERAL,5,0,0,0,0,0,0,0,0,0
8792,GENERAL,5,0,0,0,0,0,0,0,0,0
8793,GENERAL,5,0,0,0,0,0,0,0,0,0
8794,GENERAL,5,0,0,0,0,0,0,0,0,0
8795,GENERAL,5,0,0,0,0,0,0,0,0,0
8796,GENERAL,5,0,0,0,0,0,0,0,0,0
8797,GENERAL,5,0,0,0,0,0,0,0,0,0
8798,GENERAL,5,0,0,0,0,0,0,0,0,0
8799,GENERAL,5,0,0,0,0,0,0,0,0,0
8800,GENERAL,5,0,0,0,0,0,0,0,0,0
8801,GENERAL,5,0,0,0,0,0,0,0,0,0
8802,GENERAL,5,0,0,0,0,0,0,0,0,0
8803,GENERAL,5,0,0,0,0,0,0,0,0,0
8804,GENERAL,5,0,0,0,0,0,0,0,0,0
8805,GENERAL,5,0,0,0,0,0,0,0,0,0
8806,GENERAL,5,0,0,0,0,0,0,0,0,0
8807,GENERAL,5,0,0,0,0,0,0,0,0,0
8808,GENERAL,5,0,0,0,0,0,0,0,0,0
8809,GENERAL,5,0,0,0,0,0,0,0,0,0
8810,GENERAL,5,0,0,0,0,0,0,0,0,0
8811,GENERAL,5,0,0,0,0,0,0,0,0,0
8812,GENERAL,5,0,0,0,0,0,0,0,0,0
8813,GENERAL,5,0,0,0,0,0,0,0,0,0
8814,GENERAL,5,0,0,0,0,0,0,0,0,0
8815,GENERAL,5,0,0,0,0,0,0,0,0,0
8816,GENERAL,5,0,0,0,0,0,0,0,0,0
8817,GENERAL,5,0,0,0,0,0,0,0,0,0
8818,GENERAL,5,0,0,0,0,0,0,0,0,0
8819,GENERAL,5,0,0,0,0,0,0,0,0,0
8820,GENERAL,5,0,0,0,0,0,0,0,0,0
8821,GENERAL,5,0,0,0,0,0,0,0,0,0
8822,GENERAL,5,0,0,0,0,0,0,0,0,0
8823,GENERAL,5,0,0,0,0,0,0,0,0,0
8824,GENERAL,5,0,0,0,0,0,0,0,0,0
8825,GENERAL,5,0,0,0,0,0,0,0,0,0
8826,GENERAL,5,0,0,0,0,0,0,0,0,0
8827,GENERAL,5,0,0,0,0,0,0,0,0,0
8828,GENERAL,5,0,0,0,0,0,0,0,0,0
8829,GENERAL,5,0,0,0,0,0,0,0,0,0
8830,GENERAL,5,0,0,0,0,0,0,0,0,0
8831,GENERAL,5,0,0,0,0,0,0,0,0,0
8832,GENERAL,5,0,0,0,0,0,0,0,0,0
8833,GENERAL,5,0,0,0,0,0,0,0,0,0
8834,GENERAL,5,0,0,0,0,0,0,0,0,0
8835,GENERAL,5,0,0,0,0,0,0,0,0,0
8836,GENERAL,5,0,0,0,0,0,0,0,0,0
8837,GENERAL,5,0,0,0,0,0,0,0,0,0
8838,GENERAL,5,0,0,0,0,0,0,0,0,0
8839,GENERAL,5,0,0,0,0,0,0,0,0,0
8840,GENERAL,5,0,0,0,0,0,0,0,0,0
8841,GENERAL,5,0,0,0,0,0,0,0,0,0
8842,GENERAL,5,0,0,0,0,0,0,0,0,0
8843,GENERAL,5,0,0,0,0,0,0,0,0,0
8844,GENERAL,5,0,0,0,0,0,0,0,0,0
8845,GENERAL,5,0,0,0,0,0,0,0,0,0
8846,GENERAL,5,0,0,0,0,0,0,0,0,0
8847,GENERAL,5,0,0,0,0,0,0,0,0,0
8848,GENERAL,5,0,0,0,0,0,0,0,0,0
8849,GENERAL,5,0,0,0,0,0,0,0,0,0
8850,GENERAL,5,0,0,0,0,0,0,0,0,0
8851,GENERAL,5,0,0,0,0,0,0,0,0,0
8852,GENERAL,5,0,0,0,0,0,0,0,0,0
8853,GENERAL,5,0,0,0,0,0,0,0,0,0
8854,GENERAL,5,0,0,0,0,0,0,0,0,0
8855,GENERAL,5,0,0,0,0,0,0,0,0,0
8856,GENERAL,5,0,0,0,0,0,0,0,0,0
8857,GENERAL,5,0,0,0,0,0,0,0,0,0
8858,GENERAL,5,0,0,0,0,0,0,0,0,0
8859,GENERAL,5,0,0,0,0,0,0,0,0,0
8860,GENERAL,5,0,0,0,0,0,0,0,0,0
8861,GENERAL,5,0,0,0,0,0,0,0,0,0
8862,GENERAL,5,0,0,0,0,0,0,0,0,0
8863,GENERAL,5,0,0,0,0,0,0,0,0,0
8864,GENERAL,5,0,0,0,0,0,0,0,0,0
8865,GENERAL,5,0,0,0,0,0,0,0,0,0
8866,GENERAL,5,0,0,0,0,0,0,0,0,0
8867,GENERAL,5,0,0,0,0,0,0,0,0,0
8868,GENERAL,5,0,0,0,0,0,0,0,0,0
8869,GENERAL,5,0,0,0,0,0,0,0,0,0
8870,GENERAL,5,0,0,0,0,0,0,0,0,0
8871,GENERAL,5,0,0,0,0,0,0,0,0,0
8872,GENERAL,5,0,0,0,0,0,0,0,0,0
8873,GENERAL,5,0,0,0,0,0,0,0,0,0
8874,GENERAL,5,0,0,0,0,0,0,0,0,0
8875,GENERAL,5,0,0,0,0,0,0,0,0,0
8876,GENERAL,5,0,0,0,0,0,0,0,0,0
8877,GENERAL,5,0,0,0,0,0,0,0,0,0
8878,GENERAL,5,0,0,0,0,0,0,0,0,0
8879,GENERAL,5,0,0,0,0,0,0,0,0,0
8880,GENERAL,5,0,0,0,0,0,0,0,0,0
8881,GENERAL,5,0,0,0,0,0,0,0,0,0
8882,GENERAL,5,0,0,0,0,0,0,0,0,0
8883,GENERAL,5,0,0,0,0,0,0,0,0,0
8884,GENERAL,5,0,0,0,0,0,0,0,0,0
8885,GENERAL,5,0,0,0,0,0,0,0,0,0
8886,GENERAL,5,0,0,0,0,0,0,0,0,0
8887,GENERAL,5,0,0,0,0,0,0,0,0,0
8888,GENERAL,5,0,0,0,0,0,0,0,0,0
8889,GENERAL,5,0,0,0,0,0,0,0,0,0
8890,GENERAL,5,0,0,0,0,0,0,0,0,0
8891,GENERAL,5,0,0,0,0,0,0,0,0,0
8892,GENERAL,5,0,0,0,0,0,0,0,0,0
8893,GENERAL,5,0,0,0,0,0,0,0,0,0
8894,GENERAL,5,0,0,0,0,0,0,0,0,0
8895,GENERAL,5,0,0,0,0,0,0,0,0,0
8896,GENERAL,5,0,0,0,0,0,0,0,0,0
8897,GENERAL,5,0,0,0,0,0,0,0,0,0
8898,GENERAL,5,0,0,0,0,0,0,0,0,0
8899,GENERAL,5,0,0,0,0,0,0,0,0,0
8900,GENERAL,5,0,0,0,0,0,0,0,0,0
8901,GENERAL,5,0,0,0,0,0,0,0,0,0
8902,GENERAL,5,0,0,0,0,0,0,0,0,0
8903,GENERAL,5,0,0,0,0,0,0,0,0,0
8904,GENERAL,5,0,0,0,0,0,0,0,0,0
8905,GENERAL,5,0,0,0,0,0,0,0,0,0
8906,GENERAL,5,0,0,0,0,0,0,0,0,0
8907,GENERAL,5,0,0,0,0,0,0,0,0,0
8908,GENERAL,5,0,0,0,0,0,0,0,0,0
8909,GENERAL,5,0,0,0,0,0,0,0,0,0
8910,GENERAL,5,0,0,0,0,0,0,0,0,0
8911,GENERAL,5,0,0,0,0,0,0,0,0,0
8912,GENERAL,5,0,0,0,0,0,0,0,0,0
8913,GENERAL,5,0,0,0,0,0,0,0,0,0
8914,GENERAL,5,0,0,0,0,0,0,0,0,0
8915,GENERAL,5,0,0,0,0,0,0,0,0,0
8916,GENERAL,5,0,0,0,0,0,0,0,0,0
8917,GENERAL,5,0,0,0,0,0,0,0,0,0
8918,GENERAL,5,0,0,0,0,0,0,0,0,0
8919,GENERAL,5,0,0,0,0,0,0,0,0,0
8920,GENERAL,5,0,0,0,0,0,0,0,0,0
8921,GENERAL,5,0,0,0,0,0,0,0,0,0
8922,GENERAL,5,0,0,0,0,0,0,0,0,0
8923,GENERAL,5,0,0,0,0,0,0,0,0,0
8924,GENERAL,5,0,0,0,0,0,0,0,0,0
8925,GENERAL,5,0,0,0,0,0,0,0,0,0
8926,GENERAL,5,0,0,0,0,0,0,0,0,0
8927,GENERAL,5,0,0,0,0,0,0,0,0,0
8928,GENERAL,5,0,0,0,0,0,0,0,0,0
8929,GENERAL,5,0,0,0,0,0,0,0,0,0
8930,GENERAL,5,0,0,0,0,0,0,0,0,0
8931,GENERAL,5,0,0,0,0,0,0,0,0,0
8932,GENERAL,5,0,0,0,0,0,0,0,0,0
8933,GENERAL,5,0,0,0,0,0,0,0,0,0
8934,GENERAL,5,0,0,0,0,0,0,0,0,0
8935,GENERAL,5,0,0,0,0,0,0,0,0,0
8936,GENERAL,5,0,0,0,0,0,0,0,0,0
8937,GENERAL,5,0,0,0,0,0,0,0,0,0
8938,GENERAL,5,0,0,0,0,0,0,0,0,0
8939,GENERAL,5,0,0,0,0,0,0,0,0,0
8940,GENERAL,5,0,0,0,0,0,0,0,0,0
8941,GENERAL,5,0,0,0,0,0,0,0,0,0
8942,GENERAL,5,0,0,0,0,0,0,0,0,0
8943,GENERAL,5,0,0,0,0,0,0,0,0,0
8944,GENERAL,5,0,0,0,0,0,0,0,0,0
8945,GENERAL,5,0,0,0,0,0,0,0,0,0
8946,GENERAL,5,0,0,0,0,0,0,0,0,0
8947,GENERAL,5,0,0,0,0,0,0,0,0,0
8948,GENERAL,5,0,0,0,0,0,0,0,0,0
8949,GENERAL,5,0,0,0,0,0,0,0,0,0
8950,GENERAL,5,0,0,0,0,0,0,0,0,0
8951,GENERAL,5,0,0,0,0,0,0,0,0,0
8952,GENERAL,5,0,0,0,0,0,0,0,0,0
8953,GENERAL,5,0,0,0,0,0,0,0,0,0
8954,GENERAL,5,0,0,0,0,0,0,0,0,0
8955,GENERAL,5,0,0,0,0,0,0,0,0,0
8956,GENERAL,5,0,0,0,0,0,0,0,0,0
8957,GENERAL,5,0,0,0,0,0,0,0,0,0
8958,GENERAL,5,0,0,0,0,0,0,0,0,0
8959,GENERAL,5,0,0,0,0,0,0,0,0,0
8960,GENERAL,5,0,0,0,0,0,0,0,0,0
8961,GENERAL,5,0,0,0,0,0,0,0,0,0
8962,GENERAL,5,0,0,0,0,0,0,0,0,0
8963,GENERAL,5,0,0,0,0,0,0,0,0,0
8964,GENERAL,5,0,0,0,0,0,0,0,0,0
8965,GENERAL,5,0,0,0,0,0,0,0,0,0
8966,GENERAL,5,0,0,0,0,0,0,0,0,0
8967,GENERAL,5,0,0,0,0,0,0,0,0,0
8968,GENERAL,5,0,0,0,0,0,0,0,0,0
8969,GENERAL,5,0,0,0,0,0,0,0,0,0
8970,GENERAL,5,0,0,0,0,0,0,0,0,0
8971,GENERAL,5,0,0,0,0,0,0,0,0,0
8972,GENERAL,5,0,0,0,0,0,0,0,0,0
8973,GENERAL,5,0,0,0,0,0,0,0,0,0
8974,GENERAL,5,0,0,0,0,0,0,0,0,0
8975,GENERAL,5,0,0,0,0,0,0,0,0,0
8976,GENERAL,5,0,0,0,0,0,0,0,0,0
8977,GENERAL,5,0,0,0,0,0,0,0,0,0
8978,GENERAL,5,0,0,0,0,0,0,0,0,0
8979,GENERAL,5,0,0,0,0,0,0,0,0,0
8980,GENERAL,5,0,0,0,0,0,0,0,0,0
8981,GENERAL,5,0,0,0,0,0,0,0,0,0
8982,GENERAL,5,0,0,0,0,0,0,0,0,0
8983,GENERAL,5,0,0,0,0,0,0,0,0,0
8984,GENERAL,5,0,0,0,0,0,0,0,0,0
8985,GENERAL,5,0,0,0,0,0,0,0,0,0
8986,GENERAL,5,0,0,0,0,0,0,0,0,0
8987,GENERAL,5,0,0,0,0,0,0,0,0,0
8988,GENERAL,5,0,0,0,0,0,0,0,0,0
8989,GENERAL,5,0,0,0,0,0,0,0,0,0
8990,GENERAL,5,0,0,0,0,0,0,0,0,0
8991,GENERAL,5,0,0,0,0,0,0,0,0,0
8992,GENERAL,5,0,0,0,0,0,0,0,0,0
8993,GENERAL,5,0,0,0,0,0,0,0,0,0
8994,GENERAL,5,0,0,0,0,0,0,0,0,0
8995,GENERAL,5,0,0,0,0,0,0,0,0,0
8996,GENERAL,5,0,0,0,0,0,0,0,0,0
8997,GENERAL,5,0,0,0,0,0,0,0,0,0
8998,GENERAL,5,0,0,0,0,0,0,0,0,0
8999,GENERAL,5,0,0,0,0,0,0,0,0,0
9000,GENERAL,5,0,0,0,0,0,0,0,0,0
9001,GENERAL,5,0,0,0,0,0,0,0,0,0
9002,GENERAL,5,0,0,0,0,0,0,0,0,0
9003,GENERAL,5,0,0,0,0,0,0,0,0,0
9004,GENERAL,5,0,0,0,0,0,0,0,0,0
9005,GENERAL,5,0,0,0,0,0,0,0,0,0
9006,GENERAL,5,0,0,0,0,0,0,0,0,0
9007,GENERAL,5,0,0,0,0,0,0,0,0,0
9008,GENERAL,5,0,0,0,0,0,0,0,0,0
9009,GENERAL,5,0,0,0,0,0,0,0,0,0
9010,GENERAL,5,0,0,0,0,0,0,0,0,0
9011,GENERAL,5,0,0,0,0,0,0,0,0,0
9012,GENERAL,5,0,0,0,0,0,0,0,0,0
9013,GENERAL,5,0,0,0,0,0,0,0,0,0
9014,GENERAL,5,0,0,0,0,0,0,0,0,0
9015,GENERAL,5,0,0,0,0,0,0,0,0,0
9016,GENERAL,5,0,0,0,0,0,0,0,0,0
9017,GENERAL,5,0,0,0,0,0,0,0,0,0
9018,GENERAL,5,0,0,0,0,0,0,0,0,0
9019,GENERAL,5,0,0,0,0,0,0,0,0,0
9020,GENERAL,5,0,0,0,0,0,0,0,0,0
9021,GENERAL,5,0,0,0,0,0,0,0,0,0
9022,GENERAL,5,0,0,0,0,0,0,0,0,0
9023,GENERAL,5,0,0,0,0,0,0,0,0,0
9024,GENERAL,5,0,0,0,0,0,0,0,0,0
9025,GENERAL,5,0,0,0,0,0,0,0,0,0
9026,GENERAL,5,0,0,0,0,0,0,0,0,0
9027,GENERAL,5,0,0,0,0,0,0,0,0,0
9028,GENERAL,5,0,0,0,0,0,0,0,0,0
9029,GENERAL,5,0,0,0,0,0,0,0,0,0
9030,GENERAL,5,0,0,0,0,0,0,0,0,0
9031,GENERAL,5,0,0,0,0,0,0,0,0,0
9032,GENERAL,5,0,0,0,0,0,0,0,0,0
9033,GENERAL,5,0,0,0,0,0,0,0,0,0
9034,GENERAL,5,0,0,0,0,0,0,0,0,0
9035,GENERAL,5,0,0,0,0,0,0,0,0,0
9036,GENERAL,5,0,0,0,0,0,0,0,0,0
9037,GENERAL,5,0,0,0,0,0,0,0,0,0
9038,GENERAL,5,0,0,0,0,0,0,0,0,0
9039,GENERAL,5,0,0,0,0,0,0,0,0,0
9040,GENERAL,5,0,0,0,0,0,0,0,0,0
9041,GENERAL,5,0,0,0,0,0,0,0,0,0
9042,GENERAL,5,0,0,0,0,0,0,0,0,0
9043,GENERAL,5,0,0,0,0,0,0,0,0,0
9044,GENERAL,5,0,0,0,0,0,0,0,0,0
9045,GENERAL,5,0,0,0,0,0,0,0,0,0
9046,GENERAL,5,0,0,0,0,0,0,0,0,0
9047,GENERAL,5,0,0,0,0,0,0,0,0,0
9048,GENERAL,5,0,0,0,0,0,0,0,0,0
9049,GENERAL,5,0,0,0,0,0,0,0,0,0
9050,GENERAL,5,0,0,0,0,0,0,0,0,0
9051,GENERAL,5,0,0,0,0,0,0,0,0,0
9052,GENERAL,5,0,0,0,0,0,0,0,0,0
9053,GENERAL,5,0,0,0,0,0,0,0,0,0
9054,GENERAL,5,0,0,0,0,0,0,0,0,0
9055,GENERAL,5,0,0,0,0,0,0,0,0,0
9056,GENERAL,5,0,0,0,0,0,0,0,0,0
9057,GENERAL,5,0,0,0,0,0,0,0,0,0
9058,GENERAL,5,0,0,0,0,0,0,0,0,0
9059,GENERAL,5,0,0,0,0,0,0,0,0,0
9060,GENERAL,5,0,0,0,0,0,0,0,0,0
9061,GENERAL,5,0,0,0,0,0,0,0,0,0
9062,GENERAL,5,0,0,0,0,0,0,0,0,0
9063,GENERAL,5,0,0,0,0,0,0,0,0,0
9064,GENERAL,5,0,0,0,0,0,0,0,0,0
9065,GENERAL,5,0,0,0,0,0,0,0,0,0
9066,GENERAL,5,0,0,0,0,0,0,0,0,0
9067,GENERAL,5,0,0,0,0,0,0,0,0,0
9068,GENERAL,5,0,0,0,0,0,0,0,0,0
9069,GENERAL,5,0,0,0,0,0,0,0,0,0
9070,GENERAL,5,0,0,0,0,0,0,0,0,0
9071,GENERAL,5,0,0,0,0,0,0,0,0,0
9072,GENERAL,5,0,0,0,0,0,0,0,0,0
9073,GENERAL,5,0,0,0,0,0,0,0,0,0
9074,GENERAL,5,0,0,0,0,0,0,0,0,0
9075,GENERAL,5,0,0,0,0,0,0,0,0,0
9076,GENERAL,5,0,0,0,0,0,0,0,0,0
9077,GENERAL,5,0,0,0,0,0,0,0,0,0
9078,GENERAL,5,0,0,0,0,0,0,0,0,0
9079,GENERAL,5,0,0,0,0,0,0,0,0,0
9080,GENERAL,5,0,0,0,0,0,0,0,0,0
9081,GENERAL,5,0,0,0,0,0,0,0,0,0
9082,GENERAL,5,0,0,0,0,0,0,0,0,0
9083,GENERAL,5,0,0,0,0,0,0,0,0,0
9084,GENERAL,5,0,0,0,0,0,0,0,0,0
9085,GENERAL,5,0,0,0,0,0,0,0,0,0
9086,GENERAL,5,0,0,0,0,0,0,0,0,0
9087,GENERAL,5,0,0,0,0,0,0,0,0,0
9088,GENERAL,5,0,0,0,0,0,0,0,0,0
9089,GENERAL,5,0,0,0,0,0,0,0,0,0
9090,GENERAL,5,0,0,0,0,0,0,0,0,0
9091,GENERAL,5,0,0,0,0,0,0,0,0,0
9092,GENERAL,5,0,0,0,0,0,0,0,0,0
9093,GENERAL,5,0,0,0,0,0,0,0,0,0
9094,GENERAL,5,0,0,0,0,0,0,0,0,0
9095,GENERAL,5,0,0,0,0,0,0,0,0,0
9096,GENERAL,5,0,0,0,0,0,0,0,0,0
9097,GENERAL,5,0,0,0,0,0,0,0,0,0
9098,GENERAL,5,0,0,0,0,0,0,0,0,0
9099,GENERAL,5,0,0,0,0,0,0,0,0,0
9100,GENERAL,5,0,0,0,0,0,0,0,0,0
9101,GENERAL,5,0,0,0,0,0,0,0,0,0
9102,GENERAL,5,0,0,0,0,0,0,0,0,0
9103,GENERAL,5,0,0,0,0,0,0,0,0,0
9104,GENERAL,5,0,0,0,0,0,0,0,0,0
9105,GENERAL,5,0,0,0,0,0,0,0,0,0
9106,GENERAL,5,0,0,0,0,0,0,0,0,0
9107,GENERAL,5,0,0,0,0,0,0,0,0,0
9108,GENERAL,5,0,0,0,0,0,0,0,0,0
9109,GENERAL,5,0,0,0,0,0,0,0,0,0
9110,GENERAL,5,0,0,0,0,0,0,0,0,0
9111,GENERAL,5,0,0,0,0,0,0,0,0,0
9112,GENERAL,5,0,0,0,0,0,0,0,0,0
9113,GENERAL,5,0,0,0,0,0,0,0,0,0
9114,GENERAL,5,0,0,0,0,0,0,0,0,0
9115,GENERAL,5,0,0,0,0,0,0,0,0,0
9116,GENERAL,5,0,0,0,0,0,0,0,0,0
9117,GENERAL,5,0,0,0,0,0,0,0,0,0
9118,GENERAL,5,0,0,0,0,0,0,0,0,0
9119,GENERAL,5,0,0,0,0,0,0,0,0,0
9120,GENERAL,5,0,0,0,0,0,0,0,0,0
9121,GENERAL,5,0,0,0,0,0,0,0,0,0
9122,GENERAL,5,0,0,0,0,0,0,0,0,0
9123,GENERAL,5,0,0,0,0,0,0,0,0,0
9124,GENERAL,5,0,0,0,0,0,0,0,0,0
9125,GENERAL,5,0,0,0,0,0,0,0,0,0
9126,GENERAL,5,0,0,0,0,0,0,0,0,0
9127,GENERAL,5,0,0,0,0,0,0,0,0,0
9128,GENERAL,5,0,0,0,0,0,0,0,0,0
9129,GENERAL,5,0,0,0,0,0,0,0,0,0
9130,GENERAL,5,0,0,0,0,0,0,0,0,0
9131,GENERAL,5,0,0,0,0,0,0,0,0,0
9132,GENERAL,5,0,0,0,0,0,0,0,0,0
9133,GENERAL,5,0,0,0,0,0,0,0,0,0
9134,GENERAL,5,0,0,0,0,0,0,0,0,0
9135,GENERAL,5,0,0,0,0,0,0,0,0,0
9136,GENERAL,5,0,0,0,0,0,0,0,0,0
9137,GENERAL,5,0,0,0,0,0,0,0,0,0
9138,GENERAL,5,0,0,0,0,0,0,0,0,0
9139,GENERAL,5,0,0,0,0,0,0,0,0,0
9140,GENERAL,5,0,0,0,0,0,0,0,0,0
9141,GENERAL,5,0,0,0,0,0,0,0,0,0
9142,GENERAL,5,0,0,0,0,0,0,0,0,0
9143,GENERAL,5,0,0,0,0,0,0,0,0,0
9144,GENERAL,5,0,0,0,0,0,0,0,0,0
9145,GENERAL,5,0,0,0,0,0,0,0,0,0
9146,GENERAL,5,0,0,0,0,0,0,0,0,0
9147,GENERAL,5,0,0,0,0,0,0,0,0,0
9148,GENERAL,5,0,0,0,0,0,0,0,0,0
9149,GENERAL,5,0,0,0,0,0,0,0,0,0
9150,GENERAL,5,0,0,0,0,0,0,0,0,0
9151,GENERAL,5,0,0,0,0,0,0,0,0,0
9152,GENERAL,5,0,0,0,0,0,0,0,0,0
9153,GENERAL,5,0,0,0,0,0,0,0,0,0
9154,GENERAL,5,0,0,0,0,0,0,0,0,0
9155,GENERAL,5,0,0,0,0,0,0,0,0,0
9156,GENERAL,5,0,0,0,0,0,0,0,0,0
9157,GENERAL,5,0,0,0,0,0,0,0,0,0
9158,GENERAL,5,0,0,0,0,0,0,0,0,0
9159,GENERAL,5,0,0,0,0,0,0,0,0,0
9160,GENERAL,5,0,0,0,0,0,0,0,0,0
9161,GENERAL,5,0,0,0,0,0,0,0,0,0
9162,GENERAL,5,0,0,0,0,0,0,0,0,0
9163,GENERAL,5,0,0,0,0,0,0,0,0,0
9164,GENERAL,5,0,0,0,0,0,0,0,0,0
9165,GENERAL,5,0,0,0,0,0,0,0,0,0
9166,GENERAL,5,0,0,0,0,0,0,0,0,0
9167,GENERAL,5,0,0,0,0,0,0,0,0,0
9168,GENERAL,5,0,0,0,0,0,0,0,0,0
9169,GENERAL,5,0,0,0,0,0,0,0,0,0
9170,GENERAL,5,0,0,0,0,0,0,0,0,0
9171,GENERAL,5,0,0,0,0,0,0,0,0,0
9172,GENERAL,5,0,0,0,0,0,0,0,0,0
9173,GENERAL,5,0,0,0,0,0,0,0,0,0
9174,GENERAL,5,0,0,0,0,0,0,0,0,0
9175,GENERAL,5,0,0,0,0,0,0,0,0,0
9176,GENERAL,5,0,0,0,0,0,0,0,0,0
9177,GENERAL,5,0,0,0,0,0,0,0,0,0
9178,GENERAL,5,0,0,0,0,0,0,0,0,0
9179,GENERAL,5,0,0,0,0,0,0,0,0,0
9180,GENERAL,5,0,0,0,0,0,0,0,0,0
9181,GENERAL,5,0,0,0,0,0,0,0,0,0
9182,GENERAL,5,0,0,0,0,0,0,0,0,0
9183,GENERAL,5,0,0,0,0,0,0,0,0,0
9184,GENERAL,5,0,0,0,0,0,0,0,0,0
9185,GENERAL,5,0,0,0,0,0,0,0,0,0
9186,GENERAL,5,0,0,0,0,0,0,0,0,0
9187,GENERAL,5,0,0,0,0,0,0,0,0,0
9188,GENERAL,5,0,0,0,0,0,0,0,0,0
9189,GENERAL,5,0,0,0,0,0,0,0,0,0
9190,GENERAL,5,0,0,0,0,0,0,0,0,0
9191,GENERAL,5,0,0,0,0,0,0,0,0,0
9192,GENERAL,5,0,0,0,0,0,0,0,0,0
9193,GENERAL,5,0,0,0,0,0,0,0,0,0
9194,GENERAL,5,0,0,0,0,0,0,0,0,0
9195,GENERAL,5,0,0,0,0,0,0,0,0,0
9196,GENERAL,5,0,0,0,0,0,0,0,0,0
9197,GENERAL,5,0,0,0,0,0,0,0,0,0
9198,GENERAL,5,0,0,0,0,0,0,0,0,0
9199,GENERAL,5,0,0,0,0,0,0,0,0,0
9200,GENERAL,5,0,0,0,0,0,0,0,0,0
9201,GENERAL,5,0,0,0,0,0,0,0,0,0
9202,GENERAL,5,0,0,0,0,0,0,0,0,0
9203,GENERAL,5,0,0,0,0,0,0,0,0,0
9204,GENERAL,5,0,0,0,0,0,0,0,0,0
9205,GENERAL,5,0,0,0,0,0,0,0,0,0
9206,GENERAL,5,0,0,0,0,0,0,0,0,0
9207,GENERAL,5,0,0,0,0,0,0,0,0,0
9208,GENERAL,5,0,0,0,0,0,0,0,0,0
9209,GENERAL,5,0,0,0,0,0,0,0,0,0
9210,GENERAL,5,0,0,0,0,0,0,0,0,0
9211,GENERAL,5,0,0,0,0,0,0,0,0,0
9212,GENERAL,5,0,0,0,0,0,0,0,0,0
9213,GENERAL,5,0,0,0,0,0,0,0,0,0
9214,GENERAL,5,0,0,0,0,0,0,0,0,0
9215,GENERAL,5,0,0,0,0,0,0,0,0,0
9216,GENERAL,5,0,0,0,0,0,0,0,0,0
9217,GENERAL,5,0,0,0,0,0,0,0,0,0
9218,GENERAL,5,0,0,0,0,0,0,0,0,0
9219,GENERAL,5,0,0,0,0,0,0,0,0,0
9220,GENERAL,5,0,0,0,0,0,0,0,0,0
9221,GENERAL,5,0,0,0,0,0,0,0,0,0
9222,GENERAL,5,0,0,0,0,0,0,0,0,0
9223,GENERAL,5,0,0,0,0,0,0,0,0,0
9224,GENERAL,5,0,0,0,0,0,0,0,0,0
9225,GENERAL,5,0,0,0,0,0,0,0,0,0
9226,GENERAL,5,0,0,0,0,0,0,0,0,0
9227,GENERAL,5,0,0,0,0,0,0,0,0,0
9228,GENERAL,5,0,0,0,0,0,0,0,0,0
9229,GENERAL,5,0,0,0,0,0,0,0,0,0
9230,GENERAL,5,0,0,0,0,0,0,0,0,0
9231,GENERAL,5,0,0,0,0,0,0,0,0,0
9232,GENERAL,5,0,0,0,0,0,0,0,0,0
9233,GENERAL,5,0,0,0,0,0,0,0,0,0
9234,GENERAL,5,0,0,0,0,0,0,0,0,0
9235,GENERAL,5,0,0,0,0,0,0,0,0,0
9236,GENERAL,5,0,0,0,0,0,0,0,0,0
9237,GENERAL,5,0,0,0,0,0,0,0,0,0
9238,GENERAL,5,0,0,0,0,0,0,0,0,0
9239,GENERAL,5,0,0,0,0,0,0,0,0,0
9240,GENERAL,5,0,0,0,0,0,0,0,0,0
9241,GENERAL,5,0,0,0,0,0,0,0,0,0
9242,GENERAL,5,0,0,0,0,0,0,0,0,0
9243,GENERAL,5,0,0,0,0,0,0,0,0,0
9244,GENERAL,5,0,0,0,0,0,0,0,0,0
9245,GENERAL,5,0,0,0,0,0,0,0,0,0
9246,GENERAL,5,0,0,0,0,0,0,0,0,0
9247,GENERAL,5,0,0,0,0,0,0,0,0,0
9248,GENERAL,5,0,0,0,0,0,0,0,0,0
9249,GENERAL,5,0,0,0,0,0,0,0,0,0
9250,GENERAL,5,0,0,0,0,0,0,0,0,0
9251,GENERAL,5,0,0,0,0,0,0,0,0,0
9252,GENERAL,5,0,0,0,0,0,0,0,0,0
9253,GENERAL,5,0,0,0,0,0,0,0,0,0
9254,GENERAL,5,0,0,0,0,0,0,0,0,0
9255,GENERAL,5,0,0,0,0,0,0,0,0,0
9256,GENERAL,5,0,0,0,0,0,0,0,0,0
9257,GENERAL,5,0,0,0,0,0,0,0,0,0
9258,GENERAL,5,0,0,0,0,0,0,0,0,0
9259,GENERAL,5,0,0,0,0,0,0,0,0,0
9260,GENERAL,5,0,0,0,0,0,0,0,0,0
9261,GENERAL,5,0,0,0,0,0,0,0,0,0
9262,GENERAL,5,0,0,0,0,0,0,0,0,0
9263,GENERAL,5,0,0,0,0,0,0,0,0,0
9264,GENERAL,5,0,0,0,0,0,0,0,0,0
9265,GENERAL,5,0,0,0,0,0,0,0,0,0
9266,GENERAL,5,0,0,0,0,0,0,0,0,0
9267,GENERAL,5,0,0,0,0,0,0,0,0,0
9268,GENERAL,5,0,0,0,0,0,0,0,0,0
9269,GENERAL,5,0,0,0,0,0,0,0,0,0
9270,GENERAL,5,0,0,0,0,0,0,0,0,0
9271,GENERAL,5,0,0,0,0,0,0,0,0,0
9272,GENERAL,5,0,0,0,0,0,0,0,0,0
9273,GENERAL,5,0,0,0,0,0,0,0,0,0
9274,GENERAL,5,0,0,0,0,0,0,0,0,0
9275,GENERAL,5,0,0,0,0,0,0,0,0,0
9276,GENERAL,5,0,0,0,0,0,0,0,0,0
9277,GENERAL,5,0,0,0,0,0,0,0,0,0
9278,GENERAL,5,0,0,0,0,0,0,0,0,0
9279,GENERAL,5,0,0,0,0,0,0,0,0,0
9280,GENERAL,5,0,0,0,0,0,0,0,0,0
9281,GENERAL,5,0,0,0,0,0,0,0,0,0
9282,GENERAL,5,0,0,0,0,0,0,0,0,0
9283,GENERAL,5,0,0,0,0,0,0,0,0,0
9284,GENERAL,5,0,0,0,0,0,0,0,0,0
9285,GENERAL,5,0,0,0,0,0,0,0,0,0
9286,GENERAL,5,0,0,0,0,0,0,0,0,0
9287,GENERAL,5,0,0,0,0,0,0,0,0,0
9288,GENERAL,5,0,0,0,0,0,0,0,0,0
9289,GENERAL,5,0,0,0,0,0,0,0,0,0
9290,GENERAL,5,0,0,0,0,0,0,0,0,0
9291,GENERAL,5,0,0,0,0,0,0,0,0,0
9292,GENERAL,5,0,0,0,0,0,0,0,0,0
9293,GENERAL,5,0,0,0,0,0,0,0,0,0
9294,GENERAL,5,0,0,0,0,0,0,0,0,0
9295,GENERAL,5,0,0,0,0,0,0,0,0,0
9296,GENERAL,5,0,0,0,0,0,0,0,0,0
9297,GENERAL,5,0,0,0,0,0,0,0,0,0
9298,GENERAL,5,0,0,0,0,0,0,0,0,0
9299,GENERAL,5,0,0,0,0,0,0,0,0,0
9300,GENERAL,5,0,0,0,0,0,0,0,0,0
9301,GENERAL,5,0,0,0,0,0,0,0,0,0
9302,GENERAL,5,0,0,0,0,0,0,0,0,0
9303,GENERAL,5,0,0,0,0,0,0,0,0,0
9304,GENERAL,5,0,0,0,0,0,0,0,0,0
9305,GENERAL,5,0,0,0,0,0,0,0,0,0
9306,GENERAL,5,0,0,0,0,0,0,0,0,0
9307,GENERAL,5,0,0,0,0,0,0,0,0,0
9308,GENERAL,5,0,0,0,0,0,0,0,0,0
9309,GENERAL,5,0,0,0,0,0,0,0,0,0
9310,GENERAL,5,0,0,0,0,0,0,0,0,0
9311,GENERAL,5,0,0,0,0,0,0,0,0,0
9312,GENERAL,5,0,0,0,0,0,0,0,0,0
9313,GENERAL,5,0,0,0,0,0,0,0,0,0
9314,GENERAL,5,0,0,0,0,0,0,0,0,0
9315,GENERAL,5,0,0,0,0,0,0,0,0,0
9316,GENERAL,5,0,0,0,0,0,0,0,0,0
9317,GENERAL,5,0,0,0,0,0,0,0,0,0
9318,GENERAL,5,0,0,0,0,0,0,0,0,0
9319,GENERAL,5,0,0,0,0,0,0,0,0,0
9320,GENERAL,5,0,0,0,0,0,0,0,0,0
9321,GENERAL,5,0,0,0,0,0,0,0,0,0
9322,GENERAL,5,0,0,0,0,0,0,0,0,0
9323,GENERAL,5,0,0,0,0,0,0,0,0,0
9324,GENERAL,5,0,0,0,0,0,0,0,0,0
9325,GENERAL,5,0,0,0,0,0,0,0,0,0
9326,GENERAL,5,0,0,0,0,0,0,0,0,0
9327,GENERAL,5,0,0,0,0,0,0,0,0,0
9328,GENERAL,5,0,0,0,0,0,0,0,0,0
9329,GENERAL,5,0,0,0,0,0,0,0,0,0
9330,GENERAL,5,0,0,0,0,0,0,0,0,0
9331,GENERAL,5,0,0,0,0,0,0,0,0,0
9332,GENERAL,5,0,0,0,0,0,0,0,0,0
9333,GENERAL,5,0,0,0,0,0,0,0,0,0
9334,GENERAL,5,0,0,0,0,0,0,0,0,0
9335,GENERAL,5,0,0,0,0,0,0,0,0,0
9336,GENERAL,5,0,0,0,0,0,0,0,0,0
9337,GENERAL,5,0,0,0,0,0,0,0,0,0
9338,GENERAL,5,0,0,0,0,0,0,0,0,0
9339,GENERAL,5,0,0,0,0,0,0,0,0,0
9340,GENERAL,5,0,0,0,0,0,0,0,0,0
9341,GENERAL,5,0,0,0,0,0,0,0,0,0
9342,GENERAL,5,0,0,0,0,0,0,0,0,0
9343,GENERAL,5,0,0,0,0,0,0,0,0,0
9344,GENERAL,5,0,0,0,0,0,0,0,0,0
9345,GENERAL,5,0,0,0,0,0,0,0,0,0
9346,GENERAL,5,0,0,0,0,0,0,0,0,0
9347,GENERAL,5,0,0,0,0,0,0,0,0,0
9348,GENERAL,5,0,0,0,0,0,0,0,0,0
9349,GENERAL,5,0,0,0,0,0,0,0,0,0
9350,GENERAL,5,0,0,0,0,0,0,0,0,0
9351,GENERAL,5,0,0,0,0,0,0,0,0,0
9352,GENERAL,5,0,0,0,0,0,0,0,0,0
9353,GENERAL,5,0,0,0,0,0,0,0,0,0
9354,GENERAL,5,0,0,0,0,0,0,0,0,0
9355,GENERAL,5,0,0,0,0,0,0,0,0,0
9356,GENERAL,5,0,0,0,0,0,0,0,0,0
9357,GENERAL,5,0,0,0,0,0,0,0,0,0
9358,GENERAL,5,0,0,0,0,0,0,0,0,0
9359,GENERAL,5,0,0,0,0,0,0,0,0,0
9360,GENERAL,5,0,0,0,0,0,0,0,0,0
9361,GENERAL,5,0,0,0,0,0,0,0,0,0
9362,GENERAL,5,0,0,0,0,0,0,0,0,0
9363,GENERAL,5,0,0,0,0,0,0,0,0,0
9364,GENERAL,5,0,0,0,0,0,0,0,0,0
9365,GENERAL,5,0,0,0,0,0,0,0,0,0
9366,GENERAL,5,0,0,0,0,0,0,0,0,0
9367,GENERAL,5,0,0,0,0,0,0,0,0,0
9368,GENERAL,5,0,0,0,0,0,0,0,0,0
9369,GENERAL,5,0,0,0,0,0,0,0,0,0
9370,GENERAL,5,0,0,0,0,0,0,0,0,0
9371,GENERAL,5,0,0,0,0,0,0,0,0,0
9372,GENERAL,5,0,0,0,0,0,0,0,0,0
9373,GENERAL,5,0,0,0,0,0,0,0,0,0
9374,GENERAL,5,0,0,0,0,0,0,0,0,0
9375,GENERAL,5,0,0,0,0,0,0,0,0,0
9376,GENERAL,5,0,0,0,0,0,0,0,0,0
9377,GENERAL,5,0,0,0,0,0,0,0,0,0
9378,GENERAL,5,0,0,0,0,0,0,0,0,0
9379,GENERAL,5,0,0,0,0,0,0,0,0,0
9380,GENERAL,5,0,0,0,0,0,0,0,0,0
9381,GENERAL,5,0,0,0,0,0,0,0,0,0
9382,GENERAL,5,0,0,0,0,0,0,0,0,0
9383,GENERAL,5,0,0,0,0,0,0,0,0,0
9384,GENERAL,5,0,0,0,0,0,0,0,0,0
9385,GENERAL,5,0,0,0,0,0,0,0,0,0
9386,GENERAL,5,0,0,0,0,0,0,0,0,0
9387,GENERAL,5,0,0,0,0,0,0,0,0,0
9388,GENERAL,5,0,0,0,0,0,0,0,0,0
9389,GENERAL,5,0,0,0,0,0,0,0,0,0
9390,GENERAL,5,0,0,0,0,0,0,0,0,0
9391,GENERAL,5,0,0,0,0,0,0,0,0,0
9392,GENERAL,5,0,0,0,0,0,0,0,0,0
9393,GENERAL,5,0,0,0,0,0,0,0,0,0
9394,GENERAL,5,0,0,0,0,0,0,0,0,0
9395,GENERAL,5,0,0,0,0,0,0,0,0,0
9396,GENERAL,5,0,0,0,0,0,0,0,0,0
9397,GENERAL,5,0,0,0,0,0,0,0,0,0
9398,GENERAL,5,0,0,0,0,0,0,0,0,0
9399,GENERAL,5,0,0,0,0,0,0,0,0,0
9400,GENERAL,5,0,0,0,0,0,0,0,0,0
9401,GENERAL,5,0,0,0,0,0,0,0,0,0
9402,GENERAL,5,0,0,0,0,0,0,0,0,0
9403,GENERAL,5,0,0,0,0,0,0,0,0,0
9404,GENERAL,5,0,0,0,0,0,0,0,0,0
9405,GENERAL,5,0,0,0,0,0,0,0,0,0
9406,GENERAL,5,0,0,0,0,0,0,0,0,0
9407,GENERAL,5,0,0,0,0,0,0,0,0,0
9408,GENERAL,5,0,0,0,0,0,0,0,0,0
9409,GENERAL,5,0,0,0,0,0,0,0,0,0
9410,GENERAL,5,0,0,0,0,0,0,0,0,0
9411,GENERAL,5,0,0,0,0,0,0,0,0,0
9412,GENERAL,5,0,0,0,0,0,0,0,0,0
9413,GENERAL,5,0,0,0,0,0,0,0,0,0
9414,GENERAL,5,0,0,0,0,0,0,0,0,0
9415,GENERAL,5,0,0,0,0,0,0,0,0,0
9416,GENERAL,5,0,0,0,0,0,0,0,0,0
9417,GENERAL,5,0,0,0,0,0,0,0,0,0
9418,GENERAL,5,0,0,0,0,0,0,0,0,0
9419,GENERAL,5,0,0,0,0,0,0,0,0,0
9420,GENERAL,5,0,0,0,0,0,0,0,0,0
9421,GENERAL,5,0,0,0,0,0,0,0,0,0
9422,GENERAL,5,0,0,0,0,0,0,0,0,0
9423,GENERAL,5,0,0,0,0,0,0,0,0,0
9424,GENERAL,5,0,0,0,0,0,0,0,0,0
9425,GENERAL,5,0,0,0,0,0,0,0,0,0
9426,GENERAL,5,0,0,0,0,0,0,0,0,0
9427,GENERAL,5,0,0,0,0,0,0,0,0,0
9428,GENERAL,5,0,0,0,0,0,0,0,0,0
9429,GENERAL,5,0,0,0,0,0,0,0,0,0
9430,GENERAL,5,0,0,0,0,0,0,0,0,0
9431,GENERAL,5,0,0,0,0,0,0,0,0,0
9432,GENERAL,5,0,0,0,0,0,0,0,0,0
9433,GENERAL,5,0,0,0,0,0,0,0,0,0
9434,GENERAL,5,0,0,0,0,0,0,0,0,0
9435,GENERAL,5,0,0,0,0,0,0,0,0,0
9436,GENERAL,5,0,0,0,0,0,0,0,0,0
9437,GENERAL,5,0,0,0,0,0,0,0,0,0
9438,GENERAL,5,0,0,0,0,0,0,0,0,0
9439,GENERAL,5,0,0,0,0,0,0,0,0,0
9440,GENERAL,5,0,0,0,0,0,0,0,0,0
9441,GENERAL,5,0,0,0,0,0,0,0,0,0
9442,GENERAL,5,0,0,0,0,0,0,0,0,0
9443,GENERAL,5,0,0,0,0,0,0,0,0,0
9444,GENERAL,5,0,0,0,0,0,0,0,0,0
9445,GENERAL,5,0,0,0,0,0,0,0,0,0
9446,GENERAL,5,0,0,0,0,0,0,0,0,0
9447,GENERAL,5,0,0,0,0,0,0,0,0,0
9448,GENERAL,5,0,0,0,0,0,0,0,0,0
9449,GENERAL,5,0,0,0,0,0,0,0,0,0
9450,GENERAL,5,0,0,0,0,0,0,0,0,0
9451,GENERAL,5,0,0,0,0,0,0,0,0,0
9452,GENERAL,5,0,0,0,0,0,0,0,0,0
9453,GENERAL,5,0,0,0,0,0,0,0,0,0
9454,GENERAL,5,0,0,0,0,0,0,0,0,0
9455,GENERAL,5,0,0,0,0,0,0,0,0,0
9456,GENERAL,5,0,0,0,0,0,0,0,0,0
9457,GENERAL,5,0,0,0,0,0,0,0,0,0
9458,GENERAL,5,0,0,0,0,0,0,0,0,0
9459,GENERAL,5,0,0,0,0,0,0,0,0,0
9460,GENERAL,5,0,0,0,0,0,0,0,0,0
9461,GENERAL,5,0,0,0,0,0,0,0,0,0
9462,GENERAL,5,0,0,0,0,0,0,0,0,0
9463,GENERAL,5,0,0,0,0,0,0,0,0,0
9464,GENERAL,5,0,0,0,0,0,0,0,0,0
9465,GENERAL,5,0,0,0,0,0,0,0,0,0
9466,GENERAL,5,0,0,0,0,0,0,0,0,0
9467,GENERAL,5,0,0,0,0,0,0,0,0,0
9468,GENERAL,5,0,0,0,0,0,0,0,0,0
9469,GENERAL,5,0,0,0,0,0,0,0,0,0
9470,GENERAL,5,0,0,0,0,0,0,0,0,0
9471,GENERAL,5,0,0,0,0,0,0,0,0,0
9472,GENERAL,5,0,0,0,0,0,0,0,0,0
9473,GENERAL,5,0,0,0,0,0,0,0,0,0
9474,GENERAL,5,0,0,0,0,0,0,0,0,0
9475,GENERAL,5,0,0,0,0,0,0,0,0,0
9476,GENERAL,5,0,0,0,0,0,0,0,0,0
9477,GENERAL,5,0,0,0,0,0,0,0,0,0
9478,GENERAL,5,0,0,0,0,0,0,0,0,0
9479,GENERAL,5,0,0,0,0,0,0,0,0,0
9480,GENERAL,5,0,0,0,0,0,0,0,0,0
9481,GENERAL,5,0,0,0,0,0,0,0,0,0
9482,GENERAL,5,0,0,0,0,0,0,0,0,0
9483,GENERAL,5,0,0,0,0,0,0,0,0,0
9484,GENERAL,5,0,0,0,0,0,0,0,0,0
9485,GENERAL,5,0,0,0,0,0,0,0,0,0
9486,GENERAL,5,0,0,0,0,0,0,0,0,0
9487,GENERAL,5,0,0,0,0,0,0,0,0,0
9488,GENERAL,5,0,0,0,0,0,0,0,0,0
9489,GENERAL,5,0,0,0,0,0,0,0,0,0
9490,GENERAL,5,0,0,0,0,0,0,0,0,0
9491,GENERAL,5,0,0,0,0,0,0,0,0,0
9492,GENERAL,5,0,0,0,0,0,0,0,0,0
9493,GENERAL,5,0,0,0,0,0,0,0,0,0
9494,GENERAL,5,0,0,0,0,0,0,0,0,0
9495,GENERAL,5,0,0,0,0,0,0,0,0,0
9496,GENERAL,5,0,0,0,0,0,0,0,0,0
9497,GENERAL,5,0,0,0,0,0,0,0,0,0
9498,GENERAL,5,0,0,0,0,0,0,0,0,0
9499,GENERAL,5,0,0,0,0,0,0,0,0,0
9500,GENERAL,5,0,0,0,0,0,0,0,0,0
9501,GENERAL,5,0,0,0,0,0,0,0,0,0
9502,GENERAL,5,0,0,0,0,0,0,0,0,0
9503,GENERAL,5,0,0,0,0,0,0,0,0,0
9504,GENERAL,5,0,0,0,0,0,0,0,0,0
9505,GENERAL,5,0,0,0,0,0,0,0,0,0
9506,GENERAL,5,0,0,0,0,0,0,0,0,0
9507,GENERAL,5,0,0,0,0,0,0,0,0,0
9508,GENERAL,5,0,0,0,0,0,0,0,0,0
9509,GENERAL,5,0,0,0,0,0,0,0,0,0
9510,GENERAL,5,0,0,0,0,0,0,0,0,0
9511,GENERAL,5,0,0,0,0,0,0,0,0,0
9512,GENERAL,5,0,0,0,0,0,0,0,0,0
9513,GENERAL,5,0,0,0,0,0,0,0,0,0
9514,GENERAL,5,0,0,0,0,0,0,0,0,0
9515,GENERAL,5,0,0,0,0,0,0,0,0,0
9516,GENERAL,5,0,0,0,0,0,0,0,0,0
9517,GENERAL,5,0,0,0,0,0,0,0,0,0
9518,GENERAL,5,0,0,0,0,0,0,0,0,0
9519,GENERAL,5,0,0,0,0,0,0,0,0,0
9520,GENERAL,5,0,0,0,0,0,0,0,0,0
9521,GENERAL,5,0,0,0,0,0,0,0,0,0
9522,GENERAL,5,0,0,0,0,0,0,0,0,0
9523,GENERAL,5,0,0,0,0,0,0,0,0,0
9524,GENERAL,5,0,0,0,0,0,0,0,0,0
9525,GENERAL,5,0,0,0,0,0,0,0,0,0
9526,GENERAL,5,0,0,0,0,0,0,0,0,0
9527,GENERAL,5,0,0,0,0,0,0,0,0,0
9528,GENERAL,5,0,0,0,0,0,0,0,0,0
9529,GENERAL,5,0,0,0,0,0,0,0,0,0
9530,GENERAL,5,0,0,0,0,0,0,0,0,0
9531,GENERAL,5,0,0,0,0,0,0,0,0,0
9532,GENERAL,5,0,0,0,0,0,0,0,0,0
9533,GENERAL,5,0,0,0,0,0,0,0,0,0
9534,GENERAL,5,0,0,0,0,0,0,0,0,0
9535,GENERAL,5,0,0,0,0,0,0,0,0,0
9536,GENERAL,5,0,0,0,0,0,0,0,0,0
9537,GENERAL,5,0,0,0,0,0,0,0,0,0
9538,GENERAL,5,0,0,0,0,0,0,0,0,0
9539,GENERAL,5,0,0,0,0,0,0,0,0,0
9540,GENERAL,5,0,0,0,0,0,0,0,0,0
9541,GENERAL,5,0,0,0,0,0,0,0,0,0
9542,GENERAL,5,0,0,0,0,0,0,0,0,0
9543,GENERAL,5,0,0,0,0,0,0,0,0,0
9544,GENERAL,5,0,0,0,0,0,0,0,0,0
9545,GENERAL,5,0,0,0,0,0,0,0,0,0
9546,GENERAL,5,0,0,0,0,0,0,0,0,0
9547,GENERAL,5,0,0,0,0,0,0,0,0,0
9548,GENERAL,5,0,0,0,0,0,0,0,0,0
9549,GENERAL,5,0,0,0,0,0,0,0,0,0
9550,GENERAL,5,0,0,0,0,0,0,0,0,0
9551,GENERAL,5,0,0,0,0,0,0,0,0,0
9552,GENERAL,5,0,0,0,0,0,0,0,0,0
9553,GENERAL,5,0,0,0,0,0,0,0,0,0
9554,GENERAL,5,0,0,0,0,0,0,0,0,0
9555,GENERAL,5,0,0,0,0,0,0,0,0,0
9556,GENERAL,5,0,0,0,0,0,0,0,0,0
9557,GENERAL,5,0,0,0,0,0,0,0,0,0
9558,GENERAL,5,0,0,0,0,0,0,0,0,0
9559,GENERAL,5,0,0,0,0,0,0,0,0,0
9560,GENERAL,5,0,0,0,0,0,0,0,0,0
9561,GENERAL,5,0,0,0,0,0,0,0,0,0
9562,GENERAL,5,0,0,0,0,0,0,0,0,0
9563,GENERAL,5,0,0,0,0,0,0,0,0,0
9564,GENERAL,5,0,0,0,0,0,0,0,0,0
9565,GENERAL,5,0,0,0,0,0,0,0,0,0
9566,GENERAL,5,0,0,0,0,0,0,0,0,0
9567,GENERAL,5,0,0,0,0,0,0,0,0,0
9568,GENERAL,5,0,0,0,0,0,0,0,0,0
9569,GENERAL,5,0,0,0,0,0,0,0,0,0
9570,GENERAL,5,0,0,0,0,0,0,0,0,0
9571,GENERAL,5,0,0,0,0,0,0,0,0,0
9572,GENERAL,5,0,0,0,0,0,0,0,0,0
9573,GENERAL,5,0,0,0,0,0,0,0,0,0
9574,GENERAL,5,0,0,0,0,0,0,0,0,0
9575,GENERAL,5,0,0,0,0,0,0,0,0,0
9576,GENERAL,5,0,0,0,0,0,0,0,0,0
9577,GENERAL,5,0,0,0,0,0,0,0,0,0
9578,GENERAL,5,0,0,0,0,0,0,0,0,0
9579,GENERAL,5,0,0,0,0,0,0,0,0,0
9580,GENERAL,5,0,0,0,0,0,0,0,0,0
9581,GENERAL,5,0,0,0,0,0,0,0,0,0
9582,GENERAL,5,0,0,0,0,0,0,0,0,0
9583,GENERAL,5,0,0,0,0,0,0,0,0,0
9584,GENERAL,5,0,0,0,0,0,0,0,0,0
9585,GENERAL,5,0,0,0,0,0,0,0,0,0
9586,GENERAL,5,0,0,0,0,0,0,0,0,0
9587,GENERAL,5,0,0,0,0,0,0,0,0,0
9588,GENERAL,5,0,0,0,0,0,0,0,0,0
9589,GENERAL,5,0,0,0,0,0,0,0,0,0
9590,GENERAL,5,0,0,0,0,0,0,0,0,0
9591,GENERAL,5,0,0,0,0,0,0,0,0,0
9592,GENERAL,5,0,0,0,0,0,0,0,0,0
9593,GENERAL,5,0,0,0,0,0,0,0,0,0
9594,GENERAL,5,0,0,0,0,0,0,0,0,0
9595,GENERAL,5,0,0,0,0,0,0,0,0,0
9596,GENERAL,5,0,0,0,0,0,0,0,0,0
9597,GENERAL,5,0,0,0,0,0,0,0,0,0
9598,GENERAL,5,0,0,0,0,0,0,0,0,0
9599,GENERAL,5,0,0,0,0,0,0,0,0,0
9600,GENERAL,5,0,0,0,0,0,0,0,0,0
9601,GENERAL,5,0,0,0,0,0,0,0,0,0
9602,GENERAL,5,0,0,0,0,0,0,0,0,0
9603,GENERAL,5,0,0,0,0,0,0,0,0,0
9604,GENERAL,5,0,0,0,0,0,0,0,0,0
9605,GENERAL,5,0,0,0,0,0,0,0,0,0
9606,GENERAL,5,0,0,0,0,0,0,0,0,0
9607,GENERAL,5,0,0,0,0,0,0,0,0,0
9608,GENERAL,5,0,0,0,0,0,0,0,0,0
9609,GENERAL,5,0,0,0,0,0,0,0,0,0
9610,GENERAL,5,0,0,0,0,0,0,0,0,0
9611,GENERAL,5,0,0,0,0,0,0,0,0,0
9612,GENERAL,5,0,0,0,0,0,0,0,0,0
9613,GENERAL,5,0,0,0,0,0,0,0,0,0
9614,GENERAL,5,0,0,0,0,0,0,0,0,0
9615,GENERAL,5,0,0,0,0,0,0,0,0,0
9616,GENERAL,5,0,0,0,0,0,0,0,0,0
9617,GENERAL,5,0,0,0,0,0,0,0,0,0
9618,GENERAL,5,0,0,0,0,0,0,0,0,0
9619,GENERAL,5,0,0,0,0,0,0,0,0,0
9620,GENERAL,5,0,0,0,0,0,0,0,0,0
9621,GENERAL,5,0,0,0,0,0,0,0,0,0
9622,GENERAL,5,0,0,0,0,0,0,0,0,0
9623,GENERAL,5,0,0,0,0,0,0,0,0,0
9624,GENERAL,5,0,0,0,0,0,0,0,0,0
9625,GENERAL,5,0,0,0,0,0,0,0,0,0
9626,GENERAL,5,0,0,0,0,0,0,0,0,0
9627,GENERAL,5,0,0,0,0,0,0,0,0,0
9628,GENERAL,5,0,0,0,0,0,0,0,0,0
9629,GENERAL,5,0,0,0,0,0,0,0,0,0
9630,GENERAL,5,0,0,0,0,0,0,0,0,0
9631,GENERAL,5,0,0,0,0,0,0,0,0,0
9632,GENERAL,5,0,0,0,0,0,0,0,0,0
9633,GENERAL,5,0,0,0,0,0,0,0,0,0
9634,GENERAL,5,0,0,0,0,0,0,0,0,0
9635,GENERAL,5,0,0,0,0,0,0,0,0,0
9636,GENERAL,5,0,0,0,0,0,0,0,0,0
9637,GENERAL,5,0,0,0,0,0,0,0,0,0
9638,GENERAL,5,0,0,0,0,0,0,0,0,0
9639,GENERAL,5,0,0,0,0,0,0,0,0,0
9640,GENERAL,5,0,0,0,0,0,0,0,0,0
9641,GENERAL,5,0,0,0,0,0,0,0,0,0
9642,GENERAL,5,0,0,0,0,0,0,0,0,0
9643,GENERAL,5,0,0,0,0,0,0,0,0,0
9644,GENERAL,5,0,0,0,0,0,0,0,0,0
9645,GENERAL,5,0,0,0,0,0,0,0,0,0
9646,GENERAL,5,0,0,0,0,0,0,0,0,0
9647,GENERAL,5,0,0,0,0,0,0,0,0,0
9648,GENERAL,5,0,0,0,0,0,0,0,0,0
9649,GENERAL,5,0,0,0,0,0,0,0,0,0
9650,GENERAL,5,0,0,0,0,0,0,0,0,0
9651,GENERAL,5,0,0,0,0,0,0,0,0,0
9652,GENERAL,5,0,0,0,0,0,0,0,0,0
9653,GENERAL,5,0,0,0,0,0,0,0,0,0
9654,GENERAL,5,0,0,0,0,0,0,0,0,0
9655,GENERAL,5,0,0,0,0,0,0,0,0,0
9656,GENERAL,5,0,0,0,0,0,0,0,0,0
9657,GENERAL,5,0,0,0,0,0,0,0,0,0
9658,GENERAL,5,0,0,0,0,0,0,0,0,0
9659,GENERAL,5,0,0,0,0,0,0,0,0,0
9660,GENERAL,5,0,0,0,0,0,0,0,0,0
9661,GENERAL,5,0,0,0,0,0,0,0,0,0
9662,GENERAL,5,0,0,0,0,0,0,0,0,0
9663,GENERAL,5,0,0,0,0,0,0,0,0,0
9664,GENERAL,5,0,0,0,0,0,0,0,0,0
9665,GENERAL,5,0,0,0,0,0,0,0,0,0
9666,GENERAL,5,0,0,0,0,0,0,0,0,0
9667,GENERAL,5,0,0,0,0,0,0,0,0,0
9668,GENERAL,5,0,0,0,0,0,0,0,0,0
9669,GENERAL,5,0,0,0,0,0,0,0,0,0
9670,GENERAL,5,0,0,0,0,0,0,0,0,0
9671,GENERAL,5,0,0,0,0,0,0,0,0,0
9672,GENERAL,5,0,0,0,0,0,0,0,0,0
9673,GENERAL,5,0,0,0,0,0,0,0,0,0
9674,GENERAL,5,0,0,0,0,0,0,0,0,0
9675,GENERAL,5,0,0,0,0,0,0,0,0,0
9676,GENERAL,5,0,0,0,0,0,0,0,0,0
9677,GENERAL,5,0,0,0,0,0,0,0,0,0
9678,GENERAL,5,0,0,0,0,0,0,0,0,0
9679,GENERAL,5,0,0,0,0,0,0,0,0,0
9680,GENERAL,5,0,0,0,0,0,0,0,0,0
9681,GENERAL,5,0,0,0,0,0,0,0,0,0
9682,GENERAL,5,0,0,0,0,0,0,0,0,0
9683,GENERAL,5,0,0,0,0,0,0,0,0,0
9684,GENERAL,5,0,0,0,0,0,0,0,0,0
9685,GENERAL,5,0,0,0,0,0,0,0,0,0
9686,GENERAL,5,0,0,0,0,0,0,0,0,0
9687,GENERAL,5,0,0,0,0,0,0,0,0,0
9688,GENERAL,5,0,0,0,0,0,0,0,0,0
9689,GENERAL,5,0,0,0,0,0,0,0,0,0
9690,GENERAL,5,0,0,0,0,0,0,0,0,0
9691,GENERAL,5,0,0,0,0,0,0,0,0,0
9692,GENERAL,5,0,0,0,0,0,0,0,0,0
9693,GENERAL,5,0,0,0,0,0,0,0,0,0
9694,GENERAL,5,0,0,0,0,0,0,0,0,0
9695,GENERAL,5,0,0,0,0,0,0,0,0,0
9696,GENERAL,5,0,0,0,0,0,0,0,0,0
9697,GENERAL,5,0,0,0,0,0,0,0,0,0
9698,GENERAL,5,0,0,0,0,0,0,0,0,0
9699,GENERAL,5,0,0,0,0,0,0,0,0,0
9700,GENERAL,5,0,0,0,0,0,0,0,0,0
9701,GENERAL,5,0,0,0,0,0,0,0,0,0
9702,GENERAL,5,0,0,0,0,0,0,0,0,0
9703,GENERAL,5,0,0,0,0,0,0,0,0,0
9704,GENERAL,5,0,0,0,0,0,0,0,0,0
9705,GENERAL,5,0,0,0,0,0,0,0,0,0
9706,GENERAL,5,0,0,0,0,0,0,0,0,0
9707,GENERAL,5,0,0,0,0,0,0,0,0,0
9708,GENERAL,5,0,0,0,0,0,0,0,0,0
9709,GENERAL,5,0,0,0,0,0,0,0,0,0
9710,GENERAL,5,0,0,0,0,0,0,0,0,0
9711,GENERAL,5,0,0,0,0,0,0,0,0,0
9712,GENERAL,5,0,0,0,0,0,0,0,0,0
9713,GENERAL,5,0,0,0,0,0,0,0,0,0
9714,GENERAL,5,0,0,0,0,0,0,0,0,0
9715,GENERAL,5,0,0,0,0,0,0,0,0,0
9716,GENERAL,5,0,0,0,0,0,0,0,0,0
9717,GENERAL,5,0,0,0,0,0,0,0,0,0
9718,GENERAL,5,0,0,0,0,0,0,0,0,0
9719,GENERAL,5,0,0,0,0,0,0,0,0,0
9720,GENERAL,5,0,0,0,0,0,0,0,0,0
9721,GENERAL,5,0,0,0,0,0,0,0,0,0
9722,GENERAL,5,0,0,0,0,0,0,0,0,0
9723,GENERAL,5,0,0,0,0,0,0,0,0,0
9724,GENERAL,5,0,0,0,0,0,0,0,0,0
9725,GENERAL,5,0,0,0,0,0,0,0,0,0
9726,GENERAL,5,0,0,0,0,0,0,0,0,0
9727,GENERAL,5,0,0,0,0,0,0,0,0,0
9728,GENERAL,5,0,0,0,0,0,0,0,0,0
9729,GENERAL,5,0,0,0,0,0,0,0,0,0
9730,GENERAL,5,0,0,0,0,0,0,0,0,0
9731,GENERAL,5,0,0,0,0,0,0,0,0,0
9732,GENERAL,5,0,0,0,0,0,0,0,0,0
9733,GENERAL,5,0,0,0,0,0,0,0,0,0
9734,GENERAL,5,0,0,0,0,0,0,0,0,0
9735,GENERAL,5,0,0,0,0,0,0,0,0,0
9736,GENERAL,5,0,0,0,0,0,0,0,0,0
9737,GENERAL,5,0,0,0,0,0,0,0,0,0
9738,GENERAL,5,0,0,0,0,0,0,0,0,0
9739,GENERAL,5,0,0,0,0,0,0,0,0,0
9740,GENERAL,5,0,0,0,0,0,0,0,0,0
9741,GENERAL,5,0,0,0,0,0,0,0,0,0
9742,GENERAL,5,0,0,0,0,0,0,0,0,0
9743,GENERAL,5,0,0,0,0,0,0,0,0,0
9744,GENERAL,5,0,0,0,0,0,0,0,0,0
9745,GENERAL,5,0,0,0,0,0,0,0,0,0
9746,GENERAL,5,0,0,0,0,0,0,0,0,0
9747,GENERAL,5,0,0,0,0,0,0,0,0,0
9748,GENERAL,5,0,0,0,0,0,0,0,0,0
9749,GENERAL,5,0,0,0,0,0,0,0,0,0
9750,GENERAL,5,0,0,0,0,0,0,0,0,0
9751,GENERAL,5,0,0,0,0,0,0,0,0,0
9752,GENERAL,5,0,0,0,0,0,0,0,0,0
9753,GENERAL,5,0,0,0,0,0,0,0,0,0
9754,GENERAL,5,0,0,0,0,0,0,0,0,0
9755,GENERAL,5,0,0,0,0,0,0,0,0,0
9756,GENERAL,5,0,0,0,0,0,0,0,0,0
9757,GENERAL,5,0,0,0,0,0,0,0,0,0
9758,GENERAL,5,0,0,0,0,0,0,0,0,0
9759,GENERAL,5,0,0,0,0,0,0,0,0,0
9760,GENERAL,5,0,0,0,0,0,0,0,0,0
9761,GENERAL,5,0,0,0,0,0,0,0,0,0
9762,GENERAL,5,0,0,0,0,0,0,0,0,0
9763,GENERAL,5,0,0,0,0,0,0,0,0,0
9764,GENERAL,5,0,0,0,0,0,0,0,0,0
9765,GENERAL,5,0,0,0,0,0,0,0,0,0
9766,GENERAL,5,0,0,0,0,0,0,0,0,0
9767,GENERAL,5,0,0,0,0,0,0,0,0,0
9768,GENERAL,5,0,0,0,0,0,0,0,0,0
9769,GENERAL,5,0,0,0,0,0,0,0,0,0
9770,GENERAL,5,0,0,0,0,0,0,0,0,0
9771,GENERAL,5,0,0,0,0,0,0,0,0,0
9772,GENERAL,5,0,0,0,0,0,0,0,0,0
9773,GENERAL,5,0,0,0,0,0,0,0,0,0
9774,GENERAL,5,0,0,0,0,0,0,0,0,0
9775,GENERAL,5,0,0,0,0,0,0,0,0,0
9776,GENERAL,5,0,0,0,0,0,0,0,0,0
9777,GENERAL,5,0,0,0,0,0,0,0,0,0
9778,GENERAL,5,0,0,0,0,0,0,0,0,0
9779,GENERAL,5,0,0,0,0,0,0,0,0,0
9780,GENERAL,5,0,0,0,0,0,0,0,0,0
9781,GENERAL,5,0,0,0,0,0,0,0,0,0
9782,GENERAL,5,0,0,0,0,0,0,0,0,0
9783,GENERAL,5,0,0,0,0,0,0,0,0,0
9784,GENERAL,5,0,0,0,0,0,0,0,0,0
9785,GENERAL,5,0,0,0,0,0,0,0,0,0
9786,GENERAL,5,0,0,0,0,0,0,0,0,0
9787,GENERAL,5,0,0,0,0,0,0,0,0,0
9788,GENERAL,5,0,0,0,0,0,0,0,0,0
9789,GENERAL,5,0,0,0,0,0,0,0,0,0
9790,GENERAL,5,0,0,0,0,0,0,0,0,0
9791,GENERAL,5,0,0,0,0,0,0,0,0,0
9792,GENERAL,5,0,0,0,0,0,0,0,0,0
9793,GENERAL,5,0,0,0,0,0,0,0,0,0
9794,GENERAL,5,0,0,0,0,0,0,0,0,0
9795,GENERAL,5,0,0,0,0,0,0,0,0,0
9796,GENERAL,5,0,0,0,0,0,0,0,0,0
9797,GENERAL,5,0,0,0,0,0,0,0,0,0
9798,GENERAL,5,0,0,0,0,0,0,0,0,0
9799,GENERAL,5,0,0,0,0,0,0,0,0,0
9800,GENERAL,5,0,0,0,0,0,0,0,0,0
9801,GENERAL,5,0,0,0,0,0,0,0,0,0
9802,GENERAL,5,0,0,0,0,0,0,0,0,0
9803,GENERAL,5,0,0,0,0,0,0,0,0,0
9804,GENERAL,5,0,0,0,0,0,0,0,0,0
9805,GENERAL,5,0,0,0,0,0,0,0,0,0
9806,GENERAL,5,0,0,0,0,0,0,0,0,0
9807,GENERAL,5,0,0,0,0,0,0,0,0,0
9808,GENERAL,5,0,0,0,0,0,0,0,0,0
9809,GENERAL,5,0,0,0,0,0,0,0,0,0
9810,GENERAL,5,0,0,0,0,0,0,0,0,0
9811,GENERAL,5,0,0,0,0,0,0,0,0,0
9812,GENERAL,5,0,0,0,0,0,0,0,0,0
9813,GENERAL,5,0,0,0,0,0,0,0,0,0
9814,GENERAL,5,0,0,0,0,0,0,0,0,0
9815,GENERAL,5,0,0,0,0,0,0,0,0,0
9816,GENERAL,5,0,0,0,0,0,0,0,0,0
9817,GENERAL,5,0,0,0,0,0,0,0,0,0
9818,GENERAL,5,0,0,0,0,0,0,0,0,0
9819,GENERAL,5,0,0,0,0,0,0,0,0,0
9820,GENERAL,5,0,0,0,0,0,0,0,0,0
9821,GENERAL,5,0,0,0,0,0,0,0,0,0
9822,GENERAL,5,0,0,0,0,0,0,0,0,0
9823,GENERAL,5,0,0,0,0,0,0,0,0,0
9824,GENERAL,5,0,0,0,0,0,0,0,0,0
9825,GENERAL,5,0,0,0,0,0,0,0,0,0
9826,GENERAL,5,0,0,0,0,0,0,0,0,0
9827,GENERAL,5,0,0,0,0,0,0,0,0,0
9828,GENERAL,5,0,0,0,0,0,0,0,0,0
9829,GENERAL,5,0,0,0,0,0,0,0,0,0
9830,GENERAL,5,0,0,0,0,0,0,0,0,0
9831,GENERAL,5,0,0,0,0,0,0,0,0,0
9832,GENERAL,5,0,0,0,0,0,0,0,0,0
9833,GENERAL,5,0,0,0,0,0,0,0,0,0
9834,GENERAL,5,0,0,0,0,0,0,0,0,0
9835,GENERAL,5,0,0,0,0,0,0,0,0,0
9836,GENERAL,5,0,0,0,0,0,0,0,0,0
9837,GENERAL,5,0,0,0,0,0,0,0,0,0
9838,GENERAL,5,0,0,0,0,0,0,0,0,0
9839,GENERAL,5,0,0,0,0,0,0,0,0,0
9840,GENERAL,5,0,0,0,0,0,0,0,0,0
9841,GENERAL,5,0,0,0,0,0,0,0,0,0
9842,GENERAL,5,0,0,0,0,0,0,0,0,0
9843,GENERAL,5,0,0,0,0,0,0,0,0,0
9844,GENERAL,5,0,0,0,0,0,0,0,0,0
9845,GENERAL,5,0,0,0,0,0,0,0,0,0
9846,GENERAL,5,0,0,0,0,0,0,0,0,0
9847,GENERAL,5,0,0,0,0,0,0,0,0,0
9848,GENERAL,5,0,0,0,0,0,0,0,0,0
9849,GENERAL,5,0,0,0,0,0,0,0,0,0
9850,GENERAL,5,0,0,0,0,0,0,0,0,0
9851,GENERAL,5,0,0,0,0,0,0,0,0,0
9852,GENERAL,5,0,0,0,0,0,0,0,0,0
9853,GENERAL,5,0,0,0,0,0,0,0,0,0
9854,GENERAL,5,0,0,0,0,0,0,0,0,0
9855,GENERAL,5,0,0,0,0,0,0,0,0,0
9856,GENERAL,5,0,0,0,0,0,0,0,0,0
9857,GENERAL,5,0,0,0,0,0,0,0,0,0
9858,GENERAL,5,0,0,0,0,0,0,0,0,0
9859,GENERAL,5,0,0,0,0,0,0,0,0,0
9860,GENERAL,5,0,0,0,0,0,0,0,0,0
9861,GENERAL,5,0,0,0,0,0,0,0,0,0
9862,GENERAL,5,0,0,0,0,0,0,0,0,0
9863,GENERAL,5,0,0,0,0,0,0,0,0,0
9864,GENERAL,5,0,0,0,0,0,0,0,0,0
9865,GENERAL,5,0,0,0,0,0,0,0,0,0
9866,GENERAL,5,0,0,0,0,0,0,0,0,0
9867,GENERAL,5,0,0,0,0,0,0,0,0,0
9868,GENERAL,5,0,0,0,0,0,0,0,0,0
9869,GENERAL,5,0,0,0,0,0,0,0,0,0
9870,GENERAL,5,0,0,0,0,0,0,0,0,0
9871,GENERAL,5,0,0,0,0,0,0,0,0,0
9872,GENERAL,5,0,0,0,0,0,0,0,0,0
9873,GENERAL,5,0,0,0,0,0,0,0,0,0
9874,GENERAL,5,0,0,0,0,0,0,0,0,0
9875,GENERAL,5,0,0,0,0,0,0,0,0,0
9876,GENERAL,5,0,0,0,0,0,0,0,0,0
9877,GENERAL,5,0,0,0,0,0,0,0,0,0
9878,GENERAL,5,0,0,0,0,0,0,0,0,0
9879,GENERAL,5,0,0,0,0,0,0,0,0,0
9880,GENERAL,5,0,0,0,0,0,0,0,0,0
9881,GENERAL,5,0,0,0,0,0,0,0,0,0
9882,GENERAL,5,0,0,0,0,0,0,0,0,0
9883,GENERAL,5,0,0,0,0,0,0,0,0,0
9884,GENERAL,5,0,0,0,0,0,0,0,0,0
9885,GENERAL,5,0,0,0,0,0,0,0,0,0
9886,GENERAL,5,0,0,0,0,0,0,0,0,0
9887,GENERAL,5,0,0,0,0,0,0,0,0,0
9888,GENERAL,5,0,0,0,0,0,0,0,0,0
9889,GENERAL,5,0,0,0,0,0,0,0,0,0
9890,GENERAL,5,0,0,0,0,0,0,0,0,0
9891,GENERAL,5,0,0,0,0,0,0,0,0,0
9892,GENERAL,5,0,0,0,0,0,0,0,0,0
9893,GENERAL,5,0,0,0,0,0,0,0,0,0
9894,GENERAL,5,0,0,0,0,0,0,0,0,0
9895,GENERAL,5,0,0,0,0,0,0,0,0,0
9896,GENERAL,5,0,0,0,0,0,0,0,0,0
9897,GENERAL,5,0,0,0,0,0,0,0,0,0
9898,GENERAL,5,0,0,0,0,0,0,0,0,0
9899,GENERAL,5,0,0,0,0,0,0,0,0,0
9900,GENERAL,5,0,0,0,0,0,0,0,0,0
9901,GENERAL,5,0,0,0,0,0,0,0,0,0
9902,GENERAL,5,0,0,0,0,0,0,0,0,0
9903,GENERAL,5,0,0,0,0,0,0,0,0,0
9904,GENERAL,5,0,0,0,0,0,0,0,0,0
9905,GENERAL,5,0,0,0,0,0,0,0,0,0
9906,GENERAL,5,0,0,0,0,0,0,0,0,0
9907,GENERAL,5,0,0,0,0,0,0,0,0,0
9908,GENERAL,5,0,0,0,0,0,0,0,0,0
9909,GENERAL,5,0,0,0,0,0,0,0,0,0
9910,GENERAL,5,0,0,0,0,0,0,0,0,0
9911,GENERAL,5,0,0,0,0,0,0,0,0,0
9912,GENERAL,5,0,0,0,0,0,0,0,0,0
9913,GENERAL,5,0,0,0,0,0,0,0,0,0
9914,GENERAL,5,0,0,0,0,0,0,0,0,0
9915,GENERAL,5,0,0,0,0,0,0,0,0,0
9916,GENERAL,5,0,0,0,0,0,0,0,0,0
9917,GENERAL,5,0,0,0,0,0,0,0,0,0
9918,GENERAL,5,0,0,0,0,0,0,0,0,0
9919,GENERAL,5,0,0,0,0,0,0,0,0,0
9920,GENERAL,5,0,0,0,0,0,0,0,0,0
9921,GENERAL,5,0,0,0,0,0,0,0,0,0
9922,GENERAL,5,0,0,0,0,0,0,0,0,0
9923,GENERAL,5,0,0,0,0,0,0,0,0,0
9924,GENERAL,5,0,0,0,0,0,0,0,0,0
9925,GENERAL,5,0,0,0,0,0,0,0,0,0
9926,GENERAL,5,0,0,0,0,0,0,0,0,0
9927,GENERAL,5,0,0,0,0,0,0,0,0,0
9928,GENERAL,5,0,0,0,0,0,0,0,0,0
9929,GENERAL,5,0,0,0,0,0,0,0,0,0
9930,GENERAL,5,0,0,0,0,0,0,0,0,0
9931,GENERAL,5,0,0,0,0,0,0,0,0,0
9932,GENERAL,5,0,0,0,0,0,0,0,0,0
9933,GENERAL,5,0,0,0,0,0,0,0,0,0
9934,GENERAL,5,0,0,0,0,0,0,0,0,0
9935,GENERAL,5,0,0,0,0,0,0,0,0,0
9936,GENERAL,5,0,0,0,0,0,0,0,0,0
9937,GENERAL,5,0,0,0,0,0,0,0,0,0
9938,GENERAL,5,0,0,0,0,0,0,0,0,0
9939,GENERAL,5,0,0,0,0,0,0,0,0,0
9940,GENERAL,5,0,0,0,0,0,0,0,0,0
9941,GENERAL,5,0,0,0,0,0,0,0,0,0
9942,GENERAL,5,0,0,0,0,0,0,0,0,0
9943,GENERAL,5,0,0,0,0,0,0,0,0,0
9944,GENERAL,5,0,0,0,0,0,0,0,0,0
9945,GENERAL,5,0,0,0,0,0,0,0,0,0
9946,GENERAL,5,0,0,0,0,0,0,0,0,0
9947,GENERAL,5,0,0,0,0,0,0,0,0,0
9948,GENERAL,5,0,0,0,0,0,0,0,0,0
9949,GENERAL,5,0,0,0,0,0,0,0,0,0
9950,GENERAL,5,0,0,0,0,0,0,0,0,0
9951,GENERAL,5,0,0,0,0,0,0,0,0,0
9952,GENERAL,5,0,0,0,0,0,0,0,0,0
9953,GENERAL,5,0,0,0,0,0,0,0,0,0
9954,GENERAL,5,0,0,0,0,0,0,0,0,0
9955,GENERAL,5,0,0,0,0,0,0,0,0,0
9956,GENERAL,5,0,0,0,0,0,0,0,0,0
9957,GENERAL,5,0,0,0,0,0,0,0,0,0
9958,GENERAL,5,0,0,0,0,0,0,0,0,0
9959,GENERAL,5,0,0,0,0,0,0,0,0,0
9960,GENERAL,5,0,0,0,0,0,0,0,0,0
9961,GENERAL,5,0,0,0,0,0,0,0,0,0
9962,GENERAL,5,0,0,0,0,0,0,0,0,0
9963,GENERAL,5,0,0,0,0,0,0,0,0,0
9964,GENERAL,5,0,0,0,0,0,0,0,0,0
9965,GENERAL,5,0,0,0,0,0,0,0,0,0
9966,GENERAL,5,0,0,0,0,0,0,0,0,0
9967,GENERAL,5,0,0,0,0,0,0,0,0,0
9968,GENERAL,5,0,0,0,0,0,0,0,0,0
9969,GENERAL,5,0,0,0,0,0,0,0,0,0
9970,GENERAL,5,0,0,0,0,0,0,0,0,0
9971,GENERAL,5,0,0,0,0,0,0,0,0,0
9972,GENERAL,5,0,0,0,0,0,0,0,0,0
9973,GENERAL,5,0,0,0,0,0,0,0,0,0
9974,GENERAL,5,0,0,0,0,0,0,0,0,0
9975,GENERAL,5,0,0,0,0,0,0,0,0,0
9976,GENERAL,5,0,0,0,0,0,0,0,0,0
9977,GENERAL,5,0,0,0,0,0,0,0,0,0
9978,GENERAL,5,0,0,0,0,0,0,0,0,0
9979,GENERAL,5,0,0,0,0,0,0,0,0,0
9980,GENERAL,5,0,0,0,0,0,0,0,0,0
9981,GENERAL,5,0,0,0,0,0,0,0,0,0
9982,GENERAL,5,0,0,0,0,0,0,0,0,0
9983,GENERAL,5,0,0,0,0,0,0,0,0,0
9984,GENERAL,5,0,0,0,0,0,0,0,0,0
9985,GENERAL,5,0,0,0,0,0,0,0,0,0
9986,GENERAL,5,0,0,0,0,0,0,0,0,0
9987,GENERAL,5,0,0,0,0,0,0,0,0,0
9988,GENERAL,5,0,0,0,0,0,0,0,0,0
9989,GENERAL,5,0,0,0,0,0,0,0,0,0
9990,GENERAL,5,0,0,0,0,0,0,0,0,0
9991,GENERAL,5,0,0,0,0,0,0,0,0,0
9992,GENERAL,5,0,0,0,0,0,0,0,0,0
9993,GENERAL,5,0,0,0,0,0,0,0,0,0
9994,GENERAL,5,0,0,0,0,0,0,0,0,0
9995,GENERAL,5,0,0,0,0,0,0,0,0,0
9996,GENERAL,5,0,0,0,0,0,0,0,0,0
9997,GENERAL,5,0,0,0,0,0,0,0,0,0
9998,GENERAL,5,0,0,0,0,0,0,0,0,0
9999,GENERAL,5,0,0,0,0,0,0,0,0,0
