 
****************************************
Report : timing
        -path full
        -delay max
        -input_pins
        -max_paths 10
Design : recam_dss_g2x2_r_static_early_live_state_top
Version: W-2024.09-SP2
Date   : Tue Sep 29 16:49:45 2026
****************************************

Operating Conditions: slow   Library: slow
Wire Load Model Mode: top

  Startpoint: core/priority_rank_q_reg[1]
              (rising edge-triggered flip-flop clocked by recam_clk)
  Endpoint: solution_line_address_flat_o[44]
            (output port clocked by recam_clk)
  Path Group: recam_clk
  Path Type: max

  Des/Clust/Port     Wire Load Model       Library
  ------------------------------------------------
  recam_dss_g2x2_r_static_early_live_state_top
                     tsmc18_wl10           slow

  Point                                                   Incr       Path
  --------------------------------------------------------------------------
  clock recam_clk (rise edge)                             0.00       0.00
  clock network delay (ideal)                             0.00       0.00
  core/priority_rank_q_reg[1]/CK (DFFX4)                  0.00       0.00 r
  core/priority_rank_q_reg[1]/Q (DFFX4)                   0.22       0.22 f
  core/U70/B (NOR2X4)                                     0.00       0.22 f
  core/U70/Y (NOR2X4)                                     0.22       0.44 r
  core/scan_config_id_o[2] (recam_dss_g2x2_r_static_early_live_state_core)
                                                          0.00       0.44 r
  analyzer/config_id_i[2] (recam_shared_config_analyzer_ROW_ADDR_W9_PHYS_COL_ADDR_W13_WORD_COL_ADDR_W5_HYBRID_LINE_ADDR_W13_HYBRID_ENTRIES7)
                                                          0.00       0.44 r
  analyzer/U431/A (INVX4)                                 0.00       0.44 r
  analyzer/U431/Y (INVX4)                                 0.19       0.63 f
  analyzer/U433/A (BUFX20)                                0.00       0.63 f
  analyzer/U433/Y (BUFX20)                                0.18       0.81 f
  analyzer/U2991/A (XOR2XL)                               0.00       0.81 f
  analyzer/U2991/Y (XOR2XL)                               0.29       1.10 f
  analyzer/U2128/A (AND2X4)                               0.00       1.10 f
  analyzer/U2128/Y (AND2X4)                               0.21       1.32 f
  analyzer/U2129/B (NAND2BX4)                             0.00       1.32 f
  analyzer/U2129/Y (NAND2BX4)                             0.12       1.43 r
  analyzer/U4984/B (NAND4BX4)                             0.00       1.43 r
  analyzer/U4984/Y (NAND4BX4)                             0.15       1.58 f
  analyzer/U398/A (INVX8)                                 0.00       1.58 f
  analyzer/U398/Y (INVX8)                                 0.08       1.67 r
  analyzer/U4254/B0 (OAI221X2)                            0.00       1.67 r
  analyzer/U4254/Y (OAI221X2)                             0.18       1.85 f
  analyzer/U421/A (BUFX12)                                0.00       1.85 f
  analyzer/U421/Y (BUFX12)                                0.20       2.05 f
  analyzer/U2220/B1 (OAI22X4)                             0.00       2.05 f
  analyzer/U2220/Y (OAI22X4)                              0.22       2.27 r
  analyzer/U2301/A (NAND3X4)                              0.00       2.27 r
  analyzer/U2301/Y (NAND3X4)                              0.14       2.41 f
  analyzer/U2209/A (INVX8)                                0.00       2.41 f
  analyzer/U2209/Y (INVX8)                                0.17       2.59 r
  analyzer/U2101/S0 (MX2X4)                               0.00       2.59 r
  analyzer/U2101/Y (MX2X4)                                0.31       2.90 r
  analyzer/U2897/A (XOR2XL)                               0.00       2.90 r
  analyzer/U2897/Y (XOR2XL)                               0.43       3.33 r
  analyzer/U2794/A (NAND2X2)                              0.00       3.33 r
  analyzer/U2794/Y (NAND2X2)                              0.14       3.47 f
  analyzer/U3862/A (NOR3X4)                               0.00       3.47 f
  analyzer/U3862/Y (NOR3X4)                               0.20       3.67 r
  analyzer/U4351/B (NAND2X4)                              0.00       3.67 r
  analyzer/U4351/Y (NAND2X4)                              0.14       3.81 f
  analyzer/U1895/A (INVX4)                                0.00       3.81 f
  analyzer/U1895/Y (INVX4)                                0.16       3.97 r
  analyzer/U418/A (INVX8)                                 0.00       3.97 r
  analyzer/U418/Y (INVX8)                                 0.07       4.04 f
  analyzer/U1778/AN (NAND4BX4)                            0.00       4.04 f
  analyzer/U1778/Y (NAND4BX4)                             0.19       4.24 f
  analyzer/U1980/AN (NAND2BX4)                            0.00       4.24 f
  analyzer/U1980/Y (NAND2BX4)                             0.19       4.43 f
  analyzer/U4921/B (NAND4X4)                              0.00       4.43 f
  analyzer/U4921/Y (NAND4X4)                              0.19       4.62 r
  analyzer/U3249/A (AND3X4)                               0.00       4.62 r
  analyzer/U3249/Y (AND3X4)                               0.33       4.96 r
  analyzer/U238/A (BUFX8)                                 0.00       4.96 r
  analyzer/U238/Y (BUFX8)                                 0.21       5.17 r
  analyzer/U2075/S0 (MX2X4)                               0.00       5.17 r
  analyzer/U2075/Y (MX2X4)                                0.32       5.49 r
  analyzer/U2494/A (XNOR2X4)                              0.00       5.49 r
  analyzer/U2494/Y (XNOR2X4)                              0.21       5.70 f
  analyzer/U4920/B (NAND4X4)                              0.00       5.70 f
  analyzer/U4920/Y (NAND4X4)                              0.16       5.86 r
  analyzer/U2170/A (NOR2X4)                               0.00       5.86 r
  analyzer/U2170/Y (NOR2X4)                               0.07       5.93 f
  analyzer/U4882/A0 (AOI211X2)                            0.00       5.93 f
  analyzer/U4882/Y (AOI211X2)                             0.35       6.28 r
  analyzer/U2871/A (BUFX12)                               0.00       6.28 r
  analyzer/U2871/Y (BUFX12)                               0.22       6.51 r
  analyzer/U1928/A (INVX8)                                0.00       6.51 r
  analyzer/U1928/Y (INVX8)                                0.10       6.61 f
  analyzer/U2870/A (CLKINVX8)                             0.00       6.61 f
  analyzer/U2870/Y (CLKINVX8)                             0.12       6.73 r
  analyzer/U3729/S0 (MX2X4)                               0.00       6.73 r
  analyzer/U3729/Y (MX2X4)                                0.32       7.05 r
  analyzer/U1649/A (XOR2X4)                               0.00       7.05 r
  analyzer/U1649/Y (XOR2X4)                               0.26       7.31 r
  analyzer/U2450/A (AND3X4)                               0.00       7.31 r
  analyzer/U2450/Y (AND3X4)                               0.21       7.52 r
  analyzer/U3885/B (NAND4BX4)                             0.00       7.52 r
  analyzer/U3885/Y (NAND4BX4)                             0.13       7.66 f
  analyzer/U4738/A (NAND4X4)                              0.00       7.66 f
  analyzer/U4738/Y (NAND4X4)                              0.19       7.85 r
  analyzer/U2180/A (INVX8)                                0.00       7.85 r
  analyzer/U2180/Y (INVX8)                                0.06       7.91 f
  analyzer/U2640/A (AND2X4)                               0.00       7.91 f
  analyzer/U2640/Y (AND2X4)                               0.20       8.11 f
  analyzer/U1802/A (BUFX20)                               0.00       8.11 f
  analyzer/U1802/Y (BUFX20)                               0.16       8.27 f
  analyzer/U1624/S0 (MX2X4)                               0.00       8.27 f
  analyzer/U1624/Y (MX2X4)                                0.30       8.57 r
  analyzer/U1300/A (XOR2X4)                               0.00       8.57 r
  analyzer/U1300/Y (XOR2X4)                               0.24       8.81 r
  analyzer/U4402/C (AND4X4)                               0.00       8.81 r
  analyzer/U4402/Y (AND4X4)                               0.25       9.06 r
  analyzer/U4401/B (NAND4X4)                              0.00       9.06 r
  analyzer/U4401/Y (NAND4X4)                              0.15       9.22 f
  analyzer/U2521/A (OR2X4)                                0.00       9.22 f
  analyzer/U2521/Y (OR2X4)                                0.27       9.48 f
  analyzer/U3893/A (NAND2X4)                              0.00       9.48 f
  analyzer/U3893/Y (NAND2X4)                              0.12       9.61 r
  analyzer/U4390/A (INVX8)                                0.00       9.61 r
  analyzer/U4390/Y (INVX8)                                0.09       9.70 f
  analyzer/U1668/B (NAND2BX4)                             0.00       9.70 f
  analyzer/U1668/Y (NAND2BX4)                             0.13       9.83 r
  analyzer/U4623/A (AND2X4)                               0.00       9.83 r
  analyzer/U4623/Y (AND2X4)                               0.19      10.02 r
  analyzer/U3227/A0 (AOI31X2)                             0.00      10.02 r
  analyzer/U3227/Y (AOI31X2)                              0.16      10.17 f
  analyzer/U4907/B0 (AOI2BB1X4)                           0.00      10.17 f
  analyzer/U4907/Y (AOI2BB1X4)                            0.21      10.38 r
  analyzer/U4906/A (NAND4X4)                              0.00      10.38 r
  analyzer/U4906/Y (NAND4X4)                              0.14      10.52 f
  analyzer/U4743/A (CLKINVX8)                             0.00      10.52 f
  analyzer/U4743/Y (CLKINVX8)                             0.08      10.60 r
  analyzer/U2270/A (NAND3X4)                              0.00      10.60 r
  analyzer/U2270/Y (NAND3X4)                              0.09      10.69 f
  analyzer/U4503/B0 (OAI33X2)                             0.00      10.69 f
  analyzer/U4503/Y (OAI33X2)                              0.38      11.06 r
  analyzer/U4492/A (BUFX8)                                0.00      11.06 r
  analyzer/U4492/Y (BUFX8)                                0.20      11.26 r
  analyzer/U3978/A (INVX8)                                0.00      11.26 r
  analyzer/U3978/Y (INVX8)                                0.05      11.31 f
  analyzer/U4946/A1 (AOI33X2)                             0.00      11.31 f
  analyzer/U4946/Y (AOI33X2)                              0.27      11.58 r
  analyzer/U2219/A (NAND4X2)                              0.00      11.58 r
  analyzer/U2219/Y (NAND4X2)                              0.25      11.83 f
  analyzer/pattern_id_o[0] (recam_shared_config_analyzer_ROW_ADDR_W9_PHYS_COL_ADDR_W13_WORD_COL_ADDR_W5_HYBRID_LINE_ADDR_W13_HYBRID_ENTRIES7)
                                                          0.00      11.83 f
  selected_address_mux/selected_pattern_id_i[0] (dss_early_selected_address_mux_ROW_ADDR_W9_PHYS_COL_ADDR_W13)
                                                          0.00      11.83 f
  selected_address_mux/U181/A (BUFX12)                    0.00      11.83 f
  selected_address_mux/U181/Y (BUFX12)                    0.23      12.05 f
  selected_address_mux/U191/A (NAND3X1)                   0.00      12.05 f
  selected_address_mux/U191/Y (NAND3X1)                   0.28      12.33 r
  selected_address_mux/U223/B (NAND2BX2)                  0.00      12.33 r
  selected_address_mux/U223/Y (NAND2BX2)                  0.13      12.46 f
  selected_address_mux/U315/B0 (OAI33X2)                  0.00      12.46 f
  selected_address_mux/U315/Y (OAI33X2)                   0.39      12.86 r
  selected_address_mux/U304/A (INVX4)                     0.00      12.86 r
  selected_address_mux/U304/Y (INVX4)                     0.14      13.00 f
  selected_address_mux/U275/A (NAND3X4)                   0.00      13.00 f
  selected_address_mux/U275/Y (NAND3X4)                   0.17      13.17 r
  selected_address_mux/U245/A (BUFX20)                    0.00      13.17 r
  selected_address_mux/U245/Y (BUFX20)                    0.16      13.33 r
  selected_address_mux/U338/C (NAND3X1)                   0.00      13.33 r
  selected_address_mux/U338/Y (NAND3X1)                   0.20      13.53 f
  selected_address_mux/U299/B0 (OAI2BB1X4)                0.00      13.53 f
  selected_address_mux/U299/Y (OAI2BB1X4)                 0.22      13.75 r
  selected_address_mux/solution_line_address_flat_o[44] (dss_early_selected_address_mux_ROW_ADDR_W9_PHYS_COL_ADDR_W13)
                                                          0.00      13.75 r
  solution_line_address_flat_o[44] (out)                  0.00      13.75 r
  data arrival time                                                 13.75

  clock recam_clk (rise edge)                            10.00      10.00
  clock network delay (ideal)                             0.00      10.00
  output external delay                                   0.00      10.00
  data required time                                                10.00
  --------------------------------------------------------------------------
  data required time                                                10.00
  data arrival time                                                -13.75
  --------------------------------------------------------------------------
  slack (VIOLATED)                                                  -3.75


  Startpoint: core/priority_rank_q_reg[1]
              (rising edge-triggered flip-flop clocked by recam_clk)
  Endpoint: solution_line_address_flat_o[43]
            (output port clocked by recam_clk)
  Path Group: recam_clk
  Path Type: max

  Des/Clust/Port     Wire Load Model       Library
  ------------------------------------------------
  recam_dss_g2x2_r_static_early_live_state_top
                     tsmc18_wl10           slow

  Point                                                   Incr       Path
  --------------------------------------------------------------------------
  clock recam_clk (rise edge)                             0.00       0.00
  clock network delay (ideal)                             0.00       0.00
  core/priority_rank_q_reg[1]/CK (DFFX4)                  0.00       0.00 r
  core/priority_rank_q_reg[1]/Q (DFFX4)                   0.22       0.22 f
  core/U70/B (NOR2X4)                                     0.00       0.22 f
  core/U70/Y (NOR2X4)                                     0.22       0.44 r
  core/scan_config_id_o[2] (recam_dss_g2x2_r_static_early_live_state_core)
                                                          0.00       0.44 r
  analyzer/config_id_i[2] (recam_shared_config_analyzer_ROW_ADDR_W9_PHYS_COL_ADDR_W13_WORD_COL_ADDR_W5_HYBRID_LINE_ADDR_W13_HYBRID_ENTRIES7)
                                                          0.00       0.44 r
  analyzer/U431/A (INVX4)                                 0.00       0.44 r
  analyzer/U431/Y (INVX4)                                 0.19       0.63 f
  analyzer/U433/A (BUFX20)                                0.00       0.63 f
  analyzer/U433/Y (BUFX20)                                0.18       0.81 f
  analyzer/U2991/A (XOR2XL)                               0.00       0.81 f
  analyzer/U2991/Y (XOR2XL)                               0.29       1.10 f
  analyzer/U2128/A (AND2X4)                               0.00       1.10 f
  analyzer/U2128/Y (AND2X4)                               0.21       1.32 f
  analyzer/U2129/B (NAND2BX4)                             0.00       1.32 f
  analyzer/U2129/Y (NAND2BX4)                             0.12       1.43 r
  analyzer/U4984/B (NAND4BX4)                             0.00       1.43 r
  analyzer/U4984/Y (NAND4BX4)                             0.15       1.58 f
  analyzer/U398/A (INVX8)                                 0.00       1.58 f
  analyzer/U398/Y (INVX8)                                 0.08       1.67 r
  analyzer/U4254/B0 (OAI221X2)                            0.00       1.67 r
  analyzer/U4254/Y (OAI221X2)                             0.18       1.85 f
  analyzer/U421/A (BUFX12)                                0.00       1.85 f
  analyzer/U421/Y (BUFX12)                                0.20       2.05 f
  analyzer/U2220/B1 (OAI22X4)                             0.00       2.05 f
  analyzer/U2220/Y (OAI22X4)                              0.22       2.27 r
  analyzer/U2301/A (NAND3X4)                              0.00       2.27 r
  analyzer/U2301/Y (NAND3X4)                              0.14       2.41 f
  analyzer/U2209/A (INVX8)                                0.00       2.41 f
  analyzer/U2209/Y (INVX8)                                0.17       2.59 r
  analyzer/U2101/S0 (MX2X4)                               0.00       2.59 r
  analyzer/U2101/Y (MX2X4)                                0.31       2.90 r
  analyzer/U2897/A (XOR2XL)                               0.00       2.90 r
  analyzer/U2897/Y (XOR2XL)                               0.43       3.33 r
  analyzer/U2794/A (NAND2X2)                              0.00       3.33 r
  analyzer/U2794/Y (NAND2X2)                              0.14       3.47 f
  analyzer/U3862/A (NOR3X4)                               0.00       3.47 f
  analyzer/U3862/Y (NOR3X4)                               0.20       3.67 r
  analyzer/U4351/B (NAND2X4)                              0.00       3.67 r
  analyzer/U4351/Y (NAND2X4)                              0.14       3.81 f
  analyzer/U1895/A (INVX4)                                0.00       3.81 f
  analyzer/U1895/Y (INVX4)                                0.16       3.97 r
  analyzer/U418/A (INVX8)                                 0.00       3.97 r
  analyzer/U418/Y (INVX8)                                 0.07       4.04 f
  analyzer/U1778/AN (NAND4BX4)                            0.00       4.04 f
  analyzer/U1778/Y (NAND4BX4)                             0.19       4.24 f
  analyzer/U1980/AN (NAND2BX4)                            0.00       4.24 f
  analyzer/U1980/Y (NAND2BX4)                             0.19       4.43 f
  analyzer/U4921/B (NAND4X4)                              0.00       4.43 f
  analyzer/U4921/Y (NAND4X4)                              0.19       4.62 r
  analyzer/U3249/A (AND3X4)                               0.00       4.62 r
  analyzer/U3249/Y (AND3X4)                               0.33       4.96 r
  analyzer/U238/A (BUFX8)                                 0.00       4.96 r
  analyzer/U238/Y (BUFX8)                                 0.21       5.17 r
  analyzer/U2075/S0 (MX2X4)                               0.00       5.17 r
  analyzer/U2075/Y (MX2X4)                                0.32       5.49 r
  analyzer/U2494/A (XNOR2X4)                              0.00       5.49 r
  analyzer/U2494/Y (XNOR2X4)                              0.21       5.70 f
  analyzer/U4920/B (NAND4X4)                              0.00       5.70 f
  analyzer/U4920/Y (NAND4X4)                              0.16       5.86 r
  analyzer/U2170/A (NOR2X4)                               0.00       5.86 r
  analyzer/U2170/Y (NOR2X4)                               0.07       5.93 f
  analyzer/U4882/A0 (AOI211X2)                            0.00       5.93 f
  analyzer/U4882/Y (AOI211X2)                             0.35       6.28 r
  analyzer/U2871/A (BUFX12)                               0.00       6.28 r
  analyzer/U2871/Y (BUFX12)                               0.22       6.51 r
  analyzer/U1928/A (INVX8)                                0.00       6.51 r
  analyzer/U1928/Y (INVX8)                                0.10       6.61 f
  analyzer/U2870/A (CLKINVX8)                             0.00       6.61 f
  analyzer/U2870/Y (CLKINVX8)                             0.12       6.73 r
  analyzer/U3729/S0 (MX2X4)                               0.00       6.73 r
  analyzer/U3729/Y (MX2X4)                                0.32       7.05 r
  analyzer/U1649/A (XOR2X4)                               0.00       7.05 r
  analyzer/U1649/Y (XOR2X4)                               0.26       7.31 r
  analyzer/U2450/A (AND3X4)                               0.00       7.31 r
  analyzer/U2450/Y (AND3X4)                               0.21       7.52 r
  analyzer/U3885/B (NAND4BX4)                             0.00       7.52 r
  analyzer/U3885/Y (NAND4BX4)                             0.13       7.66 f
  analyzer/U4738/A (NAND4X4)                              0.00       7.66 f
  analyzer/U4738/Y (NAND4X4)                              0.19       7.85 r
  analyzer/U2180/A (INVX8)                                0.00       7.85 r
  analyzer/U2180/Y (INVX8)                                0.06       7.91 f
  analyzer/U2640/A (AND2X4)                               0.00       7.91 f
  analyzer/U2640/Y (AND2X4)                               0.20       8.11 f
  analyzer/U1802/A (BUFX20)                               0.00       8.11 f
  analyzer/U1802/Y (BUFX20)                               0.16       8.27 f
  analyzer/U1624/S0 (MX2X4)                               0.00       8.27 f
  analyzer/U1624/Y (MX2X4)                                0.30       8.57 r
  analyzer/U1300/A (XOR2X4)                               0.00       8.57 r
  analyzer/U1300/Y (XOR2X4)                               0.24       8.81 r
  analyzer/U4402/C (AND4X4)                               0.00       8.81 r
  analyzer/U4402/Y (AND4X4)                               0.25       9.06 r
  analyzer/U4401/B (NAND4X4)                              0.00       9.06 r
  analyzer/U4401/Y (NAND4X4)                              0.15       9.22 f
  analyzer/U2521/A (OR2X4)                                0.00       9.22 f
  analyzer/U2521/Y (OR2X4)                                0.27       9.48 f
  analyzer/U3893/A (NAND2X4)                              0.00       9.48 f
  analyzer/U3893/Y (NAND2X4)                              0.12       9.61 r
  analyzer/U4390/A (INVX8)                                0.00       9.61 r
  analyzer/U4390/Y (INVX8)                                0.09       9.70 f
  analyzer/U1668/B (NAND2BX4)                             0.00       9.70 f
  analyzer/U1668/Y (NAND2BX4)                             0.13       9.83 r
  analyzer/U4623/A (AND2X4)                               0.00       9.83 r
  analyzer/U4623/Y (AND2X4)                               0.19      10.02 r
  analyzer/U3227/A0 (AOI31X2)                             0.00      10.02 r
  analyzer/U3227/Y (AOI31X2)                              0.16      10.17 f
  analyzer/U4907/B0 (AOI2BB1X4)                           0.00      10.17 f
  analyzer/U4907/Y (AOI2BB1X4)                            0.21      10.38 r
  analyzer/U4906/A (NAND4X4)                              0.00      10.38 r
  analyzer/U4906/Y (NAND4X4)                              0.14      10.52 f
  analyzer/U4743/A (CLKINVX8)                             0.00      10.52 f
  analyzer/U4743/Y (CLKINVX8)                             0.08      10.60 r
  analyzer/U2270/A (NAND3X4)                              0.00      10.60 r
  analyzer/U2270/Y (NAND3X4)                              0.09      10.69 f
  analyzer/U4503/B0 (OAI33X2)                             0.00      10.69 f
  analyzer/U4503/Y (OAI33X2)                              0.38      11.06 r
  analyzer/U4492/A (BUFX8)                                0.00      11.06 r
  analyzer/U4492/Y (BUFX8)                                0.20      11.26 r
  analyzer/U3978/A (INVX8)                                0.00      11.26 r
  analyzer/U3978/Y (INVX8)                                0.05      11.31 f
  analyzer/U4946/A1 (AOI33X2)                             0.00      11.31 f
  analyzer/U4946/Y (AOI33X2)                              0.27      11.58 r
  analyzer/U2219/A (NAND4X2)                              0.00      11.58 r
  analyzer/U2219/Y (NAND4X2)                              0.25      11.83 f
  analyzer/pattern_id_o[0] (recam_shared_config_analyzer_ROW_ADDR_W9_PHYS_COL_ADDR_W13_WORD_COL_ADDR_W5_HYBRID_LINE_ADDR_W13_HYBRID_ENTRIES7)
                                                          0.00      11.83 f
  selected_address_mux/selected_pattern_id_i[0] (dss_early_selected_address_mux_ROW_ADDR_W9_PHYS_COL_ADDR_W13)
                                                          0.00      11.83 f
  selected_address_mux/U181/A (BUFX12)                    0.00      11.83 f
  selected_address_mux/U181/Y (BUFX12)                    0.23      12.05 f
  selected_address_mux/U191/A (NAND3X1)                   0.00      12.05 f
  selected_address_mux/U191/Y (NAND3X1)                   0.28      12.33 r
  selected_address_mux/U223/B (NAND2BX2)                  0.00      12.33 r
  selected_address_mux/U223/Y (NAND2BX2)                  0.13      12.46 f
  selected_address_mux/U315/B0 (OAI33X2)                  0.00      12.46 f
  selected_address_mux/U315/Y (OAI33X2)                   0.39      12.86 r
  selected_address_mux/U304/A (INVX4)                     0.00      12.86 r
  selected_address_mux/U304/Y (INVX4)                     0.14      13.00 f
  selected_address_mux/U275/A (NAND3X4)                   0.00      13.00 f
  selected_address_mux/U275/Y (NAND3X4)                   0.17      13.17 r
  selected_address_mux/U245/A (BUFX20)                    0.00      13.17 r
  selected_address_mux/U245/Y (BUFX20)                    0.16      13.33 r
  selected_address_mux/U337/C (NAND3X1)                   0.00      13.33 r
  selected_address_mux/U337/Y (NAND3X1)                   0.20      13.53 f
  selected_address_mux/U298/B0 (OAI2BB1X4)                0.00      13.53 f
  selected_address_mux/U298/Y (OAI2BB1X4)                 0.22      13.75 r
  selected_address_mux/solution_line_address_flat_o[43] (dss_early_selected_address_mux_ROW_ADDR_W9_PHYS_COL_ADDR_W13)
                                                          0.00      13.75 r
  solution_line_address_flat_o[43] (out)                  0.00      13.75 r
  data arrival time                                                 13.75

  clock recam_clk (rise edge)                            10.00      10.00
  clock network delay (ideal)                             0.00      10.00
  output external delay                                   0.00      10.00
  data required time                                                10.00
  --------------------------------------------------------------------------
  data required time                                                10.00
  data arrival time                                                -13.75
  --------------------------------------------------------------------------
  slack (VIOLATED)                                                  -3.75


  Startpoint: core/priority_rank_q_reg[1]
              (rising edge-triggered flip-flop clocked by recam_clk)
  Endpoint: solution_line_address_flat_o[42]
            (output port clocked by recam_clk)
  Path Group: recam_clk
  Path Type: max

  Des/Clust/Port     Wire Load Model       Library
  ------------------------------------------------
  recam_dss_g2x2_r_static_early_live_state_top
                     tsmc18_wl10           slow

  Point                                                   Incr       Path
  --------------------------------------------------------------------------
  clock recam_clk (rise edge)                             0.00       0.00
  clock network delay (ideal)                             0.00       0.00
  core/priority_rank_q_reg[1]/CK (DFFX4)                  0.00       0.00 r
  core/priority_rank_q_reg[1]/Q (DFFX4)                   0.22       0.22 f
  core/U70/B (NOR2X4)                                     0.00       0.22 f
  core/U70/Y (NOR2X4)                                     0.22       0.44 r
  core/scan_config_id_o[2] (recam_dss_g2x2_r_static_early_live_state_core)
                                                          0.00       0.44 r
  analyzer/config_id_i[2] (recam_shared_config_analyzer_ROW_ADDR_W9_PHYS_COL_ADDR_W13_WORD_COL_ADDR_W5_HYBRID_LINE_ADDR_W13_HYBRID_ENTRIES7)
                                                          0.00       0.44 r
  analyzer/U431/A (INVX4)                                 0.00       0.44 r
  analyzer/U431/Y (INVX4)                                 0.19       0.63 f
  analyzer/U433/A (BUFX20)                                0.00       0.63 f
  analyzer/U433/Y (BUFX20)                                0.18       0.81 f
  analyzer/U2991/A (XOR2XL)                               0.00       0.81 f
  analyzer/U2991/Y (XOR2XL)                               0.29       1.10 f
  analyzer/U2128/A (AND2X4)                               0.00       1.10 f
  analyzer/U2128/Y (AND2X4)                               0.21       1.32 f
  analyzer/U2129/B (NAND2BX4)                             0.00       1.32 f
  analyzer/U2129/Y (NAND2BX4)                             0.12       1.43 r
  analyzer/U4984/B (NAND4BX4)                             0.00       1.43 r
  analyzer/U4984/Y (NAND4BX4)                             0.15       1.58 f
  analyzer/U398/A (INVX8)                                 0.00       1.58 f
  analyzer/U398/Y (INVX8)                                 0.08       1.67 r
  analyzer/U4254/B0 (OAI221X2)                            0.00       1.67 r
  analyzer/U4254/Y (OAI221X2)                             0.18       1.85 f
  analyzer/U421/A (BUFX12)                                0.00       1.85 f
  analyzer/U421/Y (BUFX12)                                0.20       2.05 f
  analyzer/U2220/B1 (OAI22X4)                             0.00       2.05 f
  analyzer/U2220/Y (OAI22X4)                              0.22       2.27 r
  analyzer/U2301/A (NAND3X4)                              0.00       2.27 r
  analyzer/U2301/Y (NAND3X4)                              0.14       2.41 f
  analyzer/U2209/A (INVX8)                                0.00       2.41 f
  analyzer/U2209/Y (INVX8)                                0.17       2.59 r
  analyzer/U2101/S0 (MX2X4)                               0.00       2.59 r
  analyzer/U2101/Y (MX2X4)                                0.31       2.90 r
  analyzer/U2897/A (XOR2XL)                               0.00       2.90 r
  analyzer/U2897/Y (XOR2XL)                               0.43       3.33 r
  analyzer/U2794/A (NAND2X2)                              0.00       3.33 r
  analyzer/U2794/Y (NAND2X2)                              0.14       3.47 f
  analyzer/U3862/A (NOR3X4)                               0.00       3.47 f
  analyzer/U3862/Y (NOR3X4)                               0.20       3.67 r
  analyzer/U4351/B (NAND2X4)                              0.00       3.67 r
  analyzer/U4351/Y (NAND2X4)                              0.14       3.81 f
  analyzer/U1895/A (INVX4)                                0.00       3.81 f
  analyzer/U1895/Y (INVX4)                                0.16       3.97 r
  analyzer/U418/A (INVX8)                                 0.00       3.97 r
  analyzer/U418/Y (INVX8)                                 0.07       4.04 f
  analyzer/U1778/AN (NAND4BX4)                            0.00       4.04 f
  analyzer/U1778/Y (NAND4BX4)                             0.19       4.24 f
  analyzer/U1980/AN (NAND2BX4)                            0.00       4.24 f
  analyzer/U1980/Y (NAND2BX4)                             0.19       4.43 f
  analyzer/U4921/B (NAND4X4)                              0.00       4.43 f
  analyzer/U4921/Y (NAND4X4)                              0.19       4.62 r
  analyzer/U3249/A (AND3X4)                               0.00       4.62 r
  analyzer/U3249/Y (AND3X4)                               0.33       4.96 r
  analyzer/U238/A (BUFX8)                                 0.00       4.96 r
  analyzer/U238/Y (BUFX8)                                 0.21       5.17 r
  analyzer/U2075/S0 (MX2X4)                               0.00       5.17 r
  analyzer/U2075/Y (MX2X4)                                0.32       5.49 r
  analyzer/U2494/A (XNOR2X4)                              0.00       5.49 r
  analyzer/U2494/Y (XNOR2X4)                              0.21       5.70 f
  analyzer/U4920/B (NAND4X4)                              0.00       5.70 f
  analyzer/U4920/Y (NAND4X4)                              0.16       5.86 r
  analyzer/U2170/A (NOR2X4)                               0.00       5.86 r
  analyzer/U2170/Y (NOR2X4)                               0.07       5.93 f
  analyzer/U4882/A0 (AOI211X2)                            0.00       5.93 f
  analyzer/U4882/Y (AOI211X2)                             0.35       6.28 r
  analyzer/U2871/A (BUFX12)                               0.00       6.28 r
  analyzer/U2871/Y (BUFX12)                               0.22       6.51 r
  analyzer/U1928/A (INVX8)                                0.00       6.51 r
  analyzer/U1928/Y (INVX8)                                0.10       6.61 f
  analyzer/U2870/A (CLKINVX8)                             0.00       6.61 f
  analyzer/U2870/Y (CLKINVX8)                             0.12       6.73 r
  analyzer/U3729/S0 (MX2X4)                               0.00       6.73 r
  analyzer/U3729/Y (MX2X4)                                0.32       7.05 r
  analyzer/U1649/A (XOR2X4)                               0.00       7.05 r
  analyzer/U1649/Y (XOR2X4)                               0.26       7.31 r
  analyzer/U2450/A (AND3X4)                               0.00       7.31 r
  analyzer/U2450/Y (AND3X4)                               0.21       7.52 r
  analyzer/U3885/B (NAND4BX4)                             0.00       7.52 r
  analyzer/U3885/Y (NAND4BX4)                             0.13       7.66 f
  analyzer/U4738/A (NAND4X4)                              0.00       7.66 f
  analyzer/U4738/Y (NAND4X4)                              0.19       7.85 r
  analyzer/U2180/A (INVX8)                                0.00       7.85 r
  analyzer/U2180/Y (INVX8)                                0.06       7.91 f
  analyzer/U2640/A (AND2X4)                               0.00       7.91 f
  analyzer/U2640/Y (AND2X4)                               0.20       8.11 f
  analyzer/U1802/A (BUFX20)                               0.00       8.11 f
  analyzer/U1802/Y (BUFX20)                               0.16       8.27 f
  analyzer/U1624/S0 (MX2X4)                               0.00       8.27 f
  analyzer/U1624/Y (MX2X4)                                0.30       8.57 r
  analyzer/U1300/A (XOR2X4)                               0.00       8.57 r
  analyzer/U1300/Y (XOR2X4)                               0.24       8.81 r
  analyzer/U4402/C (AND4X4)                               0.00       8.81 r
  analyzer/U4402/Y (AND4X4)                               0.25       9.06 r
  analyzer/U4401/B (NAND4X4)                              0.00       9.06 r
  analyzer/U4401/Y (NAND4X4)                              0.15       9.22 f
  analyzer/U2521/A (OR2X4)                                0.00       9.22 f
  analyzer/U2521/Y (OR2X4)                                0.27       9.48 f
  analyzer/U3893/A (NAND2X4)                              0.00       9.48 f
  analyzer/U3893/Y (NAND2X4)                              0.12       9.61 r
  analyzer/U4390/A (INVX8)                                0.00       9.61 r
  analyzer/U4390/Y (INVX8)                                0.09       9.70 f
  analyzer/U1668/B (NAND2BX4)                             0.00       9.70 f
  analyzer/U1668/Y (NAND2BX4)                             0.13       9.83 r
  analyzer/U4623/A (AND2X4)                               0.00       9.83 r
  analyzer/U4623/Y (AND2X4)                               0.19      10.02 r
  analyzer/U3227/A0 (AOI31X2)                             0.00      10.02 r
  analyzer/U3227/Y (AOI31X2)                              0.16      10.17 f
  analyzer/U4907/B0 (AOI2BB1X4)                           0.00      10.17 f
  analyzer/U4907/Y (AOI2BB1X4)                            0.21      10.38 r
  analyzer/U4906/A (NAND4X4)                              0.00      10.38 r
  analyzer/U4906/Y (NAND4X4)                              0.14      10.52 f
  analyzer/U4743/A (CLKINVX8)                             0.00      10.52 f
  analyzer/U4743/Y (CLKINVX8)                             0.08      10.60 r
  analyzer/U2270/A (NAND3X4)                              0.00      10.60 r
  analyzer/U2270/Y (NAND3X4)                              0.09      10.69 f
  analyzer/U4503/B0 (OAI33X2)                             0.00      10.69 f
  analyzer/U4503/Y (OAI33X2)                              0.38      11.06 r
  analyzer/U4492/A (BUFX8)                                0.00      11.06 r
  analyzer/U4492/Y (BUFX8)                                0.20      11.26 r
  analyzer/U3978/A (INVX8)                                0.00      11.26 r
  analyzer/U3978/Y (INVX8)                                0.05      11.31 f
  analyzer/U4946/A1 (AOI33X2)                             0.00      11.31 f
  analyzer/U4946/Y (AOI33X2)                              0.27      11.58 r
  analyzer/U2219/A (NAND4X2)                              0.00      11.58 r
  analyzer/U2219/Y (NAND4X2)                              0.25      11.83 f
  analyzer/pattern_id_o[0] (recam_shared_config_analyzer_ROW_ADDR_W9_PHYS_COL_ADDR_W13_WORD_COL_ADDR_W5_HYBRID_LINE_ADDR_W13_HYBRID_ENTRIES7)
                                                          0.00      11.83 f
  selected_address_mux/selected_pattern_id_i[0] (dss_early_selected_address_mux_ROW_ADDR_W9_PHYS_COL_ADDR_W13)
                                                          0.00      11.83 f
  selected_address_mux/U181/A (BUFX12)                    0.00      11.83 f
  selected_address_mux/U181/Y (BUFX12)                    0.23      12.05 f
  selected_address_mux/U191/A (NAND3X1)                   0.00      12.05 f
  selected_address_mux/U191/Y (NAND3X1)                   0.28      12.33 r
  selected_address_mux/U223/B (NAND2BX2)                  0.00      12.33 r
  selected_address_mux/U223/Y (NAND2BX2)                  0.13      12.46 f
  selected_address_mux/U315/B0 (OAI33X2)                  0.00      12.46 f
  selected_address_mux/U315/Y (OAI33X2)                   0.39      12.86 r
  selected_address_mux/U304/A (INVX4)                     0.00      12.86 r
  selected_address_mux/U304/Y (INVX4)                     0.14      13.00 f
  selected_address_mux/U275/A (NAND3X4)                   0.00      13.00 f
  selected_address_mux/U275/Y (NAND3X4)                   0.17      13.17 r
  selected_address_mux/U245/A (BUFX20)                    0.00      13.17 r
  selected_address_mux/U245/Y (BUFX20)                    0.16      13.33 r
  selected_address_mux/U257/C (NAND3X1)                   0.00      13.33 r
  selected_address_mux/U257/Y (NAND3X1)                   0.20      13.53 f
  selected_address_mux/U277/B0 (OAI2BB1X4)                0.00      13.53 f
  selected_address_mux/U277/Y (OAI2BB1X4)                 0.22      13.75 r
  selected_address_mux/solution_line_address_flat_o[42] (dss_early_selected_address_mux_ROW_ADDR_W9_PHYS_COL_ADDR_W13)
                                                          0.00      13.75 r
  solution_line_address_flat_o[42] (out)                  0.00      13.75 r
  data arrival time                                                 13.75

  clock recam_clk (rise edge)                            10.00      10.00
  clock network delay (ideal)                             0.00      10.00
  output external delay                                   0.00      10.00
  data required time                                                10.00
  --------------------------------------------------------------------------
  data required time                                                10.00
  data arrival time                                                -13.75
  --------------------------------------------------------------------------
  slack (VIOLATED)                                                  -3.75


  Startpoint: core/priority_rank_q_reg[1]
              (rising edge-triggered flip-flop clocked by recam_clk)
  Endpoint: solution_line_address_flat_o[41]
            (output port clocked by recam_clk)
  Path Group: recam_clk
  Path Type: max

  Des/Clust/Port     Wire Load Model       Library
  ------------------------------------------------
  recam_dss_g2x2_r_static_early_live_state_top
                     tsmc18_wl10           slow

  Point                                                   Incr       Path
  --------------------------------------------------------------------------
  clock recam_clk (rise edge)                             0.00       0.00
  clock network delay (ideal)                             0.00       0.00
  core/priority_rank_q_reg[1]/CK (DFFX4)                  0.00       0.00 r
  core/priority_rank_q_reg[1]/Q (DFFX4)                   0.22       0.22 f
  core/U70/B (NOR2X4)                                     0.00       0.22 f
  core/U70/Y (NOR2X4)                                     0.22       0.44 r
  core/scan_config_id_o[2] (recam_dss_g2x2_r_static_early_live_state_core)
                                                          0.00       0.44 r
  analyzer/config_id_i[2] (recam_shared_config_analyzer_ROW_ADDR_W9_PHYS_COL_ADDR_W13_WORD_COL_ADDR_W5_HYBRID_LINE_ADDR_W13_HYBRID_ENTRIES7)
                                                          0.00       0.44 r
  analyzer/U431/A (INVX4)                                 0.00       0.44 r
  analyzer/U431/Y (INVX4)                                 0.19       0.63 f
  analyzer/U433/A (BUFX20)                                0.00       0.63 f
  analyzer/U433/Y (BUFX20)                                0.18       0.81 f
  analyzer/U2991/A (XOR2XL)                               0.00       0.81 f
  analyzer/U2991/Y (XOR2XL)                               0.29       1.10 f
  analyzer/U2128/A (AND2X4)                               0.00       1.10 f
  analyzer/U2128/Y (AND2X4)                               0.21       1.32 f
  analyzer/U2129/B (NAND2BX4)                             0.00       1.32 f
  analyzer/U2129/Y (NAND2BX4)                             0.12       1.43 r
  analyzer/U4984/B (NAND4BX4)                             0.00       1.43 r
  analyzer/U4984/Y (NAND4BX4)                             0.15       1.58 f
  analyzer/U398/A (INVX8)                                 0.00       1.58 f
  analyzer/U398/Y (INVX8)                                 0.08       1.67 r
  analyzer/U4254/B0 (OAI221X2)                            0.00       1.67 r
  analyzer/U4254/Y (OAI221X2)                             0.18       1.85 f
  analyzer/U421/A (BUFX12)                                0.00       1.85 f
  analyzer/U421/Y (BUFX12)                                0.20       2.05 f
  analyzer/U2220/B1 (OAI22X4)                             0.00       2.05 f
  analyzer/U2220/Y (OAI22X4)                              0.22       2.27 r
  analyzer/U2301/A (NAND3X4)                              0.00       2.27 r
  analyzer/U2301/Y (NAND3X4)                              0.14       2.41 f
  analyzer/U2209/A (INVX8)                                0.00       2.41 f
  analyzer/U2209/Y (INVX8)                                0.17       2.59 r
  analyzer/U2101/S0 (MX2X4)                               0.00       2.59 r
  analyzer/U2101/Y (MX2X4)                                0.31       2.90 r
  analyzer/U2897/A (XOR2XL)                               0.00       2.90 r
  analyzer/U2897/Y (XOR2XL)                               0.43       3.33 r
  analyzer/U2794/A (NAND2X2)                              0.00       3.33 r
  analyzer/U2794/Y (NAND2X2)                              0.14       3.47 f
  analyzer/U3862/A (NOR3X4)                               0.00       3.47 f
  analyzer/U3862/Y (NOR3X4)                               0.20       3.67 r
  analyzer/U4351/B (NAND2X4)                              0.00       3.67 r
  analyzer/U4351/Y (NAND2X4)                              0.14       3.81 f
  analyzer/U1895/A (INVX4)                                0.00       3.81 f
  analyzer/U1895/Y (INVX4)                                0.16       3.97 r
  analyzer/U418/A (INVX8)                                 0.00       3.97 r
  analyzer/U418/Y (INVX8)                                 0.07       4.04 f
  analyzer/U1778/AN (NAND4BX4)                            0.00       4.04 f
  analyzer/U1778/Y (NAND4BX4)                             0.19       4.24 f
  analyzer/U1980/AN (NAND2BX4)                            0.00       4.24 f
  analyzer/U1980/Y (NAND2BX4)                             0.19       4.43 f
  analyzer/U4921/B (NAND4X4)                              0.00       4.43 f
  analyzer/U4921/Y (NAND4X4)                              0.19       4.62 r
  analyzer/U3249/A (AND3X4)                               0.00       4.62 r
  analyzer/U3249/Y (AND3X4)                               0.33       4.96 r
  analyzer/U238/A (BUFX8)                                 0.00       4.96 r
  analyzer/U238/Y (BUFX8)                                 0.21       5.17 r
  analyzer/U2075/S0 (MX2X4)                               0.00       5.17 r
  analyzer/U2075/Y (MX2X4)                                0.32       5.49 r
  analyzer/U2494/A (XNOR2X4)                              0.00       5.49 r
  analyzer/U2494/Y (XNOR2X4)                              0.21       5.70 f
  analyzer/U4920/B (NAND4X4)                              0.00       5.70 f
  analyzer/U4920/Y (NAND4X4)                              0.16       5.86 r
  analyzer/U2170/A (NOR2X4)                               0.00       5.86 r
  analyzer/U2170/Y (NOR2X4)                               0.07       5.93 f
  analyzer/U4882/A0 (AOI211X2)                            0.00       5.93 f
  analyzer/U4882/Y (AOI211X2)                             0.35       6.28 r
  analyzer/U2871/A (BUFX12)                               0.00       6.28 r
  analyzer/U2871/Y (BUFX12)                               0.22       6.51 r
  analyzer/U1928/A (INVX8)                                0.00       6.51 r
  analyzer/U1928/Y (INVX8)                                0.10       6.61 f
  analyzer/U2870/A (CLKINVX8)                             0.00       6.61 f
  analyzer/U2870/Y (CLKINVX8)                             0.12       6.73 r
  analyzer/U3729/S0 (MX2X4)                               0.00       6.73 r
  analyzer/U3729/Y (MX2X4)                                0.32       7.05 r
  analyzer/U1649/A (XOR2X4)                               0.00       7.05 r
  analyzer/U1649/Y (XOR2X4)                               0.26       7.31 r
  analyzer/U2450/A (AND3X4)                               0.00       7.31 r
  analyzer/U2450/Y (AND3X4)                               0.21       7.52 r
  analyzer/U3885/B (NAND4BX4)                             0.00       7.52 r
  analyzer/U3885/Y (NAND4BX4)                             0.13       7.66 f
  analyzer/U4738/A (NAND4X4)                              0.00       7.66 f
  analyzer/U4738/Y (NAND4X4)                              0.19       7.85 r
  analyzer/U2180/A (INVX8)                                0.00       7.85 r
  analyzer/U2180/Y (INVX8)                                0.06       7.91 f
  analyzer/U2640/A (AND2X4)                               0.00       7.91 f
  analyzer/U2640/Y (AND2X4)                               0.20       8.11 f
  analyzer/U1802/A (BUFX20)                               0.00       8.11 f
  analyzer/U1802/Y (BUFX20)                               0.16       8.27 f
  analyzer/U1624/S0 (MX2X4)                               0.00       8.27 f
  analyzer/U1624/Y (MX2X4)                                0.30       8.57 r
  analyzer/U1300/A (XOR2X4)                               0.00       8.57 r
  analyzer/U1300/Y (XOR2X4)                               0.24       8.81 r
  analyzer/U4402/C (AND4X4)                               0.00       8.81 r
  analyzer/U4402/Y (AND4X4)                               0.25       9.06 r
  analyzer/U4401/B (NAND4X4)                              0.00       9.06 r
  analyzer/U4401/Y (NAND4X4)                              0.15       9.22 f
  analyzer/U2521/A (OR2X4)                                0.00       9.22 f
  analyzer/U2521/Y (OR2X4)                                0.27       9.48 f
  analyzer/U3893/A (NAND2X4)                              0.00       9.48 f
  analyzer/U3893/Y (NAND2X4)                              0.12       9.61 r
  analyzer/U4390/A (INVX8)                                0.00       9.61 r
  analyzer/U4390/Y (INVX8)                                0.09       9.70 f
  analyzer/U1668/B (NAND2BX4)                             0.00       9.70 f
  analyzer/U1668/Y (NAND2BX4)                             0.13       9.83 r
  analyzer/U4623/A (AND2X4)                               0.00       9.83 r
  analyzer/U4623/Y (AND2X4)                               0.19      10.02 r
  analyzer/U3227/A0 (AOI31X2)                             0.00      10.02 r
  analyzer/U3227/Y (AOI31X2)                              0.16      10.17 f
  analyzer/U4907/B0 (AOI2BB1X4)                           0.00      10.17 f
  analyzer/U4907/Y (AOI2BB1X4)                            0.21      10.38 r
  analyzer/U4906/A (NAND4X4)                              0.00      10.38 r
  analyzer/U4906/Y (NAND4X4)                              0.14      10.52 f
  analyzer/U4743/A (CLKINVX8)                             0.00      10.52 f
  analyzer/U4743/Y (CLKINVX8)                             0.08      10.60 r
  analyzer/U2270/A (NAND3X4)                              0.00      10.60 r
  analyzer/U2270/Y (NAND3X4)                              0.09      10.69 f
  analyzer/U4503/B0 (OAI33X2)                             0.00      10.69 f
  analyzer/U4503/Y (OAI33X2)                              0.38      11.06 r
  analyzer/U4492/A (BUFX8)                                0.00      11.06 r
  analyzer/U4492/Y (BUFX8)                                0.20      11.26 r
  analyzer/U3978/A (INVX8)                                0.00      11.26 r
  analyzer/U3978/Y (INVX8)                                0.05      11.31 f
  analyzer/U4946/A1 (AOI33X2)                             0.00      11.31 f
  analyzer/U4946/Y (AOI33X2)                              0.27      11.58 r
  analyzer/U2219/A (NAND4X2)                              0.00      11.58 r
  analyzer/U2219/Y (NAND4X2)                              0.25      11.83 f
  analyzer/pattern_id_o[0] (recam_shared_config_analyzer_ROW_ADDR_W9_PHYS_COL_ADDR_W13_WORD_COL_ADDR_W5_HYBRID_LINE_ADDR_W13_HYBRID_ENTRIES7)
                                                          0.00      11.83 f
  selected_address_mux/selected_pattern_id_i[0] (dss_early_selected_address_mux_ROW_ADDR_W9_PHYS_COL_ADDR_W13)
                                                          0.00      11.83 f
  selected_address_mux/U181/A (BUFX12)                    0.00      11.83 f
  selected_address_mux/U181/Y (BUFX12)                    0.23      12.05 f
  selected_address_mux/U191/A (NAND3X1)                   0.00      12.05 f
  selected_address_mux/U191/Y (NAND3X1)                   0.28      12.33 r
  selected_address_mux/U223/B (NAND2BX2)                  0.00      12.33 r
  selected_address_mux/U223/Y (NAND2BX2)                  0.13      12.46 f
  selected_address_mux/U315/B0 (OAI33X2)                  0.00      12.46 f
  selected_address_mux/U315/Y (OAI33X2)                   0.39      12.86 r
  selected_address_mux/U304/A (INVX4)                     0.00      12.86 r
  selected_address_mux/U304/Y (INVX4)                     0.14      13.00 f
  selected_address_mux/U275/A (NAND3X4)                   0.00      13.00 f
  selected_address_mux/U275/Y (NAND3X4)                   0.17      13.17 r
  selected_address_mux/U245/A (BUFX20)                    0.00      13.17 r
  selected_address_mux/U245/Y (BUFX20)                    0.16      13.33 r
  selected_address_mux/U336/C (NAND3X1)                   0.00      13.33 r
  selected_address_mux/U336/Y (NAND3X1)                   0.20      13.53 f
  selected_address_mux/U285/B0 (OAI2BB1X4)                0.00      13.53 f
  selected_address_mux/U285/Y (OAI2BB1X4)                 0.22      13.75 r
  selected_address_mux/solution_line_address_flat_o[41] (dss_early_selected_address_mux_ROW_ADDR_W9_PHYS_COL_ADDR_W13)
                                                          0.00      13.75 r
  solution_line_address_flat_o[41] (out)                  0.00      13.75 r
  data arrival time                                                 13.75

  clock recam_clk (rise edge)                            10.00      10.00
  clock network delay (ideal)                             0.00      10.00
  output external delay                                   0.00      10.00
  data required time                                                10.00
  --------------------------------------------------------------------------
  data required time                                                10.00
  data arrival time                                                -13.75
  --------------------------------------------------------------------------
  slack (VIOLATED)                                                  -3.75


  Startpoint: core/priority_rank_q_reg[1]
              (rising edge-triggered flip-flop clocked by recam_clk)
  Endpoint: solution_line_address_flat_o[40]
            (output port clocked by recam_clk)
  Path Group: recam_clk
  Path Type: max

  Des/Clust/Port     Wire Load Model       Library
  ------------------------------------------------
  recam_dss_g2x2_r_static_early_live_state_top
                     tsmc18_wl10           slow

  Point                                                   Incr       Path
  --------------------------------------------------------------------------
  clock recam_clk (rise edge)                             0.00       0.00
  clock network delay (ideal)                             0.00       0.00
  core/priority_rank_q_reg[1]/CK (DFFX4)                  0.00       0.00 r
  core/priority_rank_q_reg[1]/Q (DFFX4)                   0.22       0.22 f
  core/U70/B (NOR2X4)                                     0.00       0.22 f
  core/U70/Y (NOR2X4)                                     0.22       0.44 r
  core/scan_config_id_o[2] (recam_dss_g2x2_r_static_early_live_state_core)
                                                          0.00       0.44 r
  analyzer/config_id_i[2] (recam_shared_config_analyzer_ROW_ADDR_W9_PHYS_COL_ADDR_W13_WORD_COL_ADDR_W5_HYBRID_LINE_ADDR_W13_HYBRID_ENTRIES7)
                                                          0.00       0.44 r
  analyzer/U431/A (INVX4)                                 0.00       0.44 r
  analyzer/U431/Y (INVX4)                                 0.19       0.63 f
  analyzer/U433/A (BUFX20)                                0.00       0.63 f
  analyzer/U433/Y (BUFX20)                                0.18       0.81 f
  analyzer/U2991/A (XOR2XL)                               0.00       0.81 f
  analyzer/U2991/Y (XOR2XL)                               0.29       1.10 f
  analyzer/U2128/A (AND2X4)                               0.00       1.10 f
  analyzer/U2128/Y (AND2X4)                               0.21       1.32 f
  analyzer/U2129/B (NAND2BX4)                             0.00       1.32 f
  analyzer/U2129/Y (NAND2BX4)                             0.12       1.43 r
  analyzer/U4984/B (NAND4BX4)                             0.00       1.43 r
  analyzer/U4984/Y (NAND4BX4)                             0.15       1.58 f
  analyzer/U398/A (INVX8)                                 0.00       1.58 f
  analyzer/U398/Y (INVX8)                                 0.08       1.67 r
  analyzer/U4254/B0 (OAI221X2)                            0.00       1.67 r
  analyzer/U4254/Y (OAI221X2)                             0.18       1.85 f
  analyzer/U421/A (BUFX12)                                0.00       1.85 f
  analyzer/U421/Y (BUFX12)                                0.20       2.05 f
  analyzer/U2220/B1 (OAI22X4)                             0.00       2.05 f
  analyzer/U2220/Y (OAI22X4)                              0.22       2.27 r
  analyzer/U2301/A (NAND3X4)                              0.00       2.27 r
  analyzer/U2301/Y (NAND3X4)                              0.14       2.41 f
  analyzer/U2209/A (INVX8)                                0.00       2.41 f
  analyzer/U2209/Y (INVX8)                                0.17       2.59 r
  analyzer/U2101/S0 (MX2X4)                               0.00       2.59 r
  analyzer/U2101/Y (MX2X4)                                0.31       2.90 r
  analyzer/U2897/A (XOR2XL)                               0.00       2.90 r
  analyzer/U2897/Y (XOR2XL)                               0.43       3.33 r
  analyzer/U2794/A (NAND2X2)                              0.00       3.33 r
  analyzer/U2794/Y (NAND2X2)                              0.14       3.47 f
  analyzer/U3862/A (NOR3X4)                               0.00       3.47 f
  analyzer/U3862/Y (NOR3X4)                               0.20       3.67 r
  analyzer/U4351/B (NAND2X4)                              0.00       3.67 r
  analyzer/U4351/Y (NAND2X4)                              0.14       3.81 f
  analyzer/U1895/A (INVX4)                                0.00       3.81 f
  analyzer/U1895/Y (INVX4)                                0.16       3.97 r
  analyzer/U418/A (INVX8)                                 0.00       3.97 r
  analyzer/U418/Y (INVX8)                                 0.07       4.04 f
  analyzer/U1778/AN (NAND4BX4)                            0.00       4.04 f
  analyzer/U1778/Y (NAND4BX4)                             0.19       4.24 f
  analyzer/U1980/AN (NAND2BX4)                            0.00       4.24 f
  analyzer/U1980/Y (NAND2BX4)                             0.19       4.43 f
  analyzer/U4921/B (NAND4X4)                              0.00       4.43 f
  analyzer/U4921/Y (NAND4X4)                              0.19       4.62 r
  analyzer/U3249/A (AND3X4)                               0.00       4.62 r
  analyzer/U3249/Y (AND3X4)                               0.33       4.96 r
  analyzer/U238/A (BUFX8)                                 0.00       4.96 r
  analyzer/U238/Y (BUFX8)                                 0.21       5.17 r
  analyzer/U2075/S0 (MX2X4)                               0.00       5.17 r
  analyzer/U2075/Y (MX2X4)                                0.32       5.49 r
  analyzer/U2494/A (XNOR2X4)                              0.00       5.49 r
  analyzer/U2494/Y (XNOR2X4)                              0.21       5.70 f
  analyzer/U4920/B (NAND4X4)                              0.00       5.70 f
  analyzer/U4920/Y (NAND4X4)                              0.16       5.86 r
  analyzer/U2170/A (NOR2X4)                               0.00       5.86 r
  analyzer/U2170/Y (NOR2X4)                               0.07       5.93 f
  analyzer/U4882/A0 (AOI211X2)                            0.00       5.93 f
  analyzer/U4882/Y (AOI211X2)                             0.35       6.28 r
  analyzer/U2871/A (BUFX12)                               0.00       6.28 r
  analyzer/U2871/Y (BUFX12)                               0.22       6.51 r
  analyzer/U1928/A (INVX8)                                0.00       6.51 r
  analyzer/U1928/Y (INVX8)                                0.10       6.61 f
  analyzer/U2870/A (CLKINVX8)                             0.00       6.61 f
  analyzer/U2870/Y (CLKINVX8)                             0.12       6.73 r
  analyzer/U3729/S0 (MX2X4)                               0.00       6.73 r
  analyzer/U3729/Y (MX2X4)                                0.32       7.05 r
  analyzer/U1649/A (XOR2X4)                               0.00       7.05 r
  analyzer/U1649/Y (XOR2X4)                               0.26       7.31 r
  analyzer/U2450/A (AND3X4)                               0.00       7.31 r
  analyzer/U2450/Y (AND3X4)                               0.21       7.52 r
  analyzer/U3885/B (NAND4BX4)                             0.00       7.52 r
  analyzer/U3885/Y (NAND4BX4)                             0.13       7.66 f
  analyzer/U4738/A (NAND4X4)                              0.00       7.66 f
  analyzer/U4738/Y (NAND4X4)                              0.19       7.85 r
  analyzer/U2180/A (INVX8)                                0.00       7.85 r
  analyzer/U2180/Y (INVX8)                                0.06       7.91 f
  analyzer/U2640/A (AND2X4)                               0.00       7.91 f
  analyzer/U2640/Y (AND2X4)                               0.20       8.11 f
  analyzer/U1802/A (BUFX20)                               0.00       8.11 f
  analyzer/U1802/Y (BUFX20)                               0.16       8.27 f
  analyzer/U1624/S0 (MX2X4)                               0.00       8.27 f
  analyzer/U1624/Y (MX2X4)                                0.30       8.57 r
  analyzer/U1300/A (XOR2X4)                               0.00       8.57 r
  analyzer/U1300/Y (XOR2X4)                               0.24       8.81 r
  analyzer/U4402/C (AND4X4)                               0.00       8.81 r
  analyzer/U4402/Y (AND4X4)                               0.25       9.06 r
  analyzer/U4401/B (NAND4X4)                              0.00       9.06 r
  analyzer/U4401/Y (NAND4X4)                              0.15       9.22 f
  analyzer/U2521/A (OR2X4)                                0.00       9.22 f
  analyzer/U2521/Y (OR2X4)                                0.27       9.48 f
  analyzer/U3893/A (NAND2X4)                              0.00       9.48 f
  analyzer/U3893/Y (NAND2X4)                              0.12       9.61 r
  analyzer/U4390/A (INVX8)                                0.00       9.61 r
  analyzer/U4390/Y (INVX8)                                0.09       9.70 f
  analyzer/U1668/B (NAND2BX4)                             0.00       9.70 f
  analyzer/U1668/Y (NAND2BX4)                             0.13       9.83 r
  analyzer/U4623/A (AND2X4)                               0.00       9.83 r
  analyzer/U4623/Y (AND2X4)                               0.19      10.02 r
  analyzer/U3227/A0 (AOI31X2)                             0.00      10.02 r
  analyzer/U3227/Y (AOI31X2)                              0.16      10.17 f
  analyzer/U4907/B0 (AOI2BB1X4)                           0.00      10.17 f
  analyzer/U4907/Y (AOI2BB1X4)                            0.21      10.38 r
  analyzer/U4906/A (NAND4X4)                              0.00      10.38 r
  analyzer/U4906/Y (NAND4X4)                              0.14      10.52 f
  analyzer/U4743/A (CLKINVX8)                             0.00      10.52 f
  analyzer/U4743/Y (CLKINVX8)                             0.08      10.60 r
  analyzer/U2270/A (NAND3X4)                              0.00      10.60 r
  analyzer/U2270/Y (NAND3X4)                              0.09      10.69 f
  analyzer/U4503/B0 (OAI33X2)                             0.00      10.69 f
  analyzer/U4503/Y (OAI33X2)                              0.38      11.06 r
  analyzer/U4492/A (BUFX8)                                0.00      11.06 r
  analyzer/U4492/Y (BUFX8)                                0.20      11.26 r
  analyzer/U3978/A (INVX8)                                0.00      11.26 r
  analyzer/U3978/Y (INVX8)                                0.05      11.31 f
  analyzer/U4946/A1 (AOI33X2)                             0.00      11.31 f
  analyzer/U4946/Y (AOI33X2)                              0.27      11.58 r
  analyzer/U2219/A (NAND4X2)                              0.00      11.58 r
  analyzer/U2219/Y (NAND4X2)                              0.25      11.83 f
  analyzer/pattern_id_o[0] (recam_shared_config_analyzer_ROW_ADDR_W9_PHYS_COL_ADDR_W13_WORD_COL_ADDR_W5_HYBRID_LINE_ADDR_W13_HYBRID_ENTRIES7)
                                                          0.00      11.83 f
  selected_address_mux/selected_pattern_id_i[0] (dss_early_selected_address_mux_ROW_ADDR_W9_PHYS_COL_ADDR_W13)
                                                          0.00      11.83 f
  selected_address_mux/U181/A (BUFX12)                    0.00      11.83 f
  selected_address_mux/U181/Y (BUFX12)                    0.23      12.05 f
  selected_address_mux/U191/A (NAND3X1)                   0.00      12.05 f
  selected_address_mux/U191/Y (NAND3X1)                   0.28      12.33 r
  selected_address_mux/U223/B (NAND2BX2)                  0.00      12.33 r
  selected_address_mux/U223/Y (NAND2BX2)                  0.13      12.46 f
  selected_address_mux/U315/B0 (OAI33X2)                  0.00      12.46 f
  selected_address_mux/U315/Y (OAI33X2)                   0.39      12.86 r
  selected_address_mux/U304/A (INVX4)                     0.00      12.86 r
  selected_address_mux/U304/Y (INVX4)                     0.14      13.00 f
  selected_address_mux/U275/A (NAND3X4)                   0.00      13.00 f
  selected_address_mux/U275/Y (NAND3X4)                   0.17      13.17 r
  selected_address_mux/U245/A (BUFX20)                    0.00      13.17 r
  selected_address_mux/U245/Y (BUFX20)                    0.16      13.33 r
  selected_address_mux/U335/C (NAND3X1)                   0.00      13.33 r
  selected_address_mux/U335/Y (NAND3X1)                   0.20      13.53 f
  selected_address_mux/U287/B0 (OAI2BB1X4)                0.00      13.53 f
  selected_address_mux/U287/Y (OAI2BB1X4)                 0.22      13.75 r
  selected_address_mux/solution_line_address_flat_o[40] (dss_early_selected_address_mux_ROW_ADDR_W9_PHYS_COL_ADDR_W13)
                                                          0.00      13.75 r
  solution_line_address_flat_o[40] (out)                  0.00      13.75 r
  data arrival time                                                 13.75

  clock recam_clk (rise edge)                            10.00      10.00
  clock network delay (ideal)                             0.00      10.00
  output external delay                                   0.00      10.00
  data required time                                                10.00
  --------------------------------------------------------------------------
  data required time                                                10.00
  data arrival time                                                -13.75
  --------------------------------------------------------------------------
  slack (VIOLATED)                                                  -3.75


  Startpoint: core/priority_rank_q_reg[1]
              (rising edge-triggered flip-flop clocked by recam_clk)
  Endpoint: solution_line_address_flat_o[60]
            (output port clocked by recam_clk)
  Path Group: recam_clk
  Path Type: max

  Des/Clust/Port     Wire Load Model       Library
  ------------------------------------------------
  recam_dss_g2x2_r_static_early_live_state_top
                     tsmc18_wl10           slow

  Point                                                   Incr       Path
  --------------------------------------------------------------------------
  clock recam_clk (rise edge)                             0.00       0.00
  clock network delay (ideal)                             0.00       0.00
  core/priority_rank_q_reg[1]/CK (DFFX4)                  0.00       0.00 r
  core/priority_rank_q_reg[1]/Q (DFFX4)                   0.22       0.22 f
  core/U70/B (NOR2X4)                                     0.00       0.22 f
  core/U70/Y (NOR2X4)                                     0.22       0.44 r
  core/scan_config_id_o[2] (recam_dss_g2x2_r_static_early_live_state_core)
                                                          0.00       0.44 r
  analyzer/config_id_i[2] (recam_shared_config_analyzer_ROW_ADDR_W9_PHYS_COL_ADDR_W13_WORD_COL_ADDR_W5_HYBRID_LINE_ADDR_W13_HYBRID_ENTRIES7)
                                                          0.00       0.44 r
  analyzer/U1413/A (BUFX8)                                0.00       0.44 r
  analyzer/U1413/Y (BUFX8)                                0.22       0.66 r
  analyzer/U3944/AN (NAND2BX4)                            0.00       0.66 r
  analyzer/U3944/Y (NAND2BX4)                             0.24       0.91 r
  analyzer/U3379/A (BUFX20)                               0.00       0.91 r
  analyzer/U3379/Y (BUFX20)                               0.17       1.07 r
  analyzer/U99/A (INVX4)                                  0.00       1.07 r
  analyzer/U99/Y (INVX4)                                  0.08       1.15 f
  analyzer/U3371/A0N (OAI2BB2X4)                          0.00       1.15 f
  analyzer/U3371/Y (OAI2BB2X4)                            0.25       1.40 f
  analyzer/U4715/A (XOR2X4)                               0.00       1.40 f
  analyzer/U4715/Y (XOR2X4)                               0.26       1.66 r
  analyzer/U3822/AN (NAND3BX4)                            0.00       1.66 r
  analyzer/U3822/Y (NAND3BX4)                             0.16       1.82 r
  analyzer/U4512/AN (NAND2BX4)                            0.00       1.82 r
  analyzer/U4512/Y (NAND2BX4)                             0.22       2.04 r
  analyzer/U2234/AN (NAND4BX4)                            0.00       2.04 r
  analyzer/U2234/Y (NAND4BX4)                             0.21       2.24 r
  analyzer/U2133/B (NAND4X4)                              0.00       2.24 r
  analyzer/U2133/Y (NAND4X4)                              0.15       2.40 f
  analyzer/U4902/A (INVX8)                                0.00       2.40 f
  analyzer/U4902/Y (INVX8)                                0.14       2.54 r
  analyzer/U1326/A (BUFX20)                               0.00       2.54 r
  analyzer/U1326/Y (BUFX20)                               0.15       2.69 r
  analyzer/U2711/S0 (MX2X4)                               0.00       2.69 r
  analyzer/U2711/Y (MX2X4)                                0.26       2.95 r
  analyzer/U2895/A (XNOR2XL)                              0.00       2.95 r
  analyzer/U2895/Y (XNOR2XL)                              0.40       3.35 f
  analyzer/U2295/A (NOR3X4)                               0.00       3.35 f
  analyzer/U2295/Y (NOR3X4)                               0.23       3.58 r
  analyzer/U3412/B (NAND2X4)                              0.00       3.58 r
  analyzer/U3412/Y (NAND2X4)                              0.13       3.71 f
  analyzer/U2500/A (NOR2X4)                               0.00       3.71 f
  analyzer/U2500/Y (NOR2X4)                               0.18       3.88 r
  analyzer/U323/B (NAND3X4)                               0.00       3.88 r
  analyzer/U323/Y (NAND3X4)                               0.12       4.00 f
  analyzer/U4786/B (NAND3BX4)                             0.00       4.00 f
  analyzer/U4786/Y (NAND3BX4)                             0.21       4.21 r
  analyzer/U295/A (INVX2)                                 0.00       4.21 r
  analyzer/U295/Y (INVX2)                                 0.09       4.30 f
  analyzer/U2258/S0 (MXI2X2)                              0.00       4.30 f
  analyzer/U2258/Y (MXI2X2)                               0.24       4.54 r
  analyzer/U2967/A (XOR2XL)                               0.00       4.54 r
  analyzer/U2967/Y (XOR2XL)                               0.50       5.04 r
  analyzer/U4124/A (AND4X4)                               0.00       5.04 r
  analyzer/U4124/Y (AND4X4)                               0.26       5.30 r
  analyzer/U4122/A (NAND4X4)                              0.00       5.30 r
  analyzer/U4122/Y (NAND4X4)                              0.12       5.42 f
  analyzer/U2598/A (CLKINVX8)                             0.00       5.42 f
  analyzer/U2598/Y (CLKINVX8)                             0.11       5.53 r
  analyzer/U1815/A (NOR2X4)                               0.00       5.53 r
  analyzer/U1815/Y (NOR2X4)                               0.08       5.61 f
  analyzer/U1238/A (CLKINVX4)                             0.00       5.61 f
  analyzer/U1238/Y (CLKINVX4)                             0.09       5.70 r
  analyzer/U2077/A (NAND2X4)                              0.00       5.70 r
  analyzer/U2077/Y (NAND2X4)                              0.11       5.81 f
  analyzer/U1266/A (NOR2X4)                               0.00       5.81 f
  analyzer/U1266/Y (NOR2X4)                               0.19       6.00 r
  analyzer/U1984/A (BUFX12)                               0.00       6.00 r
  analyzer/U1984/Y (BUFX12)                               0.19       6.19 r
  analyzer/U4804/S0 (MXI2X4)                              0.00       6.19 r
  analyzer/U4804/Y (MXI2X4)                               0.20       6.39 r
  analyzer/U3901/A (XNOR2X4)                              0.00       6.39 r
  analyzer/U3901/Y (XNOR2X4)                              0.35       6.73 r
  analyzer/U3900/B (NAND2X4)                              0.00       6.73 r
  analyzer/U3900/Y (NAND2X4)                              0.10       6.84 f
  analyzer/U289/A (CLKINVX8)                              0.00       6.84 f
  analyzer/U289/Y (CLKINVX8)                              0.06       6.89 r
  analyzer/U4646/D (AND4X4)                               0.00       6.89 r
  analyzer/U4646/Y (AND4X4)                               0.26       7.15 r
  analyzer/U3554/A (NAND4X4)                              0.00       7.15 r
  analyzer/U3554/Y (NAND4X4)                              0.13       7.28 f
  analyzer/U2525/B (NAND3BX4)                             0.00       7.28 f
  analyzer/U2525/Y (NAND3BX4)                             0.18       7.46 r
  analyzer/U2561/A (INVX8)                                0.00       7.46 r
  analyzer/U2561/Y (INVX8)                                0.07       7.53 f
  analyzer/U3895/A (BUFX20)                               0.00       7.53 f
  analyzer/U3895/Y (BUFX20)                               0.15       7.68 f
  analyzer/U2702/S0 (MXI2X1)                              0.00       7.68 f
  analyzer/U2702/Y (MXI2X1)                               0.24       7.92 f
  analyzer/U2566/A (INVX4)                                0.00       7.92 f
  analyzer/U2566/Y (INVX4)                                0.20       8.13 r
  analyzer/U4442/A (XOR2X4)                               0.00       8.13 r
  analyzer/U4442/Y (XOR2X4)                               0.27       8.39 r
  analyzer/U3108/C (NAND3X4)                              0.00       8.39 r
  analyzer/U3108/Y (NAND3X4)                              0.12       8.52 f
  analyzer/U4611/C (NOR4X4)                               0.00       8.52 f
  analyzer/U4611/Y (NOR4X4)                               0.28       8.80 r
  analyzer/U3252/A1N (OAI2BB1X4)                          0.00       8.80 r
  analyzer/U3252/Y (OAI2BB1X4)                            0.25       9.05 r
  analyzer/U358/A (NAND2X2)                               0.00       9.05 r
  analyzer/U358/Y (NAND2X2)                               0.10       9.15 f
  analyzer/U5255/A0 (OAI221X2)                            0.00       9.15 f
  analyzer/U5255/Y (OAI221X2)                             0.28       9.44 r
  analyzer/U3313/A (BUFX12)                               0.00       9.44 r
  analyzer/U3313/Y (BUFX12)                               0.22       9.65 r
  analyzer/U3041/A (INVX8)                                0.00       9.65 r
  analyzer/U3041/Y (INVX8)                                0.07       9.72 f
  analyzer/U2693/B (OR3X4)                                0.00       9.72 f
  analyzer/U2693/Y (OR3X4)                                0.31      10.03 f
  analyzer/U3131/A (NAND2X4)                              0.00      10.03 f
  analyzer/U3131/Y (NAND2X4)                              0.12      10.15 r
  analyzer/U2633/A (INVX8)                                0.00      10.15 r
  analyzer/U2633/Y (INVX8)                                0.06      10.22 f
  analyzer/U3227/A1 (AOI31X2)                             0.00      10.22 f
  analyzer/U3227/Y (AOI31X2)                              0.28      10.49 r
  analyzer/U4907/B0 (AOI2BB1X4)                           0.00      10.49 r
  analyzer/U4907/Y (AOI2BB1X4)                            0.13      10.62 f
  analyzer/U4906/A (NAND4X4)                              0.00      10.62 f
  analyzer/U4906/Y (NAND4X4)                              0.14      10.76 r
  analyzer/U4743/A (CLKINVX8)                             0.00      10.76 r
  analyzer/U4743/Y (CLKINVX8)                             0.09      10.85 f
  analyzer/U2270/A (NAND3X4)                              0.00      10.85 f
  analyzer/U2270/Y (NAND3X4)                              0.11      10.96 r
  analyzer/U4503/B0 (OAI33X2)                             0.00      10.96 r
  analyzer/U4503/Y (OAI33X2)                              0.21      11.17 f
  analyzer/U4492/A (BUFX8)                                0.00      11.17 f
  analyzer/U4492/Y (BUFX8)                                0.19      11.36 f
  analyzer/U3978/A (INVX8)                                0.00      11.36 f
  analyzer/U3978/Y (INVX8)                                0.07      11.43 r
  analyzer/U4946/A1 (AOI33X2)                             0.00      11.43 r
  analyzer/U4946/Y (AOI33X2)                              0.13      11.56 f
  analyzer/U2219/A (NAND4X2)                              0.00      11.56 f
  analyzer/U2219/Y (NAND4X2)                              0.25      11.81 r
  analyzer/pattern_id_o[0] (recam_shared_config_analyzer_ROW_ADDR_W9_PHYS_COL_ADDR_W13_WORD_COL_ADDR_W5_HYBRID_LINE_ADDR_W13_HYBRID_ENTRIES7)
                                                          0.00      11.81 r
  selected_address_mux/selected_pattern_id_i[0] (dss_early_selected_address_mux_ROW_ADDR_W9_PHYS_COL_ADDR_W13)
                                                          0.00      11.81 r
  selected_address_mux/U181/A (BUFX12)                    0.00      11.81 r
  selected_address_mux/U181/Y (BUFX12)                    0.20      12.01 r
  selected_address_mux/U144/A (CLKINVX8)                  0.00      12.01 r
  selected_address_mux/U144/Y (CLKINVX8)                  0.10      12.11 f
  selected_address_mux/U141/A (INVX4)                     0.00      12.11 f
  selected_address_mux/U141/Y (INVX4)                     0.16      12.27 r
  selected_address_mux/U65/A (CLKINVX8)                   0.00      12.27 r
  selected_address_mux/U65/Y (CLKINVX8)                   0.10      12.37 f
  selected_address_mux/U303/B (OR2X4)                     0.00      12.37 f
  selected_address_mux/U303/Y (OR2X4)                     0.28      12.65 f
  selected_address_mux/U291/A (NAND3X4)                   0.00      12.65 f
  selected_address_mux/U291/Y (NAND3X4)                   0.16      12.80 r
  selected_address_mux/U292/B0 (OAI221X2)                 0.00      12.80 r
  selected_address_mux/U292/Y (OAI221X2)                  0.23      13.03 f
  selected_address_mux/U226/A (OR2X4)                     0.00      13.03 f
  selected_address_mux/U226/Y (OR2X4)                     0.31      13.34 f
  selected_address_mux/U75/A (CLKINVX3)                   0.00      13.34 f
  selected_address_mux/U75/Y (CLKINVX3)                   0.10      13.44 r
  selected_address_mux/U102/A (INVX4)                     0.00      13.44 r
  selected_address_mux/U102/Y (INVX4)                     0.06      13.50 f
  selected_address_mux/U201/B0 (OAI2BB2X4)                0.00      13.50 f
  selected_address_mux/U201/Y (OAI2BB2X4)                 0.25      13.75 r
  selected_address_mux/solution_line_address_flat_o[60] (dss_early_selected_address_mux_ROW_ADDR_W9_PHYS_COL_ADDR_W13)
                                                          0.00      13.75 r
  solution_line_address_flat_o[60] (out)                  0.00      13.75 r
  data arrival time                                                 13.75

  clock recam_clk (rise edge)                            10.00      10.00
  clock network delay (ideal)                             0.00      10.00
  output external delay                                   0.00      10.00
  data required time                                                10.00
  --------------------------------------------------------------------------
  data required time                                                10.00
  data arrival time                                                -13.75
  --------------------------------------------------------------------------
  slack (VIOLATED)                                                  -3.75


  Startpoint: core/priority_rank_q_reg[1]
              (rising edge-triggered flip-flop clocked by recam_clk)
  Endpoint: solution_line_address_flat_o[59]
            (output port clocked by recam_clk)
  Path Group: recam_clk
  Path Type: max

  Des/Clust/Port     Wire Load Model       Library
  ------------------------------------------------
  recam_dss_g2x2_r_static_early_live_state_top
                     tsmc18_wl10           slow

  Point                                                   Incr       Path
  --------------------------------------------------------------------------
  clock recam_clk (rise edge)                             0.00       0.00
  clock network delay (ideal)                             0.00       0.00
  core/priority_rank_q_reg[1]/CK (DFFX4)                  0.00       0.00 r
  core/priority_rank_q_reg[1]/Q (DFFX4)                   0.22       0.22 f
  core/U70/B (NOR2X4)                                     0.00       0.22 f
  core/U70/Y (NOR2X4)                                     0.22       0.44 r
  core/scan_config_id_o[2] (recam_dss_g2x2_r_static_early_live_state_core)
                                                          0.00       0.44 r
  analyzer/config_id_i[2] (recam_shared_config_analyzer_ROW_ADDR_W9_PHYS_COL_ADDR_W13_WORD_COL_ADDR_W5_HYBRID_LINE_ADDR_W13_HYBRID_ENTRIES7)
                                                          0.00       0.44 r
  analyzer/U1413/A (BUFX8)                                0.00       0.44 r
  analyzer/U1413/Y (BUFX8)                                0.22       0.66 r
  analyzer/U3944/AN (NAND2BX4)                            0.00       0.66 r
  analyzer/U3944/Y (NAND2BX4)                             0.24       0.91 r
  analyzer/U3379/A (BUFX20)                               0.00       0.91 r
  analyzer/U3379/Y (BUFX20)                               0.17       1.07 r
  analyzer/U99/A (INVX4)                                  0.00       1.07 r
  analyzer/U99/Y (INVX4)                                  0.08       1.15 f
  analyzer/U3371/A0N (OAI2BB2X4)                          0.00       1.15 f
  analyzer/U3371/Y (OAI2BB2X4)                            0.25       1.40 f
  analyzer/U4715/A (XOR2X4)                               0.00       1.40 f
  analyzer/U4715/Y (XOR2X4)                               0.26       1.66 r
  analyzer/U3822/AN (NAND3BX4)                            0.00       1.66 r
  analyzer/U3822/Y (NAND3BX4)                             0.16       1.82 r
  analyzer/U4512/AN (NAND2BX4)                            0.00       1.82 r
  analyzer/U4512/Y (NAND2BX4)                             0.22       2.04 r
  analyzer/U2234/AN (NAND4BX4)                            0.00       2.04 r
  analyzer/U2234/Y (NAND4BX4)                             0.21       2.24 r
  analyzer/U2133/B (NAND4X4)                              0.00       2.24 r
  analyzer/U2133/Y (NAND4X4)                              0.15       2.40 f
  analyzer/U4902/A (INVX8)                                0.00       2.40 f
  analyzer/U4902/Y (INVX8)                                0.14       2.54 r
  analyzer/U1326/A (BUFX20)                               0.00       2.54 r
  analyzer/U1326/Y (BUFX20)                               0.15       2.69 r
  analyzer/U2711/S0 (MX2X4)                               0.00       2.69 r
  analyzer/U2711/Y (MX2X4)                                0.26       2.95 r
  analyzer/U2895/A (XNOR2XL)                              0.00       2.95 r
  analyzer/U2895/Y (XNOR2XL)                              0.40       3.35 f
  analyzer/U2295/A (NOR3X4)                               0.00       3.35 f
  analyzer/U2295/Y (NOR3X4)                               0.23       3.58 r
  analyzer/U3412/B (NAND2X4)                              0.00       3.58 r
  analyzer/U3412/Y (NAND2X4)                              0.13       3.71 f
  analyzer/U2500/A (NOR2X4)                               0.00       3.71 f
  analyzer/U2500/Y (NOR2X4)                               0.18       3.88 r
  analyzer/U323/B (NAND3X4)                               0.00       3.88 r
  analyzer/U323/Y (NAND3X4)                               0.12       4.00 f
  analyzer/U4786/B (NAND3BX4)                             0.00       4.00 f
  analyzer/U4786/Y (NAND3BX4)                             0.21       4.21 r
  analyzer/U295/A (INVX2)                                 0.00       4.21 r
  analyzer/U295/Y (INVX2)                                 0.09       4.30 f
  analyzer/U2258/S0 (MXI2X2)                              0.00       4.30 f
  analyzer/U2258/Y (MXI2X2)                               0.24       4.54 r
  analyzer/U2967/A (XOR2XL)                               0.00       4.54 r
  analyzer/U2967/Y (XOR2XL)                               0.50       5.04 r
  analyzer/U4124/A (AND4X4)                               0.00       5.04 r
  analyzer/U4124/Y (AND4X4)                               0.26       5.30 r
  analyzer/U4122/A (NAND4X4)                              0.00       5.30 r
  analyzer/U4122/Y (NAND4X4)                              0.12       5.42 f
  analyzer/U2598/A (CLKINVX8)                             0.00       5.42 f
  analyzer/U2598/Y (CLKINVX8)                             0.11       5.53 r
  analyzer/U1815/A (NOR2X4)                               0.00       5.53 r
  analyzer/U1815/Y (NOR2X4)                               0.08       5.61 f
  analyzer/U1238/A (CLKINVX4)                             0.00       5.61 f
  analyzer/U1238/Y (CLKINVX4)                             0.09       5.70 r
  analyzer/U2077/A (NAND2X4)                              0.00       5.70 r
  analyzer/U2077/Y (NAND2X4)                              0.11       5.81 f
  analyzer/U1266/A (NOR2X4)                               0.00       5.81 f
  analyzer/U1266/Y (NOR2X4)                               0.19       6.00 r
  analyzer/U1984/A (BUFX12)                               0.00       6.00 r
  analyzer/U1984/Y (BUFX12)                               0.19       6.19 r
  analyzer/U4804/S0 (MXI2X4)                              0.00       6.19 r
  analyzer/U4804/Y (MXI2X4)                               0.20       6.39 r
  analyzer/U3901/A (XNOR2X4)                              0.00       6.39 r
  analyzer/U3901/Y (XNOR2X4)                              0.35       6.73 r
  analyzer/U3900/B (NAND2X4)                              0.00       6.73 r
  analyzer/U3900/Y (NAND2X4)                              0.10       6.84 f
  analyzer/U289/A (CLKINVX8)                              0.00       6.84 f
  analyzer/U289/Y (CLKINVX8)                              0.06       6.89 r
  analyzer/U4646/D (AND4X4)                               0.00       6.89 r
  analyzer/U4646/Y (AND4X4)                               0.26       7.15 r
  analyzer/U3554/A (NAND4X4)                              0.00       7.15 r
  analyzer/U3554/Y (NAND4X4)                              0.13       7.28 f
  analyzer/U2525/B (NAND3BX4)                             0.00       7.28 f
  analyzer/U2525/Y (NAND3BX4)                             0.18       7.46 r
  analyzer/U2561/A (INVX8)                                0.00       7.46 r
  analyzer/U2561/Y (INVX8)                                0.07       7.53 f
  analyzer/U3895/A (BUFX20)                               0.00       7.53 f
  analyzer/U3895/Y (BUFX20)                               0.15       7.68 f
  analyzer/U2702/S0 (MXI2X1)                              0.00       7.68 f
  analyzer/U2702/Y (MXI2X1)                               0.24       7.92 f
  analyzer/U2566/A (INVX4)                                0.00       7.92 f
  analyzer/U2566/Y (INVX4)                                0.20       8.13 r
  analyzer/U4442/A (XOR2X4)                               0.00       8.13 r
  analyzer/U4442/Y (XOR2X4)                               0.27       8.39 r
  analyzer/U3108/C (NAND3X4)                              0.00       8.39 r
  analyzer/U3108/Y (NAND3X4)                              0.12       8.52 f
  analyzer/U4611/C (NOR4X4)                               0.00       8.52 f
  analyzer/U4611/Y (NOR4X4)                               0.28       8.80 r
  analyzer/U3252/A1N (OAI2BB1X4)                          0.00       8.80 r
  analyzer/U3252/Y (OAI2BB1X4)                            0.25       9.05 r
  analyzer/U358/A (NAND2X2)                               0.00       9.05 r
  analyzer/U358/Y (NAND2X2)                               0.10       9.15 f
  analyzer/U5255/A0 (OAI221X2)                            0.00       9.15 f
  analyzer/U5255/Y (OAI221X2)                             0.28       9.44 r
  analyzer/U3313/A (BUFX12)                               0.00       9.44 r
  analyzer/U3313/Y (BUFX12)                               0.22       9.65 r
  analyzer/U3041/A (INVX8)                                0.00       9.65 r
  analyzer/U3041/Y (INVX8)                                0.07       9.72 f
  analyzer/U2693/B (OR3X4)                                0.00       9.72 f
  analyzer/U2693/Y (OR3X4)                                0.31      10.03 f
  analyzer/U3131/A (NAND2X4)                              0.00      10.03 f
  analyzer/U3131/Y (NAND2X4)                              0.12      10.15 r
  analyzer/U2633/A (INVX8)                                0.00      10.15 r
  analyzer/U2633/Y (INVX8)                                0.06      10.22 f
  analyzer/U3227/A1 (AOI31X2)                             0.00      10.22 f
  analyzer/U3227/Y (AOI31X2)                              0.28      10.49 r
  analyzer/U4907/B0 (AOI2BB1X4)                           0.00      10.49 r
  analyzer/U4907/Y (AOI2BB1X4)                            0.13      10.62 f
  analyzer/U4906/A (NAND4X4)                              0.00      10.62 f
  analyzer/U4906/Y (NAND4X4)                              0.14      10.76 r
  analyzer/U4743/A (CLKINVX8)                             0.00      10.76 r
  analyzer/U4743/Y (CLKINVX8)                             0.09      10.85 f
  analyzer/U2270/A (NAND3X4)                              0.00      10.85 f
  analyzer/U2270/Y (NAND3X4)                              0.11      10.96 r
  analyzer/U4503/B0 (OAI33X2)                             0.00      10.96 r
  analyzer/U4503/Y (OAI33X2)                              0.21      11.17 f
  analyzer/U4492/A (BUFX8)                                0.00      11.17 f
  analyzer/U4492/Y (BUFX8)                                0.19      11.36 f
  analyzer/U3978/A (INVX8)                                0.00      11.36 f
  analyzer/U3978/Y (INVX8)                                0.07      11.43 r
  analyzer/U4946/A1 (AOI33X2)                             0.00      11.43 r
  analyzer/U4946/Y (AOI33X2)                              0.13      11.56 f
  analyzer/U2219/A (NAND4X2)                              0.00      11.56 f
  analyzer/U2219/Y (NAND4X2)                              0.25      11.81 r
  analyzer/pattern_id_o[0] (recam_shared_config_analyzer_ROW_ADDR_W9_PHYS_COL_ADDR_W13_WORD_COL_ADDR_W5_HYBRID_LINE_ADDR_W13_HYBRID_ENTRIES7)
                                                          0.00      11.81 r
  selected_address_mux/selected_pattern_id_i[0] (dss_early_selected_address_mux_ROW_ADDR_W9_PHYS_COL_ADDR_W13)
                                                          0.00      11.81 r
  selected_address_mux/U181/A (BUFX12)                    0.00      11.81 r
  selected_address_mux/U181/Y (BUFX12)                    0.20      12.01 r
  selected_address_mux/U144/A (CLKINVX8)                  0.00      12.01 r
  selected_address_mux/U144/Y (CLKINVX8)                  0.10      12.11 f
  selected_address_mux/U141/A (INVX4)                     0.00      12.11 f
  selected_address_mux/U141/Y (INVX4)                     0.16      12.27 r
  selected_address_mux/U65/A (CLKINVX8)                   0.00      12.27 r
  selected_address_mux/U65/Y (CLKINVX8)                   0.10      12.37 f
  selected_address_mux/U303/B (OR2X4)                     0.00      12.37 f
  selected_address_mux/U303/Y (OR2X4)                     0.28      12.65 f
  selected_address_mux/U291/A (NAND3X4)                   0.00      12.65 f
  selected_address_mux/U291/Y (NAND3X4)                   0.16      12.80 r
  selected_address_mux/U292/B0 (OAI221X2)                 0.00      12.80 r
  selected_address_mux/U292/Y (OAI221X2)                  0.23      13.03 f
  selected_address_mux/U296/A (OR2X4)                     0.00      13.03 f
  selected_address_mux/U296/Y (OR2X4)                     0.31      13.34 f
  selected_address_mux/U74/A (CLKINVX3)                   0.00      13.34 f
  selected_address_mux/U74/Y (CLKINVX3)                   0.10      13.44 r
  selected_address_mux/U101/A (INVX4)                     0.00      13.44 r
  selected_address_mux/U101/Y (INVX4)                     0.06      13.50 f
  selected_address_mux/U166/B0 (OAI2BB2X4)                0.00      13.50 f
  selected_address_mux/U166/Y (OAI2BB2X4)                 0.25      13.75 r
  selected_address_mux/solution_line_address_flat_o[59] (dss_early_selected_address_mux_ROW_ADDR_W9_PHYS_COL_ADDR_W13)
                                                          0.00      13.75 r
  solution_line_address_flat_o[59] (out)                  0.00      13.75 r
  data arrival time                                                 13.75

  clock recam_clk (rise edge)                            10.00      10.00
  clock network delay (ideal)                             0.00      10.00
  output external delay                                   0.00      10.00
  data required time                                                10.00
  --------------------------------------------------------------------------
  data required time                                                10.00
  data arrival time                                                -13.75
  --------------------------------------------------------------------------
  slack (VIOLATED)                                                  -3.75


  Startpoint: core/priority_rank_q_reg[1]
              (rising edge-triggered flip-flop clocked by recam_clk)
  Endpoint: solution_line_address_flat_o[5]
            (output port clocked by recam_clk)
  Path Group: recam_clk
  Path Type: max

  Des/Clust/Port     Wire Load Model       Library
  ------------------------------------------------
  recam_dss_g2x2_r_static_early_live_state_top
                     tsmc18_wl10           slow

  Point                                                   Incr       Path
  --------------------------------------------------------------------------
  clock recam_clk (rise edge)                             0.00       0.00
  clock network delay (ideal)                             0.00       0.00
  core/priority_rank_q_reg[1]/CK (DFFX4)                  0.00       0.00 r
  core/priority_rank_q_reg[1]/Q (DFFX4)                   0.22       0.22 f
  core/U70/B (NOR2X4)                                     0.00       0.22 f
  core/U70/Y (NOR2X4)                                     0.22       0.44 r
  core/scan_config_id_o[2] (recam_dss_g2x2_r_static_early_live_state_core)
                                                          0.00       0.44 r
  analyzer/config_id_i[2] (recam_shared_config_analyzer_ROW_ADDR_W9_PHYS_COL_ADDR_W13_WORD_COL_ADDR_W5_HYBRID_LINE_ADDR_W13_HYBRID_ENTRIES7)
                                                          0.00       0.44 r
  analyzer/U431/A (INVX4)                                 0.00       0.44 r
  analyzer/U431/Y (INVX4)                                 0.19       0.63 f
  analyzer/U433/A (BUFX20)                                0.00       0.63 f
  analyzer/U433/Y (BUFX20)                                0.18       0.81 f
  analyzer/U2991/A (XOR2XL)                               0.00       0.81 f
  analyzer/U2991/Y (XOR2XL)                               0.29       1.10 f
  analyzer/U2128/A (AND2X4)                               0.00       1.10 f
  analyzer/U2128/Y (AND2X4)                               0.21       1.32 f
  analyzer/U2129/B (NAND2BX4)                             0.00       1.32 f
  analyzer/U2129/Y (NAND2BX4)                             0.12       1.43 r
  analyzer/U4984/B (NAND4BX4)                             0.00       1.43 r
  analyzer/U4984/Y (NAND4BX4)                             0.15       1.58 f
  analyzer/U398/A (INVX8)                                 0.00       1.58 f
  analyzer/U398/Y (INVX8)                                 0.08       1.67 r
  analyzer/U4254/B0 (OAI221X2)                            0.00       1.67 r
  analyzer/U4254/Y (OAI221X2)                             0.18       1.85 f
  analyzer/U421/A (BUFX12)                                0.00       1.85 f
  analyzer/U421/Y (BUFX12)                                0.20       2.05 f
  analyzer/U2220/B1 (OAI22X4)                             0.00       2.05 f
  analyzer/U2220/Y (OAI22X4)                              0.22       2.27 r
  analyzer/U2301/A (NAND3X4)                              0.00       2.27 r
  analyzer/U2301/Y (NAND3X4)                              0.14       2.41 f
  analyzer/U2209/A (INVX8)                                0.00       2.41 f
  analyzer/U2209/Y (INVX8)                                0.17       2.59 r
  analyzer/U2101/S0 (MX2X4)                               0.00       2.59 r
  analyzer/U2101/Y (MX2X4)                                0.31       2.90 r
  analyzer/U2897/A (XOR2XL)                               0.00       2.90 r
  analyzer/U2897/Y (XOR2XL)                               0.43       3.33 r
  analyzer/U2794/A (NAND2X2)                              0.00       3.33 r
  analyzer/U2794/Y (NAND2X2)                              0.14       3.47 f
  analyzer/U3862/A (NOR3X4)                               0.00       3.47 f
  analyzer/U3862/Y (NOR3X4)                               0.20       3.67 r
  analyzer/U4351/B (NAND2X4)                              0.00       3.67 r
  analyzer/U4351/Y (NAND2X4)                              0.14       3.81 f
  analyzer/U1895/A (INVX4)                                0.00       3.81 f
  analyzer/U1895/Y (INVX4)                                0.16       3.97 r
  analyzer/U418/A (INVX8)                                 0.00       3.97 r
  analyzer/U418/Y (INVX8)                                 0.07       4.04 f
  analyzer/U1778/AN (NAND4BX4)                            0.00       4.04 f
  analyzer/U1778/Y (NAND4BX4)                             0.19       4.24 f
  analyzer/U1980/AN (NAND2BX4)                            0.00       4.24 f
  analyzer/U1980/Y (NAND2BX4)                             0.19       4.43 f
  analyzer/U4921/B (NAND4X4)                              0.00       4.43 f
  analyzer/U4921/Y (NAND4X4)                              0.19       4.62 r
  analyzer/U3249/A (AND3X4)                               0.00       4.62 r
  analyzer/U3249/Y (AND3X4)                               0.33       4.96 r
  analyzer/U238/A (BUFX8)                                 0.00       4.96 r
  analyzer/U238/Y (BUFX8)                                 0.21       5.17 r
  analyzer/U2075/S0 (MX2X4)                               0.00       5.17 r
  analyzer/U2075/Y (MX2X4)                                0.32       5.49 r
  analyzer/U2494/A (XNOR2X4)                              0.00       5.49 r
  analyzer/U2494/Y (XNOR2X4)                              0.21       5.70 f
  analyzer/U4920/B (NAND4X4)                              0.00       5.70 f
  analyzer/U4920/Y (NAND4X4)                              0.16       5.86 r
  analyzer/U2170/A (NOR2X4)                               0.00       5.86 r
  analyzer/U2170/Y (NOR2X4)                               0.07       5.93 f
  analyzer/U4882/A0 (AOI211X2)                            0.00       5.93 f
  analyzer/U4882/Y (AOI211X2)                             0.35       6.28 r
  analyzer/U2871/A (BUFX12)                               0.00       6.28 r
  analyzer/U2871/Y (BUFX12)                               0.22       6.51 r
  analyzer/U1928/A (INVX8)                                0.00       6.51 r
  analyzer/U1928/Y (INVX8)                                0.10       6.61 f
  analyzer/U2870/A (CLKINVX8)                             0.00       6.61 f
  analyzer/U2870/Y (CLKINVX8)                             0.12       6.73 r
  analyzer/U3729/S0 (MX2X4)                               0.00       6.73 r
  analyzer/U3729/Y (MX2X4)                                0.32       7.05 r
  analyzer/U1649/A (XOR2X4)                               0.00       7.05 r
  analyzer/U1649/Y (XOR2X4)                               0.26       7.31 r
  analyzer/U2450/A (AND3X4)                               0.00       7.31 r
  analyzer/U2450/Y (AND3X4)                               0.21       7.52 r
  analyzer/U3885/B (NAND4BX4)                             0.00       7.52 r
  analyzer/U3885/Y (NAND4BX4)                             0.13       7.66 f
  analyzer/U4738/A (NAND4X4)                              0.00       7.66 f
  analyzer/U4738/Y (NAND4X4)                              0.19       7.85 r
  analyzer/U2180/A (INVX8)                                0.00       7.85 r
  analyzer/U2180/Y (INVX8)                                0.06       7.91 f
  analyzer/U2640/A (AND2X4)                               0.00       7.91 f
  analyzer/U2640/Y (AND2X4)                               0.20       8.11 f
  analyzer/U1802/A (BUFX20)                               0.00       8.11 f
  analyzer/U1802/Y (BUFX20)                               0.16       8.27 f
  analyzer/U1624/S0 (MX2X4)                               0.00       8.27 f
  analyzer/U1624/Y (MX2X4)                                0.30       8.57 r
  analyzer/U1300/A (XOR2X4)                               0.00       8.57 r
  analyzer/U1300/Y (XOR2X4)                               0.24       8.81 r
  analyzer/U4402/C (AND4X4)                               0.00       8.81 r
  analyzer/U4402/Y (AND4X4)                               0.25       9.06 r
  analyzer/U4401/B (NAND4X4)                              0.00       9.06 r
  analyzer/U4401/Y (NAND4X4)                              0.15       9.22 f
  analyzer/U2521/A (OR2X4)                                0.00       9.22 f
  analyzer/U2521/Y (OR2X4)                                0.27       9.48 f
  analyzer/U3893/A (NAND2X4)                              0.00       9.48 f
  analyzer/U3893/Y (NAND2X4)                              0.12       9.61 r
  analyzer/U4390/A (INVX8)                                0.00       9.61 r
  analyzer/U4390/Y (INVX8)                                0.09       9.70 f
  analyzer/U4514/A (OR2X4)                                0.00       9.70 f
  analyzer/U4514/Y (OR2X4)                                0.23       9.93 f
  analyzer/U3719/D (NAND4BBX4)                            0.00       9.93 f
  analyzer/U3719/Y (NAND4BBX4)                            0.19      10.11 r
  analyzer/U322/A (INVX8)                                 0.00      10.11 r
  analyzer/U322/Y (INVX8)                                 0.06      10.18 f
  analyzer/U4560/A0N (OAI2BB1X4)                          0.00      10.18 f
  analyzer/U4560/Y (OAI2BB1X4)                            0.20      10.37 f
  analyzer/U4218/A (NAND4X4)                              0.00      10.37 f
  analyzer/U4218/Y (NAND4X4)                              0.16      10.53 r
  analyzer/U2647/C (NOR4X4)                               0.00      10.53 r
  analyzer/U2647/Y (NOR4X4)                               0.12      10.66 f
  analyzer/U1843/B (NAND3X4)                              0.00      10.66 f
  analyzer/U1843/Y (NAND3X4)                              0.20      10.86 r
  analyzer/U4909/A (OR2X4)                                0.00      10.86 r
  analyzer/U4909/Y (OR2X4)                                0.23      11.09 r
  analyzer/U2320/A (NAND3X4)                              0.00      11.09 r
  analyzer/U2320/Y (NAND3X4)                              0.10      11.19 f
  analyzer/U4843/B0 (OAI33X2)                             0.00      11.19 f
  analyzer/U4843/Y (OAI33X2)                              0.35      11.54 r
  analyzer/U4938/A0N (AOI2BB2X4)                          0.00      11.54 r
  analyzer/U4938/Y (AOI2BB2X4)                            0.32      11.86 r
  analyzer/pattern_id_o[1] (recam_shared_config_analyzer_ROW_ADDR_W9_PHYS_COL_ADDR_W13_WORD_COL_ADDR_W5_HYBRID_LINE_ADDR_W13_HYBRID_ENTRIES7)
                                                          0.00      11.86 r
  selected_address_mux/selected_pattern_id_i[1] (dss_early_selected_address_mux_ROW_ADDR_W9_PHYS_COL_ADDR_W13)
                                                          0.00      11.86 r
  selected_address_mux/U76/A (BUFX12)                     0.00      11.86 r
  selected_address_mux/U76/Y (BUFX12)                     0.19      12.04 r
  selected_address_mux/U42/A (BUFX20)                     0.00      12.04 r
  selected_address_mux/U42/Y (BUFX20)                     0.12      12.17 r
  selected_address_mux/U143/B (AND3X2)                    0.00      12.17 r
  selected_address_mux/U143/Y (AND3X2)                    0.23      12.40 r
  selected_address_mux/U142/AN (NAND2BX4)                 0.00      12.40 r
  selected_address_mux/U142/Y (NAND2BX4)                  0.16      12.56 r
  selected_address_mux/U311/A0N (OAI2BB1X4)               0.00      12.56 r
  selected_address_mux/U311/Y (OAI2BB1X4)                 0.23      12.78 r
  selected_address_mux/U234/A (INVX4)                     0.00      12.78 r
  selected_address_mux/U234/Y (INVX4)                     0.05      12.84 f
  selected_address_mux/U313/B0 (OAI221X2)                 0.00      12.84 f
  selected_address_mux/U313/Y (OAI221X2)                  0.29      13.13 r
  selected_address_mux/U150/A (BUFX8)                     0.00      13.13 r
  selected_address_mux/U150/Y (BUFX8)                     0.20      13.32 r
  selected_address_mux/U116/A (BUFX16)                    0.00      13.32 r
  selected_address_mux/U116/Y (BUFX16)                    0.14      13.46 r
  selected_address_mux/U326/A0 (AOI22X2)                  0.00      13.46 r
  selected_address_mux/U326/Y (AOI22X2)                   0.11      13.57 f
  selected_address_mux/U269/A (INVX4)                     0.00      13.57 f
  selected_address_mux/U269/Y (INVX4)                     0.18      13.75 r
  selected_address_mux/solution_line_address_flat_o[5] (dss_early_selected_address_mux_ROW_ADDR_W9_PHYS_COL_ADDR_W13)
                                                          0.00      13.75 r
  solution_line_address_flat_o[5] (out)                   0.00      13.75 r
  data arrival time                                                 13.75

  clock recam_clk (rise edge)                            10.00      10.00
  clock network delay (ideal)                             0.00      10.00
  output external delay                                   0.00      10.00
  data required time                                                10.00
  --------------------------------------------------------------------------
  data required time                                                10.00
  data arrival time                                                -13.75
  --------------------------------------------------------------------------
  slack (VIOLATED)                                                  -3.75


  Startpoint: core/priority_rank_q_reg[1]
              (rising edge-triggered flip-flop clocked by recam_clk)
  Endpoint: solution_line_address_flat_o[3]
            (output port clocked by recam_clk)
  Path Group: recam_clk
  Path Type: max

  Des/Clust/Port     Wire Load Model       Library
  ------------------------------------------------
  recam_dss_g2x2_r_static_early_live_state_top
                     tsmc18_wl10           slow

  Point                                                   Incr       Path
  --------------------------------------------------------------------------
  clock recam_clk (rise edge)                             0.00       0.00
  clock network delay (ideal)                             0.00       0.00
  core/priority_rank_q_reg[1]/CK (DFFX4)                  0.00       0.00 r
  core/priority_rank_q_reg[1]/Q (DFFX4)                   0.22       0.22 f
  core/U70/B (NOR2X4)                                     0.00       0.22 f
  core/U70/Y (NOR2X4)                                     0.22       0.44 r
  core/scan_config_id_o[2] (recam_dss_g2x2_r_static_early_live_state_core)
                                                          0.00       0.44 r
  analyzer/config_id_i[2] (recam_shared_config_analyzer_ROW_ADDR_W9_PHYS_COL_ADDR_W13_WORD_COL_ADDR_W5_HYBRID_LINE_ADDR_W13_HYBRID_ENTRIES7)
                                                          0.00       0.44 r
  analyzer/U431/A (INVX4)                                 0.00       0.44 r
  analyzer/U431/Y (INVX4)                                 0.19       0.63 f
  analyzer/U433/A (BUFX20)                                0.00       0.63 f
  analyzer/U433/Y (BUFX20)                                0.18       0.81 f
  analyzer/U2991/A (XOR2XL)                               0.00       0.81 f
  analyzer/U2991/Y (XOR2XL)                               0.29       1.10 f
  analyzer/U2128/A (AND2X4)                               0.00       1.10 f
  analyzer/U2128/Y (AND2X4)                               0.21       1.32 f
  analyzer/U2129/B (NAND2BX4)                             0.00       1.32 f
  analyzer/U2129/Y (NAND2BX4)                             0.12       1.43 r
  analyzer/U4984/B (NAND4BX4)                             0.00       1.43 r
  analyzer/U4984/Y (NAND4BX4)                             0.15       1.58 f
  analyzer/U398/A (INVX8)                                 0.00       1.58 f
  analyzer/U398/Y (INVX8)                                 0.08       1.67 r
  analyzer/U4254/B0 (OAI221X2)                            0.00       1.67 r
  analyzer/U4254/Y (OAI221X2)                             0.18       1.85 f
  analyzer/U421/A (BUFX12)                                0.00       1.85 f
  analyzer/U421/Y (BUFX12)                                0.20       2.05 f
  analyzer/U2220/B1 (OAI22X4)                             0.00       2.05 f
  analyzer/U2220/Y (OAI22X4)                              0.22       2.27 r
  analyzer/U2301/A (NAND3X4)                              0.00       2.27 r
  analyzer/U2301/Y (NAND3X4)                              0.14       2.41 f
  analyzer/U2209/A (INVX8)                                0.00       2.41 f
  analyzer/U2209/Y (INVX8)                                0.17       2.59 r
  analyzer/U2101/S0 (MX2X4)                               0.00       2.59 r
  analyzer/U2101/Y (MX2X4)                                0.31       2.90 r
  analyzer/U2897/A (XOR2XL)                               0.00       2.90 r
  analyzer/U2897/Y (XOR2XL)                               0.43       3.33 r
  analyzer/U2794/A (NAND2X2)                              0.00       3.33 r
  analyzer/U2794/Y (NAND2X2)                              0.14       3.47 f
  analyzer/U3862/A (NOR3X4)                               0.00       3.47 f
  analyzer/U3862/Y (NOR3X4)                               0.20       3.67 r
  analyzer/U4351/B (NAND2X4)                              0.00       3.67 r
  analyzer/U4351/Y (NAND2X4)                              0.14       3.81 f
  analyzer/U1895/A (INVX4)                                0.00       3.81 f
  analyzer/U1895/Y (INVX4)                                0.16       3.97 r
  analyzer/U418/A (INVX8)                                 0.00       3.97 r
  analyzer/U418/Y (INVX8)                                 0.07       4.04 f
  analyzer/U1778/AN (NAND4BX4)                            0.00       4.04 f
  analyzer/U1778/Y (NAND4BX4)                             0.19       4.24 f
  analyzer/U1980/AN (NAND2BX4)                            0.00       4.24 f
  analyzer/U1980/Y (NAND2BX4)                             0.19       4.43 f
  analyzer/U4921/B (NAND4X4)                              0.00       4.43 f
  analyzer/U4921/Y (NAND4X4)                              0.19       4.62 r
  analyzer/U3249/A (AND3X4)                               0.00       4.62 r
  analyzer/U3249/Y (AND3X4)                               0.33       4.96 r
  analyzer/U238/A (BUFX8)                                 0.00       4.96 r
  analyzer/U238/Y (BUFX8)                                 0.21       5.17 r
  analyzer/U2075/S0 (MX2X4)                               0.00       5.17 r
  analyzer/U2075/Y (MX2X4)                                0.32       5.49 r
  analyzer/U2494/A (XNOR2X4)                              0.00       5.49 r
  analyzer/U2494/Y (XNOR2X4)                              0.21       5.70 f
  analyzer/U4920/B (NAND4X4)                              0.00       5.70 f
  analyzer/U4920/Y (NAND4X4)                              0.16       5.86 r
  analyzer/U2170/A (NOR2X4)                               0.00       5.86 r
  analyzer/U2170/Y (NOR2X4)                               0.07       5.93 f
  analyzer/U4882/A0 (AOI211X2)                            0.00       5.93 f
  analyzer/U4882/Y (AOI211X2)                             0.35       6.28 r
  analyzer/U2871/A (BUFX12)                               0.00       6.28 r
  analyzer/U2871/Y (BUFX12)                               0.22       6.51 r
  analyzer/U1928/A (INVX8)                                0.00       6.51 r
  analyzer/U1928/Y (INVX8)                                0.10       6.61 f
  analyzer/U2870/A (CLKINVX8)                             0.00       6.61 f
  analyzer/U2870/Y (CLKINVX8)                             0.12       6.73 r
  analyzer/U3729/S0 (MX2X4)                               0.00       6.73 r
  analyzer/U3729/Y (MX2X4)                                0.32       7.05 r
  analyzer/U1649/A (XOR2X4)                               0.00       7.05 r
  analyzer/U1649/Y (XOR2X4)                               0.26       7.31 r
  analyzer/U2450/A (AND3X4)                               0.00       7.31 r
  analyzer/U2450/Y (AND3X4)                               0.21       7.52 r
  analyzer/U3885/B (NAND4BX4)                             0.00       7.52 r
  analyzer/U3885/Y (NAND4BX4)                             0.13       7.66 f
  analyzer/U4738/A (NAND4X4)                              0.00       7.66 f
  analyzer/U4738/Y (NAND4X4)                              0.19       7.85 r
  analyzer/U2180/A (INVX8)                                0.00       7.85 r
  analyzer/U2180/Y (INVX8)                                0.06       7.91 f
  analyzer/U2640/A (AND2X4)                               0.00       7.91 f
  analyzer/U2640/Y (AND2X4)                               0.20       8.11 f
  analyzer/U1802/A (BUFX20)                               0.00       8.11 f
  analyzer/U1802/Y (BUFX20)                               0.16       8.27 f
  analyzer/U1624/S0 (MX2X4)                               0.00       8.27 f
  analyzer/U1624/Y (MX2X4)                                0.30       8.57 r
  analyzer/U1300/A (XOR2X4)                               0.00       8.57 r
  analyzer/U1300/Y (XOR2X4)                               0.24       8.81 r
  analyzer/U4402/C (AND4X4)                               0.00       8.81 r
  analyzer/U4402/Y (AND4X4)                               0.25       9.06 r
  analyzer/U4401/B (NAND4X4)                              0.00       9.06 r
  analyzer/U4401/Y (NAND4X4)                              0.15       9.22 f
  analyzer/U2521/A (OR2X4)                                0.00       9.22 f
  analyzer/U2521/Y (OR2X4)                                0.27       9.48 f
  analyzer/U3893/A (NAND2X4)                              0.00       9.48 f
  analyzer/U3893/Y (NAND2X4)                              0.12       9.61 r
  analyzer/U4390/A (INVX8)                                0.00       9.61 r
  analyzer/U4390/Y (INVX8)                                0.09       9.70 f
  analyzer/U4514/A (OR2X4)                                0.00       9.70 f
  analyzer/U4514/Y (OR2X4)                                0.23       9.93 f
  analyzer/U3719/D (NAND4BBX4)                            0.00       9.93 f
  analyzer/U3719/Y (NAND4BBX4)                            0.19      10.11 r
  analyzer/U322/A (INVX8)                                 0.00      10.11 r
  analyzer/U322/Y (INVX8)                                 0.06      10.18 f
  analyzer/U4560/A0N (OAI2BB1X4)                          0.00      10.18 f
  analyzer/U4560/Y (OAI2BB1X4)                            0.20      10.37 f
  analyzer/U4218/A (NAND4X4)                              0.00      10.37 f
  analyzer/U4218/Y (NAND4X4)                              0.16      10.53 r
  analyzer/U2647/C (NOR4X4)                               0.00      10.53 r
  analyzer/U2647/Y (NOR4X4)                               0.12      10.66 f
  analyzer/U1843/B (NAND3X4)                              0.00      10.66 f
  analyzer/U1843/Y (NAND3X4)                              0.20      10.86 r
  analyzer/U4909/A (OR2X4)                                0.00      10.86 r
  analyzer/U4909/Y (OR2X4)                                0.23      11.09 r
  analyzer/U2320/A (NAND3X4)                              0.00      11.09 r
  analyzer/U2320/Y (NAND3X4)                              0.10      11.19 f
  analyzer/U4843/B0 (OAI33X2)                             0.00      11.19 f
  analyzer/U4843/Y (OAI33X2)                              0.35      11.54 r
  analyzer/U4938/A0N (AOI2BB2X4)                          0.00      11.54 r
  analyzer/U4938/Y (AOI2BB2X4)                            0.32      11.86 r
  analyzer/pattern_id_o[1] (recam_shared_config_analyzer_ROW_ADDR_W9_PHYS_COL_ADDR_W13_WORD_COL_ADDR_W5_HYBRID_LINE_ADDR_W13_HYBRID_ENTRIES7)
                                                          0.00      11.86 r
  selected_address_mux/selected_pattern_id_i[1] (dss_early_selected_address_mux_ROW_ADDR_W9_PHYS_COL_ADDR_W13)
                                                          0.00      11.86 r
  selected_address_mux/U76/A (BUFX12)                     0.00      11.86 r
  selected_address_mux/U76/Y (BUFX12)                     0.19      12.04 r
  selected_address_mux/U42/A (BUFX20)                     0.00      12.04 r
  selected_address_mux/U42/Y (BUFX20)                     0.12      12.17 r
  selected_address_mux/U143/B (AND3X2)                    0.00      12.17 r
  selected_address_mux/U143/Y (AND3X2)                    0.23      12.40 r
  selected_address_mux/U142/AN (NAND2BX4)                 0.00      12.40 r
  selected_address_mux/U142/Y (NAND2BX4)                  0.16      12.56 r
  selected_address_mux/U311/A0N (OAI2BB1X4)               0.00      12.56 r
  selected_address_mux/U311/Y (OAI2BB1X4)                 0.23      12.78 r
  selected_address_mux/U234/A (INVX4)                     0.00      12.78 r
  selected_address_mux/U234/Y (INVX4)                     0.05      12.84 f
  selected_address_mux/U313/B0 (OAI221X2)                 0.00      12.84 f
  selected_address_mux/U313/Y (OAI221X2)                  0.29      13.13 r
  selected_address_mux/U150/A (BUFX8)                     0.00      13.13 r
  selected_address_mux/U150/Y (BUFX8)                     0.20      13.32 r
  selected_address_mux/U116/A (BUFX16)                    0.00      13.32 r
  selected_address_mux/U116/Y (BUFX16)                    0.14      13.46 r
  selected_address_mux/U324/A0 (AOI22X2)                  0.00      13.46 r
  selected_address_mux/U324/Y (AOI22X2)                   0.11      13.57 f
  selected_address_mux/U267/A (INVX4)                     0.00      13.57 f
  selected_address_mux/U267/Y (INVX4)                     0.18      13.75 r
  selected_address_mux/solution_line_address_flat_o[3] (dss_early_selected_address_mux_ROW_ADDR_W9_PHYS_COL_ADDR_W13)
                                                          0.00      13.75 r
  solution_line_address_flat_o[3] (out)                   0.00      13.75 r
  data arrival time                                                 13.75

  clock recam_clk (rise edge)                            10.00      10.00
  clock network delay (ideal)                             0.00      10.00
  output external delay                                   0.00      10.00
  data required time                                                10.00
  --------------------------------------------------------------------------
  data required time                                                10.00
  data arrival time                                                -13.75
  --------------------------------------------------------------------------
  slack (VIOLATED)                                                  -3.75


  Startpoint: core/priority_rank_q_reg[1]
              (rising edge-triggered flip-flop clocked by recam_clk)
  Endpoint: solution_line_address_flat_o[1]
            (output port clocked by recam_clk)
  Path Group: recam_clk
  Path Type: max

  Des/Clust/Port     Wire Load Model       Library
  ------------------------------------------------
  recam_dss_g2x2_r_static_early_live_state_top
                     tsmc18_wl10           slow

  Point                                                   Incr       Path
  --------------------------------------------------------------------------
  clock recam_clk (rise edge)                             0.00       0.00
  clock network delay (ideal)                             0.00       0.00
  core/priority_rank_q_reg[1]/CK (DFFX4)                  0.00       0.00 r
  core/priority_rank_q_reg[1]/Q (DFFX4)                   0.22       0.22 f
  core/U70/B (NOR2X4)                                     0.00       0.22 f
  core/U70/Y (NOR2X4)                                     0.22       0.44 r
  core/scan_config_id_o[2] (recam_dss_g2x2_r_static_early_live_state_core)
                                                          0.00       0.44 r
  analyzer/config_id_i[2] (recam_shared_config_analyzer_ROW_ADDR_W9_PHYS_COL_ADDR_W13_WORD_COL_ADDR_W5_HYBRID_LINE_ADDR_W13_HYBRID_ENTRIES7)
                                                          0.00       0.44 r
  analyzer/U431/A (INVX4)                                 0.00       0.44 r
  analyzer/U431/Y (INVX4)                                 0.19       0.63 f
  analyzer/U433/A (BUFX20)                                0.00       0.63 f
  analyzer/U433/Y (BUFX20)                                0.18       0.81 f
  analyzer/U2991/A (XOR2XL)                               0.00       0.81 f
  analyzer/U2991/Y (XOR2XL)                               0.29       1.10 f
  analyzer/U2128/A (AND2X4)                               0.00       1.10 f
  analyzer/U2128/Y (AND2X4)                               0.21       1.32 f
  analyzer/U2129/B (NAND2BX4)                             0.00       1.32 f
  analyzer/U2129/Y (NAND2BX4)                             0.12       1.43 r
  analyzer/U4984/B (NAND4BX4)                             0.00       1.43 r
  analyzer/U4984/Y (NAND4BX4)                             0.15       1.58 f
  analyzer/U398/A (INVX8)                                 0.00       1.58 f
  analyzer/U398/Y (INVX8)                                 0.08       1.67 r
  analyzer/U4254/B0 (OAI221X2)                            0.00       1.67 r
  analyzer/U4254/Y (OAI221X2)                             0.18       1.85 f
  analyzer/U421/A (BUFX12)                                0.00       1.85 f
  analyzer/U421/Y (BUFX12)                                0.20       2.05 f
  analyzer/U2220/B1 (OAI22X4)                             0.00       2.05 f
  analyzer/U2220/Y (OAI22X4)                              0.22       2.27 r
  analyzer/U2301/A (NAND3X4)                              0.00       2.27 r
  analyzer/U2301/Y (NAND3X4)                              0.14       2.41 f
  analyzer/U2209/A (INVX8)                                0.00       2.41 f
  analyzer/U2209/Y (INVX8)                                0.17       2.59 r
  analyzer/U2101/S0 (MX2X4)                               0.00       2.59 r
  analyzer/U2101/Y (MX2X4)                                0.31       2.90 r
  analyzer/U2897/A (XOR2XL)                               0.00       2.90 r
  analyzer/U2897/Y (XOR2XL)                               0.43       3.33 r
  analyzer/U2794/A (NAND2X2)                              0.00       3.33 r
  analyzer/U2794/Y (NAND2X2)                              0.14       3.47 f
  analyzer/U3862/A (NOR3X4)                               0.00       3.47 f
  analyzer/U3862/Y (NOR3X4)                               0.20       3.67 r
  analyzer/U4351/B (NAND2X4)                              0.00       3.67 r
  analyzer/U4351/Y (NAND2X4)                              0.14       3.81 f
  analyzer/U1895/A (INVX4)                                0.00       3.81 f
  analyzer/U1895/Y (INVX4)                                0.16       3.97 r
  analyzer/U418/A (INVX8)                                 0.00       3.97 r
  analyzer/U418/Y (INVX8)                                 0.07       4.04 f
  analyzer/U1778/AN (NAND4BX4)                            0.00       4.04 f
  analyzer/U1778/Y (NAND4BX4)                             0.19       4.24 f
  analyzer/U1980/AN (NAND2BX4)                            0.00       4.24 f
  analyzer/U1980/Y (NAND2BX4)                             0.19       4.43 f
  analyzer/U4921/B (NAND4X4)                              0.00       4.43 f
  analyzer/U4921/Y (NAND4X4)                              0.19       4.62 r
  analyzer/U3249/A (AND3X4)                               0.00       4.62 r
  analyzer/U3249/Y (AND3X4)                               0.33       4.96 r
  analyzer/U238/A (BUFX8)                                 0.00       4.96 r
  analyzer/U238/Y (BUFX8)                                 0.21       5.17 r
  analyzer/U2075/S0 (MX2X4)                               0.00       5.17 r
  analyzer/U2075/Y (MX2X4)                                0.32       5.49 r
  analyzer/U2494/A (XNOR2X4)                              0.00       5.49 r
  analyzer/U2494/Y (XNOR2X4)                              0.21       5.70 f
  analyzer/U4920/B (NAND4X4)                              0.00       5.70 f
  analyzer/U4920/Y (NAND4X4)                              0.16       5.86 r
  analyzer/U2170/A (NOR2X4)                               0.00       5.86 r
  analyzer/U2170/Y (NOR2X4)                               0.07       5.93 f
  analyzer/U4882/A0 (AOI211X2)                            0.00       5.93 f
  analyzer/U4882/Y (AOI211X2)                             0.35       6.28 r
  analyzer/U2871/A (BUFX12)                               0.00       6.28 r
  analyzer/U2871/Y (BUFX12)                               0.22       6.51 r
  analyzer/U1928/A (INVX8)                                0.00       6.51 r
  analyzer/U1928/Y (INVX8)                                0.10       6.61 f
  analyzer/U2870/A (CLKINVX8)                             0.00       6.61 f
  analyzer/U2870/Y (CLKINVX8)                             0.12       6.73 r
  analyzer/U3729/S0 (MX2X4)                               0.00       6.73 r
  analyzer/U3729/Y (MX2X4)                                0.32       7.05 r
  analyzer/U1649/A (XOR2X4)                               0.00       7.05 r
  analyzer/U1649/Y (XOR2X4)                               0.26       7.31 r
  analyzer/U2450/A (AND3X4)                               0.00       7.31 r
  analyzer/U2450/Y (AND3X4)                               0.21       7.52 r
  analyzer/U3885/B (NAND4BX4)                             0.00       7.52 r
  analyzer/U3885/Y (NAND4BX4)                             0.13       7.66 f
  analyzer/U4738/A (NAND4X4)                              0.00       7.66 f
  analyzer/U4738/Y (NAND4X4)                              0.19       7.85 r
  analyzer/U2180/A (INVX8)                                0.00       7.85 r
  analyzer/U2180/Y (INVX8)                                0.06       7.91 f
  analyzer/U2640/A (AND2X4)                               0.00       7.91 f
  analyzer/U2640/Y (AND2X4)                               0.20       8.11 f
  analyzer/U1802/A (BUFX20)                               0.00       8.11 f
  analyzer/U1802/Y (BUFX20)                               0.16       8.27 f
  analyzer/U1624/S0 (MX2X4)                               0.00       8.27 f
  analyzer/U1624/Y (MX2X4)                                0.30       8.57 r
  analyzer/U1300/A (XOR2X4)                               0.00       8.57 r
  analyzer/U1300/Y (XOR2X4)                               0.24       8.81 r
  analyzer/U4402/C (AND4X4)                               0.00       8.81 r
  analyzer/U4402/Y (AND4X4)                               0.25       9.06 r
  analyzer/U4401/B (NAND4X4)                              0.00       9.06 r
  analyzer/U4401/Y (NAND4X4)                              0.15       9.22 f
  analyzer/U2521/A (OR2X4)                                0.00       9.22 f
  analyzer/U2521/Y (OR2X4)                                0.27       9.48 f
  analyzer/U3893/A (NAND2X4)                              0.00       9.48 f
  analyzer/U3893/Y (NAND2X4)                              0.12       9.61 r
  analyzer/U4390/A (INVX8)                                0.00       9.61 r
  analyzer/U4390/Y (INVX8)                                0.09       9.70 f
  analyzer/U4514/A (OR2X4)                                0.00       9.70 f
  analyzer/U4514/Y (OR2X4)                                0.23       9.93 f
  analyzer/U3719/D (NAND4BBX4)                            0.00       9.93 f
  analyzer/U3719/Y (NAND4BBX4)                            0.19      10.11 r
  analyzer/U322/A (INVX8)                                 0.00      10.11 r
  analyzer/U322/Y (INVX8)                                 0.06      10.18 f
  analyzer/U4560/A0N (OAI2BB1X4)                          0.00      10.18 f
  analyzer/U4560/Y (OAI2BB1X4)                            0.20      10.37 f
  analyzer/U4218/A (NAND4X4)                              0.00      10.37 f
  analyzer/U4218/Y (NAND4X4)                              0.16      10.53 r
  analyzer/U2647/C (NOR4X4)                               0.00      10.53 r
  analyzer/U2647/Y (NOR4X4)                               0.12      10.66 f
  analyzer/U1843/B (NAND3X4)                              0.00      10.66 f
  analyzer/U1843/Y (NAND3X4)                              0.20      10.86 r
  analyzer/U4909/A (OR2X4)                                0.00      10.86 r
  analyzer/U4909/Y (OR2X4)                                0.23      11.09 r
  analyzer/U2320/A (NAND3X4)                              0.00      11.09 r
  analyzer/U2320/Y (NAND3X4)                              0.10      11.19 f
  analyzer/U4843/B0 (OAI33X2)                             0.00      11.19 f
  analyzer/U4843/Y (OAI33X2)                              0.35      11.54 r
  analyzer/U4938/A0N (AOI2BB2X4)                          0.00      11.54 r
  analyzer/U4938/Y (AOI2BB2X4)                            0.32      11.86 r
  analyzer/pattern_id_o[1] (recam_shared_config_analyzer_ROW_ADDR_W9_PHYS_COL_ADDR_W13_WORD_COL_ADDR_W5_HYBRID_LINE_ADDR_W13_HYBRID_ENTRIES7)
                                                          0.00      11.86 r
  selected_address_mux/selected_pattern_id_i[1] (dss_early_selected_address_mux_ROW_ADDR_W9_PHYS_COL_ADDR_W13)
                                                          0.00      11.86 r
  selected_address_mux/U76/A (BUFX12)                     0.00      11.86 r
  selected_address_mux/U76/Y (BUFX12)                     0.19      12.04 r
  selected_address_mux/U42/A (BUFX20)                     0.00      12.04 r
  selected_address_mux/U42/Y (BUFX20)                     0.12      12.17 r
  selected_address_mux/U143/B (AND3X2)                    0.00      12.17 r
  selected_address_mux/U143/Y (AND3X2)                    0.23      12.40 r
  selected_address_mux/U142/AN (NAND2BX4)                 0.00      12.40 r
  selected_address_mux/U142/Y (NAND2BX4)                  0.16      12.56 r
  selected_address_mux/U311/A0N (OAI2BB1X4)               0.00      12.56 r
  selected_address_mux/U311/Y (OAI2BB1X4)                 0.23      12.78 r
  selected_address_mux/U234/A (INVX4)                     0.00      12.78 r
  selected_address_mux/U234/Y (INVX4)                     0.05      12.84 f
  selected_address_mux/U313/B0 (OAI221X2)                 0.00      12.84 f
  selected_address_mux/U313/Y (OAI221X2)                  0.29      13.13 r
  selected_address_mux/U150/A (BUFX8)                     0.00      13.13 r
  selected_address_mux/U150/Y (BUFX8)                     0.20      13.32 r
  selected_address_mux/U116/A (BUFX16)                    0.00      13.32 r
  selected_address_mux/U116/Y (BUFX16)                    0.14      13.46 r
  selected_address_mux/U322/A0 (AOI22X2)                  0.00      13.46 r
  selected_address_mux/U322/Y (AOI22X2)                   0.11      13.57 f
  selected_address_mux/U265/A (INVX4)                     0.00      13.57 f
  selected_address_mux/U265/Y (INVX4)                     0.18      13.75 r
  selected_address_mux/solution_line_address_flat_o[1] (dss_early_selected_address_mux_ROW_ADDR_W9_PHYS_COL_ADDR_W13)
                                                          0.00      13.75 r
  solution_line_address_flat_o[1] (out)                   0.00      13.75 r
  data arrival time                                                 13.75

  clock recam_clk (rise edge)                            10.00      10.00
  clock network delay (ideal)                             0.00      10.00
  output external delay                                   0.00      10.00
  data required time                                                10.00
  --------------------------------------------------------------------------
  data required time                                                10.00
  data arrival time                                                -13.75
  --------------------------------------------------------------------------
  slack (VIOLATED)                                                  -3.75


1
