severity,fault_count,imbalance,vector_id,first_divergence_sa,early_config,group_config,early_pattern,group_pattern,early_release,group_release,early_donor,group_donor,early_ledger_after_divergence,group_ledger_after_divergence,early_failure_position,group_final_success,mechanism,critical_later_resource
LOW,12,moderate,103,A,CFG0,CFG4,1,1,0,1,NONE,NONE,0,1,D,YES,GROUP_RELEASES_RESOURCE,C_COL
LOW,12,moderate,500,A,CFG0,CFG4,1,1,0,1,NONE,NONE,0,1,D,YES,GROUP_RELEASES_RESOURCE,C_COL
LOW,12,moderate,2359,A,CFG0,CFG4,1,1,0,1,NONE,NONE,0,1,D,YES,GROUP_RELEASES_RESOURCE,C_COL
LOW,12,moderate,2600,A,CFG0,CFG4,1,1,0,1,NONE,NONE,0,1,D,YES,GROUP_RELEASES_RESOURCE,C_COL
LOW,12,moderate,2778,A,CFG0,CFG4,1,1,0,1,NONE,NONE,0,1,D,YES,GROUP_RELEASES_RESOURCE,C_COL
LOW,12,moderate,3087,A,CFG0,CFG4,1,1,0,1,NONE,NONE,0,1,D,YES,GROUP_RELEASES_RESOURCE,C_COL
LOW,12,moderate,3702,A,CFG0,CFG4,1,1,0,1,NONE,NONE,0,1,D,YES,GROUP_RELEASES_RESOURCE,C_COL
LOW,12,moderate,3722,A,CFG0,CFG4,1,1,0,1,NONE,NONE,0,1,D,YES,GROUP_RELEASES_RESOURCE,C_COL
LOW,12,moderate,3830,A,CFG0,CFG4,1,1,0,1,NONE,NONE,0,1,D,YES,GROUP_RELEASES_RESOURCE,C_COL
LOW,12,moderate,4443,A,CFG0,CFG4,1,1,0,1,NONE,NONE,0,1,D,YES,GROUP_RELEASES_RESOURCE,C_COL
LOW,12,moderate,4919,A,CFG0,CFG4,1,1,0,1,NONE,NONE,0,1,D,YES,GROUP_RELEASES_RESOURCE,C_COL
LOW,12,moderate,5375,A,CFG0,CFG4,1,1,0,1,NONE,NONE,0,1,D,YES,GROUP_RELEASES_RESOURCE,C_COL
LOW,12,moderate,5387,A,CFG0,CFG4,1,1,0,1,NONE,NONE,0,1,D,YES,GROUP_RELEASES_RESOURCE,C_COL
LOW,12,moderate,7666,A,CFG0,CFG4,1,1,0,1,NONE,NONE,0,1,D,YES,GROUP_RELEASES_RESOURCE,C_COL
LOW,12,moderate,9287,A,CFG0,CFG4,1,1,0,1,NONE,NONE,0,1,D,YES,GROUP_RELEASES_RESOURCE,C_COL
LOW,12,moderate,9597,A,CFG0,CFG4,1,1,0,1,NONE,NONE,0,1,D,YES,GROUP_RELEASES_RESOURCE,C_COL
LOW,16,moderate,13,A,CFG0,CFG4,1,2,0,1,NONE,NONE,0,1,D,YES,GROUP_RELEASES_RESOURCE,C_COL
LOW,16,moderate,25,A,CFG0,CFG4,1,1,0,1,NONE,NONE,0,1,D,YES,GROUP_RELEASES_RESOURCE,C_COL
LOW,16,moderate,33,A,CFG0,CFG4,1,1,0,1,NONE,NONE,0,1,D,YES,GROUP_RELEASES_RESOURCE,C_COL
LOW,16,moderate,51,A,CFG0,CFG4,1,1,0,1,NONE,NONE,0,1,D,YES,GROUP_RELEASES_RESOURCE,C_COL
LOW,16,moderate,65,A,CFG0,CFG4,1,1,0,1,NONE,NONE,0,1,D,YES,GROUP_RELEASES_RESOURCE,C_COL
LOW,16,moderate,66,A,CFG0,CFG4,1,1,0,1,NONE,NONE,0,1,D,YES,GROUP_RELEASES_RESOURCE,C_COL
LOW,16,moderate,72,A,CFG0,CFG4,1,1,0,1,NONE,NONE,0,1,D,YES,GROUP_RELEASES_RESOURCE,C_COL
LOW,16,moderate,77,A,CFG0,CFG4,1,1,0,1,NONE,NONE,0,1,D,YES,GROUP_RELEASES_RESOURCE,C_COL
LOW,16,moderate,92,A,CFG0,CFG4,1,1,0,1,NONE,NONE,0,1,D,YES,GROUP_RELEASES_RESOURCE,C_COL
LOW,16,moderate,100,A,CFG0,CFG4,1,1,0,1,NONE,NONE,0,1,D,YES,GROUP_RELEASES_RESOURCE,C_COL
LOW,16,moderate,108,A,CFG0,CFG4,1,1,0,1,NONE,NONE,0,1,D,YES,GROUP_RELEASES_RESOURCE,C_COL
LOW,16,moderate,113,A,CFG0,CFG4,1,1,0,1,NONE,NONE,0,1,D,YES,GROUP_RELEASES_RESOURCE,C_COL
LOW,16,moderate,124,A,CFG0,CFG4,1,1,0,1,NONE,NONE,0,1,D,YES,GROUP_RELEASES_RESOURCE,C_COL
LOW,16,moderate,142,A,CFG0,CFG4,1,1,0,1,NONE,NONE,0,1,D,YES,GROUP_RELEASES_RESOURCE,C_COL
LOW,16,moderate,143,A,CFG0,CFG4,1,1,0,1,NONE,NONE,0,1,D,YES,GROUP_RELEASES_RESOURCE,C_COL
LOW,16,moderate,167,A,CFG0,CFG4,1,2,0,1,NONE,NONE,0,1,D,YES,GROUP_RELEASES_RESOURCE,C_COL
LOW,16,moderate,209,A,CFG0,CFG4,1,1,0,1,NONE,NONE,0,1,D,YES,GROUP_RELEASES_RESOURCE,C_COL
LOW,16,moderate,235,A,CFG0,CFG4,1,2,0,1,NONE,NONE,0,1,D,YES,GROUP_RELEASES_RESOURCE,C_COL
LOW,16,moderate,241,A,CFG0,CFG4,1,1,0,1,NONE,NONE,0,1,D,YES,GROUP_RELEASES_RESOURCE,C_COL
LOW,16,moderate,260,A,CFG0,CFG4,1,1,0,1,NONE,NONE,0,1,D,YES,GROUP_RELEASES_RESOURCE,C_COL
LOW,16,moderate,293,A,CFG0,CFG4,1,1,0,1,NONE,NONE,0,1,D,YES,GROUP_RELEASES_RESOURCE,C_COL
LOW,16,moderate,303,A,CFG0,CFG4,1,1,0,1,NONE,NONE,0,1,D,YES,GROUP_RELEASES_RESOURCE,C_COL
LOW,16,moderate,318,A,CFG0,CFG4,1,1,0,1,NONE,NONE,0,1,D,YES,GROUP_RELEASES_RESOURCE,C_COL
LOW,16,moderate,337,A,CFG0,CFG4,1,2,0,1,NONE,NONE,0,1,D,YES,GROUP_RELEASES_RESOURCE,C_COL
LOW,16,moderate,355,A,CFG0,CFG4,1,1,0,1,NONE,NONE,0,1,D,YES,GROUP_RELEASES_RESOURCE,C_COL
LOW,16,moderate,371,A,CFG0,CFG4,1,1,0,1,NONE,NONE,0,1,D,YES,GROUP_RELEASES_RESOURCE,C_COL
LOW,16,moderate,373,A,CFG0,CFG4,1,1,0,1,NONE,NONE,0,1,D,YES,GROUP_RELEASES_RESOURCE,C_COL
LOW,16,moderate,381,A,CFG0,CFG4,1,1,0,1,NONE,NONE,0,1,D,YES,GROUP_RELEASES_RESOURCE,C_COL
LOW,16,moderate,386,A,CFG0,CFG4,1,1,0,1,NONE,NONE,0,1,D,YES,GROUP_RELEASES_RESOURCE,C_COL
LOW,16,moderate,401,A,CFG0,CFG4,1,1,0,1,NONE,NONE,0,1,D,YES,GROUP_RELEASES_RESOURCE,C_COL
LOW,16,moderate,413,A,CFG0,CFG4,1,1,0,1,NONE,NONE,0,1,D,YES,GROUP_RELEASES_RESOURCE,C_COL
LOW,16,moderate,424,A,CFG0,CFG4,1,1,0,1,NONE,NONE,0,1,D,YES,GROUP_RELEASES_RESOURCE,C_COL
LOW,16,moderate,425,A,CFG0,CFG4,1,1,0,1,NONE,NONE,0,1,D,YES,GROUP_RELEASES_RESOURCE,C_COL
LOW,16,moderate,438,A,CFG0,CFG4,1,2,0,1,NONE,NONE,0,1,D,YES,GROUP_RELEASES_RESOURCE,C_COL
LOW,16,moderate,452,A,CFG0,CFG4,1,1,0,1,NONE,NONE,0,1,D,YES,GROUP_RELEASES_RESOURCE,C_COL
LOW,16,moderate,456,A,CFG0,CFG4,1,1,0,1,NONE,NONE,0,1,D,YES,GROUP_RELEASES_RESOURCE,C_COL
LOW,16,moderate,487,A,CFG0,CFG4,1,2,0,1,NONE,NONE,0,1,D,YES,GROUP_RELEASES_RESOURCE,C_COL
LOW,16,moderate,490,A,CFG0,CFG4,1,1,0,1,NONE,NONE,0,1,D,YES,GROUP_RELEASES_RESOURCE,C_COL
LOW,16,moderate,507,A,CFG0,CFG4,1,1,0,1,NONE,NONE,0,1,D,YES,GROUP_RELEASES_RESOURCE,C_COL
LOW,16,moderate,514,A,CFG0,CFG4,1,1,0,1,NONE,NONE,0,1,D,YES,GROUP_RELEASES_RESOURCE,C_COL
LOW,16,moderate,520,A,CFG0,CFG4,1,1,0,1,NONE,NONE,0,1,D,YES,GROUP_RELEASES_RESOURCE,C_COL
LOW,16,moderate,527,A,CFG0,CFG4,1,1,0,1,NONE,NONE,0,1,D,YES,GROUP_RELEASES_RESOURCE,C_COL
LOW,16,moderate,531,A,CFG0,CFG4,1,1,0,1,NONE,NONE,0,1,D,YES,GROUP_RELEASES_RESOURCE,C_COL
LOW,16,moderate,540,A,CFG0,CFG4,1,1,0,1,NONE,NONE,0,1,D,YES,GROUP_RELEASES_RESOURCE,C_COL
LOW,16,moderate,545,A,CFG0,CFG4,1,1,0,1,NONE,NONE,0,1,D,YES,GROUP_RELEASES_RESOURCE,C_COL
LOW,16,moderate,560,A,CFG0,CFG4,1,2,0,1,NONE,NONE,0,1,D,YES,GROUP_RELEASES_RESOURCE,C_COL
LOW,16,moderate,611,A,CFG0,CFG4,1,1,0,1,NONE,NONE,0,1,D,YES,GROUP_RELEASES_RESOURCE,C_COL
LOW,16,moderate,622,A,CFG0,CFG4,1,1,0,1,NONE,NONE,0,1,D,YES,GROUP_RELEASES_RESOURCE,C_COL
LOW,16,moderate,630,A,CFG0,CFG4,1,1,0,1,NONE,NONE,0,1,D,YES,GROUP_RELEASES_RESOURCE,C_COL
LOW,16,moderate,669,A,CFG0,CFG4,1,2,0,1,NONE,NONE,0,1,D,YES,GROUP_RELEASES_RESOURCE,C_COL
LOW,16,moderate,673,A,CFG0,CFG4,1,2,0,1,NONE,NONE,0,1,D,YES,GROUP_RELEASES_RESOURCE,C_COL
LOW,16,moderate,676,A,CFG0,CFG4,1,2,0,1,NONE,NONE,0,1,D,YES,GROUP_RELEASES_RESOURCE,C_COL
LOW,16,moderate,682,A,CFG0,CFG4,1,1,0,1,NONE,NONE,0,1,D,YES,GROUP_RELEASES_RESOURCE,C_COL
LOW,16,moderate,686,A,CFG0,CFG4,1,1,0,1,NONE,NONE,0,1,D,YES,GROUP_RELEASES_RESOURCE,C_COL
LOW,16,moderate,690,A,CFG0,CFG4,1,1,0,1,NONE,NONE,0,1,D,YES,GROUP_RELEASES_RESOURCE,C_COL
LOW,16,moderate,692,A,CFG0,CFG4,1,1,0,1,NONE,NONE,0,1,D,YES,GROUP_RELEASES_RESOURCE,C_COL
LOW,16,moderate,695,A,CFG0,CFG4,1,1,0,1,NONE,NONE,0,1,D,YES,GROUP_RELEASES_RESOURCE,C_COL
LOW,16,moderate,720,A,CFG0,CFG4,1,2,0,1,NONE,NONE,0,1,D,YES,GROUP_RELEASES_RESOURCE,C_COL
LOW,16,moderate,730,A,CFG0,CFG4,1,1,0,1,NONE,NONE,0,1,D,YES,GROUP_RELEASES_RESOURCE,C_COL
LOW,16,moderate,734,A,CFG0,CFG4,1,1,0,1,NONE,NONE,0,1,D,YES,GROUP_RELEASES_RESOURCE,C_COL
LOW,16,moderate,754,A,CFG0,CFG4,1,1,0,1,NONE,NONE,0,1,D,YES,GROUP_RELEASES_RESOURCE,C_COL
LOW,16,moderate,791,A,CFG0,CFG4,1,1,0,1,NONE,NONE,0,1,D,YES,GROUP_RELEASES_RESOURCE,C_COL
LOW,16,moderate,798,A,CFG0,CFG4,1,1,0,1,NONE,NONE,0,1,D,YES,GROUP_RELEASES_RESOURCE,C_COL
LOW,16,moderate,801,A,CFG0,CFG4,1,1,0,1,NONE,NONE,0,1,D,YES,GROUP_RELEASES_RESOURCE,C_COL
LOW,16,moderate,804,A,CFG0,CFG4,1,1,0,1,NONE,NONE,0,1,D,YES,GROUP_RELEASES_RESOURCE,C_COL
LOW,16,moderate,822,A,CFG0,CFG4,1,1,0,1,NONE,NONE,0,1,D,YES,GROUP_RELEASES_RESOURCE,C_COL
LOW,16,moderate,848,A,CFG0,CFG4,1,1,0,1,NONE,NONE,0,1,D,YES,GROUP_RELEASES_RESOURCE,C_COL
LOW,16,moderate,858,A,CFG0,CFG4,1,2,0,1,NONE,NONE,0,1,D,YES,GROUP_RELEASES_RESOURCE,C_COL
LOW,16,moderate,860,A,CFG0,CFG4,1,1,0,1,NONE,NONE,0,1,D,YES,GROUP_RELEASES_RESOURCE,C_COL
LOW,16,moderate,866,A,CFG0,CFG4,1,1,0,1,NONE,NONE,0,1,D,YES,GROUP_RELEASES_RESOURCE,C_COL
LOW,16,moderate,872,A,CFG0,CFG4,1,1,0,1,NONE,NONE,0,1,D,YES,GROUP_RELEASES_RESOURCE,C_COL
LOW,16,moderate,882,A,CFG0,CFG4,1,1,0,1,NONE,NONE,0,1,D,YES,GROUP_RELEASES_RESOURCE,C_COL
LOW,16,moderate,888,A,CFG0,CFG4,1,2,0,1,NONE,NONE,0,1,D,YES,GROUP_RELEASES_RESOURCE,C_COL
LOW,16,moderate,929,A,CFG0,CFG4,1,1,0,1,NONE,NONE,0,1,D,YES,GROUP_RELEASES_RESOURCE,C_COL
LOW,16,moderate,939,A,CFG0,CFG4,1,2,0,1,NONE,NONE,0,1,D,YES,GROUP_RELEASES_RESOURCE,C_COL
LOW,16,moderate,984,A,CFG0,CFG4,1,1,0,1,NONE,NONE,0,1,D,YES,GROUP_RELEASES_RESOURCE,C_COL
LOW,16,moderate,997,A,CFG0,CFG4,1,1,0,1,NONE,NONE,0,1,D,YES,GROUP_RELEASES_RESOURCE,C_COL
LOW,16,moderate,1013,A,CFG0,CFG4,1,1,0,1,NONE,NONE,0,1,D,YES,GROUP_RELEASES_RESOURCE,C_COL
LOW,16,moderate,1015,A,CFG0,CFG4,1,1,0,1,NONE,NONE,0,1,D,YES,GROUP_RELEASES_RESOURCE,C_COL
LOW,16,moderate,1018,A,CFG0,CFG4,1,1,0,1,NONE,NONE,0,1,D,YES,GROUP_RELEASES_RESOURCE,C_COL
LOW,16,moderate,1037,A,CFG0,CFG4,1,1,0,1,NONE,NONE,0,1,D,YES,GROUP_RELEASES_RESOURCE,C_COL
LOW,16,moderate,1059,A,CFG0,CFG4,1,1,0,1,NONE,NONE,0,1,D,YES,GROUP_RELEASES_RESOURCE,C_COL
LOW,16,moderate,1086,A,CFG0,CFG4,1,1,0,1,NONE,NONE,0,1,D,YES,GROUP_RELEASES_RESOURCE,C_COL
LOW,16,moderate,1101,A,CFG0,CFG4,1,1,0,1,NONE,NONE,0,1,D,YES,GROUP_RELEASES_RESOURCE,C_COL
LOW,16,moderate,1105,A,CFG0,CFG4,1,1,0,1,NONE,NONE,0,1,D,YES,GROUP_RELEASES_RESOURCE,C_COL
LOW,16,moderate,1115,A,CFG0,CFG4,1,2,0,1,NONE,NONE,0,1,D,YES,GROUP_RELEASES_RESOURCE,C_COL
LOW,16,moderate,1146,A,CFG0,CFG4,1,2,0,1,NONE,NONE,0,1,D,YES,GROUP_RELEASES_RESOURCE,C_COL
LOW,16,moderate,1159,A,CFG0,CFG4,1,1,0,1,NONE,NONE,0,1,D,YES,GROUP_RELEASES_RESOURCE,C_COL
LOW,16,moderate,1169,A,CFG0,CFG4,1,1,0,1,NONE,NONE,0,1,D,YES,GROUP_RELEASES_RESOURCE,C_COL
LOW,16,moderate,1175,A,CFG0,CFG4,1,1,0,1,NONE,NONE,0,1,D,YES,GROUP_RELEASES_RESOURCE,C_COL
LOW,16,moderate,1190,A,CFG0,CFG4,1,1,0,1,NONE,NONE,0,1,D,YES,GROUP_RELEASES_RESOURCE,C_COL
LOW,16,moderate,1191,A,CFG0,CFG4,1,2,0,1,NONE,NONE,0,1,D,YES,GROUP_RELEASES_RESOURCE,C_COL
LOW,16,moderate,1197,A,CFG0,CFG4,1,1,0,1,NONE,NONE,0,1,D,YES,GROUP_RELEASES_RESOURCE,C_COL
LOW,16,moderate,1198,A,CFG0,CFG4,1,1,0,1,NONE,NONE,0,1,D,YES,GROUP_RELEASES_RESOURCE,C_COL
LOW,16,moderate,1205,A,CFG0,CFG4,1,1,0,1,NONE,NONE,0,1,D,YES,GROUP_RELEASES_RESOURCE,C_COL
LOW,16,moderate,1216,A,CFG0,CFG4,1,1,0,1,NONE,NONE,0,1,D,YES,GROUP_RELEASES_RESOURCE,C_COL
LOW,16,moderate,1221,A,CFG0,CFG4,1,1,0,1,NONE,NONE,0,1,D,YES,GROUP_RELEASES_RESOURCE,C_COL
LOW,16,moderate,1226,A,CFG0,CFG4,1,1,0,1,NONE,NONE,0,1,D,YES,GROUP_RELEASES_RESOURCE,C_COL
LOW,16,moderate,1256,A,CFG0,CFG4,1,1,0,1,NONE,NONE,0,1,D,YES,GROUP_RELEASES_RESOURCE,C_COL
LOW,16,moderate,1262,A,CFG0,CFG4,1,1,0,1,NONE,NONE,0,1,D,YES,GROUP_RELEASES_RESOURCE,C_COL
LOW,16,moderate,1294,A,CFG0,CFG4,1,1,0,1,NONE,NONE,0,1,D,YES,GROUP_RELEASES_RESOURCE,C_COL
LOW,16,moderate,1295,A,CFG0,CFG4,1,1,0,1,NONE,NONE,0,1,D,YES,GROUP_RELEASES_RESOURCE,C_COL
LOW,16,moderate,1309,A,CFG0,CFG4,1,2,0,1,NONE,NONE,0,1,D,YES,GROUP_RELEASES_RESOURCE,C_COL
LOW,16,moderate,1315,A,CFG0,CFG4,1,1,0,1,NONE,NONE,0,1,D,YES,GROUP_RELEASES_RESOURCE,C_COL
LOW,16,moderate,1345,A,CFG0,CFG4,1,1,0,1,NONE,NONE,0,1,D,YES,GROUP_RELEASES_RESOURCE,C_COL
LOW,16,moderate,1364,A,CFG0,CFG4,1,1,0,1,NONE,NONE,0,1,D,YES,GROUP_RELEASES_RESOURCE,C_COL
LOW,16,moderate,1371,A,CFG0,CFG4,1,1,0,1,NONE,NONE,0,1,D,YES,GROUP_RELEASES_RESOURCE,C_COL
LOW,16,moderate,1401,A,CFG0,CFG4,1,1,0,1,NONE,NONE,0,1,D,YES,GROUP_RELEASES_RESOURCE,C_COL
LOW,16,moderate,1413,A,CFG0,CFG4,1,1,0,1,NONE,NONE,0,1,D,YES,GROUP_RELEASES_RESOURCE,C_COL
LOW,16,moderate,1422,A,CFG0,CFG4,1,2,0,1,NONE,NONE,0,1,D,YES,GROUP_RELEASES_RESOURCE,C_COL
LOW,16,moderate,1453,A,CFG0,CFG4,1,1,0,1,NONE,NONE,0,1,D,YES,GROUP_RELEASES_RESOURCE,C_COL
LOW,16,moderate,1463,A,CFG0,CFG4,1,1,0,1,NONE,NONE,0,1,D,YES,GROUP_RELEASES_RESOURCE,C_COL
LOW,16,moderate,1480,A,CFG0,CFG4,1,1,0,1,NONE,NONE,0,1,D,YES,GROUP_RELEASES_RESOURCE,C_COL
LOW,16,moderate,1483,A,CFG0,CFG4,1,1,0,1,NONE,NONE,0,1,D,YES,GROUP_RELEASES_RESOURCE,C_COL
LOW,16,moderate,1484,A,CFG0,CFG4,1,1,0,1,NONE,NONE,0,1,D,YES,GROUP_RELEASES_RESOURCE,C_COL
LOW,16,moderate,1508,A,CFG0,CFG4,1,2,0,1,NONE,NONE,0,1,D,YES,GROUP_RELEASES_RESOURCE,C_COL
LOW,16,moderate,1517,A,CFG0,CFG4,1,2,0,1,NONE,NONE,0,1,D,YES,GROUP_RELEASES_RESOURCE,C_COL
LOW,16,moderate,1522,A,CFG0,CFG4,1,1,0,1,NONE,NONE,0,1,D,YES,GROUP_RELEASES_RESOURCE,C_COL
LOW,16,moderate,1523,A,CFG0,CFG4,1,1,0,1,NONE,NONE,0,1,D,YES,GROUP_RELEASES_RESOURCE,C_COL
LOW,16,moderate,1559,A,CFG0,CFG4,1,1,0,1,NONE,NONE,0,1,D,YES,GROUP_RELEASES_RESOURCE,C_COL
LOW,16,moderate,1561,A,CFG0,CFG4,1,1,0,1,NONE,NONE,0,1,D,YES,GROUP_RELEASES_RESOURCE,C_COL
LOW,16,moderate,1586,A,CFG0,CFG4,1,2,0,1,NONE,NONE,0,1,D,YES,GROUP_RELEASES_RESOURCE,C_COL
LOW,16,moderate,1599,A,CFG0,CFG4,1,1,0,1,NONE,NONE,0,1,D,YES,GROUP_RELEASES_RESOURCE,C_COL
LOW,16,moderate,1629,A,CFG0,CFG4,1,2,0,1,NONE,NONE,0,1,D,YES,GROUP_RELEASES_RESOURCE,C_COL
LOW,16,moderate,1643,A,CFG0,CFG4,1,1,0,1,NONE,NONE,0,1,D,YES,GROUP_RELEASES_RESOURCE,C_COL
LOW,16,moderate,1660,A,CFG0,CFG4,1,1,0,1,NONE,NONE,0,1,D,YES,GROUP_RELEASES_RESOURCE,C_COL
LOW,16,moderate,1707,A,CFG0,CFG4,1,1,0,1,NONE,NONE,0,1,D,YES,GROUP_RELEASES_RESOURCE,C_COL
LOW,16,moderate,1712,A,CFG0,CFG4,1,1,0,1,NONE,NONE,0,1,D,YES,GROUP_RELEASES_RESOURCE,C_COL
LOW,16,moderate,1745,A,CFG0,CFG4,1,1,0,1,NONE,NONE,0,1,D,YES,GROUP_RELEASES_RESOURCE,C_COL
LOW,16,moderate,1750,A,CFG0,CFG4,1,1,0,1,NONE,NONE,0,1,D,YES,GROUP_RELEASES_RESOURCE,C_COL
LOW,16,moderate,1766,A,CFG0,CFG4,1,1,0,1,NONE,NONE,0,1,D,YES,GROUP_RELEASES_RESOURCE,C_COL
LOW,16,moderate,1769,A,CFG0,CFG4,1,1,0,1,NONE,NONE,0,1,D,YES,GROUP_RELEASES_RESOURCE,C_COL
LOW,16,moderate,1786,A,CFG0,CFG4,1,1,0,1,NONE,NONE,0,1,D,YES,GROUP_RELEASES_RESOURCE,C_COL
LOW,16,moderate,1793,A,CFG0,CFG4,1,1,0,1,NONE,NONE,0,1,D,YES,GROUP_RELEASES_RESOURCE,C_COL
LOW,16,moderate,1817,A,CFG0,CFG4,1,1,0,1,NONE,NONE,0,1,D,YES,GROUP_RELEASES_RESOURCE,C_COL
LOW,16,moderate,1823,A,CFG0,CFG4,1,1,0,1,NONE,NONE,0,1,D,YES,GROUP_RELEASES_RESOURCE,C_COL
LOW,16,moderate,1833,A,CFG0,CFG4,1,2,0,1,NONE,NONE,0,1,D,YES,GROUP_RELEASES_RESOURCE,C_COL
LOW,16,moderate,1838,A,CFG0,CFG4,1,1,0,1,NONE,NONE,0,1,D,YES,GROUP_RELEASES_RESOURCE,C_COL
LOW,16,moderate,1858,A,CFG0,CFG4,1,1,0,1,NONE,NONE,0,1,D,YES,GROUP_RELEASES_RESOURCE,C_COL
LOW,16,moderate,1861,A,CFG0,CFG4,1,1,0,1,NONE,NONE,0,1,D,YES,GROUP_RELEASES_RESOURCE,C_COL
LOW,16,moderate,1866,A,CFG0,CFG4,1,1,0,1,NONE,NONE,0,1,D,YES,GROUP_RELEASES_RESOURCE,C_COL
LOW,16,moderate,1888,A,CFG0,CFG4,1,1,0,1,NONE,NONE,0,1,D,YES,GROUP_RELEASES_RESOURCE,C_COL
LOW,16,moderate,1894,A,CFG0,CFG4,1,1,0,1,NONE,NONE,0,1,D,YES,GROUP_RELEASES_RESOURCE,C_COL
LOW,16,moderate,1923,A,CFG0,CFG4,1,1,0,1,NONE,NONE,0,1,D,YES,GROUP_RELEASES_RESOURCE,C_COL
LOW,16,moderate,1935,A,CFG0,CFG4,1,1,0,1,NONE,NONE,0,1,D,YES,GROUP_RELEASES_RESOURCE,C_COL
LOW,16,moderate,1951,A,CFG0,CFG4,1,1,0,1,NONE,NONE,0,1,D,YES,GROUP_RELEASES_RESOURCE,C_COL
LOW,16,moderate,1958,A,CFG0,CFG4,1,2,0,1,NONE,NONE,0,1,D,YES,GROUP_RELEASES_RESOURCE,C_COL
LOW,16,moderate,1965,A,CFG0,CFG4,1,2,0,1,NONE,NONE,0,1,D,YES,GROUP_RELEASES_RESOURCE,C_COL
LOW,16,moderate,1968,A,CFG0,CFG4,1,1,0,1,NONE,NONE,0,1,D,YES,GROUP_RELEASES_RESOURCE,C_COL
LOW,16,moderate,1970,A,CFG0,CFG4,1,1,0,1,NONE,NONE,0,1,D,YES,GROUP_RELEASES_RESOURCE,C_COL
LOW,16,moderate,1971,A,CFG0,CFG4,1,1,0,1,NONE,NONE,0,1,D,YES,GROUP_RELEASES_RESOURCE,C_COL
LOW,16,moderate,1994,A,CFG0,CFG4,1,2,0,1,NONE,NONE,0,1,D,YES,GROUP_RELEASES_RESOURCE,C_COL
LOW,16,moderate,1999,A,CFG0,CFG4,1,1,0,1,NONE,NONE,0,1,D,YES,GROUP_RELEASES_RESOURCE,C_COL
LOW,16,moderate,2000,A,CFG0,CFG4,1,1,0,1,NONE,NONE,0,1,D,YES,GROUP_RELEASES_RESOURCE,C_COL
LOW,16,moderate,2005,A,CFG0,CFG4,1,1,0,1,NONE,NONE,0,1,D,YES,GROUP_RELEASES_RESOURCE,C_COL
LOW,16,moderate,2034,A,CFG0,CFG4,1,1,0,1,NONE,NONE,0,1,D,YES,GROUP_RELEASES_RESOURCE,C_COL
LOW,16,moderate,2037,A,CFG0,CFG4,1,2,0,1,NONE,NONE,0,1,D,YES,GROUP_RELEASES_RESOURCE,C_COL
LOW,16,moderate,2052,A,CFG0,CFG4,1,2,0,1,NONE,NONE,0,1,D,YES,GROUP_RELEASES_RESOURCE,C_COL
LOW,16,moderate,2068,A,CFG0,CFG4,1,1,0,1,NONE,NONE,0,1,D,YES,GROUP_RELEASES_RESOURCE,C_COL
LOW,16,moderate,2073,A,CFG0,CFG4,1,1,0,1,NONE,NONE,0,1,D,YES,GROUP_RELEASES_RESOURCE,C_COL
LOW,16,moderate,2100,A,CFG0,CFG4,1,2,0,1,NONE,NONE,0,1,D,YES,GROUP_RELEASES_RESOURCE,C_COL
LOW,16,moderate,2106,A,CFG0,CFG4,1,1,0,1,NONE,NONE,0,1,D,YES,GROUP_RELEASES_RESOURCE,C_COL
LOW,16,moderate,2128,A,CFG0,CFG4,1,1,0,1,NONE,NONE,0,1,D,YES,GROUP_RELEASES_RESOURCE,C_COL
LOW,16,moderate,2152,A,CFG0,CFG4,1,2,0,1,NONE,NONE,0,1,D,YES,GROUP_RELEASES_RESOURCE,C_COL
LOW,16,moderate,2156,A,CFG0,CFG4,1,1,0,1,NONE,NONE,0,1,D,YES,GROUP_RELEASES_RESOURCE,C_COL
LOW,16,moderate,2160,A,CFG0,CFG4,1,1,0,1,NONE,NONE,0,1,D,YES,GROUP_RELEASES_RESOURCE,C_COL
LOW,16,moderate,2164,A,CFG0,CFG4,1,1,0,1,NONE,NONE,0,1,D,YES,GROUP_RELEASES_RESOURCE,C_COL
LOW,16,moderate,2186,A,CFG0,CFG4,1,1,0,1,NONE,NONE,0,1,D,YES,GROUP_RELEASES_RESOURCE,C_COL
LOW,16,moderate,2199,A,CFG0,CFG4,1,1,0,1,NONE,NONE,0,1,D,YES,GROUP_RELEASES_RESOURCE,C_COL
LOW,16,moderate,2212,A,CFG0,CFG4,1,2,0,1,NONE,NONE,0,1,D,YES,GROUP_RELEASES_RESOURCE,C_COL
LOW,16,moderate,2216,A,CFG0,CFG4,1,1,0,1,NONE,NONE,0,1,D,YES,GROUP_RELEASES_RESOURCE,C_COL
LOW,16,moderate,2230,A,CFG0,CFG4,1,1,0,1,NONE,NONE,0,1,D,YES,GROUP_RELEASES_RESOURCE,C_COL
LOW,16,moderate,2232,A,CFG0,CFG4,1,1,0,1,NONE,NONE,0,1,D,YES,GROUP_RELEASES_RESOURCE,C_COL
LOW,16,moderate,2261,A,CFG0,CFG4,1,2,0,1,NONE,NONE,0,1,D,YES,GROUP_RELEASES_RESOURCE,C_COL
LOW,16,moderate,2336,A,CFG0,CFG4,1,1,0,1,NONE,NONE,0,1,D,YES,GROUP_RELEASES_RESOURCE,C_COL
LOW,16,moderate,2345,A,CFG0,CFG4,1,2,0,1,NONE,NONE,0,1,D,YES,GROUP_RELEASES_RESOURCE,C_COL
LOW,16,moderate,2347,A,CFG0,CFG4,1,1,0,1,NONE,NONE,0,1,D,YES,GROUP_RELEASES_RESOURCE,C_COL
LOW,16,moderate,2354,A,CFG0,CFG4,1,1,0,1,NONE,NONE,0,1,D,YES,GROUP_RELEASES_RESOURCE,C_COL
LOW,16,moderate,2355,A,CFG0,CFG4,1,2,0,1,NONE,NONE,0,1,D,YES,GROUP_RELEASES_RESOURCE,C_COL
LOW,16,moderate,2371,A,CFG0,CFG4,1,1,0,1,NONE,NONE,0,1,D,YES,GROUP_RELEASES_RESOURCE,C_COL
LOW,16,moderate,2409,A,CFG0,CFG4,1,1,0,1,NONE,NONE,0,1,D,YES,GROUP_RELEASES_RESOURCE,C_COL
LOW,16,moderate,2410,A,CFG0,CFG4,1,1,0,1,NONE,NONE,0,1,D,YES,GROUP_RELEASES_RESOURCE,C_COL
LOW,16,moderate,2439,A,CFG0,CFG4,1,1,0,1,NONE,NONE,0,1,D,YES,GROUP_RELEASES_RESOURCE,C_COL
LOW,16,moderate,2459,A,CFG0,CFG4,1,2,0,1,NONE,NONE,0,1,D,YES,GROUP_RELEASES_RESOURCE,C_COL
LOW,16,moderate,2481,A,CFG0,CFG4,1,1,0,1,NONE,NONE,0,1,D,YES,GROUP_RELEASES_RESOURCE,C_COL
LOW,16,moderate,2484,A,CFG0,CFG4,1,1,0,1,NONE,NONE,0,1,D,YES,GROUP_RELEASES_RESOURCE,C_COL
LOW,16,moderate,2501,A,CFG0,CFG4,1,1,0,1,NONE,NONE,0,1,D,YES,GROUP_RELEASES_RESOURCE,C_COL
LOW,16,moderate,2514,A,CFG0,CFG4,1,1,0,1,NONE,NONE,0,1,D,YES,GROUP_RELEASES_RESOURCE,C_COL
LOW,16,moderate,2515,A,CFG0,CFG4,1,2,0,1,NONE,NONE,0,1,D,YES,GROUP_RELEASES_RESOURCE,C_COL
LOW,16,moderate,2560,A,CFG0,CFG4,1,1,0,1,NONE,NONE,0,1,D,YES,GROUP_RELEASES_RESOURCE,C_COL
LOW,16,moderate,2573,A,CFG0,CFG4,1,1,0,1,NONE,NONE,0,1,D,YES,GROUP_RELEASES_RESOURCE,C_COL
LOW,16,moderate,2634,A,CFG0,CFG4,1,2,0,1,NONE,NONE,0,1,D,YES,GROUP_RELEASES_RESOURCE,C_COL
LOW,16,moderate,2691,A,CFG0,CFG4,1,1,0,1,NONE,NONE,0,1,D,YES,GROUP_RELEASES_RESOURCE,C_COL
LOW,16,moderate,2710,A,CFG0,CFG4,1,1,0,1,NONE,NONE,0,1,D,YES,GROUP_RELEASES_RESOURCE,C_COL
LOW,16,moderate,2726,A,CFG0,CFG4,1,1,0,1,NONE,NONE,0,1,D,YES,GROUP_RELEASES_RESOURCE,C_COL
LOW,16,moderate,2732,A,CFG0,CFG4,1,1,0,1,NONE,NONE,0,1,D,YES,GROUP_RELEASES_RESOURCE,C_COL
LOW,16,moderate,2743,A,CFG0,CFG4,1,1,0,1,NONE,NONE,0,1,D,YES,GROUP_RELEASES_RESOURCE,C_COL
LOW,16,moderate,2768,A,CFG0,CFG4,1,1,0,1,NONE,NONE,0,1,D,YES,GROUP_RELEASES_RESOURCE,C_COL
LOW,16,moderate,2780,A,CFG0,CFG4,1,1,0,1,NONE,NONE,0,1,D,YES,GROUP_RELEASES_RESOURCE,C_COL
LOW,16,moderate,2782,A,CFG0,CFG4,1,1,0,1,NONE,NONE,0,1,D,YES,GROUP_RELEASES_RESOURCE,C_COL
LOW,16,moderate,2793,A,CFG0,CFG4,1,1,0,1,NONE,NONE,0,1,D,YES,GROUP_RELEASES_RESOURCE,C_COL
LOW,16,moderate,2809,A,CFG0,CFG4,1,1,0,1,NONE,NONE,0,1,D,YES,GROUP_RELEASES_RESOURCE,C_COL
LOW,16,moderate,2814,A,CFG0,CFG4,1,1,0,1,NONE,NONE,0,1,D,YES,GROUP_RELEASES_RESOURCE,C_COL
LOW,16,moderate,2815,A,CFG0,CFG4,1,1,0,1,NONE,NONE,0,1,D,YES,GROUP_RELEASES_RESOURCE,C_COL
LOW,16,moderate,2817,A,CFG0,CFG4,1,1,0,1,NONE,NONE,0,1,D,YES,GROUP_RELEASES_RESOURCE,C_COL
LOW,16,moderate,2822,A,CFG0,CFG4,1,1,0,1,NONE,NONE,0,1,D,YES,GROUP_RELEASES_RESOURCE,C_COL
LOW,16,moderate,2824,A,CFG0,CFG4,1,1,0,1,NONE,NONE,0,1,D,YES,GROUP_RELEASES_RESOURCE,C_COL
LOW,16,moderate,2826,A,CFG0,CFG4,1,2,0,1,NONE,NONE,0,1,D,YES,GROUP_RELEASES_RESOURCE,C_COL
LOW,16,moderate,2840,A,CFG0,CFG4,1,1,0,1,NONE,NONE,0,1,D,YES,GROUP_RELEASES_RESOURCE,C_COL
LOW,16,moderate,2849,A,CFG0,CFG4,1,1,0,1,NONE,NONE,0,1,D,YES,GROUP_RELEASES_RESOURCE,C_COL
LOW,16,moderate,2860,A,CFG0,CFG4,1,2,0,1,NONE,NONE,0,1,D,YES,GROUP_RELEASES_RESOURCE,C_COL
LOW,16,moderate,2915,A,CFG0,CFG4,1,1,0,1,NONE,NONE,0,1,D,YES,GROUP_RELEASES_RESOURCE,C_COL
LOW,16,moderate,2920,A,CFG0,CFG4,1,1,0,1,NONE,NONE,0,1,D,YES,GROUP_RELEASES_RESOURCE,C_COL
LOW,16,moderate,2932,A,CFG0,CFG4,1,1,0,1,NONE,NONE,0,1,D,YES,GROUP_RELEASES_RESOURCE,C_COL
LOW,16,moderate,2941,A,CFG0,CFG4,1,1,0,1,NONE,NONE,0,1,D,YES,GROUP_RELEASES_RESOURCE,C_COL
LOW,16,moderate,2948,A,CFG0,CFG4,1,1,0,1,NONE,NONE,0,1,D,YES,GROUP_RELEASES_RESOURCE,C_COL
LOW,16,moderate,2957,A,CFG0,CFG4,1,1,0,1,NONE,NONE,0,1,D,YES,GROUP_RELEASES_RESOURCE,C_COL
LOW,16,moderate,2963,A,CFG0,CFG4,1,1,0,1,NONE,NONE,0,1,D,YES,GROUP_RELEASES_RESOURCE,C_COL
LOW,16,moderate,2973,A,CFG0,CFG4,1,1,0,1,NONE,NONE,0,1,D,YES,GROUP_RELEASES_RESOURCE,C_COL
LOW,16,moderate,2983,A,CFG0,CFG4,1,1,0,1,NONE,NONE,0,1,D,YES,GROUP_RELEASES_RESOURCE,C_COL
LOW,16,moderate,2984,A,CFG0,CFG4,1,2,0,1,NONE,NONE,0,1,D,YES,GROUP_RELEASES_RESOURCE,C_COL
LOW,16,moderate,2987,A,CFG0,CFG4,1,2,0,1,NONE,NONE,0,1,D,YES,GROUP_RELEASES_RESOURCE,C_COL
LOW,16,moderate,3000,A,CFG0,CFG4,1,1,0,1,NONE,NONE,0,1,D,YES,GROUP_RELEASES_RESOURCE,C_COL
LOW,16,moderate,3003,A,CFG0,CFG4,1,1,0,1,NONE,NONE,0,1,D,YES,GROUP_RELEASES_RESOURCE,C_COL
LOW,16,moderate,3008,A,CFG0,CFG4,1,1,0,1,NONE,NONE,0,1,D,YES,GROUP_RELEASES_RESOURCE,C_COL
LOW,16,moderate,3016,A,CFG0,CFG4,1,1,0,1,NONE,NONE,0,1,D,YES,GROUP_RELEASES_RESOURCE,C_COL
LOW,16,moderate,3017,A,CFG0,CFG4,1,1,0,1,NONE,NONE,0,1,D,YES,GROUP_RELEASES_RESOURCE,C_COL
LOW,16,moderate,3046,A,CFG0,CFG4,1,1,0,1,NONE,NONE,0,1,D,YES,GROUP_RELEASES_RESOURCE,C_COL
LOW,16,moderate,3055,A,CFG0,CFG4,1,1,0,1,NONE,NONE,0,1,D,YES,GROUP_RELEASES_RESOURCE,C_COL
LOW,16,moderate,3061,A,CFG0,CFG4,1,2,0,1,NONE,NONE,0,1,D,YES,GROUP_RELEASES_RESOURCE,C_COL
LOW,16,moderate,3079,A,CFG0,CFG4,1,1,0,1,NONE,NONE,0,1,D,YES,GROUP_RELEASES_RESOURCE,C_COL
LOW,16,moderate,3118,A,CFG0,CFG4,1,2,0,1,NONE,NONE,0,1,D,YES,GROUP_RELEASES_RESOURCE,C_COL
LOW,16,moderate,3124,A,CFG0,CFG4,1,2,0,1,NONE,NONE,0,1,D,YES,GROUP_RELEASES_RESOURCE,C_COL
LOW,16,moderate,3129,A,CFG0,CFG4,1,1,0,1,NONE,NONE,0,1,D,YES,GROUP_RELEASES_RESOURCE,C_COL
LOW,16,moderate,3138,A,CFG0,CFG4,1,1,0,1,NONE,NONE,0,1,D,YES,GROUP_RELEASES_RESOURCE,C_COL
LOW,16,moderate,3143,A,CFG0,CFG4,1,1,0,1,NONE,NONE,0,1,D,YES,GROUP_RELEASES_RESOURCE,C_COL
LOW,16,moderate,3153,A,CFG0,CFG4,1,1,0,1,NONE,NONE,0,1,D,YES,GROUP_RELEASES_RESOURCE,C_COL
LOW,16,moderate,3163,A,CFG0,CFG4,1,1,0,1,NONE,NONE,0,1,D,YES,GROUP_RELEASES_RESOURCE,C_COL
LOW,16,moderate,3169,A,CFG0,CFG4,1,2,0,1,NONE,NONE,0,1,D,YES,GROUP_RELEASES_RESOURCE,C_COL
LOW,16,moderate,3171,A,CFG0,CFG4,1,2,0,1,NONE,NONE,0,1,D,YES,GROUP_RELEASES_RESOURCE,C_COL
LOW,16,moderate,3182,A,CFG0,CFG4,1,1,0,1,NONE,NONE,0,1,D,YES,GROUP_RELEASES_RESOURCE,C_COL
LOW,16,moderate,3203,A,CFG0,CFG4,1,1,0,1,NONE,NONE,0,1,D,YES,GROUP_RELEASES_RESOURCE,C_COL
LOW,16,moderate,3205,A,CFG0,CFG4,1,1,0,1,NONE,NONE,0,1,D,YES,GROUP_RELEASES_RESOURCE,C_COL
LOW,16,moderate,3206,A,CFG0,CFG4,1,1,0,1,NONE,NONE,0,1,D,YES,GROUP_RELEASES_RESOURCE,C_COL
LOW,16,moderate,3207,A,CFG0,CFG4,1,1,0,1,NONE,NONE,0,1,D,YES,GROUP_RELEASES_RESOURCE,C_COL
LOW,16,moderate,3208,A,CFG0,CFG4,1,2,0,1,NONE,NONE,0,1,D,YES,GROUP_RELEASES_RESOURCE,C_COL
LOW,16,moderate,3237,A,CFG0,CFG4,1,1,0,1,NONE,NONE,0,1,D,YES,GROUP_RELEASES_RESOURCE,C_COL
LOW,16,moderate,3298,A,CFG0,CFG4,1,1,0,1,NONE,NONE,0,1,D,YES,GROUP_RELEASES_RESOURCE,C_COL
LOW,16,moderate,3305,A,CFG0,CFG4,1,1,0,1,NONE,NONE,0,1,D,YES,GROUP_RELEASES_RESOURCE,C_COL
LOW,16,moderate,3349,A,CFG0,CFG4,1,1,0,1,NONE,NONE,0,1,D,YES,GROUP_RELEASES_RESOURCE,C_COL
LOW,16,moderate,3358,A,CFG0,CFG4,1,1,0,1,NONE,NONE,0,1,D,YES,GROUP_RELEASES_RESOURCE,C_COL
LOW,16,moderate,3363,A,CFG0,CFG4,1,2,0,1,NONE,NONE,0,1,D,YES,GROUP_RELEASES_RESOURCE,C_COL
LOW,16,moderate,3366,A,CFG0,CFG4,1,1,0,1,NONE,NONE,0,1,D,YES,GROUP_RELEASES_RESOURCE,C_COL
LOW,16,moderate,3388,A,CFG0,CFG4,1,1,0,1,NONE,NONE,0,1,D,YES,GROUP_RELEASES_RESOURCE,C_COL
LOW,16,moderate,3393,A,CFG0,CFG4,1,1,0,1,NONE,NONE,0,1,D,YES,GROUP_RELEASES_RESOURCE,C_COL
LOW,16,moderate,3404,A,CFG0,CFG4,1,1,0,1,NONE,NONE,0,1,D,YES,GROUP_RELEASES_RESOURCE,C_COL
LOW,16,moderate,3430,A,CFG0,CFG4,1,1,0,1,NONE,NONE,0,1,D,YES,GROUP_RELEASES_RESOURCE,C_COL
LOW,16,moderate,3436,A,CFG0,CFG4,1,1,0,1,NONE,NONE,0,1,D,YES,GROUP_RELEASES_RESOURCE,C_COL
LOW,16,moderate,3440,A,CFG0,CFG4,1,1,0,1,NONE,NONE,0,1,D,YES,GROUP_RELEASES_RESOURCE,C_COL
LOW,16,moderate,3452,A,CFG0,CFG4,1,1,0,1,NONE,NONE,0,1,D,YES,GROUP_RELEASES_RESOURCE,C_COL
LOW,16,moderate,3489,A,CFG0,CFG4,1,2,0,1,NONE,NONE,0,1,D,YES,GROUP_RELEASES_RESOURCE,C_COL
LOW,16,moderate,3494,A,CFG0,CFG4,1,1,0,1,NONE,NONE,0,1,D,YES,GROUP_RELEASES_RESOURCE,C_COL
LOW,16,moderate,3501,A,CFG0,CFG4,1,1,0,1,NONE,NONE,0,1,D,YES,GROUP_RELEASES_RESOURCE,C_COL
LOW,16,moderate,3523,A,CFG0,CFG4,1,1,0,1,NONE,NONE,0,1,D,YES,GROUP_RELEASES_RESOURCE,C_COL
LOW,16,moderate,3530,A,CFG0,CFG4,1,1,0,1,NONE,NONE,0,1,D,YES,GROUP_RELEASES_RESOURCE,C_COL
LOW,16,moderate,3531,A,CFG0,CFG4,1,1,0,1,NONE,NONE,0,1,D,YES,GROUP_RELEASES_RESOURCE,C_COL
LOW,16,moderate,3532,A,CFG0,CFG4,1,1,0,1,NONE,NONE,0,1,D,YES,GROUP_RELEASES_RESOURCE,C_COL
LOW,16,moderate,3545,A,CFG0,CFG4,1,2,0,1,NONE,NONE,0,1,D,YES,GROUP_RELEASES_RESOURCE,C_COL
LOW,16,moderate,3551,A,CFG0,CFG4,1,1,0,1,NONE,NONE,0,1,D,YES,GROUP_RELEASES_RESOURCE,C_COL
LOW,16,moderate,3559,A,CFG0,CFG4,1,1,0,1,NONE,NONE,0,1,D,YES,GROUP_RELEASES_RESOURCE,C_COL
LOW,16,moderate,3563,A,CFG0,CFG4,1,1,0,1,NONE,NONE,0,1,D,YES,GROUP_RELEASES_RESOURCE,C_COL
LOW,16,moderate,3567,A,CFG0,CFG4,1,1,0,1,NONE,NONE,0,1,D,YES,GROUP_RELEASES_RESOURCE,C_COL
LOW,16,moderate,3577,A,CFG0,CFG4,1,2,0,1,NONE,NONE,0,1,D,YES,GROUP_RELEASES_RESOURCE,C_COL
LOW,16,moderate,3586,A,CFG0,CFG4,1,1,0,1,NONE,NONE,0,1,D,YES,GROUP_RELEASES_RESOURCE,C_COL
LOW,16,moderate,3600,A,CFG0,CFG4,1,2,0,1,NONE,NONE,0,1,D,YES,GROUP_RELEASES_RESOURCE,C_COL
LOW,16,moderate,3603,A,CFG0,CFG4,1,1,0,1,NONE,NONE,0,1,D,YES,GROUP_RELEASES_RESOURCE,C_COL
LOW,16,moderate,3612,A,CFG0,CFG4,1,1,0,1,NONE,NONE,0,1,D,YES,GROUP_RELEASES_RESOURCE,C_COL
LOW,16,moderate,3623,A,CFG0,CFG4,1,1,0,1,NONE,NONE,0,1,D,YES,GROUP_RELEASES_RESOURCE,C_COL
LOW,16,moderate,3625,A,CFG0,CFG4,1,1,0,1,NONE,NONE,0,1,D,YES,GROUP_RELEASES_RESOURCE,C_COL
LOW,16,moderate,3663,A,CFG0,CFG4,1,2,0,1,NONE,NONE,0,1,D,YES,GROUP_RELEASES_RESOURCE,C_COL
LOW,16,moderate,3674,A,CFG0,CFG4,1,1,0,1,NONE,NONE,0,1,D,YES,GROUP_RELEASES_RESOURCE,C_COL
LOW,16,moderate,3680,A,CFG0,CFG4,1,1,0,1,NONE,NONE,0,1,D,YES,GROUP_RELEASES_RESOURCE,C_COL
LOW,16,moderate,3700,A,CFG0,CFG4,1,1,0,1,NONE,NONE,0,1,D,YES,GROUP_RELEASES_RESOURCE,C_COL
LOW,16,moderate,3706,A,CFG0,CFG4,1,2,0,1,NONE,NONE,0,1,D,YES,GROUP_RELEASES_RESOURCE,C_COL
LOW,16,moderate,3722,A,CFG0,CFG4,1,1,0,1,NONE,NONE,0,1,D,YES,GROUP_RELEASES_RESOURCE,C_COL
LOW,16,moderate,3726,A,CFG0,CFG4,1,1,0,1,NONE,NONE,0,1,D,YES,GROUP_RELEASES_RESOURCE,C_COL
LOW,16,moderate,3728,A,CFG0,CFG4,1,1,0,1,NONE,NONE,0,1,D,YES,GROUP_RELEASES_RESOURCE,C_COL
LOW,16,moderate,3744,A,CFG0,CFG4,1,1,0,1,NONE,NONE,0,1,D,YES,GROUP_RELEASES_RESOURCE,C_COL
LOW,16,moderate,3753,A,CFG0,CFG4,1,1,0,1,NONE,NONE,0,1,D,YES,GROUP_RELEASES_RESOURCE,C_COL
LOW,16,moderate,3770,A,CFG0,CFG4,1,2,0,1,NONE,NONE,0,1,D,YES,GROUP_RELEASES_RESOURCE,C_COL
LOW,16,moderate,3797,A,CFG0,CFG4,1,2,0,1,NONE,NONE,0,1,D,YES,GROUP_RELEASES_RESOURCE,C_COL
LOW,16,moderate,3810,A,CFG0,CFG4,1,2,0,1,NONE,NONE,0,1,D,YES,GROUP_RELEASES_RESOURCE,C_COL
LOW,16,moderate,3825,A,CFG0,CFG4,1,1,0,1,NONE,NONE,0,1,D,YES,GROUP_RELEASES_RESOURCE,C_COL
LOW,16,moderate,3834,A,CFG0,CFG4,1,1,0,1,NONE,NONE,0,1,D,YES,GROUP_RELEASES_RESOURCE,C_COL
LOW,16,moderate,3842,A,CFG0,CFG4,1,2,0,1,NONE,NONE,0,1,D,YES,GROUP_RELEASES_RESOURCE,C_COL
LOW,16,moderate,3843,A,CFG0,CFG4,1,1,0,1,NONE,NONE,0,1,D,YES,GROUP_RELEASES_RESOURCE,C_COL
LOW,16,moderate,3845,A,CFG0,CFG4,1,1,0,1,NONE,NONE,0,1,D,YES,GROUP_RELEASES_RESOURCE,C_COL
LOW,16,moderate,3868,A,CFG0,CFG4,1,1,0,1,NONE,NONE,0,1,D,YES,GROUP_RELEASES_RESOURCE,C_COL
LOW,16,moderate,3870,A,CFG0,CFG4,1,1,0,1,NONE,NONE,0,1,D,YES,GROUP_RELEASES_RESOURCE,C_COL
LOW,16,moderate,3877,A,CFG0,CFG4,1,1,0,1,NONE,NONE,0,1,D,YES,GROUP_RELEASES_RESOURCE,C_COL
LOW,16,moderate,3886,A,CFG0,CFG4,1,1,0,1,NONE,NONE,0,1,D,YES,GROUP_RELEASES_RESOURCE,C_COL
LOW,16,moderate,3887,A,CFG0,CFG4,1,1,0,1,NONE,NONE,0,1,D,YES,GROUP_RELEASES_RESOURCE,C_COL
LOW,16,moderate,3902,A,CFG0,CFG4,1,1,0,1,NONE,NONE,0,1,D,YES,GROUP_RELEASES_RESOURCE,C_COL
LOW,16,moderate,3915,A,CFG0,CFG4,1,1,0,1,NONE,NONE,0,1,D,YES,GROUP_RELEASES_RESOURCE,C_COL
LOW,16,moderate,3922,A,CFG0,CFG4,1,1,0,1,NONE,NONE,0,1,D,YES,GROUP_RELEASES_RESOURCE,C_COL
LOW,16,moderate,3953,A,CFG0,CFG4,1,1,0,1,NONE,NONE,0,1,D,YES,GROUP_RELEASES_RESOURCE,C_COL
LOW,16,moderate,3956,A,CFG0,CFG4,1,1,0,1,NONE,NONE,0,1,D,YES,GROUP_RELEASES_RESOURCE,C_COL
LOW,16,moderate,3958,A,CFG0,CFG4,1,1,0,1,NONE,NONE,0,1,D,YES,GROUP_RELEASES_RESOURCE,C_COL
LOW,16,moderate,3976,A,CFG0,CFG4,1,2,0,1,NONE,NONE,0,1,D,YES,GROUP_RELEASES_RESOURCE,C_COL
LOW,16,moderate,4000,A,CFG0,CFG4,1,1,0,1,NONE,NONE,0,1,D,YES,GROUP_RELEASES_RESOURCE,C_COL
LOW,16,moderate,4015,A,CFG0,CFG4,1,2,0,1,NONE,NONE,0,1,D,YES,GROUP_RELEASES_RESOURCE,C_COL
LOW,16,moderate,4018,A,CFG0,CFG4,1,1,0,1,NONE,NONE,0,1,D,YES,GROUP_RELEASES_RESOURCE,C_COL
LOW,16,moderate,4019,A,CFG0,CFG4,1,1,0,1,NONE,NONE,0,1,D,YES,GROUP_RELEASES_RESOURCE,C_COL
LOW,16,moderate,4037,A,CFG0,CFG4,1,1,0,1,NONE,NONE,0,1,D,YES,GROUP_RELEASES_RESOURCE,C_COL
LOW,16,moderate,4054,A,CFG0,CFG4,1,1,0,1,NONE,NONE,0,1,D,YES,GROUP_RELEASES_RESOURCE,C_COL
LOW,16,moderate,4058,A,CFG0,CFG4,1,1,0,1,NONE,NONE,0,1,D,YES,GROUP_RELEASES_RESOURCE,C_COL
LOW,16,moderate,4073,A,CFG0,CFG4,1,1,0,1,NONE,NONE,0,1,D,YES,GROUP_RELEASES_RESOURCE,C_COL
LOW,16,moderate,4087,A,CFG0,CFG4,1,2,0,1,NONE,NONE,0,1,D,YES,GROUP_RELEASES_RESOURCE,C_COL
LOW,16,moderate,4098,A,CFG0,CFG4,1,1,0,1,NONE,NONE,0,1,D,YES,GROUP_RELEASES_RESOURCE,C_COL
LOW,16,moderate,4108,A,CFG0,CFG4,1,1,0,1,NONE,NONE,0,1,D,YES,GROUP_RELEASES_RESOURCE,C_COL
LOW,16,moderate,4109,A,CFG0,CFG4,1,2,0,1,NONE,NONE,0,1,D,YES,GROUP_RELEASES_RESOURCE,C_COL
LOW,16,moderate,4116,A,CFG0,CFG4,1,1,0,1,NONE,NONE,0,1,D,YES,GROUP_RELEASES_RESOURCE,C_COL
LOW,16,moderate,4185,A,CFG0,CFG4,1,1,0,1,NONE,NONE,0,1,D,YES,GROUP_RELEASES_RESOURCE,C_COL
LOW,16,moderate,4197,A,CFG0,CFG4,1,2,0,1,NONE,NONE,0,1,D,YES,GROUP_RELEASES_RESOURCE,C_COL
LOW,16,moderate,4204,A,CFG0,CFG4,1,2,0,1,NONE,NONE,0,1,D,YES,GROUP_RELEASES_RESOURCE,C_COL
LOW,16,moderate,4233,A,CFG0,CFG4,1,1,0,1,NONE,NONE,0,1,D,YES,GROUP_RELEASES_RESOURCE,C_COL
LOW,16,moderate,4249,A,CFG0,CFG4,1,1,0,1,NONE,NONE,0,1,D,YES,GROUP_RELEASES_RESOURCE,C_COL
LOW,16,moderate,4266,A,CFG0,CFG4,1,1,0,1,NONE,NONE,0,1,D,YES,GROUP_RELEASES_RESOURCE,C_COL
LOW,16,moderate,4273,A,CFG0,CFG4,1,1,0,1,NONE,NONE,0,1,D,YES,GROUP_RELEASES_RESOURCE,C_COL
LOW,16,moderate,4277,A,CFG0,CFG4,1,2,0,1,NONE,NONE,0,1,D,YES,GROUP_RELEASES_RESOURCE,C_COL
LOW,16,moderate,4286,A,CFG0,CFG4,1,1,0,1,NONE,NONE,0,1,D,YES,GROUP_RELEASES_RESOURCE,C_COL
LOW,16,moderate,4304,A,CFG0,CFG4,1,2,0,1,NONE,NONE,0,1,D,YES,GROUP_RELEASES_RESOURCE,C_COL
LOW,16,moderate,4329,A,CFG0,CFG4,1,2,0,1,NONE,NONE,0,1,D,YES,GROUP_RELEASES_RESOURCE,C_COL
LOW,16,moderate,4340,A,CFG0,CFG4,1,1,0,1,NONE,NONE,0,1,D,YES,GROUP_RELEASES_RESOURCE,C_COL
LOW,16,moderate,4344,A,CFG0,CFG4,1,1,0,1,NONE,NONE,0,1,D,YES,GROUP_RELEASES_RESOURCE,C_COL
LOW,16,moderate,4357,A,CFG0,CFG4,1,1,0,1,NONE,NONE,0,1,D,YES,GROUP_RELEASES_RESOURCE,C_COL
LOW,16,moderate,4374,A,CFG0,CFG4,1,1,0,1,NONE,NONE,0,1,D,YES,GROUP_RELEASES_RESOURCE,C_COL
LOW,16,moderate,4382,A,CFG0,CFG4,1,1,0,1,NONE,NONE,0,1,D,YES,GROUP_RELEASES_RESOURCE,C_COL
LOW,16,moderate,4390,A,CFG0,CFG4,1,1,0,1,NONE,NONE,0,1,D,YES,GROUP_RELEASES_RESOURCE,C_COL
LOW,16,moderate,4395,A,CFG0,CFG4,1,1,0,1,NONE,NONE,0,1,D,YES,GROUP_RELEASES_RESOURCE,C_COL
LOW,16,moderate,4405,A,CFG0,CFG4,1,1,0,1,NONE,NONE,0,1,D,YES,GROUP_RELEASES_RESOURCE,C_COL
LOW,16,moderate,4408,A,CFG0,CFG4,1,1,0,1,NONE,NONE,0,1,D,YES,GROUP_RELEASES_RESOURCE,C_COL
LOW,16,moderate,4434,A,CFG0,CFG4,1,2,0,1,NONE,NONE,0,1,D,YES,GROUP_RELEASES_RESOURCE,C_COL
LOW,16,moderate,4448,A,CFG0,CFG4,1,1,0,1,NONE,NONE,0,1,D,YES,GROUP_RELEASES_RESOURCE,C_COL
LOW,16,moderate,4455,A,CFG0,CFG4,1,1,0,1,NONE,NONE,0,1,D,YES,GROUP_RELEASES_RESOURCE,C_COL
LOW,16,moderate,4456,A,CFG0,CFG4,1,1,0,1,NONE,NONE,0,1,D,YES,GROUP_RELEASES_RESOURCE,C_COL
LOW,16,moderate,4494,A,CFG0,CFG4,1,1,0,1,NONE,NONE,0,1,D,YES,GROUP_RELEASES_RESOURCE,C_COL
LOW,16,moderate,4503,A,CFG0,CFG4,1,1,0,1,NONE,NONE,0,1,D,YES,GROUP_RELEASES_RESOURCE,C_COL
LOW,16,moderate,4529,A,CFG0,CFG4,1,2,0,1,NONE,NONE,0,1,D,YES,GROUP_RELEASES_RESOURCE,C_COL
LOW,16,moderate,4545,A,CFG0,CFG4,1,1,0,1,NONE,NONE,0,1,D,YES,GROUP_RELEASES_RESOURCE,C_COL
LOW,16,moderate,4576,A,CFG0,CFG4,1,1,0,1,NONE,NONE,0,1,D,YES,GROUP_RELEASES_RESOURCE,C_COL
LOW,16,moderate,4599,A,CFG0,CFG4,1,1,0,1,NONE,NONE,0,1,D,YES,GROUP_RELEASES_RESOURCE,C_COL
LOW,16,moderate,4601,A,CFG0,CFG4,1,1,0,1,NONE,NONE,0,1,D,YES,GROUP_RELEASES_RESOURCE,C_COL
LOW,16,moderate,4606,A,CFG0,CFG4,1,1,0,1,NONE,NONE,0,1,D,YES,GROUP_RELEASES_RESOURCE,C_COL
LOW,16,moderate,4609,A,CFG0,CFG4,1,1,0,1,NONE,NONE,0,1,D,YES,GROUP_RELEASES_RESOURCE,C_COL
LOW,16,moderate,4637,A,CFG0,CFG4,1,2,0,1,NONE,NONE,0,1,D,YES,GROUP_RELEASES_RESOURCE,C_COL
LOW,16,moderate,4666,A,CFG0,CFG4,1,1,0,1,NONE,NONE,0,1,D,YES,GROUP_RELEASES_RESOURCE,C_COL
LOW,16,moderate,4672,A,CFG0,CFG4,1,2,0,1,NONE,NONE,0,1,D,YES,GROUP_RELEASES_RESOURCE,C_COL
LOW,16,moderate,4674,A,CFG0,CFG4,1,1,0,1,NONE,NONE,0,1,D,YES,GROUP_RELEASES_RESOURCE,C_COL
LOW,16,moderate,4679,A,CFG0,CFG4,1,1,0,1,NONE,NONE,0,1,D,YES,GROUP_RELEASES_RESOURCE,C_COL
LOW,16,moderate,4693,A,CFG0,CFG4,1,1,0,1,NONE,NONE,0,1,D,YES,GROUP_RELEASES_RESOURCE,C_COL
LOW,16,moderate,4704,A,CFG0,CFG4,1,1,0,1,NONE,NONE,0,1,D,YES,GROUP_RELEASES_RESOURCE,C_COL
LOW,16,moderate,4705,A,CFG0,CFG4,1,1,0,1,NONE,NONE,0,1,D,YES,GROUP_RELEASES_RESOURCE,C_COL
LOW,16,moderate,4717,A,CFG0,CFG4,1,2,0,1,NONE,NONE,0,1,D,YES,GROUP_RELEASES_RESOURCE,C_COL
LOW,16,moderate,4773,A,CFG0,CFG4,1,2,0,1,NONE,NONE,0,1,D,YES,GROUP_RELEASES_RESOURCE,C_COL
LOW,16,moderate,4779,A,CFG0,CFG4,1,2,0,1,NONE,NONE,0,1,D,YES,GROUP_RELEASES_RESOURCE,C_COL
LOW,16,moderate,4788,A,CFG0,CFG4,1,1,0,1,NONE,NONE,0,1,D,YES,GROUP_RELEASES_RESOURCE,C_COL
LOW,16,moderate,4794,A,CFG0,CFG4,1,1,0,1,NONE,NONE,0,1,D,YES,GROUP_RELEASES_RESOURCE,C_COL
LOW,16,moderate,4834,A,CFG0,CFG4,1,1,0,1,NONE,NONE,0,1,D,YES,GROUP_RELEASES_RESOURCE,C_COL
LOW,16,moderate,4839,A,CFG0,CFG4,1,1,0,1,NONE,NONE,0,1,D,YES,GROUP_RELEASES_RESOURCE,C_COL
LOW,16,moderate,4870,A,CFG0,CFG4,1,1,0,1,NONE,NONE,0,1,D,YES,GROUP_RELEASES_RESOURCE,C_COL
LOW,16,moderate,4890,A,CFG0,CFG4,1,1,0,1,NONE,NONE,0,1,D,YES,GROUP_RELEASES_RESOURCE,C_COL
LOW,16,moderate,4913,A,CFG0,CFG4,1,1,0,1,NONE,NONE,0,1,D,YES,GROUP_RELEASES_RESOURCE,C_COL
LOW,16,moderate,4923,A,CFG0,CFG4,1,1,0,1,NONE,NONE,0,1,D,YES,GROUP_RELEASES_RESOURCE,C_COL
LOW,16,moderate,4928,A,CFG0,CFG4,1,2,0,1,NONE,NONE,0,1,D,YES,GROUP_RELEASES_RESOURCE,C_COL
LOW,16,moderate,4935,A,CFG0,CFG4,1,1,0,1,NONE,NONE,0,1,D,YES,GROUP_RELEASES_RESOURCE,C_COL
LOW,16,moderate,4942,A,CFG0,CFG4,1,2,0,1,NONE,NONE,0,1,D,YES,GROUP_RELEASES_RESOURCE,C_COL
LOW,16,moderate,4959,A,CFG0,CFG4,1,1,0,1,NONE,NONE,0,1,D,YES,GROUP_RELEASES_RESOURCE,C_COL
LOW,16,moderate,4963,A,CFG0,CFG4,1,1,0,1,NONE,NONE,0,1,D,YES,GROUP_RELEASES_RESOURCE,C_COL
LOW,16,moderate,4971,A,CFG0,CFG4,1,1,0,1,NONE,NONE,0,1,D,YES,GROUP_RELEASES_RESOURCE,C_COL
LOW,16,moderate,4999,A,CFG0,CFG4,1,2,0,1,NONE,NONE,0,1,D,YES,GROUP_RELEASES_RESOURCE,C_COL
LOW,16,moderate,5016,A,CFG0,CFG4,1,1,0,1,NONE,NONE,0,1,D,YES,GROUP_RELEASES_RESOURCE,C_COL
LOW,16,moderate,5020,A,CFG0,CFG4,1,1,0,1,NONE,NONE,0,1,D,YES,GROUP_RELEASES_RESOURCE,C_COL
LOW,16,moderate,5028,A,CFG0,CFG4,1,1,0,1,NONE,NONE,0,1,D,YES,GROUP_RELEASES_RESOURCE,C_COL
LOW,16,moderate,5040,A,CFG0,CFG4,1,1,0,1,NONE,NONE,0,1,D,YES,GROUP_RELEASES_RESOURCE,C_COL
LOW,16,moderate,5061,A,CFG0,CFG4,1,1,0,1,NONE,NONE,0,1,D,YES,GROUP_RELEASES_RESOURCE,C_COL
LOW,16,moderate,5067,A,CFG0,CFG4,1,1,0,1,NONE,NONE,0,1,D,YES,GROUP_RELEASES_RESOURCE,C_COL
LOW,16,moderate,5068,A,CFG0,CFG4,1,1,0,1,NONE,NONE,0,1,D,YES,GROUP_RELEASES_RESOURCE,C_COL
LOW,16,moderate,5078,A,CFG0,CFG4,1,1,0,1,NONE,NONE,0,1,D,YES,GROUP_RELEASES_RESOURCE,C_COL
LOW,16,moderate,5087,A,CFG0,CFG4,1,1,0,1,NONE,NONE,0,1,D,YES,GROUP_RELEASES_RESOURCE,C_COL
LOW,16,moderate,5115,A,CFG0,CFG4,1,1,0,1,NONE,NONE,0,1,D,YES,GROUP_RELEASES_RESOURCE,C_COL
LOW,16,moderate,5120,A,CFG0,CFG4,1,1,0,1,NONE,NONE,0,1,D,YES,GROUP_RELEASES_RESOURCE,C_COL
LOW,16,moderate,5132,A,CFG0,CFG4,1,1,0,1,NONE,NONE,0,1,D,YES,GROUP_RELEASES_RESOURCE,C_COL
LOW,16,moderate,5138,A,CFG0,CFG4,1,1,0,1,NONE,NONE,0,1,D,YES,GROUP_RELEASES_RESOURCE,C_COL
LOW,16,moderate,5142,A,CFG0,CFG4,1,1,0,1,NONE,NONE,0,1,D,YES,GROUP_RELEASES_RESOURCE,C_COL
LOW,16,moderate,5148,A,CFG0,CFG4,1,1,0,1,NONE,NONE,0,1,D,YES,GROUP_RELEASES_RESOURCE,C_COL
LOW,16,moderate,5150,A,CFG0,CFG4,1,1,0,1,NONE,NONE,0,1,D,YES,GROUP_RELEASES_RESOURCE,C_COL
LOW,16,moderate,5156,A,CFG0,CFG4,1,1,0,1,NONE,NONE,0,1,D,YES,GROUP_RELEASES_RESOURCE,C_COL
LOW,16,moderate,5161,A,CFG0,CFG4,1,1,0,1,NONE,NONE,0,1,D,YES,GROUP_RELEASES_RESOURCE,C_COL
LOW,16,moderate,5166,A,CFG0,CFG4,1,1,0,1,NONE,NONE,0,1,D,YES,GROUP_RELEASES_RESOURCE,C_COL
LOW,16,moderate,5175,A,CFG0,CFG4,1,1,0,1,NONE,NONE,0,1,D,YES,GROUP_RELEASES_RESOURCE,C_COL
LOW,16,moderate,5179,A,CFG0,CFG4,1,1,0,1,NONE,NONE,0,1,D,YES,GROUP_RELEASES_RESOURCE,C_COL
LOW,16,moderate,5187,A,CFG0,CFG4,1,1,0,1,NONE,NONE,0,1,D,YES,GROUP_RELEASES_RESOURCE,C_COL
LOW,16,moderate,5188,A,CFG0,CFG4,1,1,0,1,NONE,NONE,0,1,D,YES,GROUP_RELEASES_RESOURCE,C_COL
LOW,16,moderate,5198,A,CFG0,CFG4,1,1,0,1,NONE,NONE,0,1,D,YES,GROUP_RELEASES_RESOURCE,C_COL
LOW,16,moderate,5202,A,CFG0,CFG4,1,1,0,1,NONE,NONE,0,1,D,YES,GROUP_RELEASES_RESOURCE,C_COL
LOW,16,moderate,5209,A,CFG0,CFG4,1,1,0,1,NONE,NONE,0,1,D,YES,GROUP_RELEASES_RESOURCE,C_COL
LOW,16,moderate,5219,A,CFG0,CFG4,1,1,0,1,NONE,NONE,0,1,D,YES,GROUP_RELEASES_RESOURCE,C_COL
LOW,16,moderate,5222,A,CFG0,CFG4,1,1,0,1,NONE,NONE,0,1,D,YES,GROUP_RELEASES_RESOURCE,C_COL
LOW,16,moderate,5241,A,CFG0,CFG4,1,1,0,1,NONE,NONE,0,1,D,YES,GROUP_RELEASES_RESOURCE,C_COL
LOW,16,moderate,5260,A,CFG0,CFG4,1,1,0,1,NONE,NONE,0,1,D,YES,GROUP_RELEASES_RESOURCE,C_COL
LOW,16,moderate,5269,A,CFG0,CFG4,1,1,0,1,NONE,NONE,0,1,D,YES,GROUP_RELEASES_RESOURCE,C_COL
LOW,16,moderate,5278,A,CFG0,CFG4,1,2,0,1,NONE,NONE,0,1,D,YES,GROUP_RELEASES_RESOURCE,C_COL
LOW,16,moderate,5307,A,CFG0,CFG4,1,1,0,1,NONE,NONE,0,1,D,YES,GROUP_RELEASES_RESOURCE,C_COL
LOW,16,moderate,5313,A,CFG0,CFG4,1,1,0,1,NONE,NONE,0,1,D,YES,GROUP_RELEASES_RESOURCE,C_COL
LOW,16,moderate,5327,A,CFG0,CFG4,1,1,0,1,NONE,NONE,0,1,D,YES,GROUP_RELEASES_RESOURCE,C_COL
LOW,16,moderate,5336,A,CFG0,CFG4,1,1,0,1,NONE,NONE,0,1,D,YES,GROUP_RELEASES_RESOURCE,C_COL
LOW,16,moderate,5341,A,CFG0,CFG4,1,1,0,1,NONE,NONE,0,1,D,YES,GROUP_RELEASES_RESOURCE,C_COL
LOW,16,moderate,5350,A,CFG0,CFG4,1,1,0,1,NONE,NONE,0,1,D,YES,GROUP_RELEASES_RESOURCE,C_COL
LOW,16,moderate,5351,A,CFG0,CFG4,1,1,0,1,NONE,NONE,0,1,D,YES,GROUP_RELEASES_RESOURCE,C_COL
LOW,16,moderate,5357,A,CFG0,CFG4,1,1,0,1,NONE,NONE,0,1,D,YES,GROUP_RELEASES_RESOURCE,C_COL
LOW,16,moderate,5359,A,CFG0,CFG4,1,1,0,1,NONE,NONE,0,1,D,YES,GROUP_RELEASES_RESOURCE,C_COL
LOW,16,moderate,5363,A,CFG0,CFG4,1,1,0,1,NONE,NONE,0,1,D,YES,GROUP_RELEASES_RESOURCE,C_COL
LOW,16,moderate,5389,A,CFG0,CFG4,1,1,0,1,NONE,NONE,0,1,D,YES,GROUP_RELEASES_RESOURCE,C_COL
LOW,16,moderate,5399,A,CFG0,CFG4,1,2,0,1,NONE,NONE,0,1,D,YES,GROUP_RELEASES_RESOURCE,C_COL
LOW,16,moderate,5404,A,CFG0,CFG4,1,1,0,1,NONE,NONE,0,1,D,YES,GROUP_RELEASES_RESOURCE,C_COL
LOW,16,moderate,5414,A,CFG0,CFG4,1,2,0,1,NONE,NONE,0,1,D,YES,GROUP_RELEASES_RESOURCE,C_COL
LOW,16,moderate,5425,A,CFG0,CFG4,1,1,0,1,NONE,NONE,0,1,D,YES,GROUP_RELEASES_RESOURCE,C_COL
LOW,16,moderate,5441,A,CFG0,CFG4,1,1,0,1,NONE,NONE,0,1,D,YES,GROUP_RELEASES_RESOURCE,C_COL
LOW,16,moderate,5446,A,CFG0,CFG4,1,2,0,1,NONE,NONE,0,1,D,YES,GROUP_RELEASES_RESOURCE,C_COL
LOW,16,moderate,5454,A,CFG0,CFG4,1,1,0,1,NONE,NONE,0,1,D,YES,GROUP_RELEASES_RESOURCE,C_COL
LOW,16,moderate,5458,A,CFG0,CFG4,1,1,0,1,NONE,NONE,0,1,D,YES,GROUP_RELEASES_RESOURCE,C_COL
LOW,16,moderate,5459,A,CFG0,CFG4,1,1,0,1,NONE,NONE,0,1,D,YES,GROUP_RELEASES_RESOURCE,C_COL
LOW,16,moderate,5466,A,CFG0,CFG4,1,1,0,1,NONE,NONE,0,1,D,YES,GROUP_RELEASES_RESOURCE,C_COL
LOW,16,moderate,5488,A,CFG0,CFG4,1,1,0,1,NONE,NONE,0,1,D,YES,GROUP_RELEASES_RESOURCE,C_COL
LOW,16,moderate,5492,A,CFG0,CFG4,1,1,0,1,NONE,NONE,0,1,D,YES,GROUP_RELEASES_RESOURCE,C_COL
LOW,16,moderate,5498,A,CFG0,CFG4,1,1,0,1,NONE,NONE,0,1,D,YES,GROUP_RELEASES_RESOURCE,C_COL
LOW,16,moderate,5506,A,CFG0,CFG4,1,1,0,1,NONE,NONE,0,1,D,YES,GROUP_RELEASES_RESOURCE,C_COL
LOW,16,moderate,5518,A,CFG0,CFG4,1,1,0,1,NONE,NONE,0,1,D,YES,GROUP_RELEASES_RESOURCE,C_COL
LOW,16,moderate,5547,A,CFG0,CFG4,1,2,0,1,NONE,NONE,0,1,D,YES,GROUP_RELEASES_RESOURCE,C_COL
LOW,16,moderate,5548,A,CFG0,CFG4,1,1,0,1,NONE,NONE,0,1,D,YES,GROUP_RELEASES_RESOURCE,C_COL
LOW,16,moderate,5563,A,CFG0,CFG4,1,1,0,1,NONE,NONE,0,1,D,YES,GROUP_RELEASES_RESOURCE,C_COL
LOW,16,moderate,5578,A,CFG0,CFG4,1,1,0,1,NONE,NONE,0,1,D,YES,GROUP_RELEASES_RESOURCE,C_COL
LOW,16,moderate,5598,A,CFG0,CFG4,1,2,0,1,NONE,NONE,0,1,D,YES,GROUP_RELEASES_RESOURCE,C_COL
LOW,16,moderate,5617,A,CFG0,CFG4,1,2,0,1,NONE,NONE,0,1,D,YES,GROUP_RELEASES_RESOURCE,C_COL
LOW,16,moderate,5658,A,CFG0,CFG4,1,1,0,1,NONE,NONE,0,1,D,YES,GROUP_RELEASES_RESOURCE,C_COL
LOW,16,moderate,5666,A,CFG0,CFG4,1,1,0,1,NONE,NONE,0,1,D,YES,GROUP_RELEASES_RESOURCE,C_COL
LOW,16,moderate,5669,A,CFG0,CFG4,1,1,0,1,NONE,NONE,0,1,D,YES,GROUP_RELEASES_RESOURCE,C_COL
LOW,16,moderate,5674,A,CFG0,CFG4,1,1,0,1,NONE,NONE,0,1,D,YES,GROUP_RELEASES_RESOURCE,C_COL
LOW,16,moderate,5682,A,CFG0,CFG4,1,1,0,1,NONE,NONE,0,1,D,YES,GROUP_RELEASES_RESOURCE,C_COL
LOW,16,moderate,5692,A,CFG0,CFG4,1,1,0,1,NONE,NONE,0,1,D,YES,GROUP_RELEASES_RESOURCE,C_COL
LOW,16,moderate,5700,A,CFG0,CFG4,1,2,0,1,NONE,NONE,0,1,D,YES,GROUP_RELEASES_RESOURCE,C_COL
LOW,16,moderate,5704,A,CFG0,CFG4,1,1,0,1,NONE,NONE,0,1,D,YES,GROUP_RELEASES_RESOURCE,C_COL
LOW,16,moderate,5712,A,CFG0,CFG4,1,1,0,1,NONE,NONE,0,1,D,YES,GROUP_RELEASES_RESOURCE,C_COL
LOW,16,moderate,5714,A,CFG0,CFG4,1,1,0,1,NONE,NONE,0,1,D,YES,GROUP_RELEASES_RESOURCE,C_COL
LOW,16,moderate,5720,A,CFG0,CFG4,1,1,0,1,NONE,NONE,0,1,D,YES,GROUP_RELEASES_RESOURCE,C_COL
LOW,16,moderate,5725,A,CFG0,CFG4,1,2,0,1,NONE,NONE,0,1,D,YES,GROUP_RELEASES_RESOURCE,C_COL
LOW,16,moderate,5761,A,CFG0,CFG4,1,1,0,1,NONE,NONE,0,1,D,YES,GROUP_RELEASES_RESOURCE,C_COL
LOW,16,moderate,5789,A,CFG0,CFG4,1,2,0,1,NONE,NONE,0,1,D,YES,GROUP_RELEASES_RESOURCE,C_COL
LOW,16,moderate,5791,A,CFG0,CFG4,1,2,0,1,NONE,NONE,0,1,D,YES,GROUP_RELEASES_RESOURCE,C_COL
LOW,16,moderate,5799,A,CFG0,CFG4,1,1,0,1,NONE,NONE,0,1,D,YES,GROUP_RELEASES_RESOURCE,C_COL
LOW,16,moderate,5802,A,CFG0,CFG4,1,1,0,1,NONE,NONE,0,1,D,YES,GROUP_RELEASES_RESOURCE,C_COL
LOW,16,moderate,5804,A,CFG0,CFG4,1,1,0,1,NONE,NONE,0,1,D,YES,GROUP_RELEASES_RESOURCE,C_COL
LOW,16,moderate,5826,A,CFG0,CFG4,1,1,0,1,NONE,NONE,0,1,D,YES,GROUP_RELEASES_RESOURCE,C_COL
LOW,16,moderate,5827,A,CFG0,CFG4,1,1,0,1,NONE,NONE,0,1,D,YES,GROUP_RELEASES_RESOURCE,C_COL
LOW,16,moderate,5842,A,CFG0,CFG4,1,1,0,1,NONE,NONE,0,1,D,YES,GROUP_RELEASES_RESOURCE,C_COL
LOW,16,moderate,5848,A,CFG0,CFG4,1,1,0,1,NONE,NONE,0,1,D,YES,GROUP_RELEASES_RESOURCE,C_COL
LOW,16,moderate,5854,A,CFG0,CFG4,1,1,0,1,NONE,NONE,0,1,D,YES,GROUP_RELEASES_RESOURCE,C_COL
LOW,16,moderate,5861,A,CFG0,CFG4,1,1,0,1,NONE,NONE,0,1,D,YES,GROUP_RELEASES_RESOURCE,C_COL
LOW,16,moderate,5862,A,CFG0,CFG4,1,2,0,1,NONE,NONE,0,1,D,YES,GROUP_RELEASES_RESOURCE,C_COL
LOW,16,moderate,5876,A,CFG0,CFG4,1,1,0,1,NONE,NONE,0,1,D,YES,GROUP_RELEASES_RESOURCE,C_COL
LOW,16,moderate,5882,A,CFG0,CFG4,1,1,0,1,NONE,NONE,0,1,D,YES,GROUP_RELEASES_RESOURCE,C_COL
LOW,16,moderate,5901,A,CFG0,CFG4,1,1,0,1,NONE,NONE,0,1,D,YES,GROUP_RELEASES_RESOURCE,C_COL
LOW,16,moderate,5904,A,CFG0,CFG4,1,1,0,1,NONE,NONE,0,1,D,YES,GROUP_RELEASES_RESOURCE,C_COL
LOW,16,moderate,5916,A,CFG0,CFG4,1,1,0,1,NONE,NONE,0,1,D,YES,GROUP_RELEASES_RESOURCE,C_COL
LOW,16,moderate,5934,A,CFG0,CFG4,1,1,0,1,NONE,NONE,0,1,D,YES,GROUP_RELEASES_RESOURCE,C_COL
LOW,16,moderate,5938,A,CFG0,CFG4,1,1,0,1,NONE,NONE,0,1,D,YES,GROUP_RELEASES_RESOURCE,C_COL
LOW,16,moderate,5957,A,CFG0,CFG4,1,1,0,1,NONE,NONE,0,1,D,YES,GROUP_RELEASES_RESOURCE,C_COL
LOW,16,moderate,5971,A,CFG0,CFG4,1,1,0,1,NONE,NONE,0,1,D,YES,GROUP_RELEASES_RESOURCE,C_COL
LOW,16,moderate,5973,A,CFG0,CFG4,1,1,0,1,NONE,NONE,0,1,D,YES,GROUP_RELEASES_RESOURCE,C_COL
LOW,16,moderate,5974,A,CFG0,CFG4,1,1,0,1,NONE,NONE,0,1,D,YES,GROUP_RELEASES_RESOURCE,C_COL
LOW,16,moderate,6004,A,CFG0,CFG4,1,1,0,1,NONE,NONE,0,1,D,YES,GROUP_RELEASES_RESOURCE,C_COL
LOW,16,moderate,6005,A,CFG0,CFG4,1,2,0,1,NONE,NONE,0,1,D,YES,GROUP_RELEASES_RESOURCE,C_COL
LOW,16,moderate,6014,A,CFG0,CFG4,1,2,0,1,NONE,NONE,0,1,D,YES,GROUP_RELEASES_RESOURCE,C_COL
LOW,16,moderate,6016,A,CFG0,CFG4,1,1,0,1,NONE,NONE,0,1,D,YES,GROUP_RELEASES_RESOURCE,C_COL
LOW,16,moderate,6035,A,CFG0,CFG4,1,2,0,1,NONE,NONE,0,1,D,YES,GROUP_RELEASES_RESOURCE,C_COL
LOW,16,moderate,6036,A,CFG0,CFG4,1,1,0,1,NONE,NONE,0,1,D,YES,GROUP_RELEASES_RESOURCE,C_COL
LOW,16,moderate,6057,A,CFG0,CFG4,1,1,0,1,NONE,NONE,0,1,D,YES,GROUP_RELEASES_RESOURCE,C_COL
LOW,16,moderate,6076,A,CFG0,CFG4,1,1,0,1,NONE,NONE,0,1,D,YES,GROUP_RELEASES_RESOURCE,C_COL
LOW,16,moderate,6078,A,CFG0,CFG4,1,1,0,1,NONE,NONE,0,1,D,YES,GROUP_RELEASES_RESOURCE,C_COL
LOW,16,moderate,6089,A,CFG0,CFG4,1,1,0,1,NONE,NONE,0,1,D,YES,GROUP_RELEASES_RESOURCE,C_COL
LOW,16,moderate,6102,A,CFG0,CFG4,1,1,0,1,NONE,NONE,0,1,D,YES,GROUP_RELEASES_RESOURCE,C_COL
LOW,16,moderate,6108,A,CFG0,CFG4,1,2,0,1,NONE,NONE,0,1,D,YES,GROUP_RELEASES_RESOURCE,C_COL
LOW,16,moderate,6122,A,CFG0,CFG4,1,1,0,1,NONE,NONE,0,1,D,YES,GROUP_RELEASES_RESOURCE,C_COL
LOW,16,moderate,6150,A,CFG0,CFG4,1,1,0,1,NONE,NONE,0,1,D,YES,GROUP_RELEASES_RESOURCE,C_COL
LOW,16,moderate,6159,A,CFG0,CFG4,1,2,0,1,NONE,NONE,0,1,D,YES,GROUP_RELEASES_RESOURCE,C_COL
LOW,16,moderate,6193,A,CFG0,CFG4,1,1,0,1,NONE,NONE,0,1,D,YES,GROUP_RELEASES_RESOURCE,C_COL
LOW,16,moderate,6205,A,CFG0,CFG4,1,1,0,1,NONE,NONE,0,1,D,YES,GROUP_RELEASES_RESOURCE,C_COL
LOW,16,moderate,6218,A,CFG0,CFG4,1,1,0,1,NONE,NONE,0,1,D,YES,GROUP_RELEASES_RESOURCE,C_COL
LOW,16,moderate,6219,A,CFG0,CFG4,1,1,0,1,NONE,NONE,0,1,D,YES,GROUP_RELEASES_RESOURCE,C_COL
LOW,16,moderate,6220,A,CFG0,CFG4,1,1,0,1,NONE,NONE,0,1,D,YES,GROUP_RELEASES_RESOURCE,C_COL
LOW,16,moderate,6243,A,CFG0,CFG4,1,1,0,1,NONE,NONE,0,1,D,YES,GROUP_RELEASES_RESOURCE,C_COL
LOW,16,moderate,6250,A,CFG0,CFG4,1,1,0,1,NONE,NONE,0,1,D,YES,GROUP_RELEASES_RESOURCE,C_COL
LOW,16,moderate,6259,A,CFG0,CFG4,1,1,0,1,NONE,NONE,0,1,D,YES,GROUP_RELEASES_RESOURCE,C_COL
LOW,16,moderate,6261,A,CFG0,CFG4,1,1,0,1,NONE,NONE,0,1,D,YES,GROUP_RELEASES_RESOURCE,C_COL
LOW,16,moderate,6265,A,CFG0,CFG4,1,2,0,1,NONE,NONE,0,1,D,YES,GROUP_RELEASES_RESOURCE,C_COL
LOW,16,moderate,6294,A,CFG0,CFG4,1,1,0,1,NONE,NONE,0,1,D,YES,GROUP_RELEASES_RESOURCE,C_COL
LOW,16,moderate,6320,A,CFG0,CFG4,1,1,0,1,NONE,NONE,0,1,D,YES,GROUP_RELEASES_RESOURCE,C_COL
LOW,16,moderate,6332,A,CFG0,CFG4,1,1,0,1,NONE,NONE,0,1,D,YES,GROUP_RELEASES_RESOURCE,C_COL
LOW,16,moderate,6340,A,CFG0,CFG4,1,1,0,1,NONE,NONE,0,1,D,YES,GROUP_RELEASES_RESOURCE,C_COL
LOW,16,moderate,6343,A,CFG0,CFG4,1,1,0,1,NONE,NONE,0,1,D,YES,GROUP_RELEASES_RESOURCE,C_COL
LOW,16,moderate,6353,A,CFG0,CFG4,1,1,0,1,NONE,NONE,0,1,D,YES,GROUP_RELEASES_RESOURCE,C_COL
LOW,16,moderate,6356,A,CFG0,CFG4,1,2,0,1,NONE,NONE,0,1,D,YES,GROUP_RELEASES_RESOURCE,C_COL
LOW,16,moderate,6403,A,CFG0,CFG4,1,2,0,1,NONE,NONE,0,1,D,YES,GROUP_RELEASES_RESOURCE,C_COL
LOW,16,moderate,6426,A,CFG0,CFG4,1,1,0,1,NONE,NONE,0,1,D,YES,GROUP_RELEASES_RESOURCE,C_COL
LOW,16,moderate,6428,A,CFG0,CFG4,1,1,0,1,NONE,NONE,0,1,D,YES,GROUP_RELEASES_RESOURCE,C_COL
LOW,16,moderate,6434,A,CFG0,CFG4,1,1,0,1,NONE,NONE,0,1,D,YES,GROUP_RELEASES_RESOURCE,C_COL
LOW,16,moderate,6439,A,CFG0,CFG4,1,1,0,1,NONE,NONE,0,1,D,YES,GROUP_RELEASES_RESOURCE,C_COL
LOW,16,moderate,6445,A,CFG0,CFG4,1,1,0,1,NONE,NONE,0,1,D,YES,GROUP_RELEASES_RESOURCE,C_COL
LOW,16,moderate,6450,A,CFG0,CFG4,1,1,0,1,NONE,NONE,0,1,D,YES,GROUP_RELEASES_RESOURCE,C_COL
LOW,16,moderate,6464,A,CFG0,CFG4,1,1,0,1,NONE,NONE,0,1,D,YES,GROUP_RELEASES_RESOURCE,C_COL
LOW,16,moderate,6493,A,CFG0,CFG4,1,1,0,1,NONE,NONE,0,1,D,YES,GROUP_RELEASES_RESOURCE,C_COL
LOW,16,moderate,6499,A,CFG0,CFG4,1,1,0,1,NONE,NONE,0,1,D,YES,GROUP_RELEASES_RESOURCE,C_COL
LOW,16,moderate,6504,A,CFG0,CFG4,1,1,0,1,NONE,NONE,0,1,D,YES,GROUP_RELEASES_RESOURCE,C_COL
LOW,16,moderate,6512,A,CFG0,CFG4,1,1,0,1,NONE,NONE,0,1,D,YES,GROUP_RELEASES_RESOURCE,C_COL
LOW,16,moderate,6524,A,CFG0,CFG4,1,1,0,1,NONE,NONE,0,1,D,YES,GROUP_RELEASES_RESOURCE,C_COL
LOW,16,moderate,6546,A,CFG0,CFG4,1,1,0,1,NONE,NONE,0,1,D,YES,GROUP_RELEASES_RESOURCE,C_COL
LOW,16,moderate,6576,A,CFG0,CFG4,1,1,0,1,NONE,NONE,0,1,D,YES,GROUP_RELEASES_RESOURCE,C_COL
LOW,16,moderate,6580,A,CFG0,CFG4,1,1,0,1,NONE,NONE,0,1,D,YES,GROUP_RELEASES_RESOURCE,C_COL
LOW,16,moderate,6587,A,CFG0,CFG4,1,2,0,1,NONE,NONE,0,1,D,YES,GROUP_RELEASES_RESOURCE,C_COL
LOW,16,moderate,6588,A,CFG0,CFG4,1,1,0,1,NONE,NONE,0,1,D,YES,GROUP_RELEASES_RESOURCE,C_COL
LOW,16,moderate,6590,A,CFG0,CFG4,1,1,0,1,NONE,NONE,0,1,D,YES,GROUP_RELEASES_RESOURCE,C_COL
LOW,16,moderate,6598,A,CFG0,CFG4,1,1,0,1,NONE,NONE,0,1,D,YES,GROUP_RELEASES_RESOURCE,C_COL
LOW,16,moderate,6602,A,CFG0,CFG4,1,1,0,1,NONE,NONE,0,1,D,YES,GROUP_RELEASES_RESOURCE,C_COL
LOW,16,moderate,6605,A,CFG0,CFG4,1,1,0,1,NONE,NONE,0,1,D,YES,GROUP_RELEASES_RESOURCE,C_COL
LOW,16,moderate,6615,A,CFG0,CFG4,1,2,0,1,NONE,NONE,0,1,D,YES,GROUP_RELEASES_RESOURCE,C_COL
LOW,16,moderate,6622,A,CFG0,CFG4,1,1,0,1,NONE,NONE,0,1,D,YES,GROUP_RELEASES_RESOURCE,C_COL
LOW,16,moderate,6625,A,CFG0,CFG4,1,1,0,1,NONE,NONE,0,1,D,YES,GROUP_RELEASES_RESOURCE,C_COL
LOW,16,moderate,6626,A,CFG0,CFG4,1,1,0,1,NONE,NONE,0,1,D,YES,GROUP_RELEASES_RESOURCE,C_COL
LOW,16,moderate,6627,A,CFG0,CFG4,1,1,0,1,NONE,NONE,0,1,D,YES,GROUP_RELEASES_RESOURCE,C_COL
LOW,16,moderate,6633,A,CFG0,CFG4,1,2,0,1,NONE,NONE,0,1,D,YES,GROUP_RELEASES_RESOURCE,C_COL
LOW,16,moderate,6636,A,CFG0,CFG4,1,1,0,1,NONE,NONE,0,1,D,YES,GROUP_RELEASES_RESOURCE,C_COL
LOW,16,moderate,6646,A,CFG0,CFG4,1,1,0,1,NONE,NONE,0,1,D,YES,GROUP_RELEASES_RESOURCE,C_COL
LOW,16,moderate,6653,A,CFG0,CFG4,1,1,0,1,NONE,NONE,0,1,D,YES,GROUP_RELEASES_RESOURCE,C_COL
LOW,16,moderate,6667,A,CFG0,CFG4,1,1,0,1,NONE,NONE,0,1,D,YES,GROUP_RELEASES_RESOURCE,C_COL
LOW,16,moderate,6687,A,CFG0,CFG4,1,1,0,1,NONE,NONE,0,1,D,YES,GROUP_RELEASES_RESOURCE,C_COL
LOW,16,moderate,6693,A,CFG0,CFG4,1,1,0,1,NONE,NONE,0,1,D,YES,GROUP_RELEASES_RESOURCE,C_COL
LOW,16,moderate,6706,A,CFG0,CFG4,1,1,0,1,NONE,NONE,0,1,D,YES,GROUP_RELEASES_RESOURCE,C_COL
LOW,16,moderate,6708,A,CFG0,CFG4,1,1,0,1,NONE,NONE,0,1,D,YES,GROUP_RELEASES_RESOURCE,C_COL
LOW,16,moderate,6714,A,CFG0,CFG4,1,1,0,1,NONE,NONE,0,1,D,YES,GROUP_RELEASES_RESOURCE,C_COL
LOW,16,moderate,6717,A,CFG0,CFG4,1,1,0,1,NONE,NONE,0,1,D,YES,GROUP_RELEASES_RESOURCE,C_COL
LOW,16,moderate,6718,A,CFG0,CFG4,1,1,0,1,NONE,NONE,0,1,D,YES,GROUP_RELEASES_RESOURCE,C_COL
LOW,16,moderate,6721,A,CFG0,CFG4,1,1,0,1,NONE,NONE,0,1,D,YES,GROUP_RELEASES_RESOURCE,C_COL
LOW,16,moderate,6722,A,CFG0,CFG4,1,2,0,1,NONE,NONE,0,1,D,YES,GROUP_RELEASES_RESOURCE,C_COL
LOW,16,moderate,6738,A,CFG0,CFG4,1,1,0,1,NONE,NONE,0,1,D,YES,GROUP_RELEASES_RESOURCE,C_COL
LOW,16,moderate,6745,A,CFG0,CFG4,1,1,0,1,NONE,NONE,0,1,D,YES,GROUP_RELEASES_RESOURCE,C_COL
LOW,16,moderate,6746,A,CFG0,CFG4,1,1,0,1,NONE,NONE,0,1,D,YES,GROUP_RELEASES_RESOURCE,C_COL
LOW,16,moderate,6747,A,CFG0,CFG4,1,1,0,1,NONE,NONE,0,1,D,YES,GROUP_RELEASES_RESOURCE,C_COL
LOW,16,moderate,6753,A,CFG0,CFG4,1,1,0,1,NONE,NONE,0,1,D,YES,GROUP_RELEASES_RESOURCE,C_COL
LOW,16,moderate,6767,A,CFG0,CFG4,1,2,0,1,NONE,NONE,0,1,D,YES,GROUP_RELEASES_RESOURCE,C_COL
LOW,16,moderate,6771,A,CFG0,CFG4,1,2,0,1,NONE,NONE,0,1,D,YES,GROUP_RELEASES_RESOURCE,C_COL
LOW,16,moderate,6779,A,CFG0,CFG4,1,1,0,1,NONE,NONE,0,1,D,YES,GROUP_RELEASES_RESOURCE,C_COL
LOW,16,moderate,6794,A,CFG0,CFG4,1,1,0,1,NONE,NONE,0,1,D,YES,GROUP_RELEASES_RESOURCE,C_COL
LOW,16,moderate,6799,A,CFG0,CFG4,1,2,0,1,NONE,NONE,0,1,D,YES,GROUP_RELEASES_RESOURCE,C_COL
LOW,16,moderate,6826,A,CFG0,CFG4,1,2,0,1,NONE,NONE,0,1,D,YES,GROUP_RELEASES_RESOURCE,C_COL
LOW,16,moderate,6858,A,CFG0,CFG4,1,2,0,1,NONE,NONE,0,1,D,YES,GROUP_RELEASES_RESOURCE,C_COL
LOW,16,moderate,6888,A,CFG0,CFG4,1,2,0,1,NONE,NONE,0,1,D,YES,GROUP_RELEASES_RESOURCE,C_COL
LOW,16,moderate,6893,A,CFG0,CFG4,1,1,0,1,NONE,NONE,0,1,D,YES,GROUP_RELEASES_RESOURCE,C_COL
LOW,16,moderate,6894,A,CFG0,CFG4,1,1,0,1,NONE,NONE,0,1,D,YES,GROUP_RELEASES_RESOURCE,C_COL
LOW,16,moderate,6898,A,CFG0,CFG4,1,1,0,1,NONE,NONE,0,1,D,YES,GROUP_RELEASES_RESOURCE,C_COL
LOW,16,moderate,6943,A,CFG0,CFG4,1,1,0,1,NONE,NONE,0,1,D,YES,GROUP_RELEASES_RESOURCE,C_COL
LOW,16,moderate,6978,A,CFG0,CFG4,1,1,0,1,NONE,NONE,0,1,D,YES,GROUP_RELEASES_RESOURCE,C_COL
LOW,16,moderate,6981,A,CFG0,CFG4,1,1,0,1,NONE,NONE,0,1,D,YES,GROUP_RELEASES_RESOURCE,C_COL
LOW,16,moderate,7005,A,CFG0,CFG4,1,2,0,1,NONE,NONE,0,1,D,YES,GROUP_RELEASES_RESOURCE,C_COL
LOW,16,moderate,7031,A,CFG0,CFG4,1,2,0,1,NONE,NONE,0,1,D,YES,GROUP_RELEASES_RESOURCE,C_COL
LOW,16,moderate,7033,A,CFG0,CFG4,1,1,0,1,NONE,NONE,0,1,D,YES,GROUP_RELEASES_RESOURCE,C_COL
LOW,16,moderate,7049,A,CFG0,CFG4,1,1,0,1,NONE,NONE,0,1,D,YES,GROUP_RELEASES_RESOURCE,C_COL
LOW,16,moderate,7057,A,CFG0,CFG4,1,1,0,1,NONE,NONE,0,1,D,YES,GROUP_RELEASES_RESOURCE,C_COL
LOW,16,moderate,7070,A,CFG0,CFG4,1,1,0,1,NONE,NONE,0,1,D,YES,GROUP_RELEASES_RESOURCE,C_COL
LOW,16,moderate,7080,A,CFG0,CFG4,1,2,0,1,NONE,NONE,0,1,D,YES,GROUP_RELEASES_RESOURCE,C_COL
LOW,16,moderate,7110,A,CFG0,CFG4,1,2,0,1,NONE,NONE,0,1,D,YES,GROUP_RELEASES_RESOURCE,C_COL
LOW,16,moderate,7118,A,CFG0,CFG4,1,1,0,1,NONE,NONE,0,1,D,YES,GROUP_RELEASES_RESOURCE,C_COL
LOW,16,moderate,7119,A,CFG0,CFG4,1,1,0,1,NONE,NONE,0,1,D,YES,GROUP_RELEASES_RESOURCE,C_COL
LOW,16,moderate,7141,A,CFG0,CFG4,1,1,0,1,NONE,NONE,0,1,D,YES,GROUP_RELEASES_RESOURCE,C_COL
LOW,16,moderate,7154,A,CFG0,CFG4,1,2,0,1,NONE,NONE,0,1,D,YES,GROUP_RELEASES_RESOURCE,C_COL
LOW,16,moderate,7183,A,CFG0,CFG4,1,1,0,1,NONE,NONE,0,1,D,YES,GROUP_RELEASES_RESOURCE,C_COL
LOW,16,moderate,7191,A,CFG0,CFG4,1,2,0,1,NONE,NONE,0,1,D,YES,GROUP_RELEASES_RESOURCE,C_COL
LOW,16,moderate,7214,A,CFG0,CFG4,1,1,0,1,NONE,NONE,0,1,D,YES,GROUP_RELEASES_RESOURCE,C_COL
LOW,16,moderate,7227,A,CFG0,CFG4,1,1,0,1,NONE,NONE,0,1,D,YES,GROUP_RELEASES_RESOURCE,C_COL
LOW,16,moderate,7252,A,CFG0,CFG4,1,2,0,1,NONE,NONE,0,1,D,YES,GROUP_RELEASES_RESOURCE,C_COL
LOW,16,moderate,7255,A,CFG0,CFG4,1,1,0,1,NONE,NONE,0,1,D,YES,GROUP_RELEASES_RESOURCE,C_COL
LOW,16,moderate,7276,A,CFG0,CFG4,1,2,0,1,NONE,NONE,0,1,D,YES,GROUP_RELEASES_RESOURCE,C_COL
LOW,16,moderate,7283,A,CFG0,CFG4,1,1,0,1,NONE,NONE,0,1,D,YES,GROUP_RELEASES_RESOURCE,C_COL
LOW,16,moderate,7289,A,CFG0,CFG4,1,1,0,1,NONE,NONE,0,1,D,YES,GROUP_RELEASES_RESOURCE,C_COL
LOW,16,moderate,7292,A,CFG0,CFG4,1,1,0,1,NONE,NONE,0,1,D,YES,GROUP_RELEASES_RESOURCE,C_COL
LOW,16,moderate,7297,A,CFG0,CFG4,1,1,0,1,NONE,NONE,0,1,D,YES,GROUP_RELEASES_RESOURCE,C_COL
LOW,16,moderate,7302,A,CFG0,CFG4,1,1,0,1,NONE,NONE,0,1,D,YES,GROUP_RELEASES_RESOURCE,C_COL
LOW,16,moderate,7306,A,CFG0,CFG4,1,1,0,1,NONE,NONE,0,1,D,YES,GROUP_RELEASES_RESOURCE,C_COL
LOW,16,moderate,7325,A,CFG0,CFG4,1,2,0,1,NONE,NONE,0,1,D,YES,GROUP_RELEASES_RESOURCE,C_COL
LOW,16,moderate,7328,A,CFG0,CFG4,1,1,0,1,NONE,NONE,0,1,D,YES,GROUP_RELEASES_RESOURCE,C_COL
LOW,16,moderate,7330,A,CFG0,CFG4,1,1,0,1,NONE,NONE,0,1,D,YES,GROUP_RELEASES_RESOURCE,C_COL
LOW,16,moderate,7371,A,CFG0,CFG4,1,1,0,1,NONE,NONE,0,1,D,YES,GROUP_RELEASES_RESOURCE,C_COL
LOW,16,moderate,7373,A,CFG0,CFG4,1,1,0,1,NONE,NONE,0,1,D,YES,GROUP_RELEASES_RESOURCE,C_COL
LOW,16,moderate,7385,A,CFG0,CFG4,1,1,0,1,NONE,NONE,0,1,D,YES,GROUP_RELEASES_RESOURCE,C_COL
LOW,16,moderate,7388,A,CFG0,CFG4,1,1,0,1,NONE,NONE,0,1,D,YES,GROUP_RELEASES_RESOURCE,C_COL
LOW,16,moderate,7394,A,CFG0,CFG4,1,2,0,1,NONE,NONE,0,1,D,YES,GROUP_RELEASES_RESOURCE,C_COL
LOW,16,moderate,7423,A,CFG0,CFG4,1,1,0,1,NONE,NONE,0,1,D,YES,GROUP_RELEASES_RESOURCE,C_COL
LOW,16,moderate,7427,A,CFG0,CFG4,1,1,0,1,NONE,NONE,0,1,D,YES,GROUP_RELEASES_RESOURCE,C_COL
LOW,16,moderate,7439,A,CFG0,CFG4,1,1,0,1,NONE,NONE,0,1,D,YES,GROUP_RELEASES_RESOURCE,C_COL
LOW,16,moderate,7440,A,CFG0,CFG4,1,2,0,1,NONE,NONE,0,1,D,YES,GROUP_RELEASES_RESOURCE,C_COL
LOW,16,moderate,7445,A,CFG0,CFG4,1,1,0,1,NONE,NONE,0,1,D,YES,GROUP_RELEASES_RESOURCE,C_COL
LOW,16,moderate,7460,A,CFG0,CFG4,1,2,0,1,NONE,NONE,0,1,D,YES,GROUP_RELEASES_RESOURCE,C_COL
LOW,16,moderate,7473,A,CFG0,CFG4,1,1,0,1,NONE,NONE,0,1,D,YES,GROUP_RELEASES_RESOURCE,C_COL
LOW,16,moderate,7490,A,CFG0,CFG4,1,1,0,1,NONE,NONE,0,1,D,YES,GROUP_RELEASES_RESOURCE,C_COL
LOW,16,moderate,7506,A,CFG0,CFG4,1,1,0,1,NONE,NONE,0,1,D,YES,GROUP_RELEASES_RESOURCE,C_COL
LOW,16,moderate,7518,A,CFG0,CFG4,1,1,0,1,NONE,NONE,0,1,D,YES,GROUP_RELEASES_RESOURCE,C_COL
LOW,16,moderate,7528,A,CFG0,CFG4,1,1,0,1,NONE,NONE,0,1,D,YES,GROUP_RELEASES_RESOURCE,C_COL
LOW,16,moderate,7546,A,CFG0,CFG4,1,1,0,1,NONE,NONE,0,1,D,YES,GROUP_RELEASES_RESOURCE,C_COL
LOW,16,moderate,7562,A,CFG0,CFG4,1,2,0,1,NONE,NONE,0,1,D,YES,GROUP_RELEASES_RESOURCE,C_COL
LOW,16,moderate,7573,A,CFG0,CFG4,1,1,0,1,NONE,NONE,0,1,D,YES,GROUP_RELEASES_RESOURCE,C_COL
LOW,16,moderate,7583,A,CFG0,CFG4,1,2,0,1,NONE,NONE,0,1,D,YES,GROUP_RELEASES_RESOURCE,C_COL
LOW,16,moderate,7593,A,CFG0,CFG4,1,2,0,1,NONE,NONE,0,1,D,YES,GROUP_RELEASES_RESOURCE,C_COL
LOW,16,moderate,7624,A,CFG0,CFG4,1,1,0,1,NONE,NONE,0,1,D,YES,GROUP_RELEASES_RESOURCE,C_COL
LOW,16,moderate,7631,A,CFG0,CFG4,1,1,0,1,NONE,NONE,0,1,D,YES,GROUP_RELEASES_RESOURCE,C_COL
LOW,16,moderate,7659,A,CFG0,CFG4,1,1,0,1,NONE,NONE,0,1,D,YES,GROUP_RELEASES_RESOURCE,C_COL
LOW,16,moderate,7666,A,CFG0,CFG4,1,1,0,1,NONE,NONE,0,1,D,YES,GROUP_RELEASES_RESOURCE,C_COL
LOW,16,moderate,7681,A,CFG0,CFG4,1,1,0,1,NONE,NONE,0,1,D,YES,GROUP_RELEASES_RESOURCE,C_COL
LOW,16,moderate,7683,A,CFG0,CFG4,1,1,0,1,NONE,NONE,0,1,D,YES,GROUP_RELEASES_RESOURCE,C_COL
LOW,16,moderate,7707,A,CFG0,CFG4,1,1,0,1,NONE,NONE,0,1,D,YES,GROUP_RELEASES_RESOURCE,C_COL
LOW,16,moderate,7710,A,CFG0,CFG4,1,1,0,1,NONE,NONE,0,1,D,YES,GROUP_RELEASES_RESOURCE,C_COL
LOW,16,moderate,7720,A,CFG0,CFG4,1,1,0,1,NONE,NONE,0,1,D,YES,GROUP_RELEASES_RESOURCE,C_COL
LOW,16,moderate,7722,A,CFG0,CFG4,1,1,0,1,NONE,NONE,0,1,D,YES,GROUP_RELEASES_RESOURCE,C_COL
LOW,16,moderate,7723,A,CFG0,CFG4,1,1,0,1,NONE,NONE,0,1,D,YES,GROUP_RELEASES_RESOURCE,C_COL
LOW,16,moderate,7732,A,CFG0,CFG4,1,2,0,1,NONE,NONE,0,1,D,YES,GROUP_RELEASES_RESOURCE,C_COL
LOW,16,moderate,7743,A,CFG0,CFG4,1,1,0,1,NONE,NONE,0,1,D,YES,GROUP_RELEASES_RESOURCE,C_COL
LOW,16,moderate,7785,A,CFG0,CFG4,1,1,0,1,NONE,NONE,0,1,D,YES,GROUP_RELEASES_RESOURCE,C_COL
LOW,16,moderate,7790,A,CFG0,CFG4,1,1,0,1,NONE,NONE,0,1,D,YES,GROUP_RELEASES_RESOURCE,C_COL
LOW,16,moderate,7806,A,CFG0,CFG4,1,1,0,1,NONE,NONE,0,1,D,YES,GROUP_RELEASES_RESOURCE,C_COL
LOW,16,moderate,7824,A,CFG0,CFG4,1,1,0,1,NONE,NONE,0,1,D,YES,GROUP_RELEASES_RESOURCE,C_COL
LOW,16,moderate,7846,A,CFG0,CFG4,1,1,0,1,NONE,NONE,0,1,D,YES,GROUP_RELEASES_RESOURCE,C_COL
LOW,16,moderate,7873,A,CFG0,CFG4,1,1,0,1,NONE,NONE,0,1,D,YES,GROUP_RELEASES_RESOURCE,C_COL
LOW,16,moderate,7876,A,CFG0,CFG4,1,1,0,1,NONE,NONE,0,1,D,YES,GROUP_RELEASES_RESOURCE,C_COL
LOW,16,moderate,7896,A,CFG0,CFG4,1,1,0,1,NONE,NONE,0,1,D,YES,GROUP_RELEASES_RESOURCE,C_COL
LOW,16,moderate,7910,A,CFG0,CFG4,1,1,0,1,NONE,NONE,0,1,D,YES,GROUP_RELEASES_RESOURCE,C_COL
LOW,16,moderate,7911,A,CFG0,CFG4,1,1,0,1,NONE,NONE,0,1,D,YES,GROUP_RELEASES_RESOURCE,C_COL
LOW,16,moderate,7931,A,CFG0,CFG4,1,2,0,1,NONE,NONE,0,1,D,YES,GROUP_RELEASES_RESOURCE,C_COL
LOW,16,moderate,7937,A,CFG0,CFG4,1,1,0,1,NONE,NONE,0,1,D,YES,GROUP_RELEASES_RESOURCE,C_COL
LOW,16,moderate,7950,A,CFG0,CFG4,1,1,0,1,NONE,NONE,0,1,D,YES,GROUP_RELEASES_RESOURCE,C_COL
LOW,16,moderate,7975,A,CFG0,CFG4,1,1,0,1,NONE,NONE,0,1,D,YES,GROUP_RELEASES_RESOURCE,C_COL
LOW,16,moderate,7991,A,CFG0,CFG4,1,1,0,1,NONE,NONE,0,1,D,YES,GROUP_RELEASES_RESOURCE,C_COL
LOW,16,moderate,8005,A,CFG0,CFG4,1,1,0,1,NONE,NONE,0,1,D,YES,GROUP_RELEASES_RESOURCE,C_COL
LOW,16,moderate,8010,A,CFG0,CFG4,1,1,0,1,NONE,NONE,0,1,D,YES,GROUP_RELEASES_RESOURCE,C_COL
LOW,16,moderate,8018,A,CFG0,CFG4,1,1,0,1,NONE,NONE,0,1,D,YES,GROUP_RELEASES_RESOURCE,C_COL
LOW,16,moderate,8052,A,CFG0,CFG4,1,1,0,1,NONE,NONE,0,1,D,YES,GROUP_RELEASES_RESOURCE,C_COL
LOW,16,moderate,8061,A,CFG0,CFG4,1,2,0,1,NONE,NONE,0,1,D,YES,GROUP_RELEASES_RESOURCE,C_COL
LOW,16,moderate,8065,A,CFG0,CFG4,1,1,0,1,NONE,NONE,0,1,D,YES,GROUP_RELEASES_RESOURCE,C_COL
LOW,16,moderate,8090,A,CFG0,CFG4,1,1,0,1,NONE,NONE,0,1,D,YES,GROUP_RELEASES_RESOURCE,C_COL
LOW,16,moderate,8094,A,CFG0,CFG4,1,1,0,1,NONE,NONE,0,1,D,YES,GROUP_RELEASES_RESOURCE,C_COL
LOW,16,moderate,8103,A,CFG0,CFG4,1,1,0,1,NONE,NONE,0,1,D,YES,GROUP_RELEASES_RESOURCE,C_COL
LOW,16,moderate,8112,A,CFG0,CFG4,1,1,0,1,NONE,NONE,0,1,D,YES,GROUP_RELEASES_RESOURCE,C_COL
LOW,16,moderate,8115,A,CFG0,CFG4,1,1,0,1,NONE,NONE,0,1,D,YES,GROUP_RELEASES_RESOURCE,C_COL
LOW,16,moderate,8121,A,CFG0,CFG4,1,1,0,1,NONE,NONE,0,1,D,YES,GROUP_RELEASES_RESOURCE,C_COL
LOW,16,moderate,8138,A,CFG0,CFG4,1,2,0,1,NONE,NONE,0,1,D,YES,GROUP_RELEASES_RESOURCE,C_COL
LOW,16,moderate,8140,A,CFG0,CFG4,1,1,0,1,NONE,NONE,0,1,D,YES,GROUP_RELEASES_RESOURCE,C_COL
LOW,16,moderate,8143,A,CFG0,CFG4,1,1,0,1,NONE,NONE,0,1,D,YES,GROUP_RELEASES_RESOURCE,C_COL
LOW,16,moderate,8144,A,CFG0,CFG4,1,1,0,1,NONE,NONE,0,1,D,YES,GROUP_RELEASES_RESOURCE,C_COL
LOW,16,moderate,8149,A,CFG0,CFG4,1,1,0,1,NONE,NONE,0,1,D,YES,GROUP_RELEASES_RESOURCE,C_COL
LOW,16,moderate,8177,A,CFG0,CFG4,1,1,0,1,NONE,NONE,0,1,D,YES,GROUP_RELEASES_RESOURCE,C_COL
LOW,16,moderate,8182,A,CFG0,CFG4,1,1,0,1,NONE,NONE,0,1,D,YES,GROUP_RELEASES_RESOURCE,C_COL
LOW,16,moderate,8193,A,CFG0,CFG4,1,1,0,1,NONE,NONE,0,1,D,YES,GROUP_RELEASES_RESOURCE,C_COL
LOW,16,moderate,8198,A,CFG0,CFG4,1,1,0,1,NONE,NONE,0,1,D,YES,GROUP_RELEASES_RESOURCE,C_COL
LOW,16,moderate,8199,A,CFG0,CFG4,1,1,0,1,NONE,NONE,0,1,D,YES,GROUP_RELEASES_RESOURCE,C_COL
LOW,16,moderate,8204,A,CFG0,CFG4,1,1,0,1,NONE,NONE,0,1,D,YES,GROUP_RELEASES_RESOURCE,C_COL
LOW,16,moderate,8209,A,CFG0,CFG4,1,1,0,1,NONE,NONE,0,1,D,YES,GROUP_RELEASES_RESOURCE,C_COL
LOW,16,moderate,8222,A,CFG0,CFG4,1,1,0,1,NONE,NONE,0,1,D,YES,GROUP_RELEASES_RESOURCE,C_COL
LOW,16,moderate,8227,A,CFG0,CFG4,1,1,0,1,NONE,NONE,0,1,D,YES,GROUP_RELEASES_RESOURCE,C_COL
LOW,16,moderate,8256,A,CFG0,CFG4,1,1,0,1,NONE,NONE,0,1,D,YES,GROUP_RELEASES_RESOURCE,C_COL
LOW,16,moderate,8258,A,CFG0,CFG4,1,2,0,1,NONE,NONE,0,1,D,YES,GROUP_RELEASES_RESOURCE,C_COL
LOW,16,moderate,8259,A,CFG0,CFG4,1,1,0,1,NONE,NONE,0,1,D,YES,GROUP_RELEASES_RESOURCE,C_COL
LOW,16,moderate,8291,A,CFG0,CFG4,1,1,0,1,NONE,NONE,0,1,D,YES,GROUP_RELEASES_RESOURCE,C_COL
LOW,16,moderate,8293,A,CFG0,CFG4,1,1,0,1,NONE,NONE,0,1,D,YES,GROUP_RELEASES_RESOURCE,C_COL
LOW,16,moderate,8295,A,CFG0,CFG4,1,1,0,1,NONE,NONE,0,1,D,YES,GROUP_RELEASES_RESOURCE,C_COL
LOW,16,moderate,8303,A,CFG0,CFG4,1,1,0,1,NONE,NONE,0,1,D,YES,GROUP_RELEASES_RESOURCE,C_COL
LOW,16,moderate,8308,A,CFG0,CFG4,1,2,0,1,NONE,NONE,0,1,D,YES,GROUP_RELEASES_RESOURCE,C_COL
LOW,16,moderate,8314,A,CFG0,CFG4,1,1,0,1,NONE,NONE,0,1,D,YES,GROUP_RELEASES_RESOURCE,C_COL
LOW,16,moderate,8330,A,CFG0,CFG4,1,1,0,1,NONE,NONE,0,1,D,YES,GROUP_RELEASES_RESOURCE,C_COL
LOW,16,moderate,8340,A,CFG0,CFG4,1,1,0,1,NONE,NONE,0,1,D,YES,GROUP_RELEASES_RESOURCE,C_COL
LOW,16,moderate,8351,A,CFG0,CFG4,1,2,0,1,NONE,NONE,0,1,D,YES,GROUP_RELEASES_RESOURCE,C_COL
LOW,16,moderate,8358,A,CFG0,CFG4,1,1,0,1,NONE,NONE,0,1,D,YES,GROUP_RELEASES_RESOURCE,C_COL
LOW,16,moderate,8364,A,CFG0,CFG4,1,1,0,1,NONE,NONE,0,1,D,YES,GROUP_RELEASES_RESOURCE,C_COL
LOW,16,moderate,8369,A,CFG0,CFG4,1,1,0,1,NONE,NONE,0,1,D,YES,GROUP_RELEASES_RESOURCE,C_COL
LOW,16,moderate,8371,A,CFG0,CFG4,1,1,0,1,NONE,NONE,0,1,D,YES,GROUP_RELEASES_RESOURCE,C_COL
LOW,16,moderate,8385,A,CFG0,CFG4,1,1,0,1,NONE,NONE,0,1,D,YES,GROUP_RELEASES_RESOURCE,C_COL
LOW,16,moderate,8421,A,CFG0,CFG4,1,1,0,1,NONE,NONE,0,1,D,YES,GROUP_RELEASES_RESOURCE,C_COL
LOW,16,moderate,8429,A,CFG0,CFG4,1,1,0,1,NONE,NONE,0,1,D,YES,GROUP_RELEASES_RESOURCE,C_COL
LOW,16,moderate,8432,A,CFG0,CFG4,1,1,0,1,NONE,NONE,0,1,D,YES,GROUP_RELEASES_RESOURCE,C_COL
LOW,16,moderate,8438,A,CFG0,CFG4,1,1,0,1,NONE,NONE,0,1,D,YES,GROUP_RELEASES_RESOURCE,C_COL
LOW,16,moderate,8444,A,CFG0,CFG4,1,2,0,1,NONE,NONE,0,1,D,YES,GROUP_RELEASES_RESOURCE,C_COL
LOW,16,moderate,8464,A,CFG0,CFG4,1,1,0,1,NONE,NONE,0,1,D,YES,GROUP_RELEASES_RESOURCE,C_COL
LOW,16,moderate,8482,A,CFG0,CFG4,1,1,0,1,NONE,NONE,0,1,D,YES,GROUP_RELEASES_RESOURCE,C_COL
LOW,16,moderate,8484,A,CFG0,CFG4,1,1,0,1,NONE,NONE,0,1,D,YES,GROUP_RELEASES_RESOURCE,C_COL
LOW,16,moderate,8515,A,CFG0,CFG4,1,1,0,1,NONE,NONE,0,1,D,YES,GROUP_RELEASES_RESOURCE,C_COL
LOW,16,moderate,8533,A,CFG0,CFG4,1,2,0,1,NONE,NONE,0,1,D,YES,GROUP_RELEASES_RESOURCE,C_COL
LOW,16,moderate,8536,A,CFG0,CFG4,1,1,0,1,NONE,NONE,0,1,D,YES,GROUP_RELEASES_RESOURCE,C_COL
LOW,16,moderate,8547,A,CFG0,CFG4,1,1,0,1,NONE,NONE,0,1,D,YES,GROUP_RELEASES_RESOURCE,C_COL
LOW,16,moderate,8551,A,CFG0,CFG4,1,1,0,1,NONE,NONE,0,1,D,YES,GROUP_RELEASES_RESOURCE,C_COL
LOW,16,moderate,8554,A,CFG0,CFG4,1,1,0,1,NONE,NONE,0,1,D,YES,GROUP_RELEASES_RESOURCE,C_COL
LOW,16,moderate,8560,A,CFG0,CFG4,1,2,0,1,NONE,NONE,0,1,D,YES,GROUP_RELEASES_RESOURCE,C_COL
LOW,16,moderate,8592,A,CFG0,CFG4,1,2,0,1,NONE,NONE,0,1,D,YES,GROUP_RELEASES_RESOURCE,C_COL
LOW,16,moderate,8597,A,CFG0,CFG4,1,1,0,1,NONE,NONE,0,1,D,YES,GROUP_RELEASES_RESOURCE,C_COL
LOW,16,moderate,8607,A,CFG0,CFG4,1,2,0,1,NONE,NONE,0,1,D,YES,GROUP_RELEASES_RESOURCE,C_COL
LOW,16,moderate,8614,A,CFG0,CFG4,1,1,0,1,NONE,NONE,0,1,D,YES,GROUP_RELEASES_RESOURCE,C_COL
LOW,16,moderate,8617,A,CFG0,CFG4,1,1,0,1,NONE,NONE,0,1,D,YES,GROUP_RELEASES_RESOURCE,C_COL
LOW,16,moderate,8622,A,CFG0,CFG4,1,1,0,1,NONE,NONE,0,1,D,YES,GROUP_RELEASES_RESOURCE,C_COL
LOW,16,moderate,8626,A,CFG0,CFG4,1,1,0,1,NONE,NONE,0,1,D,YES,GROUP_RELEASES_RESOURCE,C_COL
LOW,16,moderate,8654,A,CFG0,CFG4,1,1,0,1,NONE,NONE,0,1,D,YES,GROUP_RELEASES_RESOURCE,C_COL
LOW,16,moderate,8664,A,CFG0,CFG4,1,1,0,1,NONE,NONE,0,1,D,YES,GROUP_RELEASES_RESOURCE,C_COL
LOW,16,moderate,8670,A,CFG0,CFG4,1,1,0,1,NONE,NONE,0,1,D,YES,GROUP_RELEASES_RESOURCE,C_COL
LOW,16,moderate,8692,A,CFG0,CFG4,1,1,0,1,NONE,NONE,0,1,D,YES,GROUP_RELEASES_RESOURCE,C_COL
LOW,16,moderate,8699,A,CFG0,CFG4,1,1,0,1,NONE,NONE,0,1,D,YES,GROUP_RELEASES_RESOURCE,C_COL
LOW,16,moderate,8700,A,CFG0,CFG4,1,1,0,1,NONE,NONE,0,1,D,YES,GROUP_RELEASES_RESOURCE,C_COL
LOW,16,moderate,8701,A,CFG0,CFG4,1,1,0,1,NONE,NONE,0,1,D,YES,GROUP_RELEASES_RESOURCE,C_COL
LOW,16,moderate,8703,A,CFG0,CFG4,1,1,0,1,NONE,NONE,0,1,D,YES,GROUP_RELEASES_RESOURCE,C_COL
LOW,16,moderate,8713,A,CFG0,CFG4,1,1,0,1,NONE,NONE,0,1,D,YES,GROUP_RELEASES_RESOURCE,C_COL
LOW,16,moderate,8721,A,CFG0,CFG4,1,1,0,1,NONE,NONE,0,1,D,YES,GROUP_RELEASES_RESOURCE,C_COL
LOW,16,moderate,8722,A,CFG0,CFG4,1,1,0,1,NONE,NONE,0,1,D,YES,GROUP_RELEASES_RESOURCE,C_COL
LOW,16,moderate,8723,A,CFG0,CFG4,1,1,0,1,NONE,NONE,0,1,D,YES,GROUP_RELEASES_RESOURCE,C_COL
LOW,16,moderate,8726,A,CFG0,CFG4,1,1,0,1,NONE,NONE,0,1,D,YES,GROUP_RELEASES_RESOURCE,C_COL
LOW,16,moderate,8728,A,CFG0,CFG4,1,1,0,1,NONE,NONE,0,1,D,YES,GROUP_RELEASES_RESOURCE,C_COL
LOW,16,moderate,8734,A,CFG0,CFG4,1,1,0,1,NONE,NONE,0,1,D,YES,GROUP_RELEASES_RESOURCE,C_COL
LOW,16,moderate,8735,A,CFG0,CFG4,1,1,0,1,NONE,NONE,0,1,D,YES,GROUP_RELEASES_RESOURCE,C_COL
LOW,16,moderate,8753,A,CFG0,CFG4,1,1,0,1,NONE,NONE,0,1,D,YES,GROUP_RELEASES_RESOURCE,C_COL
LOW,16,moderate,8763,A,CFG0,CFG4,1,1,0,1,NONE,NONE,0,1,D,YES,GROUP_RELEASES_RESOURCE,C_COL
LOW,16,moderate,8789,A,CFG0,CFG4,1,1,0,1,NONE,NONE,0,1,D,YES,GROUP_RELEASES_RESOURCE,C_COL
LOW,16,moderate,8800,A,CFG0,CFG4,1,1,0,1,NONE,NONE,0,1,D,YES,GROUP_RELEASES_RESOURCE,C_COL
LOW,16,moderate,8811,A,CFG0,CFG4,1,1,0,1,NONE,NONE,0,1,D,YES,GROUP_RELEASES_RESOURCE,C_COL
LOW,16,moderate,8816,A,CFG0,CFG4,1,1,0,1,NONE,NONE,0,1,D,YES,GROUP_RELEASES_RESOURCE,C_COL
LOW,16,moderate,8823,A,CFG0,CFG4,1,1,0,1,NONE,NONE,0,1,D,YES,GROUP_RELEASES_RESOURCE,C_COL
LOW,16,moderate,8827,A,CFG0,CFG4,1,1,0,1,NONE,NONE,0,1,D,YES,GROUP_RELEASES_RESOURCE,C_COL
LOW,16,moderate,8840,A,CFG0,CFG4,1,2,0,1,NONE,NONE,0,1,D,YES,GROUP_RELEASES_RESOURCE,C_COL
LOW,16,moderate,8852,A,CFG0,CFG4,1,1,0,1,NONE,NONE,0,1,D,YES,GROUP_RELEASES_RESOURCE,C_COL
LOW,16,moderate,8859,A,CFG0,CFG4,1,1,0,1,NONE,NONE,0,1,D,YES,GROUP_RELEASES_RESOURCE,C_COL
LOW,16,moderate,8867,A,CFG0,CFG4,1,1,0,1,NONE,NONE,0,1,D,YES,GROUP_RELEASES_RESOURCE,C_COL
LOW,16,moderate,8892,A,CFG0,CFG4,1,1,0,1,NONE,NONE,0,1,D,YES,GROUP_RELEASES_RESOURCE,C_COL
LOW,16,moderate,8901,A,CFG0,CFG4,1,1,0,1,NONE,NONE,0,1,D,YES,GROUP_RELEASES_RESOURCE,C_COL
LOW,16,moderate,8902,A,CFG0,CFG4,1,1,0,1,NONE,NONE,0,1,D,YES,GROUP_RELEASES_RESOURCE,C_COL
LOW,16,moderate,8908,A,CFG0,CFG4,1,2,0,1,NONE,NONE,0,1,D,YES,GROUP_RELEASES_RESOURCE,C_COL
LOW,16,moderate,8914,A,CFG0,CFG4,1,2,0,1,NONE,NONE,0,1,D,YES,GROUP_RELEASES_RESOURCE,C_COL
LOW,16,moderate,8921,A,CFG0,CFG4,1,2,0,1,NONE,NONE,0,1,D,YES,GROUP_RELEASES_RESOURCE,C_COL
LOW,16,moderate,8953,A,CFG0,CFG4,1,1,0,1,NONE,NONE,0,1,D,YES,GROUP_RELEASES_RESOURCE,C_COL
LOW,16,moderate,8954,A,CFG0,CFG4,1,1,0,1,NONE,NONE,0,1,D,YES,GROUP_RELEASES_RESOURCE,C_COL
LOW,16,moderate,9001,A,CFG0,CFG4,1,1,0,1,NONE,NONE,0,1,D,YES,GROUP_RELEASES_RESOURCE,C_COL
LOW,16,moderate,9009,A,CFG0,CFG4,1,2,0,1,NONE,NONE,0,1,D,YES,GROUP_RELEASES_RESOURCE,C_COL
LOW,16,moderate,9027,A,CFG0,CFG4,1,1,0,1,NONE,NONE,0,1,D,YES,GROUP_RELEASES_RESOURCE,C_COL
LOW,16,moderate,9035,A,CFG0,CFG4,1,1,0,1,NONE,NONE,0,1,D,YES,GROUP_RELEASES_RESOURCE,C_COL
LOW,16,moderate,9042,A,CFG0,CFG4,1,1,0,1,NONE,NONE,0,1,D,YES,GROUP_RELEASES_RESOURCE,C_COL
LOW,16,moderate,9062,A,CFG0,CFG4,1,1,0,1,NONE,NONE,0,1,D,YES,GROUP_RELEASES_RESOURCE,C_COL
LOW,16,moderate,9074,A,CFG0,CFG4,1,1,0,1,NONE,NONE,0,1,D,YES,GROUP_RELEASES_RESOURCE,C_COL
LOW,16,moderate,9076,A,CFG0,CFG4,1,1,0,1,NONE,NONE,0,1,D,YES,GROUP_RELEASES_RESOURCE,C_COL
LOW,16,moderate,9092,A,CFG0,CFG4,1,1,0,1,NONE,NONE,0,1,D,YES,GROUP_RELEASES_RESOURCE,C_COL
LOW,16,moderate,9104,A,CFG0,CFG4,1,1,0,1,NONE,NONE,0,1,D,YES,GROUP_RELEASES_RESOURCE,C_COL
LOW,16,moderate,9120,A,CFG0,CFG4,1,1,0,1,NONE,NONE,0,1,D,YES,GROUP_RELEASES_RESOURCE,C_COL
LOW,16,moderate,9130,A,CFG0,CFG4,1,1,0,1,NONE,NONE,0,1,D,YES,GROUP_RELEASES_RESOURCE,C_COL
LOW,16,moderate,9139,A,CFG0,CFG4,1,1,0,1,NONE,NONE,0,1,D,YES,GROUP_RELEASES_RESOURCE,C_COL
LOW,16,moderate,9164,A,CFG0,CFG4,1,2,0,1,NONE,NONE,0,1,D,YES,GROUP_RELEASES_RESOURCE,C_COL
LOW,16,moderate,9166,A,CFG0,CFG4,1,1,0,1,NONE,NONE,0,1,D,YES,GROUP_RELEASES_RESOURCE,C_COL
LOW,16,moderate,9173,A,CFG0,CFG4,1,2,0,1,NONE,NONE,0,1,D,YES,GROUP_RELEASES_RESOURCE,C_COL
LOW,16,moderate,9181,A,CFG0,CFG4,1,1,0,1,NONE,NONE,0,1,D,YES,GROUP_RELEASES_RESOURCE,C_COL
LOW,16,moderate,9189,A,CFG0,CFG4,1,1,0,1,NONE,NONE,0,1,D,YES,GROUP_RELEASES_RESOURCE,C_COL
LOW,16,moderate,9194,A,CFG0,CFG4,1,1,0,1,NONE,NONE,0,1,D,YES,GROUP_RELEASES_RESOURCE,C_COL
LOW,16,moderate,9196,A,CFG0,CFG4,1,1,0,1,NONE,NONE,0,1,D,YES,GROUP_RELEASES_RESOURCE,C_COL
LOW,16,moderate,9209,A,CFG0,CFG4,1,1,0,1,NONE,NONE,0,1,D,YES,GROUP_RELEASES_RESOURCE,C_COL
LOW,16,moderate,9224,A,CFG0,CFG4,1,1,0,1,NONE,NONE,0,1,D,YES,GROUP_RELEASES_RESOURCE,C_COL
LOW,16,moderate,9235,A,CFG0,CFG4,1,1,0,1,NONE,NONE,0,1,D,YES,GROUP_RELEASES_RESOURCE,C_COL
LOW,16,moderate,9245,A,CFG0,CFG4,1,1,0,1,NONE,NONE,0,1,D,YES,GROUP_RELEASES_RESOURCE,C_COL
LOW,16,moderate,9262,A,CFG0,CFG4,1,1,0,1,NONE,NONE,0,1,D,YES,GROUP_RELEASES_RESOURCE,C_COL
LOW,16,moderate,9312,A,CFG0,CFG4,1,1,0,1,NONE,NONE,0,1,D,YES,GROUP_RELEASES_RESOURCE,C_COL
LOW,16,moderate,9314,A,CFG0,CFG4,1,1,0,1,NONE,NONE,0,1,D,YES,GROUP_RELEASES_RESOURCE,C_COL
LOW,16,moderate,9335,A,CFG0,CFG4,1,1,0,1,NONE,NONE,0,1,D,YES,GROUP_RELEASES_RESOURCE,C_COL
LOW,16,moderate,9337,A,CFG0,CFG4,1,1,0,1,NONE,NONE,0,1,D,YES,GROUP_RELEASES_RESOURCE,C_COL
LOW,16,moderate,9338,A,CFG0,CFG4,1,1,0,1,NONE,NONE,0,1,D,YES,GROUP_RELEASES_RESOURCE,C_COL
LOW,16,moderate,9341,A,CFG0,CFG4,1,1,0,1,NONE,NONE,0,1,D,YES,GROUP_RELEASES_RESOURCE,C_COL
LOW,16,moderate,9346,A,CFG0,CFG4,1,1,0,1,NONE,NONE,0,1,D,YES,GROUP_RELEASES_RESOURCE,C_COL
LOW,16,moderate,9357,A,CFG0,CFG4,1,1,0,1,NONE,NONE,0,1,D,YES,GROUP_RELEASES_RESOURCE,C_COL
LOW,16,moderate,9358,A,CFG0,CFG4,1,2,0,1,NONE,NONE,0,1,D,YES,GROUP_RELEASES_RESOURCE,C_COL
LOW,16,moderate,9368,A,CFG0,CFG4,1,1,0,1,NONE,NONE,0,1,D,YES,GROUP_RELEASES_RESOURCE,C_COL
LOW,16,moderate,9370,A,CFG0,CFG4,1,1,0,1,NONE,NONE,0,1,D,YES,GROUP_RELEASES_RESOURCE,C_COL
LOW,16,moderate,9371,A,CFG0,CFG4,1,1,0,1,NONE,NONE,0,1,D,YES,GROUP_RELEASES_RESOURCE,C_COL
LOW,16,moderate,9372,A,CFG0,CFG4,1,1,0,1,NONE,NONE,0,1,D,YES,GROUP_RELEASES_RESOURCE,C_COL
LOW,16,moderate,9379,A,CFG0,CFG4,1,1,0,1,NONE,NONE,0,1,D,YES,GROUP_RELEASES_RESOURCE,C_COL
LOW,16,moderate,9392,A,CFG0,CFG4,1,1,0,1,NONE,NONE,0,1,D,YES,GROUP_RELEASES_RESOURCE,C_COL
LOW,16,moderate,9418,A,CFG0,CFG4,1,1,0,1,NONE,NONE,0,1,D,YES,GROUP_RELEASES_RESOURCE,C_COL
LOW,16,moderate,9469,A,CFG0,CFG4,1,1,0,1,NONE,NONE,0,1,D,YES,GROUP_RELEASES_RESOURCE,C_COL
LOW,16,moderate,9485,A,CFG0,CFG4,1,1,0,1,NONE,NONE,0,1,D,YES,GROUP_RELEASES_RESOURCE,C_COL
LOW,16,moderate,9488,A,CFG0,CFG4,1,2,0,1,NONE,NONE,0,1,D,YES,GROUP_RELEASES_RESOURCE,C_COL
LOW,16,moderate,9492,A,CFG0,CFG4,1,1,0,1,NONE,NONE,0,1,D,YES,GROUP_RELEASES_RESOURCE,C_COL
LOW,16,moderate,9497,A,CFG0,CFG4,1,1,0,1,NONE,NONE,0,1,D,YES,GROUP_RELEASES_RESOURCE,C_COL
LOW,16,moderate,9515,A,CFG0,CFG4,1,1,0,1,NONE,NONE,0,1,D,YES,GROUP_RELEASES_RESOURCE,C_COL
LOW,16,moderate,9526,A,CFG0,CFG4,1,2,0,1,NONE,NONE,0,1,D,YES,GROUP_RELEASES_RESOURCE,C_COL
LOW,16,moderate,9533,A,CFG0,CFG4,1,1,0,1,NONE,NONE,0,1,D,YES,GROUP_RELEASES_RESOURCE,C_COL
LOW,16,moderate,9551,A,CFG0,CFG4,1,1,0,1,NONE,NONE,0,1,D,YES,GROUP_RELEASES_RESOURCE,C_COL
LOW,16,moderate,9555,A,CFG0,CFG4,1,1,0,1,NONE,NONE,0,1,D,YES,GROUP_RELEASES_RESOURCE,C_COL
LOW,16,moderate,9563,A,CFG0,CFG4,1,1,0,1,NONE,NONE,0,1,D,YES,GROUP_RELEASES_RESOURCE,C_COL
LOW,16,moderate,9567,A,CFG0,CFG4,1,1,0,1,NONE,NONE,0,1,D,YES,GROUP_RELEASES_RESOURCE,C_COL
LOW,16,moderate,9575,A,CFG0,CFG4,1,1,0,1,NONE,NONE,0,1,D,YES,GROUP_RELEASES_RESOURCE,C_COL
LOW,16,moderate,9582,A,CFG0,CFG4,1,1,0,1,NONE,NONE,0,1,D,YES,GROUP_RELEASES_RESOURCE,C_COL
LOW,16,moderate,9583,A,CFG0,CFG4,1,1,0,1,NONE,NONE,0,1,D,YES,GROUP_RELEASES_RESOURCE,C_COL
LOW,16,moderate,9586,A,CFG0,CFG4,1,1,0,1,NONE,NONE,0,1,D,YES,GROUP_RELEASES_RESOURCE,C_COL
LOW,16,moderate,9590,A,CFG0,CFG4,1,1,0,1,NONE,NONE,0,1,D,YES,GROUP_RELEASES_RESOURCE,C_COL
LOW,16,moderate,9620,A,CFG0,CFG4,1,1,0,1,NONE,NONE,0,1,D,YES,GROUP_RELEASES_RESOURCE,C_COL
LOW,16,moderate,9625,A,CFG0,CFG4,1,2,0,1,NONE,NONE,0,1,D,YES,GROUP_RELEASES_RESOURCE,C_COL
LOW,16,moderate,9650,A,CFG0,CFG4,1,1,0,1,NONE,NONE,0,1,D,YES,GROUP_RELEASES_RESOURCE,C_COL
LOW,16,moderate,9678,A,CFG0,CFG4,1,2,0,1,NONE,NONE,0,1,D,YES,GROUP_RELEASES_RESOURCE,C_COL
LOW,16,moderate,9699,A,CFG0,CFG4,1,1,0,1,NONE,NONE,0,1,D,YES,GROUP_RELEASES_RESOURCE,C_COL
LOW,16,moderate,9705,A,CFG0,CFG4,1,1,0,1,NONE,NONE,0,1,D,YES,GROUP_RELEASES_RESOURCE,C_COL
LOW,16,moderate,9712,A,CFG0,CFG4,1,1,0,1,NONE,NONE,0,1,D,YES,GROUP_RELEASES_RESOURCE,C_COL
LOW,16,moderate,9722,A,CFG0,CFG4,1,1,0,1,NONE,NONE,0,1,D,YES,GROUP_RELEASES_RESOURCE,C_COL
LOW,16,moderate,9735,A,CFG0,CFG4,1,1,0,1,NONE,NONE,0,1,D,YES,GROUP_RELEASES_RESOURCE,C_COL
LOW,16,moderate,9740,A,CFG0,CFG4,1,1,0,1,NONE,NONE,0,1,D,YES,GROUP_RELEASES_RESOURCE,C_COL
LOW,16,moderate,9767,A,CFG0,CFG4,1,1,0,1,NONE,NONE,0,1,D,YES,GROUP_RELEASES_RESOURCE,C_COL
LOW,16,moderate,9775,A,CFG0,CFG4,1,1,0,1,NONE,NONE,0,1,D,YES,GROUP_RELEASES_RESOURCE,C_COL
LOW,16,moderate,9819,A,CFG0,CFG4,1,2,0,1,NONE,NONE,0,1,D,YES,GROUP_RELEASES_RESOURCE,C_COL
LOW,16,moderate,9841,A,CFG0,CFG4,1,2,0,1,NONE,NONE,0,1,D,YES,GROUP_RELEASES_RESOURCE,C_COL
LOW,16,moderate,9855,A,CFG0,CFG4,1,1,0,1,NONE,NONE,0,1,D,YES,GROUP_RELEASES_RESOURCE,C_COL
LOW,16,moderate,9887,A,CFG0,CFG4,1,1,0,1,NONE,NONE,0,1,D,YES,GROUP_RELEASES_RESOURCE,C_COL
LOW,16,moderate,9889,A,CFG0,CFG4,1,1,0,1,NONE,NONE,0,1,D,YES,GROUP_RELEASES_RESOURCE,C_COL
LOW,16,moderate,9896,A,CFG0,CFG4,1,1,0,1,NONE,NONE,0,1,D,YES,GROUP_RELEASES_RESOURCE,C_COL
LOW,16,moderate,9912,A,CFG0,CFG4,1,1,0,1,NONE,NONE,0,1,D,YES,GROUP_RELEASES_RESOURCE,C_COL
LOW,16,moderate,9913,A,CFG0,CFG4,1,1,0,1,NONE,NONE,0,1,D,YES,GROUP_RELEASES_RESOURCE,C_COL
LOW,16,moderate,9919,A,CFG0,CFG4,1,1,0,1,NONE,NONE,0,1,D,YES,GROUP_RELEASES_RESOURCE,C_COL
LOW,16,moderate,9990,A,CFG0,CFG4,1,1,0,1,NONE,NONE,0,1,D,YES,GROUP_RELEASES_RESOURCE,C_COL
MEDIUM,20,moderate,19,A,CFG0,CFG4,1,1,0,1,NONE,NONE,0,1,D,YES,GROUP_RELEASES_RESOURCE,C_COL
MEDIUM,20,moderate,22,A,CFG0,CFG4,1,1,0,1,NONE,NONE,0,1,D,YES,GROUP_RELEASES_RESOURCE,C_COL
MEDIUM,20,moderate,35,A,CFG0,CFG4,1,1,0,1,NONE,NONE,0,1,D,YES,GROUP_RELEASES_RESOURCE,C_COL
MEDIUM,20,moderate,116,A,CFG0,CFG4,1,1,0,1,NONE,NONE,0,1,D,YES,GROUP_RELEASES_RESOURCE,C_COL
MEDIUM,20,moderate,124,A,CFG0,CFG4,1,1,0,1,NONE,NONE,0,1,D,YES,GROUP_RELEASES_RESOURCE,C_COL
MEDIUM,20,moderate,128,A,CFG0,CFG4,1,1,0,1,NONE,NONE,0,1,D,YES,GROUP_RELEASES_RESOURCE,C_COL
MEDIUM,20,moderate,134,A,CFG0,CFG4,1,1,0,1,NONE,NONE,0,1,D,YES,GROUP_RELEASES_RESOURCE,C_COL
MEDIUM,20,moderate,209,A,CFG0,CFG4,1,1,0,1,NONE,NONE,0,1,D,YES,GROUP_RELEASES_RESOURCE,C_COL
MEDIUM,20,moderate,221,A,CFG0,CFG4,1,1,0,1,NONE,NONE,0,1,D,YES,GROUP_RELEASES_RESOURCE,C_COL
MEDIUM,20,moderate,235,A,CFG0,CFG4,1,2,0,1,NONE,NONE,0,1,D,YES,GROUP_RELEASES_RESOURCE,C_COL
MEDIUM,20,moderate,249,A,CFG0,CFG4,1,1,0,1,NONE,NONE,0,1,D,YES,GROUP_RELEASES_RESOURCE,C_COL
MEDIUM,20,moderate,259,A,CFG0,CFG4,1,1,0,1,NONE,NONE,0,1,D,YES,GROUP_RELEASES_RESOURCE,C_COL
MEDIUM,20,moderate,290,A,CFG0,CFG4,1,1,0,1,NONE,NONE,0,1,D,YES,GROUP_RELEASES_RESOURCE,C_COL
MEDIUM,20,moderate,293,A,CFG0,CFG4,1,1,0,1,NONE,NONE,0,1,D,YES,GROUP_RELEASES_RESOURCE,C_COL
MEDIUM,20,moderate,321,A,CFG0,CFG4,1,1,0,1,NONE,NONE,0,1,D,YES,GROUP_RELEASES_RESOURCE,C_COL
MEDIUM,20,moderate,323,A,CFG0,CFG4,1,1,0,1,NONE,NONE,0,1,D,YES,GROUP_RELEASES_RESOURCE,C_COL
MEDIUM,20,moderate,324,A,CFG0,CFG4,1,1,0,1,NONE,NONE,0,1,D,YES,GROUP_RELEASES_RESOURCE,C_COL
MEDIUM,20,moderate,332,A,CFG0,CFG4,1,2,0,1,NONE,NONE,0,1,D,YES,GROUP_RELEASES_RESOURCE,C_COL
MEDIUM,20,moderate,389,A,CFG0,CFG4,1,2,0,1,NONE,NONE,0,1,D,YES,GROUP_RELEASES_RESOURCE,C_COL
MEDIUM,20,moderate,398,A,CFG0,CFG4,1,1,0,1,NONE,NONE,0,1,D,YES,GROUP_RELEASES_RESOURCE,C_COL
MEDIUM,20,moderate,437,A,CFG0,CFG4,1,1,0,1,NONE,NONE,0,1,D,YES,GROUP_RELEASES_RESOURCE,C_COL
MEDIUM,20,moderate,441,A,CFG0,CFG4,1,1,0,1,NONE,NONE,0,1,D,YES,GROUP_RELEASES_RESOURCE,C_COL
MEDIUM,20,moderate,444,A,CFG0,CFG4,1,1,0,1,NONE,NONE,0,1,C,YES,GROUP_RELEASES_RESOURCE,D_ROW
MEDIUM,20,moderate,452,A,CFG0,CFG4,1,1,0,1,NONE,NONE,0,1,D,YES,GROUP_RELEASES_RESOURCE,C_COL
MEDIUM,20,moderate,458,A,CFG0,CFG4,1,1,0,1,NONE,NONE,0,1,D,YES,GROUP_RELEASES_RESOURCE,C_COL
MEDIUM,20,moderate,464,A,CFG0,CFG4,1,1,0,1,NONE,NONE,0,1,D,YES,GROUP_RELEASES_RESOURCE,C_COL
MEDIUM,20,moderate,472,A,CFG0,CFG4,1,1,0,1,NONE,NONE,0,1,D,YES,GROUP_RELEASES_RESOURCE,C_COL
MEDIUM,20,moderate,496,A,CFG0,CFG4,1,1,0,1,NONE,NONE,0,1,D,YES,GROUP_RELEASES_RESOURCE,C_COL
MEDIUM,20,moderate,559,A,CFG0,CFG4,1,1,0,1,NONE,NONE,0,1,D,YES,GROUP_RELEASES_RESOURCE,C_COL
MEDIUM,20,moderate,630,A,CFG0,CFG4,1,1,0,1,NONE,NONE,0,1,D,YES,GROUP_RELEASES_RESOURCE,C_COL
MEDIUM,20,moderate,633,A,CFG0,CFG4,1,1,0,1,NONE,NONE,0,1,D,YES,GROUP_RELEASES_RESOURCE,C_COL
MEDIUM,20,moderate,666,A,CFG0,CFG4,1,1,0,1,NONE,NONE,0,1,D,YES,GROUP_RELEASES_RESOURCE,C_COL
MEDIUM,20,moderate,668,A,CFG0,CFG4,1,1,0,1,NONE,NONE,0,1,D,YES,GROUP_RELEASES_RESOURCE,C_COL
MEDIUM,20,moderate,713,A,CFG0,CFG4,1,1,0,1,NONE,NONE,0,1,D,YES,GROUP_RELEASES_RESOURCE,C_COL
MEDIUM,20,moderate,715,A,CFG0,CFG4,1,1,0,1,NONE,NONE,0,1,D,YES,GROUP_RELEASES_RESOURCE,C_COL
MEDIUM,20,moderate,788,A,CFG0,CFG4,1,1,0,1,NONE,NONE,0,1,D,YES,GROUP_RELEASES_RESOURCE,C_COL
MEDIUM,20,moderate,797,A,CFG0,CFG4,1,1,0,1,NONE,NONE,0,1,D,YES,GROUP_RELEASES_RESOURCE,C_COL
MEDIUM,20,moderate,820,A,CFG0,CFG4,1,1,0,1,NONE,NONE,0,1,D,YES,GROUP_RELEASES_RESOURCE,C_COL
MEDIUM,20,moderate,826,A,CFG0,CFG4,1,2,0,1,NONE,NONE,0,1,D,YES,GROUP_RELEASES_RESOURCE,C_COL
MEDIUM,20,moderate,834,A,CFG0,CFG4,1,1,0,1,NONE,NONE,0,1,D,YES,GROUP_RELEASES_RESOURCE,C_COL
MEDIUM,20,moderate,835,A,CFG0,CFG4,1,1,0,1,NONE,NONE,0,1,D,YES,GROUP_RELEASES_RESOURCE,C_COL
MEDIUM,20,moderate,852,A,CFG0,CFG4,1,1,0,1,NONE,NONE,0,1,D,YES,GROUP_RELEASES_RESOURCE,C_COL
MEDIUM,20,moderate,873,A,CFG0,CFG4,1,1,0,1,NONE,NONE,0,1,D,YES,GROUP_RELEASES_RESOURCE,C_COL
MEDIUM,20,moderate,1022,A,CFG0,CFG4,1,2,0,1,NONE,NONE,0,1,D,YES,GROUP_RELEASES_RESOURCE,C_COL
MEDIUM,20,moderate,1037,A,CFG0,CFG4,1,1,0,1,NONE,NONE,0,1,D,YES,GROUP_RELEASES_RESOURCE,C_COL
MEDIUM,20,moderate,1066,A,CFG0,CFG4,1,1,0,1,NONE,NONE,0,1,D,YES,GROUP_RELEASES_RESOURCE,C_COL
MEDIUM,20,moderate,1078,A,CFG0,CFG4,1,1,0,1,NONE,NONE,0,1,D,YES,GROUP_RELEASES_RESOURCE,C_COL
MEDIUM,20,moderate,1133,A,CFG0,CFG4,1,1,0,1,NONE,NONE,0,1,D,YES,GROUP_RELEASES_RESOURCE,C_COL
MEDIUM,20,moderate,1159,A,CFG0,CFG4,1,1,0,1,NONE,NONE,0,1,D,YES,GROUP_RELEASES_RESOURCE,C_COL
MEDIUM,20,moderate,1171,A,CFG0,CFG4,1,1,0,1,NONE,NONE,0,1,D,YES,GROUP_RELEASES_RESOURCE,C_COL
MEDIUM,20,moderate,1179,A,CFG0,CFG4,1,1,0,1,NONE,NONE,0,1,D,YES,GROUP_RELEASES_RESOURCE,C_COL
MEDIUM,20,moderate,1228,A,CFG0,CFG4,1,1,0,1,NONE,NONE,0,1,D,YES,GROUP_RELEASES_RESOURCE,C_COL
MEDIUM,20,moderate,1247,A,CFG0,CFG4,1,1,0,1,NONE,NONE,0,1,D,YES,GROUP_RELEASES_RESOURCE,C_COL
MEDIUM,20,moderate,1286,A,CFG0,CFG4,1,1,0,1,NONE,NONE,0,1,C,YES,GROUP_RELEASES_RESOURCE,D_ROW
MEDIUM,20,moderate,1302,A,CFG0,CFG4,1,1,0,1,NONE,NONE,0,1,D,YES,GROUP_RELEASES_RESOURCE,C_COL
MEDIUM,20,moderate,1306,A,CFG0,CFG4,1,1,0,1,NONE,NONE,0,1,D,YES,GROUP_RELEASES_RESOURCE,C_COL
MEDIUM,20,moderate,1317,A,CFG0,CFG4,1,2,0,1,NONE,NONE,0,1,D,YES,GROUP_RELEASES_RESOURCE,C_COL
MEDIUM,20,moderate,1399,A,CFG0,CFG4,1,1,0,1,NONE,NONE,0,1,D,YES,GROUP_RELEASES_RESOURCE,C_COL
MEDIUM,20,moderate,1431,A,CFG0,CFG4,1,2,0,1,NONE,NONE,0,1,D,YES,GROUP_RELEASES_RESOURCE,C_COL
MEDIUM,20,moderate,1445,A,CFG0,CFG4,1,1,0,1,NONE,NONE,0,1,D,YES,GROUP_RELEASES_RESOURCE,C_COL
MEDIUM,20,moderate,1460,A,CFG0,CFG4,1,2,0,1,NONE,NONE,0,1,D,YES,GROUP_RELEASES_RESOURCE,C_COL
MEDIUM,20,moderate,1480,A,CFG0,CFG4,1,1,0,1,NONE,NONE,0,1,D,YES,GROUP_RELEASES_RESOURCE,C_COL
MEDIUM,20,moderate,1518,A,CFG0,CFG4,1,1,0,1,NONE,NONE,0,1,D,YES,GROUP_RELEASES_RESOURCE,C_COL
MEDIUM,20,moderate,1522,A,CFG0,CFG4,1,1,0,1,NONE,NONE,0,1,C,YES,GROUP_RELEASES_RESOURCE,D_ROW
MEDIUM,20,moderate,1535,A,CFG0,CFG4,1,1,0,1,NONE,NONE,0,1,D,YES,GROUP_RELEASES_RESOURCE,C_COL
MEDIUM,20,moderate,1568,A,CFG0,CFG4,1,1,0,1,NONE,NONE,0,1,D,YES,GROUP_RELEASES_RESOURCE,C_COL
MEDIUM,20,moderate,1656,A,CFG0,CFG4,1,1,0,1,NONE,NONE,0,1,D,YES,GROUP_RELEASES_RESOURCE,C_COL
MEDIUM,20,moderate,1665,A,CFG0,CFG4,1,2,0,1,NONE,NONE,0,1,D,YES,GROUP_RELEASES_RESOURCE,C_COL
MEDIUM,20,moderate,1673,A,CFG0,CFG4,1,2,0,1,NONE,NONE,0,1,D,YES,GROUP_RELEASES_RESOURCE,C_COL
MEDIUM,20,moderate,1691,A,CFG0,CFG4,1,1,0,1,NONE,NONE,0,1,D,YES,GROUP_RELEASES_RESOURCE,C_COL
MEDIUM,20,moderate,1699,A,CFG0,CFG4,1,1,0,1,NONE,NONE,0,1,D,YES,GROUP_RELEASES_RESOURCE,C_COL
MEDIUM,20,moderate,1716,A,CFG0,CFG4,1,1,0,1,NONE,NONE,0,1,D,YES,GROUP_RELEASES_RESOURCE,C_COL
MEDIUM,20,moderate,1752,A,CFG0,CFG4,1,1,0,1,NONE,NONE,0,1,C,YES,GROUP_RELEASES_RESOURCE,D_ROW
MEDIUM,20,moderate,1808,A,CFG0,CFG4,1,1,0,1,NONE,NONE,0,1,D,YES,GROUP_RELEASES_RESOURCE,C_COL
MEDIUM,20,moderate,1848,A,CFG0,CFG4,1,1,0,1,NONE,NONE,0,1,D,YES,GROUP_RELEASES_RESOURCE,C_COL
MEDIUM,20,moderate,1913,A,CFG0,CFG4,1,1,0,1,NONE,NONE,0,1,D,YES,GROUP_RELEASES_RESOURCE,C_COL
MEDIUM,20,moderate,1916,A,CFG0,CFG4,1,1,0,1,NONE,NONE,0,1,D,YES,GROUP_RELEASES_RESOURCE,C_COL
MEDIUM,20,moderate,1962,A,CFG0,CFG4,1,1,0,1,NONE,NONE,0,1,D,YES,GROUP_RELEASES_RESOURCE,C_COL
MEDIUM,20,moderate,2077,A,CFG0,CFG4,1,1,0,1,NONE,NONE,0,1,D,YES,GROUP_RELEASES_RESOURCE,C_COL
MEDIUM,20,moderate,2096,A,CFG0,CFG4,1,2,0,1,NONE,NONE,0,1,D,YES,GROUP_RELEASES_RESOURCE,C_COL
MEDIUM,20,moderate,2105,A,CFG0,CFG4,1,2,0,1,NONE,NONE,0,1,D,YES,GROUP_RELEASES_RESOURCE,C_COL
MEDIUM,20,moderate,2151,A,CFG0,CFG4,1,1,0,1,NONE,NONE,0,1,D,YES,GROUP_RELEASES_RESOURCE,C_COL
MEDIUM,20,moderate,2182,A,CFG0,CFG4,1,2,0,1,NONE,NONE,0,1,D,YES,GROUP_RELEASES_RESOURCE,C_COL
MEDIUM,20,moderate,2190,A,CFG0,CFG4,1,1,0,1,NONE,NONE,0,1,D,YES,GROUP_RELEASES_RESOURCE,C_COL
MEDIUM,20,moderate,2195,A,CFG0,CFG4,1,1,0,1,NONE,NONE,0,1,D,YES,GROUP_RELEASES_RESOURCE,C_COL
MEDIUM,20,moderate,2204,A,CFG0,CFG4,1,1,0,1,NONE,NONE,0,1,D,YES,GROUP_RELEASES_RESOURCE,C_COL
MEDIUM,20,moderate,2249,A,CFG0,CFG4,1,1,0,1,NONE,NONE,0,1,D,YES,GROUP_RELEASES_RESOURCE,C_COL
MEDIUM,20,moderate,2257,A,CFG0,CFG4,1,1,0,1,NONE,NONE,0,1,D,YES,GROUP_RELEASES_RESOURCE,C_COL
MEDIUM,20,moderate,2338,A,CFG0,CFG4,1,1,0,1,NONE,NONE,0,1,D,YES,GROUP_RELEASES_RESOURCE,C_COL
MEDIUM,20,moderate,2377,A,CFG0,CFG4,1,1,0,1,NONE,NONE,0,1,D,YES,GROUP_RELEASES_RESOURCE,C_COL
MEDIUM,20,moderate,2396,A,CFG0,CFG4,1,1,0,1,NONE,NONE,0,1,D,YES,GROUP_RELEASES_RESOURCE,C_COL
MEDIUM,20,moderate,2397,A,CFG0,CFG4,1,1,0,1,NONE,NONE,0,1,D,YES,GROUP_RELEASES_RESOURCE,C_COL
MEDIUM,20,moderate,2434,A,CFG0,CFG4,1,1,0,1,NONE,NONE,0,1,D,YES,GROUP_RELEASES_RESOURCE,C_COL
MEDIUM,20,moderate,2468,A,CFG0,CFG4,1,1,0,1,NONE,NONE,0,1,D,YES,GROUP_RELEASES_RESOURCE,C_COL
MEDIUM,20,moderate,2471,A,CFG0,CFG4,1,1,0,1,NONE,NONE,0,1,D,YES,GROUP_RELEASES_RESOURCE,C_COL
MEDIUM,20,moderate,2602,A,CFG0,CFG4,1,1,0,1,NONE,NONE,0,1,D,YES,GROUP_RELEASES_RESOURCE,C_COL
MEDIUM,20,moderate,2673,A,CFG0,CFG4,1,1,0,1,NONE,NONE,0,1,D,YES,GROUP_RELEASES_RESOURCE,C_COL
MEDIUM,20,moderate,2749,A,CFG0,CFG4,1,2,0,1,NONE,NONE,0,1,D,YES,GROUP_RELEASES_RESOURCE,C_COL
MEDIUM,20,moderate,2756,A,CFG0,CFG4,1,1,0,1,NONE,NONE,0,1,D,YES,GROUP_RELEASES_RESOURCE,C_COL
MEDIUM,20,moderate,2766,A,CFG0,CFG4,1,1,0,1,NONE,NONE,0,1,D,YES,GROUP_RELEASES_RESOURCE,C_COL
MEDIUM,20,moderate,2774,A,CFG0,CFG4,1,1,0,1,NONE,NONE,0,1,D,YES,GROUP_RELEASES_RESOURCE,C_COL
MEDIUM,20,moderate,2786,A,CFG0,CFG4,1,1,0,1,NONE,NONE,0,1,D,YES,GROUP_RELEASES_RESOURCE,C_COL
MEDIUM,20,moderate,2812,A,CFG0,CFG4,1,1,0,1,NONE,NONE,0,1,D,YES,GROUP_RELEASES_RESOURCE,C_COL
MEDIUM,20,moderate,2835,A,CFG0,CFG4,1,1,0,1,NONE,NONE,0,1,D,YES,GROUP_RELEASES_RESOURCE,C_COL
MEDIUM,20,moderate,2846,A,CFG0,CFG4,1,1,0,1,NONE,NONE,0,1,D,YES,GROUP_RELEASES_RESOURCE,C_COL
MEDIUM,20,moderate,2868,A,CFG0,CFG4,1,1,0,1,NONE,NONE,0,1,D,YES,GROUP_RELEASES_RESOURCE,C_COL
MEDIUM,20,moderate,2883,A,CFG0,CFG4,1,1,0,1,NONE,NONE,0,1,D,YES,GROUP_RELEASES_RESOURCE,C_COL
MEDIUM,20,moderate,2888,A,CFG0,CFG4,1,1,0,1,NONE,NONE,0,1,D,YES,GROUP_RELEASES_RESOURCE,C_COL
MEDIUM,20,moderate,2904,A,CFG0,CFG4,1,2,0,1,NONE,NONE,0,1,D,YES,GROUP_RELEASES_RESOURCE,C_COL
MEDIUM,20,moderate,3040,A,CFG0,CFG4,1,2,0,1,NONE,NONE,0,1,D,YES,GROUP_RELEASES_RESOURCE,C_COL
MEDIUM,20,moderate,3080,A,CFG0,CFG4,1,1,0,1,NONE,NONE,0,1,D,YES,GROUP_RELEASES_RESOURCE,C_COL
MEDIUM,20,moderate,3081,A,CFG0,CFG4,1,1,0,1,NONE,NONE,0,1,D,YES,GROUP_RELEASES_RESOURCE,C_COL
MEDIUM,20,moderate,3098,A,CFG0,CFG4,1,1,0,1,NONE,NONE,0,1,D,YES,GROUP_RELEASES_RESOURCE,C_COL
MEDIUM,20,moderate,3165,A,CFG0,CFG4,1,2,0,1,NONE,NONE,0,1,D,YES,GROUP_RELEASES_RESOURCE,C_COL
MEDIUM,20,moderate,3187,A,CFG0,CFG4,1,1,0,1,NONE,NONE,0,1,D,YES,GROUP_RELEASES_RESOURCE,C_COL
MEDIUM,20,moderate,3225,A,CFG0,CFG4,1,1,0,1,NONE,NONE,0,1,D,YES,GROUP_RELEASES_RESOURCE,C_COL
MEDIUM,20,moderate,3231,A,CFG0,CFG4,1,2,0,1,NONE,NONE,0,1,D,YES,GROUP_RELEASES_RESOURCE,C_COL
MEDIUM,20,moderate,3234,A,CFG0,CFG4,1,1,0,1,NONE,NONE,0,1,C,YES,GROUP_RELEASES_RESOURCE,D_ROW
MEDIUM,20,moderate,3288,A,CFG0,CFG4,1,1,0,1,NONE,NONE,0,1,D,YES,GROUP_RELEASES_RESOURCE,C_COL
MEDIUM,20,moderate,3381,A,CFG0,CFG4,1,1,0,1,NONE,NONE,0,1,D,YES,GROUP_RELEASES_RESOURCE,C_COL
MEDIUM,20,moderate,3397,A,CFG0,CFG4,1,1,0,1,NONE,NONE,0,1,D,YES,GROUP_RELEASES_RESOURCE,C_COL
MEDIUM,20,moderate,3501,A,CFG0,CFG4,1,1,0,1,NONE,NONE,0,1,D,YES,GROUP_RELEASES_RESOURCE,C_COL
MEDIUM,20,moderate,3524,A,CFG0,CFG4,1,2,0,1,NONE,NONE,0,1,D,YES,GROUP_RELEASES_RESOURCE,C_COL
MEDIUM,20,moderate,3735,A,CFG0,CFG4,1,1,0,1,NONE,NONE,0,1,D,YES,GROUP_RELEASES_RESOURCE,C_COL
MEDIUM,20,moderate,3812,A,CFG0,CFG4,1,1,0,1,NONE,NONE,0,1,D,YES,GROUP_RELEASES_RESOURCE,C_COL
MEDIUM,20,moderate,3823,A,CFG0,CFG4,1,1,0,1,NONE,NONE,0,1,D,YES,GROUP_RELEASES_RESOURCE,C_COL
MEDIUM,20,moderate,3828,A,CFG0,CFG4,1,1,0,1,NONE,NONE,0,1,D,YES,GROUP_RELEASES_RESOURCE,C_COL
MEDIUM,20,moderate,3832,A,CFG0,CFG4,1,2,0,1,NONE,NONE,0,1,D,YES,GROUP_RELEASES_RESOURCE,C_COL
MEDIUM,20,moderate,3879,A,CFG0,CFG4,1,2,0,1,NONE,NONE,0,1,D,YES,GROUP_RELEASES_RESOURCE,C_COL
MEDIUM,20,moderate,3913,A,CFG0,CFG4,1,1,0,1,NONE,NONE,0,1,D,YES,GROUP_RELEASES_RESOURCE,C_COL
MEDIUM,20,moderate,3931,A,CFG0,CFG4,1,1,0,1,NONE,NONE,0,1,D,YES,GROUP_RELEASES_RESOURCE,C_COL
MEDIUM,20,moderate,3942,A,CFG0,CFG4,1,1,0,1,NONE,NONE,0,1,D,YES,GROUP_RELEASES_RESOURCE,C_COL
MEDIUM,20,moderate,3951,A,CFG0,CFG4,1,2,0,1,NONE,NONE,0,1,D,YES,GROUP_RELEASES_RESOURCE,C_COL
MEDIUM,20,moderate,3958,A,CFG0,CFG4,1,1,0,1,NONE,NONE,0,1,D,YES,GROUP_RELEASES_RESOURCE,C_COL
MEDIUM,20,moderate,3964,A,CFG0,CFG4,1,1,0,1,NONE,NONE,0,1,D,YES,GROUP_RELEASES_RESOURCE,C_COL
MEDIUM,20,moderate,4096,A,CFG0,CFG4,1,2,0,1,NONE,NONE,0,1,D,YES,GROUP_RELEASES_RESOURCE,C_COL
MEDIUM,20,moderate,4111,A,CFG0,CFG4,1,1,0,1,NONE,NONE,0,1,D,YES,GROUP_RELEASES_RESOURCE,C_COL
MEDIUM,20,moderate,4113,A,CFG0,CFG4,1,1,0,1,NONE,NONE,0,1,D,YES,GROUP_RELEASES_RESOURCE,C_COL
MEDIUM,20,moderate,4132,A,CFG0,CFG4,1,1,0,1,NONE,NONE,0,1,D,YES,GROUP_RELEASES_RESOURCE,C_COL
MEDIUM,20,moderate,4201,A,CFG0,CFG4,1,1,0,1,NONE,NONE,0,1,D,YES,GROUP_RELEASES_RESOURCE,C_COL
MEDIUM,20,moderate,4219,A,CFG0,CFG4,1,1,0,1,NONE,NONE,0,1,D,YES,GROUP_RELEASES_RESOURCE,C_COL
MEDIUM,20,moderate,4241,A,CFG0,CFG4,1,1,0,1,NONE,NONE,0,1,D,YES,GROUP_RELEASES_RESOURCE,C_COL
MEDIUM,20,moderate,4243,A,CFG0,CFG4,1,1,0,1,NONE,NONE,0,1,D,YES,GROUP_RELEASES_RESOURCE,C_COL
MEDIUM,20,moderate,4297,A,CFG0,CFG4,1,1,0,1,NONE,NONE,0,1,D,YES,GROUP_RELEASES_RESOURCE,C_COL
MEDIUM,20,moderate,4333,A,CFG0,CFG4,1,1,0,1,NONE,NONE,0,1,D,YES,GROUP_RELEASES_RESOURCE,C_COL
MEDIUM,20,moderate,4434,A,CFG0,CFG4,1,2,0,1,NONE,NONE,0,1,D,YES,GROUP_RELEASES_RESOURCE,C_COL
MEDIUM,20,moderate,4446,A,CFG0,CFG4,1,1,0,1,NONE,NONE,0,1,D,YES,GROUP_RELEASES_RESOURCE,C_COL
MEDIUM,20,moderate,4474,A,CFG0,CFG4,1,1,0,1,NONE,NONE,0,1,D,YES,GROUP_RELEASES_RESOURCE,C_COL
MEDIUM,20,moderate,4477,A,CFG0,CFG4,1,1,0,1,NONE,NONE,0,1,D,YES,GROUP_RELEASES_RESOURCE,C_COL
MEDIUM,20,moderate,4502,A,CFG0,CFG4,1,1,0,1,NONE,NONE,0,1,D,YES,GROUP_RELEASES_RESOURCE,C_COL
MEDIUM,20,moderate,4512,A,CFG0,CFG4,1,1,0,1,NONE,NONE,0,1,D,YES,GROUP_RELEASES_RESOURCE,C_COL
MEDIUM,20,moderate,4601,A,CFG0,CFG4,1,1,0,1,NONE,NONE,0,1,D,YES,GROUP_RELEASES_RESOURCE,C_COL
MEDIUM,20,moderate,4633,A,CFG0,CFG4,1,1,0,1,NONE,NONE,0,1,D,YES,GROUP_RELEASES_RESOURCE,C_COL
MEDIUM,20,moderate,4647,A,CFG0,CFG4,1,1,0,1,NONE,NONE,0,1,D,YES,GROUP_RELEASES_RESOURCE,C_COL
MEDIUM,20,moderate,4655,A,CFG0,CFG4,1,1,0,1,NONE,NONE,0,1,D,YES,GROUP_RELEASES_RESOURCE,C_COL
MEDIUM,20,moderate,4672,A,CFG0,CFG4,1,2,0,1,NONE,NONE,0,1,D,YES,GROUP_RELEASES_RESOURCE,C_COL
MEDIUM,20,moderate,4717,A,CFG0,CFG4,1,2,0,1,NONE,NONE,0,1,D,YES,GROUP_RELEASES_RESOURCE,C_COL
MEDIUM,20,moderate,4756,A,CFG0,CFG4,1,1,0,1,NONE,NONE,0,1,C,YES,GROUP_RELEASES_RESOURCE,D_ROW
MEDIUM,20,moderate,4824,A,CFG0,CFG4,1,1,0,1,NONE,NONE,0,1,D,YES,GROUP_RELEASES_RESOURCE,C_COL
MEDIUM,20,moderate,4828,A,CFG0,CFG4,1,1,0,1,NONE,NONE,0,1,D,YES,GROUP_RELEASES_RESOURCE,C_COL
MEDIUM,20,moderate,4864,A,CFG0,CFG4,1,1,0,1,NONE,NONE,0,1,D,YES,GROUP_RELEASES_RESOURCE,C_COL
MEDIUM,20,moderate,4961,A,CFG0,CFG4,1,1,0,1,NONE,NONE,0,1,D,YES,GROUP_RELEASES_RESOURCE,C_COL
MEDIUM,20,moderate,4978,A,CFG0,CFG4,1,2,0,1,NONE,NONE,0,1,D,YES,GROUP_RELEASES_RESOURCE,C_COL
MEDIUM,20,moderate,5008,A,CFG0,CFG4,1,2,0,1,NONE,NONE,0,1,D,YES,GROUP_RELEASES_RESOURCE,C_COL
MEDIUM,20,moderate,5032,A,CFG0,CFG4,1,1,0,1,NONE,NONE,0,1,D,YES,GROUP_RELEASES_RESOURCE,C_COL
MEDIUM,20,moderate,5039,A,CFG0,CFG4,1,1,0,1,NONE,NONE,0,1,D,YES,GROUP_RELEASES_RESOURCE,C_COL
MEDIUM,20,moderate,5040,A,CFG0,CFG4,1,1,0,1,NONE,NONE,0,1,D,YES,GROUP_RELEASES_RESOURCE,C_COL
MEDIUM,20,moderate,5044,A,CFG0,CFG4,1,1,0,1,NONE,NONE,0,1,D,YES,GROUP_RELEASES_RESOURCE,C_COL
MEDIUM,20,moderate,5105,A,CFG0,CFG4,1,1,0,1,NONE,NONE,0,1,D,YES,GROUP_RELEASES_RESOURCE,C_COL
MEDIUM,20,moderate,5131,A,CFG0,CFG4,1,1,0,1,NONE,NONE,0,1,D,YES,GROUP_RELEASES_RESOURCE,C_COL
MEDIUM,20,moderate,5135,A,CFG0,CFG4,1,1,0,1,NONE,NONE,0,1,D,YES,GROUP_RELEASES_RESOURCE,C_COL
MEDIUM,20,moderate,5149,A,CFG0,CFG4,1,1,0,1,NONE,NONE,0,1,D,YES,GROUP_RELEASES_RESOURCE,C_COL
MEDIUM,20,moderate,5175,A,CFG0,CFG4,1,1,0,1,NONE,NONE,0,1,D,YES,GROUP_RELEASES_RESOURCE,C_COL
MEDIUM,20,moderate,5208,A,CFG0,CFG4,1,1,0,1,NONE,NONE,0,1,D,YES,GROUP_RELEASES_RESOURCE,C_COL
MEDIUM,20,moderate,5279,A,CFG0,CFG4,1,2,0,1,NONE,NONE,0,1,D,YES,GROUP_RELEASES_RESOURCE,C_COL
MEDIUM,20,moderate,5310,A,CFG0,CFG4,1,2,0,1,NONE,NONE,0,1,D,YES,GROUP_RELEASES_RESOURCE,C_COL
MEDIUM,20,moderate,5315,A,CFG0,CFG4,1,1,0,1,NONE,NONE,0,1,D,YES,GROUP_RELEASES_RESOURCE,C_COL
MEDIUM,20,moderate,5359,A,CFG0,CFG4,1,1,0,1,NONE,NONE,0,1,D,YES,GROUP_RELEASES_RESOURCE,C_COL
MEDIUM,20,moderate,5367,A,CFG0,CFG4,1,2,0,1,NONE,NONE,0,1,D,YES,GROUP_RELEASES_RESOURCE,C_COL
MEDIUM,20,moderate,5399,A,CFG0,CFG4,1,2,0,1,NONE,NONE,0,1,D,YES,GROUP_RELEASES_RESOURCE,C_COL
MEDIUM,20,moderate,5403,A,CFG0,CFG4,1,1,0,1,NONE,NONE,0,1,D,YES,GROUP_RELEASES_RESOURCE,C_COL
MEDIUM,20,moderate,5411,A,CFG0,CFG4,1,1,0,1,NONE,NONE,0,1,D,YES,GROUP_RELEASES_RESOURCE,C_COL
MEDIUM,20,moderate,5469,A,CFG0,CFG4,1,1,0,1,NONE,NONE,0,1,D,YES,GROUP_RELEASES_RESOURCE,C_COL
MEDIUM,20,moderate,5475,A,CFG0,CFG4,1,1,0,1,NONE,NONE,0,1,D,YES,GROUP_RELEASES_RESOURCE,C_COL
MEDIUM,20,moderate,5500,A,CFG0,CFG4,1,1,0,1,NONE,NONE,0,1,D,YES,GROUP_RELEASES_RESOURCE,C_COL
MEDIUM,20,moderate,5531,A,CFG0,CFG4,1,2,0,1,NONE,NONE,0,1,D,YES,GROUP_RELEASES_RESOURCE,C_COL
MEDIUM,20,moderate,5544,A,CFG0,CFG4,1,1,0,1,NONE,NONE,0,1,D,YES,GROUP_RELEASES_RESOURCE,C_COL
MEDIUM,20,moderate,5566,A,CFG0,CFG4,1,1,0,1,NONE,NONE,0,1,D,YES,GROUP_RELEASES_RESOURCE,C_COL
MEDIUM,20,moderate,5671,A,CFG0,CFG4,1,1,0,1,NONE,NONE,0,1,C,YES,GROUP_RELEASES_RESOURCE,D_ROW
MEDIUM,20,moderate,5708,A,CFG0,CFG4,1,1,0,1,NONE,NONE,0,1,D,YES,GROUP_RELEASES_RESOURCE,C_COL
MEDIUM,20,moderate,5728,A,CFG0,CFG4,1,1,0,1,NONE,NONE,0,1,D,YES,GROUP_RELEASES_RESOURCE,C_COL
MEDIUM,20,moderate,5754,A,CFG0,CFG4,1,2,0,1,NONE,NONE,0,1,D,YES,GROUP_RELEASES_RESOURCE,C_COL
MEDIUM,20,moderate,5763,A,CFG0,CFG4,1,1,0,1,NONE,NONE,0,1,D,YES,GROUP_RELEASES_RESOURCE,C_COL
MEDIUM,20,moderate,5816,A,CFG0,CFG4,1,1,0,1,NONE,NONE,0,1,D,YES,GROUP_RELEASES_RESOURCE,C_COL
MEDIUM,20,moderate,5821,A,CFG0,CFG4,1,2,0,1,NONE,NONE,0,1,C,YES,GROUP_RELEASES_RESOURCE,D_ROW
MEDIUM,20,moderate,5849,A,CFG0,CFG4,1,1,0,1,NONE,NONE,0,1,D,YES,GROUP_RELEASES_RESOURCE,C_COL
MEDIUM,20,moderate,5912,A,CFG0,CFG4,1,2,0,1,NONE,NONE,0,1,D,YES,GROUP_RELEASES_RESOURCE,C_COL
MEDIUM,20,moderate,5953,A,CFG0,CFG4,1,1,0,1,NONE,NONE,0,1,D,YES,GROUP_RELEASES_RESOURCE,C_COL
MEDIUM,20,moderate,6000,A,CFG0,CFG4,1,1,0,1,NONE,NONE,0,1,D,YES,GROUP_RELEASES_RESOURCE,C_COL
MEDIUM,20,moderate,6009,A,CFG0,CFG4,1,2,0,1,NONE,NONE,0,1,D,YES,GROUP_RELEASES_RESOURCE,C_COL
MEDIUM,20,moderate,6034,A,CFG0,CFG4,1,1,0,1,NONE,NONE,0,1,D,YES,GROUP_RELEASES_RESOURCE,C_COL
MEDIUM,20,moderate,6045,A,CFG0,CFG4,1,1,0,1,NONE,NONE,0,1,D,YES,GROUP_RELEASES_RESOURCE,C_COL
MEDIUM,20,moderate,6066,A,CFG0,CFG4,1,1,0,1,NONE,NONE,0,1,D,YES,GROUP_RELEASES_RESOURCE,C_COL
MEDIUM,20,moderate,6074,A,CFG0,CFG4,1,1,0,1,NONE,NONE,0,1,D,YES,GROUP_RELEASES_RESOURCE,C_COL
MEDIUM,20,moderate,6075,A,CFG0,CFG4,1,1,0,1,NONE,NONE,0,1,D,YES,GROUP_RELEASES_RESOURCE,C_COL
MEDIUM,20,moderate,6076,A,CFG0,CFG4,1,1,0,1,NONE,NONE,0,1,D,YES,GROUP_RELEASES_RESOURCE,C_COL
MEDIUM,20,moderate,6080,A,CFG0,CFG4,1,1,0,1,NONE,NONE,0,1,D,YES,GROUP_RELEASES_RESOURCE,C_COL
MEDIUM,20,moderate,6084,A,CFG0,CFG4,1,1,0,1,NONE,NONE,0,1,D,YES,GROUP_RELEASES_RESOURCE,C_COL
MEDIUM,20,moderate,6121,A,CFG0,CFG4,1,1,0,1,NONE,NONE,0,1,D,YES,GROUP_RELEASES_RESOURCE,C_COL
MEDIUM,20,moderate,6126,A,CFG0,CFG4,1,1,0,1,NONE,NONE,0,1,D,YES,GROUP_RELEASES_RESOURCE,C_COL
MEDIUM,20,moderate,6160,A,CFG0,CFG4,1,1,0,1,NONE,NONE,0,1,D,YES,GROUP_RELEASES_RESOURCE,C_COL
MEDIUM,20,moderate,6173,A,CFG0,CFG4,1,1,0,1,NONE,NONE,0,1,D,YES,GROUP_RELEASES_RESOURCE,C_COL
MEDIUM,20,moderate,6266,A,CFG0,CFG4,1,1,0,1,NONE,NONE,0,1,D,YES,GROUP_RELEASES_RESOURCE,C_COL
MEDIUM,20,moderate,6271,A,CFG0,CFG4,1,1,0,1,NONE,NONE,0,1,D,YES,GROUP_RELEASES_RESOURCE,C_COL
MEDIUM,20,moderate,6283,A,CFG0,CFG4,1,2,0,1,NONE,NONE,0,1,D,YES,GROUP_RELEASES_RESOURCE,C_COL
MEDIUM,20,moderate,6304,A,CFG0,CFG4,1,1,0,1,NONE,NONE,0,1,D,YES,GROUP_RELEASES_RESOURCE,C_COL
MEDIUM,20,moderate,6312,A,CFG0,CFG4,1,1,0,1,NONE,NONE,0,1,D,YES,GROUP_RELEASES_RESOURCE,C_COL
MEDIUM,20,moderate,6350,A,CFG0,CFG4,1,1,0,1,NONE,NONE,0,1,D,YES,GROUP_RELEASES_RESOURCE,C_COL
MEDIUM,20,moderate,6420,A,CFG0,CFG4,1,1,0,1,NONE,NONE,0,1,D,YES,GROUP_RELEASES_RESOURCE,C_COL
MEDIUM,20,moderate,6430,A,CFG0,CFG4,1,1,0,1,NONE,NONE,0,1,D,YES,GROUP_RELEASES_RESOURCE,C_COL
MEDIUM,20,moderate,6439,A,CFG0,CFG4,1,1,0,1,NONE,NONE,0,1,D,YES,GROUP_RELEASES_RESOURCE,C_COL
MEDIUM,20,moderate,6442,A,CFG0,CFG4,1,1,0,1,NONE,NONE,0,1,D,YES,GROUP_RELEASES_RESOURCE,C_COL
MEDIUM,20,moderate,6466,A,CFG0,CFG4,1,2,0,1,NONE,NONE,0,1,D,YES,GROUP_RELEASES_RESOURCE,C_COL
MEDIUM,20,moderate,6470,A,CFG0,CFG4,1,1,0,1,NONE,NONE,0,1,D,YES,GROUP_RELEASES_RESOURCE,C_COL
MEDIUM,20,moderate,6549,A,CFG0,CFG4,1,1,0,1,NONE,NONE,0,1,D,YES,GROUP_RELEASES_RESOURCE,C_COL
MEDIUM,20,moderate,6551,A,CFG0,CFG4,1,1,0,1,NONE,NONE,0,1,D,YES,GROUP_RELEASES_RESOURCE,C_COL
MEDIUM,20,moderate,6555,A,CFG0,CFG4,1,1,0,1,NONE,NONE,0,1,D,YES,GROUP_RELEASES_RESOURCE,C_COL
MEDIUM,20,moderate,6576,A,CFG0,CFG4,1,1,0,1,NONE,NONE,0,1,D,YES,GROUP_RELEASES_RESOURCE,C_COL
MEDIUM,20,moderate,6676,A,CFG0,CFG4,1,1,0,1,NONE,NONE,0,1,D,YES,GROUP_RELEASES_RESOURCE,C_COL
MEDIUM,20,moderate,6690,A,CFG0,CFG4,1,1,0,1,NONE,NONE,0,1,D,YES,GROUP_RELEASES_RESOURCE,C_COL
MEDIUM,20,moderate,6708,A,CFG0,CFG4,1,1,0,1,NONE,NONE,0,1,D,YES,GROUP_RELEASES_RESOURCE,C_COL
MEDIUM,20,moderate,6733,A,CFG0,CFG4,1,2,0,1,NONE,NONE,0,1,D,YES,GROUP_RELEASES_RESOURCE,C_COL
MEDIUM,20,moderate,6793,A,CFG0,CFG4,1,1,0,1,NONE,NONE,0,1,D,YES,GROUP_RELEASES_RESOURCE,C_COL
MEDIUM,20,moderate,6807,A,CFG0,CFG4,1,1,0,1,NONE,NONE,0,1,D,YES,GROUP_RELEASES_RESOURCE,C_COL
MEDIUM,20,moderate,6857,A,CFG0,CFG4,1,1,0,1,NONE,NONE,0,1,D,YES,GROUP_RELEASES_RESOURCE,C_COL
MEDIUM,20,moderate,6905,A,CFG0,CFG4,1,1,0,1,NONE,NONE,0,1,D,YES,GROUP_RELEASES_RESOURCE,C_COL
MEDIUM,20,moderate,6913,A,CFG0,CFG4,1,2,0,1,NONE,NONE,0,1,D,YES,GROUP_RELEASES_RESOURCE,C_COL
MEDIUM,20,moderate,6918,A,CFG0,CFG4,1,1,0,1,NONE,NONE,0,1,D,YES,GROUP_RELEASES_RESOURCE,C_COL
MEDIUM,20,moderate,6955,A,CFG0,CFG4,1,1,0,1,NONE,NONE,0,1,D,YES,GROUP_RELEASES_RESOURCE,C_COL
MEDIUM,20,moderate,6975,A,CFG0,CFG4,1,2,0,1,NONE,NONE,0,1,D,YES,GROUP_RELEASES_RESOURCE,C_COL
MEDIUM,20,moderate,7067,A,CFG0,CFG4,1,1,0,1,NONE,NONE,0,1,D,YES,GROUP_RELEASES_RESOURCE,C_COL
MEDIUM,20,moderate,7069,A,CFG0,CFG4,1,1,0,1,NONE,NONE,0,1,D,YES,GROUP_RELEASES_RESOURCE,C_COL
MEDIUM,20,moderate,7125,A,CFG0,CFG4,1,1,0,1,NONE,NONE,0,1,D,YES,GROUP_RELEASES_RESOURCE,C_COL
MEDIUM,20,moderate,7133,A,CFG0,CFG4,1,1,0,1,NONE,NONE,0,1,D,YES,GROUP_RELEASES_RESOURCE,C_COL
MEDIUM,20,moderate,7171,A,CFG0,CFG4,1,1,0,1,NONE,NONE,0,1,D,YES,GROUP_RELEASES_RESOURCE,C_COL
MEDIUM,20,moderate,7252,A,CFG0,CFG4,1,2,0,1,NONE,NONE,0,1,D,YES,GROUP_RELEASES_RESOURCE,C_COL
MEDIUM,20,moderate,7275,A,CFG0,CFG4,1,1,0,1,NONE,NONE,0,1,D,YES,GROUP_RELEASES_RESOURCE,C_COL
MEDIUM,20,moderate,7280,A,CFG0,CFG4,1,1,0,1,NONE,NONE,0,1,D,YES,GROUP_RELEASES_RESOURCE,C_COL
MEDIUM,20,moderate,7312,A,CFG0,CFG4,1,1,0,1,NONE,NONE,0,1,D,YES,GROUP_RELEASES_RESOURCE,C_COL
MEDIUM,20,moderate,7372,A,CFG0,CFG4,1,1,0,1,NONE,NONE,0,1,D,YES,GROUP_RELEASES_RESOURCE,C_COL
MEDIUM,20,moderate,7380,A,CFG0,CFG4,1,1,0,1,NONE,NONE,0,1,D,YES,GROUP_RELEASES_RESOURCE,C_COL
MEDIUM,20,moderate,7399,A,CFG0,CFG4,1,1,0,1,NONE,NONE,0,1,D,YES,GROUP_RELEASES_RESOURCE,C_COL
MEDIUM,20,moderate,7418,A,CFG0,CFG4,1,2,0,1,NONE,NONE,0,1,D,YES,GROUP_RELEASES_RESOURCE,C_COL
MEDIUM,20,moderate,7499,A,CFG0,CFG4,1,1,0,1,NONE,NONE,0,1,D,YES,GROUP_RELEASES_RESOURCE,C_COL
MEDIUM,20,moderate,7618,A,CFG0,CFG4,1,1,0,1,NONE,NONE,0,1,D,YES,GROUP_RELEASES_RESOURCE,C_COL
MEDIUM,20,moderate,7620,A,CFG0,CFG4,1,1,0,1,NONE,NONE,0,1,D,YES,GROUP_RELEASES_RESOURCE,C_COL
MEDIUM,20,moderate,7624,A,CFG0,CFG4,1,1,0,1,NONE,NONE,0,1,D,YES,GROUP_RELEASES_RESOURCE,C_COL
MEDIUM,20,moderate,7631,A,CFG0,CFG4,1,1,0,1,NONE,NONE,0,1,D,YES,GROUP_RELEASES_RESOURCE,C_COL
MEDIUM,20,moderate,7655,A,CFG0,CFG4,1,1,0,1,NONE,NONE,0,1,D,YES,GROUP_RELEASES_RESOURCE,C_COL
MEDIUM,20,moderate,7697,A,CFG0,CFG4,1,1,0,1,NONE,NONE,0,1,D,YES,GROUP_RELEASES_RESOURCE,C_COL
MEDIUM,20,moderate,7701,A,CFG0,CFG4,1,1,0,1,NONE,NONE,0,1,D,YES,GROUP_RELEASES_RESOURCE,C_COL
MEDIUM,20,moderate,7706,A,CFG0,CFG4,1,2,0,1,NONE,NONE,0,1,D,YES,GROUP_RELEASES_RESOURCE,C_COL
MEDIUM,20,moderate,7721,A,CFG0,CFG4,1,1,0,1,NONE,NONE,0,1,D,YES,GROUP_RELEASES_RESOURCE,C_COL
MEDIUM,20,moderate,7747,A,CFG0,CFG4,1,1,0,1,NONE,NONE,0,1,D,YES,GROUP_RELEASES_RESOURCE,C_COL
MEDIUM,20,moderate,7782,A,CFG0,CFG4,1,1,0,1,NONE,NONE,0,1,D,YES,GROUP_RELEASES_RESOURCE,C_COL
MEDIUM,20,moderate,7808,A,CFG0,CFG4,1,1,0,1,NONE,NONE,0,1,D,YES,GROUP_RELEASES_RESOURCE,C_COL
MEDIUM,20,moderate,7953,A,CFG0,CFG4,1,1,0,1,NONE,NONE,0,1,D,YES,GROUP_RELEASES_RESOURCE,C_COL
MEDIUM,20,moderate,7978,A,CFG0,CFG4,1,2,0,1,NONE,NONE,0,1,D,YES,GROUP_RELEASES_RESOURCE,C_COL
MEDIUM,20,moderate,7980,A,CFG0,CFG4,1,2,0,1,NONE,NONE,0,1,D,YES,GROUP_RELEASES_RESOURCE,C_COL
MEDIUM,20,moderate,8028,A,CFG0,CFG4,1,1,0,1,NONE,NONE,0,1,D,YES,GROUP_RELEASES_RESOURCE,C_COL
MEDIUM,20,moderate,8042,A,CFG0,CFG4,1,1,0,1,NONE,NONE,0,1,D,YES,GROUP_RELEASES_RESOURCE,C_COL
MEDIUM,20,moderate,8072,A,CFG0,CFG4,1,1,0,1,NONE,NONE,0,1,C,YES,GROUP_RELEASES_RESOURCE,D_ROW
MEDIUM,20,moderate,8097,A,CFG0,CFG4,1,1,0,1,NONE,NONE,0,1,D,YES,GROUP_RELEASES_RESOURCE,C_COL
MEDIUM,20,moderate,8149,A,CFG0,CFG4,1,1,0,1,NONE,NONE,0,1,D,YES,GROUP_RELEASES_RESOURCE,C_COL
MEDIUM,20,moderate,8162,A,CFG0,CFG4,1,1,0,1,NONE,NONE,0,1,D,YES,GROUP_RELEASES_RESOURCE,C_COL
MEDIUM,20,moderate,8177,A,CFG0,CFG4,1,1,0,1,NONE,NONE,0,1,D,YES,GROUP_RELEASES_RESOURCE,C_COL
MEDIUM,20,moderate,8186,A,CFG0,CFG4,1,1,0,1,NONE,NONE,0,1,D,YES,GROUP_RELEASES_RESOURCE,C_COL
MEDIUM,20,moderate,8198,A,CFG0,CFG4,1,1,0,1,NONE,NONE,0,1,D,YES,GROUP_RELEASES_RESOURCE,C_COL
MEDIUM,20,moderate,8215,A,CFG0,CFG4,1,1,0,1,NONE,NONE,0,1,D,YES,GROUP_RELEASES_RESOURCE,C_COL
MEDIUM,20,moderate,8234,A,CFG0,CFG4,1,2,0,1,NONE,NONE,0,1,D,YES,GROUP_RELEASES_RESOURCE,C_COL
MEDIUM,20,moderate,8247,A,CFG0,CFG4,1,1,0,1,NONE,NONE,0,1,D,YES,GROUP_RELEASES_RESOURCE,C_COL
MEDIUM,20,moderate,8257,A,CFG0,CFG4,1,1,0,1,NONE,NONE,0,1,D,YES,GROUP_RELEASES_RESOURCE,C_COL
MEDIUM,20,moderate,8274,A,CFG0,CFG4,1,1,0,1,NONE,NONE,0,1,D,YES,GROUP_RELEASES_RESOURCE,C_COL
MEDIUM,20,moderate,8284,A,CFG0,CFG4,1,1,0,1,NONE,NONE,0,1,D,YES,GROUP_RELEASES_RESOURCE,C_COL
MEDIUM,20,moderate,8308,A,CFG0,CFG4,1,2,0,1,NONE,NONE,0,1,D,YES,GROUP_RELEASES_RESOURCE,C_COL
MEDIUM,20,moderate,8325,A,CFG0,CFG4,1,1,0,1,NONE,NONE,0,1,D,YES,GROUP_RELEASES_RESOURCE,C_COL
MEDIUM,20,moderate,8386,A,CFG0,CFG4,1,1,0,1,NONE,NONE,0,1,D,YES,GROUP_RELEASES_RESOURCE,C_COL
MEDIUM,20,moderate,8393,A,CFG0,CFG4,1,1,0,1,NONE,NONE,0,1,D,YES,GROUP_RELEASES_RESOURCE,C_COL
MEDIUM,20,moderate,8448,A,CFG0,CFG4,1,1,0,1,NONE,NONE,0,1,D,YES,GROUP_RELEASES_RESOURCE,C_COL
MEDIUM,20,moderate,8597,A,CFG0,CFG4,1,1,0,1,NONE,NONE,0,1,D,YES,GROUP_RELEASES_RESOURCE,C_COL
MEDIUM,20,moderate,8615,A,CFG0,CFG4,1,1,0,1,NONE,NONE,0,1,D,YES,GROUP_RELEASES_RESOURCE,C_COL
MEDIUM,20,moderate,8620,A,CFG0,CFG4,1,1,0,1,NONE,NONE,0,1,D,YES,GROUP_RELEASES_RESOURCE,C_COL
MEDIUM,20,moderate,8631,A,CFG0,CFG4,1,1,0,1,NONE,NONE,0,1,D,YES,GROUP_RELEASES_RESOURCE,C_COL
MEDIUM,20,moderate,8635,A,CFG0,CFG4,1,1,0,1,NONE,NONE,0,1,D,YES,GROUP_RELEASES_RESOURCE,C_COL
MEDIUM,20,moderate,8636,A,CFG0,CFG4,1,1,0,1,NONE,NONE,0,1,D,YES,GROUP_RELEASES_RESOURCE,C_COL
MEDIUM,20,moderate,8648,A,CFG0,CFG4,1,1,0,1,NONE,NONE,0,1,D,YES,GROUP_RELEASES_RESOURCE,C_COL
MEDIUM,20,moderate,8661,A,CFG0,CFG4,1,1,0,1,NONE,NONE,0,1,D,YES,GROUP_RELEASES_RESOURCE,C_COL
MEDIUM,20,moderate,8669,A,CFG0,CFG4,1,2,0,1,NONE,NONE,0,1,D,YES,GROUP_RELEASES_RESOURCE,C_COL
MEDIUM,20,moderate,8670,A,CFG0,CFG4,1,1,0,1,NONE,NONE,0,1,D,YES,GROUP_RELEASES_RESOURCE,C_COL
MEDIUM,20,moderate,8681,A,CFG0,CFG4,1,2,0,1,NONE,NONE,0,1,D,YES,GROUP_RELEASES_RESOURCE,C_COL
MEDIUM,20,moderate,8685,A,CFG0,CFG4,1,1,0,1,NONE,NONE,0,1,D,YES,GROUP_RELEASES_RESOURCE,C_COL
MEDIUM,20,moderate,8711,A,CFG0,CFG4,1,1,0,1,NONE,NONE,0,1,D,YES,GROUP_RELEASES_RESOURCE,C_COL
MEDIUM,20,moderate,8719,A,CFG0,CFG4,1,1,0,1,NONE,NONE,0,1,D,YES,GROUP_RELEASES_RESOURCE,C_COL
MEDIUM,20,moderate,8722,A,CFG0,CFG4,1,1,0,1,NONE,NONE,0,1,D,YES,GROUP_RELEASES_RESOURCE,C_COL
MEDIUM,20,moderate,8733,A,CFG0,CFG4,1,1,0,1,NONE,NONE,0,1,D,YES,GROUP_RELEASES_RESOURCE,C_COL
MEDIUM,20,moderate,8765,A,CFG0,CFG4,1,1,0,1,NONE,NONE,0,1,D,YES,GROUP_RELEASES_RESOURCE,C_COL
MEDIUM,20,moderate,8801,A,CFG0,CFG4,1,2,0,1,NONE,NONE,0,1,D,YES,GROUP_RELEASES_RESOURCE,C_COL
MEDIUM,20,moderate,8810,A,CFG0,CFG4,1,1,0,1,NONE,NONE,0,1,D,YES,GROUP_RELEASES_RESOURCE,C_COL
MEDIUM,20,moderate,8852,A,CFG0,CFG4,1,1,0,1,NONE,NONE,0,1,D,YES,GROUP_RELEASES_RESOURCE,C_COL
MEDIUM,20,moderate,8859,A,CFG0,CFG4,1,1,0,1,NONE,NONE,0,1,D,YES,GROUP_RELEASES_RESOURCE,C_COL
MEDIUM,20,moderate,8884,A,CFG0,CFG4,1,2,0,1,NONE,NONE,0,1,D,YES,GROUP_RELEASES_RESOURCE,C_COL
MEDIUM,20,moderate,8890,A,CFG0,CFG4,1,1,0,1,NONE,NONE,0,1,C,YES,GROUP_RELEASES_RESOURCE,D_ROW
MEDIUM,20,moderate,8893,A,CFG0,CFG4,1,1,0,1,NONE,NONE,0,1,D,YES,GROUP_RELEASES_RESOURCE,C_COL
MEDIUM,20,moderate,8900,A,CFG0,CFG4,1,1,0,1,NONE,NONE,0,1,D,YES,GROUP_RELEASES_RESOURCE,C_COL
MEDIUM,20,moderate,8903,A,CFG0,CFG4,1,1,0,1,NONE,NONE,0,1,D,YES,GROUP_RELEASES_RESOURCE,C_COL
MEDIUM,20,moderate,8976,A,CFG0,CFG4,1,1,0,1,NONE,NONE,0,1,D,YES,GROUP_RELEASES_RESOURCE,C_COL
MEDIUM,20,moderate,8999,A,CFG0,CFG4,1,2,0,1,NONE,NONE,0,1,D,YES,GROUP_RELEASES_RESOURCE,C_COL
MEDIUM,20,moderate,9014,A,CFG0,CFG4,1,1,0,1,NONE,NONE,0,1,D,YES,GROUP_RELEASES_RESOURCE,C_COL
MEDIUM,20,moderate,9125,A,CFG0,CFG4,1,1,0,1,NONE,NONE,0,1,D,YES,GROUP_RELEASES_RESOURCE,C_COL
MEDIUM,20,moderate,9132,A,CFG0,CFG4,1,1,0,1,NONE,NONE,0,1,D,YES,GROUP_RELEASES_RESOURCE,C_COL
MEDIUM,20,moderate,9167,A,CFG0,CFG4,1,1,0,1,NONE,NONE,0,1,D,YES,GROUP_RELEASES_RESOURCE,C_COL
MEDIUM,20,moderate,9169,A,CFG0,CFG4,1,1,0,1,NONE,NONE,0,1,D,YES,GROUP_RELEASES_RESOURCE,C_COL
MEDIUM,20,moderate,9172,A,CFG0,CFG4,1,1,0,1,NONE,NONE,0,1,D,YES,GROUP_RELEASES_RESOURCE,C_COL
MEDIUM,20,moderate,9179,A,CFG0,CFG4,1,1,0,1,NONE,NONE,0,1,D,YES,GROUP_RELEASES_RESOURCE,C_COL
MEDIUM,20,moderate,9206,A,CFG0,CFG4,1,2,0,1,NONE,NONE,0,1,D,YES,GROUP_RELEASES_RESOURCE,C_COL
MEDIUM,20,moderate,9230,A,CFG0,CFG4,1,2,0,1,NONE,NONE,0,1,D,YES,GROUP_RELEASES_RESOURCE,C_COL
MEDIUM,20,moderate,9236,A,CFG0,CFG4,1,1,0,1,NONE,NONE,0,1,D,YES,GROUP_RELEASES_RESOURCE,C_COL
MEDIUM,20,moderate,9247,A,CFG0,CFG4,1,1,0,1,NONE,NONE,0,1,D,YES,GROUP_RELEASES_RESOURCE,C_COL
MEDIUM,20,moderate,9269,A,CFG0,CFG4,1,1,0,1,NONE,NONE,0,1,D,YES,GROUP_RELEASES_RESOURCE,C_COL
MEDIUM,20,moderate,9297,A,CFG0,CFG4,1,1,0,1,NONE,NONE,0,1,D,YES,GROUP_RELEASES_RESOURCE,C_COL
MEDIUM,20,moderate,9334,A,CFG0,CFG4,1,1,0,1,NONE,NONE,0,1,D,YES,GROUP_RELEASES_RESOURCE,C_COL
MEDIUM,20,moderate,9347,A,CFG0,CFG4,1,2,0,1,NONE,NONE,0,1,D,YES,GROUP_RELEASES_RESOURCE,C_COL
MEDIUM,20,moderate,9405,A,CFG0,CFG4,1,1,0,1,NONE,NONE,0,1,D,YES,GROUP_RELEASES_RESOURCE,C_COL
MEDIUM,20,moderate,9441,A,CFG0,CFG4,1,1,0,1,NONE,NONE,0,1,D,YES,GROUP_RELEASES_RESOURCE,C_COL
MEDIUM,20,moderate,9450,A,CFG0,CFG4,1,1,0,1,NONE,NONE,0,1,D,YES,GROUP_RELEASES_RESOURCE,C_COL
MEDIUM,20,moderate,9520,A,CFG0,CFG4,1,1,0,1,NONE,NONE,0,1,D,YES,GROUP_RELEASES_RESOURCE,C_COL
MEDIUM,20,moderate,9537,A,CFG0,CFG4,1,1,0,1,NONE,NONE,0,1,D,YES,GROUP_RELEASES_RESOURCE,C_COL
MEDIUM,20,moderate,9592,A,CFG0,CFG4,1,1,0,1,NONE,NONE,0,1,D,YES,GROUP_RELEASES_RESOURCE,C_COL
MEDIUM,20,moderate,9650,A,CFG0,CFG4,1,1,0,1,NONE,NONE,0,1,D,YES,GROUP_RELEASES_RESOURCE,C_COL
MEDIUM,20,moderate,9693,A,CFG0,CFG4,1,2,0,1,NONE,NONE,0,1,D,YES,GROUP_RELEASES_RESOURCE,C_COL
MEDIUM,20,moderate,9726,A,CFG0,CFG4,1,1,0,1,NONE,NONE,0,1,D,YES,GROUP_RELEASES_RESOURCE,C_COL
MEDIUM,20,moderate,9770,A,CFG0,CFG4,1,1,0,1,NONE,NONE,0,1,D,YES,GROUP_RELEASES_RESOURCE,C_COL
MEDIUM,20,moderate,9773,A,CFG0,CFG4,1,1,0,1,NONE,NONE,0,1,D,YES,GROUP_RELEASES_RESOURCE,C_COL
MEDIUM,20,moderate,9824,A,CFG0,CFG4,1,1,0,1,NONE,NONE,0,1,D,YES,GROUP_RELEASES_RESOURCE,C_COL
MEDIUM,20,moderate,9864,A,CFG0,CFG4,1,1,0,1,NONE,NONE,0,1,D,YES,GROUP_RELEASES_RESOURCE,C_COL
MEDIUM,20,moderate,9971,A,CFG0,CFG4,1,2,0,1,NONE,NONE,0,1,D,YES,GROUP_RELEASES_RESOURCE,C_COL
MEDIUM,20,moderate,9974,A,CFG0,CFG4,1,1,0,1,NONE,NONE,0,1,D,YES,GROUP_RELEASES_RESOURCE,C_COL
HIGH,24,moderate,6,A,CFG0,CFG4,1,1,0,1,NONE,NONE,0,1,D,YES,GROUP_RELEASES_RESOURCE,C_COL
HIGH,24,moderate,19,A,CFG0,CFG4,1,1,0,1,NONE,NONE,0,1,D,YES,GROUP_RELEASES_RESOURCE,C_COL
HIGH,24,moderate,25,A,CFG0,CFG4,1,1,0,1,NONE,NONE,0,1,C,YES,GROUP_RELEASES_RESOURCE,D_ROW
HIGH,24,moderate,29,A,CFG0,CFG4,1,1,0,1,NONE,NONE,0,1,C,YES,GROUP_RELEASES_RESOURCE,D_ROW
HIGH,24,moderate,45,A,CFG0,CFG4,1,1,0,1,NONE,NONE,0,1,C,YES,GROUP_RELEASES_RESOURCE,D_ROW
HIGH,24,moderate,74,A,CFG0,CFG4,1,1,0,1,NONE,NONE,0,1,C,YES,GROUP_RELEASES_RESOURCE,D_ROW
HIGH,24,moderate,75,A,CFG0,CFG4,1,1,0,1,NONE,NONE,0,1,D,YES,GROUP_RELEASES_RESOURCE,C_COL
HIGH,24,moderate,90,A,CFG0,CFG4,1,1,0,1,NONE,NONE,0,1,C,YES,GROUP_RELEASES_RESOURCE,D_ROW
HIGH,24,moderate,92,A,CFG0,CFG4,1,1,0,1,NONE,NONE,0,1,C,YES,GROUP_RELEASES_RESOURCE,D_ROW
HIGH,24,moderate,94,A,CFG0,CFG4,1,1,0,1,NONE,NONE,0,1,C,YES,GROUP_RELEASES_RESOURCE,D_ROW
HIGH,24,moderate,97,A,CFG0,CFG4,1,1,0,1,NONE,NONE,0,1,C,YES,GROUP_RELEASES_RESOURCE,D_ROW
HIGH,24,moderate,111,A,CFG0,CFG4,1,1,0,1,NONE,NONE,0,1,C,YES,GROUP_RELEASES_RESOURCE,D_ROW
HIGH,24,moderate,112,A,CFG0,CFG4,1,1,0,1,NONE,NONE,0,1,D,YES,GROUP_RELEASES_RESOURCE,C_COL
HIGH,24,moderate,150,A,CFG0,CFG4,1,1,0,1,NONE,NONE,0,1,C,YES,GROUP_RELEASES_RESOURCE,D_ROW
HIGH,24,moderate,160,A,CFG0,CFG4,1,1,0,1,NONE,NONE,0,1,C,YES,GROUP_RELEASES_RESOURCE,D_ROW
HIGH,24,moderate,167,A,CFG0,CFG4,1,2,0,1,NONE,NONE,0,1,C,YES,GROUP_RELEASES_RESOURCE,D_ROW
HIGH,24,moderate,175,A,CFG0,CFG4,1,1,0,1,NONE,NONE,0,1,D,YES,GROUP_RELEASES_RESOURCE,C_COL
HIGH,24,moderate,202,A,CFG0,CFG4,1,1,0,1,NONE,NONE,0,1,C,YES,GROUP_RELEASES_RESOURCE,D_ROW
HIGH,24,moderate,205,A,CFG0,CFG4,1,1,0,1,NONE,NONE,0,1,D,YES,GROUP_RELEASES_RESOURCE,C_COL
HIGH,24,moderate,230,A,CFG0,CFG4,1,2,0,1,NONE,NONE,0,1,D,YES,GROUP_RELEASES_RESOURCE,C_COL
HIGH,24,moderate,240,A,CFG0,CFG4,1,1,0,1,NONE,NONE,0,1,C,YES,GROUP_RELEASES_RESOURCE,D_ROW
HIGH,24,moderate,271,A,CFG0,CFG4,1,1,0,1,NONE,NONE,0,1,D,YES,GROUP_RELEASES_RESOURCE,C_COL
HIGH,24,moderate,328,A,CFG0,CFG4,1,2,0,1,NONE,NONE,0,1,D,YES,GROUP_RELEASES_RESOURCE,C_COL
HIGH,24,moderate,336,A,CFG0,CFG4,1,1,0,1,NONE,NONE,0,1,D,YES,GROUP_RELEASES_RESOURCE,C_COL
HIGH,24,moderate,339,A,CFG0,CFG4,1,1,0,1,NONE,NONE,0,1,C,YES,GROUP_RELEASES_RESOURCE,D_ROW
HIGH,24,moderate,346,A,CFG0,CFG4,1,1,0,1,NONE,NONE,0,1,C,YES,GROUP_RELEASES_RESOURCE,D_ROW
HIGH,24,moderate,347,A,CFG0,CFG4,1,1,0,1,NONE,NONE,0,1,C,YES,GROUP_RELEASES_RESOURCE,D_ROW
HIGH,24,moderate,358,A,CFG0,CFG4,1,2,0,1,NONE,NONE,0,1,D,YES,GROUP_RELEASES_RESOURCE,C_COL
HIGH,24,moderate,404,A,CFG0,CFG4,1,1,0,1,NONE,NONE,0,1,C,YES,GROUP_RELEASES_RESOURCE,D_ROW
HIGH,24,moderate,411,A,CFG0,CFG4,1,1,0,1,NONE,NONE,0,1,D,YES,GROUP_RELEASES_RESOURCE,C_COL
HIGH,24,moderate,445,A,CFG0,CFG4,1,1,0,1,NONE,NONE,0,1,D,YES,GROUP_RELEASES_RESOURCE,C_COL
HIGH,24,moderate,454,A,CFG0,CFG4,1,1,0,1,NONE,NONE,0,1,D,YES,GROUP_RELEASES_RESOURCE,C_COL
HIGH,24,moderate,455,A,CFG0,CFG4,1,1,0,1,NONE,NONE,0,1,C,YES,GROUP_RELEASES_RESOURCE,D_ROW
HIGH,24,moderate,457,A,CFG0,CFG4,1,1,0,1,NONE,NONE,0,1,C,YES,GROUP_RELEASES_RESOURCE,D_ROW
HIGH,24,moderate,462,A,CFG0,CFG4,1,1,0,1,NONE,NONE,0,1,D,YES,GROUP_RELEASES_RESOURCE,C_COL
HIGH,24,moderate,471,A,CFG0,CFG4,1,2,0,1,NONE,NONE,0,1,D,YES,GROUP_RELEASES_RESOURCE,C_COL
HIGH,24,moderate,485,A,CFG0,CFG4,1,2,0,1,NONE,NONE,0,1,C,YES,GROUP_RELEASES_RESOURCE,D_ROW
HIGH,24,moderate,500,A,CFG0,CFG4,1,1,0,1,NONE,NONE,0,1,C,YES,GROUP_RELEASES_RESOURCE,D_ROW
HIGH,24,moderate,516,A,CFG0,CFG4,1,1,0,1,NONE,NONE,0,1,C,YES,GROUP_RELEASES_RESOURCE,D_ROW
HIGH,24,moderate,522,A,CFG0,CFG4,1,1,0,1,NONE,NONE,0,1,C,YES,GROUP_RELEASES_RESOURCE,D_ROW
HIGH,24,moderate,523,A,CFG0,CFG4,1,2,0,1,NONE,NONE,0,1,C,YES,GROUP_RELEASES_RESOURCE,D_ROW
HIGH,24,moderate,545,A,CFG0,CFG4,1,1,0,1,NONE,NONE,0,1,C,YES,GROUP_RELEASES_RESOURCE,D_ROW
HIGH,24,moderate,559,A,CFG0,CFG4,1,1,0,1,NONE,NONE,0,1,C,YES,GROUP_RELEASES_RESOURCE,D_ROW
HIGH,24,moderate,560,A,CFG0,CFG4,1,2,0,1,NONE,NONE,0,1,D,YES,GROUP_RELEASES_RESOURCE,C_COL
HIGH,24,moderate,563,A,CFG0,CFG4,1,2,0,1,NONE,NONE,0,1,C,YES,GROUP_RELEASES_RESOURCE,D_ROW
HIGH,24,moderate,569,A,CFG0,CFG4,1,1,0,1,NONE,NONE,0,1,C,YES,GROUP_RELEASES_RESOURCE,D_ROW
HIGH,24,moderate,590,A,CFG0,CFG4,1,1,0,1,NONE,NONE,0,1,D,YES,GROUP_RELEASES_RESOURCE,C_COL
HIGH,24,moderate,594,A,CFG0,CFG4,1,2,0,1,NONE,NONE,0,1,C,YES,GROUP_RELEASES_RESOURCE,D_ROW
HIGH,24,moderate,627,A,CFG0,CFG4,1,1,0,1,NONE,NONE,0,1,C,YES,GROUP_RELEASES_RESOURCE,D_ROW
HIGH,24,moderate,658,A,CFG0,CFG4,1,1,0,1,NONE,NONE,0,1,D,YES,GROUP_RELEASES_RESOURCE,C_COL
HIGH,24,moderate,669,A,CFG0,CFG4,1,2,0,1,NONE,NONE,0,1,C,YES,GROUP_RELEASES_RESOURCE,D_ROW
HIGH,24,moderate,692,A,CFG0,CFG4,1,1,0,1,NONE,NONE,0,1,C,YES,GROUP_RELEASES_RESOURCE,D_ROW
HIGH,24,moderate,693,A,CFG0,CFG4,1,2,0,1,NONE,NONE,0,1,D,YES,GROUP_RELEASES_RESOURCE,C_COL
HIGH,24,moderate,736,A,CFG0,CFG4,1,2,0,1,NONE,NONE,0,1,C,YES,GROUP_RELEASES_RESOURCE,D_ROW
HIGH,24,moderate,738,A,CFG0,CFG4,1,1,0,1,NONE,NONE,0,1,D,YES,GROUP_RELEASES_RESOURCE,C_COL
HIGH,24,moderate,743,A,CFG0,CFG4,1,1,0,1,NONE,NONE,0,1,D,YES,GROUP_RELEASES_RESOURCE,C_COL
HIGH,24,moderate,753,A,CFG0,CFG4,1,2,0,1,NONE,NONE,0,1,C,YES,GROUP_RELEASES_RESOURCE,D_ROW
HIGH,24,moderate,760,A,CFG0,CFG4,1,1,0,1,NONE,NONE,0,1,C,YES,GROUP_RELEASES_RESOURCE,D_ROW
HIGH,24,moderate,786,A,CFG0,CFG4,1,1,0,1,NONE,NONE,0,1,D,YES,GROUP_RELEASES_RESOURCE,C_COL
HIGH,24,moderate,788,A,CFG0,CFG4,1,1,0,1,NONE,NONE,0,1,D,YES,GROUP_RELEASES_RESOURCE,C_COL
HIGH,24,moderate,795,A,CFG0,CFG4,1,1,0,1,NONE,NONE,0,1,C,YES,GROUP_RELEASES_RESOURCE,D_ROW
HIGH,24,moderate,801,A,CFG0,CFG4,1,1,0,1,NONE,NONE,0,1,D,YES,GROUP_RELEASES_RESOURCE,C_COL
HIGH,24,moderate,823,A,CFG0,CFG4,1,1,0,1,NONE,NONE,0,1,C,YES,GROUP_RELEASES_RESOURCE,D_ROW
HIGH,24,moderate,834,A,CFG0,CFG4,1,1,0,1,NONE,NONE,0,1,C,YES,GROUP_RELEASES_RESOURCE,D_ROW
HIGH,24,moderate,842,A,CFG0,CFG4,1,1,0,1,NONE,NONE,0,1,C,YES,GROUP_RELEASES_RESOURCE,D_ROW
HIGH,24,moderate,860,A,CFG0,CFG4,1,1,0,1,NONE,NONE,0,1,C,YES,GROUP_RELEASES_RESOURCE,D_ROW
HIGH,24,moderate,861,A,CFG0,CFG4,1,2,0,1,NONE,NONE,0,1,D,YES,GROUP_RELEASES_RESOURCE,C_COL
HIGH,24,moderate,882,A,CFG0,CFG4,1,1,0,1,NONE,NONE,0,1,C,YES,GROUP_RELEASES_RESOURCE,D_ROW
HIGH,24,moderate,883,A,CFG0,CFG4,1,1,0,1,NONE,NONE,0,1,D,YES,GROUP_RELEASES_RESOURCE,C_COL
HIGH,24,moderate,892,A,CFG0,CFG4,1,1,0,1,NONE,NONE,0,1,C,YES,GROUP_RELEASES_RESOURCE,D_ROW
HIGH,24,moderate,914,A,CFG0,CFG4,1,1,0,1,NONE,NONE,0,1,D,YES,GROUP_RELEASES_RESOURCE,C_COL
HIGH,24,moderate,953,A,CFG0,CFG4,1,1,0,1,NONE,NONE,0,1,D,YES,GROUP_RELEASES_RESOURCE,C_COL
HIGH,24,moderate,957,A,CFG0,CFG4,1,1,0,1,NONE,NONE,0,1,C,YES,GROUP_RELEASES_RESOURCE,D_ROW
HIGH,24,moderate,964,A,CFG0,CFG4,1,1,0,1,NONE,NONE,0,1,C,YES,GROUP_RELEASES_RESOURCE,D_ROW
HIGH,24,moderate,974,A,CFG0,CFG4,1,1,0,1,NONE,NONE,0,1,C,YES,GROUP_RELEASES_RESOURCE,D_ROW
HIGH,24,moderate,983,A,CFG0,CFG4,1,2,0,1,NONE,NONE,0,1,C,YES,GROUP_RELEASES_RESOURCE,D_ROW
HIGH,24,moderate,1001,A,CFG0,CFG4,1,1,0,1,NONE,NONE,0,1,D,YES,GROUP_RELEASES_RESOURCE,C_COL
HIGH,24,moderate,1021,A,CFG0,CFG4,1,1,0,1,NONE,NONE,0,1,C,YES,GROUP_RELEASES_RESOURCE,D_ROW
HIGH,24,moderate,1030,A,CFG0,CFG4,1,1,0,1,NONE,NONE,0,1,C,YES,GROUP_RELEASES_RESOURCE,D_ROW
HIGH,24,moderate,1035,A,CFG0,CFG4,1,2,0,1,NONE,NONE,0,1,D,YES,GROUP_RELEASES_RESOURCE,C_COL
HIGH,24,moderate,1062,A,CFG0,CFG4,1,1,0,1,NONE,NONE,0,1,D,YES,GROUP_RELEASES_RESOURCE,C_COL
HIGH,24,moderate,1083,A,CFG0,CFG4,1,1,0,1,NONE,NONE,0,1,C,YES,GROUP_RELEASES_RESOURCE,D_ROW
HIGH,24,moderate,1089,A,CFG0,CFG4,1,1,0,1,NONE,NONE,0,1,C,YES,GROUP_RELEASES_RESOURCE,D_ROW
HIGH,24,moderate,1109,A,CFG0,CFG4,1,2,0,1,NONE,NONE,0,1,D,YES,GROUP_RELEASES_RESOURCE,C_COL
HIGH,24,moderate,1133,A,CFG0,CFG4,1,1,0,1,NONE,NONE,0,1,C,YES,GROUP_RELEASES_RESOURCE,D_ROW
HIGH,24,moderate,1138,A,CFG0,CFG4,1,1,0,1,NONE,NONE,0,1,D,YES,GROUP_RELEASES_RESOURCE,C_COL
HIGH,24,moderate,1203,A,CFG0,CFG4,1,1,0,1,NONE,NONE,0,1,D,YES,GROUP_RELEASES_RESOURCE,C_COL
HIGH,24,moderate,1244,A,CFG0,CFG4,1,1,0,1,NONE,NONE,0,1,C,YES,GROUP_RELEASES_RESOURCE,D_ROW
HIGH,24,moderate,1246,A,CFG0,CFG4,1,1,0,1,NONE,NONE,0,1,D,YES,GROUP_RELEASES_RESOURCE,C_COL
HIGH,24,moderate,1250,A,CFG0,CFG4,1,1,0,1,NONE,NONE,0,1,D,YES,GROUP_RELEASES_RESOURCE,C_COL
HIGH,24,moderate,1306,A,CFG0,CFG4,1,1,0,1,NONE,NONE,0,1,D,YES,GROUP_RELEASES_RESOURCE,C_COL
HIGH,24,moderate,1312,A,CFG0,CFG4,1,1,0,1,NONE,NONE,0,1,D,YES,GROUP_RELEASES_RESOURCE,C_COL
HIGH,24,moderate,1325,A,CFG0,CFG4,1,2,0,1,NONE,NONE,0,1,C,YES,GROUP_RELEASES_RESOURCE,D_ROW
HIGH,24,moderate,1343,A,CFG0,CFG4,1,1,0,1,NONE,NONE,0,1,D,YES,GROUP_RELEASES_RESOURCE,C_COL
HIGH,24,moderate,1362,A,CFG0,CFG4,1,1,0,1,NONE,NONE,0,1,C,YES,GROUP_RELEASES_RESOURCE,D_ROW
HIGH,24,moderate,1367,A,CFG0,CFG4,1,1,0,1,NONE,NONE,0,1,C,YES,GROUP_RELEASES_RESOURCE,D_ROW
HIGH,24,moderate,1372,A,CFG0,CFG4,1,1,0,1,NONE,NONE,0,1,C,YES,GROUP_RELEASES_RESOURCE,D_ROW
HIGH,24,moderate,1388,A,CFG0,CFG4,1,1,0,1,NONE,NONE,0,1,C,YES,GROUP_RELEASES_RESOURCE,D_ROW
HIGH,24,moderate,1389,A,CFG0,CFG4,1,1,0,1,NONE,NONE,0,1,C,YES,GROUP_RELEASES_RESOURCE,D_ROW
HIGH,24,moderate,1412,A,CFG0,CFG4,1,1,0,1,NONE,NONE,0,1,C,YES,GROUP_RELEASES_RESOURCE,D_ROW
HIGH,24,moderate,1427,A,CFG0,CFG4,1,1,0,1,NONE,NONE,0,1,C,YES,GROUP_RELEASES_RESOURCE,D_ROW
HIGH,24,moderate,1442,A,CFG0,CFG4,1,1,0,1,NONE,NONE,0,1,D,YES,GROUP_RELEASES_RESOURCE,C_COL
HIGH,24,moderate,1450,A,CFG0,CFG4,1,1,0,1,NONE,NONE,0,1,D,YES,GROUP_RELEASES_RESOURCE,C_COL
HIGH,24,moderate,1483,A,CFG0,CFG4,1,1,0,1,NONE,NONE,0,1,C,YES,GROUP_RELEASES_RESOURCE,D_ROW
HIGH,24,moderate,1494,A,CFG0,CFG4,1,2,0,1,NONE,NONE,0,1,C,YES,GROUP_RELEASES_RESOURCE,D_ROW
HIGH,24,moderate,1496,A,CFG0,CFG4,1,1,0,1,NONE,NONE,0,1,C,YES,GROUP_RELEASES_RESOURCE,D_ROW
HIGH,24,moderate,1537,A,CFG0,CFG4,1,1,0,1,NONE,NONE,0,1,D,YES,GROUP_RELEASES_RESOURCE,C_COL
HIGH,24,moderate,1538,A,CFG0,CFG4,1,1,0,1,NONE,NONE,0,1,C,YES,GROUP_RELEASES_RESOURCE,D_ROW
HIGH,24,moderate,1554,A,CFG0,CFG4,1,1,0,1,NONE,NONE,0,1,C,YES,GROUP_RELEASES_RESOURCE,D_ROW
HIGH,24,moderate,1582,A,CFG0,CFG4,1,1,0,1,NONE,NONE,0,1,C,YES,GROUP_RELEASES_RESOURCE,D_ROW
HIGH,24,moderate,1614,A,CFG0,CFG4,1,2,0,1,NONE,NONE,0,1,D,YES,GROUP_RELEASES_RESOURCE,C_COL
HIGH,24,moderate,1619,A,CFG0,CFG4,1,1,0,1,NONE,NONE,0,1,C,YES,GROUP_RELEASES_RESOURCE,D_ROW
HIGH,24,moderate,1642,A,CFG0,CFG4,1,2,0,1,NONE,NONE,0,1,D,YES,GROUP_RELEASES_RESOURCE,C_COL
HIGH,24,moderate,1667,A,CFG0,CFG4,1,1,0,1,NONE,NONE,0,1,C,YES,GROUP_RELEASES_RESOURCE,D_ROW
HIGH,24,moderate,1671,A,CFG0,CFG4,1,2,0,1,NONE,NONE,0,1,D,YES,GROUP_RELEASES_RESOURCE,C_COL
HIGH,24,moderate,1681,A,CFG0,CFG4,1,2,0,1,NONE,NONE,0,1,C,YES,GROUP_RELEASES_RESOURCE,D_ROW
HIGH,24,moderate,1696,A,CFG0,CFG4,1,2,0,1,NONE,NONE,0,1,D,YES,GROUP_RELEASES_RESOURCE,C_COL
HIGH,24,moderate,1700,A,CFG0,CFG4,1,1,0,1,NONE,NONE,0,1,C,YES,GROUP_RELEASES_RESOURCE,D_ROW
HIGH,24,moderate,1733,A,CFG0,CFG4,1,1,0,1,NONE,NONE,0,1,D,YES,GROUP_RELEASES_RESOURCE,C_COL
HIGH,24,moderate,1734,A,CFG0,CFG4,1,1,0,1,NONE,NONE,0,1,D,YES,GROUP_RELEASES_RESOURCE,C_COL
HIGH,24,moderate,1746,A,CFG0,CFG4,1,1,0,1,NONE,NONE,0,1,D,YES,GROUP_RELEASES_RESOURCE,C_COL
HIGH,24,moderate,1754,A,CFG0,CFG4,1,1,0,1,NONE,NONE,0,1,D,YES,GROUP_RELEASES_RESOURCE,C_COL
HIGH,24,moderate,1760,A,CFG0,CFG4,1,1,0,1,NONE,NONE,0,1,C,YES,GROUP_RELEASES_RESOURCE,D_ROW
HIGH,24,moderate,1761,A,CFG0,CFG4,1,1,0,1,NONE,NONE,0,1,C,YES,GROUP_RELEASES_RESOURCE,D_ROW
HIGH,24,moderate,1770,A,CFG0,CFG4,1,1,0,1,NONE,NONE,0,1,C,YES,GROUP_RELEASES_RESOURCE,D_ROW
HIGH,24,moderate,1782,A,CFG0,CFG4,1,1,0,1,NONE,NONE,0,1,C,YES,GROUP_RELEASES_RESOURCE,D_ROW
HIGH,24,moderate,1793,A,CFG0,CFG4,1,1,0,1,NONE,NONE,0,1,D,YES,GROUP_RELEASES_RESOURCE,C_COL
HIGH,24,moderate,1845,A,CFG0,CFG4,1,2,0,1,NONE,NONE,0,1,D,YES,GROUP_RELEASES_RESOURCE,C_COL
HIGH,24,moderate,1857,A,CFG0,CFG4,1,2,0,1,NONE,NONE,0,1,C,YES,GROUP_RELEASES_RESOURCE,D_ROW
HIGH,24,moderate,1858,A,CFG0,CFG4,1,1,0,1,NONE,NONE,0,1,D,YES,GROUP_RELEASES_RESOURCE,C_COL
HIGH,24,moderate,1871,A,CFG0,CFG4,1,2,0,1,NONE,NONE,0,1,C,YES,GROUP_RELEASES_RESOURCE,D_ROW
HIGH,24,moderate,1874,A,CFG0,CFG4,1,2,0,1,NONE,NONE,0,1,C,YES,GROUP_RELEASES_RESOURCE,D_ROW
HIGH,24,moderate,1887,A,CFG0,CFG4,1,1,0,1,NONE,NONE,0,1,D,YES,GROUP_RELEASES_RESOURCE,C_COL
HIGH,24,moderate,1889,A,CFG0,CFG4,1,2,0,1,NONE,NONE,0,1,C,YES,GROUP_RELEASES_RESOURCE,D_ROW
HIGH,24,moderate,1900,A,CFG0,CFG4,1,1,0,1,NONE,NONE,0,1,D,YES,GROUP_RELEASES_RESOURCE,C_COL
HIGH,24,moderate,1951,A,CFG0,CFG4,1,1,0,1,NONE,NONE,0,1,C,YES,GROUP_RELEASES_RESOURCE,D_ROW
HIGH,24,moderate,1962,A,CFG0,CFG4,1,1,0,1,NONE,NONE,0,1,D,YES,GROUP_RELEASES_RESOURCE,C_COL
HIGH,24,moderate,1986,A,CFG0,CFG4,1,1,0,1,NONE,NONE,0,1,C,YES,GROUP_RELEASES_RESOURCE,D_ROW
HIGH,24,moderate,1994,A,CFG0,CFG4,1,2,0,1,NONE,NONE,0,1,D,YES,GROUP_RELEASES_RESOURCE,C_COL
HIGH,24,moderate,1998,A,CFG0,CFG4,1,1,0,1,NONE,NONE,0,1,D,YES,GROUP_RELEASES_RESOURCE,C_COL
HIGH,24,moderate,2027,A,CFG0,CFG4,1,1,0,1,NONE,NONE,0,1,C,YES,GROUP_RELEASES_RESOURCE,D_ROW
HIGH,24,moderate,2028,A,CFG0,CFG4,1,1,0,1,NONE,NONE,0,1,D,YES,GROUP_RELEASES_RESOURCE,C_COL
HIGH,24,moderate,2050,A,CFG0,CFG4,1,2,0,1,NONE,NONE,0,1,D,YES,GROUP_RELEASES_RESOURCE,C_COL
HIGH,24,moderate,2060,A,CFG0,CFG4,1,1,0,1,NONE,NONE,0,1,D,YES,GROUP_RELEASES_RESOURCE,C_COL
HIGH,24,moderate,2064,A,CFG0,CFG4,1,2,0,1,NONE,NONE,0,1,C,YES,GROUP_RELEASES_RESOURCE,D_ROW
HIGH,24,moderate,2071,A,CFG0,CFG4,1,1,0,1,NONE,NONE,0,1,D,YES,GROUP_RELEASES_RESOURCE,C_COL
HIGH,24,moderate,2107,A,CFG0,CFG4,1,1,0,1,NONE,NONE,0,1,C,YES,GROUP_RELEASES_RESOURCE,D_ROW
HIGH,24,moderate,2110,A,CFG0,CFG4,1,2,0,1,NONE,NONE,0,1,D,YES,GROUP_RELEASES_RESOURCE,C_COL
HIGH,24,moderate,2112,A,CFG0,CFG4,1,1,0,1,NONE,NONE,0,1,D,YES,GROUP_RELEASES_RESOURCE,C_COL
HIGH,24,moderate,2113,A,CFG0,CFG4,1,1,0,1,NONE,NONE,0,1,C,YES,GROUP_RELEASES_RESOURCE,D_ROW
HIGH,24,moderate,2114,A,CFG0,CFG4,1,1,0,1,NONE,NONE,0,1,C,YES,GROUP_RELEASES_RESOURCE,D_ROW
HIGH,24,moderate,2124,A,CFG0,CFG4,1,1,0,1,NONE,NONE,0,1,C,YES,GROUP_RELEASES_RESOURCE,D_ROW
HIGH,24,moderate,2146,A,CFG0,CFG4,1,1,0,1,NONE,NONE,0,1,C,YES,GROUP_RELEASES_RESOURCE,D_ROW
HIGH,24,moderate,2155,A,CFG0,CFG4,1,2,0,1,NONE,NONE,0,1,C,YES,GROUP_RELEASES_RESOURCE,D_ROW
HIGH,24,moderate,2168,A,CFG0,CFG4,1,1,0,1,NONE,NONE,0,1,C,YES,GROUP_RELEASES_RESOURCE,D_ROW
HIGH,24,moderate,2169,A,CFG0,CFG4,1,1,0,1,NONE,NONE,0,1,D,YES,GROUP_RELEASES_RESOURCE,C_COL
HIGH,24,moderate,2186,A,CFG0,CFG4,1,1,0,1,NONE,NONE,0,1,C,YES,GROUP_RELEASES_RESOURCE,D_ROW
HIGH,24,moderate,2202,A,CFG0,CFG4,1,2,0,1,NONE,NONE,0,1,C,YES,GROUP_RELEASES_RESOURCE,D_ROW
HIGH,24,moderate,2217,A,CFG0,CFG4,1,1,0,1,NONE,NONE,0,1,D,YES,GROUP_RELEASES_RESOURCE,C_COL
HIGH,24,moderate,2228,A,CFG0,CFG4,1,2,0,1,NONE,NONE,0,1,D,YES,GROUP_RELEASES_RESOURCE,C_COL
HIGH,24,moderate,2246,A,CFG0,CFG4,1,1,0,1,NONE,NONE,0,1,D,YES,GROUP_RELEASES_RESOURCE,C_COL
HIGH,24,moderate,2263,A,CFG0,CFG4,1,1,0,1,NONE,NONE,0,1,C,YES,GROUP_RELEASES_RESOURCE,D_ROW
HIGH,24,moderate,2273,A,CFG0,CFG4,1,2,0,1,NONE,NONE,0,1,C,YES,GROUP_RELEASES_RESOURCE,D_ROW
HIGH,24,moderate,2315,A,CFG0,CFG4,1,1,0,1,NONE,NONE,0,1,D,YES,GROUP_RELEASES_RESOURCE,C_COL
HIGH,24,moderate,2320,A,CFG0,CFG4,1,1,0,1,NONE,NONE,0,1,D,YES,GROUP_RELEASES_RESOURCE,C_COL
HIGH,24,moderate,2335,A,CFG0,CFG4,1,1,0,1,NONE,NONE,0,1,C,YES,GROUP_RELEASES_RESOURCE,D_ROW
HIGH,24,moderate,2337,A,CFG0,CFG4,1,1,0,1,NONE,NONE,0,1,C,YES,GROUP_RELEASES_RESOURCE,D_ROW
HIGH,24,moderate,2358,A,CFG0,CFG4,1,1,0,1,NONE,NONE,0,1,D,YES,GROUP_RELEASES_RESOURCE,C_COL
HIGH,24,moderate,2359,A,CFG0,CFG4,1,1,0,1,NONE,NONE,0,1,C,YES,GROUP_RELEASES_RESOURCE,D_ROW
HIGH,24,moderate,2364,A,CFG0,CFG4,1,1,0,1,NONE,NONE,0,1,C,YES,GROUP_RELEASES_RESOURCE,D_ROW
HIGH,24,moderate,2367,A,CFG0,CFG4,1,1,0,1,NONE,NONE,0,1,C,YES,GROUP_RELEASES_RESOURCE,D_ROW
HIGH,24,moderate,2377,A,CFG0,CFG4,1,1,0,1,NONE,NONE,0,1,D,YES,GROUP_RELEASES_RESOURCE,C_COL
HIGH,24,moderate,2411,A,CFG0,CFG4,1,1,0,1,NONE,NONE,0,1,D,YES,GROUP_RELEASES_RESOURCE,C_COL
HIGH,24,moderate,2434,A,CFG0,CFG4,1,1,0,1,NONE,NONE,0,1,D,YES,GROUP_RELEASES_RESOURCE,C_COL
HIGH,24,moderate,2442,A,CFG0,CFG4,1,1,0,1,NONE,NONE,0,1,C,YES,GROUP_RELEASES_RESOURCE,D_ROW
HIGH,24,moderate,2479,A,CFG0,CFG4,1,1,0,1,NONE,NONE,0,1,C,YES,GROUP_RELEASES_RESOURCE,D_ROW
HIGH,24,moderate,2482,A,CFG0,CFG4,1,1,0,1,NONE,NONE,0,1,D,YES,GROUP_RELEASES_RESOURCE,C_COL
HIGH,24,moderate,2494,A,CFG0,CFG4,1,1,0,1,NONE,NONE,0,1,C,YES,GROUP_RELEASES_RESOURCE,D_ROW
HIGH,24,moderate,2500,A,CFG0,CFG4,1,1,0,1,NONE,NONE,0,1,C,YES,GROUP_RELEASES_RESOURCE,D_ROW
HIGH,24,moderate,2508,A,CFG0,CFG4,1,2,0,1,NONE,NONE,0,1,D,YES,GROUP_RELEASES_RESOURCE,C_COL
HIGH,24,moderate,2512,A,CFG0,CFG4,1,1,0,1,NONE,NONE,0,1,C,YES,GROUP_RELEASES_RESOURCE,D_ROW
HIGH,24,moderate,2514,A,CFG0,CFG4,1,1,0,1,NONE,NONE,0,1,D,YES,GROUP_RELEASES_RESOURCE,C_COL
HIGH,24,moderate,2517,A,CFG0,CFG4,1,1,0,1,NONE,NONE,0,1,D,YES,GROUP_RELEASES_RESOURCE,C_COL
HIGH,24,moderate,2522,A,CFG0,CFG4,1,1,0,1,NONE,NONE,0,1,C,YES,GROUP_RELEASES_RESOURCE,D_ROW
HIGH,24,moderate,2538,A,CFG0,CFG4,1,1,0,1,NONE,NONE,0,1,D,YES,GROUP_RELEASES_RESOURCE,C_COL
HIGH,24,moderate,2554,A,CFG0,CFG4,1,1,0,1,NONE,NONE,0,1,C,YES,GROUP_RELEASES_RESOURCE,D_ROW
HIGH,24,moderate,2565,A,CFG0,CFG4,1,1,0,1,NONE,NONE,0,1,D,YES,GROUP_RELEASES_RESOURCE,C_COL
HIGH,24,moderate,2577,A,CFG0,CFG4,1,1,0,1,NONE,NONE,0,1,C,YES,GROUP_RELEASES_RESOURCE,D_ROW
HIGH,24,moderate,2584,A,CFG0,CFG4,1,1,0,1,NONE,NONE,0,1,D,YES,GROUP_RELEASES_RESOURCE,C_COL
HIGH,24,moderate,2608,A,CFG0,CFG4,1,1,0,1,NONE,NONE,0,1,C,YES,GROUP_RELEASES_RESOURCE,D_ROW
HIGH,24,moderate,2614,A,CFG0,CFG4,1,1,0,1,NONE,NONE,0,1,D,YES,GROUP_RELEASES_RESOURCE,C_COL
HIGH,24,moderate,2627,A,CFG0,CFG4,1,1,0,1,NONE,NONE,0,1,C,YES,GROUP_RELEASES_RESOURCE,D_ROW
HIGH,24,moderate,2640,A,CFG0,CFG4,1,1,0,1,NONE,NONE,0,1,D,YES,GROUP_RELEASES_RESOURCE,C_COL
HIGH,24,moderate,2644,A,CFG0,CFG4,1,1,0,1,NONE,NONE,0,1,C,YES,GROUP_RELEASES_RESOURCE,D_ROW
HIGH,24,moderate,2675,A,CFG0,CFG4,1,1,0,1,NONE,NONE,0,1,C,YES,GROUP_RELEASES_RESOURCE,D_ROW
HIGH,24,moderate,2682,A,CFG0,CFG4,1,1,0,1,NONE,NONE,0,1,C,YES,GROUP_RELEASES_RESOURCE,D_ROW
HIGH,24,moderate,2695,A,CFG0,CFG4,1,2,0,1,NONE,NONE,0,1,C,YES,GROUP_RELEASES_RESOURCE,D_ROW
HIGH,24,moderate,2713,A,CFG0,CFG4,1,1,0,1,NONE,NONE,0,1,C,YES,GROUP_RELEASES_RESOURCE,D_ROW
HIGH,24,moderate,2716,A,CFG0,CFG4,1,1,0,1,NONE,NONE,0,1,D,YES,GROUP_RELEASES_RESOURCE,C_COL
HIGH,24,moderate,2752,A,CFG0,CFG4,1,1,0,1,NONE,NONE,0,1,C,YES,GROUP_RELEASES_RESOURCE,D_ROW
HIGH,24,moderate,2765,A,CFG0,CFG4,1,2,0,1,NONE,NONE,0,1,C,YES,GROUP_RELEASES_RESOURCE,D_ROW
HIGH,24,moderate,2771,A,CFG0,CFG4,1,2,0,1,NONE,NONE,0,1,C,YES,GROUP_RELEASES_RESOURCE,D_ROW
HIGH,24,moderate,2809,A,CFG0,CFG4,1,1,0,1,NONE,NONE,0,1,C,YES,GROUP_RELEASES_RESOURCE,D_ROW
HIGH,24,moderate,2817,A,CFG0,CFG4,1,1,0,1,NONE,NONE,0,1,D,YES,GROUP_RELEASES_RESOURCE,C_COL
HIGH,24,moderate,2831,A,CFG0,CFG4,1,1,0,1,NONE,NONE,0,1,C,YES,GROUP_RELEASES_RESOURCE,D_ROW
HIGH,24,moderate,2849,A,CFG0,CFG4,1,1,0,1,NONE,NONE,0,1,C,YES,GROUP_RELEASES_RESOURCE,D_ROW
HIGH,24,moderate,2892,A,CFG0,CFG4,1,1,0,1,NONE,NONE,0,1,D,YES,GROUP_RELEASES_RESOURCE,C_COL
HIGH,24,moderate,2906,A,CFG0,CFG4,1,1,0,1,NONE,NONE,0,1,D,YES,GROUP_RELEASES_RESOURCE,C_COL
HIGH,24,moderate,2919,A,CFG0,CFG4,1,2,0,1,NONE,NONE,0,1,C,YES,GROUP_RELEASES_RESOURCE,D_ROW
HIGH,24,moderate,2937,A,CFG0,CFG4,1,1,0,1,NONE,NONE,0,1,D,YES,GROUP_RELEASES_RESOURCE,C_COL
HIGH,24,moderate,2940,A,CFG0,CFG4,1,1,0,1,NONE,NONE,0,1,C,YES,GROUP_RELEASES_RESOURCE,D_ROW
HIGH,24,moderate,2941,A,CFG0,CFG4,1,1,0,1,NONE,NONE,0,1,D,YES,GROUP_RELEASES_RESOURCE,C_COL
HIGH,24,moderate,2983,A,CFG0,CFG4,1,1,0,1,NONE,NONE,0,1,D,YES,GROUP_RELEASES_RESOURCE,C_COL
HIGH,24,moderate,2996,A,CFG0,CFG4,1,1,0,1,NONE,NONE,0,1,C,YES,GROUP_RELEASES_RESOURCE,D_ROW
HIGH,24,moderate,2998,A,CFG0,CFG4,1,1,0,1,NONE,NONE,0,1,D,YES,GROUP_RELEASES_RESOURCE,C_COL
HIGH,24,moderate,3107,A,CFG0,CFG4,1,1,0,1,NONE,NONE,0,1,D,YES,GROUP_RELEASES_RESOURCE,C_COL
HIGH,24,moderate,3137,A,CFG0,CFG4,1,1,0,1,NONE,NONE,0,1,C,YES,GROUP_RELEASES_RESOURCE,D_ROW
HIGH,24,moderate,3138,A,CFG0,CFG4,1,1,0,1,NONE,NONE,0,1,C,YES,GROUP_RELEASES_RESOURCE,D_ROW
HIGH,24,moderate,3154,A,CFG0,CFG4,1,1,0,1,NONE,NONE,0,1,C,YES,GROUP_RELEASES_RESOURCE,D_ROW
HIGH,24,moderate,3163,A,CFG0,CFG4,1,1,0,1,NONE,NONE,0,1,C,YES,GROUP_RELEASES_RESOURCE,D_ROW
HIGH,24,moderate,3190,A,CFG0,CFG4,1,2,0,1,NONE,NONE,0,1,C,YES,GROUP_RELEASES_RESOURCE,D_ROW
HIGH,24,moderate,3207,A,CFG0,CFG4,1,1,0,1,NONE,NONE,0,1,C,YES,GROUP_RELEASES_RESOURCE,D_ROW
HIGH,24,moderate,3208,A,CFG0,CFG4,1,2,0,1,NONE,NONE,0,1,B,YES,GROUP_RELEASES_RESOURCE,A_ROW
HIGH,24,moderate,3257,A,CFG0,CFG4,1,2,0,1,NONE,NONE,0,1,D,YES,GROUP_RELEASES_RESOURCE,C_COL
HIGH,24,moderate,3292,A,CFG0,CFG4,1,1,0,1,NONE,NONE,0,1,C,YES,GROUP_RELEASES_RESOURCE,D_ROW
HIGH,24,moderate,3295,A,CFG0,CFG4,1,1,0,1,NONE,NONE,0,1,C,YES,GROUP_RELEASES_RESOURCE,D_ROW
HIGH,24,moderate,3296,A,CFG0,CFG4,1,1,0,1,NONE,NONE,0,1,D,YES,GROUP_RELEASES_RESOURCE,C_COL
HIGH,24,moderate,3300,A,CFG0,CFG4,1,1,0,1,NONE,NONE,0,1,D,YES,GROUP_RELEASES_RESOURCE,C_COL
HIGH,24,moderate,3333,A,CFG0,CFG4,1,1,0,1,NONE,NONE,0,1,D,YES,GROUP_RELEASES_RESOURCE,C_COL
HIGH,24,moderate,3348,A,CFG0,CFG4,1,1,0,1,NONE,NONE,0,1,C,YES,GROUP_RELEASES_RESOURCE,D_ROW
HIGH,24,moderate,3354,A,CFG0,CFG4,1,1,0,1,NONE,NONE,0,1,D,YES,GROUP_RELEASES_RESOURCE,C_COL
HIGH,24,moderate,3358,A,CFG0,CFG4,1,1,0,1,NONE,NONE,0,1,C,YES,GROUP_RELEASES_RESOURCE,D_ROW
HIGH,24,moderate,3359,A,CFG0,CFG4,1,1,0,1,NONE,NONE,0,1,C,YES,GROUP_RELEASES_RESOURCE,D_ROW
HIGH,24,moderate,3374,A,CFG0,CFG4,1,1,0,1,NONE,NONE,0,1,D,YES,GROUP_RELEASES_RESOURCE,C_COL
HIGH,24,moderate,3394,A,CFG0,CFG4,1,1,0,1,NONE,NONE,0,1,D,YES,GROUP_RELEASES_RESOURCE,C_COL
HIGH,24,moderate,3406,A,CFG0,CFG4,1,1,0,1,NONE,NONE,0,1,D,YES,GROUP_RELEASES_RESOURCE,C_COL
HIGH,24,moderate,3419,A,CFG0,CFG4,1,1,0,1,NONE,NONE,0,1,B,YES,GROUP_RELEASES_RESOURCE,A_ROW
HIGH,24,moderate,3424,A,CFG0,CFG4,1,2,0,1,NONE,NONE,0,1,C,YES,GROUP_RELEASES_RESOURCE,D_ROW
HIGH,24,moderate,3435,A,CFG0,CFG4,1,1,0,1,NONE,NONE,0,1,C,YES,GROUP_RELEASES_RESOURCE,D_ROW
HIGH,24,moderate,3451,A,CFG0,CFG4,1,1,0,1,NONE,NONE,0,1,C,YES,GROUP_RELEASES_RESOURCE,D_ROW
HIGH,24,moderate,3454,A,CFG0,CFG4,1,1,0,1,NONE,NONE,0,1,C,YES,GROUP_RELEASES_RESOURCE,D_ROW
HIGH,24,moderate,3461,A,CFG0,CFG4,1,2,0,1,NONE,NONE,0,1,D,YES,GROUP_RELEASES_RESOURCE,C_COL
HIGH,24,moderate,3500,A,CFG0,CFG4,1,1,0,1,NONE,NONE,0,1,D,YES,GROUP_RELEASES_RESOURCE,C_COL
HIGH,24,moderate,3560,A,CFG0,CFG4,1,1,0,1,NONE,NONE,0,1,D,YES,GROUP_RELEASES_RESOURCE,C_COL
HIGH,24,moderate,3571,A,CFG0,CFG4,1,1,0,1,NONE,NONE,0,1,D,YES,GROUP_RELEASES_RESOURCE,C_COL
HIGH,24,moderate,3577,A,CFG0,CFG4,1,2,0,1,NONE,NONE,0,1,C,YES,GROUP_RELEASES_RESOURCE,D_ROW
HIGH,24,moderate,3597,A,CFG0,CFG4,1,1,0,1,NONE,NONE,0,1,C,YES,GROUP_RELEASES_RESOURCE,D_ROW
HIGH,24,moderate,3605,A,CFG0,CFG4,1,1,0,1,NONE,NONE,0,1,D,YES,GROUP_RELEASES_RESOURCE,C_COL
HIGH,24,moderate,3624,A,CFG0,CFG4,1,1,0,1,NONE,NONE,0,1,D,YES,GROUP_RELEASES_RESOURCE,C_COL
HIGH,24,moderate,3649,A,CFG0,CFG4,1,2,0,1,NONE,NONE,0,1,D,YES,GROUP_RELEASES_RESOURCE,C_COL
HIGH,24,moderate,3664,A,CFG0,CFG4,1,1,0,1,NONE,NONE,0,1,C,YES,GROUP_RELEASES_RESOURCE,D_ROW
HIGH,24,moderate,3672,A,CFG0,CFG4,1,2,0,1,NONE,NONE,0,1,D,YES,GROUP_RELEASES_RESOURCE,C_COL
HIGH,24,moderate,3683,A,CFG0,CFG4,1,1,0,1,NONE,NONE,0,1,D,YES,GROUP_RELEASES_RESOURCE,C_COL
HIGH,24,moderate,3704,A,CFG0,CFG4,1,2,0,1,NONE,NONE,0,1,D,YES,GROUP_RELEASES_RESOURCE,C_COL
HIGH,24,moderate,3722,A,CFG0,CFG4,1,1,0,1,NONE,NONE,0,1,C,YES,GROUP_RELEASES_RESOURCE,D_ROW
HIGH,24,moderate,3727,A,CFG0,CFG4,1,1,0,1,NONE,NONE,0,1,C,YES,GROUP_RELEASES_RESOURCE,D_ROW
HIGH,24,moderate,3731,A,CFG0,CFG4,1,1,0,1,NONE,NONE,0,1,C,YES,GROUP_RELEASES_RESOURCE,D_ROW
HIGH,24,moderate,3739,A,CFG0,CFG4,1,2,0,1,NONE,NONE,0,1,D,YES,GROUP_RELEASES_RESOURCE,C_COL
HIGH,24,moderate,3742,A,CFG0,CFG4,1,1,0,1,NONE,NONE,0,1,C,YES,GROUP_RELEASES_RESOURCE,D_ROW
HIGH,24,moderate,3743,A,CFG0,CFG4,1,1,0,1,NONE,NONE,0,1,C,YES,GROUP_RELEASES_RESOURCE,D_ROW
HIGH,24,moderate,3752,A,CFG0,CFG4,1,2,0,1,NONE,NONE,0,1,D,YES,GROUP_RELEASES_RESOURCE,C_COL
HIGH,24,moderate,3774,A,CFG0,CFG4,1,2,0,1,NONE,NONE,0,1,D,YES,GROUP_RELEASES_RESOURCE,C_COL
HIGH,24,moderate,3784,A,CFG0,CFG4,1,1,0,1,NONE,NONE,0,1,C,YES,GROUP_RELEASES_RESOURCE,D_ROW
HIGH,24,moderate,3794,A,CFG0,CFG4,1,1,0,1,NONE,NONE,0,1,C,YES,GROUP_RELEASES_RESOURCE,D_ROW
HIGH,24,moderate,3802,A,CFG0,CFG4,1,1,0,1,NONE,NONE,0,1,C,YES,GROUP_RELEASES_RESOURCE,D_ROW
HIGH,24,moderate,3820,A,CFG0,CFG4,1,1,0,1,NONE,NONE,0,1,C,YES,GROUP_RELEASES_RESOURCE,D_ROW
HIGH,24,moderate,3849,A,CFG0,CFG4,1,2,0,1,NONE,NONE,0,1,C,YES,GROUP_RELEASES_RESOURCE,D_ROW
HIGH,24,moderate,3850,A,CFG0,CFG4,1,1,0,1,NONE,NONE,0,1,D,YES,GROUP_RELEASES_RESOURCE,C_COL
HIGH,24,moderate,3863,A,CFG0,CFG4,1,1,0,1,NONE,NONE,0,1,D,YES,GROUP_RELEASES_RESOURCE,C_COL
HIGH,24,moderate,3867,A,CFG0,CFG4,1,1,0,1,NONE,NONE,0,1,D,YES,GROUP_RELEASES_RESOURCE,C_COL
HIGH,24,moderate,3869,A,CFG0,CFG4,1,1,0,1,NONE,NONE,0,1,D,YES,GROUP_RELEASES_RESOURCE,C_COL
HIGH,24,moderate,3872,A,CFG0,CFG4,1,2,0,1,NONE,NONE,0,1,D,YES,GROUP_RELEASES_RESOURCE,C_COL
HIGH,24,moderate,3877,A,CFG0,CFG4,1,1,0,1,NONE,NONE,0,1,B,YES,GROUP_RELEASES_RESOURCE,A_ROW
HIGH,24,moderate,3882,A,CFG0,CFG4,1,1,0,1,NONE,NONE,0,1,D,YES,GROUP_RELEASES_RESOURCE,C_COL
HIGH,24,moderate,3885,A,CFG0,CFG4,1,2,0,1,NONE,NONE,0,1,D,YES,GROUP_RELEASES_RESOURCE,C_COL
HIGH,24,moderate,3905,A,CFG0,CFG4,1,1,0,1,NONE,NONE,0,1,C,YES,GROUP_RELEASES_RESOURCE,D_ROW
HIGH,24,moderate,3925,A,CFG0,CFG4,1,2,0,1,NONE,NONE,0,1,C,YES,GROUP_RELEASES_RESOURCE,D_ROW
HIGH,24,moderate,3946,A,CFG0,CFG4,1,2,0,1,NONE,NONE,0,1,C,YES,GROUP_RELEASES_RESOURCE,D_ROW
HIGH,24,moderate,3960,A,CFG0,CFG4,1,1,0,1,NONE,NONE,0,1,C,YES,GROUP_RELEASES_RESOURCE,D_ROW
HIGH,24,moderate,3969,A,CFG0,CFG4,1,1,0,1,NONE,NONE,0,1,D,YES,GROUP_RELEASES_RESOURCE,C_COL
HIGH,24,moderate,3975,A,CFG0,CFG4,1,1,0,1,NONE,NONE,0,1,D,YES,GROUP_RELEASES_RESOURCE,C_COL
HIGH,24,moderate,3977,A,CFG0,CFG4,1,2,0,1,NONE,NONE,0,1,D,YES,GROUP_RELEASES_RESOURCE,C_COL
HIGH,24,moderate,3990,A,CFG0,CFG4,1,1,0,1,NONE,NONE,0,1,C,YES,GROUP_RELEASES_RESOURCE,D_ROW
HIGH,24,moderate,3997,A,CFG0,CFG4,1,1,0,1,NONE,NONE,0,1,D,YES,GROUP_RELEASES_RESOURCE,C_COL
HIGH,24,moderate,4006,A,CFG0,CFG4,1,2,0,1,NONE,NONE,0,1,C,YES,GROUP_RELEASES_RESOURCE,D_ROW
HIGH,24,moderate,4013,A,CFG0,CFG4,1,1,0,1,NONE,NONE,0,1,C,YES,GROUP_RELEASES_RESOURCE,D_ROW
HIGH,24,moderate,4016,A,CFG0,CFG4,1,1,0,1,NONE,NONE,0,1,C,YES,GROUP_RELEASES_RESOURCE,D_ROW
HIGH,24,moderate,4024,A,CFG0,CFG4,1,1,0,1,NONE,NONE,0,1,C,YES,GROUP_RELEASES_RESOURCE,D_ROW
HIGH,24,moderate,4098,A,CFG0,CFG4,1,1,0,1,NONE,NONE,0,1,D,YES,GROUP_RELEASES_RESOURCE,C_COL
HIGH,24,moderate,4102,A,CFG0,CFG4,1,1,0,1,NONE,NONE,0,1,C,YES,GROUP_RELEASES_RESOURCE,D_ROW
HIGH,24,moderate,4105,A,CFG0,CFG4,1,1,0,1,NONE,NONE,0,1,D,YES,GROUP_RELEASES_RESOURCE,C_COL
HIGH,24,moderate,4107,A,CFG0,CFG4,1,2,0,1,NONE,NONE,0,1,C,YES,GROUP_RELEASES_RESOURCE,D_ROW
HIGH,24,moderate,4117,A,CFG0,CFG4,1,1,0,1,NONE,NONE,0,1,C,YES,GROUP_RELEASES_RESOURCE,D_ROW
HIGH,24,moderate,4118,A,CFG0,CFG4,1,1,0,1,NONE,NONE,0,1,C,YES,GROUP_RELEASES_RESOURCE,D_ROW
HIGH,24,moderate,4124,A,CFG0,CFG4,1,1,0,1,NONE,NONE,0,1,D,YES,GROUP_RELEASES_RESOURCE,C_COL
HIGH,24,moderate,4128,A,CFG0,CFG4,1,1,0,1,NONE,NONE,0,1,C,YES,GROUP_RELEASES_RESOURCE,D_ROW
HIGH,24,moderate,4134,A,CFG0,CFG4,1,1,0,1,NONE,NONE,0,1,D,YES,GROUP_RELEASES_RESOURCE,C_COL
HIGH,24,moderate,4149,A,CFG0,CFG4,1,1,0,1,NONE,NONE,0,1,D,YES,GROUP_RELEASES_RESOURCE,C_COL
HIGH,24,moderate,4153,A,CFG0,CFG4,1,1,0,1,NONE,NONE,0,1,C,YES,GROUP_RELEASES_RESOURCE,D_ROW
HIGH,24,moderate,4171,A,CFG0,CFG4,1,1,0,1,NONE,NONE,0,1,C,YES,GROUP_RELEASES_RESOURCE,D_ROW
HIGH,24,moderate,4181,A,CFG0,CFG4,1,1,0,1,NONE,NONE,0,1,D,YES,GROUP_RELEASES_RESOURCE,C_COL
HIGH,24,moderate,4192,A,CFG0,CFG4,1,1,0,1,NONE,NONE,0,1,C,YES,GROUP_RELEASES_RESOURCE,D_ROW
HIGH,24,moderate,4205,A,CFG0,CFG4,1,1,0,1,NONE,NONE,0,1,C,YES,GROUP_RELEASES_RESOURCE,D_ROW
HIGH,24,moderate,4206,A,CFG0,CFG4,1,1,0,1,NONE,NONE,0,1,C,YES,GROUP_RELEASES_RESOURCE,D_ROW
HIGH,24,moderate,4215,A,CFG0,CFG4,1,1,0,1,NONE,NONE,0,1,D,YES,GROUP_RELEASES_RESOURCE,C_COL
HIGH,24,moderate,4218,A,CFG0,CFG4,1,2,0,1,NONE,NONE,0,1,D,YES,GROUP_RELEASES_RESOURCE,C_COL
HIGH,24,moderate,4222,A,CFG0,CFG4,1,2,0,1,NONE,NONE,0,1,D,YES,GROUP_RELEASES_RESOURCE,C_COL
HIGH,24,moderate,4241,A,CFG0,CFG4,1,1,0,1,NONE,NONE,0,1,D,YES,GROUP_RELEASES_RESOURCE,C_COL
HIGH,24,moderate,4247,A,CFG0,CFG4,1,1,0,1,NONE,NONE,0,1,D,YES,GROUP_RELEASES_RESOURCE,C_COL
HIGH,24,moderate,4261,A,CFG0,CFG4,1,1,0,1,NONE,NONE,0,1,C,YES,GROUP_RELEASES_RESOURCE,D_ROW
HIGH,24,moderate,4280,A,CFG0,CFG4,1,1,0,1,NONE,NONE,0,1,C,YES,GROUP_RELEASES_RESOURCE,D_ROW
HIGH,24,moderate,4285,A,CFG0,CFG4,1,1,0,1,NONE,NONE,0,1,D,YES,GROUP_RELEASES_RESOURCE,C_COL
HIGH,24,moderate,4302,A,CFG0,CFG4,1,1,0,1,NONE,NONE,0,1,D,YES,GROUP_RELEASES_RESOURCE,C_COL
HIGH,24,moderate,4327,A,CFG0,CFG4,1,1,0,1,NONE,NONE,0,1,D,YES,GROUP_RELEASES_RESOURCE,C_COL
HIGH,24,moderate,4353,A,CFG0,CFG4,1,2,0,1,NONE,NONE,0,1,D,YES,GROUP_RELEASES_RESOURCE,C_COL
HIGH,24,moderate,4356,A,CFG0,CFG4,1,2,0,1,NONE,NONE,0,1,C,YES,GROUP_RELEASES_RESOURCE,D_ROW
HIGH,24,moderate,4357,A,CFG0,CFG4,1,1,0,1,NONE,NONE,0,1,C,YES,GROUP_RELEASES_RESOURCE,D_ROW
HIGH,24,moderate,4358,A,CFG0,CFG4,1,1,0,1,NONE,NONE,0,1,C,YES,GROUP_RELEASES_RESOURCE,D_ROW
HIGH,24,moderate,4360,A,CFG0,CFG4,1,1,0,1,NONE,NONE,0,1,D,YES,GROUP_RELEASES_RESOURCE,C_COL
HIGH,24,moderate,4372,A,CFG0,CFG4,1,1,0,1,NONE,NONE,0,1,C,YES,GROUP_RELEASES_RESOURCE,D_ROW
HIGH,24,moderate,4398,A,CFG0,CFG4,1,1,0,1,NONE,NONE,0,1,D,YES,GROUP_RELEASES_RESOURCE,C_COL
HIGH,24,moderate,4405,A,CFG0,CFG4,1,1,0,1,NONE,NONE,0,1,C,YES,GROUP_RELEASES_RESOURCE,D_ROW
HIGH,24,moderate,4424,A,CFG0,CFG4,1,1,0,1,NONE,NONE,0,1,D,YES,GROUP_RELEASES_RESOURCE,C_COL
HIGH,24,moderate,4431,A,CFG0,CFG4,1,1,0,1,NONE,NONE,0,1,D,YES,GROUP_RELEASES_RESOURCE,C_COL
HIGH,24,moderate,4445,A,CFG0,CFG4,1,1,0,1,NONE,NONE,0,1,D,YES,GROUP_RELEASES_RESOURCE,C_COL
HIGH,24,moderate,4447,A,CFG0,CFG4,1,1,0,1,NONE,NONE,0,1,C,YES,GROUP_RELEASES_RESOURCE,D_ROW
HIGH,24,moderate,4472,A,CFG0,CFG4,1,1,0,1,NONE,NONE,0,1,C,YES,GROUP_RELEASES_RESOURCE,D_ROW
HIGH,24,moderate,4510,A,CFG0,CFG4,1,1,0,1,NONE,NONE,0,1,C,YES,GROUP_RELEASES_RESOURCE,D_ROW
HIGH,24,moderate,4529,A,CFG0,CFG4,1,2,0,1,NONE,NONE,0,1,D,YES,GROUP_RELEASES_RESOURCE,C_COL
HIGH,24,moderate,4549,A,CFG0,CFG4,1,1,0,1,NONE,NONE,0,1,D,YES,GROUP_RELEASES_RESOURCE,C_COL
HIGH,24,moderate,4554,A,CFG0,CFG4,1,2,0,1,NONE,NONE,0,1,D,YES,GROUP_RELEASES_RESOURCE,C_COL
HIGH,24,moderate,4561,A,CFG0,CFG4,1,1,0,1,NONE,NONE,0,1,C,YES,GROUP_RELEASES_RESOURCE,D_ROW
HIGH,24,moderate,4567,A,CFG0,CFG4,1,2,0,1,NONE,NONE,0,1,D,YES,GROUP_RELEASES_RESOURCE,C_COL
HIGH,24,moderate,4571,A,CFG0,CFG4,1,1,0,1,NONE,NONE,0,1,C,YES,GROUP_RELEASES_RESOURCE,D_ROW
HIGH,24,moderate,4572,A,CFG0,CFG4,1,1,0,1,NONE,NONE,0,1,C,YES,GROUP_RELEASES_RESOURCE,D_ROW
HIGH,24,moderate,4573,A,CFG0,CFG4,1,1,0,1,NONE,NONE,0,1,C,YES,GROUP_RELEASES_RESOURCE,D_ROW
HIGH,24,moderate,4603,A,CFG0,CFG4,1,1,0,1,NONE,NONE,0,1,D,YES,GROUP_RELEASES_RESOURCE,C_COL
HIGH,24,moderate,4607,A,CFG0,CFG4,1,1,0,1,NONE,NONE,0,1,C,YES,GROUP_RELEASES_RESOURCE,D_ROW
HIGH,24,moderate,4617,A,CFG0,CFG4,1,1,0,1,NONE,NONE,0,1,C,YES,GROUP_RELEASES_RESOURCE,D_ROW
HIGH,24,moderate,4643,A,CFG0,CFG4,1,1,0,1,NONE,NONE,0,1,D,YES,GROUP_RELEASES_RESOURCE,C_COL
HIGH,24,moderate,4651,A,CFG0,CFG4,1,1,0,1,NONE,NONE,0,1,C,YES,GROUP_RELEASES_RESOURCE,D_ROW
HIGH,24,moderate,4656,A,CFG0,CFG4,1,1,0,1,NONE,NONE,0,1,C,YES,GROUP_RELEASES_RESOURCE,D_ROW
HIGH,24,moderate,4700,A,CFG0,CFG4,1,1,0,1,NONE,NONE,0,1,C,YES,GROUP_RELEASES_RESOURCE,D_ROW
HIGH,24,moderate,4715,A,CFG0,CFG4,1,1,0,1,NONE,NONE,0,1,C,YES,GROUP_RELEASES_RESOURCE,D_ROW
HIGH,24,moderate,4716,A,CFG0,CFG4,1,1,0,1,NONE,NONE,0,1,C,YES,GROUP_RELEASES_RESOURCE,D_ROW
HIGH,24,moderate,4729,A,CFG0,CFG4,1,1,0,1,NONE,NONE,0,1,D,YES,GROUP_RELEASES_RESOURCE,C_COL
HIGH,24,moderate,4789,A,CFG0,CFG4,1,1,0,1,NONE,NONE,0,1,C,YES,GROUP_RELEASES_RESOURCE,D_ROW
HIGH,24,moderate,4790,A,CFG0,CFG4,1,1,0,1,NONE,NONE,0,1,C,YES,GROUP_RELEASES_RESOURCE,D_ROW
HIGH,24,moderate,4791,A,CFG0,CFG4,1,1,0,1,NONE,NONE,0,1,C,YES,GROUP_RELEASES_RESOURCE,D_ROW
HIGH,24,moderate,4823,A,CFG0,CFG4,1,1,0,1,NONE,NONE,0,1,C,YES,GROUP_RELEASES_RESOURCE,D_ROW
HIGH,24,moderate,4839,A,CFG0,CFG4,1,1,0,1,NONE,NONE,0,1,D,YES,GROUP_RELEASES_RESOURCE,C_COL
HIGH,24,moderate,4841,A,CFG0,CFG4,1,2,0,1,NONE,NONE,0,1,C,YES,GROUP_RELEASES_RESOURCE,D_ROW
HIGH,24,moderate,4850,A,CFG0,CFG4,1,1,0,1,NONE,NONE,0,1,C,YES,GROUP_RELEASES_RESOURCE,D_ROW
HIGH,24,moderate,4859,A,CFG0,CFG4,1,1,0,1,NONE,NONE,0,1,D,YES,GROUP_RELEASES_RESOURCE,C_COL
HIGH,24,moderate,4893,A,CFG0,CFG4,1,1,0,1,NONE,NONE,0,1,D,YES,GROUP_RELEASES_RESOURCE,C_COL
HIGH,24,moderate,4924,A,CFG0,CFG4,1,1,0,1,NONE,NONE,0,1,C,YES,GROUP_RELEASES_RESOURCE,D_ROW
HIGH,24,moderate,4925,A,CFG0,CFG4,1,1,0,1,NONE,NONE,0,1,C,YES,GROUP_RELEASES_RESOURCE,D_ROW
HIGH,24,moderate,4932,A,CFG0,CFG4,1,1,0,1,NONE,NONE,0,1,C,YES,GROUP_RELEASES_RESOURCE,D_ROW
HIGH,24,moderate,4936,A,CFG0,CFG4,1,1,0,1,NONE,NONE,0,1,C,YES,GROUP_RELEASES_RESOURCE,D_ROW
HIGH,24,moderate,4941,A,CFG0,CFG4,1,1,0,1,NONE,NONE,0,1,C,YES,GROUP_RELEASES_RESOURCE,D_ROW
HIGH,24,moderate,4946,A,CFG0,CFG4,1,2,0,1,NONE,NONE,0,1,C,YES,GROUP_RELEASES_RESOURCE,D_ROW
HIGH,24,moderate,4952,A,CFG0,CFG4,1,1,0,1,NONE,NONE,0,1,C,YES,GROUP_RELEASES_RESOURCE,D_ROW
HIGH,24,moderate,4954,A,CFG0,CFG4,1,1,0,1,NONE,NONE,0,1,D,YES,GROUP_RELEASES_RESOURCE,C_COL
HIGH,24,moderate,4956,A,CFG0,CFG4,1,1,0,1,NONE,NONE,0,1,D,YES,GROUP_RELEASES_RESOURCE,C_COL
HIGH,24,moderate,4958,A,CFG0,CFG4,1,1,0,1,NONE,NONE,0,1,C,YES,GROUP_RELEASES_RESOURCE,D_ROW
HIGH,24,moderate,4961,A,CFG0,CFG4,1,1,0,1,NONE,NONE,0,1,D,YES,GROUP_RELEASES_RESOURCE,C_COL
HIGH,24,moderate,4963,A,CFG0,CFG4,1,1,0,1,NONE,NONE,0,1,D,YES,GROUP_RELEASES_RESOURCE,C_COL
HIGH,24,moderate,4977,A,CFG0,CFG4,1,1,0,1,NONE,NONE,0,1,C,YES,GROUP_RELEASES_RESOURCE,D_ROW
HIGH,24,moderate,4998,A,CFG0,CFG4,1,1,0,1,NONE,NONE,0,1,D,YES,GROUP_RELEASES_RESOURCE,C_COL
HIGH,24,moderate,5009,A,CFG0,CFG4,1,2,0,1,NONE,NONE,0,1,C,YES,GROUP_RELEASES_RESOURCE,D_ROW
HIGH,24,moderate,5010,A,CFG0,CFG4,1,1,0,1,NONE,NONE,0,1,C,YES,GROUP_RELEASES_RESOURCE,D_ROW
HIGH,24,moderate,5016,A,CFG0,CFG4,1,1,0,1,NONE,NONE,0,1,C,YES,GROUP_RELEASES_RESOURCE,D_ROW
HIGH,24,moderate,5018,A,CFG0,CFG4,1,2,0,1,NONE,NONE,0,1,C,YES,GROUP_RELEASES_RESOURCE,D_ROW
HIGH,24,moderate,5041,A,CFG0,CFG4,1,2,0,1,NONE,NONE,0,1,D,YES,GROUP_RELEASES_RESOURCE,C_COL
HIGH,24,moderate,5074,A,CFG0,CFG4,1,2,0,1,NONE,NONE,0,1,C,YES,GROUP_RELEASES_RESOURCE,D_ROW
HIGH,24,moderate,5087,A,CFG0,CFG4,1,1,0,1,NONE,NONE,0,1,D,YES,GROUP_RELEASES_RESOURCE,C_COL
HIGH,24,moderate,5095,A,CFG0,CFG4,1,1,0,1,NONE,NONE,0,1,C,YES,GROUP_RELEASES_RESOURCE,D_ROW
HIGH,24,moderate,5119,A,CFG0,CFG4,1,1,0,1,NONE,NONE,0,1,C,YES,GROUP_RELEASES_RESOURCE,D_ROW
HIGH,24,moderate,5123,A,CFG0,CFG4,1,1,0,1,NONE,NONE,0,1,C,YES,GROUP_RELEASES_RESOURCE,D_ROW
HIGH,24,moderate,5127,A,CFG0,CFG4,1,1,0,1,NONE,NONE,0,1,C,YES,GROUP_RELEASES_RESOURCE,D_ROW
HIGH,24,moderate,5138,A,CFG0,CFG4,1,1,0,1,NONE,NONE,0,1,C,YES,GROUP_RELEASES_RESOURCE,D_ROW
HIGH,24,moderate,5147,A,CFG0,CFG4,1,1,0,1,NONE,NONE,0,1,D,YES,GROUP_RELEASES_RESOURCE,C_COL
HIGH,24,moderate,5151,A,CFG0,CFG4,1,1,0,1,NONE,NONE,0,1,C,YES,GROUP_RELEASES_RESOURCE,D_ROW
HIGH,24,moderate,5162,A,CFG0,CFG4,1,1,0,1,NONE,NONE,0,1,C,YES,GROUP_RELEASES_RESOURCE,D_ROW
HIGH,24,moderate,5205,A,CFG0,CFG4,1,1,0,1,NONE,NONE,0,1,D,YES,GROUP_RELEASES_RESOURCE,C_COL
HIGH,24,moderate,5207,A,CFG0,CFG4,1,1,0,1,NONE,NONE,0,1,D,YES,GROUP_RELEASES_RESOURCE,C_COL
HIGH,24,moderate,5216,A,CFG0,CFG4,1,1,0,1,NONE,NONE,0,1,D,YES,GROUP_RELEASES_RESOURCE,C_COL
HIGH,24,moderate,5232,A,CFG0,CFG4,1,2,0,1,NONE,NONE,0,1,C,YES,GROUP_RELEASES_RESOURCE,D_ROW
HIGH,24,moderate,5235,A,CFG0,CFG4,1,1,0,1,NONE,NONE,0,1,C,YES,GROUP_RELEASES_RESOURCE,D_ROW
HIGH,24,moderate,5253,A,CFG0,CFG4,1,1,0,1,NONE,NONE,0,1,C,YES,GROUP_RELEASES_RESOURCE,D_ROW
HIGH,24,moderate,5270,A,CFG0,CFG4,1,1,0,1,NONE,NONE,0,1,C,YES,GROUP_RELEASES_RESOURCE,D_ROW
HIGH,24,moderate,5277,A,CFG0,CFG4,1,1,0,1,NONE,NONE,0,1,C,YES,GROUP_RELEASES_RESOURCE,D_ROW
HIGH,24,moderate,5282,A,CFG0,CFG4,1,1,0,1,NONE,NONE,0,1,C,YES,GROUP_RELEASES_RESOURCE,D_ROW
HIGH,24,moderate,5294,A,CFG0,CFG4,1,1,0,1,NONE,NONE,0,1,D,YES,GROUP_RELEASES_RESOURCE,C_COL
HIGH,24,moderate,5323,A,CFG0,CFG4,1,1,0,1,NONE,NONE,0,1,D,YES,GROUP_RELEASES_RESOURCE,C_COL
HIGH,24,moderate,5327,A,CFG0,CFG4,1,1,0,1,NONE,NONE,0,1,D,YES,GROUP_RELEASES_RESOURCE,C_COL
HIGH,24,moderate,5329,A,CFG0,CFG4,1,1,0,1,NONE,NONE,0,1,C,YES,GROUP_RELEASES_RESOURCE,D_ROW
HIGH,24,moderate,5331,A,CFG0,CFG4,1,1,0,1,NONE,NONE,0,1,D,YES,GROUP_RELEASES_RESOURCE,C_COL
HIGH,24,moderate,5337,A,CFG0,CFG4,1,1,0,1,NONE,NONE,0,1,D,YES,GROUP_RELEASES_RESOURCE,C_COL
HIGH,24,moderate,5383,A,CFG0,CFG4,1,2,0,1,NONE,NONE,0,1,D,YES,GROUP_RELEASES_RESOURCE,C_COL
HIGH,24,moderate,5408,A,CFG0,CFG4,1,2,0,1,NONE,NONE,0,1,D,YES,GROUP_RELEASES_RESOURCE,C_COL
HIGH,24,moderate,5409,A,CFG0,CFG4,1,1,0,1,NONE,NONE,0,1,D,YES,GROUP_RELEASES_RESOURCE,C_COL
HIGH,24,moderate,5429,A,CFG0,CFG4,1,2,0,1,NONE,NONE,0,1,C,YES,GROUP_RELEASES_RESOURCE,D_ROW
HIGH,24,moderate,5456,A,CFG0,CFG4,1,1,0,1,NONE,NONE,0,1,C,YES,GROUP_RELEASES_RESOURCE,D_ROW
HIGH,24,moderate,5549,A,CFG0,CFG4,1,2,0,1,NONE,NONE,0,1,C,YES,GROUP_RELEASES_RESOURCE,D_ROW
HIGH,24,moderate,5551,A,CFG0,CFG4,1,1,0,1,NONE,NONE,0,1,C,YES,GROUP_RELEASES_RESOURCE,D_ROW
HIGH,24,moderate,5554,A,CFG0,CFG4,1,1,0,1,NONE,NONE,0,1,C,YES,GROUP_RELEASES_RESOURCE,D_ROW
HIGH,24,moderate,5564,A,CFG0,CFG4,1,1,0,1,NONE,NONE,0,1,C,YES,GROUP_RELEASES_RESOURCE,D_ROW
HIGH,24,moderate,5566,A,CFG0,CFG4,1,1,0,1,NONE,NONE,0,1,D,YES,GROUP_RELEASES_RESOURCE,C_COL
HIGH,24,moderate,5590,A,CFG0,CFG4,1,1,0,1,NONE,NONE,0,1,D,YES,GROUP_RELEASES_RESOURCE,C_COL
HIGH,24,moderate,5599,A,CFG0,CFG4,1,1,0,1,NONE,NONE,0,1,D,YES,GROUP_RELEASES_RESOURCE,C_COL
HIGH,24,moderate,5616,A,CFG0,CFG4,1,2,0,1,NONE,NONE,0,1,D,YES,GROUP_RELEASES_RESOURCE,C_COL
HIGH,24,moderate,5625,A,CFG0,CFG4,1,1,0,1,NONE,NONE,0,1,D,YES,GROUP_RELEASES_RESOURCE,C_COL
HIGH,24,moderate,5626,A,CFG0,CFG4,1,2,0,1,NONE,NONE,0,1,D,YES,GROUP_RELEASES_RESOURCE,C_COL
HIGH,24,moderate,5628,A,CFG0,CFG4,1,1,0,1,NONE,NONE,0,1,C,YES,GROUP_RELEASES_RESOURCE,D_ROW
HIGH,24,moderate,5646,A,CFG0,CFG4,1,1,0,1,NONE,NONE,0,1,C,YES,GROUP_RELEASES_RESOURCE,D_ROW
HIGH,24,moderate,5650,A,CFG0,CFG4,1,1,0,1,NONE,NONE,0,1,C,YES,GROUP_RELEASES_RESOURCE,D_ROW
HIGH,24,moderate,5659,A,CFG0,CFG4,1,1,0,1,NONE,NONE,0,1,C,YES,GROUP_RELEASES_RESOURCE,D_ROW
HIGH,24,moderate,5662,A,CFG0,CFG4,1,1,0,1,NONE,NONE,0,1,D,YES,GROUP_RELEASES_RESOURCE,C_COL
HIGH,24,moderate,5687,A,CFG0,CFG4,1,1,0,1,NONE,NONE,0,1,D,YES,GROUP_RELEASES_RESOURCE,C_COL
HIGH,24,moderate,5698,A,CFG0,CFG4,1,1,0,1,NONE,NONE,0,1,C,YES,GROUP_RELEASES_RESOURCE,D_ROW
HIGH,24,moderate,5706,A,CFG0,CFG4,1,1,0,1,NONE,NONE,0,1,C,YES,GROUP_RELEASES_RESOURCE,D_ROW
HIGH,24,moderate,5708,A,CFG0,CFG4,1,1,0,1,NONE,NONE,0,1,D,YES,GROUP_RELEASES_RESOURCE,C_COL
HIGH,24,moderate,5710,A,CFG0,CFG4,1,1,0,1,NONE,NONE,0,1,D,YES,GROUP_RELEASES_RESOURCE,C_COL
HIGH,24,moderate,5717,A,CFG0,CFG4,1,1,0,1,NONE,NONE,0,1,D,YES,GROUP_RELEASES_RESOURCE,C_COL
HIGH,24,moderate,5729,A,CFG0,CFG4,1,1,0,1,NONE,NONE,0,1,C,YES,GROUP_RELEASES_RESOURCE,D_ROW
HIGH,24,moderate,5761,A,CFG0,CFG4,1,1,0,1,NONE,NONE,0,1,C,YES,GROUP_RELEASES_RESOURCE,D_ROW
HIGH,24,moderate,5766,A,CFG0,CFG4,1,1,0,1,NONE,NONE,0,1,D,YES,GROUP_RELEASES_RESOURCE,C_COL
HIGH,24,moderate,5774,A,CFG0,CFG4,1,1,0,1,NONE,NONE,0,1,D,YES,GROUP_RELEASES_RESOURCE,C_COL
HIGH,24,moderate,5785,A,CFG0,CFG4,1,1,0,1,NONE,NONE,0,1,C,YES,GROUP_RELEASES_RESOURCE,D_ROW
HIGH,24,moderate,5792,A,CFG0,CFG4,1,1,0,1,NONE,NONE,0,1,C,YES,GROUP_RELEASES_RESOURCE,D_ROW
HIGH,24,moderate,5796,A,CFG0,CFG4,1,1,0,1,NONE,NONE,0,1,D,YES,GROUP_RELEASES_RESOURCE,C_COL
HIGH,24,moderate,5798,A,CFG0,CFG4,1,1,0,1,NONE,NONE,0,1,C,YES,GROUP_RELEASES_RESOURCE,D_ROW
HIGH,24,moderate,5811,A,CFG0,CFG4,1,1,0,1,NONE,NONE,0,1,D,YES,GROUP_RELEASES_RESOURCE,C_COL
HIGH,24,moderate,5835,A,CFG0,CFG4,1,1,0,1,NONE,NONE,0,1,C,YES,GROUP_RELEASES_RESOURCE,D_ROW
HIGH,24,moderate,5842,A,CFG0,CFG4,1,1,0,1,NONE,NONE,0,1,C,YES,GROUP_RELEASES_RESOURCE,D_ROW
HIGH,24,moderate,5862,A,CFG0,CFG4,1,2,0,1,NONE,NONE,0,1,C,YES,GROUP_RELEASES_RESOURCE,D_ROW
HIGH,24,moderate,5880,A,CFG0,CFG4,1,1,0,1,NONE,NONE,0,1,C,YES,GROUP_RELEASES_RESOURCE,D_ROW
HIGH,24,moderate,5885,A,CFG0,CFG4,1,1,0,1,NONE,NONE,0,1,D,YES,GROUP_RELEASES_RESOURCE,C_COL
HIGH,24,moderate,5892,A,CFG0,CFG4,1,1,0,1,NONE,NONE,0,1,D,YES,GROUP_RELEASES_RESOURCE,C_COL
HIGH,24,moderate,5893,A,CFG0,CFG4,1,1,0,1,NONE,NONE,0,1,C,YES,GROUP_RELEASES_RESOURCE,D_ROW
HIGH,24,moderate,5913,A,CFG0,CFG4,1,1,0,1,NONE,NONE,0,1,C,YES,GROUP_RELEASES_RESOURCE,D_ROW
HIGH,24,moderate,5917,A,CFG0,CFG4,1,1,0,1,NONE,NONE,0,1,C,YES,GROUP_RELEASES_RESOURCE,D_ROW
HIGH,24,moderate,5926,A,CFG0,CFG4,1,1,0,1,NONE,NONE,0,1,C,YES,GROUP_RELEASES_RESOURCE,D_ROW
HIGH,24,moderate,5927,A,CFG0,CFG4,1,1,0,1,NONE,NONE,0,1,D,YES,GROUP_RELEASES_RESOURCE,C_COL
HIGH,24,moderate,5939,A,CFG0,CFG4,1,1,0,1,NONE,NONE,0,1,C,YES,GROUP_RELEASES_RESOURCE,D_ROW
HIGH,24,moderate,5941,A,CFG0,CFG4,1,1,0,1,NONE,NONE,0,1,C,YES,GROUP_RELEASES_RESOURCE,D_ROW
HIGH,24,moderate,5959,A,CFG0,CFG4,1,1,0,1,NONE,NONE,0,1,C,YES,GROUP_RELEASES_RESOURCE,D_ROW
HIGH,24,moderate,5969,A,CFG0,CFG4,1,2,0,1,NONE,NONE,0,1,C,YES,GROUP_RELEASES_RESOURCE,D_ROW
HIGH,24,moderate,5986,A,CFG0,CFG4,1,1,0,1,NONE,NONE,0,1,D,YES,GROUP_RELEASES_RESOURCE,C_COL
HIGH,24,moderate,5994,A,CFG0,CFG4,1,1,0,1,NONE,NONE,0,1,C,YES,GROUP_RELEASES_RESOURCE,D_ROW
HIGH,24,moderate,6023,A,CFG0,CFG4,1,2,0,1,NONE,NONE,0,1,D,YES,GROUP_RELEASES_RESOURCE,C_COL
HIGH,24,moderate,6026,A,CFG0,CFG4,1,1,0,1,NONE,NONE,0,1,C,YES,GROUP_RELEASES_RESOURCE,D_ROW
HIGH,24,moderate,6030,A,CFG0,CFG4,1,1,0,1,NONE,NONE,0,1,C,YES,GROUP_RELEASES_RESOURCE,D_ROW
HIGH,24,moderate,6031,A,CFG0,CFG4,1,1,0,1,NONE,NONE,0,1,D,YES,GROUP_RELEASES_RESOURCE,C_COL
HIGH,24,moderate,6047,A,CFG0,CFG4,1,1,0,1,NONE,NONE,0,1,C,YES,GROUP_RELEASES_RESOURCE,D_ROW
HIGH,24,moderate,6058,A,CFG0,CFG4,1,1,0,1,NONE,NONE,0,1,D,YES,GROUP_RELEASES_RESOURCE,C_COL
HIGH,24,moderate,6094,A,CFG0,CFG4,1,1,0,1,NONE,NONE,0,1,C,YES,GROUP_RELEASES_RESOURCE,D_ROW
HIGH,24,moderate,6097,A,CFG0,CFG4,1,1,0,1,NONE,NONE,0,1,D,YES,GROUP_RELEASES_RESOURCE,C_COL
HIGH,24,moderate,6105,A,CFG0,CFG4,1,1,0,1,NONE,NONE,0,1,D,YES,GROUP_RELEASES_RESOURCE,C_COL
HIGH,24,moderate,6111,A,CFG0,CFG4,1,2,0,1,NONE,NONE,0,1,D,YES,GROUP_RELEASES_RESOURCE,C_COL
HIGH,24,moderate,6117,A,CFG0,CFG4,1,1,0,1,NONE,NONE,0,1,C,YES,GROUP_RELEASES_RESOURCE,D_ROW
HIGH,24,moderate,6126,A,CFG0,CFG4,1,1,0,1,NONE,NONE,0,1,D,YES,GROUP_RELEASES_RESOURCE,C_COL
HIGH,24,moderate,6151,A,CFG0,CFG4,1,1,0,1,NONE,NONE,0,1,C,YES,GROUP_RELEASES_RESOURCE,D_ROW
HIGH,24,moderate,6178,A,CFG0,CFG4,1,1,0,1,NONE,NONE,0,1,D,YES,GROUP_RELEASES_RESOURCE,C_COL
HIGH,24,moderate,6203,A,CFG0,CFG4,1,1,0,1,NONE,NONE,0,1,C,YES,GROUP_RELEASES_RESOURCE,D_ROW
HIGH,24,moderate,6209,A,CFG0,CFG4,1,1,0,1,NONE,NONE,0,1,C,YES,GROUP_RELEASES_RESOURCE,D_ROW
HIGH,24,moderate,6211,A,CFG0,CFG4,1,1,0,1,NONE,NONE,0,1,C,YES,GROUP_RELEASES_RESOURCE,D_ROW
HIGH,24,moderate,6225,A,CFG0,CFG4,1,2,0,1,NONE,NONE,0,1,C,YES,GROUP_RELEASES_RESOURCE,D_ROW
HIGH,24,moderate,6258,A,CFG0,CFG4,1,1,0,1,NONE,NONE,0,1,C,YES,GROUP_RELEASES_RESOURCE,D_ROW
HIGH,24,moderate,6266,A,CFG0,CFG4,1,1,0,1,NONE,NONE,0,1,C,YES,GROUP_RELEASES_RESOURCE,D_ROW
HIGH,24,moderate,6267,A,CFG0,CFG4,1,1,0,1,NONE,NONE,0,1,C,YES,GROUP_RELEASES_RESOURCE,D_ROW
HIGH,24,moderate,6279,A,CFG0,CFG4,1,1,0,1,NONE,NONE,0,1,C,YES,GROUP_RELEASES_RESOURCE,D_ROW
HIGH,24,moderate,6315,A,CFG0,CFG4,1,1,0,1,NONE,NONE,0,1,C,YES,GROUP_RELEASES_RESOURCE,D_ROW
HIGH,24,moderate,6330,A,CFG0,CFG4,1,1,0,1,NONE,NONE,0,1,D,YES,GROUP_RELEASES_RESOURCE,C_COL
HIGH,24,moderate,6338,A,CFG0,CFG4,1,1,0,1,NONE,NONE,0,1,C,YES,GROUP_RELEASES_RESOURCE,D_ROW
HIGH,24,moderate,6340,A,CFG0,CFG4,1,1,0,1,NONE,NONE,0,1,C,YES,GROUP_RELEASES_RESOURCE,D_ROW
HIGH,24,moderate,6348,A,CFG0,CFG4,1,1,0,1,NONE,NONE,0,1,D,YES,GROUP_RELEASES_RESOURCE,C_COL
HIGH,24,moderate,6377,A,CFG0,CFG4,1,1,0,1,NONE,NONE,0,1,D,YES,GROUP_RELEASES_RESOURCE,C_COL
HIGH,24,moderate,6397,A,CFG0,CFG4,1,1,0,1,NONE,NONE,0,1,D,YES,GROUP_RELEASES_RESOURCE,C_COL
HIGH,24,moderate,6404,A,CFG0,CFG4,1,1,0,1,NONE,NONE,0,1,C,YES,GROUP_RELEASES_RESOURCE,D_ROW
HIGH,24,moderate,6441,A,CFG0,CFG4,1,1,0,1,NONE,NONE,0,1,C,YES,GROUP_RELEASES_RESOURCE,D_ROW
HIGH,24,moderate,6443,A,CFG0,CFG4,1,1,0,1,NONE,NONE,0,1,D,YES,GROUP_RELEASES_RESOURCE,C_COL
HIGH,24,moderate,6446,A,CFG0,CFG4,1,1,0,1,NONE,NONE,0,1,D,YES,GROUP_RELEASES_RESOURCE,C_COL
HIGH,24,moderate,6452,A,CFG0,CFG4,1,1,0,1,NONE,NONE,0,1,C,YES,GROUP_RELEASES_RESOURCE,D_ROW
HIGH,24,moderate,6454,A,CFG0,CFG4,1,1,0,1,NONE,NONE,0,1,C,YES,GROUP_RELEASES_RESOURCE,D_ROW
HIGH,24,moderate,6460,A,CFG0,CFG4,1,1,0,1,NONE,NONE,0,1,C,YES,GROUP_RELEASES_RESOURCE,D_ROW
HIGH,24,moderate,6461,A,CFG0,CFG4,1,1,0,1,NONE,NONE,0,1,C,YES,GROUP_RELEASES_RESOURCE,D_ROW
HIGH,24,moderate,6471,A,CFG0,CFG4,1,1,0,1,NONE,NONE,0,1,D,YES,GROUP_RELEASES_RESOURCE,C_COL
HIGH,24,moderate,6485,A,CFG0,CFG4,1,2,0,1,NONE,NONE,0,1,C,YES,GROUP_RELEASES_RESOURCE,D_ROW
HIGH,24,moderate,6527,A,CFG0,CFG4,1,1,0,1,NONE,NONE,0,1,C,YES,GROUP_RELEASES_RESOURCE,D_ROW
HIGH,24,moderate,6533,A,CFG0,CFG4,1,1,0,1,NONE,NONE,0,1,D,YES,GROUP_RELEASES_RESOURCE,C_COL
HIGH,24,moderate,6540,A,CFG0,CFG4,1,1,0,1,NONE,NONE,0,1,D,YES,GROUP_RELEASES_RESOURCE,C_COL
HIGH,24,moderate,6545,A,CFG0,CFG4,1,1,0,1,NONE,NONE,0,1,D,YES,GROUP_RELEASES_RESOURCE,C_COL
HIGH,24,moderate,6548,A,CFG0,CFG4,1,1,0,1,NONE,NONE,0,1,C,YES,GROUP_RELEASES_RESOURCE,D_ROW
HIGH,24,moderate,6553,A,CFG0,CFG4,1,1,0,1,NONE,NONE,0,1,C,YES,GROUP_RELEASES_RESOURCE,D_ROW
HIGH,24,moderate,6562,A,CFG0,CFG4,1,2,0,1,NONE,NONE,0,1,C,YES,GROUP_RELEASES_RESOURCE,D_ROW
HIGH,24,moderate,6564,A,CFG0,CFG4,1,1,0,1,NONE,NONE,0,1,D,YES,GROUP_RELEASES_RESOURCE,C_COL
HIGH,24,moderate,6565,A,CFG0,CFG4,1,1,0,1,NONE,NONE,0,1,C,YES,GROUP_RELEASES_RESOURCE,D_ROW
HIGH,24,moderate,6567,A,CFG0,CFG4,1,1,0,1,NONE,NONE,0,1,C,YES,GROUP_RELEASES_RESOURCE,D_ROW
HIGH,24,moderate,6578,A,CFG0,CFG4,1,2,0,1,NONE,NONE,0,1,D,YES,GROUP_RELEASES_RESOURCE,C_COL
HIGH,24,moderate,6583,A,CFG0,CFG4,1,1,0,1,NONE,NONE,0,1,D,YES,GROUP_RELEASES_RESOURCE,C_COL
HIGH,24,moderate,6590,A,CFG0,CFG4,1,1,0,1,NONE,NONE,0,1,C,YES,GROUP_RELEASES_RESOURCE,D_ROW
HIGH,24,moderate,6592,A,CFG0,CFG4,1,1,0,1,NONE,NONE,0,1,C,YES,GROUP_RELEASES_RESOURCE,D_ROW
HIGH,24,moderate,6619,A,CFG0,CFG4,1,1,0,1,NONE,NONE,0,1,C,YES,GROUP_RELEASES_RESOURCE,D_ROW
HIGH,24,moderate,6654,A,CFG0,CFG4,1,1,0,1,NONE,NONE,0,1,C,YES,GROUP_RELEASES_RESOURCE,D_ROW
HIGH,24,moderate,6659,A,CFG0,CFG4,1,2,0,1,NONE,NONE,0,1,D,YES,GROUP_RELEASES_RESOURCE,C_COL
HIGH,24,moderate,6715,A,CFG0,CFG4,1,1,0,1,NONE,NONE,0,1,D,YES,GROUP_RELEASES_RESOURCE,C_COL
HIGH,24,moderate,6718,A,CFG0,CFG4,1,1,0,1,NONE,NONE,0,1,D,YES,GROUP_RELEASES_RESOURCE,C_COL
HIGH,24,moderate,6741,A,CFG0,CFG4,1,1,0,1,NONE,NONE,0,1,C,YES,GROUP_RELEASES_RESOURCE,D_ROW
HIGH,24,moderate,6744,A,CFG0,CFG4,1,1,0,1,NONE,NONE,0,1,D,YES,GROUP_RELEASES_RESOURCE,C_COL
HIGH,24,moderate,6745,A,CFG0,CFG4,1,1,0,1,NONE,NONE,0,1,C,YES,GROUP_RELEASES_RESOURCE,D_ROW
HIGH,24,moderate,6765,A,CFG0,CFG4,1,1,0,1,NONE,NONE,0,1,C,YES,GROUP_RELEASES_RESOURCE,D_ROW
HIGH,24,moderate,6766,A,CFG0,CFG4,1,1,0,1,NONE,NONE,0,1,D,YES,GROUP_RELEASES_RESOURCE,C_COL
HIGH,24,moderate,6769,A,CFG0,CFG4,1,1,0,1,NONE,NONE,0,1,C,YES,GROUP_RELEASES_RESOURCE,D_ROW
HIGH,24,moderate,6795,A,CFG0,CFG4,1,1,0,1,NONE,NONE,0,1,C,YES,GROUP_RELEASES_RESOURCE,D_ROW
HIGH,24,moderate,6828,A,CFG0,CFG4,1,1,0,1,NONE,NONE,0,1,D,YES,GROUP_RELEASES_RESOURCE,C_COL
HIGH,24,moderate,6834,A,CFG0,CFG4,1,2,0,1,NONE,NONE,0,1,C,YES,GROUP_RELEASES_RESOURCE,D_ROW
HIGH,24,moderate,6835,A,CFG0,CFG4,1,1,0,1,NONE,NONE,0,1,D,YES,GROUP_RELEASES_RESOURCE,C_COL
HIGH,24,moderate,6840,A,CFG0,CFG4,1,1,0,1,NONE,NONE,0,1,D,YES,GROUP_RELEASES_RESOURCE,C_COL
HIGH,24,moderate,6847,A,CFG0,CFG4,1,1,0,1,NONE,NONE,0,1,C,YES,GROUP_RELEASES_RESOURCE,D_ROW
HIGH,24,moderate,6848,A,CFG0,CFG4,1,1,0,1,NONE,NONE,0,1,D,YES,GROUP_RELEASES_RESOURCE,C_COL
HIGH,24,moderate,6857,A,CFG0,CFG4,1,1,0,1,NONE,NONE,0,1,B,YES,GROUP_RELEASES_RESOURCE,A_ROW
HIGH,24,moderate,6875,A,CFG0,CFG4,1,1,0,1,NONE,NONE,0,1,D,YES,GROUP_RELEASES_RESOURCE,C_COL
HIGH,24,moderate,6884,A,CFG0,CFG4,1,1,0,1,NONE,NONE,0,1,D,YES,GROUP_RELEASES_RESOURCE,C_COL
HIGH,24,moderate,6905,A,CFG0,CFG4,1,1,0,1,NONE,NONE,0,1,D,YES,GROUP_RELEASES_RESOURCE,C_COL
HIGH,24,moderate,6907,A,CFG0,CFG4,1,1,0,1,NONE,NONE,0,1,C,YES,GROUP_RELEASES_RESOURCE,D_ROW
HIGH,24,moderate,6908,A,CFG0,CFG4,1,2,0,1,NONE,NONE,0,1,C,YES,GROUP_RELEASES_RESOURCE,D_ROW
HIGH,24,moderate,6921,A,CFG0,CFG4,1,1,0,1,NONE,NONE,0,1,C,YES,GROUP_RELEASES_RESOURCE,D_ROW
HIGH,24,moderate,6934,A,CFG0,CFG4,1,1,0,1,NONE,NONE,0,1,C,YES,GROUP_RELEASES_RESOURCE,D_ROW
HIGH,24,moderate,6936,A,CFG0,CFG4,1,1,0,1,NONE,NONE,0,1,C,YES,GROUP_RELEASES_RESOURCE,D_ROW
HIGH,24,moderate,6949,A,CFG0,CFG4,1,2,0,1,NONE,NONE,0,1,B,YES,GROUP_RELEASES_RESOURCE,A_ROW
HIGH,24,moderate,6950,A,CFG0,CFG4,1,1,0,1,NONE,NONE,0,1,D,YES,GROUP_RELEASES_RESOURCE,C_COL
HIGH,24,moderate,6984,A,CFG0,CFG4,1,2,0,1,NONE,NONE,0,1,C,YES,GROUP_RELEASES_RESOURCE,D_ROW
HIGH,24,moderate,7001,A,CFG0,CFG4,1,1,0,1,NONE,NONE,0,1,C,YES,GROUP_RELEASES_RESOURCE,D_ROW
HIGH,24,moderate,7033,A,CFG0,CFG4,1,1,0,1,NONE,NONE,0,1,D,YES,GROUP_RELEASES_RESOURCE,C_COL
HIGH,24,moderate,7043,A,CFG0,CFG4,1,1,0,1,NONE,NONE,0,1,C,YES,GROUP_RELEASES_RESOURCE,D_ROW
HIGH,24,moderate,7045,A,CFG0,CFG4,1,2,0,1,NONE,NONE,0,1,C,YES,GROUP_RELEASES_RESOURCE,D_ROW
HIGH,24,moderate,7049,A,CFG0,CFG4,1,1,0,1,NONE,NONE,0,1,C,YES,GROUP_RELEASES_RESOURCE,D_ROW
HIGH,24,moderate,7058,A,CFG0,CFG4,1,1,0,1,NONE,NONE,0,1,C,YES,GROUP_RELEASES_RESOURCE,D_ROW
HIGH,24,moderate,7092,A,CFG0,CFG4,1,1,0,1,NONE,NONE,0,1,D,YES,GROUP_RELEASES_RESOURCE,C_COL
HIGH,24,moderate,7098,A,CFG0,CFG4,1,1,0,1,NONE,NONE,0,1,C,YES,GROUP_RELEASES_RESOURCE,D_ROW
HIGH,24,moderate,7144,A,CFG0,CFG4,1,1,0,1,NONE,NONE,0,1,C,YES,GROUP_RELEASES_RESOURCE,D_ROW
HIGH,24,moderate,7162,A,CFG0,CFG4,1,1,0,1,NONE,NONE,0,1,C,YES,GROUP_RELEASES_RESOURCE,D_ROW
HIGH,24,moderate,7167,A,CFG0,CFG4,1,1,0,1,NONE,NONE,0,1,C,YES,GROUP_RELEASES_RESOURCE,D_ROW
HIGH,24,moderate,7173,A,CFG0,CFG4,1,1,0,1,NONE,NONE,0,1,C,YES,GROUP_RELEASES_RESOURCE,D_ROW
HIGH,24,moderate,7181,A,CFG0,CFG4,1,2,0,1,NONE,NONE,0,1,C,YES,GROUP_RELEASES_RESOURCE,D_ROW
HIGH,24,moderate,7210,A,CFG0,CFG4,1,1,0,1,NONE,NONE,0,1,D,YES,GROUP_RELEASES_RESOURCE,C_COL
HIGH,24,moderate,7212,A,CFG0,CFG4,1,1,0,1,NONE,NONE,0,1,C,YES,GROUP_RELEASES_RESOURCE,D_ROW
HIGH,24,moderate,7250,A,CFG0,CFG4,1,1,0,1,NONE,NONE,0,1,C,YES,GROUP_RELEASES_RESOURCE,D_ROW
HIGH,24,moderate,7260,A,CFG0,CFG4,1,1,0,1,NONE,NONE,0,1,D,YES,GROUP_RELEASES_RESOURCE,C_COL
HIGH,24,moderate,7274,A,CFG0,CFG4,1,1,0,1,NONE,NONE,0,1,C,YES,GROUP_RELEASES_RESOURCE,D_ROW
HIGH,24,moderate,7327,A,CFG0,CFG4,1,1,0,1,NONE,NONE,0,1,D,YES,GROUP_RELEASES_RESOURCE,C_COL
HIGH,24,moderate,7363,A,CFG0,CFG4,1,1,0,1,NONE,NONE,0,1,C,YES,GROUP_RELEASES_RESOURCE,D_ROW
HIGH,24,moderate,7375,A,CFG0,CFG4,1,1,0,1,NONE,NONE,0,1,D,YES,GROUP_RELEASES_RESOURCE,C_COL
HIGH,24,moderate,7449,A,CFG0,CFG4,1,1,0,1,NONE,NONE,0,1,C,YES,GROUP_RELEASES_RESOURCE,D_ROW
HIGH,24,moderate,7465,A,CFG0,CFG4,1,2,0,1,NONE,NONE,0,1,D,YES,GROUP_RELEASES_RESOURCE,C_COL
HIGH,24,moderate,7478,A,CFG0,CFG4,1,1,0,1,NONE,NONE,0,1,C,YES,GROUP_RELEASES_RESOURCE,D_ROW
HIGH,24,moderate,7540,A,CFG0,CFG4,1,1,0,1,NONE,NONE,0,1,D,YES,GROUP_RELEASES_RESOURCE,C_COL
HIGH,24,moderate,7566,A,CFG0,CFG4,1,1,0,1,NONE,NONE,0,1,D,YES,GROUP_RELEASES_RESOURCE,C_COL
HIGH,24,moderate,7590,A,CFG0,CFG4,1,1,0,1,NONE,NONE,0,1,C,YES,GROUP_RELEASES_RESOURCE,D_ROW
HIGH,24,moderate,7593,A,CFG0,CFG4,1,2,0,1,NONE,NONE,0,1,C,YES,GROUP_RELEASES_RESOURCE,D_ROW
HIGH,24,moderate,7601,A,CFG0,CFG4,1,1,0,1,NONE,NONE,0,1,D,YES,GROUP_RELEASES_RESOURCE,C_COL
HIGH,24,moderate,7614,A,CFG0,CFG4,1,2,0,1,NONE,NONE,0,1,C,YES,GROUP_RELEASES_RESOURCE,D_ROW
HIGH,24,moderate,7640,A,CFG0,CFG4,1,1,0,1,NONE,NONE,0,1,D,YES,GROUP_RELEASES_RESOURCE,C_COL
HIGH,24,moderate,7659,A,CFG0,CFG4,1,1,0,1,NONE,NONE,0,1,D,YES,GROUP_RELEASES_RESOURCE,C_COL
HIGH,24,moderate,7663,A,CFG0,CFG4,1,1,0,1,NONE,NONE,0,1,D,YES,GROUP_RELEASES_RESOURCE,C_COL
HIGH,24,moderate,7664,A,CFG0,CFG4,1,1,0,1,NONE,NONE,0,1,C,YES,GROUP_RELEASES_RESOURCE,D_ROW
HIGH,24,moderate,7667,A,CFG0,CFG4,1,1,0,1,NONE,NONE,0,1,D,YES,GROUP_RELEASES_RESOURCE,C_COL
HIGH,24,moderate,7671,A,CFG0,CFG4,1,1,0,1,NONE,NONE,0,1,D,YES,GROUP_RELEASES_RESOURCE,C_COL
HIGH,24,moderate,7686,A,CFG0,CFG4,1,1,0,1,NONE,NONE,0,1,C,YES,GROUP_RELEASES_RESOURCE,D_ROW
HIGH,24,moderate,7689,A,CFG0,CFG4,1,1,0,1,NONE,NONE,0,1,C,YES,GROUP_RELEASES_RESOURCE,D_ROW
HIGH,24,moderate,7690,A,CFG0,CFG4,1,2,0,1,NONE,NONE,0,1,C,YES,GROUP_RELEASES_RESOURCE,D_ROW
HIGH,24,moderate,7699,A,CFG0,CFG4,1,1,0,1,NONE,NONE,0,1,C,YES,GROUP_RELEASES_RESOURCE,D_ROW
HIGH,24,moderate,7710,A,CFG0,CFG4,1,1,0,1,NONE,NONE,0,1,C,YES,GROUP_RELEASES_RESOURCE,D_ROW
HIGH,24,moderate,7738,A,CFG0,CFG4,1,1,0,1,NONE,NONE,0,1,D,YES,GROUP_RELEASES_RESOURCE,C_COL
HIGH,24,moderate,7739,A,CFG0,CFG4,1,1,0,1,NONE,NONE,0,1,C,YES,GROUP_RELEASES_RESOURCE,D_ROW
HIGH,24,moderate,7741,A,CFG0,CFG4,1,1,0,1,NONE,NONE,0,1,D,YES,GROUP_RELEASES_RESOURCE,C_COL
HIGH,24,moderate,7782,A,CFG0,CFG4,1,1,0,1,NONE,NONE,0,1,C,YES,GROUP_RELEASES_RESOURCE,D_ROW
HIGH,24,moderate,7788,A,CFG0,CFG4,1,1,0,1,NONE,NONE,0,1,D,YES,GROUP_RELEASES_RESOURCE,C_COL
HIGH,24,moderate,7793,A,CFG0,CFG4,1,2,0,1,NONE,NONE,0,1,C,YES,GROUP_RELEASES_RESOURCE,D_ROW
HIGH,24,moderate,7812,A,CFG0,CFG4,1,1,0,1,NONE,NONE,0,1,C,YES,GROUP_RELEASES_RESOURCE,D_ROW
HIGH,24,moderate,7823,A,CFG0,CFG4,1,1,0,1,NONE,NONE,0,1,D,YES,GROUP_RELEASES_RESOURCE,C_COL
HIGH,24,moderate,7829,A,CFG0,CFG4,1,1,0,1,NONE,NONE,0,1,C,YES,GROUP_RELEASES_RESOURCE,D_ROW
HIGH,24,moderate,7881,A,CFG0,CFG4,1,1,0,1,NONE,NONE,0,1,C,YES,GROUP_RELEASES_RESOURCE,D_ROW
HIGH,24,moderate,7882,A,CFG0,CFG4,1,1,0,1,NONE,NONE,0,1,C,YES,GROUP_RELEASES_RESOURCE,D_ROW
HIGH,24,moderate,7885,A,CFG0,CFG4,1,2,0,1,NONE,NONE,0,1,D,YES,GROUP_RELEASES_RESOURCE,C_COL
HIGH,24,moderate,7957,A,CFG0,CFG4,1,1,0,1,NONE,NONE,0,1,D,YES,GROUP_RELEASES_RESOURCE,C_COL
HIGH,24,moderate,7976,A,CFG0,CFG4,1,1,0,1,NONE,NONE,0,1,B,YES,GROUP_RELEASES_RESOURCE,A_ROW
HIGH,24,moderate,7977,A,CFG0,CFG4,1,1,0,1,NONE,NONE,0,1,C,YES,GROUP_RELEASES_RESOURCE,D_ROW
HIGH,24,moderate,7983,A,CFG0,CFG4,1,2,0,1,NONE,NONE,0,1,B,YES,GROUP_RELEASES_RESOURCE,A_ROW
HIGH,24,moderate,8010,A,CFG0,CFG4,1,1,0,1,NONE,NONE,0,1,C,YES,GROUP_RELEASES_RESOURCE,D_ROW
HIGH,24,moderate,8016,A,CFG0,CFG4,1,1,0,1,NONE,NONE,0,1,C,YES,GROUP_RELEASES_RESOURCE,D_ROW
HIGH,24,moderate,8020,A,CFG0,CFG4,1,1,0,1,NONE,NONE,0,1,C,YES,GROUP_RELEASES_RESOURCE,D_ROW
HIGH,24,moderate,8021,A,CFG0,CFG4,1,1,0,1,NONE,NONE,0,1,C,YES,GROUP_RELEASES_RESOURCE,D_ROW
HIGH,24,moderate,8036,A,CFG0,CFG4,1,1,0,1,NONE,NONE,0,1,D,YES,GROUP_RELEASES_RESOURCE,C_COL
HIGH,24,moderate,8055,A,CFG0,CFG4,1,2,0,1,NONE,NONE,0,1,C,YES,GROUP_RELEASES_RESOURCE,D_ROW
HIGH,24,moderate,8065,A,CFG0,CFG4,1,1,0,1,NONE,NONE,0,1,C,YES,GROUP_RELEASES_RESOURCE,D_ROW
HIGH,24,moderate,8093,A,CFG0,CFG4,1,2,0,1,NONE,NONE,0,1,C,YES,GROUP_RELEASES_RESOURCE,D_ROW
HIGH,24,moderate,8097,A,CFG0,CFG4,1,1,0,1,NONE,NONE,0,1,D,YES,GROUP_RELEASES_RESOURCE,C_COL
HIGH,24,moderate,8109,A,CFG0,CFG4,1,1,0,1,NONE,NONE,0,1,D,YES,GROUP_RELEASES_RESOURCE,C_COL
HIGH,24,moderate,8118,A,CFG0,CFG4,1,1,0,1,NONE,NONE,0,1,C,YES,GROUP_RELEASES_RESOURCE,D_ROW
HIGH,24,moderate,8121,A,CFG0,CFG4,1,1,0,1,NONE,NONE,0,1,C,YES,GROUP_RELEASES_RESOURCE,D_ROW
HIGH,24,moderate,8130,A,CFG0,CFG4,1,1,0,1,NONE,NONE,0,1,D,YES,GROUP_RELEASES_RESOURCE,C_COL
HIGH,24,moderate,8136,A,CFG0,CFG4,1,2,0,1,NONE,NONE,0,1,C,YES,GROUP_RELEASES_RESOURCE,D_ROW
HIGH,24,moderate,8176,A,CFG0,CFG4,1,1,0,1,NONE,NONE,0,1,D,YES,GROUP_RELEASES_RESOURCE,C_COL
HIGH,24,moderate,8195,A,CFG0,CFG4,1,2,0,1,NONE,NONE,0,1,C,YES,GROUP_RELEASES_RESOURCE,D_ROW
HIGH,24,moderate,8209,A,CFG0,CFG4,1,1,0,1,NONE,NONE,0,1,B,YES,GROUP_RELEASES_RESOURCE,A_ROW
HIGH,24,moderate,8258,A,CFG0,CFG4,1,2,0,1,NONE,NONE,0,1,D,YES,GROUP_RELEASES_RESOURCE,C_COL
HIGH,24,moderate,8263,A,CFG0,CFG4,1,1,0,1,NONE,NONE,0,1,C,YES,GROUP_RELEASES_RESOURCE,D_ROW
HIGH,24,moderate,8275,A,CFG0,CFG4,1,1,0,1,NONE,NONE,0,1,D,YES,GROUP_RELEASES_RESOURCE,C_COL
HIGH,24,moderate,8292,A,CFG0,CFG4,1,1,0,1,NONE,NONE,0,1,C,YES,GROUP_RELEASES_RESOURCE,D_ROW
HIGH,24,moderate,8295,A,CFG0,CFG4,1,1,0,1,NONE,NONE,0,1,C,YES,GROUP_RELEASES_RESOURCE,D_ROW
HIGH,24,moderate,8306,A,CFG0,CFG4,1,1,0,1,NONE,NONE,0,1,D,YES,GROUP_RELEASES_RESOURCE,C_COL
HIGH,24,moderate,8315,A,CFG0,CFG4,1,1,0,1,NONE,NONE,0,1,C,YES,GROUP_RELEASES_RESOURCE,D_ROW
HIGH,24,moderate,8322,A,CFG0,CFG4,1,2,0,1,NONE,NONE,0,1,D,YES,GROUP_RELEASES_RESOURCE,C_COL
HIGH,24,moderate,8331,A,CFG0,CFG4,1,2,0,1,NONE,NONE,0,1,C,YES,GROUP_RELEASES_RESOURCE,D_ROW
HIGH,24,moderate,8358,A,CFG0,CFG4,1,1,0,1,NONE,NONE,0,1,D,YES,GROUP_RELEASES_RESOURCE,C_COL
HIGH,24,moderate,8385,A,CFG0,CFG4,1,1,0,1,NONE,NONE,0,1,C,YES,GROUP_RELEASES_RESOURCE,D_ROW
HIGH,24,moderate,8389,A,CFG0,CFG4,1,1,0,1,NONE,NONE,0,1,D,YES,GROUP_RELEASES_RESOURCE,C_COL
HIGH,24,moderate,8393,A,CFG0,CFG4,1,1,0,1,NONE,NONE,0,1,C,YES,GROUP_RELEASES_RESOURCE,D_ROW
HIGH,24,moderate,8394,A,CFG0,CFG4,1,1,0,1,NONE,NONE,0,1,D,YES,GROUP_RELEASES_RESOURCE,C_COL
HIGH,24,moderate,8401,A,CFG0,CFG4,1,2,0,1,NONE,NONE,0,1,C,YES,GROUP_RELEASES_RESOURCE,D_ROW
HIGH,24,moderate,8432,A,CFG0,CFG4,1,1,0,1,NONE,NONE,0,1,C,YES,GROUP_RELEASES_RESOURCE,D_ROW
HIGH,24,moderate,8456,A,CFG0,CFG4,1,1,0,1,NONE,NONE,0,1,D,YES,GROUP_RELEASES_RESOURCE,C_COL
HIGH,24,moderate,8481,A,CFG0,CFG4,1,1,0,1,NONE,NONE,0,1,C,YES,GROUP_RELEASES_RESOURCE,D_ROW
HIGH,24,moderate,8521,A,CFG0,CFG4,1,1,0,1,NONE,NONE,0,1,C,YES,GROUP_RELEASES_RESOURCE,D_ROW
HIGH,24,moderate,8528,A,CFG0,CFG4,1,1,0,1,NONE,NONE,0,1,C,YES,GROUP_RELEASES_RESOURCE,D_ROW
HIGH,24,moderate,8538,A,CFG0,CFG4,1,1,0,1,NONE,NONE,0,1,C,YES,GROUP_RELEASES_RESOURCE,D_ROW
HIGH,24,moderate,8543,A,CFG0,CFG4,1,1,0,1,NONE,NONE,0,1,C,YES,GROUP_RELEASES_RESOURCE,D_ROW
HIGH,24,moderate,8605,A,CFG0,CFG4,1,1,0,1,NONE,NONE,0,1,D,YES,GROUP_RELEASES_RESOURCE,C_COL
HIGH,24,moderate,8620,A,CFG0,CFG4,1,1,0,1,NONE,NONE,0,1,C,YES,GROUP_RELEASES_RESOURCE,D_ROW
HIGH,24,moderate,8629,A,CFG0,CFG4,1,1,0,1,NONE,NONE,0,1,C,YES,GROUP_RELEASES_RESOURCE,D_ROW
HIGH,24,moderate,8634,A,CFG0,CFG4,1,1,0,1,NONE,NONE,0,1,D,YES,GROUP_RELEASES_RESOURCE,C_COL
HIGH,24,moderate,8655,A,CFG0,CFG4,1,1,0,1,NONE,NONE,0,1,C,YES,GROUP_RELEASES_RESOURCE,D_ROW
HIGH,24,moderate,8660,A,CFG0,CFG4,1,1,0,1,NONE,NONE,0,1,C,YES,GROUP_RELEASES_RESOURCE,D_ROW
HIGH,24,moderate,8662,A,CFG0,CFG4,1,1,0,1,NONE,NONE,0,1,C,YES,GROUP_RELEASES_RESOURCE,D_ROW
HIGH,24,moderate,8669,A,CFG0,CFG4,1,2,0,1,NONE,NONE,0,1,D,YES,GROUP_RELEASES_RESOURCE,C_COL
HIGH,24,moderate,8677,A,CFG0,CFG4,1,1,0,1,NONE,NONE,0,1,C,YES,GROUP_RELEASES_RESOURCE,D_ROW
HIGH,24,moderate,8687,A,CFG0,CFG4,1,1,0,1,NONE,NONE,0,1,C,YES,GROUP_RELEASES_RESOURCE,D_ROW
HIGH,24,moderate,8689,A,CFG0,CFG4,1,1,0,1,NONE,NONE,0,1,D,YES,GROUP_RELEASES_RESOURCE,C_COL
HIGH,24,moderate,8693,A,CFG0,CFG4,1,2,0,1,NONE,NONE,0,1,D,YES,GROUP_RELEASES_RESOURCE,C_COL
HIGH,24,moderate,8694,A,CFG0,CFG4,1,1,0,1,NONE,NONE,0,1,C,YES,GROUP_RELEASES_RESOURCE,D_ROW
HIGH,24,moderate,8696,A,CFG0,CFG4,1,2,0,1,NONE,NONE,0,1,C,YES,GROUP_RELEASES_RESOURCE,D_ROW
HIGH,24,moderate,8717,A,CFG0,CFG4,1,1,0,1,NONE,NONE,0,1,D,YES,GROUP_RELEASES_RESOURCE,C_COL
HIGH,24,moderate,8745,A,CFG0,CFG4,1,2,0,1,NONE,NONE,0,1,C,YES,GROUP_RELEASES_RESOURCE,D_ROW
HIGH,24,moderate,8753,A,CFG0,CFG4,1,1,0,1,NONE,NONE,0,1,C,YES,GROUP_RELEASES_RESOURCE,D_ROW
HIGH,24,moderate,8759,A,CFG0,CFG4,1,1,0,1,NONE,NONE,0,1,C,YES,GROUP_RELEASES_RESOURCE,D_ROW
HIGH,24,moderate,8781,A,CFG0,CFG4,1,1,0,1,NONE,NONE,0,1,C,YES,GROUP_RELEASES_RESOURCE,D_ROW
HIGH,24,moderate,8787,A,CFG0,CFG4,1,1,0,1,NONE,NONE,0,1,C,YES,GROUP_RELEASES_RESOURCE,D_ROW
HIGH,24,moderate,8792,A,CFG0,CFG4,1,1,0,1,NONE,NONE,0,1,C,YES,GROUP_RELEASES_RESOURCE,D_ROW
HIGH,24,moderate,8800,A,CFG0,CFG4,1,1,0,1,NONE,NONE,0,1,C,YES,GROUP_RELEASES_RESOURCE,D_ROW
HIGH,24,moderate,8815,A,CFG0,CFG4,1,1,0,1,NONE,NONE,0,1,D,YES,GROUP_RELEASES_RESOURCE,C_COL
HIGH,24,moderate,8822,A,CFG0,CFG4,1,1,0,1,NONE,NONE,0,1,D,YES,GROUP_RELEASES_RESOURCE,C_COL
HIGH,24,moderate,8830,A,CFG0,CFG4,1,1,0,1,NONE,NONE,0,1,D,YES,GROUP_RELEASES_RESOURCE,C_COL
HIGH,24,moderate,8848,A,CFG0,CFG4,1,1,0,1,NONE,NONE,0,1,C,YES,GROUP_RELEASES_RESOURCE,D_ROW
HIGH,24,moderate,8867,A,CFG0,CFG4,1,1,0,1,NONE,NONE,0,1,D,YES,GROUP_RELEASES_RESOURCE,C_COL
HIGH,24,moderate,8871,A,CFG0,CFG4,1,1,0,1,NONE,NONE,0,1,D,YES,GROUP_RELEASES_RESOURCE,C_COL
HIGH,24,moderate,8886,A,CFG0,CFG4,1,1,0,1,NONE,NONE,0,1,D,YES,GROUP_RELEASES_RESOURCE,C_COL
HIGH,24,moderate,8892,A,CFG0,CFG4,1,1,0,1,NONE,NONE,0,1,D,YES,GROUP_RELEASES_RESOURCE,C_COL
HIGH,24,moderate,8903,A,CFG0,CFG4,1,1,0,1,NONE,NONE,0,1,D,YES,GROUP_RELEASES_RESOURCE,C_COL
HIGH,24,moderate,8909,A,CFG0,CFG4,1,2,0,1,NONE,NONE,0,1,C,YES,GROUP_RELEASES_RESOURCE,D_ROW
HIGH,24,moderate,8910,A,CFG0,CFG4,1,1,0,1,NONE,NONE,0,1,D,YES,GROUP_RELEASES_RESOURCE,C_COL
HIGH,24,moderate,8911,A,CFG0,CFG4,1,1,0,1,NONE,NONE,0,1,D,YES,GROUP_RELEASES_RESOURCE,C_COL
HIGH,24,moderate,8948,A,CFG0,CFG4,1,1,0,1,NONE,NONE,0,1,D,YES,GROUP_RELEASES_RESOURCE,C_COL
HIGH,24,moderate,8962,A,CFG0,CFG4,1,2,0,1,NONE,NONE,0,1,C,YES,GROUP_RELEASES_RESOURCE,D_ROW
HIGH,24,moderate,9011,A,CFG0,CFG4,1,1,0,1,NONE,NONE,0,1,D,YES,GROUP_RELEASES_RESOURCE,C_COL
HIGH,24,moderate,9020,A,CFG0,CFG4,1,1,0,1,NONE,NONE,0,1,D,YES,GROUP_RELEASES_RESOURCE,C_COL
HIGH,24,moderate,9021,A,CFG0,CFG4,1,1,0,1,NONE,NONE,0,1,C,YES,GROUP_RELEASES_RESOURCE,D_ROW
HIGH,24,moderate,9046,A,CFG0,CFG4,1,2,0,1,NONE,NONE,0,1,C,YES,GROUP_RELEASES_RESOURCE,D_ROW
HIGH,24,moderate,9062,A,CFG0,CFG4,1,1,0,1,NONE,NONE,0,1,C,YES,GROUP_RELEASES_RESOURCE,D_ROW
HIGH,24,moderate,9064,A,CFG0,CFG4,1,1,0,1,NONE,NONE,0,1,C,YES,GROUP_RELEASES_RESOURCE,D_ROW
HIGH,24,moderate,9074,A,CFG0,CFG4,1,1,0,1,NONE,NONE,0,1,C,YES,GROUP_RELEASES_RESOURCE,D_ROW
HIGH,24,moderate,9093,A,CFG0,CFG4,1,1,0,1,NONE,NONE,0,1,D,YES,GROUP_RELEASES_RESOURCE,C_COL
HIGH,24,moderate,9109,A,CFG0,CFG4,1,1,0,1,NONE,NONE,0,1,D,YES,GROUP_RELEASES_RESOURCE,C_COL
HIGH,24,moderate,9116,A,CFG0,CFG4,1,1,0,1,NONE,NONE,0,1,C,YES,GROUP_RELEASES_RESOURCE,D_ROW
HIGH,24,moderate,9143,A,CFG0,CFG4,1,1,0,1,NONE,NONE,0,1,D,YES,GROUP_RELEASES_RESOURCE,C_COL
HIGH,24,moderate,9154,A,CFG0,CFG4,1,1,0,1,NONE,NONE,0,1,D,YES,GROUP_RELEASES_RESOURCE,C_COL
HIGH,24,moderate,9163,A,CFG0,CFG4,1,2,0,1,NONE,NONE,0,1,C,YES,GROUP_RELEASES_RESOURCE,D_ROW
HIGH,24,moderate,9166,A,CFG0,CFG4,1,1,0,1,NONE,NONE,0,1,C,YES,GROUP_RELEASES_RESOURCE,D_ROW
HIGH,24,moderate,9173,A,CFG0,CFG4,1,2,0,1,NONE,NONE,0,1,D,YES,GROUP_RELEASES_RESOURCE,C_COL
HIGH,24,moderate,9190,A,CFG0,CFG4,1,1,0,1,NONE,NONE,0,1,C,YES,GROUP_RELEASES_RESOURCE,D_ROW
HIGH,24,moderate,9216,A,CFG0,CFG4,1,1,0,1,NONE,NONE,0,1,D,YES,GROUP_RELEASES_RESOURCE,C_COL
HIGH,24,moderate,9235,A,CFG0,CFG4,1,1,0,1,NONE,NONE,0,1,C,YES,GROUP_RELEASES_RESOURCE,D_ROW
HIGH,24,moderate,9266,A,CFG0,CFG4,1,1,0,1,NONE,NONE,0,1,C,YES,GROUP_RELEASES_RESOURCE,D_ROW
HIGH,24,moderate,9276,A,CFG0,CFG4,1,2,0,1,NONE,NONE,0,1,D,YES,GROUP_RELEASES_RESOURCE,C_COL
HIGH,24,moderate,9279,A,CFG0,CFG4,1,1,0,1,NONE,NONE,0,1,C,YES,GROUP_RELEASES_RESOURCE,D_ROW
HIGH,24,moderate,9284,A,CFG0,CFG4,1,1,0,1,NONE,NONE,0,1,C,YES,GROUP_RELEASES_RESOURCE,D_ROW
HIGH,24,moderate,9287,A,CFG0,CFG4,1,1,0,1,NONE,NONE,0,1,C,YES,GROUP_RELEASES_RESOURCE,D_ROW
HIGH,24,moderate,9298,A,CFG0,CFG4,1,1,0,1,NONE,NONE,0,1,C,YES,GROUP_RELEASES_RESOURCE,D_ROW
HIGH,24,moderate,9300,A,CFG0,CFG4,1,1,0,1,NONE,NONE,0,1,C,YES,GROUP_RELEASES_RESOURCE,D_ROW
HIGH,24,moderate,9326,A,CFG0,CFG4,1,1,0,1,NONE,NONE,0,1,D,YES,GROUP_RELEASES_RESOURCE,C_COL
HIGH,24,moderate,9349,A,CFG0,CFG4,1,1,0,1,NONE,NONE,0,1,D,YES,GROUP_RELEASES_RESOURCE,C_COL
HIGH,24,moderate,9370,A,CFG0,CFG4,1,1,0,1,NONE,NONE,0,1,C,YES,GROUP_RELEASES_RESOURCE,D_ROW
HIGH,24,moderate,9377,A,CFG0,CFG4,1,1,0,1,NONE,NONE,0,1,D,YES,GROUP_RELEASES_RESOURCE,C_COL
HIGH,24,moderate,9385,A,CFG0,CFG4,1,1,0,1,NONE,NONE,0,1,C,YES,GROUP_RELEASES_RESOURCE,D_ROW
HIGH,24,moderate,9386,A,CFG0,CFG4,1,1,0,1,NONE,NONE,0,1,C,YES,GROUP_RELEASES_RESOURCE,D_ROW
HIGH,24,moderate,9390,A,CFG0,CFG4,1,2,0,1,NONE,NONE,0,1,C,YES,GROUP_RELEASES_RESOURCE,D_ROW
HIGH,24,moderate,9399,A,CFG0,CFG4,1,1,0,1,NONE,NONE,0,1,D,YES,GROUP_RELEASES_RESOURCE,C_COL
HIGH,24,moderate,9405,A,CFG0,CFG4,1,1,0,1,NONE,NONE,0,1,C,YES,GROUP_RELEASES_RESOURCE,D_ROW
HIGH,24,moderate,9407,A,CFG0,CFG4,1,1,0,1,NONE,NONE,0,1,C,YES,GROUP_RELEASES_RESOURCE,D_ROW
HIGH,24,moderate,9413,A,CFG0,CFG4,1,1,0,1,NONE,NONE,0,1,C,YES,GROUP_RELEASES_RESOURCE,D_ROW
HIGH,24,moderate,9424,A,CFG0,CFG4,1,1,0,1,NONE,NONE,0,1,C,YES,GROUP_RELEASES_RESOURCE,D_ROW
HIGH,24,moderate,9426,A,CFG0,CFG4,1,1,0,1,NONE,NONE,0,1,C,YES,GROUP_RELEASES_RESOURCE,D_ROW
HIGH,24,moderate,9472,A,CFG0,CFG4,1,2,0,1,NONE,NONE,0,1,C,YES,GROUP_RELEASES_RESOURCE,D_ROW
HIGH,24,moderate,9500,A,CFG0,CFG4,1,1,0,1,NONE,NONE,0,1,D,YES,GROUP_RELEASES_RESOURCE,C_COL
HIGH,24,moderate,9512,A,CFG0,CFG4,1,1,0,1,NONE,NONE,0,1,D,YES,GROUP_RELEASES_RESOURCE,C_COL
HIGH,24,moderate,9514,A,CFG0,CFG4,1,2,0,1,NONE,NONE,0,1,D,YES,GROUP_RELEASES_RESOURCE,C_COL
HIGH,24,moderate,9536,A,CFG0,CFG4,1,2,0,1,NONE,NONE,0,1,C,YES,GROUP_RELEASES_RESOURCE,D_ROW
HIGH,24,moderate,9542,A,CFG0,CFG4,1,2,0,1,NONE,NONE,0,1,D,YES,GROUP_RELEASES_RESOURCE,C_COL
HIGH,24,moderate,9599,A,CFG0,CFG4,1,1,0,1,NONE,NONE,0,1,C,YES,GROUP_RELEASES_RESOURCE,D_ROW
HIGH,24,moderate,9601,A,CFG0,CFG4,1,1,0,1,NONE,NONE,0,1,C,YES,GROUP_RELEASES_RESOURCE,D_ROW
HIGH,24,moderate,9610,A,CFG0,CFG4,1,1,0,1,NONE,NONE,0,1,D,YES,GROUP_RELEASES_RESOURCE,C_COL
HIGH,24,moderate,9611,A,CFG0,CFG4,1,1,0,1,NONE,NONE,0,1,D,YES,GROUP_RELEASES_RESOURCE,C_COL
HIGH,24,moderate,9619,A,CFG0,CFG4,1,1,0,1,NONE,NONE,0,1,D,YES,GROUP_RELEASES_RESOURCE,C_COL
HIGH,24,moderate,9623,A,CFG0,CFG4,1,1,0,1,NONE,NONE,0,1,D,YES,GROUP_RELEASES_RESOURCE,C_COL
HIGH,24,moderate,9659,A,CFG0,CFG4,1,1,0,1,NONE,NONE,0,1,D,YES,GROUP_RELEASES_RESOURCE,C_COL
HIGH,24,moderate,9708,A,CFG0,CFG4,1,1,0,1,NONE,NONE,0,1,C,YES,GROUP_RELEASES_RESOURCE,D_ROW
HIGH,24,moderate,9712,A,CFG0,CFG4,1,1,0,1,NONE,NONE,0,1,C,YES,GROUP_RELEASES_RESOURCE,D_ROW
HIGH,24,moderate,9717,A,CFG0,CFG4,1,1,0,1,NONE,NONE,0,1,D,YES,GROUP_RELEASES_RESOURCE,C_COL
HIGH,24,moderate,9743,A,CFG0,CFG4,1,2,0,1,NONE,NONE,0,1,D,YES,GROUP_RELEASES_RESOURCE,C_COL
HIGH,24,moderate,9745,A,CFG0,CFG4,1,1,0,1,NONE,NONE,0,1,D,YES,GROUP_RELEASES_RESOURCE,C_COL
HIGH,24,moderate,9858,A,CFG0,CFG4,1,1,0,1,NONE,NONE,0,1,C,YES,GROUP_RELEASES_RESOURCE,D_ROW
HIGH,24,moderate,9860,A,CFG0,CFG4,1,1,0,1,NONE,NONE,0,1,C,YES,GROUP_RELEASES_RESOURCE,D_ROW
HIGH,24,moderate,9862,A,CFG0,CFG4,1,1,0,1,NONE,NONE,0,1,C,YES,GROUP_RELEASES_RESOURCE,D_ROW
HIGH,24,moderate,9867,A,CFG0,CFG4,1,1,0,1,NONE,NONE,0,1,C,YES,GROUP_RELEASES_RESOURCE,D_ROW
HIGH,24,moderate,9888,A,CFG0,CFG4,1,1,0,1,NONE,NONE,0,1,D,YES,GROUP_RELEASES_RESOURCE,C_COL
HIGH,24,moderate,9893,A,CFG0,CFG4,1,1,0,1,NONE,NONE,0,1,C,YES,GROUP_RELEASES_RESOURCE,D_ROW
HIGH,24,moderate,9916,A,CFG0,CFG4,1,1,0,1,NONE,NONE,0,1,C,YES,GROUP_RELEASES_RESOURCE,D_ROW
HIGH,24,moderate,9917,A,CFG0,CFG4,1,1,0,1,NONE,NONE,0,1,D,YES,GROUP_RELEASES_RESOURCE,C_COL
HIGH,24,moderate,9927,A,CFG0,CFG4,1,1,0,1,NONE,NONE,0,1,C,YES,GROUP_RELEASES_RESOURCE,D_ROW
HIGH,24,moderate,9945,A,CFG0,CFG4,1,1,0,1,NONE,NONE,0,1,C,YES,GROUP_RELEASES_RESOURCE,D_ROW
HIGH,24,moderate,9947,A,CFG0,CFG4,1,1,0,1,NONE,NONE,0,1,C,YES,GROUP_RELEASES_RESOURCE,D_ROW
HIGH,28,moderate,8,A,CFG0,CFG4,1,1,0,1,NONE,NONE,0,1,B,YES,GROUP_RELEASES_RESOURCE,A_ROW
HIGH,28,moderate,13,A,CFG0,CFG4,2,2,0,1,NONE,NONE,0,1,C,YES,GROUP_RELEASES_RESOURCE,D_ROW
HIGH,28,moderate,16,A,CFG0,CFG4,1,1,0,1,NONE,NONE,0,1,B,YES,GROUP_RELEASES_RESOURCE,A_ROW
HIGH,28,moderate,17,A,CFG0,CFG4,2,2,0,1,NONE,NONE,0,1,B,YES,GROUP_RELEASES_RESOURCE,A_ROW
HIGH,28,moderate,25,A,CFG0,CFG4,2,2,0,1,NONE,NONE,0,1,C,YES,GROUP_RELEASES_RESOURCE,D_ROW
HIGH,28,moderate,37,A,CFG0,CFG4,1,3,0,1,NONE,NONE,0,1,C,YES,GROUP_RELEASES_RESOURCE,D_ROW
HIGH,28,moderate,59,A,CFG0,CFG4,2,2,0,1,NONE,NONE,0,1,D,YES,GROUP_RELEASES_RESOURCE,C_COL
HIGH,28,moderate,72,A,CFG0,CFG4,1,1,0,1,NONE,NONE,0,1,B,YES,GROUP_RELEASES_RESOURCE,A_ROW
HIGH,28,moderate,74,A,CFG0,CFG4,1,1,0,1,NONE,NONE,0,1,B,YES,GROUP_RELEASES_RESOURCE,A_ROW
HIGH,28,moderate,83,A,CFG0,CFG4,2,2,0,1,NONE,NONE,0,1,C,YES,GROUP_RELEASES_RESOURCE,D_ROW
HIGH,28,moderate,92,A,CFG0,CFG4,1,1,0,1,NONE,NONE,0,1,C,YES,GROUP_RELEASES_RESOURCE,D_ROW
HIGH,28,moderate,101,A,CFG0,CFG4,1,1,0,1,NONE,NONE,0,1,C,YES,GROUP_RELEASES_RESOURCE,D_ROW
HIGH,28,moderate,124,A,CFG0,CFG4,1,1,0,1,NONE,NONE,0,1,C,YES,GROUP_RELEASES_RESOURCE,D_ROW
HIGH,28,moderate,132,A,CFG0,CFG4,1,1,0,1,NONE,NONE,0,1,C,YES,GROUP_RELEASES_RESOURCE,D_ROW
HIGH,28,moderate,135,A,CFG0,CFG4,4,2,0,1,NONE,NONE,0,1,D,YES,GROUP_RELEASES_RESOURCE,C_COL
HIGH,28,moderate,142,A,CFG0,CFG4,1,1,0,1,NONE,NONE,0,1,C,YES,GROUP_RELEASES_RESOURCE,D_ROW
HIGH,28,moderate,148,A,CFG0,CFG4,2,2,0,1,NONE,NONE,0,1,B,YES,GROUP_RELEASES_RESOURCE,A_ROW
HIGH,28,moderate,181,A,CFG0,CFG4,1,1,0,1,NONE,NONE,0,1,D,YES,GROUP_RELEASES_RESOURCE,C_COL
HIGH,28,moderate,185,A,CFG0,CFG4,1,1,0,1,NONE,NONE,0,1,B,YES,GROUP_RELEASES_RESOURCE,A_ROW
HIGH,28,moderate,186,A,CFG0,CFG4,1,1,0,1,NONE,NONE,0,1,D,YES,GROUP_RELEASES_RESOURCE,C_COL
HIGH,28,moderate,199,A,CFG0,CFG4,1,1,0,1,NONE,NONE,0,1,D,YES,GROUP_RELEASES_RESOURCE,C_COL
HIGH,28,moderate,207,A,CFG0,CFG4,2,2,0,1,NONE,NONE,0,1,B,YES,GROUP_RELEASES_RESOURCE,A_ROW
HIGH,28,moderate,223,A,CFG0,CFG4,1,1,0,1,NONE,NONE,0,1,C,YES,GROUP_RELEASES_RESOURCE,D_ROW
HIGH,28,moderate,227,A,CFG0,CFG4,1,1,0,1,NONE,NONE,0,1,B,YES,GROUP_RELEASES_RESOURCE,A_ROW
HIGH,28,moderate,244,A,CFG0,CFG4,1,1,0,1,NONE,NONE,0,1,C,YES,GROUP_RELEASES_RESOURCE,D_ROW
HIGH,28,moderate,269,A,CFG0,CFG4,1,1,0,1,NONE,NONE,0,1,D,YES,GROUP_RELEASES_RESOURCE,C_COL
HIGH,28,moderate,274,A,CFG0,CFG4,1,1,0,1,NONE,NONE,0,1,D,YES,GROUP_RELEASES_RESOURCE,C_COL
HIGH,28,moderate,277,A,CFG0,CFG4,1,1,0,1,NONE,NONE,0,1,B,YES,GROUP_RELEASES_RESOURCE,A_ROW
HIGH,28,moderate,285,A,CFG0,CFG4,1,1,0,1,NONE,NONE,0,1,D,YES,GROUP_RELEASES_RESOURCE,C_COL
HIGH,28,moderate,289,A,CFG0,CFG4,1,1,0,1,NONE,NONE,0,1,C,YES,GROUP_RELEASES_RESOURCE,D_ROW
HIGH,28,moderate,293,A,CFG0,CFG4,1,1,0,1,NONE,NONE,0,1,C,YES,GROUP_RELEASES_RESOURCE,D_ROW
HIGH,28,moderate,298,A,CFG0,CFG4,1,1,0,1,NONE,NONE,0,1,D,YES,GROUP_RELEASES_RESOURCE,C_COL
HIGH,28,moderate,300,A,CFG0,CFG4,1,1,0,1,NONE,NONE,0,1,B,YES,GROUP_RELEASES_RESOURCE,A_ROW
HIGH,28,moderate,303,A,CFG0,CFG4,1,3,0,1,NONE,NONE,0,1,C,YES,GROUP_RELEASES_RESOURCE,D_ROW
HIGH,28,moderate,310,A,CFG0,CFG4,2,2,0,1,NONE,NONE,0,1,D,YES,GROUP_RELEASES_RESOURCE,C_COL
HIGH,28,moderate,332,A,CFG0,CFG4,2,2,0,1,NONE,NONE,0,1,C,YES,GROUP_RELEASES_RESOURCE,D_ROW
HIGH,28,moderate,336,A,CFG0,CFG4,1,1,0,1,NONE,NONE,0,1,D,YES,GROUP_RELEASES_RESOURCE,C_COL
HIGH,28,moderate,357,A,CFG0,CFG4,1,1,0,1,NONE,NONE,0,1,B,YES,GROUP_RELEASES_RESOURCE,A_ROW
HIGH,28,moderate,359,A,CFG0,CFG4,4,2,0,1,NONE,NONE,0,1,C,YES,GROUP_RELEASES_RESOURCE,D_ROW
HIGH,28,moderate,371,A,CFG0,CFG4,2,2,0,1,NONE,NONE,0,1,C,YES,GROUP_RELEASES_RESOURCE,D_ROW
HIGH,28,moderate,376,A,CFG0,CFG4,2,1,0,1,NONE,NONE,0,1,D,YES,GROUP_RELEASES_RESOURCE,C_COL
HIGH,28,moderate,382,A,CFG0,CFG4,1,2,0,1,NONE,NONE,0,1,D,YES,GROUP_RELEASES_RESOURCE,C_COL
HIGH,28,moderate,383,A,CFG0,CFG4,2,2,0,1,NONE,NONE,0,1,D,YES,GROUP_RELEASES_RESOURCE,C_COL
HIGH,28,moderate,386,A,CFG0,CFG4,1,1,0,1,NONE,NONE,0,1,C,YES,GROUP_RELEASES_RESOURCE,D_ROW
HIGH,28,moderate,401,A,CFG0,CFG4,1,1,0,1,NONE,NONE,0,1,C,YES,GROUP_RELEASES_RESOURCE,D_ROW
HIGH,28,moderate,402,A,CFG0,CFG4,1,1,0,1,NONE,NONE,0,1,B,YES,GROUP_RELEASES_RESOURCE,A_ROW
HIGH,28,moderate,413,A,CFG0,CFG4,1,1,0,1,NONE,NONE,0,1,C,YES,GROUP_RELEASES_RESOURCE,D_ROW
HIGH,28,moderate,424,A,CFG0,CFG4,1,1,0,1,NONE,NONE,0,1,C,YES,GROUP_RELEASES_RESOURCE,D_ROW
HIGH,28,moderate,425,A,CFG0,CFG4,1,1,0,1,NONE,NONE,0,1,C,YES,GROUP_RELEASES_RESOURCE,D_ROW
HIGH,28,moderate,430,A,CFG0,CFG4,4,2,0,1,NONE,NONE,0,1,B,YES,GROUP_RELEASES_RESOURCE,A_ROW
HIGH,28,moderate,459,A,CFG0,CFG4,1,3,0,1,NONE,NONE,0,1,B,YES,GROUP_RELEASES_RESOURCE,A_ROW
HIGH,28,moderate,468,A,CFG0,CFG4,1,1,0,1,NONE,NONE,0,1,B,YES,GROUP_RELEASES_RESOURCE,A_ROW
HIGH,28,moderate,478,A,CFG0,CFG4,1,1,0,1,NONE,NONE,0,1,C,YES,GROUP_RELEASES_RESOURCE,D_ROW
HIGH,28,moderate,499,A,CFG0,CFG4,1,1,0,1,NONE,NONE,0,1,D,YES,GROUP_RELEASES_RESOURCE,C_COL
HIGH,28,moderate,507,A,CFG0,CFG4,1,1,0,1,NONE,NONE,0,1,C,YES,GROUP_RELEASES_RESOURCE,D_ROW
HIGH,28,moderate,514,A,CFG0,CFG4,1,1,0,1,NONE,NONE,0,1,C,YES,GROUP_RELEASES_RESOURCE,D_ROW
HIGH,28,moderate,529,A,CFG0,CFG4,1,1,0,1,NONE,NONE,0,1,D,YES,GROUP_RELEASES_RESOURCE,C_COL
HIGH,28,moderate,531,A,CFG0,CFG4,2,1,0,1,NONE,NONE,0,1,C,YES,GROUP_RELEASES_RESOURCE,D_ROW
HIGH,28,moderate,545,A,CFG0,CFG4,1,1,0,1,NONE,NONE,0,1,C,YES,GROUP_RELEASES_RESOURCE,D_ROW
HIGH,28,moderate,553,A,CFG0,CFG4,1,1,0,1,NONE,NONE,0,1,B,YES,GROUP_RELEASES_RESOURCE,A_ROW
HIGH,28,moderate,556,A,CFG0,CFG4,1,1,0,1,NONE,NONE,0,1,C,YES,GROUP_RELEASES_RESOURCE,D_ROW
HIGH,28,moderate,568,A,CFG0,CFG4,1,1,0,1,NONE,NONE,0,1,C,YES,GROUP_RELEASES_RESOURCE,D_ROW
HIGH,28,moderate,573,A,CFG0,CFG4,2,2,0,1,NONE,NONE,0,1,B,YES,GROUP_RELEASES_RESOURCE,A_ROW
HIGH,28,moderate,584,A,CFG0,CFG4,1,1,0,1,NONE,NONE,0,1,D,YES,GROUP_RELEASES_RESOURCE,C_COL
HIGH,28,moderate,610,A,CFG0,CFG4,1,1,0,1,NONE,NONE,0,1,D,YES,GROUP_RELEASES_RESOURCE,C_COL
HIGH,28,moderate,619,A,CFG0,CFG4,1,1,0,1,NONE,NONE,0,1,C,YES,GROUP_RELEASES_RESOURCE,D_ROW
HIGH,28,moderate,622,A,CFG0,CFG4,1,1,0,1,NONE,NONE,0,1,B,YES,GROUP_RELEASES_RESOURCE,A_ROW
HIGH,28,moderate,630,A,CFG0,CFG4,1,1,0,1,NONE,NONE,0,1,C,YES,GROUP_RELEASES_RESOURCE,D_ROW
HIGH,28,moderate,644,A,CFG0,CFG4,1,1,0,1,NONE,NONE,0,1,B,YES,GROUP_RELEASES_RESOURCE,A_ROW
HIGH,28,moderate,646,A,CFG0,CFG4,1,1,0,1,NONE,NONE,0,1,D,YES,GROUP_RELEASES_RESOURCE,C_COL
HIGH,28,moderate,654,A,CFG0,CFG4,1,1,0,1,NONE,NONE,0,1,B,YES,GROUP_RELEASES_RESOURCE,A_ROW
HIGH,28,moderate,658,A,CFG0,CFG4,1,1,0,1,NONE,NONE,0,1,B,YES,GROUP_RELEASES_RESOURCE,A_ROW
HIGH,28,moderate,662,A,CFG0,CFG4,1,1,0,1,NONE,NONE,0,1,B,YES,GROUP_RELEASES_RESOURCE,A_ROW
HIGH,28,moderate,680,A,CFG0,CFG4,2,1,0,1,NONE,NONE,0,1,B,YES,GROUP_RELEASES_RESOURCE,A_ROW
HIGH,28,moderate,682,A,CFG0,CFG4,1,1,0,1,NONE,NONE,0,1,C,YES,GROUP_RELEASES_RESOURCE,D_ROW
HIGH,28,moderate,691,A,CFG0,CFG4,1,1,0,1,NONE,NONE,0,1,C,YES,GROUP_RELEASES_RESOURCE,D_ROW
HIGH,28,moderate,692,A,CFG0,CFG4,1,1,0,1,NONE,NONE,0,1,C,YES,GROUP_RELEASES_RESOURCE,D_ROW
HIGH,28,moderate,720,A,CFG0,CFG4,2,2,0,1,NONE,NONE,0,1,C,YES,GROUP_RELEASES_RESOURCE,D_ROW
HIGH,28,moderate,724,A,CFG0,CFG4,1,1,0,1,NONE,NONE,0,1,D,YES,GROUP_RELEASES_RESOURCE,C_COL
HIGH,28,moderate,730,A,CFG0,CFG4,1,1,0,1,NONE,NONE,0,1,C,YES,GROUP_RELEASES_RESOURCE,D_ROW
HIGH,28,moderate,731,A,CFG0,CFG4,4,2,0,1,NONE,NONE,0,1,B,YES,GROUP_RELEASES_RESOURCE,A_ROW
HIGH,28,moderate,735,A,CFG0,CFG4,1,1,0,1,NONE,NONE,0,1,B,YES,GROUP_RELEASES_RESOURCE,A_ROW
HIGH,28,moderate,759,A,CFG0,CFG4,2,2,0,1,NONE,NONE,0,1,B,YES,GROUP_RELEASES_RESOURCE,A_ROW
HIGH,28,moderate,769,A,CFG0,CFG4,1,1,0,1,NONE,NONE,0,1,D,YES,GROUP_RELEASES_RESOURCE,C_COL
HIGH,28,moderate,770,A,CFG0,CFG4,1,1,0,1,NONE,NONE,0,1,B,YES,GROUP_RELEASES_RESOURCE,A_ROW
HIGH,28,moderate,780,A,CFG0,CFG4,2,1,0,1,NONE,NONE,0,1,C,YES,GROUP_RELEASES_RESOURCE,D_ROW
HIGH,28,moderate,787,A,CFG0,CFG4,1,1,0,1,NONE,NONE,0,1,D,YES,GROUP_RELEASES_RESOURCE,C_COL
HIGH,28,moderate,791,A,CFG0,CFG4,1,1,0,1,NONE,NONE,0,1,C,YES,GROUP_RELEASES_RESOURCE,D_ROW
HIGH,28,moderate,798,A,CFG0,CFG4,1,1,0,1,NONE,NONE,0,1,C,YES,GROUP_RELEASES_RESOURCE,D_ROW
HIGH,28,moderate,803,A,CFG0,CFG4,2,1,0,1,NONE,NONE,0,1,C,YES,GROUP_RELEASES_RESOURCE,D_ROW
HIGH,28,moderate,818,A,CFG0,CFG4,1,1,0,1,NONE,NONE,0,1,D,YES,GROUP_RELEASES_RESOURCE,C_COL
HIGH,28,moderate,831,A,CFG0,CFG4,2,2,0,1,NONE,NONE,0,1,D,YES,GROUP_RELEASES_RESOURCE,C_COL
HIGH,28,moderate,834,A,CFG0,CFG4,1,1,0,1,NONE,NONE,0,1,B,YES,GROUP_RELEASES_RESOURCE,A_ROW
HIGH,28,moderate,847,A,CFG0,CFG4,2,2,0,1,NONE,NONE,0,1,C,YES,GROUP_RELEASES_RESOURCE,D_ROW
HIGH,28,moderate,850,A,CFG0,CFG4,1,1,0,1,NONE,NONE,0,1,D,YES,GROUP_RELEASES_RESOURCE,C_COL
HIGH,28,moderate,854,A,CFG0,CFG4,2,1,0,1,NONE,NONE,0,1,B,YES,GROUP_RELEASES_RESOURCE,A_ROW
HIGH,28,moderate,856,A,CFG0,CFG4,1,1,0,1,NONE,NONE,0,1,B,YES,GROUP_RELEASES_RESOURCE,A_ROW
HIGH,28,moderate,857,A,CFG0,CFG4,1,1,0,1,NONE,NONE,0,1,B,YES,GROUP_RELEASES_RESOURCE,A_ROW
HIGH,28,moderate,859,A,CFG0,CFG4,1,1,0,1,NONE,NONE,0,1,C,YES,GROUP_RELEASES_RESOURCE,D_ROW
HIGH,28,moderate,872,A,CFG0,CFG4,2,1,0,1,NONE,NONE,0,1,C,YES,GROUP_RELEASES_RESOURCE,D_ROW
HIGH,28,moderate,886,A,CFG0,CFG4,1,1,0,1,NONE,NONE,0,1,B,YES,GROUP_RELEASES_RESOURCE,A_ROW
HIGH,28,moderate,887,A,CFG0,CFG4,4,2,0,1,NONE,NONE,0,1,C,YES,GROUP_RELEASES_RESOURCE,D_ROW
HIGH,28,moderate,891,A,CFG0,CFG4,1,1,0,1,NONE,NONE,0,1,C,YES,GROUP_RELEASES_RESOURCE,D_ROW
HIGH,28,moderate,892,A,CFG0,CFG4,1,3,0,1,NONE,NONE,0,1,B,YES,GROUP_RELEASES_RESOURCE,A_ROW
HIGH,28,moderate,896,A,CFG0,CFG4,2,2,0,1,NONE,NONE,0,1,B,YES,GROUP_RELEASES_RESOURCE,A_ROW
HIGH,28,moderate,897,A,CFG0,CFG4,1,1,0,1,NONE,NONE,0,1,D,YES,GROUP_RELEASES_RESOURCE,C_COL
HIGH,28,moderate,918,A,CFG0,CFG4,1,1,0,1,NONE,NONE,0,1,D,YES,GROUP_RELEASES_RESOURCE,C_COL
HIGH,28,moderate,934,A,CFG0,CFG4,2,2,0,1,NONE,NONE,0,1,D,YES,GROUP_RELEASES_RESOURCE,C_COL
HIGH,28,moderate,950,A,CFG0,CFG4,1,1,0,1,NONE,NONE,0,1,B,YES,GROUP_RELEASES_RESOURCE,A_ROW
HIGH,28,moderate,954,A,CFG0,CFG4,1,1,0,1,NONE,NONE,0,1,B,YES,GROUP_RELEASES_RESOURCE,A_ROW
HIGH,28,moderate,958,A,CFG0,CFG4,4,2,0,1,NONE,NONE,0,1,C,YES,GROUP_RELEASES_RESOURCE,D_ROW
HIGH,28,moderate,972,A,CFG0,CFG4,1,1,0,1,NONE,NONE,0,1,B,YES,GROUP_RELEASES_RESOURCE,A_ROW
HIGH,28,moderate,973,A,CFG0,CFG4,2,1,0,1,NONE,NONE,0,1,C,YES,GROUP_RELEASES_RESOURCE,D_ROW
HIGH,28,moderate,975,A,CFG0,CFG4,2,1,0,1,NONE,NONE,0,1,C,YES,GROUP_RELEASES_RESOURCE,D_ROW
HIGH,28,moderate,977,A,CFG0,CFG4,1,1,0,1,NONE,NONE,0,1,D,YES,GROUP_RELEASES_RESOURCE,C_COL
HIGH,28,moderate,982,A,CFG0,CFG4,2,1,0,1,NONE,NONE,0,1,D,YES,GROUP_RELEASES_RESOURCE,C_COL
HIGH,28,moderate,984,A,CFG0,CFG4,1,1,0,1,NONE,NONE,0,1,C,YES,GROUP_RELEASES_RESOURCE,D_ROW
HIGH,28,moderate,986,A,CFG0,CFG4,2,2,0,1,NONE,NONE,0,1,D,YES,GROUP_RELEASES_RESOURCE,C_COL
HIGH,28,moderate,989,A,CFG0,CFG4,2,2,0,1,NONE,NONE,0,1,C,YES,GROUP_RELEASES_RESOURCE,D_ROW
HIGH,28,moderate,997,A,CFG0,CFG4,1,1,0,1,NONE,NONE,0,1,C,YES,GROUP_RELEASES_RESOURCE,D_ROW
HIGH,28,moderate,1015,A,CFG0,CFG4,1,3,0,1,NONE,NONE,0,1,C,YES,GROUP_RELEASES_RESOURCE,D_ROW
HIGH,28,moderate,1017,A,CFG0,CFG4,1,1,0,1,NONE,NONE,0,1,B,YES,GROUP_RELEASES_RESOURCE,A_ROW
HIGH,28,moderate,1028,A,CFG0,CFG4,1,1,0,1,NONE,NONE,0,1,D,YES,GROUP_RELEASES_RESOURCE,C_COL
HIGH,28,moderate,1037,A,CFG0,CFG4,1,3,0,1,NONE,NONE,0,1,C,YES,GROUP_RELEASES_RESOURCE,D_ROW
HIGH,28,moderate,1040,A,CFG0,CFG4,2,2,0,1,NONE,NONE,0,1,B,YES,GROUP_RELEASES_RESOURCE,A_ROW
HIGH,28,moderate,1045,A,CFG0,CFG4,2,2,0,1,NONE,NONE,0,1,B,YES,GROUP_RELEASES_RESOURCE,A_ROW
HIGH,28,moderate,1059,A,CFG0,CFG4,1,1,0,1,NONE,NONE,0,1,C,YES,GROUP_RELEASES_RESOURCE,D_ROW
HIGH,28,moderate,1063,A,CFG0,CFG4,2,1,0,1,NONE,NONE,0,1,B,YES,GROUP_RELEASES_RESOURCE,A_ROW
HIGH,28,moderate,1066,A,CFG0,CFG4,1,1,0,1,NONE,NONE,0,1,C,YES,GROUP_RELEASES_RESOURCE,D_ROW
HIGH,28,moderate,1086,A,CFG0,CFG4,1,1,0,1,NONE,NONE,0,1,C,YES,GROUP_RELEASES_RESOURCE,D_ROW
HIGH,28,moderate,1112,A,CFG0,CFG4,1,1,0,1,NONE,NONE,0,1,B,YES,GROUP_RELEASES_RESOURCE,A_ROW
HIGH,28,moderate,1114,A,CFG0,CFG4,1,1,0,1,NONE,NONE,0,1,D,YES,GROUP_RELEASES_RESOURCE,C_COL
HIGH,28,moderate,1119,A,CFG0,CFG4,1,1,0,1,NONE,NONE,0,1,D,YES,GROUP_RELEASES_RESOURCE,C_COL
HIGH,28,moderate,1120,A,CFG0,CFG4,1,1,0,1,NONE,NONE,0,1,D,YES,GROUP_RELEASES_RESOURCE,C_COL
HIGH,28,moderate,1138,A,CFG0,CFG4,2,1,0,1,NONE,NONE,0,1,D,YES,GROUP_RELEASES_RESOURCE,C_COL
HIGH,28,moderate,1140,A,CFG0,CFG4,2,2,0,1,NONE,NONE,0,1,D,YES,GROUP_RELEASES_RESOURCE,C_COL
HIGH,28,moderate,1153,A,CFG0,CFG4,1,1,0,1,NONE,NONE,0,1,C,YES,GROUP_RELEASES_RESOURCE,D_ROW
HIGH,28,moderate,1163,A,CFG0,CFG4,1,1,0,1,NONE,NONE,0,1,C,YES,GROUP_RELEASES_RESOURCE,D_ROW
HIGH,28,moderate,1169,A,CFG0,CFG4,1,1,0,1,NONE,NONE,0,1,C,YES,GROUP_RELEASES_RESOURCE,D_ROW
HIGH,28,moderate,1172,A,CFG0,CFG4,1,1,0,1,NONE,NONE,0,1,C,YES,GROUP_RELEASES_RESOURCE,D_ROW
HIGH,28,moderate,1173,A,CFG0,CFG4,1,1,0,1,NONE,NONE,0,1,D,YES,GROUP_RELEASES_RESOURCE,C_COL
HIGH,28,moderate,1180,A,CFG0,CFG4,2,2,0,1,NONE,NONE,0,1,B,YES,GROUP_RELEASES_RESOURCE,A_ROW
HIGH,28,moderate,1194,A,CFG0,CFG4,1,1,0,1,NONE,NONE,0,1,B,YES,GROUP_RELEASES_RESOURCE,A_ROW
HIGH,28,moderate,1201,A,CFG0,CFG4,1,1,0,1,NONE,NONE,0,1,B,YES,GROUP_RELEASES_RESOURCE,A_ROW
HIGH,28,moderate,1202,A,CFG0,CFG4,1,1,0,1,NONE,NONE,0,1,C,YES,GROUP_RELEASES_RESOURCE,D_ROW
HIGH,28,moderate,1205,A,CFG0,CFG4,1,1,0,1,NONE,NONE,0,1,C,YES,GROUP_RELEASES_RESOURCE,D_ROW
HIGH,28,moderate,1213,A,CFG0,CFG4,2,1,0,1,NONE,NONE,0,1,B,YES,GROUP_RELEASES_RESOURCE,A_ROW
HIGH,28,moderate,1216,A,CFG0,CFG4,1,1,0,1,NONE,NONE,0,1,C,YES,GROUP_RELEASES_RESOURCE,D_ROW
HIGH,28,moderate,1219,A,CFG0,CFG4,2,1,0,1,NONE,NONE,0,1,B,YES,GROUP_RELEASES_RESOURCE,A_ROW
HIGH,28,moderate,1221,A,CFG0,CFG4,1,1,0,1,NONE,NONE,0,1,C,YES,GROUP_RELEASES_RESOURCE,D_ROW
HIGH,28,moderate,1225,A,CFG0,CFG4,1,1,0,1,NONE,NONE,0,1,C,YES,GROUP_RELEASES_RESOURCE,D_ROW
HIGH,28,moderate,1226,A,CFG0,CFG4,1,1,0,1,NONE,NONE,0,1,C,YES,GROUP_RELEASES_RESOURCE,D_ROW
HIGH,28,moderate,1229,A,CFG0,CFG4,1,1,0,1,NONE,NONE,0,1,C,YES,GROUP_RELEASES_RESOURCE,D_ROW
HIGH,28,moderate,1233,A,CFG0,CFG4,1,1,0,1,NONE,NONE,0,1,B,YES,GROUP_RELEASES_RESOURCE,A_ROW
HIGH,28,moderate,1238,A,CFG0,CFG4,1,1,0,1,NONE,NONE,0,1,B,YES,GROUP_RELEASES_RESOURCE,A_ROW
HIGH,28,moderate,1288,A,CFG0,CFG4,1,1,0,1,NONE,NONE,0,1,B,YES,GROUP_RELEASES_RESOURCE,A_ROW
HIGH,28,moderate,1291,A,CFG0,CFG4,2,1,0,1,NONE,NONE,0,1,D,YES,GROUP_RELEASES_RESOURCE,C_COL
HIGH,28,moderate,1296,A,CFG0,CFG4,1,1,0,1,NONE,NONE,0,1,B,YES,GROUP_RELEASES_RESOURCE,A_ROW
HIGH,28,moderate,1308,A,CFG0,CFG4,1,1,0,1,NONE,NONE,0,1,B,YES,GROUP_RELEASES_RESOURCE,A_ROW
HIGH,28,moderate,1312,A,CFG0,CFG4,1,1,0,1,NONE,NONE,0,1,B,YES,GROUP_RELEASES_RESOURCE,A_ROW
HIGH,28,moderate,1315,A,CFG0,CFG4,1,1,0,1,NONE,NONE,0,1,C,YES,GROUP_RELEASES_RESOURCE,D_ROW
HIGH,28,moderate,1328,A,CFG0,CFG4,1,1,0,1,NONE,NONE,0,1,D,YES,GROUP_RELEASES_RESOURCE,C_COL
HIGH,28,moderate,1333,A,CFG0,CFG4,1,1,0,1,NONE,NONE,0,1,B,YES,GROUP_RELEASES_RESOURCE,A_ROW
HIGH,28,moderate,1334,A,CFG0,CFG4,1,1,0,1,NONE,NONE,0,1,B,YES,GROUP_RELEASES_RESOURCE,A_ROW
HIGH,28,moderate,1341,A,CFG0,CFG4,1,1,0,1,NONE,NONE,0,1,D,YES,GROUP_RELEASES_RESOURCE,C_COL
HIGH,28,moderate,1344,A,CFG0,CFG4,1,1,0,1,NONE,NONE,0,1,B,YES,GROUP_RELEASES_RESOURCE,A_ROW
HIGH,28,moderate,1345,A,CFG0,CFG4,1,1,0,1,NONE,NONE,0,1,C,YES,GROUP_RELEASES_RESOURCE,D_ROW
HIGH,28,moderate,1359,A,CFG0,CFG4,2,1,0,1,NONE,NONE,0,1,D,YES,GROUP_RELEASES_RESOURCE,C_COL
HIGH,28,moderate,1361,A,CFG0,CFG4,1,1,0,1,NONE,NONE,0,1,C,YES,GROUP_RELEASES_RESOURCE,D_ROW
HIGH,28,moderate,1369,A,CFG0,CFG4,1,1,0,1,NONE,NONE,0,1,B,YES,GROUP_RELEASES_RESOURCE,A_ROW
HIGH,28,moderate,1378,A,CFG0,CFG4,1,1,0,1,NONE,NONE,0,1,B,YES,GROUP_RELEASES_RESOURCE,A_ROW
HIGH,28,moderate,1384,A,CFG0,CFG4,2,1,0,1,NONE,NONE,0,1,C,YES,GROUP_RELEASES_RESOURCE,D_ROW
HIGH,28,moderate,1395,A,CFG0,CFG4,1,1,0,1,NONE,NONE,0,1,C,YES,GROUP_RELEASES_RESOURCE,D_ROW
HIGH,28,moderate,1400,A,CFG0,CFG4,1,1,0,1,NONE,NONE,0,1,D,YES,GROUP_RELEASES_RESOURCE,C_COL
HIGH,28,moderate,1401,A,CFG0,CFG4,1,1,0,1,NONE,NONE,0,1,C,YES,GROUP_RELEASES_RESOURCE,D_ROW
HIGH,28,moderate,1402,A,CFG0,CFG4,1,1,0,1,NONE,NONE,0,1,B,YES,GROUP_RELEASES_RESOURCE,A_ROW
HIGH,28,moderate,1418,A,CFG0,CFG4,1,1,0,1,NONE,NONE,0,1,C,YES,GROUP_RELEASES_RESOURCE,D_ROW
HIGH,28,moderate,1422,A,CFG0,CFG4,1,2,0,1,NONE,NONE,0,1,C,YES,GROUP_RELEASES_RESOURCE,D_ROW
HIGH,28,moderate,1438,A,CFG0,CFG4,1,1,0,1,NONE,NONE,0,1,D,YES,GROUP_RELEASES_RESOURCE,C_COL
HIGH,28,moderate,1453,A,CFG0,CFG4,1,1,0,1,NONE,NONE,0,1,C,YES,GROUP_RELEASES_RESOURCE,D_ROW
HIGH,28,moderate,1461,A,CFG0,CFG4,1,1,0,1,NONE,NONE,0,1,C,YES,GROUP_RELEASES_RESOURCE,D_ROW
HIGH,28,moderate,1462,A,CFG0,CFG4,2,1,0,1,NONE,NONE,0,1,C,YES,GROUP_RELEASES_RESOURCE,D_ROW
HIGH,28,moderate,1463,A,CFG0,CFG4,2,2,0,1,NONE,NONE,0,1,C,YES,GROUP_RELEASES_RESOURCE,D_ROW
HIGH,28,moderate,1468,A,CFG0,CFG4,1,1,0,1,NONE,NONE,0,1,B,YES,GROUP_RELEASES_RESOURCE,A_ROW
HIGH,28,moderate,1471,A,CFG0,CFG4,1,1,0,1,NONE,NONE,0,1,C,YES,GROUP_RELEASES_RESOURCE,D_ROW
HIGH,28,moderate,1474,A,CFG0,CFG4,2,2,0,1,NONE,NONE,0,1,C,YES,GROUP_RELEASES_RESOURCE,D_ROW
HIGH,28,moderate,1476,A,CFG0,CFG4,1,1,0,1,NONE,NONE,0,1,D,YES,GROUP_RELEASES_RESOURCE,C_COL
HIGH,28,moderate,1481,A,CFG0,CFG4,1,1,0,1,NONE,NONE,0,1,B,YES,GROUP_RELEASES_RESOURCE,A_ROW
HIGH,28,moderate,1483,A,CFG0,CFG4,1,1,0,1,NONE,NONE,0,1,C,YES,GROUP_RELEASES_RESOURCE,D_ROW
HIGH,28,moderate,1484,A,CFG0,CFG4,1,1,0,1,NONE,NONE,0,1,C,YES,GROUP_RELEASES_RESOURCE,D_ROW
HIGH,28,moderate,1491,A,CFG0,CFG4,1,3,0,1,NONE,NONE,0,1,B,YES,GROUP_RELEASES_RESOURCE,A_ROW
HIGH,28,moderate,1501,A,CFG0,CFG4,1,1,0,1,NONE,NONE,0,1,D,YES,GROUP_RELEASES_RESOURCE,C_COL
HIGH,28,moderate,1505,A,CFG0,CFG4,2,2,0,1,NONE,NONE,0,1,D,YES,GROUP_RELEASES_RESOURCE,C_COL
HIGH,28,moderate,1508,A,CFG0,CFG4,1,2,0,1,NONE,NONE,0,1,C,YES,GROUP_RELEASES_RESOURCE,D_ROW
HIGH,28,moderate,1509,A,CFG0,CFG4,1,1,0,1,NONE,NONE,0,1,C,YES,GROUP_RELEASES_RESOURCE,D_ROW
HIGH,28,moderate,1521,A,CFG0,CFG4,1,1,0,1,NONE,NONE,0,1,B,YES,GROUP_RELEASES_RESOURCE,A_ROW
HIGH,28,moderate,1522,A,CFG0,CFG4,1,1,0,1,NONE,NONE,0,1,C,YES,GROUP_RELEASES_RESOURCE,D_ROW
HIGH,28,moderate,1546,A,CFG0,CFG4,1,1,0,1,NONE,NONE,0,1,C,YES,GROUP_RELEASES_RESOURCE,D_ROW
HIGH,28,moderate,1561,A,CFG0,CFG4,1,1,0,1,NONE,NONE,0,1,C,YES,GROUP_RELEASES_RESOURCE,D_ROW
HIGH,28,moderate,1564,A,CFG0,CFG4,1,1,0,1,NONE,NONE,0,1,C,YES,GROUP_RELEASES_RESOURCE,D_ROW
HIGH,28,moderate,1568,A,CFG0,CFG4,1,1,0,1,NONE,NONE,0,1,B,YES,GROUP_RELEASES_RESOURCE,A_ROW
HIGH,28,moderate,1583,A,CFG0,CFG4,1,1,0,1,NONE,NONE,0,1,B,YES,GROUP_RELEASES_RESOURCE,A_ROW
HIGH,28,moderate,1593,A,CFG0,CFG4,1,1,0,1,NONE,NONE,0,1,B,YES,GROUP_RELEASES_RESOURCE,A_ROW
HIGH,28,moderate,1605,A,CFG0,CFG4,2,2,0,1,NONE,NONE,0,1,B,YES,GROUP_RELEASES_RESOURCE,A_ROW
HIGH,28,moderate,1607,A,CFG0,CFG4,1,1,0,1,NONE,NONE,0,1,D,YES,GROUP_RELEASES_RESOURCE,C_COL
HIGH,28,moderate,1619,A,CFG0,CFG4,1,1,0,1,NONE,NONE,0,1,B,YES,GROUP_RELEASES_RESOURCE,A_ROW
HIGH,28,moderate,1622,A,CFG0,CFG4,1,1,0,1,NONE,NONE,0,1,D,YES,GROUP_RELEASES_RESOURCE,C_COL
HIGH,28,moderate,1625,A,CFG0,CFG4,1,1,0,1,NONE,NONE,0,1,B,YES,GROUP_RELEASES_RESOURCE,A_ROW
HIGH,28,moderate,1634,A,CFG0,CFG4,1,1,0,1,NONE,NONE,0,1,C,YES,GROUP_RELEASES_RESOURCE,D_ROW
HIGH,28,moderate,1636,A,CFG0,CFG4,2,2,0,1,NONE,NONE,0,1,D,YES,GROUP_RELEASES_RESOURCE,C_COL
HIGH,28,moderate,1639,A,CFG0,CFG4,1,1,0,1,NONE,NONE,0,1,C,YES,GROUP_RELEASES_RESOURCE,D_ROW
HIGH,28,moderate,1643,A,CFG0,CFG4,1,1,0,1,NONE,NONE,0,1,B,YES,GROUP_RELEASES_RESOURCE,A_ROW
HIGH,28,moderate,1676,A,CFG0,CFG4,2,2,0,1,NONE,NONE,0,1,D,YES,GROUP_RELEASES_RESOURCE,C_COL
HIGH,28,moderate,1691,A,CFG0,CFG4,1,1,0,1,NONE,NONE,0,1,C,YES,GROUP_RELEASES_RESOURCE,D_ROW
HIGH,28,moderate,1692,A,CFG0,CFG4,2,1,0,1,NONE,NONE,0,1,C,YES,GROUP_RELEASES_RESOURCE,D_ROW
HIGH,28,moderate,1696,A,CFG0,CFG4,2,2,0,1,NONE,NONE,0,1,B,YES,GROUP_RELEASES_RESOURCE,A_ROW
HIGH,28,moderate,1699,A,CFG0,CFG4,1,1,0,1,NONE,NONE,0,1,C,YES,GROUP_RELEASES_RESOURCE,D_ROW
HIGH,28,moderate,1709,A,CFG0,CFG4,2,2,0,1,NONE,NONE,0,1,B,YES,GROUP_RELEASES_RESOURCE,A_ROW
HIGH,28,moderate,1718,A,CFG0,CFG4,1,1,0,1,NONE,NONE,0,1,C,YES,GROUP_RELEASES_RESOURCE,D_ROW
HIGH,28,moderate,1720,A,CFG0,CFG4,1,1,0,1,NONE,NONE,0,1,C,YES,GROUP_RELEASES_RESOURCE,D_ROW
HIGH,28,moderate,1727,A,CFG0,CFG4,2,2,0,1,NONE,NONE,0,1,B,YES,GROUP_RELEASES_RESOURCE,A_ROW
HIGH,28,moderate,1736,A,CFG0,CFG4,1,2,0,1,NONE,NONE,0,1,D,YES,GROUP_RELEASES_RESOURCE,C_COL
HIGH,28,moderate,1745,A,CFG0,CFG4,1,1,0,1,NONE,NONE,0,1,C,YES,GROUP_RELEASES_RESOURCE,D_ROW
HIGH,28,moderate,1746,A,CFG0,CFG4,1,1,0,1,NONE,NONE,0,1,B,YES,GROUP_RELEASES_RESOURCE,A_ROW
HIGH,28,moderate,1786,A,CFG0,CFG4,2,2,0,1,NONE,NONE,0,1,C,YES,GROUP_RELEASES_RESOURCE,D_ROW
HIGH,28,moderate,1790,A,CFG0,CFG4,1,1,0,1,NONE,NONE,0,1,B,YES,GROUP_RELEASES_RESOURCE,A_ROW
HIGH,28,moderate,1791,A,CFG0,CFG4,1,1,0,1,NONE,NONE,0,1,B,YES,GROUP_RELEASES_RESOURCE,A_ROW
HIGH,28,moderate,1813,A,CFG0,CFG4,1,1,0,1,NONE,NONE,0,1,D,YES,GROUP_RELEASES_RESOURCE,C_COL
HIGH,28,moderate,1823,A,CFG0,CFG4,1,1,0,1,NONE,NONE,0,1,C,YES,GROUP_RELEASES_RESOURCE,D_ROW
HIGH,28,moderate,1833,A,CFG0,CFG4,4,2,0,1,NONE,NONE,0,1,C,YES,GROUP_RELEASES_RESOURCE,D_ROW
HIGH,28,moderate,1846,A,CFG0,CFG4,1,1,0,1,NONE,NONE,0,1,C,YES,GROUP_RELEASES_RESOURCE,D_ROW
HIGH,28,moderate,1854,A,CFG0,CFG4,1,1,0,1,NONE,NONE,0,1,B,YES,GROUP_RELEASES_RESOURCE,A_ROW
HIGH,28,moderate,1866,A,CFG0,CFG4,1,1,0,1,NONE,NONE,0,1,C,YES,GROUP_RELEASES_RESOURCE,D_ROW
HIGH,28,moderate,1871,A,CFG0,CFG4,4,2,0,1,NONE,NONE,0,1,B,YES,GROUP_RELEASES_RESOURCE,A_ROW
HIGH,28,moderate,1890,A,CFG0,CFG4,1,1,0,1,NONE,NONE,0,1,B,YES,GROUP_RELEASES_RESOURCE,A_ROW
HIGH,28,moderate,1894,A,CFG0,CFG4,1,1,0,1,NONE,NONE,0,1,C,YES,GROUP_RELEASES_RESOURCE,D_ROW
HIGH,28,moderate,1907,A,CFG0,CFG4,2,2,0,1,NONE,NONE,0,1,B,YES,GROUP_RELEASES_RESOURCE,A_ROW
HIGH,28,moderate,1916,A,CFG0,CFG4,1,1,0,1,NONE,NONE,0,1,C,YES,GROUP_RELEASES_RESOURCE,D_ROW
HIGH,28,moderate,1920,A,CFG0,CFG4,4,2,0,1,NONE,NONE,0,1,B,YES,GROUP_RELEASES_RESOURCE,A_ROW
HIGH,28,moderate,1923,A,CFG0,CFG4,1,1,0,1,NONE,NONE,0,1,C,YES,GROUP_RELEASES_RESOURCE,D_ROW
HIGH,28,moderate,1941,A,CFG0,CFG4,1,1,0,1,NONE,NONE,0,1,B,YES,GROUP_RELEASES_RESOURCE,A_ROW
HIGH,28,moderate,1952,A,CFG0,CFG4,1,1,0,1,NONE,NONE,0,1,D,YES,GROUP_RELEASES_RESOURCE,C_COL
HIGH,28,moderate,1955,A,CFG0,CFG4,1,1,0,1,NONE,NONE,0,1,D,YES,GROUP_RELEASES_RESOURCE,C_COL
HIGH,28,moderate,1958,A,CFG0,CFG4,2,2,0,1,NONE,NONE,0,1,C,YES,GROUP_RELEASES_RESOURCE,D_ROW
HIGH,28,moderate,1959,A,CFG0,CFG4,1,1,0,1,NONE,NONE,0,1,D,YES,GROUP_RELEASES_RESOURCE,C_COL
HIGH,28,moderate,1964,A,CFG0,CFG4,2,2,0,1,NONE,NONE,0,1,B,YES,GROUP_RELEASES_RESOURCE,A_ROW
HIGH,28,moderate,1968,A,CFG0,CFG4,1,1,0,1,NONE,NONE,0,1,C,YES,GROUP_RELEASES_RESOURCE,D_ROW
HIGH,28,moderate,1970,A,CFG0,CFG4,1,1,0,1,NONE,NONE,0,1,C,YES,GROUP_RELEASES_RESOURCE,D_ROW
HIGH,28,moderate,1971,A,CFG0,CFG4,1,1,0,1,NONE,NONE,0,1,C,YES,GROUP_RELEASES_RESOURCE,D_ROW
HIGH,28,moderate,1996,A,CFG0,CFG4,2,2,0,1,NONE,NONE,0,1,D,YES,GROUP_RELEASES_RESOURCE,C_COL
HIGH,28,moderate,1999,A,CFG0,CFG4,2,2,0,1,NONE,NONE,0,1,C,YES,GROUP_RELEASES_RESOURCE,D_ROW
HIGH,28,moderate,2011,A,CFG0,CFG4,2,1,0,1,NONE,NONE,0,1,C,YES,GROUP_RELEASES_RESOURCE,D_ROW
HIGH,28,moderate,2021,A,CFG0,CFG4,1,1,0,1,NONE,NONE,0,1,B,YES,GROUP_RELEASES_RESOURCE,A_ROW
HIGH,28,moderate,2022,A,CFG0,CFG4,1,1,0,1,NONE,NONE,0,1,C,YES,GROUP_RELEASES_RESOURCE,D_ROW
HIGH,28,moderate,2031,A,CFG0,CFG4,2,2,0,1,NONE,NONE,0,1,D,YES,GROUP_RELEASES_RESOURCE,C_COL
HIGH,28,moderate,2033,A,CFG0,CFG4,1,1,0,1,NONE,NONE,0,1,D,YES,GROUP_RELEASES_RESOURCE,C_COL
HIGH,28,moderate,2037,A,CFG0,CFG4,2,2,0,1,NONE,NONE,0,1,C,YES,GROUP_RELEASES_RESOURCE,D_ROW
HIGH,28,moderate,2040,A,CFG0,CFG4,1,1,0,1,NONE,NONE,0,1,B,YES,GROUP_RELEASES_RESOURCE,A_ROW
HIGH,28,moderate,2043,A,CFG0,CFG4,1,2,0,1,NONE,NONE,0,1,B,YES,GROUP_RELEASES_RESOURCE,A_ROW
HIGH,28,moderate,2052,A,CFG0,CFG4,2,2,0,1,NONE,NONE,0,1,C,YES,GROUP_RELEASES_RESOURCE,D_ROW
HIGH,28,moderate,2063,A,CFG0,CFG4,1,1,0,1,NONE,NONE,0,1,C,YES,GROUP_RELEASES_RESOURCE,D_ROW
HIGH,28,moderate,2068,A,CFG0,CFG4,1,1,0,1,NONE,NONE,0,1,C,YES,GROUP_RELEASES_RESOURCE,D_ROW
HIGH,28,moderate,2070,A,CFG0,CFG4,1,1,0,1,NONE,NONE,0,1,C,YES,GROUP_RELEASES_RESOURCE,D_ROW
HIGH,28,moderate,2072,A,CFG0,CFG4,1,1,0,1,NONE,NONE,0,1,D,YES,GROUP_RELEASES_RESOURCE,C_COL
HIGH,28,moderate,2073,A,CFG0,CFG4,1,1,0,1,NONE,NONE,0,1,C,YES,GROUP_RELEASES_RESOURCE,D_ROW
HIGH,28,moderate,2091,A,CFG0,CFG4,1,1,0,1,NONE,NONE,0,1,B,YES,GROUP_RELEASES_RESOURCE,A_ROW
HIGH,28,moderate,2095,A,CFG0,CFG4,2,2,0,1,NONE,NONE,0,1,B,YES,GROUP_RELEASES_RESOURCE,A_ROW
HIGH,28,moderate,2096,A,CFG0,CFG4,2,2,0,1,NONE,NONE,0,1,B,YES,GROUP_RELEASES_RESOURCE,A_ROW
HIGH,28,moderate,2097,A,CFG0,CFG4,1,1,0,1,NONE,NONE,0,1,D,YES,GROUP_RELEASES_RESOURCE,C_COL
HIGH,28,moderate,2100,A,CFG0,CFG4,1,2,0,1,NONE,NONE,0,1,C,YES,GROUP_RELEASES_RESOURCE,D_ROW
HIGH,28,moderate,2101,A,CFG0,CFG4,1,1,0,1,NONE,NONE,0,1,C,YES,GROUP_RELEASES_RESOURCE,D_ROW
HIGH,28,moderate,2112,A,CFG0,CFG4,1,1,0,1,NONE,NONE,0,1,B,YES,GROUP_RELEASES_RESOURCE,A_ROW
HIGH,28,moderate,2124,A,CFG0,CFG4,1,1,0,1,NONE,NONE,0,1,D,YES,GROUP_RELEASES_RESOURCE,C_COL
HIGH,28,moderate,2126,A,CFG0,CFG4,1,1,0,1,NONE,NONE,0,1,B,YES,GROUP_RELEASES_RESOURCE,A_ROW
HIGH,28,moderate,2129,A,CFG0,CFG4,1,1,0,1,NONE,NONE,0,1,B,YES,GROUP_RELEASES_RESOURCE,A_ROW
HIGH,28,moderate,2146,A,CFG0,CFG4,1,1,0,1,NONE,NONE,0,1,D,YES,GROUP_RELEASES_RESOURCE,C_COL
HIGH,28,moderate,2156,A,CFG0,CFG4,1,1,0,1,NONE,NONE,0,1,B,YES,GROUP_RELEASES_RESOURCE,A_ROW
HIGH,28,moderate,2160,A,CFG0,CFG4,1,1,0,1,NONE,NONE,0,1,B,YES,GROUP_RELEASES_RESOURCE,A_ROW
HIGH,28,moderate,2171,A,CFG0,CFG4,1,1,0,1,NONE,NONE,0,1,B,YES,GROUP_RELEASES_RESOURCE,A_ROW
HIGH,28,moderate,2186,A,CFG0,CFG4,1,1,0,1,NONE,NONE,0,1,C,YES,GROUP_RELEASES_RESOURCE,D_ROW
HIGH,28,moderate,2192,A,CFG0,CFG4,1,1,0,1,NONE,NONE,0,1,C,YES,GROUP_RELEASES_RESOURCE,D_ROW
HIGH,28,moderate,2199,A,CFG0,CFG4,1,1,0,1,NONE,NONE,0,1,C,YES,GROUP_RELEASES_RESOURCE,D_ROW
HIGH,28,moderate,2204,A,CFG0,CFG4,2,1,0,1,NONE,NONE,0,1,B,YES,GROUP_RELEASES_RESOURCE,A_ROW
HIGH,28,moderate,2207,A,CFG0,CFG4,2,1,0,1,NONE,NONE,0,1,C,YES,GROUP_RELEASES_RESOURCE,D_ROW
HIGH,28,moderate,2208,A,CFG0,CFG4,2,2,0,1,NONE,NONE,0,1,B,YES,GROUP_RELEASES_RESOURCE,A_ROW
HIGH,28,moderate,2210,A,CFG0,CFG4,2,1,0,1,NONE,NONE,0,1,D,YES,GROUP_RELEASES_RESOURCE,C_COL
HIGH,28,moderate,2212,A,CFG0,CFG4,2,2,0,1,NONE,NONE,0,1,C,YES,GROUP_RELEASES_RESOURCE,D_ROW
HIGH,28,moderate,2217,A,CFG0,CFG4,1,1,0,1,NONE,NONE,0,1,D,YES,GROUP_RELEASES_RESOURCE,C_COL
HIGH,28,moderate,2228,A,CFG0,CFG4,4,2,0,1,NONE,NONE,0,1,B,YES,GROUP_RELEASES_RESOURCE,A_ROW
HIGH,28,moderate,2231,A,CFG0,CFG4,2,2,0,1,NONE,NONE,0,1,D,YES,GROUP_RELEASES_RESOURCE,C_COL
HIGH,28,moderate,2233,A,CFG0,CFG4,1,1,0,1,NONE,NONE,0,1,D,YES,GROUP_RELEASES_RESOURCE,C_COL
HIGH,28,moderate,2245,A,CFG0,CFG4,1,1,0,1,NONE,NONE,0,1,B,YES,GROUP_RELEASES_RESOURCE,A_ROW
HIGH,28,moderate,2251,A,CFG0,CFG4,1,1,0,1,NONE,NONE,0,1,B,YES,GROUP_RELEASES_RESOURCE,A_ROW
HIGH,28,moderate,2261,A,CFG0,CFG4,2,2,0,1,NONE,NONE,0,1,C,YES,GROUP_RELEASES_RESOURCE,D_ROW
HIGH,28,moderate,2269,A,CFG0,CFG4,1,1,0,1,NONE,NONE,0,1,B,YES,GROUP_RELEASES_RESOURCE,A_ROW
HIGH,28,moderate,2273,A,CFG0,CFG4,4,2,0,1,NONE,NONE,0,1,C,YES,GROUP_RELEASES_RESOURCE,D_ROW
HIGH,28,moderate,2299,A,CFG0,CFG4,2,2,0,1,NONE,NONE,0,1,C,YES,GROUP_RELEASES_RESOURCE,D_ROW
HIGH,28,moderate,2306,A,CFG0,CFG4,2,2,0,1,NONE,NONE,0,1,C,YES,GROUP_RELEASES_RESOURCE,D_ROW
HIGH,28,moderate,2323,A,CFG0,CFG4,2,2,0,1,NONE,NONE,0,1,C,YES,GROUP_RELEASES_RESOURCE,D_ROW
HIGH,28,moderate,2332,A,CFG0,CFG4,4,2,0,1,NONE,NONE,0,1,D,YES,GROUP_RELEASES_RESOURCE,C_COL
HIGH,28,moderate,2335,A,CFG0,CFG4,1,1,0,1,NONE,NONE,0,1,B,YES,GROUP_RELEASES_RESOURCE,A_ROW
HIGH,28,moderate,2338,A,CFG0,CFG4,1,1,0,1,NONE,NONE,0,1,D,YES,GROUP_RELEASES_RESOURCE,C_COL
HIGH,28,moderate,2340,A,CFG0,CFG4,1,1,0,1,NONE,NONE,0,1,C,YES,GROUP_RELEASES_RESOURCE,D_ROW
HIGH,28,moderate,2349,A,CFG0,CFG4,2,2,0,1,NONE,NONE,0,1,C,YES,GROUP_RELEASES_RESOURCE,D_ROW
HIGH,28,moderate,2354,A,CFG0,CFG4,1,1,0,1,NONE,NONE,0,1,C,YES,GROUP_RELEASES_RESOURCE,D_ROW
HIGH,28,moderate,2371,A,CFG0,CFG4,2,2,0,1,NONE,NONE,0,1,C,YES,GROUP_RELEASES_RESOURCE,D_ROW
HIGH,28,moderate,2378,A,CFG0,CFG4,2,1,0,1,NONE,NONE,0,1,B,YES,GROUP_RELEASES_RESOURCE,A_ROW
HIGH,28,moderate,2386,A,CFG0,CFG4,1,3,0,1,NONE,NONE,0,1,D,YES,GROUP_RELEASES_RESOURCE,C_COL
HIGH,28,moderate,2388,A,CFG0,CFG4,1,3,0,1,NONE,NONE,0,1,C,YES,GROUP_RELEASES_RESOURCE,D_ROW
HIGH,28,moderate,2409,A,CFG0,CFG4,1,1,0,1,NONE,NONE,0,1,C,YES,GROUP_RELEASES_RESOURCE,D_ROW
HIGH,28,moderate,2416,A,CFG0,CFG4,1,1,0,1,NONE,NONE,0,1,C,YES,GROUP_RELEASES_RESOURCE,D_ROW
HIGH,28,moderate,2420,A,CFG0,CFG4,1,1,0,1,NONE,NONE,0,1,D,YES,GROUP_RELEASES_RESOURCE,C_COL
HIGH,28,moderate,2426,A,CFG0,CFG4,1,1,0,1,NONE,NONE,0,1,C,YES,GROUP_RELEASES_RESOURCE,D_ROW
HIGH,28,moderate,2439,A,CFG0,CFG4,1,1,0,1,NONE,NONE,0,1,C,YES,GROUP_RELEASES_RESOURCE,D_ROW
HIGH,28,moderate,2449,A,CFG0,CFG4,1,1,0,1,NONE,NONE,0,1,B,YES,GROUP_RELEASES_RESOURCE,A_ROW
HIGH,28,moderate,2459,A,CFG0,CFG4,2,2,0,1,NONE,NONE,0,1,C,YES,GROUP_RELEASES_RESOURCE,D_ROW
HIGH,28,moderate,2460,A,CFG0,CFG4,1,3,0,1,NONE,NONE,0,1,B,YES,GROUP_RELEASES_RESOURCE,A_ROW
HIGH,28,moderate,2473,A,CFG0,CFG4,1,1,0,1,NONE,NONE,0,1,B,YES,GROUP_RELEASES_RESOURCE,A_ROW
HIGH,28,moderate,2492,A,CFG0,CFG4,1,1,0,1,NONE,NONE,0,1,D,YES,GROUP_RELEASES_RESOURCE,C_COL
HIGH,28,moderate,2496,A,CFG0,CFG4,1,1,0,1,NONE,NONE,0,1,C,YES,GROUP_RELEASES_RESOURCE,D_ROW
HIGH,28,moderate,2501,A,CFG0,CFG4,2,2,0,1,NONE,NONE,0,1,C,YES,GROUP_RELEASES_RESOURCE,D_ROW
HIGH,28,moderate,2502,A,CFG0,CFG4,1,1,0,1,NONE,NONE,0,1,C,YES,GROUP_RELEASES_RESOURCE,D_ROW
HIGH,28,moderate,2515,A,CFG0,CFG4,2,2,0,1,NONE,NONE,0,1,C,YES,GROUP_RELEASES_RESOURCE,D_ROW
HIGH,28,moderate,2516,A,CFG0,CFG4,2,1,0,1,NONE,NONE,0,1,B,YES,GROUP_RELEASES_RESOURCE,A_ROW
HIGH,28,moderate,2525,A,CFG0,CFG4,4,2,0,1,NONE,NONE,0,1,B,YES,GROUP_RELEASES_RESOURCE,A_ROW
HIGH,28,moderate,2533,A,CFG0,CFG4,1,1,0,1,NONE,NONE,0,1,D,YES,GROUP_RELEASES_RESOURCE,C_COL
HIGH,28,moderate,2551,A,CFG0,CFG4,2,2,0,1,NONE,NONE,0,1,D,YES,GROUP_RELEASES_RESOURCE,C_COL
HIGH,28,moderate,2555,A,CFG0,CFG4,2,1,0,1,NONE,NONE,0,1,B,YES,GROUP_RELEASES_RESOURCE,A_ROW
HIGH,28,moderate,2560,A,CFG0,CFG4,1,1,0,1,NONE,NONE,0,1,C,YES,GROUP_RELEASES_RESOURCE,D_ROW
HIGH,28,moderate,2563,A,CFG0,CFG4,1,1,0,1,NONE,NONE,0,1,B,YES,GROUP_RELEASES_RESOURCE,A_ROW
HIGH,28,moderate,2567,A,CFG0,CFG4,2,2,0,1,NONE,NONE,0,1,B,YES,GROUP_RELEASES_RESOURCE,A_ROW
HIGH,28,moderate,2572,A,CFG0,CFG4,2,2,0,1,NONE,NONE,0,1,B,YES,GROUP_RELEASES_RESOURCE,A_ROW
HIGH,28,moderate,2573,A,CFG0,CFG4,1,1,0,1,NONE,NONE,0,1,C,YES,GROUP_RELEASES_RESOURCE,D_ROW
HIGH,28,moderate,2578,A,CFG0,CFG4,1,1,0,1,NONE,NONE,0,1,D,YES,GROUP_RELEASES_RESOURCE,C_COL
HIGH,28,moderate,2581,A,CFG0,CFG4,2,2,0,1,NONE,NONE,0,1,B,YES,GROUP_RELEASES_RESOURCE,A_ROW
HIGH,28,moderate,2587,A,CFG0,CFG4,2,2,0,1,NONE,NONE,0,1,C,YES,GROUP_RELEASES_RESOURCE,D_ROW
HIGH,28,moderate,2602,A,CFG0,CFG4,1,1,0,1,NONE,NONE,0,1,C,YES,GROUP_RELEASES_RESOURCE,D_ROW
HIGH,28,moderate,2604,A,CFG0,CFG4,1,1,0,1,NONE,NONE,0,1,C,YES,GROUP_RELEASES_RESOURCE,D_ROW
HIGH,28,moderate,2622,A,CFG0,CFG4,4,2,0,1,NONE,NONE,0,1,B,YES,GROUP_RELEASES_RESOURCE,A_ROW
HIGH,28,moderate,2631,A,CFG0,CFG4,1,1,0,1,NONE,NONE,0,1,B,YES,GROUP_RELEASES_RESOURCE,A_ROW
HIGH,28,moderate,2633,A,CFG0,CFG4,1,1,0,1,NONE,NONE,0,1,B,YES,GROUP_RELEASES_RESOURCE,A_ROW
HIGH,28,moderate,2653,A,CFG0,CFG4,2,2,0,1,NONE,NONE,0,1,D,YES,GROUP_RELEASES_RESOURCE,C_COL
HIGH,28,moderate,2663,A,CFG0,CFG4,1,1,0,1,NONE,NONE,0,1,B,YES,GROUP_RELEASES_RESOURCE,A_ROW
HIGH,28,moderate,2670,A,CFG0,CFG4,2,2,0,1,NONE,NONE,0,1,D,YES,GROUP_RELEASES_RESOURCE,C_COL
HIGH,28,moderate,2671,A,CFG0,CFG4,1,1,0,1,NONE,NONE,0,1,C,YES,GROUP_RELEASES_RESOURCE,D_ROW
HIGH,28,moderate,2679,A,CFG0,CFG4,2,2,0,1,NONE,NONE,0,1,B,YES,GROUP_RELEASES_RESOURCE,A_ROW
HIGH,28,moderate,2682,A,CFG0,CFG4,1,1,0,1,NONE,NONE,0,1,D,YES,GROUP_RELEASES_RESOURCE,C_COL
HIGH,28,moderate,2691,A,CFG0,CFG4,1,1,0,1,NONE,NONE,0,1,B,YES,GROUP_RELEASES_RESOURCE,A_ROW
HIGH,28,moderate,2700,A,CFG0,CFG4,2,1,0,1,NONE,NONE,0,1,B,YES,GROUP_RELEASES_RESOURCE,A_ROW
HIGH,28,moderate,2703,A,CFG0,CFG4,1,1,0,1,NONE,NONE,0,1,B,YES,GROUP_RELEASES_RESOURCE,A_ROW
HIGH,28,moderate,2710,A,CFG0,CFG4,1,1,0,1,NONE,NONE,0,1,C,YES,GROUP_RELEASES_RESOURCE,D_ROW
HIGH,28,moderate,2711,A,CFG0,CFG4,2,2,0,1,NONE,NONE,0,1,C,YES,GROUP_RELEASES_RESOURCE,D_ROW
HIGH,28,moderate,2721,A,CFG0,CFG4,1,1,0,1,NONE,NONE,0,1,C,YES,GROUP_RELEASES_RESOURCE,D_ROW
HIGH,28,moderate,2735,A,CFG0,CFG4,1,1,0,1,NONE,NONE,0,1,C,YES,GROUP_RELEASES_RESOURCE,D_ROW
HIGH,28,moderate,2737,A,CFG0,CFG4,1,1,0,1,NONE,NONE,0,1,B,YES,GROUP_RELEASES_RESOURCE,A_ROW
HIGH,28,moderate,2743,A,CFG0,CFG4,1,1,0,1,NONE,NONE,0,1,C,YES,GROUP_RELEASES_RESOURCE,D_ROW
HIGH,28,moderate,2748,A,CFG0,CFG4,1,1,0,1,NONE,NONE,0,1,B,YES,GROUP_RELEASES_RESOURCE,A_ROW
HIGH,28,moderate,2752,A,CFG0,CFG4,1,1,0,1,NONE,NONE,0,1,B,YES,GROUP_RELEASES_RESOURCE,A_ROW
HIGH,28,moderate,2757,A,CFG0,CFG4,2,2,0,1,NONE,NONE,0,1,B,YES,GROUP_RELEASES_RESOURCE,A_ROW
HIGH,28,moderate,2767,A,CFG0,CFG4,2,2,0,1,NONE,NONE,0,1,B,YES,GROUP_RELEASES_RESOURCE,A_ROW
HIGH,28,moderate,2773,A,CFG0,CFG4,1,1,0,1,NONE,NONE,0,1,D,YES,GROUP_RELEASES_RESOURCE,C_COL
HIGH,28,moderate,2780,A,CFG0,CFG4,1,1,0,1,NONE,NONE,0,1,C,YES,GROUP_RELEASES_RESOURCE,D_ROW
HIGH,28,moderate,2782,A,CFG0,CFG4,1,1,0,1,NONE,NONE,0,1,C,YES,GROUP_RELEASES_RESOURCE,D_ROW
HIGH,28,moderate,2787,A,CFG0,CFG4,1,1,0,1,NONE,NONE,0,1,B,YES,GROUP_RELEASES_RESOURCE,A_ROW
HIGH,28,moderate,2793,A,CFG0,CFG4,1,1,0,1,NONE,NONE,0,1,C,YES,GROUP_RELEASES_RESOURCE,D_ROW
HIGH,28,moderate,2794,A,CFG0,CFG4,1,1,0,1,NONE,NONE,0,1,B,YES,GROUP_RELEASES_RESOURCE,A_ROW
HIGH,28,moderate,2803,A,CFG0,CFG4,2,1,0,1,NONE,NONE,0,1,C,YES,GROUP_RELEASES_RESOURCE,D_ROW
HIGH,28,moderate,2820,A,CFG0,CFG4,2,1,0,1,NONE,NONE,0,1,D,YES,GROUP_RELEASES_RESOURCE,C_COL
HIGH,28,moderate,2822,A,CFG0,CFG4,1,1,0,1,NONE,NONE,0,1,C,YES,GROUP_RELEASES_RESOURCE,D_ROW
HIGH,28,moderate,2823,A,CFG0,CFG4,1,1,0,1,NONE,NONE,0,1,B,YES,GROUP_RELEASES_RESOURCE,A_ROW
HIGH,28,moderate,2826,A,CFG0,CFG4,1,2,0,1,NONE,NONE,0,1,C,YES,GROUP_RELEASES_RESOURCE,D_ROW
HIGH,28,moderate,2830,A,CFG0,CFG4,1,1,0,1,NONE,NONE,0,1,B,YES,GROUP_RELEASES_RESOURCE,A_ROW
HIGH,28,moderate,2834,A,CFG0,CFG4,1,1,0,1,NONE,NONE,0,1,D,YES,GROUP_RELEASES_RESOURCE,C_COL
HIGH,28,moderate,2839,A,CFG0,CFG4,1,1,0,1,NONE,NONE,0,1,B,YES,GROUP_RELEASES_RESOURCE,A_ROW
HIGH,28,moderate,2842,A,CFG0,CFG4,1,1,0,1,NONE,NONE,0,1,B,YES,GROUP_RELEASES_RESOURCE,A_ROW
HIGH,28,moderate,2848,A,CFG0,CFG4,2,2,0,1,NONE,NONE,0,1,C,YES,GROUP_RELEASES_RESOURCE,D_ROW
HIGH,28,moderate,2849,A,CFG0,CFG4,1,1,0,1,NONE,NONE,0,1,C,YES,GROUP_RELEASES_RESOURCE,D_ROW
HIGH,28,moderate,2851,A,CFG0,CFG4,1,1,0,1,NONE,NONE,0,1,C,YES,GROUP_RELEASES_RESOURCE,D_ROW
HIGH,28,moderate,2857,A,CFG0,CFG4,1,1,0,1,NONE,NONE,0,1,B,YES,GROUP_RELEASES_RESOURCE,A_ROW
HIGH,28,moderate,2859,A,CFG0,CFG4,1,1,0,1,NONE,NONE,0,1,B,YES,GROUP_RELEASES_RESOURCE,A_ROW
HIGH,28,moderate,2860,A,CFG0,CFG4,2,2,0,1,NONE,NONE,0,1,C,YES,GROUP_RELEASES_RESOURCE,D_ROW
HIGH,28,moderate,2875,A,CFG0,CFG4,1,1,0,1,NONE,NONE,0,1,B,YES,GROUP_RELEASES_RESOURCE,A_ROW
HIGH,28,moderate,2881,A,CFG0,CFG4,1,1,0,1,NONE,NONE,0,1,B,YES,GROUP_RELEASES_RESOURCE,A_ROW
HIGH,28,moderate,2903,A,CFG0,CFG4,1,1,0,1,NONE,NONE,0,1,C,YES,GROUP_RELEASES_RESOURCE,D_ROW
HIGH,28,moderate,2905,A,CFG0,CFG4,1,1,0,1,NONE,NONE,0,1,D,YES,GROUP_RELEASES_RESOURCE,C_COL
HIGH,28,moderate,2915,A,CFG0,CFG4,1,1,0,1,NONE,NONE,0,1,C,YES,GROUP_RELEASES_RESOURCE,D_ROW
HIGH,28,moderate,2916,A,CFG0,CFG4,1,1,0,1,NONE,NONE,0,1,D,YES,GROUP_RELEASES_RESOURCE,C_COL
HIGH,28,moderate,2932,A,CFG0,CFG4,1,1,0,1,NONE,NONE,0,1,C,YES,GROUP_RELEASES_RESOURCE,D_ROW
HIGH,28,moderate,2935,A,CFG0,CFG4,2,2,0,1,NONE,NONE,0,1,C,YES,GROUP_RELEASES_RESOURCE,D_ROW
HIGH,28,moderate,2948,A,CFG0,CFG4,1,1,0,1,NONE,NONE,0,1,C,YES,GROUP_RELEASES_RESOURCE,D_ROW
HIGH,28,moderate,2957,A,CFG0,CFG4,1,1,0,1,NONE,NONE,0,1,C,YES,GROUP_RELEASES_RESOURCE,D_ROW
HIGH,28,moderate,2963,A,CFG0,CFG4,1,1,0,1,NONE,NONE,0,1,C,YES,GROUP_RELEASES_RESOURCE,D_ROW
HIGH,28,moderate,2968,A,CFG0,CFG4,2,2,0,1,NONE,NONE,0,1,C,YES,GROUP_RELEASES_RESOURCE,D_ROW
HIGH,28,moderate,2973,A,CFG0,CFG4,1,1,0,1,NONE,NONE,0,1,C,YES,GROUP_RELEASES_RESOURCE,D_ROW
HIGH,28,moderate,2983,A,CFG0,CFG4,2,2,0,1,NONE,NONE,0,1,C,YES,GROUP_RELEASES_RESOURCE,D_ROW
HIGH,28,moderate,2986,A,CFG0,CFG4,2,2,0,1,NONE,NONE,0,1,D,YES,GROUP_RELEASES_RESOURCE,C_COL
HIGH,28,moderate,2991,A,CFG0,CFG4,1,1,0,1,NONE,NONE,0,1,C,YES,GROUP_RELEASES_RESOURCE,D_ROW
HIGH,28,moderate,2996,A,CFG0,CFG4,1,1,0,1,NONE,NONE,0,1,D,YES,GROUP_RELEASES_RESOURCE,C_COL
HIGH,28,moderate,3000,A,CFG0,CFG4,2,1,0,1,NONE,NONE,0,1,C,YES,GROUP_RELEASES_RESOURCE,D_ROW
HIGH,28,moderate,3003,A,CFG0,CFG4,1,1,0,1,NONE,NONE,0,1,C,YES,GROUP_RELEASES_RESOURCE,D_ROW
HIGH,28,moderate,3005,A,CFG0,CFG4,1,1,0,1,NONE,NONE,0,1,D,YES,GROUP_RELEASES_RESOURCE,C_COL
HIGH,28,moderate,3017,A,CFG0,CFG4,1,1,0,1,NONE,NONE,0,1,C,YES,GROUP_RELEASES_RESOURCE,D_ROW
HIGH,28,moderate,3030,A,CFG0,CFG4,1,1,0,1,NONE,NONE,0,1,C,YES,GROUP_RELEASES_RESOURCE,D_ROW
HIGH,28,moderate,3049,A,CFG0,CFG4,2,2,0,1,NONE,NONE,0,1,B,YES,GROUP_RELEASES_RESOURCE,A_ROW
HIGH,28,moderate,3061,A,CFG0,CFG4,1,2,0,1,NONE,NONE,0,1,C,YES,GROUP_RELEASES_RESOURCE,D_ROW
HIGH,28,moderate,3066,A,CFG0,CFG4,1,2,0,1,NONE,NONE,0,1,C,YES,GROUP_RELEASES_RESOURCE,D_ROW
HIGH,28,moderate,3069,A,CFG0,CFG4,1,1,0,1,NONE,NONE,0,1,D,YES,GROUP_RELEASES_RESOURCE,C_COL
HIGH,28,moderate,3070,A,CFG0,CFG4,1,1,0,1,NONE,NONE,0,1,B,YES,GROUP_RELEASES_RESOURCE,A_ROW
HIGH,28,moderate,3079,A,CFG0,CFG4,1,1,0,1,NONE,NONE,0,1,C,YES,GROUP_RELEASES_RESOURCE,D_ROW
HIGH,28,moderate,3091,A,CFG0,CFG4,2,2,0,1,NONE,NONE,0,1,C,YES,GROUP_RELEASES_RESOURCE,D_ROW
HIGH,28,moderate,3096,A,CFG0,CFG4,1,1,0,1,NONE,NONE,0,1,B,YES,GROUP_RELEASES_RESOURCE,A_ROW
HIGH,28,moderate,3106,A,CFG0,CFG4,1,1,0,1,NONE,NONE,0,1,C,YES,GROUP_RELEASES_RESOURCE,D_ROW
HIGH,28,moderate,3117,A,CFG0,CFG4,2,1,0,1,NONE,NONE,0,1,C,YES,GROUP_RELEASES_RESOURCE,D_ROW
HIGH,28,moderate,3118,A,CFG0,CFG4,4,2,0,1,NONE,NONE,0,1,B,YES,GROUP_RELEASES_RESOURCE,A_ROW
HIGH,28,moderate,3126,A,CFG0,CFG4,1,1,0,1,NONE,NONE,0,1,D,YES,GROUP_RELEASES_RESOURCE,C_COL
HIGH,28,moderate,3129,A,CFG0,CFG4,1,1,0,1,NONE,NONE,0,1,C,YES,GROUP_RELEASES_RESOURCE,D_ROW
HIGH,28,moderate,3138,A,CFG0,CFG4,1,1,0,1,NONE,NONE,0,1,C,YES,GROUP_RELEASES_RESOURCE,D_ROW
HIGH,28,moderate,3143,A,CFG0,CFG4,1,1,0,1,NONE,NONE,0,1,C,YES,GROUP_RELEASES_RESOURCE,D_ROW
HIGH,28,moderate,3145,A,CFG0,CFG4,2,1,0,1,NONE,NONE,0,1,D,YES,GROUP_RELEASES_RESOURCE,C_COL
HIGH,28,moderate,3153,A,CFG0,CFG4,2,1,0,1,NONE,NONE,0,1,B,YES,GROUP_RELEASES_RESOURCE,A_ROW
HIGH,28,moderate,3163,A,CFG0,CFG4,1,1,0,1,NONE,NONE,0,1,C,YES,GROUP_RELEASES_RESOURCE,D_ROW
HIGH,28,moderate,3174,A,CFG0,CFG4,1,1,0,1,NONE,NONE,0,1,B,YES,GROUP_RELEASES_RESOURCE,A_ROW
HIGH,28,moderate,3176,A,CFG0,CFG4,2,2,0,1,NONE,NONE,0,1,C,YES,GROUP_RELEASES_RESOURCE,D_ROW
HIGH,28,moderate,3177,A,CFG0,CFG4,1,1,0,1,NONE,NONE,0,1,B,YES,GROUP_RELEASES_RESOURCE,A_ROW
HIGH,28,moderate,3193,A,CFG0,CFG4,1,1,0,1,NONE,NONE,0,1,B,YES,GROUP_RELEASES_RESOURCE,A_ROW
HIGH,28,moderate,3201,A,CFG0,CFG4,2,2,0,1,NONE,NONE,0,1,B,YES,GROUP_RELEASES_RESOURCE,A_ROW
HIGH,28,moderate,3205,A,CFG0,CFG4,1,1,0,1,NONE,NONE,0,1,C,YES,GROUP_RELEASES_RESOURCE,D_ROW
HIGH,28,moderate,3208,A,CFG0,CFG4,2,2,0,1,NONE,NONE,0,1,C,YES,GROUP_RELEASES_RESOURCE,D_ROW
HIGH,28,moderate,3216,A,CFG0,CFG4,1,1,0,1,NONE,NONE,0,1,B,YES,GROUP_RELEASES_RESOURCE,A_ROW
HIGH,28,moderate,3234,A,CFG0,CFG4,1,1,0,1,NONE,NONE,0,1,C,YES,GROUP_RELEASES_RESOURCE,D_ROW
HIGH,28,moderate,3237,A,CFG0,CFG4,1,1,0,1,NONE,NONE,0,1,C,YES,GROUP_RELEASES_RESOURCE,D_ROW
HIGH,28,moderate,3240,A,CFG0,CFG4,1,1,0,1,NONE,NONE,0,1,C,YES,GROUP_RELEASES_RESOURCE,D_ROW
HIGH,28,moderate,3246,A,CFG0,CFG4,2,2,0,1,NONE,NONE,0,1,B,YES,GROUP_RELEASES_RESOURCE,A_ROW
HIGH,28,moderate,3248,A,CFG0,CFG4,1,1,0,1,NONE,NONE,0,1,D,YES,GROUP_RELEASES_RESOURCE,C_COL
HIGH,28,moderate,3255,A,CFG0,CFG4,1,1,0,1,NONE,NONE,0,1,B,YES,GROUP_RELEASES_RESOURCE,A_ROW
HIGH,28,moderate,3256,A,CFG0,CFG4,1,1,0,1,NONE,NONE,0,1,D,YES,GROUP_RELEASES_RESOURCE,C_COL
HIGH,28,moderate,3257,A,CFG0,CFG4,1,2,0,1,NONE,NONE,0,1,B,YES,GROUP_RELEASES_RESOURCE,A_ROW
HIGH,28,moderate,3264,A,CFG0,CFG4,2,2,0,1,NONE,NONE,0,1,D,YES,GROUP_RELEASES_RESOURCE,C_COL
HIGH,28,moderate,3270,A,CFG0,CFG4,1,1,0,1,NONE,NONE,0,1,D,YES,GROUP_RELEASES_RESOURCE,C_COL
HIGH,28,moderate,3282,A,CFG0,CFG4,1,1,0,1,NONE,NONE,0,1,C,YES,GROUP_RELEASES_RESOURCE,D_ROW
HIGH,28,moderate,3286,A,CFG0,CFG4,1,1,0,1,NONE,NONE,0,1,D,YES,GROUP_RELEASES_RESOURCE,C_COL
HIGH,28,moderate,3287,A,CFG0,CFG4,1,1,0,1,NONE,NONE,0,1,D,YES,GROUP_RELEASES_RESOURCE,C_COL
HIGH,28,moderate,3298,A,CFG0,CFG4,1,1,0,1,NONE,NONE,0,1,C,YES,GROUP_RELEASES_RESOURCE,D_ROW
HIGH,28,moderate,3312,A,CFG0,CFG4,1,1,0,1,NONE,NONE,0,1,C,YES,GROUP_RELEASES_RESOURCE,D_ROW
HIGH,28,moderate,3318,A,CFG0,CFG4,1,1,0,1,NONE,NONE,0,1,C,YES,GROUP_RELEASES_RESOURCE,D_ROW
HIGH,28,moderate,3319,A,CFG0,CFG4,1,1,0,1,NONE,NONE,0,1,B,YES,GROUP_RELEASES_RESOURCE,A_ROW
HIGH,28,moderate,3323,A,CFG0,CFG4,2,2,0,1,NONE,NONE,0,1,B,YES,GROUP_RELEASES_RESOURCE,A_ROW
HIGH,28,moderate,3344,A,CFG0,CFG4,2,2,0,1,NONE,NONE,0,1,D,YES,GROUP_RELEASES_RESOURCE,C_COL
HIGH,28,moderate,3345,A,CFG0,CFG4,4,2,0,1,NONE,NONE,0,1,B,YES,GROUP_RELEASES_RESOURCE,A_ROW
HIGH,28,moderate,3347,A,CFG0,CFG4,1,1,0,1,NONE,NONE,0,1,C,YES,GROUP_RELEASES_RESOURCE,D_ROW
HIGH,28,moderate,3354,A,CFG0,CFG4,1,1,0,1,NONE,NONE,0,1,B,YES,GROUP_RELEASES_RESOURCE,A_ROW
HIGH,28,moderate,3355,A,CFG0,CFG4,4,2,0,1,NONE,NONE,0,1,D,YES,GROUP_RELEASES_RESOURCE,C_COL
HIGH,28,moderate,3359,A,CFG0,CFG4,1,1,0,1,NONE,NONE,0,1,B,YES,GROUP_RELEASES_RESOURCE,A_ROW
HIGH,28,moderate,3361,A,CFG0,CFG4,2,2,0,1,NONE,NONE,0,1,D,YES,GROUP_RELEASES_RESOURCE,C_COL
HIGH,28,moderate,3363,A,CFG0,CFG4,2,2,0,1,NONE,NONE,0,1,C,YES,GROUP_RELEASES_RESOURCE,D_ROW
HIGH,28,moderate,3364,A,CFG0,CFG4,2,2,0,1,NONE,NONE,0,1,C,YES,GROUP_RELEASES_RESOURCE,D_ROW
HIGH,28,moderate,3366,A,CFG0,CFG4,1,1,0,1,NONE,NONE,0,1,B,YES,GROUP_RELEASES_RESOURCE,A_ROW
HIGH,28,moderate,3374,A,CFG0,CFG4,1,1,0,1,NONE,NONE,0,1,B,YES,GROUP_RELEASES_RESOURCE,A_ROW
HIGH,28,moderate,3379,A,CFG0,CFG4,1,1,0,1,NONE,NONE,0,1,C,YES,GROUP_RELEASES_RESOURCE,D_ROW
HIGH,28,moderate,3395,A,CFG0,CFG4,1,1,0,1,NONE,NONE,0,1,C,YES,GROUP_RELEASES_RESOURCE,D_ROW
HIGH,28,moderate,3398,A,CFG0,CFG4,2,2,0,1,NONE,NONE,0,1,D,YES,GROUP_RELEASES_RESOURCE,C_COL
HIGH,28,moderate,3404,A,CFG0,CFG4,1,1,0,1,NONE,NONE,0,1,C,YES,GROUP_RELEASES_RESOURCE,D_ROW
HIGH,28,moderate,3409,A,CFG0,CFG4,1,1,0,1,NONE,NONE,0,1,D,YES,GROUP_RELEASES_RESOURCE,C_COL
HIGH,28,moderate,3431,A,CFG0,CFG4,1,1,0,1,NONE,NONE,0,1,C,YES,GROUP_RELEASES_RESOURCE,D_ROW
HIGH,28,moderate,3436,A,CFG0,CFG4,1,1,0,1,NONE,NONE,0,1,C,YES,GROUP_RELEASES_RESOURCE,D_ROW
HIGH,28,moderate,3448,A,CFG0,CFG4,2,2,0,1,NONE,NONE,0,1,B,YES,GROUP_RELEASES_RESOURCE,A_ROW
HIGH,28,moderate,3452,A,CFG0,CFG4,1,1,0,1,NONE,NONE,0,1,C,YES,GROUP_RELEASES_RESOURCE,D_ROW
HIGH,28,moderate,3482,A,CFG0,CFG4,1,1,0,1,NONE,NONE,0,1,B,YES,GROUP_RELEASES_RESOURCE,A_ROW
HIGH,28,moderate,3494,A,CFG0,CFG4,1,1,0,1,NONE,NONE,0,1,C,YES,GROUP_RELEASES_RESOURCE,D_ROW
HIGH,28,moderate,3522,A,CFG0,CFG4,1,1,0,1,NONE,NONE,0,1,B,YES,GROUP_RELEASES_RESOURCE,A_ROW
HIGH,28,moderate,3531,A,CFG0,CFG4,1,1,0,1,NONE,NONE,0,1,C,YES,GROUP_RELEASES_RESOURCE,D_ROW
HIGH,28,moderate,3541,A,CFG0,CFG4,2,2,0,1,NONE,NONE,0,1,D,YES,GROUP_RELEASES_RESOURCE,C_COL
HIGH,28,moderate,3543,A,CFG0,CFG4,1,1,0,1,NONE,NONE,0,1,C,YES,GROUP_RELEASES_RESOURCE,D_ROW
HIGH,28,moderate,3544,A,CFG0,CFG4,1,1,0,1,NONE,NONE,0,1,C,YES,GROUP_RELEASES_RESOURCE,D_ROW
HIGH,28,moderate,3551,A,CFG0,CFG4,1,1,0,1,NONE,NONE,0,1,C,YES,GROUP_RELEASES_RESOURCE,D_ROW
HIGH,28,moderate,3560,A,CFG0,CFG4,1,1,0,1,NONE,NONE,0,1,B,YES,GROUP_RELEASES_RESOURCE,A_ROW
HIGH,28,moderate,3561,A,CFG0,CFG4,1,1,0,1,NONE,NONE,0,1,B,YES,GROUP_RELEASES_RESOURCE,A_ROW
HIGH,28,moderate,3574,A,CFG0,CFG4,1,1,0,1,NONE,NONE,0,1,B,YES,GROUP_RELEASES_RESOURCE,A_ROW
HIGH,28,moderate,3577,A,CFG0,CFG4,4,2,0,1,NONE,NONE,0,1,C,YES,GROUP_RELEASES_RESOURCE,D_ROW
HIGH,28,moderate,3585,A,CFG0,CFG4,1,1,0,1,NONE,NONE,0,1,C,YES,GROUP_RELEASES_RESOURCE,D_ROW
HIGH,28,moderate,3589,A,CFG0,CFG4,1,1,0,1,NONE,NONE,0,1,C,YES,GROUP_RELEASES_RESOURCE,D_ROW
HIGH,28,moderate,3600,A,CFG0,CFG4,2,2,0,1,NONE,NONE,0,1,C,YES,GROUP_RELEASES_RESOURCE,D_ROW
HIGH,28,moderate,3602,A,CFG0,CFG4,1,1,0,1,NONE,NONE,0,1,B,YES,GROUP_RELEASES_RESOURCE,A_ROW
HIGH,28,moderate,3603,A,CFG0,CFG4,2,2,0,1,NONE,NONE,0,1,C,YES,GROUP_RELEASES_RESOURCE,D_ROW
HIGH,28,moderate,3611,A,CFG0,CFG4,1,1,0,1,NONE,NONE,0,1,C,YES,GROUP_RELEASES_RESOURCE,D_ROW
HIGH,28,moderate,3612,A,CFG0,CFG4,1,1,0,1,NONE,NONE,0,1,C,YES,GROUP_RELEASES_RESOURCE,D_ROW
HIGH,28,moderate,3613,A,CFG0,CFG4,1,1,0,1,NONE,NONE,0,1,B,YES,GROUP_RELEASES_RESOURCE,A_ROW
HIGH,28,moderate,3619,A,CFG0,CFG4,1,1,0,1,NONE,NONE,0,1,B,YES,GROUP_RELEASES_RESOURCE,A_ROW
HIGH,28,moderate,3623,A,CFG0,CFG4,1,1,0,1,NONE,NONE,0,1,C,YES,GROUP_RELEASES_RESOURCE,D_ROW
HIGH,28,moderate,3626,A,CFG0,CFG4,1,3,0,1,NONE,NONE,0,1,B,YES,GROUP_RELEASES_RESOURCE,A_ROW
HIGH,28,moderate,3650,A,CFG0,CFG4,2,2,0,1,NONE,NONE,0,1,C,YES,GROUP_RELEASES_RESOURCE,D_ROW
HIGH,28,moderate,3652,A,CFG0,CFG4,1,1,0,1,NONE,NONE,0,1,C,YES,GROUP_RELEASES_RESOURCE,D_ROW
HIGH,28,moderate,3656,A,CFG0,CFG4,1,1,0,1,NONE,NONE,0,1,B,YES,GROUP_RELEASES_RESOURCE,A_ROW
HIGH,28,moderate,3658,A,CFG0,CFG4,2,2,0,1,NONE,NONE,0,1,C,YES,GROUP_RELEASES_RESOURCE,D_ROW
HIGH,28,moderate,3666,A,CFG0,CFG4,2,1,0,1,NONE,NONE,0,1,C,YES,GROUP_RELEASES_RESOURCE,D_ROW
HIGH,28,moderate,3674,A,CFG0,CFG4,2,1,0,1,NONE,NONE,0,1,C,YES,GROUP_RELEASES_RESOURCE,D_ROW
HIGH,28,moderate,3680,A,CFG0,CFG4,1,1,0,1,NONE,NONE,0,1,C,YES,GROUP_RELEASES_RESOURCE,D_ROW
HIGH,28,moderate,3683,A,CFG0,CFG4,1,1,0,1,NONE,NONE,0,1,B,YES,GROUP_RELEASES_RESOURCE,A_ROW
HIGH,28,moderate,3687,A,CFG0,CFG4,2,2,0,1,NONE,NONE,0,1,D,YES,GROUP_RELEASES_RESOURCE,C_COL
HIGH,28,moderate,3697,A,CFG0,CFG4,2,2,0,1,NONE,NONE,0,1,B,YES,GROUP_RELEASES_RESOURCE,A_ROW
HIGH,28,moderate,3712,A,CFG0,CFG4,1,1,0,1,NONE,NONE,0,1,C,YES,GROUP_RELEASES_RESOURCE,D_ROW
HIGH,28,moderate,3713,A,CFG0,CFG4,4,2,0,1,NONE,NONE,0,1,C,YES,GROUP_RELEASES_RESOURCE,D_ROW
HIGH,28,moderate,3718,A,CFG0,CFG4,1,1,0,1,NONE,NONE,0,1,C,YES,GROUP_RELEASES_RESOURCE,D_ROW
HIGH,28,moderate,3726,A,CFG0,CFG4,1,1,0,1,NONE,NONE,0,1,C,YES,GROUP_RELEASES_RESOURCE,D_ROW
HIGH,28,moderate,3728,A,CFG0,CFG4,1,1,0,1,NONE,NONE,0,1,C,YES,GROUP_RELEASES_RESOURCE,D_ROW
HIGH,28,moderate,3736,A,CFG0,CFG4,1,1,0,1,NONE,NONE,0,1,B,YES,GROUP_RELEASES_RESOURCE,A_ROW
HIGH,28,moderate,3738,A,CFG0,CFG4,1,1,0,1,NONE,NONE,0,1,C,YES,GROUP_RELEASES_RESOURCE,D_ROW
HIGH,28,moderate,3743,A,CFG0,CFG4,2,2,0,1,NONE,NONE,0,1,D,YES,GROUP_RELEASES_RESOURCE,C_COL
HIGH,28,moderate,3744,A,CFG0,CFG4,1,1,0,1,NONE,NONE,0,1,C,YES,GROUP_RELEASES_RESOURCE,D_ROW
HIGH,28,moderate,3755,A,CFG0,CFG4,1,1,0,1,NONE,NONE,0,1,B,YES,GROUP_RELEASES_RESOURCE,A_ROW
HIGH,28,moderate,3760,A,CFG0,CFG4,1,1,0,1,NONE,NONE,0,1,C,YES,GROUP_RELEASES_RESOURCE,D_ROW
HIGH,28,moderate,3766,A,CFG0,CFG4,1,1,0,1,NONE,NONE,0,1,B,YES,GROUP_RELEASES_RESOURCE,A_ROW
HIGH,28,moderate,3770,A,CFG0,CFG4,2,2,0,1,NONE,NONE,0,1,C,YES,GROUP_RELEASES_RESOURCE,D_ROW
HIGH,28,moderate,3787,A,CFG0,CFG4,2,2,0,1,NONE,NONE,0,1,D,YES,GROUP_RELEASES_RESOURCE,C_COL
HIGH,28,moderate,3797,A,CFG0,CFG4,2,2,0,1,NONE,NONE,0,1,C,YES,GROUP_RELEASES_RESOURCE,D_ROW
HIGH,28,moderate,3799,A,CFG0,CFG4,1,1,0,1,NONE,NONE,0,1,D,YES,GROUP_RELEASES_RESOURCE,C_COL
HIGH,28,moderate,3802,A,CFG0,CFG4,1,1,0,1,NONE,NONE,0,1,B,YES,GROUP_RELEASES_RESOURCE,A_ROW
HIGH,28,moderate,3815,A,CFG0,CFG4,2,2,0,1,NONE,NONE,0,1,C,YES,GROUP_RELEASES_RESOURCE,D_ROW
HIGH,28,moderate,3817,A,CFG0,CFG4,1,1,0,1,NONE,NONE,0,1,C,YES,GROUP_RELEASES_RESOURCE,D_ROW
HIGH,28,moderate,3825,A,CFG0,CFG4,1,1,0,1,NONE,NONE,0,1,C,YES,GROUP_RELEASES_RESOURCE,D_ROW
HIGH,28,moderate,3842,A,CFG0,CFG4,2,2,0,1,NONE,NONE,0,1,C,YES,GROUP_RELEASES_RESOURCE,D_ROW
HIGH,28,moderate,3845,A,CFG0,CFG4,1,1,0,1,NONE,NONE,0,1,C,YES,GROUP_RELEASES_RESOURCE,D_ROW
HIGH,28,moderate,3868,A,CFG0,CFG4,2,1,0,1,NONE,NONE,0,1,C,YES,GROUP_RELEASES_RESOURCE,D_ROW
HIGH,28,moderate,3876,A,CFG0,CFG4,1,1,0,1,NONE,NONE,0,1,D,YES,GROUP_RELEASES_RESOURCE,C_COL
HIGH,28,moderate,3892,A,CFG0,CFG4,1,1,0,1,NONE,NONE,0,1,B,YES,GROUP_RELEASES_RESOURCE,A_ROW
HIGH,28,moderate,3912,A,CFG0,CFG4,1,1,0,1,NONE,NONE,0,1,D,YES,GROUP_RELEASES_RESOURCE,C_COL
HIGH,28,moderate,3922,A,CFG0,CFG4,1,1,0,1,NONE,NONE,0,1,C,YES,GROUP_RELEASES_RESOURCE,D_ROW
HIGH,28,moderate,3926,A,CFG0,CFG4,1,1,0,1,NONE,NONE,0,1,B,YES,GROUP_RELEASES_RESOURCE,A_ROW
HIGH,28,moderate,3930,A,CFG0,CFG4,1,1,0,1,NONE,NONE,0,1,B,YES,GROUP_RELEASES_RESOURCE,A_ROW
HIGH,28,moderate,3932,A,CFG0,CFG4,1,1,0,1,NONE,NONE,0,1,B,YES,GROUP_RELEASES_RESOURCE,A_ROW
HIGH,28,moderate,3934,A,CFG0,CFG4,1,1,0,1,NONE,NONE,0,1,B,YES,GROUP_RELEASES_RESOURCE,A_ROW
HIGH,28,moderate,3949,A,CFG0,CFG4,1,1,0,1,NONE,NONE,0,1,C,YES,GROUP_RELEASES_RESOURCE,D_ROW
HIGH,28,moderate,3952,A,CFG0,CFG4,1,1,0,1,NONE,NONE,0,1,C,YES,GROUP_RELEASES_RESOURCE,D_ROW
HIGH,28,moderate,3957,A,CFG0,CFG4,4,2,0,1,NONE,NONE,0,1,B,YES,GROUP_RELEASES_RESOURCE,A_ROW
HIGH,28,moderate,3971,A,CFG0,CFG4,4,2,0,1,NONE,NONE,0,1,D,YES,GROUP_RELEASES_RESOURCE,C_COL
HIGH,28,moderate,3974,A,CFG0,CFG4,1,1,0,1,NONE,NONE,0,1,D,YES,GROUP_RELEASES_RESOURCE,C_COL
HIGH,28,moderate,3976,A,CFG0,CFG4,2,2,0,1,NONE,NONE,0,1,C,YES,GROUP_RELEASES_RESOURCE,D_ROW
HIGH,28,moderate,3993,A,CFG0,CFG4,2,2,0,1,NONE,NONE,0,1,B,YES,GROUP_RELEASES_RESOURCE,A_ROW
HIGH,28,moderate,4001,A,CFG0,CFG4,1,1,0,1,NONE,NONE,0,1,C,YES,GROUP_RELEASES_RESOURCE,D_ROW
HIGH,28,moderate,4028,A,CFG0,CFG4,1,1,0,1,NONE,NONE,0,1,B,YES,GROUP_RELEASES_RESOURCE,A_ROW
HIGH,28,moderate,4037,A,CFG0,CFG4,1,1,0,1,NONE,NONE,0,1,C,YES,GROUP_RELEASES_RESOURCE,D_ROW
HIGH,28,moderate,4039,A,CFG0,CFG4,1,1,0,1,NONE,NONE,0,1,C,YES,GROUP_RELEASES_RESOURCE,D_ROW
HIGH,28,moderate,4041,A,CFG0,CFG4,1,1,0,1,NONE,NONE,0,1,B,YES,GROUP_RELEASES_RESOURCE,A_ROW
HIGH,28,moderate,4046,A,CFG0,CFG4,1,1,0,1,NONE,NONE,0,1,C,YES,GROUP_RELEASES_RESOURCE,D_ROW
HIGH,28,moderate,4048,A,CFG0,CFG4,1,1,0,1,NONE,NONE,0,1,B,YES,GROUP_RELEASES_RESOURCE,A_ROW
HIGH,28,moderate,4052,A,CFG0,CFG4,1,1,0,1,NONE,NONE,0,1,C,YES,GROUP_RELEASES_RESOURCE,D_ROW
HIGH,28,moderate,4054,A,CFG0,CFG4,1,1,0,1,NONE,NONE,0,1,C,YES,GROUP_RELEASES_RESOURCE,D_ROW
HIGH,28,moderate,4055,A,CFG0,CFG4,1,1,0,1,NONE,NONE,0,1,D,YES,GROUP_RELEASES_RESOURCE,C_COL
HIGH,28,moderate,4073,A,CFG0,CFG4,1,1,0,1,NONE,NONE,0,1,C,YES,GROUP_RELEASES_RESOURCE,D_ROW
HIGH,28,moderate,4075,A,CFG0,CFG4,1,1,0,1,NONE,NONE,0,1,D,YES,GROUP_RELEASES_RESOURCE,C_COL
HIGH,28,moderate,4082,A,CFG0,CFG4,2,2,0,1,NONE,NONE,0,1,D,YES,GROUP_RELEASES_RESOURCE,C_COL
HIGH,28,moderate,4087,A,CFG0,CFG4,2,2,0,1,NONE,NONE,0,1,C,YES,GROUP_RELEASES_RESOURCE,D_ROW
HIGH,28,moderate,4098,A,CFG0,CFG4,1,1,0,1,NONE,NONE,0,1,C,YES,GROUP_RELEASES_RESOURCE,D_ROW
HIGH,28,moderate,4102,A,CFG0,CFG4,2,2,0,1,NONE,NONE,0,1,B,YES,GROUP_RELEASES_RESOURCE,A_ROW
HIGH,28,moderate,4108,A,CFG0,CFG4,1,1,0,1,NONE,NONE,0,1,C,YES,GROUP_RELEASES_RESOURCE,D_ROW
HIGH,28,moderate,4109,A,CFG0,CFG4,2,2,0,1,NONE,NONE,0,1,C,YES,GROUP_RELEASES_RESOURCE,D_ROW
HIGH,28,moderate,4124,A,CFG0,CFG4,1,1,0,1,NONE,NONE,0,1,D,YES,GROUP_RELEASES_RESOURCE,C_COL
HIGH,28,moderate,4134,A,CFG0,CFG4,1,1,0,1,NONE,NONE,0,1,D,YES,GROUP_RELEASES_RESOURCE,C_COL
HIGH,28,moderate,4141,A,CFG0,CFG4,1,1,0,1,NONE,NONE,0,1,B,YES,GROUP_RELEASES_RESOURCE,A_ROW
HIGH,28,moderate,4150,A,CFG0,CFG4,1,1,0,1,NONE,NONE,0,1,B,YES,GROUP_RELEASES_RESOURCE,A_ROW
HIGH,28,moderate,4180,A,CFG0,CFG4,1,2,0,1,NONE,NONE,0,1,D,YES,GROUP_RELEASES_RESOURCE,C_COL
HIGH,28,moderate,4182,A,CFG0,CFG4,1,1,0,1,NONE,NONE,0,1,C,YES,GROUP_RELEASES_RESOURCE,D_ROW
HIGH,28,moderate,4187,A,CFG0,CFG4,1,1,0,1,NONE,NONE,0,1,C,YES,GROUP_RELEASES_RESOURCE,D_ROW
HIGH,28,moderate,4191,A,CFG0,CFG4,1,1,0,1,NONE,NONE,0,1,D,YES,GROUP_RELEASES_RESOURCE,C_COL
HIGH,28,moderate,4196,A,CFG0,CFG4,4,2,0,1,NONE,NONE,0,1,B,YES,GROUP_RELEASES_RESOURCE,A_ROW
HIGH,28,moderate,4197,A,CFG0,CFG4,4,2,0,1,NONE,NONE,0,1,C,YES,GROUP_RELEASES_RESOURCE,D_ROW
HIGH,28,moderate,4205,A,CFG0,CFG4,1,1,0,1,NONE,NONE,0,1,D,YES,GROUP_RELEASES_RESOURCE,C_COL
HIGH,28,moderate,4216,A,CFG0,CFG4,4,2,0,1,NONE,NONE,0,1,D,YES,GROUP_RELEASES_RESOURCE,C_COL
HIGH,28,moderate,4217,A,CFG0,CFG4,1,1,0,1,NONE,NONE,0,1,B,YES,GROUP_RELEASES_RESOURCE,A_ROW
HIGH,28,moderate,4220,A,CFG0,CFG4,2,2,0,1,NONE,NONE,0,1,B,YES,GROUP_RELEASES_RESOURCE,A_ROW
HIGH,28,moderate,4233,A,CFG0,CFG4,1,1,0,1,NONE,NONE,0,1,C,YES,GROUP_RELEASES_RESOURCE,D_ROW
HIGH,28,moderate,4236,A,CFG0,CFG4,1,1,0,1,NONE,NONE,0,1,C,YES,GROUP_RELEASES_RESOURCE,D_ROW
HIGH,28,moderate,4244,A,CFG0,CFG4,1,1,0,1,NONE,NONE,0,1,D,YES,GROUP_RELEASES_RESOURCE,C_COL
HIGH,28,moderate,4252,A,CFG0,CFG4,1,1,0,1,NONE,NONE,0,1,B,YES,GROUP_RELEASES_RESOURCE,A_ROW
HIGH,28,moderate,4259,A,CFG0,CFG4,1,1,0,1,NONE,NONE,0,1,D,YES,GROUP_RELEASES_RESOURCE,C_COL
HIGH,28,moderate,4260,A,CFG0,CFG4,2,1,0,1,NONE,NONE,0,1,D,YES,GROUP_RELEASES_RESOURCE,C_COL
HIGH,28,moderate,4264,A,CFG0,CFG4,2,1,0,1,NONE,NONE,0,1,C,YES,GROUP_RELEASES_RESOURCE,D_ROW
HIGH,28,moderate,4267,A,CFG0,CFG4,1,2,0,1,NONE,NONE,0,1,D,YES,GROUP_RELEASES_RESOURCE,C_COL
HIGH,28,moderate,4278,A,CFG0,CFG4,2,1,0,1,NONE,NONE,0,1,B,YES,GROUP_RELEASES_RESOURCE,A_ROW
HIGH,28,moderate,4303,A,CFG0,CFG4,1,1,0,1,NONE,NONE,0,1,B,YES,GROUP_RELEASES_RESOURCE,A_ROW
HIGH,28,moderate,4323,A,CFG0,CFG4,1,1,0,1,NONE,NONE,0,1,B,YES,GROUP_RELEASES_RESOURCE,A_ROW
HIGH,28,moderate,4326,A,CFG0,CFG4,1,1,0,1,NONE,NONE,0,1,D,YES,GROUP_RELEASES_RESOURCE,C_COL
HIGH,28,moderate,4329,A,CFG0,CFG4,1,3,0,1,NONE,NONE,0,1,C,YES,GROUP_RELEASES_RESOURCE,D_ROW
HIGH,28,moderate,4344,A,CFG0,CFG4,2,2,0,1,NONE,NONE,0,1,C,YES,GROUP_RELEASES_RESOURCE,D_ROW
HIGH,28,moderate,4345,A,CFG0,CFG4,1,1,0,1,NONE,NONE,0,1,D,YES,GROUP_RELEASES_RESOURCE,C_COL
HIGH,28,moderate,4355,A,CFG0,CFG4,1,1,0,1,NONE,NONE,0,1,B,YES,GROUP_RELEASES_RESOURCE,A_ROW
HIGH,28,moderate,4363,A,CFG0,CFG4,1,1,0,1,NONE,NONE,0,1,B,YES,GROUP_RELEASES_RESOURCE,A_ROW
HIGH,28,moderate,4369,A,CFG0,CFG4,2,1,0,1,NONE,NONE,0,1,B,YES,GROUP_RELEASES_RESOURCE,A_ROW
HIGH,28,moderate,4374,A,CFG0,CFG4,1,1,0,1,NONE,NONE,0,1,C,YES,GROUP_RELEASES_RESOURCE,D_ROW
HIGH,28,moderate,4380,A,CFG0,CFG4,1,1,0,1,NONE,NONE,0,1,C,YES,GROUP_RELEASES_RESOURCE,D_ROW
HIGH,28,moderate,4396,A,CFG0,CFG4,1,2,0,1,NONE,NONE,0,1,C,YES,GROUP_RELEASES_RESOURCE,D_ROW
HIGH,28,moderate,4398,A,CFG0,CFG4,1,1,0,1,NONE,NONE,0,1,D,YES,GROUP_RELEASES_RESOURCE,C_COL
HIGH,28,moderate,4402,A,CFG0,CFG4,1,1,0,1,NONE,NONE,0,1,C,YES,GROUP_RELEASES_RESOURCE,D_ROW
HIGH,28,moderate,4412,A,CFG0,CFG4,2,2,0,1,NONE,NONE,0,1,B,YES,GROUP_RELEASES_RESOURCE,A_ROW
HIGH,28,moderate,4419,A,CFG0,CFG4,1,1,0,1,NONE,NONE,0,1,B,YES,GROUP_RELEASES_RESOURCE,A_ROW
HIGH,28,moderate,4434,A,CFG0,CFG4,2,2,0,1,NONE,NONE,0,1,C,YES,GROUP_RELEASES_RESOURCE,D_ROW
HIGH,28,moderate,4440,A,CFG0,CFG4,1,1,0,1,NONE,NONE,0,1,B,YES,GROUP_RELEASES_RESOURCE,A_ROW
HIGH,28,moderate,4447,A,CFG0,CFG4,1,1,0,1,NONE,NONE,0,1,B,YES,GROUP_RELEASES_RESOURCE,A_ROW
HIGH,28,moderate,4456,A,CFG0,CFG4,1,1,0,1,NONE,NONE,0,1,C,YES,GROUP_RELEASES_RESOURCE,D_ROW
HIGH,28,moderate,4467,A,CFG0,CFG4,1,1,0,1,NONE,NONE,0,1,D,YES,GROUP_RELEASES_RESOURCE,C_COL
HIGH,28,moderate,4469,A,CFG0,CFG4,1,1,0,1,NONE,NONE,0,1,D,YES,GROUP_RELEASES_RESOURCE,C_COL
HIGH,28,moderate,4471,A,CFG0,CFG4,1,3,0,1,NONE,NONE,0,1,C,YES,GROUP_RELEASES_RESOURCE,D_ROW
HIGH,28,moderate,4478,A,CFG0,CFG4,1,1,0,1,NONE,NONE,0,1,D,YES,GROUP_RELEASES_RESOURCE,C_COL
HIGH,28,moderate,4481,A,CFG0,CFG4,1,1,0,1,NONE,NONE,0,1,B,YES,GROUP_RELEASES_RESOURCE,A_ROW
HIGH,28,moderate,4482,A,CFG0,CFG4,1,1,0,1,NONE,NONE,0,1,B,YES,GROUP_RELEASES_RESOURCE,A_ROW
HIGH,28,moderate,4503,A,CFG0,CFG4,1,1,0,1,NONE,NONE,0,1,C,YES,GROUP_RELEASES_RESOURCE,D_ROW
HIGH,28,moderate,4512,A,CFG0,CFG4,1,1,0,1,NONE,NONE,0,1,B,YES,GROUP_RELEASES_RESOURCE,A_ROW
HIGH,28,moderate,4515,A,CFG0,CFG4,1,1,0,1,NONE,NONE,0,1,B,YES,GROUP_RELEASES_RESOURCE,A_ROW
HIGH,28,moderate,4536,A,CFG0,CFG4,2,2,0,1,NONE,NONE,0,1,D,YES,GROUP_RELEASES_RESOURCE,C_COL
HIGH,28,moderate,4539,A,CFG0,CFG4,2,1,0,1,NONE,NONE,0,1,C,YES,GROUP_RELEASES_RESOURCE,D_ROW
HIGH,28,moderate,4544,A,CFG0,CFG4,1,1,0,1,NONE,NONE,0,1,C,YES,GROUP_RELEASES_RESOURCE,D_ROW
HIGH,28,moderate,4547,A,CFG0,CFG4,2,2,0,1,NONE,NONE,0,1,B,YES,GROUP_RELEASES_RESOURCE,A_ROW
HIGH,28,moderate,4550,A,CFG0,CFG4,2,2,0,1,NONE,NONE,0,1,C,YES,GROUP_RELEASES_RESOURCE,D_ROW
HIGH,28,moderate,4564,A,CFG0,CFG4,2,2,0,1,NONE,NONE,0,1,C,YES,GROUP_RELEASES_RESOURCE,D_ROW
HIGH,28,moderate,4565,A,CFG0,CFG4,1,1,0,1,NONE,NONE,0,1,C,YES,GROUP_RELEASES_RESOURCE,D_ROW
HIGH,28,moderate,4576,A,CFG0,CFG4,1,1,0,1,NONE,NONE,0,1,C,YES,GROUP_RELEASES_RESOURCE,D_ROW
HIGH,28,moderate,4578,A,CFG0,CFG4,1,1,0,1,NONE,NONE,0,1,C,YES,GROUP_RELEASES_RESOURCE,D_ROW
HIGH,28,moderate,4585,A,CFG0,CFG4,2,2,0,1,NONE,NONE,0,1,C,YES,GROUP_RELEASES_RESOURCE,D_ROW
HIGH,28,moderate,4589,A,CFG0,CFG4,2,2,0,1,NONE,NONE,0,1,B,YES,GROUP_RELEASES_RESOURCE,A_ROW
HIGH,28,moderate,4601,A,CFG0,CFG4,1,1,0,1,NONE,NONE,0,1,C,YES,GROUP_RELEASES_RESOURCE,D_ROW
HIGH,28,moderate,4627,A,CFG0,CFG4,1,1,0,1,NONE,NONE,0,1,C,YES,GROUP_RELEASES_RESOURCE,D_ROW
HIGH,28,moderate,4629,A,CFG0,CFG4,1,3,0,1,NONE,NONE,0,1,B,YES,GROUP_RELEASES_RESOURCE,A_ROW
HIGH,28,moderate,4637,A,CFG0,CFG4,2,2,0,1,NONE,NONE,0,1,C,YES,GROUP_RELEASES_RESOURCE,D_ROW
HIGH,28,moderate,4641,A,CFG0,CFG4,1,1,0,1,NONE,NONE,0,1,B,YES,GROUP_RELEASES_RESOURCE,A_ROW
HIGH,28,moderate,4647,A,CFG0,CFG4,1,1,0,1,NONE,NONE,0,1,C,YES,GROUP_RELEASES_RESOURCE,D_ROW
HIGH,28,moderate,4664,A,CFG0,CFG4,2,1,0,1,NONE,NONE,0,1,B,YES,GROUP_RELEASES_RESOURCE,A_ROW
HIGH,28,moderate,4665,A,CFG0,CFG4,1,1,0,1,NONE,NONE,0,1,B,YES,GROUP_RELEASES_RESOURCE,A_ROW
HIGH,28,moderate,4674,A,CFG0,CFG4,1,1,0,1,NONE,NONE,0,1,B,YES,GROUP_RELEASES_RESOURCE,A_ROW
HIGH,28,moderate,4694,A,CFG0,CFG4,1,1,0,1,NONE,NONE,0,1,C,YES,GROUP_RELEASES_RESOURCE,D_ROW
HIGH,28,moderate,4698,A,CFG0,CFG4,2,2,0,1,NONE,NONE,0,1,B,YES,GROUP_RELEASES_RESOURCE,A_ROW
HIGH,28,moderate,4701,A,CFG0,CFG4,1,1,0,1,NONE,NONE,0,1,B,YES,GROUP_RELEASES_RESOURCE,A_ROW
HIGH,28,moderate,4713,A,CFG0,CFG4,1,1,0,1,NONE,NONE,0,1,B,YES,GROUP_RELEASES_RESOURCE,A_ROW
HIGH,28,moderate,4725,A,CFG0,CFG4,1,1,0,1,NONE,NONE,0,1,B,YES,GROUP_RELEASES_RESOURCE,A_ROW
HIGH,28,moderate,4736,A,CFG0,CFG4,1,1,0,1,NONE,NONE,0,1,D,YES,GROUP_RELEASES_RESOURCE,C_COL
HIGH,28,moderate,4741,A,CFG0,CFG4,1,1,0,1,NONE,NONE,0,1,C,YES,GROUP_RELEASES_RESOURCE,D_ROW
HIGH,28,moderate,4742,A,CFG0,CFG4,1,1,0,1,NONE,NONE,0,1,B,YES,GROUP_RELEASES_RESOURCE,A_ROW
HIGH,28,moderate,4752,A,CFG0,CFG4,1,1,0,1,NONE,NONE,0,1,D,YES,GROUP_RELEASES_RESOURCE,C_COL
HIGH,28,moderate,4757,A,CFG0,CFG4,1,1,0,1,NONE,NONE,0,1,B,YES,GROUP_RELEASES_RESOURCE,A_ROW
HIGH,28,moderate,4771,A,CFG0,CFG4,1,1,0,1,NONE,NONE,0,1,C,YES,GROUP_RELEASES_RESOURCE,D_ROW
HIGH,28,moderate,4773,A,CFG0,CFG4,2,2,0,1,NONE,NONE,0,1,C,YES,GROUP_RELEASES_RESOURCE,D_ROW
HIGH,28,moderate,4778,A,CFG0,CFG4,1,1,0,1,NONE,NONE,0,1,D,YES,GROUP_RELEASES_RESOURCE,C_COL
HIGH,28,moderate,4779,A,CFG0,CFG4,2,2,0,1,NONE,NONE,0,1,C,YES,GROUP_RELEASES_RESOURCE,D_ROW
HIGH,28,moderate,4788,A,CFG0,CFG4,2,2,0,1,NONE,NONE,0,1,C,YES,GROUP_RELEASES_RESOURCE,D_ROW
HIGH,28,moderate,4789,A,CFG0,CFG4,1,1,0,1,NONE,NONE,0,1,D,YES,GROUP_RELEASES_RESOURCE,C_COL
HIGH,28,moderate,4794,A,CFG0,CFG4,1,1,0,1,NONE,NONE,0,1,C,YES,GROUP_RELEASES_RESOURCE,D_ROW
HIGH,28,moderate,4796,A,CFG0,CFG4,1,1,0,1,NONE,NONE,0,1,C,YES,GROUP_RELEASES_RESOURCE,D_ROW
HIGH,28,moderate,4819,A,CFG0,CFG4,1,1,0,1,NONE,NONE,0,1,C,YES,GROUP_RELEASES_RESOURCE,D_ROW
HIGH,28,moderate,4821,A,CFG0,CFG4,4,2,0,1,NONE,NONE,0,1,B,YES,GROUP_RELEASES_RESOURCE,A_ROW
HIGH,28,moderate,4826,A,CFG0,CFG4,1,1,0,1,NONE,NONE,0,1,C,YES,GROUP_RELEASES_RESOURCE,D_ROW
HIGH,28,moderate,4830,A,CFG0,CFG4,4,2,0,1,NONE,NONE,0,1,B,YES,GROUP_RELEASES_RESOURCE,A_ROW
HIGH,28,moderate,4832,A,CFG0,CFG4,1,1,0,1,NONE,NONE,0,1,D,YES,GROUP_RELEASES_RESOURCE,C_COL
HIGH,28,moderate,4836,A,CFG0,CFG4,1,1,0,1,NONE,NONE,0,1,B,YES,GROUP_RELEASES_RESOURCE,A_ROW
HIGH,28,moderate,4839,A,CFG0,CFG4,2,1,0,1,NONE,NONE,0,1,C,YES,GROUP_RELEASES_RESOURCE,D_ROW
HIGH,28,moderate,4843,A,CFG0,CFG4,2,2,0,1,NONE,NONE,0,1,C,YES,GROUP_RELEASES_RESOURCE,D_ROW
HIGH,28,moderate,4850,A,CFG0,CFG4,1,1,0,1,NONE,NONE,0,1,C,YES,GROUP_RELEASES_RESOURCE,D_ROW
HIGH,28,moderate,4854,A,CFG0,CFG4,2,1,0,1,NONE,NONE,0,1,C,YES,GROUP_RELEASES_RESOURCE,D_ROW
HIGH,28,moderate,4864,A,CFG0,CFG4,1,1,0,1,NONE,NONE,0,1,C,YES,GROUP_RELEASES_RESOURCE,D_ROW
HIGH,28,moderate,4870,A,CFG0,CFG4,1,1,0,1,NONE,NONE,0,1,C,YES,GROUP_RELEASES_RESOURCE,D_ROW
HIGH,28,moderate,4871,A,CFG0,CFG4,1,1,0,1,NONE,NONE,0,1,D,YES,GROUP_RELEASES_RESOURCE,C_COL
HIGH,28,moderate,4876,A,CFG0,CFG4,1,1,0,1,NONE,NONE,0,1,C,YES,GROUP_RELEASES_RESOURCE,D_ROW
HIGH,28,moderate,4878,A,CFG0,CFG4,1,1,0,1,NONE,NONE,0,1,B,YES,GROUP_RELEASES_RESOURCE,A_ROW
HIGH,28,moderate,4890,A,CFG0,CFG4,1,1,0,1,NONE,NONE,0,1,C,YES,GROUP_RELEASES_RESOURCE,D_ROW
HIGH,28,moderate,4902,A,CFG0,CFG4,2,2,0,1,NONE,NONE,0,1,C,YES,GROUP_RELEASES_RESOURCE,D_ROW
HIGH,28,moderate,4919,A,CFG0,CFG4,1,1,0,1,NONE,NONE,0,1,B,YES,GROUP_RELEASES_RESOURCE,A_ROW
HIGH,28,moderate,4920,A,CFG0,CFG4,1,1,0,1,NONE,NONE,0,1,B,YES,GROUP_RELEASES_RESOURCE,A_ROW
HIGH,28,moderate,4936,A,CFG0,CFG4,1,1,0,1,NONE,NONE,0,1,D,YES,GROUP_RELEASES_RESOURCE,C_COL
HIGH,28,moderate,4940,A,CFG0,CFG4,1,1,0,1,NONE,NONE,0,1,C,YES,GROUP_RELEASES_RESOURCE,D_ROW
HIGH,28,moderate,4942,A,CFG0,CFG4,2,2,0,1,NONE,NONE,0,1,B,YES,GROUP_RELEASES_RESOURCE,A_ROW
HIGH,28,moderate,4948,A,CFG0,CFG4,1,1,0,1,NONE,NONE,0,1,B,YES,GROUP_RELEASES_RESOURCE,A_ROW
HIGH,28,moderate,4959,A,CFG0,CFG4,2,2,0,1,NONE,NONE,0,1,C,YES,GROUP_RELEASES_RESOURCE,D_ROW
HIGH,28,moderate,4960,A,CFG0,CFG4,2,2,0,1,NONE,NONE,0,1,D,YES,GROUP_RELEASES_RESOURCE,C_COL
HIGH,28,moderate,4963,A,CFG0,CFG4,1,1,0,1,NONE,NONE,0,1,B,YES,GROUP_RELEASES_RESOURCE,A_ROW
HIGH,28,moderate,4971,A,CFG0,CFG4,1,1,0,1,NONE,NONE,0,1,C,YES,GROUP_RELEASES_RESOURCE,D_ROW
HIGH,28,moderate,4993,A,CFG0,CFG4,1,1,0,1,NONE,NONE,0,1,D,YES,GROUP_RELEASES_RESOURCE,C_COL
HIGH,28,moderate,5013,A,CFG0,CFG4,1,1,0,1,NONE,NONE,0,1,B,YES,GROUP_RELEASES_RESOURCE,A_ROW
HIGH,28,moderate,5020,A,CFG0,CFG4,1,1,0,1,NONE,NONE,0,1,C,YES,GROUP_RELEASES_RESOURCE,D_ROW
HIGH,28,moderate,5023,A,CFG0,CFG4,1,1,0,1,NONE,NONE,0,1,D,YES,GROUP_RELEASES_RESOURCE,C_COL
HIGH,28,moderate,5028,A,CFG0,CFG4,1,1,0,1,NONE,NONE,0,1,C,YES,GROUP_RELEASES_RESOURCE,D_ROW
HIGH,28,moderate,5053,A,CFG0,CFG4,1,1,0,1,NONE,NONE,0,1,B,YES,GROUP_RELEASES_RESOURCE,A_ROW
HIGH,28,moderate,5067,A,CFG0,CFG4,2,1,0,1,NONE,NONE,0,1,C,YES,GROUP_RELEASES_RESOURCE,D_ROW
HIGH,28,moderate,5074,A,CFG0,CFG4,4,2,0,1,NONE,NONE,0,1,B,YES,GROUP_RELEASES_RESOURCE,A_ROW
HIGH,28,moderate,5077,A,CFG0,CFG4,1,1,0,1,NONE,NONE,0,1,C,YES,GROUP_RELEASES_RESOURCE,D_ROW
HIGH,28,moderate,5083,A,CFG0,CFG4,1,1,0,1,NONE,NONE,0,1,B,YES,GROUP_RELEASES_RESOURCE,A_ROW
HIGH,28,moderate,5087,A,CFG0,CFG4,1,1,0,1,NONE,NONE,0,1,C,YES,GROUP_RELEASES_RESOURCE,D_ROW
HIGH,28,moderate,5122,A,CFG0,CFG4,1,1,0,1,NONE,NONE,0,1,B,YES,GROUP_RELEASES_RESOURCE,A_ROW
HIGH,28,moderate,5132,A,CFG0,CFG4,1,1,0,1,NONE,NONE,0,1,C,YES,GROUP_RELEASES_RESOURCE,D_ROW
HIGH,28,moderate,5133,A,CFG0,CFG4,2,1,0,1,NONE,NONE,0,1,B,YES,GROUP_RELEASES_RESOURCE,A_ROW
HIGH,28,moderate,5142,A,CFG0,CFG4,1,1,0,1,NONE,NONE,0,1,C,YES,GROUP_RELEASES_RESOURCE,D_ROW
HIGH,28,moderate,5144,A,CFG0,CFG4,1,1,0,1,NONE,NONE,0,1,B,YES,GROUP_RELEASES_RESOURCE,A_ROW
HIGH,28,moderate,5145,A,CFG0,CFG4,1,1,0,1,NONE,NONE,0,1,B,YES,GROUP_RELEASES_RESOURCE,A_ROW
HIGH,28,moderate,5148,A,CFG0,CFG4,1,1,0,1,NONE,NONE,0,1,D,YES,GROUP_RELEASES_RESOURCE,C_COL
HIGH,28,moderate,5152,A,CFG0,CFG4,1,1,0,1,NONE,NONE,0,1,C,YES,GROUP_RELEASES_RESOURCE,D_ROW
HIGH,28,moderate,5153,A,CFG0,CFG4,1,3,0,1,NONE,NONE,0,1,C,YES,GROUP_RELEASES_RESOURCE,D_ROW
HIGH,28,moderate,5155,A,CFG0,CFG4,2,1,0,1,NONE,NONE,0,1,C,YES,GROUP_RELEASES_RESOURCE,D_ROW
HIGH,28,moderate,5180,A,CFG0,CFG4,1,1,0,1,NONE,NONE,0,1,C,YES,GROUP_RELEASES_RESOURCE,D_ROW
HIGH,28,moderate,5183,A,CFG0,CFG4,2,2,0,1,NONE,NONE,0,1,C,YES,GROUP_RELEASES_RESOURCE,D_ROW
HIGH,28,moderate,5187,A,CFG0,CFG4,1,1,0,1,NONE,NONE,0,1,B,YES,GROUP_RELEASES_RESOURCE,A_ROW
HIGH,28,moderate,5188,A,CFG0,CFG4,1,1,0,1,NONE,NONE,0,1,C,YES,GROUP_RELEASES_RESOURCE,D_ROW
HIGH,28,moderate,5193,A,CFG0,CFG4,1,3,0,1,NONE,NONE,0,1,B,YES,GROUP_RELEASES_RESOURCE,A_ROW
HIGH,28,moderate,5199,A,CFG0,CFG4,2,2,0,1,NONE,NONE,0,1,C,YES,GROUP_RELEASES_RESOURCE,D_ROW
HIGH,28,moderate,5202,A,CFG0,CFG4,1,1,0,1,NONE,NONE,0,1,C,YES,GROUP_RELEASES_RESOURCE,D_ROW
HIGH,28,moderate,5209,A,CFG0,CFG4,1,1,0,1,NONE,NONE,0,1,C,YES,GROUP_RELEASES_RESOURCE,D_ROW
HIGH,28,moderate,5211,A,CFG0,CFG4,1,1,0,1,NONE,NONE,0,1,C,YES,GROUP_RELEASES_RESOURCE,D_ROW
HIGH,28,moderate,5214,A,CFG0,CFG4,1,2,0,1,NONE,NONE,0,1,D,YES,GROUP_RELEASES_RESOURCE,C_COL
HIGH,28,moderate,5219,A,CFG0,CFG4,1,1,0,1,NONE,NONE,0,1,C,YES,GROUP_RELEASES_RESOURCE,D_ROW
HIGH,28,moderate,5220,A,CFG0,CFG4,1,1,0,1,NONE,NONE,0,1,C,YES,GROUP_RELEASES_RESOURCE,D_ROW
HIGH,28,moderate,5222,A,CFG0,CFG4,1,1,0,1,NONE,NONE,0,1,C,YES,GROUP_RELEASES_RESOURCE,D_ROW
HIGH,28,moderate,5225,A,CFG0,CFG4,1,1,0,1,NONE,NONE,0,1,D,YES,GROUP_RELEASES_RESOURCE,C_COL
HIGH,28,moderate,5228,A,CFG0,CFG4,1,1,0,1,NONE,NONE,0,1,D,YES,GROUP_RELEASES_RESOURCE,C_COL
HIGH,28,moderate,5241,A,CFG0,CFG4,1,1,0,1,NONE,NONE,0,1,C,YES,GROUP_RELEASES_RESOURCE,D_ROW
HIGH,28,moderate,5253,A,CFG0,CFG4,1,1,0,1,NONE,NONE,0,1,C,YES,GROUP_RELEASES_RESOURCE,D_ROW
HIGH,28,moderate,5266,A,CFG0,CFG4,1,1,0,1,NONE,NONE,0,1,B,YES,GROUP_RELEASES_RESOURCE,A_ROW
HIGH,28,moderate,5269,A,CFG0,CFG4,1,1,0,1,NONE,NONE,0,1,C,YES,GROUP_RELEASES_RESOURCE,D_ROW
HIGH,28,moderate,5279,A,CFG0,CFG4,2,2,0,1,NONE,NONE,0,1,C,YES,GROUP_RELEASES_RESOURCE,D_ROW
HIGH,28,moderate,5285,A,CFG0,CFG4,1,1,0,1,NONE,NONE,0,1,B,YES,GROUP_RELEASES_RESOURCE,A_ROW
HIGH,28,moderate,5295,A,CFG0,CFG4,2,2,0,1,NONE,NONE,0,1,D,YES,GROUP_RELEASES_RESOURCE,C_COL
HIGH,28,moderate,5299,A,CFG0,CFG4,2,1,0,1,NONE,NONE,0,1,D,YES,GROUP_RELEASES_RESOURCE,C_COL
HIGH,28,moderate,5306,A,CFG0,CFG4,1,1,0,1,NONE,NONE,0,1,D,YES,GROUP_RELEASES_RESOURCE,C_COL
HIGH,28,moderate,5321,A,CFG0,CFG4,1,1,0,1,NONE,NONE,0,1,B,YES,GROUP_RELEASES_RESOURCE,A_ROW
HIGH,28,moderate,5330,A,CFG0,CFG4,2,2,0,1,NONE,NONE,0,1,B,YES,GROUP_RELEASES_RESOURCE,A_ROW
HIGH,28,moderate,5333,A,CFG0,CFG4,1,1,0,1,NONE,NONE,0,1,B,YES,GROUP_RELEASES_RESOURCE,A_ROW
HIGH,28,moderate,5341,A,CFG0,CFG4,1,1,0,1,NONE,NONE,0,1,C,YES,GROUP_RELEASES_RESOURCE,D_ROW
HIGH,28,moderate,5344,A,CFG0,CFG4,1,1,0,1,NONE,NONE,0,1,B,YES,GROUP_RELEASES_RESOURCE,A_ROW
HIGH,28,moderate,5350,A,CFG0,CFG4,1,1,0,1,NONE,NONE,0,1,C,YES,GROUP_RELEASES_RESOURCE,D_ROW
HIGH,28,moderate,5351,A,CFG0,CFG4,1,1,0,1,NONE,NONE,0,1,C,YES,GROUP_RELEASES_RESOURCE,D_ROW
HIGH,28,moderate,5352,A,CFG0,CFG4,2,2,0,1,NONE,NONE,0,1,B,YES,GROUP_RELEASES_RESOURCE,A_ROW
HIGH,28,moderate,5359,A,CFG0,CFG4,1,1,0,1,NONE,NONE,0,1,C,YES,GROUP_RELEASES_RESOURCE,D_ROW
HIGH,28,moderate,5377,A,CFG0,CFG4,1,3,0,1,NONE,NONE,0,1,B,YES,GROUP_RELEASES_RESOURCE,A_ROW
HIGH,28,moderate,5399,A,CFG0,CFG4,1,2,0,1,NONE,NONE,0,1,C,YES,GROUP_RELEASES_RESOURCE,D_ROW
HIGH,28,moderate,5404,A,CFG0,CFG4,1,1,0,1,NONE,NONE,0,1,C,YES,GROUP_RELEASES_RESOURCE,D_ROW
HIGH,28,moderate,5412,A,CFG0,CFG4,1,1,0,1,NONE,NONE,0,1,D,YES,GROUP_RELEASES_RESOURCE,C_COL
HIGH,28,moderate,5414,A,CFG0,CFG4,2,2,0,1,NONE,NONE,0,1,C,YES,GROUP_RELEASES_RESOURCE,D_ROW
HIGH,28,moderate,5423,A,CFG0,CFG4,2,2,0,1,NONE,NONE,0,1,D,YES,GROUP_RELEASES_RESOURCE,C_COL
HIGH,28,moderate,5431,A,CFG0,CFG4,1,1,0,1,NONE,NONE,0,1,C,YES,GROUP_RELEASES_RESOURCE,D_ROW
HIGH,28,moderate,5436,A,CFG0,CFG4,2,1,0,1,NONE,NONE,0,1,D,YES,GROUP_RELEASES_RESOURCE,C_COL
HIGH,28,moderate,5441,A,CFG0,CFG4,1,1,0,1,NONE,NONE,0,1,C,YES,GROUP_RELEASES_RESOURCE,D_ROW
HIGH,28,moderate,5449,A,CFG0,CFG4,1,1,0,1,NONE,NONE,0,1,D,YES,GROUP_RELEASES_RESOURCE,C_COL
HIGH,28,moderate,5458,A,CFG0,CFG4,1,1,0,1,NONE,NONE,0,1,C,YES,GROUP_RELEASES_RESOURCE,D_ROW
HIGH,28,moderate,5459,A,CFG0,CFG4,1,1,0,1,NONE,NONE,0,1,C,YES,GROUP_RELEASES_RESOURCE,D_ROW
HIGH,28,moderate,5460,A,CFG0,CFG4,2,2,0,1,NONE,NONE,0,1,B,YES,GROUP_RELEASES_RESOURCE,A_ROW
HIGH,28,moderate,5466,A,CFG0,CFG4,1,1,0,1,NONE,NONE,0,1,C,YES,GROUP_RELEASES_RESOURCE,D_ROW
HIGH,28,moderate,5488,A,CFG0,CFG4,1,1,0,1,NONE,NONE,0,1,C,YES,GROUP_RELEASES_RESOURCE,D_ROW
HIGH,28,moderate,5493,A,CFG0,CFG4,1,1,0,1,NONE,NONE,0,1,B,YES,GROUP_RELEASES_RESOURCE,A_ROW
HIGH,28,moderate,5498,A,CFG0,CFG4,1,1,0,1,NONE,NONE,0,1,C,YES,GROUP_RELEASES_RESOURCE,D_ROW
HIGH,28,moderate,5502,A,CFG0,CFG4,1,1,0,1,NONE,NONE,0,1,B,YES,GROUP_RELEASES_RESOURCE,A_ROW
HIGH,28,moderate,5508,A,CFG0,CFG4,1,2,0,1,NONE,NONE,0,1,C,YES,GROUP_RELEASES_RESOURCE,D_ROW
HIGH,28,moderate,5525,A,CFG0,CFG4,1,1,0,1,NONE,NONE,0,1,D,YES,GROUP_RELEASES_RESOURCE,C_COL
HIGH,28,moderate,5534,A,CFG0,CFG4,1,2,0,1,NONE,NONE,0,1,B,YES,GROUP_RELEASES_RESOURCE,A_ROW
HIGH,28,moderate,5547,A,CFG0,CFG4,2,2,0,1,NONE,NONE,0,1,C,YES,GROUP_RELEASES_RESOURCE,D_ROW
HIGH,28,moderate,5555,A,CFG0,CFG4,2,2,0,1,NONE,NONE,0,1,B,YES,GROUP_RELEASES_RESOURCE,A_ROW
HIGH,28,moderate,5560,A,CFG0,CFG4,1,1,0,1,NONE,NONE,0,1,D,YES,GROUP_RELEASES_RESOURCE,C_COL
HIGH,28,moderate,5565,A,CFG0,CFG4,1,3,0,1,NONE,NONE,0,1,D,YES,GROUP_RELEASES_RESOURCE,C_COL
HIGH,28,moderate,5576,A,CFG0,CFG4,1,1,0,1,NONE,NONE,0,1,D,YES,GROUP_RELEASES_RESOURCE,C_COL
HIGH,28,moderate,5585,A,CFG0,CFG4,2,2,0,1,NONE,NONE,0,1,B,YES,GROUP_RELEASES_RESOURCE,A_ROW
HIGH,28,moderate,5589,A,CFG0,CFG4,1,1,0,1,NONE,NONE,0,1,C,YES,GROUP_RELEASES_RESOURCE,D_ROW
HIGH,28,moderate,5595,A,CFG0,CFG4,1,1,0,1,NONE,NONE,0,1,B,YES,GROUP_RELEASES_RESOURCE,A_ROW
HIGH,28,moderate,5615,A,CFG0,CFG4,1,1,0,1,NONE,NONE,0,1,B,YES,GROUP_RELEASES_RESOURCE,A_ROW
HIGH,28,moderate,5617,A,CFG0,CFG4,1,3,0,1,NONE,NONE,0,1,C,YES,GROUP_RELEASES_RESOURCE,D_ROW
HIGH,28,moderate,5636,A,CFG0,CFG4,1,1,0,1,NONE,NONE,0,1,B,YES,GROUP_RELEASES_RESOURCE,A_ROW
HIGH,28,moderate,5646,A,CFG0,CFG4,1,1,0,1,NONE,NONE,0,1,C,YES,GROUP_RELEASES_RESOURCE,D_ROW
HIGH,28,moderate,5651,A,CFG0,CFG4,1,1,0,1,NONE,NONE,0,1,C,YES,GROUP_RELEASES_RESOURCE,D_ROW
HIGH,28,moderate,5658,A,CFG0,CFG4,2,1,0,1,NONE,NONE,0,1,B,YES,GROUP_RELEASES_RESOURCE,A_ROW
HIGH,28,moderate,5670,A,CFG0,CFG4,4,2,0,1,NONE,NONE,0,1,C,YES,GROUP_RELEASES_RESOURCE,D_ROW
HIGH,28,moderate,5674,A,CFG0,CFG4,1,1,0,1,NONE,NONE,0,1,C,YES,GROUP_RELEASES_RESOURCE,D_ROW
HIGH,28,moderate,5682,A,CFG0,CFG4,2,2,0,1,NONE,NONE,0,1,C,YES,GROUP_RELEASES_RESOURCE,D_ROW
HIGH,28,moderate,5692,A,CFG0,CFG4,1,1,0,1,NONE,NONE,0,1,C,YES,GROUP_RELEASES_RESOURCE,D_ROW
HIGH,28,moderate,5695,A,CFG0,CFG4,1,1,0,1,NONE,NONE,0,1,C,YES,GROUP_RELEASES_RESOURCE,D_ROW
HIGH,28,moderate,5704,A,CFG0,CFG4,1,1,0,1,NONE,NONE,0,1,C,YES,GROUP_RELEASES_RESOURCE,D_ROW
HIGH,28,moderate,5708,A,CFG0,CFG4,1,1,0,1,NONE,NONE,0,1,D,YES,GROUP_RELEASES_RESOURCE,C_COL
HIGH,28,moderate,5710,A,CFG0,CFG4,1,1,0,1,NONE,NONE,0,1,C,YES,GROUP_RELEASES_RESOURCE,D_ROW
HIGH,28,moderate,5712,A,CFG0,CFG4,2,1,0,1,NONE,NONE,0,1,C,YES,GROUP_RELEASES_RESOURCE,D_ROW
HIGH,28,moderate,5719,A,CFG0,CFG4,1,1,0,1,NONE,NONE,0,1,D,YES,GROUP_RELEASES_RESOURCE,C_COL
HIGH,28,moderate,5722,A,CFG0,CFG4,1,1,0,1,NONE,NONE,0,1,B,YES,GROUP_RELEASES_RESOURCE,A_ROW
HIGH,28,moderate,5725,A,CFG0,CFG4,4,2,0,1,NONE,NONE,0,1,C,YES,GROUP_RELEASES_RESOURCE,D_ROW
HIGH,28,moderate,5743,A,CFG0,CFG4,2,2,0,1,NONE,NONE,0,1,C,YES,GROUP_RELEASES_RESOURCE,D_ROW
HIGH,28,moderate,5748,A,CFG0,CFG4,2,2,0,1,NONE,NONE,0,1,D,YES,GROUP_RELEASES_RESOURCE,C_COL
HIGH,28,moderate,5752,A,CFG0,CFG4,4,2,0,1,NONE,NONE,0,1,B,YES,GROUP_RELEASES_RESOURCE,A_ROW
HIGH,28,moderate,5770,A,CFG0,CFG4,2,2,0,1,NONE,NONE,0,1,D,YES,GROUP_RELEASES_RESOURCE,C_COL
HIGH,28,moderate,5789,A,CFG0,CFG4,4,2,0,1,NONE,NONE,0,1,C,YES,GROUP_RELEASES_RESOURCE,D_ROW
HIGH,28,moderate,5799,A,CFG0,CFG4,1,1,0,1,NONE,NONE,0,1,C,YES,GROUP_RELEASES_RESOURCE,D_ROW
HIGH,28,moderate,5802,A,CFG0,CFG4,2,2,0,1,NONE,NONE,0,1,C,YES,GROUP_RELEASES_RESOURCE,D_ROW
HIGH,28,moderate,5806,A,CFG0,CFG4,1,1,0,1,NONE,NONE,0,1,D,YES,GROUP_RELEASES_RESOURCE,C_COL
HIGH,28,moderate,5827,A,CFG0,CFG4,1,1,0,1,NONE,NONE,0,1,C,YES,GROUP_RELEASES_RESOURCE,D_ROW
HIGH,28,moderate,5838,A,CFG0,CFG4,1,1,0,1,NONE,NONE,0,1,D,YES,GROUP_RELEASES_RESOURCE,C_COL
HIGH,28,moderate,5839,A,CFG0,CFG4,1,1,0,1,NONE,NONE,0,1,C,YES,GROUP_RELEASES_RESOURCE,D_ROW
HIGH,28,moderate,5841,A,CFG0,CFG4,1,1,0,1,NONE,NONE,0,1,D,YES,GROUP_RELEASES_RESOURCE,C_COL
HIGH,28,moderate,5844,A,CFG0,CFG4,1,1,0,1,NONE,NONE,0,1,B,YES,GROUP_RELEASES_RESOURCE,A_ROW
HIGH,28,moderate,5854,A,CFG0,CFG4,2,1,0,1,NONE,NONE,0,1,C,YES,GROUP_RELEASES_RESOURCE,D_ROW
HIGH,28,moderate,5857,A,CFG0,CFG4,2,2,0,1,NONE,NONE,0,1,C,YES,GROUP_RELEASES_RESOURCE,D_ROW
HIGH,28,moderate,5860,A,CFG0,CFG4,2,2,0,1,NONE,NONE,0,1,C,YES,GROUP_RELEASES_RESOURCE,D_ROW
HIGH,28,moderate,5861,A,CFG0,CFG4,1,1,0,1,NONE,NONE,0,1,C,YES,GROUP_RELEASES_RESOURCE,D_ROW
HIGH,28,moderate,5862,A,CFG0,CFG4,2,2,0,1,NONE,NONE,0,1,C,YES,GROUP_RELEASES_RESOURCE,D_ROW
HIGH,28,moderate,5868,A,CFG0,CFG4,1,3,0,1,NONE,NONE,0,1,D,YES,GROUP_RELEASES_RESOURCE,C_COL
HIGH,28,moderate,5876,A,CFG0,CFG4,1,1,0,1,NONE,NONE,0,1,C,YES,GROUP_RELEASES_RESOURCE,D_ROW
HIGH,28,moderate,5882,A,CFG0,CFG4,1,1,0,1,NONE,NONE,0,1,C,YES,GROUP_RELEASES_RESOURCE,D_ROW
HIGH,28,moderate,5885,A,CFG0,CFG4,1,1,0,1,NONE,NONE,0,1,B,YES,GROUP_RELEASES_RESOURCE,A_ROW
HIGH,28,moderate,5889,A,CFG0,CFG4,1,1,0,1,NONE,NONE,0,1,D,YES,GROUP_RELEASES_RESOURCE,C_COL
HIGH,28,moderate,5896,A,CFG0,CFG4,1,1,0,1,NONE,NONE,0,1,C,YES,GROUP_RELEASES_RESOURCE,D_ROW
HIGH,28,moderate,5911,A,CFG0,CFG4,2,2,0,1,NONE,NONE,0,1,D,YES,GROUP_RELEASES_RESOURCE,C_COL
HIGH,28,moderate,5914,A,CFG0,CFG4,1,1,0,1,NONE,NONE,0,1,D,YES,GROUP_RELEASES_RESOURCE,C_COL
HIGH,28,moderate,5929,A,CFG0,CFG4,1,1,0,1,NONE,NONE,0,1,B,YES,GROUP_RELEASES_RESOURCE,A_ROW
HIGH,28,moderate,5940,A,CFG0,CFG4,1,1,0,1,NONE,NONE,0,1,B,YES,GROUP_RELEASES_RESOURCE,A_ROW
HIGH,28,moderate,5944,A,CFG0,CFG4,1,1,0,1,NONE,NONE,0,1,D,YES,GROUP_RELEASES_RESOURCE,C_COL
HIGH,28,moderate,5953,A,CFG0,CFG4,1,1,0,1,NONE,NONE,0,1,B,YES,GROUP_RELEASES_RESOURCE,A_ROW
HIGH,28,moderate,5962,A,CFG0,CFG4,1,1,0,1,NONE,NONE,0,1,C,YES,GROUP_RELEASES_RESOURCE,D_ROW
HIGH,28,moderate,5979,A,CFG0,CFG4,1,3,0,1,NONE,NONE,0,1,B,YES,GROUP_RELEASES_RESOURCE,A_ROW
HIGH,28,moderate,5990,A,CFG0,CFG4,1,1,0,1,NONE,NONE,0,1,D,YES,GROUP_RELEASES_RESOURCE,C_COL
HIGH,28,moderate,6001,A,CFG0,CFG4,1,1,0,1,NONE,NONE,0,1,D,YES,GROUP_RELEASES_RESOURCE,C_COL
HIGH,28,moderate,6023,A,CFG0,CFG4,1,2,0,1,NONE,NONE,0,1,C,YES,GROUP_RELEASES_RESOURCE,D_ROW
HIGH,28,moderate,6035,A,CFG0,CFG4,2,2,0,1,NONE,NONE,0,1,C,YES,GROUP_RELEASES_RESOURCE,D_ROW
HIGH,28,moderate,6052,A,CFG0,CFG4,2,1,0,1,NONE,NONE,0,1,D,YES,GROUP_RELEASES_RESOURCE,C_COL
HIGH,28,moderate,6054,A,CFG0,CFG4,2,1,0,1,NONE,NONE,0,1,B,YES,GROUP_RELEASES_RESOURCE,A_ROW
HIGH,28,moderate,6057,A,CFG0,CFG4,1,1,0,1,NONE,NONE,0,1,C,YES,GROUP_RELEASES_RESOURCE,D_ROW
HIGH,28,moderate,6059,A,CFG0,CFG4,1,1,0,1,NONE,NONE,0,1,B,YES,GROUP_RELEASES_RESOURCE,A_ROW
HIGH,28,moderate,6078,A,CFG0,CFG4,2,1,0,1,NONE,NONE,0,1,C,YES,GROUP_RELEASES_RESOURCE,D_ROW
HIGH,28,moderate,6123,A,CFG0,CFG4,1,2,0,1,NONE,NONE,0,1,B,YES,GROUP_RELEASES_RESOURCE,A_ROW
HIGH,28,moderate,6125,A,CFG0,CFG4,1,1,0,1,NONE,NONE,0,1,B,YES,GROUP_RELEASES_RESOURCE,A_ROW
HIGH,28,moderate,6150,A,CFG0,CFG4,2,2,0,1,NONE,NONE,0,1,D,YES,GROUP_RELEASES_RESOURCE,C_COL
HIGH,28,moderate,6157,A,CFG0,CFG4,2,2,0,1,NONE,NONE,0,1,C,YES,GROUP_RELEASES_RESOURCE,D_ROW
HIGH,28,moderate,6158,A,CFG0,CFG4,1,1,0,1,NONE,NONE,0,1,C,YES,GROUP_RELEASES_RESOURCE,D_ROW
HIGH,28,moderate,6159,A,CFG0,CFG4,2,2,0,1,NONE,NONE,0,1,C,YES,GROUP_RELEASES_RESOURCE,D_ROW
HIGH,28,moderate,6161,A,CFG0,CFG4,1,1,0,1,NONE,NONE,0,1,B,YES,GROUP_RELEASES_RESOURCE,A_ROW
HIGH,28,moderate,6186,A,CFG0,CFG4,1,1,0,1,NONE,NONE,0,1,B,YES,GROUP_RELEASES_RESOURCE,A_ROW
HIGH,28,moderate,6190,A,CFG0,CFG4,2,2,0,1,NONE,NONE,0,1,B,YES,GROUP_RELEASES_RESOURCE,A_ROW
HIGH,28,moderate,6193,A,CFG0,CFG4,1,1,0,1,NONE,NONE,0,1,C,YES,GROUP_RELEASES_RESOURCE,D_ROW
HIGH,28,moderate,6200,A,CFG0,CFG4,1,1,0,1,NONE,NONE,0,1,B,YES,GROUP_RELEASES_RESOURCE,A_ROW
HIGH,28,moderate,6205,A,CFG0,CFG4,1,1,0,1,NONE,NONE,0,1,C,YES,GROUP_RELEASES_RESOURCE,D_ROW
HIGH,28,moderate,6209,A,CFG0,CFG4,1,1,0,1,NONE,NONE,0,1,B,YES,GROUP_RELEASES_RESOURCE,A_ROW
HIGH,28,moderate,6210,A,CFG0,CFG4,1,2,0,1,NONE,NONE,0,1,C,YES,GROUP_RELEASES_RESOURCE,D_ROW
HIGH,28,moderate,6239,A,CFG0,CFG4,2,1,0,1,NONE,NONE,0,1,B,YES,GROUP_RELEASES_RESOURCE,A_ROW
HIGH,28,moderate,6243,A,CFG0,CFG4,1,1,0,1,NONE,NONE,0,1,C,YES,GROUP_RELEASES_RESOURCE,D_ROW
HIGH,28,moderate,6246,A,CFG0,CFG4,1,1,0,1,NONE,NONE,0,1,B,YES,GROUP_RELEASES_RESOURCE,A_ROW
HIGH,28,moderate,6260,A,CFG0,CFG4,1,1,0,1,NONE,NONE,0,1,B,YES,GROUP_RELEASES_RESOURCE,A_ROW
HIGH,28,moderate,6262,A,CFG0,CFG4,2,2,0,1,NONE,NONE,0,1,B,YES,GROUP_RELEASES_RESOURCE,A_ROW
HIGH,28,moderate,6288,A,CFG0,CFG4,2,2,0,1,NONE,NONE,0,1,D,YES,GROUP_RELEASES_RESOURCE,C_COL
HIGH,28,moderate,6311,A,CFG0,CFG4,1,1,0,1,NONE,NONE,0,1,D,YES,GROUP_RELEASES_RESOURCE,C_COL
HIGH,28,moderate,6313,A,CFG0,CFG4,1,1,0,1,NONE,NONE,0,1,B,YES,GROUP_RELEASES_RESOURCE,A_ROW
HIGH,28,moderate,6315,A,CFG0,CFG4,1,1,0,1,NONE,NONE,0,1,C,YES,GROUP_RELEASES_RESOURCE,D_ROW
HIGH,28,moderate,6320,A,CFG0,CFG4,1,1,0,1,NONE,NONE,0,1,C,YES,GROUP_RELEASES_RESOURCE,D_ROW
HIGH,28,moderate,6326,A,CFG0,CFG4,1,1,0,1,NONE,NONE,0,1,D,YES,GROUP_RELEASES_RESOURCE,C_COL
HIGH,28,moderate,6340,A,CFG0,CFG4,1,1,0,1,NONE,NONE,0,1,C,YES,GROUP_RELEASES_RESOURCE,D_ROW
HIGH,28,moderate,6343,A,CFG0,CFG4,2,1,0,1,NONE,NONE,0,1,C,YES,GROUP_RELEASES_RESOURCE,D_ROW
HIGH,28,moderate,6344,A,CFG0,CFG4,2,2,0,1,NONE,NONE,0,1,B,YES,GROUP_RELEASES_RESOURCE,A_ROW
HIGH,28,moderate,6352,A,CFG0,CFG4,1,3,0,1,NONE,NONE,0,1,B,YES,GROUP_RELEASES_RESOURCE,A_ROW
HIGH,28,moderate,6353,A,CFG0,CFG4,1,1,0,1,NONE,NONE,0,1,C,YES,GROUP_RELEASES_RESOURCE,D_ROW
HIGH,28,moderate,6363,A,CFG0,CFG4,1,1,0,1,NONE,NONE,0,1,C,YES,GROUP_RELEASES_RESOURCE,D_ROW
HIGH,28,moderate,6366,A,CFG0,CFG4,2,2,0,1,NONE,NONE,0,1,D,YES,GROUP_RELEASES_RESOURCE,C_COL
HIGH,28,moderate,6369,A,CFG0,CFG4,2,2,0,1,NONE,NONE,0,1,B,YES,GROUP_RELEASES_RESOURCE,A_ROW
HIGH,28,moderate,6388,A,CFG0,CFG4,2,2,0,1,NONE,NONE,0,1,D,YES,GROUP_RELEASES_RESOURCE,C_COL
HIGH,28,moderate,6394,A,CFG0,CFG4,1,1,0,1,NONE,NONE,0,1,D,YES,GROUP_RELEASES_RESOURCE,C_COL
HIGH,28,moderate,6395,A,CFG0,CFG4,1,1,0,1,NONE,NONE,0,1,D,YES,GROUP_RELEASES_RESOURCE,C_COL
HIGH,28,moderate,6406,A,CFG0,CFG4,2,2,0,1,NONE,NONE,0,1,D,YES,GROUP_RELEASES_RESOURCE,C_COL
HIGH,28,moderate,6409,A,CFG0,CFG4,1,1,0,1,NONE,NONE,0,1,C,YES,GROUP_RELEASES_RESOURCE,D_ROW
HIGH,28,moderate,6413,A,CFG0,CFG4,2,1,0,1,NONE,NONE,0,1,D,YES,GROUP_RELEASES_RESOURCE,C_COL
HIGH,28,moderate,6423,A,CFG0,CFG4,1,1,0,1,NONE,NONE,0,1,D,YES,GROUP_RELEASES_RESOURCE,C_COL
HIGH,28,moderate,6444,A,CFG0,CFG4,2,2,0,1,NONE,NONE,0,1,B,YES,GROUP_RELEASES_RESOURCE,A_ROW
HIGH,28,moderate,6450,A,CFG0,CFG4,1,1,0,1,NONE,NONE,0,1,D,YES,GROUP_RELEASES_RESOURCE,C_COL
HIGH,28,moderate,6464,A,CFG0,CFG4,1,1,0,1,NONE,NONE,0,1,C,YES,GROUP_RELEASES_RESOURCE,D_ROW
HIGH,28,moderate,6482,A,CFG0,CFG4,1,1,0,1,NONE,NONE,0,1,B,YES,GROUP_RELEASES_RESOURCE,A_ROW
HIGH,28,moderate,6484,A,CFG0,CFG4,2,2,0,1,NONE,NONE,0,1,B,YES,GROUP_RELEASES_RESOURCE,A_ROW
HIGH,28,moderate,6493,A,CFG0,CFG4,2,2,0,1,NONE,NONE,0,1,C,YES,GROUP_RELEASES_RESOURCE,D_ROW
HIGH,28,moderate,6499,A,CFG0,CFG4,2,1,0,1,NONE,NONE,0,1,C,YES,GROUP_RELEASES_RESOURCE,D_ROW
HIGH,28,moderate,6501,A,CFG0,CFG4,2,2,0,1,NONE,NONE,0,1,C,YES,GROUP_RELEASES_RESOURCE,D_ROW
HIGH,28,moderate,6514,A,CFG0,CFG4,1,1,0,1,NONE,NONE,0,1,B,YES,GROUP_RELEASES_RESOURCE,A_ROW
HIGH,28,moderate,6516,A,CFG0,CFG4,2,1,0,1,NONE,NONE,0,1,D,YES,GROUP_RELEASES_RESOURCE,C_COL
HIGH,28,moderate,6524,A,CFG0,CFG4,1,1,0,1,NONE,NONE,0,1,C,YES,GROUP_RELEASES_RESOURCE,D_ROW
HIGH,28,moderate,6536,A,CFG0,CFG4,4,2,0,1,NONE,NONE,0,1,B,YES,GROUP_RELEASES_RESOURCE,A_ROW
HIGH,28,moderate,6537,A,CFG0,CFG4,1,3,0,1,NONE,NONE,0,1,C,YES,GROUP_RELEASES_RESOURCE,D_ROW
HIGH,28,moderate,6538,A,CFG0,CFG4,1,1,0,1,NONE,NONE,0,1,C,YES,GROUP_RELEASES_RESOURCE,D_ROW
HIGH,28,moderate,6541,A,CFG0,CFG4,1,1,0,1,NONE,NONE,0,1,C,YES,GROUP_RELEASES_RESOURCE,D_ROW
HIGH,28,moderate,6554,A,CFG0,CFG4,1,1,0,1,NONE,NONE,0,1,D,YES,GROUP_RELEASES_RESOURCE,C_COL
HIGH,28,moderate,6558,A,CFG0,CFG4,1,2,0,1,NONE,NONE,0,1,B,YES,GROUP_RELEASES_RESOURCE,A_ROW
HIGH,28,moderate,6572,A,CFG0,CFG4,1,1,0,1,NONE,NONE,0,1,C,YES,GROUP_RELEASES_RESOURCE,D_ROW
HIGH,28,moderate,6574,A,CFG0,CFG4,4,2,0,1,NONE,NONE,0,1,C,YES,GROUP_RELEASES_RESOURCE,D_ROW
HIGH,28,moderate,6582,A,CFG0,CFG4,1,1,0,1,NONE,NONE,0,1,C,YES,GROUP_RELEASES_RESOURCE,D_ROW
HIGH,28,moderate,6590,A,CFG0,CFG4,1,1,0,1,NONE,NONE,0,1,C,YES,GROUP_RELEASES_RESOURCE,D_ROW
HIGH,28,moderate,6591,A,CFG0,CFG4,1,1,0,1,NONE,NONE,0,1,B,YES,GROUP_RELEASES_RESOURCE,A_ROW
HIGH,28,moderate,6594,A,CFG0,CFG4,1,1,0,1,NONE,NONE,0,1,C,YES,GROUP_RELEASES_RESOURCE,D_ROW
HIGH,28,moderate,6598,A,CFG0,CFG4,2,1,0,1,NONE,NONE,0,1,C,YES,GROUP_RELEASES_RESOURCE,D_ROW
HIGH,28,moderate,6599,A,CFG0,CFG4,1,1,0,1,NONE,NONE,0,1,D,YES,GROUP_RELEASES_RESOURCE,C_COL
HIGH,28,moderate,6619,A,CFG0,CFG4,1,1,0,1,NONE,NONE,0,1,C,YES,GROUP_RELEASES_RESOURCE,D_ROW
HIGH,28,moderate,6622,A,CFG0,CFG4,1,1,0,1,NONE,NONE,0,1,C,YES,GROUP_RELEASES_RESOURCE,D_ROW
HIGH,28,moderate,6625,A,CFG0,CFG4,1,1,0,1,NONE,NONE,0,1,C,YES,GROUP_RELEASES_RESOURCE,D_ROW
HIGH,28,moderate,6627,A,CFG0,CFG4,1,1,0,1,NONE,NONE,0,1,C,YES,GROUP_RELEASES_RESOURCE,D_ROW
HIGH,28,moderate,6640,A,CFG0,CFG4,1,1,0,1,NONE,NONE,0,1,B,YES,GROUP_RELEASES_RESOURCE,A_ROW
HIGH,28,moderate,6646,A,CFG0,CFG4,1,1,0,1,NONE,NONE,0,1,C,YES,GROUP_RELEASES_RESOURCE,D_ROW
HIGH,28,moderate,6648,A,CFG0,CFG4,1,1,0,1,NONE,NONE,0,1,D,YES,GROUP_RELEASES_RESOURCE,C_COL
HIGH,28,moderate,6651,A,CFG0,CFG4,1,1,0,1,NONE,NONE,0,1,C,YES,GROUP_RELEASES_RESOURCE,D_ROW
HIGH,28,moderate,6653,A,CFG0,CFG4,1,1,0,1,NONE,NONE,0,1,C,YES,GROUP_RELEASES_RESOURCE,D_ROW
HIGH,28,moderate,6659,A,CFG0,CFG4,1,3,0,1,NONE,NONE,0,1,D,YES,GROUP_RELEASES_RESOURCE,C_COL
HIGH,28,moderate,6660,A,CFG0,CFG4,2,2,0,1,NONE,NONE,0,1,C,YES,GROUP_RELEASES_RESOURCE,D_ROW
HIGH,28,moderate,6664,A,CFG0,CFG4,1,3,0,1,NONE,NONE,0,1,C,YES,GROUP_RELEASES_RESOURCE,D_ROW
HIGH,28,moderate,6667,A,CFG0,CFG4,2,2,0,1,NONE,NONE,0,1,C,YES,GROUP_RELEASES_RESOURCE,D_ROW
HIGH,28,moderate,6673,A,CFG0,CFG4,1,1,0,1,NONE,NONE,0,1,C,YES,GROUP_RELEASES_RESOURCE,D_ROW
HIGH,28,moderate,6693,A,CFG0,CFG4,1,1,0,1,NONE,NONE,0,1,C,YES,GROUP_RELEASES_RESOURCE,D_ROW
HIGH,28,moderate,6709,A,CFG0,CFG4,2,2,0,1,NONE,NONE,0,1,D,YES,GROUP_RELEASES_RESOURCE,C_COL
HIGH,28,moderate,6711,A,CFG0,CFG4,1,2,0,1,NONE,NONE,0,1,C,YES,GROUP_RELEASES_RESOURCE,D_ROW
HIGH,28,moderate,6714,A,CFG0,CFG4,1,3,0,1,NONE,NONE,0,1,C,YES,GROUP_RELEASES_RESOURCE,D_ROW
HIGH,28,moderate,6717,A,CFG0,CFG4,1,1,0,1,NONE,NONE,0,1,B,YES,GROUP_RELEASES_RESOURCE,A_ROW
HIGH,28,moderate,6718,A,CFG0,CFG4,1,1,0,1,NONE,NONE,0,1,C,YES,GROUP_RELEASES_RESOURCE,D_ROW
HIGH,28,moderate,6721,A,CFG0,CFG4,1,1,0,1,NONE,NONE,0,1,C,YES,GROUP_RELEASES_RESOURCE,D_ROW
HIGH,28,moderate,6722,A,CFG0,CFG4,2,2,0,1,NONE,NONE,0,1,C,YES,GROUP_RELEASES_RESOURCE,D_ROW
HIGH,28,moderate,6738,A,CFG0,CFG4,1,1,0,1,NONE,NONE,0,1,C,YES,GROUP_RELEASES_RESOURCE,D_ROW
HIGH,28,moderate,6740,A,CFG0,CFG4,1,1,0,1,NONE,NONE,0,1,C,YES,GROUP_RELEASES_RESOURCE,D_ROW
HIGH,28,moderate,6745,A,CFG0,CFG4,1,1,0,1,NONE,NONE,0,1,C,YES,GROUP_RELEASES_RESOURCE,D_ROW
HIGH,28,moderate,6746,A,CFG0,CFG4,1,1,0,1,NONE,NONE,0,1,C,YES,GROUP_RELEASES_RESOURCE,D_ROW
HIGH,28,moderate,6752,A,CFG0,CFG4,1,1,0,1,NONE,NONE,0,1,D,YES,GROUP_RELEASES_RESOURCE,C_COL
HIGH,28,moderate,6767,A,CFG0,CFG4,2,2,0,1,NONE,NONE,0,1,C,YES,GROUP_RELEASES_RESOURCE,D_ROW
HIGH,28,moderate,6777,A,CFG0,CFG4,1,1,0,1,NONE,NONE,0,1,B,YES,GROUP_RELEASES_RESOURCE,A_ROW
HIGH,28,moderate,6799,A,CFG0,CFG4,1,3,0,1,NONE,NONE,0,1,C,YES,GROUP_RELEASES_RESOURCE,D_ROW
HIGH,28,moderate,6801,A,CFG0,CFG4,1,1,0,1,NONE,NONE,0,1,B,YES,GROUP_RELEASES_RESOURCE,A_ROW
HIGH,28,moderate,6811,A,CFG0,CFG4,1,1,0,1,NONE,NONE,0,1,B,YES,GROUP_RELEASES_RESOURCE,A_ROW
HIGH,28,moderate,6814,A,CFG0,CFG4,1,1,0,1,NONE,NONE,0,1,B,YES,GROUP_RELEASES_RESOURCE,A_ROW
HIGH,28,moderate,6826,A,CFG0,CFG4,2,2,0,1,NONE,NONE,0,1,C,YES,GROUP_RELEASES_RESOURCE,D_ROW
HIGH,28,moderate,6839,A,CFG0,CFG4,1,1,0,1,NONE,NONE,0,1,D,YES,GROUP_RELEASES_RESOURCE,C_COL
HIGH,28,moderate,6845,A,CFG0,CFG4,1,1,0,1,NONE,NONE,0,1,B,YES,GROUP_RELEASES_RESOURCE,A_ROW
HIGH,28,moderate,6862,A,CFG0,CFG4,1,1,0,1,NONE,NONE,0,1,D,YES,GROUP_RELEASES_RESOURCE,C_COL
HIGH,28,moderate,6867,A,CFG0,CFG4,1,1,0,1,NONE,NONE,0,1,D,YES,GROUP_RELEASES_RESOURCE,C_COL
HIGH,28,moderate,6881,A,CFG0,CFG4,1,1,0,1,NONE,NONE,0,1,B,YES,GROUP_RELEASES_RESOURCE,A_ROW
HIGH,28,moderate,6898,A,CFG0,CFG4,1,1,0,1,NONE,NONE,0,1,C,YES,GROUP_RELEASES_RESOURCE,D_ROW
HIGH,28,moderate,6900,A,CFG0,CFG4,1,1,0,1,NONE,NONE,0,1,B,YES,GROUP_RELEASES_RESOURCE,A_ROW
HIGH,28,moderate,6901,A,CFG0,CFG4,1,1,0,1,NONE,NONE,0,1,B,YES,GROUP_RELEASES_RESOURCE,A_ROW
HIGH,28,moderate,6943,A,CFG0,CFG4,1,1,0,1,NONE,NONE,0,1,C,YES,GROUP_RELEASES_RESOURCE,D_ROW
HIGH,28,moderate,6973,A,CFG0,CFG4,1,1,0,1,NONE,NONE,0,1,B,YES,GROUP_RELEASES_RESOURCE,A_ROW
HIGH,28,moderate,6989,A,CFG0,CFG4,1,1,0,1,NONE,NONE,0,1,C,YES,GROUP_RELEASES_RESOURCE,D_ROW
HIGH,28,moderate,6992,A,CFG0,CFG4,1,1,0,1,NONE,NONE,0,1,B,YES,GROUP_RELEASES_RESOURCE,A_ROW
HIGH,28,moderate,6996,A,CFG0,CFG4,1,1,0,1,NONE,NONE,0,1,C,YES,GROUP_RELEASES_RESOURCE,D_ROW
HIGH,28,moderate,7005,A,CFG0,CFG4,2,2,0,1,NONE,NONE,0,1,C,YES,GROUP_RELEASES_RESOURCE,D_ROW
HIGH,28,moderate,7017,A,CFG0,CFG4,1,1,0,1,NONE,NONE,0,1,D,YES,GROUP_RELEASES_RESOURCE,C_COL
HIGH,28,moderate,7023,A,CFG0,CFG4,1,1,0,1,NONE,NONE,0,1,D,YES,GROUP_RELEASES_RESOURCE,C_COL
HIGH,28,moderate,7043,A,CFG0,CFG4,1,1,0,1,NONE,NONE,0,1,C,YES,GROUP_RELEASES_RESOURCE,D_ROW
HIGH,28,moderate,7044,A,CFG0,CFG4,1,1,0,1,NONE,NONE,0,1,B,YES,GROUP_RELEASES_RESOURCE,A_ROW
HIGH,28,moderate,7049,A,CFG0,CFG4,1,1,0,1,NONE,NONE,0,1,C,YES,GROUP_RELEASES_RESOURCE,D_ROW
HIGH,28,moderate,7063,A,CFG0,CFG4,2,2,0,1,NONE,NONE,0,1,B,YES,GROUP_RELEASES_RESOURCE,A_ROW
HIGH,28,moderate,7074,A,CFG0,CFG4,2,2,0,1,NONE,NONE,0,1,B,YES,GROUP_RELEASES_RESOURCE,A_ROW
HIGH,28,moderate,7075,A,CFG0,CFG4,1,1,0,1,NONE,NONE,0,1,C,YES,GROUP_RELEASES_RESOURCE,D_ROW
HIGH,28,moderate,7104,A,CFG0,CFG4,1,1,0,1,NONE,NONE,0,1,B,YES,GROUP_RELEASES_RESOURCE,A_ROW
HIGH,28,moderate,7106,A,CFG0,CFG4,2,2,0,1,NONE,NONE,0,1,B,YES,GROUP_RELEASES_RESOURCE,A_ROW
HIGH,28,moderate,7110,A,CFG0,CFG4,1,2,0,1,NONE,NONE,0,1,C,YES,GROUP_RELEASES_RESOURCE,D_ROW
HIGH,28,moderate,7116,A,CFG0,CFG4,1,1,0,1,NONE,NONE,0,1,B,YES,GROUP_RELEASES_RESOURCE,A_ROW
HIGH,28,moderate,7118,A,CFG0,CFG4,1,1,0,1,NONE,NONE,0,1,C,YES,GROUP_RELEASES_RESOURCE,D_ROW
HIGH,28,moderate,7125,A,CFG0,CFG4,1,1,0,1,NONE,NONE,0,1,B,YES,GROUP_RELEASES_RESOURCE,A_ROW
HIGH,28,moderate,7126,A,CFG0,CFG4,1,1,0,1,NONE,NONE,0,1,B,YES,GROUP_RELEASES_RESOURCE,A_ROW
HIGH,28,moderate,7147,A,CFG0,CFG4,1,1,0,1,NONE,NONE,0,1,D,YES,GROUP_RELEASES_RESOURCE,C_COL
HIGH,28,moderate,7150,A,CFG0,CFG4,1,1,0,1,NONE,NONE,0,1,B,YES,GROUP_RELEASES_RESOURCE,A_ROW
HIGH,28,moderate,7154,A,CFG0,CFG4,2,2,0,1,NONE,NONE,0,1,C,YES,GROUP_RELEASES_RESOURCE,D_ROW
HIGH,28,moderate,7163,A,CFG0,CFG4,1,3,0,1,NONE,NONE,0,1,D,YES,GROUP_RELEASES_RESOURCE,C_COL
HIGH,28,moderate,7166,A,CFG0,CFG4,1,1,0,1,NONE,NONE,0,1,C,YES,GROUP_RELEASES_RESOURCE,D_ROW
HIGH,28,moderate,7183,A,CFG0,CFG4,1,1,0,1,NONE,NONE,0,1,C,YES,GROUP_RELEASES_RESOURCE,D_ROW
HIGH,28,moderate,7198,A,CFG0,CFG4,2,2,0,1,NONE,NONE,0,1,B,YES,GROUP_RELEASES_RESOURCE,A_ROW
HIGH,28,moderate,7199,A,CFG0,CFG4,2,2,0,1,NONE,NONE,0,1,C,YES,GROUP_RELEASES_RESOURCE,D_ROW
HIGH,28,moderate,7202,A,CFG0,CFG4,1,1,0,1,NONE,NONE,0,1,B,YES,GROUP_RELEASES_RESOURCE,A_ROW
HIGH,28,moderate,7205,A,CFG0,CFG4,1,1,0,1,NONE,NONE,0,1,B,YES,GROUP_RELEASES_RESOURCE,A_ROW
HIGH,28,moderate,7211,A,CFG0,CFG4,2,1,0,1,NONE,NONE,0,1,B,YES,GROUP_RELEASES_RESOURCE,A_ROW
HIGH,28,moderate,7212,A,CFG0,CFG4,2,1,0,1,NONE,NONE,0,1,D,YES,GROUP_RELEASES_RESOURCE,C_COL
HIGH,28,moderate,7244,A,CFG0,CFG4,1,1,0,1,NONE,NONE,0,1,C,YES,GROUP_RELEASES_RESOURCE,D_ROW
HIGH,28,moderate,7255,A,CFG0,CFG4,1,1,0,1,NONE,NONE,0,1,C,YES,GROUP_RELEASES_RESOURCE,D_ROW
HIGH,28,moderate,7285,A,CFG0,CFG4,1,1,0,1,NONE,NONE,0,1,C,YES,GROUP_RELEASES_RESOURCE,D_ROW
HIGH,28,moderate,7289,A,CFG0,CFG4,1,1,0,1,NONE,NONE,0,1,C,YES,GROUP_RELEASES_RESOURCE,D_ROW
HIGH,28,moderate,7292,A,CFG0,CFG4,1,1,0,1,NONE,NONE,0,1,C,YES,GROUP_RELEASES_RESOURCE,D_ROW
HIGH,28,moderate,7325,A,CFG0,CFG4,1,2,0,1,NONE,NONE,0,1,C,YES,GROUP_RELEASES_RESOURCE,D_ROW
HIGH,28,moderate,7337,A,CFG0,CFG4,1,1,0,1,NONE,NONE,0,1,C,YES,GROUP_RELEASES_RESOURCE,D_ROW
HIGH,28,moderate,7348,A,CFG0,CFG4,1,1,0,1,NONE,NONE,0,1,B,YES,GROUP_RELEASES_RESOURCE,A_ROW
HIGH,28,moderate,7358,A,CFG0,CFG4,2,2,0,1,NONE,NONE,0,1,B,YES,GROUP_RELEASES_RESOURCE,A_ROW
HIGH,28,moderate,7370,A,CFG0,CFG4,1,1,0,1,NONE,NONE,0,1,D,YES,GROUP_RELEASES_RESOURCE,C_COL
HIGH,28,moderate,7371,A,CFG0,CFG4,2,1,0,1,NONE,NONE,0,1,C,YES,GROUP_RELEASES_RESOURCE,D_ROW
HIGH,28,moderate,7372,A,CFG0,CFG4,1,1,0,1,NONE,NONE,0,1,B,YES,GROUP_RELEASES_RESOURCE,A_ROW
HIGH,28,moderate,7374,A,CFG0,CFG4,1,1,0,1,NONE,NONE,0,1,B,YES,GROUP_RELEASES_RESOURCE,A_ROW
HIGH,28,moderate,7385,A,CFG0,CFG4,1,1,0,1,NONE,NONE,0,1,C,YES,GROUP_RELEASES_RESOURCE,D_ROW
HIGH,28,moderate,7388,A,CFG0,CFG4,1,1,0,1,NONE,NONE,0,1,B,YES,GROUP_RELEASES_RESOURCE,A_ROW
HIGH,28,moderate,7402,A,CFG0,CFG4,1,1,0,1,NONE,NONE,0,1,D,YES,GROUP_RELEASES_RESOURCE,C_COL
HIGH,28,moderate,7407,A,CFG0,CFG4,1,1,0,1,NONE,NONE,0,1,B,YES,GROUP_RELEASES_RESOURCE,A_ROW
HIGH,28,moderate,7423,A,CFG0,CFG4,1,1,0,1,NONE,NONE,0,1,C,YES,GROUP_RELEASES_RESOURCE,D_ROW
HIGH,28,moderate,7427,A,CFG0,CFG4,1,1,0,1,NONE,NONE,0,1,C,YES,GROUP_RELEASES_RESOURCE,D_ROW
HIGH,28,moderate,7432,A,CFG0,CFG4,1,1,0,1,NONE,NONE,0,1,B,YES,GROUP_RELEASES_RESOURCE,A_ROW
HIGH,28,moderate,7439,A,CFG0,CFG4,1,1,0,1,NONE,NONE,0,1,C,YES,GROUP_RELEASES_RESOURCE,D_ROW
HIGH,28,moderate,7440,A,CFG0,CFG4,4,2,0,1,NONE,NONE,0,1,C,YES,GROUP_RELEASES_RESOURCE,D_ROW
HIGH,28,moderate,7442,A,CFG0,CFG4,2,2,0,1,NONE,NONE,0,1,D,YES,GROUP_RELEASES_RESOURCE,C_COL
HIGH,28,moderate,7445,A,CFG0,CFG4,1,1,0,1,NONE,NONE,0,1,C,YES,GROUP_RELEASES_RESOURCE,D_ROW
HIGH,28,moderate,7449,A,CFG0,CFG4,1,1,0,1,NONE,NONE,0,1,B,YES,GROUP_RELEASES_RESOURCE,A_ROW
HIGH,28,moderate,7458,A,CFG0,CFG4,2,1,0,1,NONE,NONE,0,1,D,YES,GROUP_RELEASES_RESOURCE,C_COL
HIGH,28,moderate,7464,A,CFG0,CFG4,1,1,0,1,NONE,NONE,0,1,D,YES,GROUP_RELEASES_RESOURCE,C_COL
HIGH,28,moderate,7478,A,CFG0,CFG4,1,1,0,1,NONE,NONE,0,1,C,YES,GROUP_RELEASES_RESOURCE,D_ROW
HIGH,28,moderate,7506,A,CFG0,CFG4,1,1,0,1,NONE,NONE,0,1,C,YES,GROUP_RELEASES_RESOURCE,D_ROW
HIGH,28,moderate,7512,A,CFG0,CFG4,1,1,0,1,NONE,NONE,0,1,B,YES,GROUP_RELEASES_RESOURCE,A_ROW
HIGH,28,moderate,7523,A,CFG0,CFG4,4,2,0,1,NONE,NONE,0,1,B,YES,GROUP_RELEASES_RESOURCE,A_ROW
HIGH,28,moderate,7527,A,CFG0,CFG4,1,1,0,1,NONE,NONE,0,1,C,YES,GROUP_RELEASES_RESOURCE,D_ROW
HIGH,28,moderate,7529,A,CFG0,CFG4,1,1,0,1,NONE,NONE,0,1,C,YES,GROUP_RELEASES_RESOURCE,D_ROW
HIGH,28,moderate,7540,A,CFG0,CFG4,1,1,0,1,NONE,NONE,0,1,D,YES,GROUP_RELEASES_RESOURCE,C_COL
HIGH,28,moderate,7543,A,CFG0,CFG4,1,1,0,1,NONE,NONE,0,1,C,YES,GROUP_RELEASES_RESOURCE,D_ROW
HIGH,28,moderate,7546,A,CFG0,CFG4,2,2,0,1,NONE,NONE,0,1,C,YES,GROUP_RELEASES_RESOURCE,D_ROW
HIGH,28,moderate,7560,A,CFG0,CFG4,1,1,0,1,NONE,NONE,0,1,B,YES,GROUP_RELEASES_RESOURCE,A_ROW
HIGH,28,moderate,7562,A,CFG0,CFG4,2,2,0,1,NONE,NONE,0,1,B,YES,GROUP_RELEASES_RESOURCE,A_ROW
HIGH,28,moderate,7563,A,CFG0,CFG4,1,1,0,1,NONE,NONE,0,1,B,YES,GROUP_RELEASES_RESOURCE,A_ROW
HIGH,28,moderate,7566,A,CFG0,CFG4,1,1,0,1,NONE,NONE,0,1,D,YES,GROUP_RELEASES_RESOURCE,C_COL
HIGH,28,moderate,7568,A,CFG0,CFG4,1,1,0,1,NONE,NONE,0,1,B,YES,GROUP_RELEASES_RESOURCE,A_ROW
HIGH,28,moderate,7569,A,CFG0,CFG4,2,2,0,1,NONE,NONE,0,1,B,YES,GROUP_RELEASES_RESOURCE,A_ROW
HIGH,28,moderate,7577,A,CFG0,CFG4,2,2,0,1,NONE,NONE,0,1,D,YES,GROUP_RELEASES_RESOURCE,C_COL
HIGH,28,moderate,7588,A,CFG0,CFG4,1,1,0,1,NONE,NONE,0,1,C,YES,GROUP_RELEASES_RESOURCE,D_ROW
HIGH,28,moderate,7590,A,CFG0,CFG4,1,1,0,1,NONE,NONE,0,1,B,YES,GROUP_RELEASES_RESOURCE,A_ROW
HIGH,28,moderate,7593,A,CFG0,CFG4,2,2,0,1,NONE,NONE,0,1,C,YES,GROUP_RELEASES_RESOURCE,D_ROW
HIGH,28,moderate,7601,A,CFG0,CFG4,1,1,0,1,NONE,NONE,0,1,C,YES,GROUP_RELEASES_RESOURCE,D_ROW
HIGH,28,moderate,7618,A,CFG0,CFG4,1,1,0,1,NONE,NONE,0,1,C,YES,GROUP_RELEASES_RESOURCE,D_ROW
HIGH,28,moderate,7638,A,CFG0,CFG4,2,2,0,1,NONE,NONE,0,1,C,YES,GROUP_RELEASES_RESOURCE,D_ROW
HIGH,28,moderate,7662,A,CFG0,CFG4,1,1,0,1,NONE,NONE,0,1,B,YES,GROUP_RELEASES_RESOURCE,A_ROW
HIGH,28,moderate,7666,A,CFG0,CFG4,1,1,0,1,NONE,NONE,0,1,C,YES,GROUP_RELEASES_RESOURCE,D_ROW
HIGH,28,moderate,7675,A,CFG0,CFG4,1,1,0,1,NONE,NONE,0,1,B,YES,GROUP_RELEASES_RESOURCE,A_ROW
HIGH,28,moderate,7681,A,CFG0,CFG4,1,1,0,1,NONE,NONE,0,1,C,YES,GROUP_RELEASES_RESOURCE,D_ROW
HIGH,28,moderate,7682,A,CFG0,CFG4,1,1,0,1,NONE,NONE,0,1,B,YES,GROUP_RELEASES_RESOURCE,A_ROW
HIGH,28,moderate,7684,A,CFG0,CFG4,1,1,0,1,NONE,NONE,0,1,C,YES,GROUP_RELEASES_RESOURCE,D_ROW
HIGH,28,moderate,7691,A,CFG0,CFG4,1,1,0,1,NONE,NONE,0,1,B,YES,GROUP_RELEASES_RESOURCE,A_ROW
HIGH,28,moderate,7692,A,CFG0,CFG4,1,1,0,1,NONE,NONE,0,1,C,YES,GROUP_RELEASES_RESOURCE,D_ROW
HIGH,28,moderate,7700,A,CFG0,CFG4,1,1,0,1,NONE,NONE,0,1,B,YES,GROUP_RELEASES_RESOURCE,A_ROW
HIGH,28,moderate,7704,A,CFG0,CFG4,1,1,0,1,NONE,NONE,0,1,C,YES,GROUP_RELEASES_RESOURCE,D_ROW
HIGH,28,moderate,7718,A,CFG0,CFG4,1,1,0,1,NONE,NONE,0,1,C,YES,GROUP_RELEASES_RESOURCE,D_ROW
HIGH,28,moderate,7720,A,CFG0,CFG4,1,1,0,1,NONE,NONE,0,1,C,YES,GROUP_RELEASES_RESOURCE,D_ROW
HIGH,28,moderate,7722,A,CFG0,CFG4,2,2,0,1,NONE,NONE,0,1,C,YES,GROUP_RELEASES_RESOURCE,D_ROW
HIGH,28,moderate,7727,A,CFG0,CFG4,1,1,0,1,NONE,NONE,0,1,B,YES,GROUP_RELEASES_RESOURCE,A_ROW
HIGH,28,moderate,7729,A,CFG0,CFG4,1,1,0,1,NONE,NONE,0,1,D,YES,GROUP_RELEASES_RESOURCE,C_COL
HIGH,28,moderate,7732,A,CFG0,CFG4,2,2,0,1,NONE,NONE,0,1,C,YES,GROUP_RELEASES_RESOURCE,D_ROW
HIGH,28,moderate,7737,A,CFG0,CFG4,1,1,0,1,NONE,NONE,0,1,D,YES,GROUP_RELEASES_RESOURCE,C_COL
HIGH,28,moderate,7742,A,CFG0,CFG4,1,1,0,1,NONE,NONE,0,1,C,YES,GROUP_RELEASES_RESOURCE,D_ROW
HIGH,28,moderate,7743,A,CFG0,CFG4,2,2,0,1,NONE,NONE,0,1,C,YES,GROUP_RELEASES_RESOURCE,D_ROW
HIGH,28,moderate,7757,A,CFG0,CFG4,1,1,0,1,NONE,NONE,0,1,B,YES,GROUP_RELEASES_RESOURCE,A_ROW
HIGH,28,moderate,7764,A,CFG0,CFG4,1,1,0,1,NONE,NONE,0,1,C,YES,GROUP_RELEASES_RESOURCE,D_ROW
HIGH,28,moderate,7766,A,CFG0,CFG4,1,1,0,1,NONE,NONE,0,1,B,YES,GROUP_RELEASES_RESOURCE,A_ROW
HIGH,28,moderate,7773,A,CFG0,CFG4,2,2,0,1,NONE,NONE,0,1,C,YES,GROUP_RELEASES_RESOURCE,D_ROW
HIGH,28,moderate,7793,A,CFG0,CFG4,2,2,0,1,NONE,NONE,0,1,C,YES,GROUP_RELEASES_RESOURCE,D_ROW
HIGH,28,moderate,7799,A,CFG0,CFG4,2,2,0,1,NONE,NONE,0,1,B,YES,GROUP_RELEASES_RESOURCE,A_ROW
HIGH,28,moderate,7803,A,CFG0,CFG4,2,2,0,1,NONE,NONE,0,1,B,YES,GROUP_RELEASES_RESOURCE,A_ROW
HIGH,28,moderate,7824,A,CFG0,CFG4,1,1,0,1,NONE,NONE,0,1,B,YES,GROUP_RELEASES_RESOURCE,A_ROW
HIGH,28,moderate,7837,A,CFG0,CFG4,1,1,0,1,NONE,NONE,0,1,B,YES,GROUP_RELEASES_RESOURCE,A_ROW
HIGH,28,moderate,7855,A,CFG0,CFG4,1,1,0,1,NONE,NONE,0,1,D,YES,GROUP_RELEASES_RESOURCE,C_COL
HIGH,28,moderate,7863,A,CFG0,CFG4,1,2,0,1,NONE,NONE,0,1,D,YES,GROUP_RELEASES_RESOURCE,C_COL
HIGH,28,moderate,7868,A,CFG0,CFG4,4,2,0,1,NONE,NONE,0,1,D,YES,GROUP_RELEASES_RESOURCE,C_COL
HIGH,28,moderate,7876,A,CFG0,CFG4,1,1,0,1,NONE,NONE,0,1,C,YES,GROUP_RELEASES_RESOURCE,D_ROW
HIGH,28,moderate,7877,A,CFG0,CFG4,1,1,0,1,NONE,NONE,0,1,B,YES,GROUP_RELEASES_RESOURCE,A_ROW
HIGH,28,moderate,7885,A,CFG0,CFG4,2,2,0,1,NONE,NONE,0,1,D,YES,GROUP_RELEASES_RESOURCE,C_COL
HIGH,28,moderate,7893,A,CFG0,CFG4,1,1,0,1,NONE,NONE,0,1,D,YES,GROUP_RELEASES_RESOURCE,C_COL
HIGH,28,moderate,7898,A,CFG0,CFG4,2,2,0,1,NONE,NONE,0,1,B,YES,GROUP_RELEASES_RESOURCE,A_ROW
HIGH,28,moderate,7903,A,CFG0,CFG4,1,1,0,1,NONE,NONE,0,1,B,YES,GROUP_RELEASES_RESOURCE,A_ROW
HIGH,28,moderate,7906,A,CFG0,CFG4,1,1,0,1,NONE,NONE,0,1,B,YES,GROUP_RELEASES_RESOURCE,A_ROW
HIGH,28,moderate,7910,A,CFG0,CFG4,1,1,0,1,NONE,NONE,0,1,C,YES,GROUP_RELEASES_RESOURCE,D_ROW
HIGH,28,moderate,7911,A,CFG0,CFG4,1,1,0,1,NONE,NONE,0,1,C,YES,GROUP_RELEASES_RESOURCE,D_ROW
HIGH,28,moderate,7920,A,CFG0,CFG4,2,2,0,1,NONE,NONE,0,1,D,YES,GROUP_RELEASES_RESOURCE,C_COL
HIGH,28,moderate,7937,A,CFG0,CFG4,2,1,0,1,NONE,NONE,0,1,C,YES,GROUP_RELEASES_RESOURCE,D_ROW
HIGH,28,moderate,7975,A,CFG0,CFG4,1,1,0,1,NONE,NONE,0,1,C,YES,GROUP_RELEASES_RESOURCE,D_ROW
HIGH,28,moderate,7978,A,CFG0,CFG4,2,2,0,1,NONE,NONE,0,1,D,YES,GROUP_RELEASES_RESOURCE,C_COL
HIGH,28,moderate,7981,A,CFG0,CFG4,2,2,0,1,NONE,NONE,0,1,C,YES,GROUP_RELEASES_RESOURCE,D_ROW
HIGH,28,moderate,7983,A,CFG0,CFG4,1,2,0,1,NONE,NONE,0,1,B,YES,GROUP_RELEASES_RESOURCE,A_ROW
HIGH,28,moderate,7988,A,CFG0,CFG4,2,2,0,1,NONE,NONE,0,1,B,YES,GROUP_RELEASES_RESOURCE,A_ROW
HIGH,28,moderate,7991,A,CFG0,CFG4,1,1,0,1,NONE,NONE,0,1,C,YES,GROUP_RELEASES_RESOURCE,D_ROW
HIGH,28,moderate,8002,A,CFG0,CFG4,1,1,0,1,NONE,NONE,0,1,B,YES,GROUP_RELEASES_RESOURCE,A_ROW
HIGH,28,moderate,8018,A,CFG0,CFG4,1,1,0,1,NONE,NONE,0,1,B,YES,GROUP_RELEASES_RESOURCE,A_ROW
HIGH,28,moderate,8040,A,CFG0,CFG4,1,1,0,1,NONE,NONE,0,1,C,YES,GROUP_RELEASES_RESOURCE,D_ROW
HIGH,28,moderate,8042,A,CFG0,CFG4,1,1,0,1,NONE,NONE,0,1,B,YES,GROUP_RELEASES_RESOURCE,A_ROW
HIGH,28,moderate,8052,A,CFG0,CFG4,1,1,0,1,NONE,NONE,0,1,C,YES,GROUP_RELEASES_RESOURCE,D_ROW
HIGH,28,moderate,8053,A,CFG0,CFG4,1,1,0,1,NONE,NONE,0,1,B,YES,GROUP_RELEASES_RESOURCE,A_ROW
HIGH,28,moderate,8061,A,CFG0,CFG4,2,2,0,1,NONE,NONE,0,1,C,YES,GROUP_RELEASES_RESOURCE,D_ROW
HIGH,28,moderate,8066,A,CFG0,CFG4,1,1,0,1,NONE,NONE,0,1,B,YES,GROUP_RELEASES_RESOURCE,A_ROW
HIGH,28,moderate,8076,A,CFG0,CFG4,2,2,0,1,NONE,NONE,0,1,C,YES,GROUP_RELEASES_RESOURCE,D_ROW
HIGH,28,moderate,8090,A,CFG0,CFG4,1,1,0,1,NONE,NONE,0,1,C,YES,GROUP_RELEASES_RESOURCE,D_ROW
HIGH,28,moderate,8094,A,CFG0,CFG4,2,1,0,1,NONE,NONE,0,1,C,YES,GROUP_RELEASES_RESOURCE,D_ROW
HIGH,28,moderate,8098,A,CFG0,CFG4,2,1,0,1,NONE,NONE,0,1,B,YES,GROUP_RELEASES_RESOURCE,A_ROW
HIGH,28,moderate,8100,A,CFG0,CFG4,1,1,0,1,NONE,NONE,0,1,D,YES,GROUP_RELEASES_RESOURCE,C_COL
HIGH,28,moderate,8101,A,CFG0,CFG4,1,1,0,1,NONE,NONE,0,1,B,YES,GROUP_RELEASES_RESOURCE,A_ROW
HIGH,28,moderate,8112,A,CFG0,CFG4,1,1,0,1,NONE,NONE,0,1,C,YES,GROUP_RELEASES_RESOURCE,D_ROW
HIGH,28,moderate,8121,A,CFG0,CFG4,1,1,0,1,NONE,NONE,0,1,C,YES,GROUP_RELEASES_RESOURCE,D_ROW
HIGH,28,moderate,8129,A,CFG0,CFG4,1,1,0,1,NONE,NONE,0,1,D,YES,GROUP_RELEASES_RESOURCE,C_COL
HIGH,28,moderate,8138,A,CFG0,CFG4,1,3,0,1,NONE,NONE,0,1,C,YES,GROUP_RELEASES_RESOURCE,D_ROW
HIGH,28,moderate,8144,A,CFG0,CFG4,1,1,0,1,NONE,NONE,0,1,C,YES,GROUP_RELEASES_RESOURCE,D_ROW
HIGH,28,moderate,8169,A,CFG0,CFG4,1,1,0,1,NONE,NONE,0,1,C,YES,GROUP_RELEASES_RESOURCE,D_ROW
HIGH,28,moderate,8178,A,CFG0,CFG4,1,1,0,1,NONE,NONE,0,1,D,YES,GROUP_RELEASES_RESOURCE,C_COL
HIGH,28,moderate,8199,A,CFG0,CFG4,1,1,0,1,NONE,NONE,0,1,C,YES,GROUP_RELEASES_RESOURCE,D_ROW
HIGH,28,moderate,8211,A,CFG0,CFG4,1,1,0,1,NONE,NONE,0,1,C,YES,GROUP_RELEASES_RESOURCE,D_ROW
HIGH,28,moderate,8227,A,CFG0,CFG4,1,2,0,1,NONE,NONE,0,1,D,YES,GROUP_RELEASES_RESOURCE,C_COL
HIGH,28,moderate,8241,A,CFG0,CFG4,1,1,0,1,NONE,NONE,0,1,B,YES,GROUP_RELEASES_RESOURCE,A_ROW
HIGH,28,moderate,8244,A,CFG0,CFG4,1,1,0,1,NONE,NONE,0,1,B,YES,GROUP_RELEASES_RESOURCE,A_ROW
HIGH,28,moderate,8246,A,CFG0,CFG4,1,1,0,1,NONE,NONE,0,1,B,YES,GROUP_RELEASES_RESOURCE,A_ROW
HIGH,28,moderate,8258,A,CFG0,CFG4,1,2,0,1,NONE,NONE,0,1,C,YES,GROUP_RELEASES_RESOURCE,D_ROW
HIGH,28,moderate,8276,A,CFG0,CFG4,1,1,0,1,NONE,NONE,0,1,B,YES,GROUP_RELEASES_RESOURCE,A_ROW
HIGH,28,moderate,8285,A,CFG0,CFG4,1,1,0,1,NONE,NONE,0,1,B,YES,GROUP_RELEASES_RESOURCE,A_ROW
HIGH,28,moderate,8288,A,CFG0,CFG4,2,2,0,1,NONE,NONE,0,1,C,YES,GROUP_RELEASES_RESOURCE,D_ROW
HIGH,28,moderate,8316,A,CFG0,CFG4,2,2,0,1,NONE,NONE,0,1,D,YES,GROUP_RELEASES_RESOURCE,C_COL
HIGH,28,moderate,8325,A,CFG0,CFG4,1,1,0,1,NONE,NONE,0,1,D,YES,GROUP_RELEASES_RESOURCE,C_COL
HIGH,28,moderate,8348,A,CFG0,CFG4,2,1,0,1,NONE,NONE,0,1,D,YES,GROUP_RELEASES_RESOURCE,C_COL
HIGH,28,moderate,8352,A,CFG0,CFG4,1,1,0,1,NONE,NONE,0,1,B,YES,GROUP_RELEASES_RESOURCE,A_ROW
HIGH,28,moderate,8363,A,CFG0,CFG4,1,1,0,1,NONE,NONE,0,1,B,YES,GROUP_RELEASES_RESOURCE,A_ROW
HIGH,28,moderate,8364,A,CFG0,CFG4,1,3,0,1,NONE,NONE,0,1,C,YES,GROUP_RELEASES_RESOURCE,D_ROW
HIGH,28,moderate,8383,A,CFG0,CFG4,1,1,0,1,NONE,NONE,0,1,B,YES,GROUP_RELEASES_RESOURCE,A_ROW
HIGH,28,moderate,8385,A,CFG0,CFG4,1,1,0,1,NONE,NONE,0,1,C,YES,GROUP_RELEASES_RESOURCE,D_ROW
HIGH,28,moderate,8390,A,CFG0,CFG4,1,1,0,1,NONE,NONE,0,1,D,YES,GROUP_RELEASES_RESOURCE,C_COL
HIGH,28,moderate,8392,A,CFG0,CFG4,2,2,0,1,NONE,NONE,0,1,B,YES,GROUP_RELEASES_RESOURCE,A_ROW
HIGH,28,moderate,8395,A,CFG0,CFG4,1,1,0,1,NONE,NONE,0,1,B,YES,GROUP_RELEASES_RESOURCE,A_ROW
HIGH,28,moderate,8396,A,CFG0,CFG4,1,1,0,1,NONE,NONE,0,1,D,YES,GROUP_RELEASES_RESOURCE,C_COL
HIGH,28,moderate,8397,A,CFG0,CFG4,1,1,0,1,NONE,NONE,0,1,B,YES,GROUP_RELEASES_RESOURCE,A_ROW
HIGH,28,moderate,8404,A,CFG0,CFG4,1,1,0,1,NONE,NONE,0,1,B,YES,GROUP_RELEASES_RESOURCE,A_ROW
HIGH,28,moderate,8441,A,CFG0,CFG4,1,1,0,1,NONE,NONE,0,1,C,YES,GROUP_RELEASES_RESOURCE,D_ROW
HIGH,28,moderate,8456,A,CFG0,CFG4,1,1,0,1,NONE,NONE,0,1,D,YES,GROUP_RELEASES_RESOURCE,C_COL
HIGH,28,moderate,8458,A,CFG0,CFG4,1,1,0,1,NONE,NONE,0,1,C,YES,GROUP_RELEASES_RESOURCE,D_ROW
HIGH,28,moderate,8461,A,CFG0,CFG4,1,1,0,1,NONE,NONE,0,1,D,YES,GROUP_RELEASES_RESOURCE,C_COL
HIGH,28,moderate,8474,A,CFG0,CFG4,1,1,0,1,NONE,NONE,0,1,C,YES,GROUP_RELEASES_RESOURCE,D_ROW
HIGH,28,moderate,8482,A,CFG0,CFG4,2,2,0,1,NONE,NONE,0,1,C,YES,GROUP_RELEASES_RESOURCE,D_ROW
HIGH,28,moderate,8484,A,CFG0,CFG4,1,1,0,1,NONE,NONE,0,1,C,YES,GROUP_RELEASES_RESOURCE,D_ROW
HIGH,28,moderate,8507,A,CFG0,CFG4,1,3,0,1,NONE,NONE,0,1,B,YES,GROUP_RELEASES_RESOURCE,A_ROW
HIGH,28,moderate,8511,A,CFG0,CFG4,1,1,0,1,NONE,NONE,0,1,D,YES,GROUP_RELEASES_RESOURCE,C_COL
HIGH,28,moderate,8533,A,CFG0,CFG4,2,2,0,1,NONE,NONE,0,1,C,YES,GROUP_RELEASES_RESOURCE,D_ROW
HIGH,28,moderate,8536,A,CFG0,CFG4,2,2,0,1,NONE,NONE,0,1,C,YES,GROUP_RELEASES_RESOURCE,D_ROW
HIGH,28,moderate,8554,A,CFG0,CFG4,1,1,0,1,NONE,NONE,0,1,B,YES,GROUP_RELEASES_RESOURCE,A_ROW
HIGH,28,moderate,8566,A,CFG0,CFG4,1,3,0,1,NONE,NONE,0,1,B,YES,GROUP_RELEASES_RESOURCE,A_ROW
HIGH,28,moderate,8592,A,CFG0,CFG4,2,2,0,1,NONE,NONE,0,1,C,YES,GROUP_RELEASES_RESOURCE,D_ROW
HIGH,28,moderate,8597,A,CFG0,CFG4,1,1,0,1,NONE,NONE,0,1,C,YES,GROUP_RELEASES_RESOURCE,D_ROW
HIGH,28,moderate,8607,A,CFG0,CFG4,2,2,0,1,NONE,NONE,0,1,C,YES,GROUP_RELEASES_RESOURCE,D_ROW
HIGH,28,moderate,8614,A,CFG0,CFG4,1,1,0,1,NONE,NONE,0,1,C,YES,GROUP_RELEASES_RESOURCE,D_ROW
HIGH,28,moderate,8616,A,CFG0,CFG4,1,1,0,1,NONE,NONE,0,1,B,YES,GROUP_RELEASES_RESOURCE,A_ROW
HIGH,28,moderate,8617,A,CFG0,CFG4,1,1,0,1,NONE,NONE,0,1,C,YES,GROUP_RELEASES_RESOURCE,D_ROW
HIGH,28,moderate,8618,A,CFG0,CFG4,1,1,0,1,NONE,NONE,0,1,D,YES,GROUP_RELEASES_RESOURCE,C_COL
HIGH,28,moderate,8622,A,CFG0,CFG4,1,1,0,1,NONE,NONE,0,1,C,YES,GROUP_RELEASES_RESOURCE,D_ROW
HIGH,28,moderate,8626,A,CFG0,CFG4,1,1,0,1,NONE,NONE,0,1,C,YES,GROUP_RELEASES_RESOURCE,D_ROW
HIGH,28,moderate,8627,A,CFG0,CFG4,1,1,0,1,NONE,NONE,0,1,C,YES,GROUP_RELEASES_RESOURCE,D_ROW
HIGH,28,moderate,8629,A,CFG0,CFG4,1,1,0,1,NONE,NONE,0,1,B,YES,GROUP_RELEASES_RESOURCE,A_ROW
HIGH,28,moderate,8637,A,CFG0,CFG4,1,1,0,1,NONE,NONE,0,1,B,YES,GROUP_RELEASES_RESOURCE,A_ROW
HIGH,28,moderate,8640,A,CFG0,CFG4,2,1,0,1,NONE,NONE,0,1,B,YES,GROUP_RELEASES_RESOURCE,A_ROW
HIGH,28,moderate,8648,A,CFG0,CFG4,1,1,0,1,NONE,NONE,0,1,C,YES,GROUP_RELEASES_RESOURCE,D_ROW
HIGH,28,moderate,8654,A,CFG0,CFG4,1,1,0,1,NONE,NONE,0,1,C,YES,GROUP_RELEASES_RESOURCE,D_ROW
HIGH,28,moderate,8660,A,CFG0,CFG4,1,1,0,1,NONE,NONE,0,1,B,YES,GROUP_RELEASES_RESOURCE,A_ROW
HIGH,28,moderate,8668,A,CFG0,CFG4,2,2,0,1,NONE,NONE,0,1,C,YES,GROUP_RELEASES_RESOURCE,D_ROW
HIGH,28,moderate,8677,A,CFG0,CFG4,1,1,0,1,NONE,NONE,0,1,B,YES,GROUP_RELEASES_RESOURCE,A_ROW
HIGH,28,moderate,8697,A,CFG0,CFG4,2,2,0,1,NONE,NONE,0,1,C,YES,GROUP_RELEASES_RESOURCE,D_ROW
HIGH,28,moderate,8699,A,CFG0,CFG4,1,1,0,1,NONE,NONE,0,1,C,YES,GROUP_RELEASES_RESOURCE,D_ROW
HIGH,28,moderate,8700,A,CFG0,CFG4,1,1,0,1,NONE,NONE,0,1,C,YES,GROUP_RELEASES_RESOURCE,D_ROW
HIGH,28,moderate,8701,A,CFG0,CFG4,2,2,0,1,NONE,NONE,0,1,C,YES,GROUP_RELEASES_RESOURCE,D_ROW
HIGH,28,moderate,8703,A,CFG0,CFG4,1,1,0,1,NONE,NONE,0,1,C,YES,GROUP_RELEASES_RESOURCE,D_ROW
HIGH,28,moderate,8707,A,CFG0,CFG4,1,3,0,1,NONE,NONE,0,1,C,YES,GROUP_RELEASES_RESOURCE,D_ROW
HIGH,28,moderate,8713,A,CFG0,CFG4,1,1,0,1,NONE,NONE,0,1,C,YES,GROUP_RELEASES_RESOURCE,D_ROW
HIGH,28,moderate,8717,A,CFG0,CFG4,1,1,0,1,NONE,NONE,0,1,C,YES,GROUP_RELEASES_RESOURCE,D_ROW
HIGH,28,moderate,8720,A,CFG0,CFG4,1,1,0,1,NONE,NONE,0,1,B,YES,GROUP_RELEASES_RESOURCE,A_ROW
HIGH,28,moderate,8721,A,CFG0,CFG4,1,1,0,1,NONE,NONE,0,1,C,YES,GROUP_RELEASES_RESOURCE,D_ROW
HIGH,28,moderate,8734,A,CFG0,CFG4,2,2,0,1,NONE,NONE,0,1,C,YES,GROUP_RELEASES_RESOURCE,D_ROW
HIGH,28,moderate,8735,A,CFG0,CFG4,2,2,0,1,NONE,NONE,0,1,C,YES,GROUP_RELEASES_RESOURCE,D_ROW
HIGH,28,moderate,8753,A,CFG0,CFG4,2,1,0,1,NONE,NONE,0,1,C,YES,GROUP_RELEASES_RESOURCE,D_ROW
HIGH,28,moderate,8763,A,CFG0,CFG4,1,1,0,1,NONE,NONE,0,1,C,YES,GROUP_RELEASES_RESOURCE,D_ROW
HIGH,28,moderate,8765,A,CFG0,CFG4,1,1,0,1,NONE,NONE,0,1,C,YES,GROUP_RELEASES_RESOURCE,D_ROW
HIGH,28,moderate,8766,A,CFG0,CFG4,2,2,0,1,NONE,NONE,0,1,D,YES,GROUP_RELEASES_RESOURCE,C_COL
HIGH,28,moderate,8783,A,CFG0,CFG4,1,1,0,1,NONE,NONE,0,1,C,YES,GROUP_RELEASES_RESOURCE,D_ROW
HIGH,28,moderate,8797,A,CFG0,CFG4,1,1,0,1,NONE,NONE,0,1,D,YES,GROUP_RELEASES_RESOURCE,C_COL
HIGH,28,moderate,8799,A,CFG0,CFG4,1,1,0,1,NONE,NONE,0,1,C,YES,GROUP_RELEASES_RESOURCE,D_ROW
HIGH,28,moderate,8800,A,CFG0,CFG4,1,1,0,1,NONE,NONE,0,1,C,YES,GROUP_RELEASES_RESOURCE,D_ROW
HIGH,28,moderate,8804,A,CFG0,CFG4,1,1,0,1,NONE,NONE,0,1,B,YES,GROUP_RELEASES_RESOURCE,A_ROW
HIGH,28,moderate,8822,A,CFG0,CFG4,1,1,0,1,NONE,NONE,0,1,B,YES,GROUP_RELEASES_RESOURCE,A_ROW
HIGH,28,moderate,8840,A,CFG0,CFG4,2,2,0,1,NONE,NONE,0,1,C,YES,GROUP_RELEASES_RESOURCE,D_ROW
HIGH,28,moderate,8859,A,CFG0,CFG4,1,1,0,1,NONE,NONE,0,1,C,YES,GROUP_RELEASES_RESOURCE,D_ROW
HIGH,28,moderate,8869,A,CFG0,CFG4,2,1,0,1,NONE,NONE,0,1,C,YES,GROUP_RELEASES_RESOURCE,D_ROW
HIGH,28,moderate,8876,A,CFG0,CFG4,2,2,0,1,NONE,NONE,0,1,C,YES,GROUP_RELEASES_RESOURCE,D_ROW
HIGH,28,moderate,8883,A,CFG0,CFG4,2,2,0,1,NONE,NONE,0,1,D,YES,GROUP_RELEASES_RESOURCE,C_COL
HIGH,28,moderate,8884,A,CFG0,CFG4,2,2,0,1,NONE,NONE,0,1,D,YES,GROUP_RELEASES_RESOURCE,C_COL
HIGH,28,moderate,8892,A,CFG0,CFG4,2,2,0,1,NONE,NONE,0,1,D,YES,GROUP_RELEASES_RESOURCE,C_COL
HIGH,28,moderate,8901,A,CFG0,CFG4,1,1,0,1,NONE,NONE,0,1,C,YES,GROUP_RELEASES_RESOURCE,D_ROW
HIGH,28,moderate,8907,A,CFG0,CFG4,2,2,0,1,NONE,NONE,0,1,C,YES,GROUP_RELEASES_RESOURCE,D_ROW
HIGH,28,moderate,8921,A,CFG0,CFG4,2,2,0,1,NONE,NONE,0,1,C,YES,GROUP_RELEASES_RESOURCE,D_ROW
HIGH,28,moderate,8925,A,CFG0,CFG4,2,1,0,1,NONE,NONE,0,1,D,YES,GROUP_RELEASES_RESOURCE,C_COL
HIGH,28,moderate,8929,A,CFG0,CFG4,1,1,0,1,NONE,NONE,0,1,C,YES,GROUP_RELEASES_RESOURCE,D_ROW
HIGH,28,moderate,8942,A,CFG0,CFG4,2,2,0,1,NONE,NONE,0,1,C,YES,GROUP_RELEASES_RESOURCE,D_ROW
HIGH,28,moderate,8944,A,CFG0,CFG4,1,1,0,1,NONE,NONE,0,1,D,YES,GROUP_RELEASES_RESOURCE,C_COL
HIGH,28,moderate,8954,A,CFG0,CFG4,1,1,0,1,NONE,NONE,0,1,D,YES,GROUP_RELEASES_RESOURCE,C_COL
HIGH,28,moderate,8968,A,CFG0,CFG4,1,1,0,1,NONE,NONE,0,1,B,YES,GROUP_RELEASES_RESOURCE,A_ROW
HIGH,28,moderate,8969,A,CFG0,CFG4,2,1,0,1,NONE,NONE,0,1,C,YES,GROUP_RELEASES_RESOURCE,D_ROW
HIGH,28,moderate,8978,A,CFG0,CFG4,2,1,0,1,NONE,NONE,0,1,B,YES,GROUP_RELEASES_RESOURCE,A_ROW
HIGH,28,moderate,8986,A,CFG0,CFG4,1,1,0,1,NONE,NONE,0,1,B,YES,GROUP_RELEASES_RESOURCE,A_ROW
HIGH,28,moderate,9000,A,CFG0,CFG4,1,1,0,1,NONE,NONE,0,1,C,YES,GROUP_RELEASES_RESOURCE,D_ROW
HIGH,28,moderate,9001,A,CFG0,CFG4,1,1,0,1,NONE,NONE,0,1,C,YES,GROUP_RELEASES_RESOURCE,D_ROW
HIGH,28,moderate,9008,A,CFG0,CFG4,1,1,0,1,NONE,NONE,0,1,C,YES,GROUP_RELEASES_RESOURCE,D_ROW
HIGH,28,moderate,9011,A,CFG0,CFG4,2,1,0,1,NONE,NONE,0,1,D,YES,GROUP_RELEASES_RESOURCE,C_COL
HIGH,28,moderate,9033,A,CFG0,CFG4,2,1,0,1,NONE,NONE,0,1,D,YES,GROUP_RELEASES_RESOURCE,C_COL
HIGH,28,moderate,9035,A,CFG0,CFG4,2,1,0,1,NONE,NONE,0,1,C,YES,GROUP_RELEASES_RESOURCE,D_ROW
HIGH,28,moderate,9036,A,CFG0,CFG4,1,1,0,1,NONE,NONE,0,1,C,YES,GROUP_RELEASES_RESOURCE,D_ROW
HIGH,28,moderate,9038,A,CFG0,CFG4,1,1,0,1,NONE,NONE,0,1,D,YES,GROUP_RELEASES_RESOURCE,C_COL
HIGH,28,moderate,9046,A,CFG0,CFG4,2,2,0,1,NONE,NONE,0,1,C,YES,GROUP_RELEASES_RESOURCE,D_ROW
HIGH,28,moderate,9062,A,CFG0,CFG4,1,1,0,1,NONE,NONE,0,1,C,YES,GROUP_RELEASES_RESOURCE,D_ROW
HIGH,28,moderate,9069,A,CFG0,CFG4,1,3,0,1,NONE,NONE,0,1,B,YES,GROUP_RELEASES_RESOURCE,A_ROW
HIGH,28,moderate,9074,A,CFG0,CFG4,1,1,0,1,NONE,NONE,0,1,C,YES,GROUP_RELEASES_RESOURCE,D_ROW
HIGH,28,moderate,9082,A,CFG0,CFG4,1,1,0,1,NONE,NONE,0,1,B,YES,GROUP_RELEASES_RESOURCE,A_ROW
HIGH,28,moderate,9083,A,CFG0,CFG4,1,1,0,1,NONE,NONE,0,1,B,YES,GROUP_RELEASES_RESOURCE,A_ROW
HIGH,28,moderate,9098,A,CFG0,CFG4,1,1,0,1,NONE,NONE,0,1,B,YES,GROUP_RELEASES_RESOURCE,A_ROW
HIGH,28,moderate,9099,A,CFG0,CFG4,1,1,0,1,NONE,NONE,0,1,C,YES,GROUP_RELEASES_RESOURCE,D_ROW
HIGH,28,moderate,9111,A,CFG0,CFG4,1,1,0,1,NONE,NONE,0,1,B,YES,GROUP_RELEASES_RESOURCE,A_ROW
HIGH,28,moderate,9118,A,CFG0,CFG4,2,2,0,1,NONE,NONE,0,1,D,YES,GROUP_RELEASES_RESOURCE,C_COL
HIGH,28,moderate,9120,A,CFG0,CFG4,1,1,0,1,NONE,NONE,0,1,C,YES,GROUP_RELEASES_RESOURCE,D_ROW
HIGH,28,moderate,9121,A,CFG0,CFG4,1,1,0,1,NONE,NONE,0,1,B,YES,GROUP_RELEASES_RESOURCE,A_ROW
HIGH,28,moderate,9128,A,CFG0,CFG4,1,1,0,1,NONE,NONE,0,1,D,YES,GROUP_RELEASES_RESOURCE,C_COL
HIGH,28,moderate,9143,A,CFG0,CFG4,1,1,0,1,NONE,NONE,0,1,B,YES,GROUP_RELEASES_RESOURCE,A_ROW
HIGH,28,moderate,9154,A,CFG0,CFG4,1,1,0,1,NONE,NONE,0,1,C,YES,GROUP_RELEASES_RESOURCE,D_ROW
HIGH,28,moderate,9170,A,CFG0,CFG4,1,1,0,1,NONE,NONE,0,1,D,YES,GROUP_RELEASES_RESOURCE,C_COL
HIGH,28,moderate,9175,A,CFG0,CFG4,1,1,0,1,NONE,NONE,0,1,D,YES,GROUP_RELEASES_RESOURCE,C_COL
HIGH,28,moderate,9176,A,CFG0,CFG4,1,1,0,1,NONE,NONE,0,1,B,YES,GROUP_RELEASES_RESOURCE,A_ROW
HIGH,28,moderate,9194,A,CFG0,CFG4,1,1,0,1,NONE,NONE,0,1,B,YES,GROUP_RELEASES_RESOURCE,A_ROW
HIGH,28,moderate,9196,A,CFG0,CFG4,1,1,0,1,NONE,NONE,0,1,C,YES,GROUP_RELEASES_RESOURCE,D_ROW
HIGH,28,moderate,9214,A,CFG0,CFG4,1,3,0,1,NONE,NONE,0,1,D,YES,GROUP_RELEASES_RESOURCE,C_COL
HIGH,28,moderate,9220,A,CFG0,CFG4,1,1,0,1,NONE,NONE,0,1,C,YES,GROUP_RELEASES_RESOURCE,D_ROW
HIGH,28,moderate,9224,A,CFG0,CFG4,1,1,0,1,NONE,NONE,0,1,C,YES,GROUP_RELEASES_RESOURCE,D_ROW
HIGH,28,moderate,9233,A,CFG0,CFG4,2,2,0,1,NONE,NONE,0,1,D,YES,GROUP_RELEASES_RESOURCE,C_COL
HIGH,28,moderate,9235,A,CFG0,CFG4,1,1,0,1,NONE,NONE,0,1,C,YES,GROUP_RELEASES_RESOURCE,D_ROW
HIGH,28,moderate,9254,A,CFG0,CFG4,1,1,0,1,NONE,NONE,0,1,D,YES,GROUP_RELEASES_RESOURCE,C_COL
HIGH,28,moderate,9255,A,CFG0,CFG4,1,1,0,1,NONE,NONE,0,1,C,YES,GROUP_RELEASES_RESOURCE,D_ROW
HIGH,28,moderate,9262,A,CFG0,CFG4,1,1,0,1,NONE,NONE,0,1,C,YES,GROUP_RELEASES_RESOURCE,D_ROW
HIGH,28,moderate,9327,A,CFG0,CFG4,1,1,0,1,NONE,NONE,0,1,B,YES,GROUP_RELEASES_RESOURCE,A_ROW
HIGH,28,moderate,9335,A,CFG0,CFG4,1,1,0,1,NONE,NONE,0,1,C,YES,GROUP_RELEASES_RESOURCE,D_ROW
HIGH,28,moderate,9346,A,CFG0,CFG4,1,1,0,1,NONE,NONE,0,1,C,YES,GROUP_RELEASES_RESOURCE,D_ROW
HIGH,28,moderate,9358,A,CFG0,CFG4,2,2,0,1,NONE,NONE,0,1,C,YES,GROUP_RELEASES_RESOURCE,D_ROW
HIGH,28,moderate,9372,A,CFG0,CFG4,1,1,0,1,NONE,NONE,0,1,C,YES,GROUP_RELEASES_RESOURCE,D_ROW
HIGH,28,moderate,9377,A,CFG0,CFG4,1,1,0,1,NONE,NONE,0,1,B,YES,GROUP_RELEASES_RESOURCE,A_ROW
HIGH,28,moderate,9379,A,CFG0,CFG4,1,1,0,1,NONE,NONE,0,1,C,YES,GROUP_RELEASES_RESOURCE,D_ROW
HIGH,28,moderate,9400,A,CFG0,CFG4,1,1,0,1,NONE,NONE,0,1,B,YES,GROUP_RELEASES_RESOURCE,A_ROW
HIGH,28,moderate,9412,A,CFG0,CFG4,2,1,0,1,NONE,NONE,0,1,B,YES,GROUP_RELEASES_RESOURCE,A_ROW
HIGH,28,moderate,9418,A,CFG0,CFG4,1,1,0,1,NONE,NONE,0,1,C,YES,GROUP_RELEASES_RESOURCE,D_ROW
HIGH,28,moderate,9423,A,CFG0,CFG4,1,1,0,1,NONE,NONE,0,1,B,YES,GROUP_RELEASES_RESOURCE,A_ROW
HIGH,28,moderate,9449,A,CFG0,CFG4,1,1,0,1,NONE,NONE,0,1,B,YES,GROUP_RELEASES_RESOURCE,A_ROW
HIGH,28,moderate,9465,A,CFG0,CFG4,1,1,0,1,NONE,NONE,0,1,D,YES,GROUP_RELEASES_RESOURCE,C_COL
HIGH,28,moderate,9466,A,CFG0,CFG4,1,1,0,1,NONE,NONE,0,1,B,YES,GROUP_RELEASES_RESOURCE,A_ROW
HIGH,28,moderate,9469,A,CFG0,CFG4,2,2,0,1,NONE,NONE,0,1,C,YES,GROUP_RELEASES_RESOURCE,D_ROW
HIGH,28,moderate,9485,A,CFG0,CFG4,1,1,0,1,NONE,NONE,0,1,C,YES,GROUP_RELEASES_RESOURCE,D_ROW
HIGH,28,moderate,9492,A,CFG0,CFG4,1,1,0,1,NONE,NONE,0,1,C,YES,GROUP_RELEASES_RESOURCE,D_ROW
HIGH,28,moderate,9507,A,CFG0,CFG4,2,2,0,1,NONE,NONE,0,1,B,YES,GROUP_RELEASES_RESOURCE,A_ROW
HIGH,28,moderate,9508,A,CFG0,CFG4,1,1,0,1,NONE,NONE,0,1,B,YES,GROUP_RELEASES_RESOURCE,A_ROW
HIGH,28,moderate,9515,A,CFG0,CFG4,1,1,0,1,NONE,NONE,0,1,C,YES,GROUP_RELEASES_RESOURCE,D_ROW
HIGH,28,moderate,9519,A,CFG0,CFG4,1,1,0,1,NONE,NONE,0,1,C,YES,GROUP_RELEASES_RESOURCE,D_ROW
HIGH,28,moderate,9522,A,CFG0,CFG4,2,2,0,1,NONE,NONE,0,1,B,YES,GROUP_RELEASES_RESOURCE,A_ROW
HIGH,28,moderate,9526,A,CFG0,CFG4,4,2,0,1,NONE,NONE,0,1,C,YES,GROUP_RELEASES_RESOURCE,D_ROW
HIGH,28,moderate,9551,A,CFG0,CFG4,1,1,0,1,NONE,NONE,0,1,C,YES,GROUP_RELEASES_RESOURCE,D_ROW
HIGH,28,moderate,9563,A,CFG0,CFG4,1,1,0,1,NONE,NONE,0,1,C,YES,GROUP_RELEASES_RESOURCE,D_ROW
HIGH,28,moderate,9566,A,CFG0,CFG4,1,1,0,1,NONE,NONE,0,1,D,YES,GROUP_RELEASES_RESOURCE,C_COL
HIGH,28,moderate,9574,A,CFG0,CFG4,2,1,0,1,NONE,NONE,0,1,B,YES,GROUP_RELEASES_RESOURCE,A_ROW
HIGH,28,moderate,9575,A,CFG0,CFG4,1,1,0,1,NONE,NONE,0,1,C,YES,GROUP_RELEASES_RESOURCE,D_ROW
HIGH,28,moderate,9580,A,CFG0,CFG4,1,1,0,1,NONE,NONE,0,1,D,YES,GROUP_RELEASES_RESOURCE,C_COL
HIGH,28,moderate,9583,A,CFG0,CFG4,1,1,0,1,NONE,NONE,0,1,C,YES,GROUP_RELEASES_RESOURCE,D_ROW
HIGH,28,moderate,9584,A,CFG0,CFG4,1,1,0,1,NONE,NONE,0,1,B,YES,GROUP_RELEASES_RESOURCE,A_ROW
HIGH,28,moderate,9586,A,CFG0,CFG4,1,1,0,1,NONE,NONE,0,1,C,YES,GROUP_RELEASES_RESOURCE,D_ROW
HIGH,28,moderate,9592,A,CFG0,CFG4,1,1,0,1,NONE,NONE,0,1,C,YES,GROUP_RELEASES_RESOURCE,D_ROW
HIGH,28,moderate,9600,A,CFG0,CFG4,2,2,0,1,NONE,NONE,0,1,C,YES,GROUP_RELEASES_RESOURCE,D_ROW
HIGH,28,moderate,9608,A,CFG0,CFG4,1,1,0,1,NONE,NONE,0,1,B,YES,GROUP_RELEASES_RESOURCE,A_ROW
HIGH,28,moderate,9618,A,CFG0,CFG4,2,2,0,1,NONE,NONE,0,1,C,YES,GROUP_RELEASES_RESOURCE,D_ROW
HIGH,28,moderate,9625,A,CFG0,CFG4,4,2,0,1,NONE,NONE,0,1,C,YES,GROUP_RELEASES_RESOURCE,D_ROW
HIGH,28,moderate,9629,A,CFG0,CFG4,4,2,0,1,NONE,NONE,0,1,D,YES,GROUP_RELEASES_RESOURCE,C_COL
HIGH,28,moderate,9635,A,CFG0,CFG4,2,2,0,1,NONE,NONE,0,1,D,YES,GROUP_RELEASES_RESOURCE,C_COL
HIGH,28,moderate,9660,A,CFG0,CFG4,2,2,0,1,NONE,NONE,0,1,B,YES,GROUP_RELEASES_RESOURCE,A_ROW
HIGH,28,moderate,9667,A,CFG0,CFG4,1,1,0,1,NONE,NONE,0,1,C,YES,GROUP_RELEASES_RESOURCE,D_ROW
HIGH,28,moderate,9680,A,CFG0,CFG4,2,1,0,1,NONE,NONE,0,1,D,YES,GROUP_RELEASES_RESOURCE,C_COL
HIGH,28,moderate,9699,A,CFG0,CFG4,1,1,0,1,NONE,NONE,0,1,C,YES,GROUP_RELEASES_RESOURCE,D_ROW
HIGH,28,moderate,9701,A,CFG0,CFG4,1,1,0,1,NONE,NONE,0,1,D,YES,GROUP_RELEASES_RESOURCE,C_COL
HIGH,28,moderate,9703,A,CFG0,CFG4,2,2,0,1,NONE,NONE,0,1,B,YES,GROUP_RELEASES_RESOURCE,A_ROW
HIGH,28,moderate,9710,A,CFG0,CFG4,1,1,0,1,NONE,NONE,0,1,B,YES,GROUP_RELEASES_RESOURCE,A_ROW
HIGH,28,moderate,9716,A,CFG0,CFG4,2,2,0,1,NONE,NONE,0,1,B,YES,GROUP_RELEASES_RESOURCE,A_ROW
HIGH,28,moderate,9719,A,CFG0,CFG4,1,1,0,1,NONE,NONE,0,1,D,YES,GROUP_RELEASES_RESOURCE,C_COL
HIGH,28,moderate,9722,A,CFG0,CFG4,1,1,0,1,NONE,NONE,0,1,C,YES,GROUP_RELEASES_RESOURCE,D_ROW
HIGH,28,moderate,9740,A,CFG0,CFG4,1,1,0,1,NONE,NONE,0,1,C,YES,GROUP_RELEASES_RESOURCE,D_ROW
HIGH,28,moderate,9748,A,CFG0,CFG4,1,1,0,1,NONE,NONE,0,1,D,YES,GROUP_RELEASES_RESOURCE,C_COL
HIGH,28,moderate,9767,A,CFG0,CFG4,1,1,0,1,NONE,NONE,0,1,C,YES,GROUP_RELEASES_RESOURCE,D_ROW
HIGH,28,moderate,9779,A,CFG0,CFG4,2,2,0,1,NONE,NONE,0,1,C,YES,GROUP_RELEASES_RESOURCE,D_ROW
HIGH,28,moderate,9789,A,CFG0,CFG4,1,1,0,1,NONE,NONE,0,1,D,YES,GROUP_RELEASES_RESOURCE,C_COL
HIGH,28,moderate,9798,A,CFG0,CFG4,4,2,0,1,NONE,NONE,0,1,D,YES,GROUP_RELEASES_RESOURCE,C_COL
HIGH,28,moderate,9804,A,CFG0,CFG4,1,1,0,1,NONE,NONE,0,1,B,YES,GROUP_RELEASES_RESOURCE,A_ROW
HIGH,28,moderate,9811,A,CFG0,CFG4,2,2,0,1,NONE,NONE,0,1,B,YES,GROUP_RELEASES_RESOURCE,A_ROW
HIGH,28,moderate,9819,A,CFG0,CFG4,2,2,0,1,NONE,NONE,0,1,C,YES,GROUP_RELEASES_RESOURCE,D_ROW
HIGH,28,moderate,9831,A,CFG0,CFG4,2,2,0,1,NONE,NONE,0,1,B,YES,GROUP_RELEASES_RESOURCE,A_ROW
HIGH,28,moderate,9844,A,CFG0,CFG4,2,1,0,1,NONE,NONE,0,1,C,YES,GROUP_RELEASES_RESOURCE,D_ROW
HIGH,28,moderate,9847,A,CFG0,CFG4,1,2,0,1,NONE,NONE,0,1,B,YES,GROUP_RELEASES_RESOURCE,A_ROW
HIGH,28,moderate,9860,A,CFG0,CFG4,1,1,0,1,NONE,NONE,0,1,B,YES,GROUP_RELEASES_RESOURCE,A_ROW
HIGH,28,moderate,9890,A,CFG0,CFG4,1,1,0,1,NONE,NONE,0,1,B,YES,GROUP_RELEASES_RESOURCE,A_ROW
HIGH,28,moderate,9891,A,CFG0,CFG4,2,2,0,1,NONE,NONE,0,1,C,YES,GROUP_RELEASES_RESOURCE,D_ROW
HIGH,28,moderate,9894,A,CFG0,CFG4,1,1,0,1,NONE,NONE,0,1,B,YES,GROUP_RELEASES_RESOURCE,A_ROW
HIGH,28,moderate,9919,A,CFG0,CFG4,1,1,0,1,NONE,NONE,0,1,C,YES,GROUP_RELEASES_RESOURCE,D_ROW
HIGH,28,moderate,9922,A,CFG0,CFG4,1,1,0,1,NONE,NONE,0,1,C,YES,GROUP_RELEASES_RESOURCE,D_ROW
HIGH,28,moderate,9924,A,CFG0,CFG4,1,1,0,1,NONE,NONE,0,1,D,YES,GROUP_RELEASES_RESOURCE,C_COL
HIGH,28,moderate,9938,A,CFG0,CFG4,1,1,0,1,NONE,NONE,0,1,D,YES,GROUP_RELEASES_RESOURCE,C_COL
HIGH,28,moderate,9945,A,CFG0,CFG4,2,2,0,1,NONE,NONE,0,1,D,YES,GROUP_RELEASES_RESOURCE,C_COL
HIGH,28,moderate,9959,A,CFG0,CFG4,1,3,0,1,NONE,NONE,0,1,D,YES,GROUP_RELEASES_RESOURCE,C_COL
HIGH,28,moderate,9990,A,CFG0,CFG4,1,1,0,1,NONE,NONE,0,1,C,YES,GROUP_RELEASES_RESOURCE,D_ROW
HIGH,32,moderate,16,A,CFG0,CFG4,1,1,0,1,NONE,NONE,0,1,B,YES,GROUP_RELEASES_RESOURCE,A_ROW
HIGH,32,moderate,30,A,CFG0,CFG4,1,1,0,1,NONE,NONE,0,1,C,YES,GROUP_RELEASES_RESOURCE,D_ROW
HIGH,32,moderate,33,A,CFG0,CFG4,1,1,0,1,NONE,NONE,0,1,B,YES,GROUP_RELEASES_RESOURCE,A_ROW
HIGH,32,moderate,57,A,CFG0,CFG4,1,1,0,1,NONE,NONE,0,1,C,YES,GROUP_RELEASES_RESOURCE,D_ROW
HIGH,32,moderate,63,A,CFG0,CFG4,2,2,0,1,NONE,NONE,0,1,B,YES,GROUP_RELEASES_RESOURCE,A_ROW
HIGH,32,moderate,65,A,CFG0,CFG4,1,3,0,1,NONE,NONE,0,1,C,YES,GROUP_RELEASES_RESOURCE,D_ROW
HIGH,32,moderate,66,A,CFG0,CFG4,1,1,0,1,NONE,NONE,0,1,B,YES,GROUP_RELEASES_RESOURCE,A_ROW
HIGH,32,moderate,72,A,CFG0,CFG4,1,1,0,1,NONE,NONE,0,1,B,YES,GROUP_RELEASES_RESOURCE,A_ROW
HIGH,32,moderate,109,A,CFG0,CFG4,1,1,0,1,NONE,NONE,0,1,D,YES,GROUP_RELEASES_RESOURCE,C_COL
HIGH,32,moderate,135,A,CFG0,CFG4,4,2,0,1,NONE,NONE,0,1,D,YES,GROUP_RELEASES_RESOURCE,C_COL
HIGH,32,moderate,167,A,CFG0,CFG4,2,2,0,1,NONE,NONE,0,1,C,YES,GROUP_RELEASES_RESOURCE,D_ROW
HIGH,32,moderate,170,A,CFG0,CFG4,2,2,0,1,NONE,NONE,0,1,D,YES,GROUP_RELEASES_RESOURCE,C_COL
HIGH,32,moderate,173,A,CFG0,CFG4,2,1,0,1,NONE,NONE,0,1,B,YES,GROUP_RELEASES_RESOURCE,A_ROW
HIGH,32,moderate,176,A,CFG0,CFG4,2,2,0,1,NONE,NONE,0,1,B,YES,GROUP_RELEASES_RESOURCE,A_ROW
HIGH,32,moderate,185,A,CFG0,CFG4,1,1,0,1,NONE,NONE,0,1,B,YES,GROUP_RELEASES_RESOURCE,A_ROW
HIGH,32,moderate,194,A,CFG0,CFG4,1,1,0,1,NONE,NONE,0,1,C,YES,GROUP_RELEASES_RESOURCE,D_ROW
HIGH,32,moderate,198,A,CFG0,CFG4,1,1,0,1,NONE,NONE,0,1,B,YES,GROUP_RELEASES_RESOURCE,A_ROW
HIGH,32,moderate,206,A,CFG0,CFG4,1,1,0,1,NONE,NONE,0,1,C,YES,GROUP_RELEASES_RESOURCE,D_ROW
HIGH,32,moderate,208,A,CFG0,CFG4,1,1,0,1,NONE,NONE,0,1,B,YES,GROUP_RELEASES_RESOURCE,A_ROW
HIGH,32,moderate,216,A,CFG0,CFG4,1,1,0,1,NONE,NONE,0,1,B,YES,GROUP_RELEASES_RESOURCE,A_ROW
HIGH,32,moderate,226,A,CFG0,CFG4,1,1,0,1,NONE,NONE,0,1,C,YES,GROUP_RELEASES_RESOURCE,D_ROW
HIGH,32,moderate,233,A,CFG0,CFG4,1,1,0,1,NONE,NONE,0,1,C,YES,GROUP_RELEASES_RESOURCE,D_ROW
HIGH,32,moderate,241,A,CFG0,CFG4,1,1,0,1,NONE,NONE,0,1,D,YES,GROUP_RELEASES_RESOURCE,C_COL
HIGH,32,moderate,254,A,CFG0,CFG4,1,1,0,1,NONE,NONE,0,1,B,YES,GROUP_RELEASES_RESOURCE,A_ROW
HIGH,32,moderate,262,A,CFG0,CFG4,1,1,0,1,NONE,NONE,0,1,B,YES,GROUP_RELEASES_RESOURCE,A_ROW
HIGH,32,moderate,266,A,CFG0,CFG4,1,1,0,1,NONE,NONE,0,1,B,YES,GROUP_RELEASES_RESOURCE,A_ROW
HIGH,32,moderate,269,A,CFG0,CFG4,1,1,0,1,NONE,NONE,0,1,C,YES,GROUP_RELEASES_RESOURCE,D_ROW
HIGH,32,moderate,277,A,CFG0,CFG4,1,1,0,1,NONE,NONE,0,1,B,YES,GROUP_RELEASES_RESOURCE,A_ROW
HIGH,32,moderate,284,A,CFG0,CFG4,2,2,0,1,NONE,NONE,0,1,C,YES,GROUP_RELEASES_RESOURCE,D_ROW
HIGH,32,moderate,306,A,CFG0,CFG4,1,1,0,1,NONE,NONE,0,1,B,YES,GROUP_RELEASES_RESOURCE,A_ROW
HIGH,32,moderate,309,A,CFG0,CFG4,2,2,0,1,NONE,NONE,0,1,C,YES,GROUP_RELEASES_RESOURCE,D_ROW
HIGH,32,moderate,316,A,CFG0,CFG4,1,1,0,1,NONE,NONE,0,1,C,YES,GROUP_RELEASES_RESOURCE,D_ROW
HIGH,32,moderate,321,A,CFG0,CFG4,1,1,0,1,NONE,NONE,0,1,C,YES,GROUP_RELEASES_RESOURCE,D_ROW
HIGH,32,moderate,326,A,CFG0,CFG4,1,3,0,1,NONE,NONE,0,1,C,YES,GROUP_RELEASES_RESOURCE,D_ROW
HIGH,32,moderate,331,A,CFG0,CFG4,1,1,0,1,NONE,NONE,0,1,D,YES,GROUP_RELEASES_RESOURCE,C_COL
HIGH,32,moderate,344,A,CFG0,CFG4,1,1,0,1,NONE,NONE,0,1,B,YES,GROUP_RELEASES_RESOURCE,A_ROW
HIGH,32,moderate,356,A,CFG0,CFG4,1,1,0,1,NONE,NONE,0,1,D,YES,GROUP_RELEASES_RESOURCE,C_COL
HIGH,32,moderate,362,A,CFG0,CFG4,1,1,0,1,NONE,NONE,0,1,C,YES,GROUP_RELEASES_RESOURCE,D_ROW
HIGH,32,moderate,368,A,CFG0,CFG4,2,1,0,1,NONE,NONE,0,1,D,YES,GROUP_RELEASES_RESOURCE,C_COL
HIGH,32,moderate,382,A,CFG0,CFG4,1,2,0,1,NONE,NONE,0,1,D,YES,GROUP_RELEASES_RESOURCE,C_COL
HIGH,32,moderate,389,A,CFG0,CFG4,4,2,0,1,NONE,NONE,0,1,B,YES,GROUP_RELEASES_RESOURCE,A_ROW
HIGH,32,moderate,392,A,CFG0,CFG4,1,1,0,1,NONE,NONE,0,1,C,YES,GROUP_RELEASES_RESOURCE,D_ROW
HIGH,32,moderate,394,A,CFG0,CFG4,2,2,0,1,NONE,NONE,0,1,C,YES,GROUP_RELEASES_RESOURCE,D_ROW
HIGH,32,moderate,399,A,CFG0,CFG4,1,1,0,1,NONE,NONE,0,1,C,YES,GROUP_RELEASES_RESOURCE,D_ROW
HIGH,32,moderate,401,A,CFG0,CFG4,1,1,0,1,NONE,NONE,0,1,D,YES,GROUP_RELEASES_RESOURCE,C_COL
HIGH,32,moderate,409,A,CFG0,CFG4,1,1,0,1,NONE,NONE,0,1,D,YES,GROUP_RELEASES_RESOURCE,C_COL
HIGH,32,moderate,420,A,CFG0,CFG4,1,1,0,1,NONE,NONE,0,1,B,YES,GROUP_RELEASES_RESOURCE,A_ROW
HIGH,32,moderate,423,A,CFG0,CFG4,4,2,0,1,NONE,NONE,0,1,B,YES,GROUP_RELEASES_RESOURCE,A_ROW
HIGH,32,moderate,431,A,CFG0,CFG4,1,1,0,1,NONE,NONE,0,1,C,YES,GROUP_RELEASES_RESOURCE,D_ROW
HIGH,32,moderate,434,A,CFG0,CFG4,2,1,0,1,NONE,NONE,0,1,B,YES,GROUP_RELEASES_RESOURCE,A_ROW
HIGH,32,moderate,435,A,CFG0,CFG4,1,1,0,1,NONE,NONE,0,1,C,YES,GROUP_RELEASES_RESOURCE,D_ROW
HIGH,32,moderate,444,A,CFG0,CFG4,1,1,0,1,NONE,NONE,0,1,B,YES,GROUP_RELEASES_RESOURCE,A_ROW
HIGH,32,moderate,445,A,CFG0,CFG4,1,1,0,1,NONE,NONE,0,1,D,YES,GROUP_RELEASES_RESOURCE,C_COL
HIGH,32,moderate,458,A,CFG0,CFG4,1,1,0,1,NONE,NONE,0,1,B,YES,GROUP_RELEASES_RESOURCE,A_ROW
HIGH,32,moderate,462,A,CFG0,CFG4,1,1,0,1,NONE,NONE,0,1,B,YES,GROUP_RELEASES_RESOURCE,A_ROW
HIGH,32,moderate,477,A,CFG0,CFG4,2,1,0,1,NONE,NONE,0,1,D,YES,GROUP_RELEASES_RESOURCE,C_COL
HIGH,32,moderate,478,A,CFG0,CFG4,1,1,0,1,NONE,NONE,0,1,B,YES,GROUP_RELEASES_RESOURCE,A_ROW
HIGH,32,moderate,487,A,CFG0,CFG4,2,2,0,1,NONE,NONE,0,1,B,YES,GROUP_RELEASES_RESOURCE,A_ROW
HIGH,32,moderate,494,A,CFG0,CFG4,1,1,0,1,NONE,NONE,0,1,B,YES,GROUP_RELEASES_RESOURCE,A_ROW
HIGH,32,moderate,500,A,CFG0,CFG4,1,1,0,1,NONE,NONE,0,1,B,YES,GROUP_RELEASES_RESOURCE,A_ROW
HIGH,32,moderate,501,A,CFG0,CFG4,1,1,0,1,NONE,NONE,0,1,B,YES,GROUP_RELEASES_RESOURCE,A_ROW
HIGH,32,moderate,506,A,CFG0,CFG4,2,2,0,1,NONE,NONE,0,1,C,YES,GROUP_RELEASES_RESOURCE,D_ROW
HIGH,32,moderate,507,A,CFG0,CFG4,1,1,0,1,NONE,NONE,0,1,B,YES,GROUP_RELEASES_RESOURCE,A_ROW
HIGH,32,moderate,521,A,CFG0,CFG4,1,1,0,1,NONE,NONE,0,1,C,YES,GROUP_RELEASES_RESOURCE,D_ROW
HIGH,32,moderate,532,A,CFG0,CFG4,1,1,0,1,NONE,NONE,0,1,C,YES,GROUP_RELEASES_RESOURCE,D_ROW
HIGH,32,moderate,536,A,CFG0,CFG4,2,1,0,1,NONE,NONE,0,1,C,YES,GROUP_RELEASES_RESOURCE,D_ROW
HIGH,32,moderate,540,A,CFG0,CFG4,1,1,0,1,NONE,NONE,0,1,D,YES,GROUP_RELEASES_RESOURCE,C_COL
HIGH,32,moderate,545,A,CFG0,CFG4,1,1,0,1,NONE,NONE,0,1,C,YES,GROUP_RELEASES_RESOURCE,D_ROW
HIGH,32,moderate,554,A,CFG0,CFG4,1,1,0,1,NONE,NONE,0,1,B,YES,GROUP_RELEASES_RESOURCE,A_ROW
HIGH,32,moderate,560,A,CFG0,CFG4,2,2,0,1,NONE,NONE,0,1,D,YES,GROUP_RELEASES_RESOURCE,C_COL
HIGH,32,moderate,563,A,CFG0,CFG4,2,2,0,1,NONE,NONE,0,1,B,YES,GROUP_RELEASES_RESOURCE,A_ROW
HIGH,32,moderate,565,A,CFG0,CFG4,1,1,0,1,NONE,NONE,0,1,C,YES,GROUP_RELEASES_RESOURCE,D_ROW
HIGH,32,moderate,576,A,CFG0,CFG4,2,2,0,1,NONE,NONE,0,1,B,YES,GROUP_RELEASES_RESOURCE,A_ROW
HIGH,32,moderate,580,A,CFG0,CFG4,1,1,0,1,NONE,NONE,0,1,D,YES,GROUP_RELEASES_RESOURCE,C_COL
HIGH,32,moderate,615,A,CFG0,CFG4,1,1,0,1,NONE,NONE,0,1,C,YES,GROUP_RELEASES_RESOURCE,D_ROW
HIGH,32,moderate,622,A,CFG0,CFG4,1,1,0,1,NONE,NONE,0,1,B,YES,GROUP_RELEASES_RESOURCE,A_ROW
HIGH,32,moderate,623,A,CFG0,CFG4,1,1,0,1,NONE,NONE,0,1,B,YES,GROUP_RELEASES_RESOURCE,A_ROW
HIGH,32,moderate,630,A,CFG0,CFG4,1,1,0,1,NONE,NONE,0,1,C,YES,GROUP_RELEASES_RESOURCE,D_ROW
HIGH,32,moderate,655,A,CFG0,CFG4,2,2,0,1,NONE,NONE,0,1,C,YES,GROUP_RELEASES_RESOURCE,D_ROW
HIGH,32,moderate,661,A,CFG0,CFG4,1,1,0,1,NONE,NONE,0,1,B,YES,GROUP_RELEASES_RESOURCE,A_ROW
HIGH,32,moderate,668,A,CFG0,CFG4,1,1,0,1,NONE,NONE,0,1,D,YES,GROUP_RELEASES_RESOURCE,C_COL
HIGH,32,moderate,683,A,CFG0,CFG4,1,1,0,1,NONE,NONE,0,1,B,YES,GROUP_RELEASES_RESOURCE,A_ROW
HIGH,32,moderate,687,A,CFG0,CFG4,2,2,0,1,NONE,NONE,0,1,C,YES,GROUP_RELEASES_RESOURCE,D_ROW
HIGH,32,moderate,698,A,CFG0,CFG4,1,1,0,1,NONE,NONE,0,1,C,YES,GROUP_RELEASES_RESOURCE,D_ROW
HIGH,32,moderate,701,A,CFG0,CFG4,1,1,0,1,NONE,NONE,0,1,B,YES,GROUP_RELEASES_RESOURCE,A_ROW
HIGH,32,moderate,703,A,CFG0,CFG4,1,1,0,1,NONE,NONE,0,1,B,YES,GROUP_RELEASES_RESOURCE,A_ROW
HIGH,32,moderate,715,A,CFG0,CFG4,1,1,0,1,NONE,NONE,0,1,C,YES,GROUP_RELEASES_RESOURCE,D_ROW
HIGH,32,moderate,734,A,CFG0,CFG4,1,1,0,1,NONE,NONE,0,1,C,YES,GROUP_RELEASES_RESOURCE,D_ROW
HIGH,32,moderate,740,A,CFG0,CFG4,2,1,0,1,NONE,NONE,0,1,D,YES,GROUP_RELEASES_RESOURCE,C_COL
HIGH,32,moderate,743,A,CFG0,CFG4,1,1,0,1,NONE,NONE,0,1,B,YES,GROUP_RELEASES_RESOURCE,A_ROW
HIGH,32,moderate,752,A,CFG0,CFG4,1,1,0,1,NONE,NONE,0,1,B,YES,GROUP_RELEASES_RESOURCE,A_ROW
HIGH,32,moderate,794,A,CFG0,CFG4,2,2,0,1,NONE,NONE,0,1,B,YES,GROUP_RELEASES_RESOURCE,A_ROW
HIGH,32,moderate,797,A,CFG0,CFG4,1,1,0,1,NONE,NONE,0,1,D,YES,GROUP_RELEASES_RESOURCE,C_COL
HIGH,32,moderate,800,A,CFG0,CFG4,1,1,0,1,NONE,NONE,0,1,D,YES,GROUP_RELEASES_RESOURCE,C_COL
HIGH,32,moderate,803,A,CFG0,CFG4,2,1,0,1,NONE,NONE,0,1,C,YES,GROUP_RELEASES_RESOURCE,D_ROW
HIGH,32,moderate,812,A,CFG0,CFG4,1,1,0,1,NONE,NONE,0,1,B,YES,GROUP_RELEASES_RESOURCE,A_ROW
HIGH,32,moderate,821,A,CFG0,CFG4,1,1,0,1,NONE,NONE,0,1,B,YES,GROUP_RELEASES_RESOURCE,A_ROW
HIGH,32,moderate,826,A,CFG0,CFG4,2,2,0,1,NONE,NONE,0,1,C,YES,GROUP_RELEASES_RESOURCE,D_ROW
HIGH,32,moderate,833,A,CFG0,CFG4,1,2,0,1,NONE,NONE,0,1,B,YES,GROUP_RELEASES_RESOURCE,A_ROW
HIGH,32,moderate,835,A,CFG0,CFG4,1,1,0,1,NONE,NONE,0,1,C,YES,GROUP_RELEASES_RESOURCE,D_ROW
HIGH,32,moderate,840,A,CFG0,CFG4,1,1,0,1,NONE,NONE,0,1,D,YES,GROUP_RELEASES_RESOURCE,C_COL
HIGH,32,moderate,853,A,CFG0,CFG4,1,1,0,1,NONE,NONE,0,1,B,YES,GROUP_RELEASES_RESOURCE,A_ROW
HIGH,32,moderate,859,A,CFG0,CFG4,1,1,0,1,NONE,NONE,0,1,C,YES,GROUP_RELEASES_RESOURCE,D_ROW
HIGH,32,moderate,867,A,CFG0,CFG4,2,2,0,1,NONE,NONE,0,1,C,YES,GROUP_RELEASES_RESOURCE,D_ROW
HIGH,32,moderate,872,A,CFG0,CFG4,2,1,0,1,NONE,NONE,0,1,D,YES,GROUP_RELEASES_RESOURCE,C_COL
HIGH,32,moderate,873,A,CFG0,CFG4,2,2,0,1,NONE,NONE,0,1,C,YES,GROUP_RELEASES_RESOURCE,D_ROW
HIGH,32,moderate,883,A,CFG0,CFG4,1,1,0,1,NONE,NONE,0,1,B,YES,GROUP_RELEASES_RESOURCE,A_ROW
HIGH,32,moderate,896,A,CFG0,CFG4,2,2,0,1,NONE,NONE,0,1,B,YES,GROUP_RELEASES_RESOURCE,A_ROW
HIGH,32,moderate,924,A,CFG0,CFG4,1,3,0,1,NONE,NONE,0,1,C,YES,GROUP_RELEASES_RESOURCE,D_ROW
HIGH,32,moderate,927,A,CFG0,CFG4,4,2,0,1,NONE,NONE,0,1,C,YES,GROUP_RELEASES_RESOURCE,D_ROW
HIGH,32,moderate,948,A,CFG0,CFG4,1,1,0,1,NONE,NONE,0,1,D,YES,GROUP_RELEASES_RESOURCE,C_COL
HIGH,32,moderate,950,A,CFG0,CFG4,1,1,0,1,NONE,NONE,0,1,B,YES,GROUP_RELEASES_RESOURCE,A_ROW
HIGH,32,moderate,954,A,CFG0,CFG4,1,1,0,1,NONE,NONE,0,1,B,YES,GROUP_RELEASES_RESOURCE,A_ROW
HIGH,32,moderate,960,A,CFG0,CFG4,1,1,0,1,NONE,NONE,0,1,B,YES,GROUP_RELEASES_RESOURCE,A_ROW
HIGH,32,moderate,974,A,CFG0,CFG4,2,2,0,1,NONE,NONE,0,1,D,YES,GROUP_RELEASES_RESOURCE,C_COL
HIGH,32,moderate,978,A,CFG0,CFG4,2,2,0,1,NONE,NONE,0,1,D,YES,GROUP_RELEASES_RESOURCE,C_COL
HIGH,32,moderate,984,A,CFG0,CFG4,1,1,0,1,NONE,NONE,0,1,B,YES,GROUP_RELEASES_RESOURCE,A_ROW
HIGH,32,moderate,993,A,CFG0,CFG4,2,1,0,1,NONE,NONE,0,1,C,YES,GROUP_RELEASES_RESOURCE,D_ROW
HIGH,32,moderate,1029,A,CFG0,CFG4,4,2,0,1,NONE,NONE,0,1,C,YES,GROUP_RELEASES_RESOURCE,D_ROW
HIGH,32,moderate,1030,A,CFG0,CFG4,1,1,0,1,NONE,NONE,0,1,C,YES,GROUP_RELEASES_RESOURCE,D_ROW
HIGH,32,moderate,1034,A,CFG0,CFG4,2,2,0,1,NONE,NONE,0,1,B,YES,GROUP_RELEASES_RESOURCE,A_ROW
HIGH,32,moderate,1040,A,CFG0,CFG4,2,2,0,1,NONE,NONE,0,1,B,YES,GROUP_RELEASES_RESOURCE,A_ROW
HIGH,32,moderate,1041,A,CFG0,CFG4,2,2,0,1,NONE,NONE,0,1,D,YES,GROUP_RELEASES_RESOURCE,C_COL
HIGH,32,moderate,1045,A,CFG0,CFG4,2,2,0,1,NONE,NONE,0,1,B,YES,GROUP_RELEASES_RESOURCE,A_ROW
HIGH,32,moderate,1047,A,CFG0,CFG4,2,2,0,1,NONE,NONE,0,1,C,YES,GROUP_RELEASES_RESOURCE,D_ROW
HIGH,32,moderate,1048,A,CFG0,CFG4,1,1,0,1,NONE,NONE,0,1,B,YES,GROUP_RELEASES_RESOURCE,A_ROW
HIGH,32,moderate,1058,A,CFG0,CFG4,1,1,0,1,NONE,NONE,0,1,C,YES,GROUP_RELEASES_RESOURCE,D_ROW
HIGH,32,moderate,1061,A,CFG0,CFG4,1,1,0,1,NONE,NONE,0,1,C,YES,GROUP_RELEASES_RESOURCE,D_ROW
HIGH,32,moderate,1064,A,CFG0,CFG4,1,1,0,1,NONE,NONE,0,1,B,YES,GROUP_RELEASES_RESOURCE,A_ROW
HIGH,32,moderate,1067,A,CFG0,CFG4,1,1,0,1,NONE,NONE,0,1,C,YES,GROUP_RELEASES_RESOURCE,D_ROW
HIGH,32,moderate,1068,A,CFG0,CFG4,2,2,0,1,NONE,NONE,0,1,B,YES,GROUP_RELEASES_RESOURCE,A_ROW
HIGH,32,moderate,1076,A,CFG0,CFG4,1,1,0,1,NONE,NONE,0,1,D,YES,GROUP_RELEASES_RESOURCE,C_COL
HIGH,32,moderate,1098,A,CFG0,CFG4,1,2,0,1,NONE,NONE,0,1,C,YES,GROUP_RELEASES_RESOURCE,D_ROW
HIGH,32,moderate,1101,A,CFG0,CFG4,1,1,0,1,NONE,NONE,0,1,B,YES,GROUP_RELEASES_RESOURCE,A_ROW
HIGH,32,moderate,1105,A,CFG0,CFG4,1,1,0,1,NONE,NONE,0,1,C,YES,GROUP_RELEASES_RESOURCE,D_ROW
HIGH,32,moderate,1106,A,CFG0,CFG4,1,1,0,1,NONE,NONE,0,1,C,YES,GROUP_RELEASES_RESOURCE,D_ROW
HIGH,32,moderate,1112,A,CFG0,CFG4,1,1,0,1,NONE,NONE,0,1,B,YES,GROUP_RELEASES_RESOURCE,A_ROW
HIGH,32,moderate,1117,A,CFG0,CFG4,1,1,0,1,NONE,NONE,0,1,C,YES,GROUP_RELEASES_RESOURCE,D_ROW
HIGH,32,moderate,1122,A,CFG0,CFG4,1,1,0,1,NONE,NONE,0,1,B,YES,GROUP_RELEASES_RESOURCE,A_ROW
HIGH,32,moderate,1130,A,CFG0,CFG4,1,1,0,1,NONE,NONE,0,1,D,YES,GROUP_RELEASES_RESOURCE,C_COL
HIGH,32,moderate,1136,A,CFG0,CFG4,1,1,0,1,NONE,NONE,0,1,C,YES,GROUP_RELEASES_RESOURCE,D_ROW
HIGH,32,moderate,1154,A,CFG0,CFG4,2,2,0,1,NONE,NONE,0,1,D,YES,GROUP_RELEASES_RESOURCE,C_COL
HIGH,32,moderate,1156,A,CFG0,CFG4,1,1,0,1,NONE,NONE,0,1,B,YES,GROUP_RELEASES_RESOURCE,A_ROW
HIGH,32,moderate,1166,A,CFG0,CFG4,1,3,0,1,NONE,NONE,0,1,B,YES,GROUP_RELEASES_RESOURCE,A_ROW
HIGH,32,moderate,1186,A,CFG0,CFG4,1,1,0,1,NONE,NONE,0,1,B,YES,GROUP_RELEASES_RESOURCE,A_ROW
HIGH,32,moderate,1204,A,CFG0,CFG4,1,1,0,1,NONE,NONE,0,1,C,YES,GROUP_RELEASES_RESOURCE,D_ROW
HIGH,32,moderate,1211,A,CFG0,CFG4,1,1,0,1,NONE,NONE,0,1,C,YES,GROUP_RELEASES_RESOURCE,D_ROW
HIGH,32,moderate,1215,A,CFG0,CFG4,1,1,0,1,NONE,NONE,0,1,B,YES,GROUP_RELEASES_RESOURCE,A_ROW
HIGH,32,moderate,1231,A,CFG0,CFG4,1,1,0,1,NONE,NONE,0,1,D,YES,GROUP_RELEASES_RESOURCE,C_COL
HIGH,32,moderate,1236,A,CFG0,CFG4,1,1,0,1,NONE,NONE,0,1,D,YES,GROUP_RELEASES_RESOURCE,C_COL
HIGH,32,moderate,1262,A,CFG0,CFG4,1,1,0,1,NONE,NONE,0,1,C,YES,GROUP_RELEASES_RESOURCE,D_ROW
HIGH,32,moderate,1265,A,CFG0,CFG4,2,2,0,1,NONE,NONE,0,1,C,YES,GROUP_RELEASES_RESOURCE,D_ROW
HIGH,32,moderate,1288,A,CFG0,CFG4,1,1,0,1,NONE,NONE,0,1,B,YES,GROUP_RELEASES_RESOURCE,A_ROW
HIGH,32,moderate,1296,A,CFG0,CFG4,1,1,0,1,NONE,NONE,0,1,B,YES,GROUP_RELEASES_RESOURCE,A_ROW
HIGH,32,moderate,1312,A,CFG0,CFG4,1,1,0,1,NONE,NONE,0,1,B,YES,GROUP_RELEASES_RESOURCE,A_ROW
HIGH,32,moderate,1317,A,CFG0,CFG4,1,3,0,1,NONE,NONE,0,1,C,YES,GROUP_RELEASES_RESOURCE,D_ROW
HIGH,32,moderate,1363,A,CFG0,CFG4,1,1,0,1,NONE,NONE,0,1,C,YES,GROUP_RELEASES_RESOURCE,D_ROW
HIGH,32,moderate,1369,A,CFG0,CFG4,1,1,0,1,NONE,NONE,0,1,B,YES,GROUP_RELEASES_RESOURCE,A_ROW
HIGH,32,moderate,1378,A,CFG0,CFG4,1,1,0,1,NONE,NONE,0,1,B,YES,GROUP_RELEASES_RESOURCE,A_ROW
HIGH,32,moderate,1398,A,CFG0,CFG4,1,1,0,1,NONE,NONE,0,1,D,YES,GROUP_RELEASES_RESOURCE,C_COL
HIGH,32,moderate,1417,A,CFG0,CFG4,1,1,0,1,NONE,NONE,0,1,C,YES,GROUP_RELEASES_RESOURCE,D_ROW
HIGH,32,moderate,1450,A,CFG0,CFG4,1,1,0,1,NONE,NONE,0,1,D,YES,GROUP_RELEASES_RESOURCE,C_COL
HIGH,32,moderate,1457,A,CFG0,CFG4,2,2,0,1,NONE,NONE,0,1,B,YES,GROUP_RELEASES_RESOURCE,A_ROW
HIGH,32,moderate,1462,A,CFG0,CFG4,2,1,0,1,NONE,NONE,0,1,C,YES,GROUP_RELEASES_RESOURCE,D_ROW
HIGH,32,moderate,1463,A,CFG0,CFG4,2,2,0,1,NONE,NONE,0,1,C,YES,GROUP_RELEASES_RESOURCE,D_ROW
HIGH,32,moderate,1477,A,CFG0,CFG4,1,1,0,1,NONE,NONE,0,1,B,YES,GROUP_RELEASES_RESOURCE,A_ROW
HIGH,32,moderate,1482,A,CFG0,CFG4,1,1,0,1,NONE,NONE,0,1,C,YES,GROUP_RELEASES_RESOURCE,D_ROW
HIGH,32,moderate,1492,A,CFG0,CFG4,1,1,0,1,NONE,NONE,0,1,B,YES,GROUP_RELEASES_RESOURCE,A_ROW
HIGH,32,moderate,1507,A,CFG0,CFG4,1,1,0,1,NONE,NONE,0,1,C,YES,GROUP_RELEASES_RESOURCE,D_ROW
HIGH,32,moderate,1519,A,CFG0,CFG4,4,2,0,1,NONE,NONE,0,1,B,YES,GROUP_RELEASES_RESOURCE,A_ROW
HIGH,32,moderate,1542,A,CFG0,CFG4,2,2,0,1,NONE,NONE,0,1,C,YES,GROUP_RELEASES_RESOURCE,D_ROW
HIGH,32,moderate,1555,A,CFG0,CFG4,2,2,0,1,NONE,NONE,0,1,C,YES,GROUP_RELEASES_RESOURCE,D_ROW
HIGH,32,moderate,1564,A,CFG0,CFG4,1,1,0,1,NONE,NONE,0,1,C,YES,GROUP_RELEASES_RESOURCE,D_ROW
HIGH,32,moderate,1574,A,CFG0,CFG4,1,1,0,1,NONE,NONE,0,1,C,YES,GROUP_RELEASES_RESOURCE,D_ROW
HIGH,32,moderate,1585,A,CFG0,CFG4,1,1,0,1,NONE,NONE,0,1,B,YES,GROUP_RELEASES_RESOURCE,A_ROW
HIGH,32,moderate,1610,A,CFG0,CFG4,1,1,0,1,NONE,NONE,0,1,B,YES,GROUP_RELEASES_RESOURCE,A_ROW
HIGH,32,moderate,1613,A,CFG0,CFG4,1,1,0,1,NONE,NONE,0,1,B,YES,GROUP_RELEASES_RESOURCE,A_ROW
HIGH,32,moderate,1616,A,CFG0,CFG4,1,1,0,1,NONE,NONE,0,1,C,YES,GROUP_RELEASES_RESOURCE,D_ROW
HIGH,32,moderate,1617,A,CFG0,CFG4,1,1,0,1,NONE,NONE,0,1,D,YES,GROUP_RELEASES_RESOURCE,C_COL
HIGH,32,moderate,1621,A,CFG0,CFG4,1,1,0,1,NONE,NONE,0,1,C,YES,GROUP_RELEASES_RESOURCE,D_ROW
HIGH,32,moderate,1626,A,CFG0,CFG4,1,1,0,1,NONE,NONE,0,1,B,YES,GROUP_RELEASES_RESOURCE,A_ROW
HIGH,32,moderate,1632,A,CFG0,CFG4,1,1,0,1,NONE,NONE,0,1,D,YES,GROUP_RELEASES_RESOURCE,C_COL
HIGH,32,moderate,1634,A,CFG0,CFG4,1,1,0,1,NONE,NONE,0,1,C,YES,GROUP_RELEASES_RESOURCE,D_ROW
HIGH,32,moderate,1638,A,CFG0,CFG4,1,1,0,1,NONE,NONE,0,1,B,YES,GROUP_RELEASES_RESOURCE,A_ROW
HIGH,32,moderate,1641,A,CFG0,CFG4,1,1,0,1,NONE,NONE,0,1,D,YES,GROUP_RELEASES_RESOURCE,C_COL
HIGH,32,moderate,1652,A,CFG0,CFG4,1,1,0,1,NONE,NONE,0,1,C,YES,GROUP_RELEASES_RESOURCE,D_ROW
HIGH,32,moderate,1656,A,CFG0,CFG4,2,2,0,1,NONE,NONE,0,1,B,YES,GROUP_RELEASES_RESOURCE,A_ROW
HIGH,32,moderate,1663,A,CFG0,CFG4,1,1,0,1,NONE,NONE,0,1,C,YES,GROUP_RELEASES_RESOURCE,D_ROW
HIGH,32,moderate,1667,A,CFG0,CFG4,2,2,0,1,NONE,NONE,0,1,B,YES,GROUP_RELEASES_RESOURCE,A_ROW
HIGH,32,moderate,1673,A,CFG0,CFG4,1,2,0,1,NONE,NONE,0,1,C,YES,GROUP_RELEASES_RESOURCE,D_ROW
HIGH,32,moderate,1676,A,CFG0,CFG4,2,2,0,1,NONE,NONE,0,1,D,YES,GROUP_RELEASES_RESOURCE,C_COL
HIGH,32,moderate,1681,A,CFG0,CFG4,2,2,0,1,NONE,NONE,0,1,B,YES,GROUP_RELEASES_RESOURCE,A_ROW
HIGH,32,moderate,1686,A,CFG0,CFG4,2,1,0,1,NONE,NONE,0,1,B,YES,GROUP_RELEASES_RESOURCE,A_ROW
HIGH,32,moderate,1696,A,CFG0,CFG4,2,2,0,1,NONE,NONE,0,1,B,YES,GROUP_RELEASES_RESOURCE,A_ROW
HIGH,32,moderate,1720,A,CFG0,CFG4,1,1,0,1,NONE,NONE,0,1,C,YES,GROUP_RELEASES_RESOURCE,D_ROW
HIGH,32,moderate,1733,A,CFG0,CFG4,1,1,0,1,NONE,NONE,0,1,D,YES,GROUP_RELEASES_RESOURCE,C_COL
HIGH,32,moderate,1750,A,CFG0,CFG4,1,1,0,1,NONE,NONE,0,1,C,YES,GROUP_RELEASES_RESOURCE,D_ROW
HIGH,32,moderate,1764,A,CFG0,CFG4,4,2,0,1,NONE,NONE,0,1,B,YES,GROUP_RELEASES_RESOURCE,A_ROW
HIGH,32,moderate,1766,A,CFG0,CFG4,1,1,0,1,NONE,NONE,0,1,B,YES,GROUP_RELEASES_RESOURCE,A_ROW
HIGH,32,moderate,1772,A,CFG0,CFG4,2,2,0,1,NONE,NONE,0,1,B,YES,GROUP_RELEASES_RESOURCE,A_ROW
HIGH,32,moderate,1776,A,CFG0,CFG4,1,1,0,1,NONE,NONE,0,1,C,YES,GROUP_RELEASES_RESOURCE,D_ROW
HIGH,32,moderate,1781,A,CFG0,CFG4,1,1,0,1,NONE,NONE,0,1,C,YES,GROUP_RELEASES_RESOURCE,D_ROW
HIGH,32,moderate,1787,A,CFG0,CFG4,1,1,0,1,NONE,NONE,0,1,B,YES,GROUP_RELEASES_RESOURCE,A_ROW
HIGH,32,moderate,1800,A,CFG0,CFG4,1,3,0,1,NONE,NONE,0,1,B,YES,GROUP_RELEASES_RESOURCE,A_ROW
HIGH,32,moderate,1802,A,CFG0,CFG4,2,2,0,1,NONE,NONE,0,1,B,YES,GROUP_RELEASES_RESOURCE,A_ROW
HIGH,32,moderate,1811,A,CFG0,CFG4,2,2,0,1,NONE,NONE,0,1,D,YES,GROUP_RELEASES_RESOURCE,C_COL
HIGH,32,moderate,1814,A,CFG0,CFG4,2,2,0,1,NONE,NONE,0,1,C,YES,GROUP_RELEASES_RESOURCE,D_ROW
HIGH,32,moderate,1815,A,CFG0,CFG4,1,1,0,1,NONE,NONE,0,1,B,YES,GROUP_RELEASES_RESOURCE,A_ROW
HIGH,32,moderate,1823,A,CFG0,CFG4,1,1,0,1,NONE,NONE,0,1,C,YES,GROUP_RELEASES_RESOURCE,D_ROW
HIGH,32,moderate,1834,A,CFG0,CFG4,1,1,0,1,NONE,NONE,0,1,C,YES,GROUP_RELEASES_RESOURCE,D_ROW
HIGH,32,moderate,1841,A,CFG0,CFG4,2,2,0,1,NONE,NONE,0,1,C,YES,GROUP_RELEASES_RESOURCE,D_ROW
HIGH,32,moderate,1858,A,CFG0,CFG4,2,2,0,1,NONE,NONE,0,1,C,YES,GROUP_RELEASES_RESOURCE,D_ROW
HIGH,32,moderate,1863,A,CFG0,CFG4,1,1,0,1,NONE,NONE,0,1,D,YES,GROUP_RELEASES_RESOURCE,C_COL
HIGH,32,moderate,1867,A,CFG0,CFG4,1,1,0,1,NONE,NONE,0,1,D,YES,GROUP_RELEASES_RESOURCE,C_COL
HIGH,32,moderate,1868,A,CFG0,CFG4,2,2,0,1,NONE,NONE,0,1,C,YES,GROUP_RELEASES_RESOURCE,D_ROW
HIGH,32,moderate,1871,A,CFG0,CFG4,4,2,0,1,NONE,NONE,0,1,B,YES,GROUP_RELEASES_RESOURCE,A_ROW
HIGH,32,moderate,1884,A,CFG0,CFG4,2,2,0,1,NONE,NONE,0,1,C,YES,GROUP_RELEASES_RESOURCE,D_ROW
HIGH,32,moderate,1889,A,CFG0,CFG4,4,2,0,1,NONE,NONE,0,1,B,YES,GROUP_RELEASES_RESOURCE,A_ROW
HIGH,32,moderate,1890,A,CFG0,CFG4,1,1,0,1,NONE,NONE,0,1,B,YES,GROUP_RELEASES_RESOURCE,A_ROW
HIGH,32,moderate,1897,A,CFG0,CFG4,1,1,0,1,NONE,NONE,0,1,C,YES,GROUP_RELEASES_RESOURCE,D_ROW
HIGH,32,moderate,1898,A,CFG0,CFG4,1,1,0,1,NONE,NONE,0,1,C,YES,GROUP_RELEASES_RESOURCE,D_ROW
HIGH,32,moderate,1899,A,CFG0,CFG4,1,1,0,1,NONE,NONE,0,1,D,YES,GROUP_RELEASES_RESOURCE,C_COL
HIGH,32,moderate,1902,A,CFG0,CFG4,1,1,0,1,NONE,NONE,0,1,C,YES,GROUP_RELEASES_RESOURCE,D_ROW
HIGH,32,moderate,1906,A,CFG0,CFG4,2,1,0,1,NONE,NONE,0,1,D,YES,GROUP_RELEASES_RESOURCE,C_COL
HIGH,32,moderate,1907,A,CFG0,CFG4,2,2,0,1,NONE,NONE,0,1,B,YES,GROUP_RELEASES_RESOURCE,A_ROW
HIGH,32,moderate,1911,A,CFG0,CFG4,1,1,0,1,NONE,NONE,0,1,D,YES,GROUP_RELEASES_RESOURCE,C_COL
HIGH,32,moderate,1917,A,CFG0,CFG4,1,1,0,1,NONE,NONE,0,1,D,YES,GROUP_RELEASES_RESOURCE,C_COL
HIGH,32,moderate,1927,A,CFG0,CFG4,1,1,0,1,NONE,NONE,0,1,D,YES,GROUP_RELEASES_RESOURCE,C_COL
HIGH,32,moderate,1933,A,CFG0,CFG4,1,1,0,1,NONE,NONE,0,1,C,YES,GROUP_RELEASES_RESOURCE,D_ROW
HIGH,32,moderate,1935,A,CFG0,CFG4,1,1,0,1,NONE,NONE,0,1,C,YES,GROUP_RELEASES_RESOURCE,D_ROW
HIGH,32,moderate,1939,A,CFG0,CFG4,1,1,0,1,NONE,NONE,0,1,C,YES,GROUP_RELEASES_RESOURCE,D_ROW
HIGH,32,moderate,1947,A,CFG0,CFG4,1,1,0,1,NONE,NONE,0,1,B,YES,GROUP_RELEASES_RESOURCE,A_ROW
HIGH,32,moderate,1957,A,CFG0,CFG4,1,1,0,1,NONE,NONE,0,1,C,YES,GROUP_RELEASES_RESOURCE,D_ROW
HIGH,32,moderate,1964,A,CFG0,CFG4,2,2,0,1,NONE,NONE,0,1,B,YES,GROUP_RELEASES_RESOURCE,A_ROW
HIGH,32,moderate,1966,A,CFG0,CFG4,1,1,0,1,NONE,NONE,0,1,B,YES,GROUP_RELEASES_RESOURCE,A_ROW
HIGH,32,moderate,1975,A,CFG0,CFG4,2,1,0,1,NONE,NONE,0,1,B,YES,GROUP_RELEASES_RESOURCE,A_ROW
HIGH,32,moderate,1983,A,CFG0,CFG4,1,1,0,1,NONE,NONE,0,1,B,YES,GROUP_RELEASES_RESOURCE,A_ROW
HIGH,32,moderate,1994,A,CFG0,CFG4,1,3,0,1,NONE,NONE,0,1,B,YES,GROUP_RELEASES_RESOURCE,A_ROW
HIGH,32,moderate,2017,A,CFG0,CFG4,1,1,0,1,NONE,NONE,0,1,D,YES,GROUP_RELEASES_RESOURCE,C_COL
HIGH,32,moderate,2019,A,CFG0,CFG4,1,1,0,1,NONE,NONE,0,1,B,YES,GROUP_RELEASES_RESOURCE,A_ROW
HIGH,32,moderate,2020,A,CFG0,CFG4,1,1,0,1,NONE,NONE,0,1,B,YES,GROUP_RELEASES_RESOURCE,A_ROW
HIGH,32,moderate,2026,A,CFG0,CFG4,1,1,0,1,NONE,NONE,0,1,B,YES,GROUP_RELEASES_RESOURCE,A_ROW
HIGH,32,moderate,2040,A,CFG0,CFG4,1,1,0,1,NONE,NONE,0,1,B,YES,GROUP_RELEASES_RESOURCE,A_ROW
HIGH,32,moderate,2041,A,CFG0,CFG4,1,1,0,1,NONE,NONE,0,1,C,YES,GROUP_RELEASES_RESOURCE,D_ROW
HIGH,32,moderate,2042,A,CFG0,CFG4,1,1,0,1,NONE,NONE,0,1,B,YES,GROUP_RELEASES_RESOURCE,A_ROW
HIGH,32,moderate,2068,A,CFG0,CFG4,1,1,0,1,NONE,NONE,0,1,C,YES,GROUP_RELEASES_RESOURCE,D_ROW
HIGH,32,moderate,2075,A,CFG0,CFG4,1,1,0,1,NONE,NONE,0,1,D,YES,GROUP_RELEASES_RESOURCE,C_COL
HIGH,32,moderate,2082,A,CFG0,CFG4,1,1,0,1,NONE,NONE,0,1,D,YES,GROUP_RELEASES_RESOURCE,C_COL
HIGH,32,moderate,2085,A,CFG0,CFG4,1,1,0,1,NONE,NONE,0,1,B,YES,GROUP_RELEASES_RESOURCE,A_ROW
HIGH,32,moderate,2089,A,CFG0,CFG4,2,1,0,1,NONE,NONE,0,1,C,YES,GROUP_RELEASES_RESOURCE,D_ROW
HIGH,32,moderate,2095,A,CFG0,CFG4,2,2,0,1,NONE,NONE,0,1,B,YES,GROUP_RELEASES_RESOURCE,A_ROW
HIGH,32,moderate,2098,A,CFG0,CFG4,1,1,0,1,NONE,NONE,0,1,B,YES,GROUP_RELEASES_RESOURCE,A_ROW
HIGH,32,moderate,2104,A,CFG0,CFG4,1,1,0,1,NONE,NONE,0,1,C,YES,GROUP_RELEASES_RESOURCE,D_ROW
HIGH,32,moderate,2106,A,CFG0,CFG4,1,1,0,1,NONE,NONE,0,1,C,YES,GROUP_RELEASES_RESOURCE,D_ROW
HIGH,32,moderate,2116,A,CFG0,CFG4,1,1,0,1,NONE,NONE,0,1,B,YES,GROUP_RELEASES_RESOURCE,A_ROW
HIGH,32,moderate,2137,A,CFG0,CFG4,2,2,0,1,NONE,NONE,0,1,B,YES,GROUP_RELEASES_RESOURCE,A_ROW
HIGH,32,moderate,2146,A,CFG0,CFG4,1,1,0,1,NONE,NONE,0,1,D,YES,GROUP_RELEASES_RESOURCE,C_COL
HIGH,32,moderate,2156,A,CFG0,CFG4,1,1,0,1,NONE,NONE,0,1,B,YES,GROUP_RELEASES_RESOURCE,A_ROW
HIGH,32,moderate,2171,A,CFG0,CFG4,1,1,0,1,NONE,NONE,0,1,B,YES,GROUP_RELEASES_RESOURCE,A_ROW
HIGH,32,moderate,2174,A,CFG0,CFG4,2,2,0,1,NONE,NONE,0,1,C,YES,GROUP_RELEASES_RESOURCE,D_ROW
HIGH,32,moderate,2183,A,CFG0,CFG4,1,1,0,1,NONE,NONE,0,1,D,YES,GROUP_RELEASES_RESOURCE,C_COL
HIGH,32,moderate,2185,A,CFG0,CFG4,2,2,0,1,NONE,NONE,0,1,C,YES,GROUP_RELEASES_RESOURCE,D_ROW
HIGH,32,moderate,2187,A,CFG0,CFG4,1,1,0,1,NONE,NONE,0,1,C,YES,GROUP_RELEASES_RESOURCE,D_ROW
HIGH,32,moderate,2193,A,CFG0,CFG4,2,2,0,1,NONE,NONE,0,1,B,YES,GROUP_RELEASES_RESOURCE,A_ROW
HIGH,32,moderate,2194,A,CFG0,CFG4,1,1,0,1,NONE,NONE,0,1,D,YES,GROUP_RELEASES_RESOURCE,C_COL
HIGH,32,moderate,2195,A,CFG0,CFG4,1,1,0,1,NONE,NONE,0,1,C,YES,GROUP_RELEASES_RESOURCE,D_ROW
HIGH,32,moderate,2220,A,CFG0,CFG4,1,1,0,1,NONE,NONE,0,1,D,YES,GROUP_RELEASES_RESOURCE,C_COL
HIGH,32,moderate,2236,A,CFG0,CFG4,1,1,0,1,NONE,NONE,0,1,B,YES,GROUP_RELEASES_RESOURCE,A_ROW
HIGH,32,moderate,2246,A,CFG0,CFG4,2,1,0,1,NONE,NONE,0,1,C,YES,GROUP_RELEASES_RESOURCE,D_ROW
HIGH,32,moderate,2253,A,CFG0,CFG4,1,1,0,1,NONE,NONE,0,1,B,YES,GROUP_RELEASES_RESOURCE,A_ROW
HIGH,32,moderate,2264,A,CFG0,CFG4,1,1,0,1,NONE,NONE,0,1,B,YES,GROUP_RELEASES_RESOURCE,A_ROW
HIGH,32,moderate,2273,A,CFG0,CFG4,4,2,0,1,NONE,NONE,0,1,C,YES,GROUP_RELEASES_RESOURCE,D_ROW
HIGH,32,moderate,2295,A,CFG0,CFG4,2,2,0,1,NONE,NONE,0,1,C,YES,GROUP_RELEASES_RESOURCE,D_ROW
HIGH,32,moderate,2301,A,CFG0,CFG4,2,2,0,1,NONE,NONE,0,1,B,YES,GROUP_RELEASES_RESOURCE,A_ROW
HIGH,32,moderate,2309,A,CFG0,CFG4,1,2,0,1,NONE,NONE,0,1,D,YES,GROUP_RELEASES_RESOURCE,C_COL
HIGH,32,moderate,2312,A,CFG0,CFG4,1,1,0,1,NONE,NONE,0,1,C,YES,GROUP_RELEASES_RESOURCE,D_ROW
HIGH,32,moderate,2315,A,CFG0,CFG4,1,1,0,1,NONE,NONE,0,1,C,YES,GROUP_RELEASES_RESOURCE,D_ROW
HIGH,32,moderate,2316,A,CFG0,CFG4,1,1,0,1,NONE,NONE,0,1,C,YES,GROUP_RELEASES_RESOURCE,D_ROW
HIGH,32,moderate,2317,A,CFG0,CFG4,1,1,0,1,NONE,NONE,0,1,B,YES,GROUP_RELEASES_RESOURCE,A_ROW
HIGH,32,moderate,2335,A,CFG0,CFG4,1,1,0,1,NONE,NONE,0,1,B,YES,GROUP_RELEASES_RESOURCE,A_ROW
HIGH,32,moderate,2352,A,CFG0,CFG4,1,1,0,1,NONE,NONE,0,1,C,YES,GROUP_RELEASES_RESOURCE,D_ROW
HIGH,32,moderate,2355,A,CFG0,CFG4,2,2,0,1,NONE,NONE,0,1,C,YES,GROUP_RELEASES_RESOURCE,D_ROW
HIGH,32,moderate,2367,A,CFG0,CFG4,1,1,0,1,NONE,NONE,0,1,D,YES,GROUP_RELEASES_RESOURCE,C_COL
HIGH,32,moderate,2376,A,CFG0,CFG4,1,1,0,1,NONE,NONE,0,1,B,YES,GROUP_RELEASES_RESOURCE,A_ROW
HIGH,32,moderate,2387,A,CFG0,CFG4,1,1,0,1,NONE,NONE,0,1,C,YES,GROUP_RELEASES_RESOURCE,D_ROW
HIGH,32,moderate,2389,A,CFG0,CFG4,2,2,0,1,NONE,NONE,0,1,D,YES,GROUP_RELEASES_RESOURCE,C_COL
HIGH,32,moderate,2390,A,CFG0,CFG4,2,1,0,1,NONE,NONE,0,1,B,YES,GROUP_RELEASES_RESOURCE,A_ROW
HIGH,32,moderate,2414,A,CFG0,CFG4,1,1,0,1,NONE,NONE,0,1,D,YES,GROUP_RELEASES_RESOURCE,C_COL
HIGH,32,moderate,2428,A,CFG0,CFG4,1,1,0,1,NONE,NONE,0,1,B,YES,GROUP_RELEASES_RESOURCE,A_ROW
HIGH,32,moderate,2434,A,CFG0,CFG4,1,1,0,1,NONE,NONE,0,1,C,YES,GROUP_RELEASES_RESOURCE,D_ROW
HIGH,32,moderate,2438,A,CFG0,CFG4,2,2,0,1,NONE,NONE,0,1,D,YES,GROUP_RELEASES_RESOURCE,C_COL
HIGH,32,moderate,2449,A,CFG0,CFG4,1,1,0,1,NONE,NONE,0,1,B,YES,GROUP_RELEASES_RESOURCE,A_ROW
HIGH,32,moderate,2460,A,CFG0,CFG4,1,3,0,1,NONE,NONE,0,1,B,YES,GROUP_RELEASES_RESOURCE,A_ROW
HIGH,32,moderate,2489,A,CFG0,CFG4,1,2,0,1,NONE,NONE,0,1,C,YES,GROUP_RELEASES_RESOURCE,D_ROW
HIGH,32,moderate,2493,A,CFG0,CFG4,1,1,0,1,NONE,NONE,0,1,C,YES,GROUP_RELEASES_RESOURCE,D_ROW
HIGH,32,moderate,2496,A,CFG0,CFG4,1,1,0,1,NONE,NONE,0,1,C,YES,GROUP_RELEASES_RESOURCE,D_ROW
HIGH,32,moderate,2498,A,CFG0,CFG4,2,1,0,1,NONE,NONE,0,1,B,YES,GROUP_RELEASES_RESOURCE,A_ROW
HIGH,32,moderate,2534,A,CFG0,CFG4,1,2,0,1,NONE,NONE,0,1,C,YES,GROUP_RELEASES_RESOURCE,D_ROW
HIGH,32,moderate,2544,A,CFG0,CFG4,1,1,0,1,NONE,NONE,0,1,B,YES,GROUP_RELEASES_RESOURCE,A_ROW
HIGH,32,moderate,2547,A,CFG0,CFG4,1,1,0,1,NONE,NONE,0,1,B,YES,GROUP_RELEASES_RESOURCE,A_ROW
HIGH,32,moderate,2562,A,CFG0,CFG4,4,2,0,1,NONE,NONE,0,1,D,YES,GROUP_RELEASES_RESOURCE,C_COL
HIGH,32,moderate,2563,A,CFG0,CFG4,1,1,0,1,NONE,NONE,0,1,B,YES,GROUP_RELEASES_RESOURCE,A_ROW
HIGH,32,moderate,2617,A,CFG0,CFG4,1,1,0,1,NONE,NONE,0,1,C,YES,GROUP_RELEASES_RESOURCE,D_ROW
HIGH,32,moderate,2631,A,CFG0,CFG4,1,1,0,1,NONE,NONE,0,1,B,YES,GROUP_RELEASES_RESOURCE,A_ROW
HIGH,32,moderate,2633,A,CFG0,CFG4,1,1,0,1,NONE,NONE,0,1,B,YES,GROUP_RELEASES_RESOURCE,A_ROW
HIGH,32,moderate,2637,A,CFG0,CFG4,1,1,0,1,NONE,NONE,0,1,B,YES,GROUP_RELEASES_RESOURCE,A_ROW
HIGH,32,moderate,2644,A,CFG0,CFG4,1,1,0,1,NONE,NONE,0,1,B,YES,GROUP_RELEASES_RESOURCE,A_ROW
HIGH,32,moderate,2657,A,CFG0,CFG4,2,2,0,1,NONE,NONE,0,1,B,YES,GROUP_RELEASES_RESOURCE,A_ROW
HIGH,32,moderate,2661,A,CFG0,CFG4,1,1,0,1,NONE,NONE,0,1,C,YES,GROUP_RELEASES_RESOURCE,D_ROW
HIGH,32,moderate,2663,A,CFG0,CFG4,1,1,0,1,NONE,NONE,0,1,B,YES,GROUP_RELEASES_RESOURCE,A_ROW
HIGH,32,moderate,2673,A,CFG0,CFG4,1,1,0,1,NONE,NONE,0,1,C,YES,GROUP_RELEASES_RESOURCE,D_ROW
HIGH,32,moderate,2674,A,CFG0,CFG4,1,1,0,1,NONE,NONE,0,1,B,YES,GROUP_RELEASES_RESOURCE,A_ROW
HIGH,32,moderate,2677,A,CFG0,CFG4,1,1,0,1,NONE,NONE,0,1,D,YES,GROUP_RELEASES_RESOURCE,C_COL
HIGH,32,moderate,2683,A,CFG0,CFG4,1,1,0,1,NONE,NONE,0,1,B,YES,GROUP_RELEASES_RESOURCE,A_ROW
HIGH,32,moderate,2696,A,CFG0,CFG4,2,2,0,1,NONE,NONE,0,1,D,YES,GROUP_RELEASES_RESOURCE,C_COL
HIGH,32,moderate,2707,A,CFG0,CFG4,2,2,0,1,NONE,NONE,0,1,B,YES,GROUP_RELEASES_RESOURCE,A_ROW
HIGH,32,moderate,2720,A,CFG0,CFG4,1,1,0,1,NONE,NONE,0,1,B,YES,GROUP_RELEASES_RESOURCE,A_ROW
HIGH,32,moderate,2741,A,CFG0,CFG4,1,1,0,1,NONE,NONE,0,1,B,YES,GROUP_RELEASES_RESOURCE,A_ROW
HIGH,32,moderate,2744,A,CFG0,CFG4,1,2,0,1,NONE,NONE,0,1,B,YES,GROUP_RELEASES_RESOURCE,A_ROW
HIGH,32,moderate,2748,A,CFG0,CFG4,1,1,0,1,NONE,NONE,0,1,B,YES,GROUP_RELEASES_RESOURCE,A_ROW
HIGH,32,moderate,2750,A,CFG0,CFG4,1,1,0,1,NONE,NONE,0,1,B,YES,GROUP_RELEASES_RESOURCE,A_ROW
HIGH,32,moderate,2754,A,CFG0,CFG4,1,1,0,1,NONE,NONE,0,1,C,YES,GROUP_RELEASES_RESOURCE,D_ROW
HIGH,32,moderate,2758,A,CFG0,CFG4,1,3,0,1,NONE,NONE,0,1,D,YES,GROUP_RELEASES_RESOURCE,C_COL
HIGH,32,moderate,2762,A,CFG0,CFG4,1,1,0,1,NONE,NONE,0,1,D,YES,GROUP_RELEASES_RESOURCE,C_COL
HIGH,32,moderate,2767,A,CFG0,CFG4,2,2,0,1,NONE,NONE,0,1,B,YES,GROUP_RELEASES_RESOURCE,A_ROW
HIGH,32,moderate,2781,A,CFG0,CFG4,1,1,0,1,NONE,NONE,0,1,B,YES,GROUP_RELEASES_RESOURCE,A_ROW
HIGH,32,moderate,2787,A,CFG0,CFG4,1,1,0,1,NONE,NONE,0,1,B,YES,GROUP_RELEASES_RESOURCE,A_ROW
HIGH,32,moderate,2794,A,CFG0,CFG4,1,1,0,1,NONE,NONE,0,1,B,YES,GROUP_RELEASES_RESOURCE,A_ROW
HIGH,32,moderate,2808,A,CFG0,CFG4,1,1,0,1,NONE,NONE,0,1,B,YES,GROUP_RELEASES_RESOURCE,A_ROW
HIGH,32,moderate,2830,A,CFG0,CFG4,1,1,0,1,NONE,NONE,0,1,B,YES,GROUP_RELEASES_RESOURCE,A_ROW
HIGH,32,moderate,2835,A,CFG0,CFG4,2,2,0,1,NONE,NONE,0,1,C,YES,GROUP_RELEASES_RESOURCE,D_ROW
HIGH,32,moderate,2839,A,CFG0,CFG4,1,1,0,1,NONE,NONE,0,1,B,YES,GROUP_RELEASES_RESOURCE,A_ROW
HIGH,32,moderate,2846,A,CFG0,CFG4,1,1,0,1,NONE,NONE,0,1,C,YES,GROUP_RELEASES_RESOURCE,D_ROW
HIGH,32,moderate,2857,A,CFG0,CFG4,1,1,0,1,NONE,NONE,0,1,B,YES,GROUP_RELEASES_RESOURCE,A_ROW
HIGH,32,moderate,2876,A,CFG0,CFG4,1,1,0,1,NONE,NONE,0,1,C,YES,GROUP_RELEASES_RESOURCE,D_ROW
HIGH,32,moderate,2881,A,CFG0,CFG4,1,1,0,1,NONE,NONE,0,1,B,YES,GROUP_RELEASES_RESOURCE,A_ROW
HIGH,32,moderate,2888,A,CFG0,CFG4,1,1,0,1,NONE,NONE,0,1,D,YES,GROUP_RELEASES_RESOURCE,C_COL
HIGH,32,moderate,2892,A,CFG0,CFG4,1,1,0,1,NONE,NONE,0,1,C,YES,GROUP_RELEASES_RESOURCE,D_ROW
HIGH,32,moderate,2897,A,CFG0,CFG4,1,1,0,1,NONE,NONE,0,1,D,YES,GROUP_RELEASES_RESOURCE,C_COL
HIGH,32,moderate,2901,A,CFG0,CFG4,1,1,0,1,NONE,NONE,0,1,B,YES,GROUP_RELEASES_RESOURCE,A_ROW
HIGH,32,moderate,2904,A,CFG0,CFG4,2,2,0,1,NONE,NONE,0,1,B,YES,GROUP_RELEASES_RESOURCE,A_ROW
HIGH,32,moderate,2909,A,CFG0,CFG4,1,1,0,1,NONE,NONE,0,1,D,YES,GROUP_RELEASES_RESOURCE,C_COL
HIGH,32,moderate,2927,A,CFG0,CFG4,1,1,0,1,NONE,NONE,0,1,D,YES,GROUP_RELEASES_RESOURCE,C_COL
HIGH,32,moderate,2943,A,CFG0,CFG4,1,1,0,1,NONE,NONE,0,1,C,YES,GROUP_RELEASES_RESOURCE,D_ROW
HIGH,32,moderate,2952,A,CFG0,CFG4,2,1,0,1,NONE,NONE,0,1,B,YES,GROUP_RELEASES_RESOURCE,A_ROW
HIGH,32,moderate,2960,A,CFG0,CFG4,1,1,0,1,NONE,NONE,0,1,B,YES,GROUP_RELEASES_RESOURCE,A_ROW
HIGH,32,moderate,2963,A,CFG0,CFG4,1,1,0,1,NONE,NONE,0,1,C,YES,GROUP_RELEASES_RESOURCE,D_ROW
HIGH,32,moderate,2974,A,CFG0,CFG4,1,1,0,1,NONE,NONE,0,1,B,YES,GROUP_RELEASES_RESOURCE,A_ROW
HIGH,32,moderate,2979,A,CFG0,CFG4,1,1,0,1,NONE,NONE,0,1,B,YES,GROUP_RELEASES_RESOURCE,A_ROW
HIGH,32,moderate,2984,A,CFG0,CFG4,2,2,0,1,NONE,NONE,0,1,D,YES,GROUP_RELEASES_RESOURCE,C_COL
HIGH,32,moderate,2995,A,CFG0,CFG4,1,1,0,1,NONE,NONE,0,1,C,YES,GROUP_RELEASES_RESOURCE,D_ROW
HIGH,32,moderate,2996,A,CFG0,CFG4,1,1,0,1,NONE,NONE,0,1,C,YES,GROUP_RELEASES_RESOURCE,D_ROW
HIGH,32,moderate,3019,A,CFG0,CFG4,1,1,0,1,NONE,NONE,0,1,B,YES,GROUP_RELEASES_RESOURCE,A_ROW
HIGH,32,moderate,3027,A,CFG0,CFG4,1,1,0,1,NONE,NONE,0,1,D,YES,GROUP_RELEASES_RESOURCE,C_COL
HIGH,32,moderate,3030,A,CFG0,CFG4,1,1,0,1,NONE,NONE,0,1,C,YES,GROUP_RELEASES_RESOURCE,D_ROW
HIGH,32,moderate,3035,A,CFG0,CFG4,1,1,0,1,NONE,NONE,0,1,D,YES,GROUP_RELEASES_RESOURCE,C_COL
HIGH,32,moderate,3042,A,CFG0,CFG4,1,1,0,1,NONE,NONE,0,1,B,YES,GROUP_RELEASES_RESOURCE,A_ROW
HIGH,32,moderate,3051,A,CFG0,CFG4,2,2,0,1,NONE,NONE,0,1,B,YES,GROUP_RELEASES_RESOURCE,A_ROW
HIGH,32,moderate,3058,A,CFG0,CFG4,1,1,0,1,NONE,NONE,0,1,B,YES,GROUP_RELEASES_RESOURCE,A_ROW
HIGH,32,moderate,3069,A,CFG0,CFG4,1,1,0,1,NONE,NONE,0,1,D,YES,GROUP_RELEASES_RESOURCE,C_COL
HIGH,32,moderate,3075,A,CFG0,CFG4,2,2,0,1,NONE,NONE,0,1,B,YES,GROUP_RELEASES_RESOURCE,A_ROW
HIGH,32,moderate,3081,A,CFG0,CFG4,1,1,0,1,NONE,NONE,0,1,C,YES,GROUP_RELEASES_RESOURCE,D_ROW
HIGH,32,moderate,3106,A,CFG0,CFG4,1,1,0,1,NONE,NONE,0,1,C,YES,GROUP_RELEASES_RESOURCE,D_ROW
HIGH,32,moderate,3114,A,CFG0,CFG4,1,1,0,1,NONE,NONE,0,1,B,YES,GROUP_RELEASES_RESOURCE,A_ROW
HIGH,32,moderate,3127,A,CFG0,CFG4,1,1,0,1,NONE,NONE,0,1,C,YES,GROUP_RELEASES_RESOURCE,D_ROW
HIGH,32,moderate,3128,A,CFG0,CFG4,1,1,0,1,NONE,NONE,0,1,D,YES,GROUP_RELEASES_RESOURCE,C_COL
HIGH,32,moderate,3143,A,CFG0,CFG4,1,1,0,1,NONE,NONE,0,1,C,YES,GROUP_RELEASES_RESOURCE,D_ROW
HIGH,32,moderate,3150,A,CFG0,CFG4,1,1,0,1,NONE,NONE,0,1,B,YES,GROUP_RELEASES_RESOURCE,A_ROW
HIGH,32,moderate,3156,A,CFG0,CFG4,4,2,0,1,NONE,NONE,0,1,B,YES,GROUP_RELEASES_RESOURCE,A_ROW
HIGH,32,moderate,3166,A,CFG0,CFG4,1,1,0,1,NONE,NONE,0,1,B,YES,GROUP_RELEASES_RESOURCE,A_ROW
HIGH,32,moderate,3167,A,CFG0,CFG4,1,1,0,1,NONE,NONE,0,1,D,YES,GROUP_RELEASES_RESOURCE,C_COL
HIGH,32,moderate,3169,A,CFG0,CFG4,2,2,0,1,NONE,NONE,0,1,B,YES,GROUP_RELEASES_RESOURCE,A_ROW
HIGH,32,moderate,3189,A,CFG0,CFG4,1,1,0,1,NONE,NONE,0,1,C,YES,GROUP_RELEASES_RESOURCE,D_ROW
HIGH,32,moderate,3191,A,CFG0,CFG4,2,2,0,1,NONE,NONE,0,1,B,YES,GROUP_RELEASES_RESOURCE,A_ROW
HIGH,32,moderate,3201,A,CFG0,CFG4,2,2,0,1,NONE,NONE,0,1,B,YES,GROUP_RELEASES_RESOURCE,A_ROW
HIGH,32,moderate,3216,A,CFG0,CFG4,1,1,0,1,NONE,NONE,0,1,B,YES,GROUP_RELEASES_RESOURCE,A_ROW
HIGH,32,moderate,3224,A,CFG0,CFG4,2,1,0,1,NONE,NONE,0,1,D,YES,GROUP_RELEASES_RESOURCE,C_COL
HIGH,32,moderate,3229,A,CFG0,CFG4,2,1,0,1,NONE,NONE,0,1,D,YES,GROUP_RELEASES_RESOURCE,C_COL
HIGH,32,moderate,3233,A,CFG0,CFG4,1,1,0,1,NONE,NONE,0,1,D,YES,GROUP_RELEASES_RESOURCE,C_COL
HIGH,32,moderate,3242,A,CFG0,CFG4,2,2,0,1,NONE,NONE,0,1,B,YES,GROUP_RELEASES_RESOURCE,A_ROW
HIGH,32,moderate,3246,A,CFG0,CFG4,2,2,0,1,NONE,NONE,0,1,B,YES,GROUP_RELEASES_RESOURCE,A_ROW
HIGH,32,moderate,3255,A,CFG0,CFG4,1,1,0,1,NONE,NONE,0,1,B,YES,GROUP_RELEASES_RESOURCE,A_ROW
HIGH,32,moderate,3262,A,CFG0,CFG4,1,3,0,1,NONE,NONE,0,1,C,YES,GROUP_RELEASES_RESOURCE,D_ROW
HIGH,32,moderate,3276,A,CFG0,CFG4,1,1,0,1,NONE,NONE,0,1,C,YES,GROUP_RELEASES_RESOURCE,D_ROW
HIGH,32,moderate,3297,A,CFG0,CFG4,1,1,0,1,NONE,NONE,0,1,B,YES,GROUP_RELEASES_RESOURCE,A_ROW
HIGH,32,moderate,3304,A,CFG0,CFG4,1,1,0,1,NONE,NONE,0,1,B,YES,GROUP_RELEASES_RESOURCE,A_ROW
HIGH,32,moderate,3319,A,CFG0,CFG4,1,1,0,1,NONE,NONE,0,1,B,YES,GROUP_RELEASES_RESOURCE,A_ROW
HIGH,32,moderate,3327,A,CFG0,CFG4,1,1,0,1,NONE,NONE,0,1,B,YES,GROUP_RELEASES_RESOURCE,A_ROW
HIGH,32,moderate,3330,A,CFG0,CFG4,2,1,0,1,NONE,NONE,0,1,C,YES,GROUP_RELEASES_RESOURCE,D_ROW
HIGH,32,moderate,3333,A,CFG0,CFG4,1,1,0,1,NONE,NONE,0,1,C,YES,GROUP_RELEASES_RESOURCE,D_ROW
HIGH,32,moderate,3354,A,CFG0,CFG4,1,1,0,1,NONE,NONE,0,1,B,YES,GROUP_RELEASES_RESOURCE,A_ROW
HIGH,32,moderate,3355,A,CFG0,CFG4,4,2,0,1,NONE,NONE,0,1,B,YES,GROUP_RELEASES_RESOURCE,A_ROW
HIGH,32,moderate,3359,A,CFG0,CFG4,1,1,0,1,NONE,NONE,0,1,B,YES,GROUP_RELEASES_RESOURCE,A_ROW
HIGH,32,moderate,3366,A,CFG0,CFG4,1,1,0,1,NONE,NONE,0,1,B,YES,GROUP_RELEASES_RESOURCE,A_ROW
HIGH,32,moderate,3374,A,CFG0,CFG4,1,1,0,1,NONE,NONE,0,1,B,YES,GROUP_RELEASES_RESOURCE,A_ROW
HIGH,32,moderate,3376,A,CFG0,CFG4,1,1,0,1,NONE,NONE,0,1,D,YES,GROUP_RELEASES_RESOURCE,C_COL
HIGH,32,moderate,3400,A,CFG0,CFG4,1,1,0,1,NONE,NONE,0,1,D,YES,GROUP_RELEASES_RESOURCE,C_COL
HIGH,32,moderate,3401,A,CFG0,CFG4,2,2,0,1,NONE,NONE,0,1,D,YES,GROUP_RELEASES_RESOURCE,C_COL
HIGH,32,moderate,3403,A,CFG0,CFG4,1,1,0,1,NONE,NONE,0,1,B,YES,GROUP_RELEASES_RESOURCE,A_ROW
HIGH,32,moderate,3406,A,CFG0,CFG4,1,1,0,1,NONE,NONE,0,1,C,YES,GROUP_RELEASES_RESOURCE,D_ROW
HIGH,32,moderate,3432,A,CFG0,CFG4,1,1,0,1,NONE,NONE,0,1,B,YES,GROUP_RELEASES_RESOURCE,A_ROW
HIGH,32,moderate,3464,A,CFG0,CFG4,1,1,0,1,NONE,NONE,0,1,B,YES,GROUP_RELEASES_RESOURCE,A_ROW
HIGH,32,moderate,3467,A,CFG0,CFG4,1,2,0,1,NONE,NONE,0,1,B,YES,GROUP_RELEASES_RESOURCE,A_ROW
HIGH,32,moderate,3472,A,CFG0,CFG4,1,1,0,1,NONE,NONE,0,1,C,YES,GROUP_RELEASES_RESOURCE,D_ROW
HIGH,32,moderate,3487,A,CFG0,CFG4,1,1,0,1,NONE,NONE,0,1,C,YES,GROUP_RELEASES_RESOURCE,D_ROW
HIGH,32,moderate,3491,A,CFG0,CFG4,1,1,0,1,NONE,NONE,0,1,C,YES,GROUP_RELEASES_RESOURCE,D_ROW
HIGH,32,moderate,3501,A,CFG0,CFG4,1,1,0,1,NONE,NONE,0,1,C,YES,GROUP_RELEASES_RESOURCE,D_ROW
HIGH,32,moderate,3510,A,CFG0,CFG4,2,2,0,1,NONE,NONE,0,1,B,YES,GROUP_RELEASES_RESOURCE,A_ROW
HIGH,32,moderate,3511,A,CFG0,CFG4,1,1,0,1,NONE,NONE,0,1,D,YES,GROUP_RELEASES_RESOURCE,C_COL
HIGH,32,moderate,3519,A,CFG0,CFG4,2,1,0,1,NONE,NONE,0,1,D,YES,GROUP_RELEASES_RESOURCE,C_COL
HIGH,32,moderate,3543,A,CFG0,CFG4,1,1,0,1,NONE,NONE,0,1,B,YES,GROUP_RELEASES_RESOURCE,A_ROW
HIGH,32,moderate,3544,A,CFG0,CFG4,1,1,0,1,NONE,NONE,0,1,C,YES,GROUP_RELEASES_RESOURCE,D_ROW
HIGH,32,moderate,3553,A,CFG0,CFG4,1,1,0,1,NONE,NONE,0,1,B,YES,GROUP_RELEASES_RESOURCE,A_ROW
HIGH,32,moderate,3566,A,CFG0,CFG4,2,2,0,1,NONE,NONE,0,1,D,YES,GROUP_RELEASES_RESOURCE,C_COL
HIGH,32,moderate,3574,A,CFG0,CFG4,1,1,0,1,NONE,NONE,0,1,B,YES,GROUP_RELEASES_RESOURCE,A_ROW
HIGH,32,moderate,3579,A,CFG0,CFG4,2,2,0,1,NONE,NONE,0,1,B,YES,GROUP_RELEASES_RESOURCE,A_ROW
HIGH,32,moderate,3581,A,CFG0,CFG4,1,1,0,1,NONE,NONE,0,1,C,YES,GROUP_RELEASES_RESOURCE,D_ROW
HIGH,32,moderate,3617,A,CFG0,CFG4,1,1,0,1,NONE,NONE,0,1,D,YES,GROUP_RELEASES_RESOURCE,C_COL
HIGH,32,moderate,3626,A,CFG0,CFG4,1,3,0,1,NONE,NONE,0,1,B,YES,GROUP_RELEASES_RESOURCE,A_ROW
HIGH,32,moderate,3636,A,CFG0,CFG4,1,1,0,1,NONE,NONE,0,1,B,YES,GROUP_RELEASES_RESOURCE,A_ROW
HIGH,32,moderate,3659,A,CFG0,CFG4,2,1,0,1,NONE,NONE,0,1,D,YES,GROUP_RELEASES_RESOURCE,C_COL
HIGH,32,moderate,3688,A,CFG0,CFG4,1,1,0,1,NONE,NONE,0,1,B,YES,GROUP_RELEASES_RESOURCE,A_ROW
HIGH,32,moderate,3722,A,CFG0,CFG4,1,1,0,1,NONE,NONE,0,1,C,YES,GROUP_RELEASES_RESOURCE,D_ROW
HIGH,32,moderate,3733,A,CFG0,CFG4,1,1,0,1,NONE,NONE,0,1,D,YES,GROUP_RELEASES_RESOURCE,C_COL
HIGH,32,moderate,3736,A,CFG0,CFG4,1,1,0,1,NONE,NONE,0,1,B,YES,GROUP_RELEASES_RESOURCE,A_ROW
HIGH,32,moderate,3737,A,CFG0,CFG4,1,1,0,1,NONE,NONE,0,1,B,YES,GROUP_RELEASES_RESOURCE,A_ROW
HIGH,32,moderate,3743,A,CFG0,CFG4,2,2,0,1,NONE,NONE,0,1,B,YES,GROUP_RELEASES_RESOURCE,A_ROW
HIGH,32,moderate,3744,A,CFG0,CFG4,1,1,0,1,NONE,NONE,0,1,B,YES,GROUP_RELEASES_RESOURCE,A_ROW
HIGH,32,moderate,3746,A,CFG0,CFG4,4,2,0,1,NONE,NONE,0,1,B,YES,GROUP_RELEASES_RESOURCE,A_ROW
HIGH,32,moderate,3747,A,CFG0,CFG4,1,1,0,1,NONE,NONE,0,1,C,YES,GROUP_RELEASES_RESOURCE,D_ROW
HIGH,32,moderate,3760,A,CFG0,CFG4,1,1,0,1,NONE,NONE,0,1,B,YES,GROUP_RELEASES_RESOURCE,A_ROW
HIGH,32,moderate,3780,A,CFG0,CFG4,1,1,0,1,NONE,NONE,0,1,B,YES,GROUP_RELEASES_RESOURCE,A_ROW
HIGH,32,moderate,3783,A,CFG0,CFG4,1,1,0,1,NONE,NONE,0,1,C,YES,GROUP_RELEASES_RESOURCE,D_ROW
HIGH,32,moderate,3793,A,CFG0,CFG4,1,1,0,1,NONE,NONE,0,1,D,YES,GROUP_RELEASES_RESOURCE,C_COL
HIGH,32,moderate,3802,A,CFG0,CFG4,1,1,0,1,NONE,NONE,0,1,B,YES,GROUP_RELEASES_RESOURCE,A_ROW
HIGH,32,moderate,3816,A,CFG0,CFG4,2,2,0,1,NONE,NONE,0,1,B,YES,GROUP_RELEASES_RESOURCE,A_ROW
HIGH,32,moderate,3853,A,CFG0,CFG4,1,1,0,1,NONE,NONE,0,1,C,YES,GROUP_RELEASES_RESOURCE,D_ROW
HIGH,32,moderate,3857,A,CFG0,CFG4,1,1,0,1,NONE,NONE,0,1,D,YES,GROUP_RELEASES_RESOURCE,C_COL
HIGH,32,moderate,3867,A,CFG0,CFG4,1,1,0,1,NONE,NONE,0,1,D,YES,GROUP_RELEASES_RESOURCE,C_COL
HIGH,32,moderate,3870,A,CFG0,CFG4,2,2,0,1,NONE,NONE,0,1,B,YES,GROUP_RELEASES_RESOURCE,A_ROW
HIGH,32,moderate,3879,A,CFG0,CFG4,2,2,0,1,NONE,NONE,0,1,C,YES,GROUP_RELEASES_RESOURCE,D_ROW
HIGH,32,moderate,3900,A,CFG0,CFG4,2,2,0,1,NONE,NONE,0,1,C,YES,GROUP_RELEASES_RESOURCE,D_ROW
HIGH,32,moderate,3916,A,CFG0,CFG4,1,1,0,1,NONE,NONE,0,1,C,YES,GROUP_RELEASES_RESOURCE,D_ROW
HIGH,32,moderate,3921,A,CFG0,CFG4,1,1,0,1,NONE,NONE,0,1,B,YES,GROUP_RELEASES_RESOURCE,A_ROW
HIGH,32,moderate,3937,A,CFG0,CFG4,1,1,0,1,NONE,NONE,0,1,C,YES,GROUP_RELEASES_RESOURCE,D_ROW
HIGH,32,moderate,3942,A,CFG0,CFG4,2,2,0,1,NONE,NONE,0,1,D,YES,GROUP_RELEASES_RESOURCE,C_COL
HIGH,32,moderate,3956,A,CFG0,CFG4,1,1,0,1,NONE,NONE,0,1,C,YES,GROUP_RELEASES_RESOURCE,D_ROW
HIGH,32,moderate,3958,A,CFG0,CFG4,2,1,0,1,NONE,NONE,0,1,C,YES,GROUP_RELEASES_RESOURCE,D_ROW
HIGH,32,moderate,3964,A,CFG0,CFG4,1,1,0,1,NONE,NONE,0,1,C,YES,GROUP_RELEASES_RESOURCE,D_ROW
HIGH,32,moderate,3977,A,CFG0,CFG4,4,2,0,1,NONE,NONE,0,1,C,YES,GROUP_RELEASES_RESOURCE,D_ROW
HIGH,32,moderate,3981,A,CFG0,CFG4,1,1,0,1,NONE,NONE,0,1,C,YES,GROUP_RELEASES_RESOURCE,D_ROW
HIGH,32,moderate,3983,A,CFG0,CFG4,1,1,0,1,NONE,NONE,0,1,C,YES,GROUP_RELEASES_RESOURCE,D_ROW
HIGH,32,moderate,3992,A,CFG0,CFG4,1,1,0,1,NONE,NONE,0,1,D,YES,GROUP_RELEASES_RESOURCE,C_COL
HIGH,32,moderate,3996,A,CFG0,CFG4,1,1,0,1,NONE,NONE,0,1,D,YES,GROUP_RELEASES_RESOURCE,C_COL
HIGH,32,moderate,4015,A,CFG0,CFG4,2,2,0,1,NONE,NONE,0,1,D,YES,GROUP_RELEASES_RESOURCE,C_COL
HIGH,32,moderate,4019,A,CFG0,CFG4,2,1,0,1,NONE,NONE,0,1,C,YES,GROUP_RELEASES_RESOURCE,D_ROW
HIGH,32,moderate,4030,A,CFG0,CFG4,1,1,0,1,NONE,NONE,0,1,D,YES,GROUP_RELEASES_RESOURCE,C_COL
HIGH,32,moderate,4046,A,CFG0,CFG4,1,1,0,1,NONE,NONE,0,1,D,YES,GROUP_RELEASES_RESOURCE,C_COL
HIGH,32,moderate,4047,A,CFG0,CFG4,2,1,0,1,NONE,NONE,0,1,D,YES,GROUP_RELEASES_RESOURCE,C_COL
HIGH,32,moderate,4057,A,CFG0,CFG4,4,2,0,1,NONE,NONE,0,1,D,YES,GROUP_RELEASES_RESOURCE,C_COL
HIGH,32,moderate,4070,A,CFG0,CFG4,1,1,0,1,NONE,NONE,0,1,C,YES,GROUP_RELEASES_RESOURCE,D_ROW
HIGH,32,moderate,4079,A,CFG0,CFG4,1,1,0,1,NONE,NONE,0,1,B,YES,GROUP_RELEASES_RESOURCE,A_ROW
HIGH,32,moderate,4083,A,CFG0,CFG4,1,1,0,1,NONE,NONE,0,1,D,YES,GROUP_RELEASES_RESOURCE,C_COL
HIGH,32,moderate,4087,A,CFG0,CFG4,2,2,0,1,NONE,NONE,0,1,B,YES,GROUP_RELEASES_RESOURCE,A_ROW
HIGH,32,moderate,4113,A,CFG0,CFG4,1,1,0,1,NONE,NONE,0,1,C,YES,GROUP_RELEASES_RESOURCE,D_ROW
HIGH,32,moderate,4131,A,CFG0,CFG4,1,1,0,1,NONE,NONE,0,1,C,YES,GROUP_RELEASES_RESOURCE,D_ROW
HIGH,32,moderate,4132,A,CFG0,CFG4,1,1,0,1,NONE,NONE,0,1,D,YES,GROUP_RELEASES_RESOURCE,C_COL
HIGH,32,moderate,4134,A,CFG0,CFG4,1,1,0,1,NONE,NONE,0,1,D,YES,GROUP_RELEASES_RESOURCE,C_COL
HIGH,32,moderate,4141,A,CFG0,CFG4,1,1,0,1,NONE,NONE,0,1,B,YES,GROUP_RELEASES_RESOURCE,A_ROW
HIGH,32,moderate,4144,A,CFG0,CFG4,1,1,0,1,NONE,NONE,0,1,B,YES,GROUP_RELEASES_RESOURCE,A_ROW
HIGH,32,moderate,4161,A,CFG0,CFG4,1,1,0,1,NONE,NONE,0,1,C,YES,GROUP_RELEASES_RESOURCE,D_ROW
HIGH,32,moderate,4163,A,CFG0,CFG4,1,1,0,1,NONE,NONE,0,1,B,YES,GROUP_RELEASES_RESOURCE,A_ROW
HIGH,32,moderate,4179,A,CFG0,CFG4,1,1,0,1,NONE,NONE,0,1,B,YES,GROUP_RELEASES_RESOURCE,A_ROW
HIGH,32,moderate,4180,A,CFG0,CFG4,1,2,0,1,NONE,NONE,0,1,C,YES,GROUP_RELEASES_RESOURCE,D_ROW
HIGH,32,moderate,4231,A,CFG0,CFG4,1,1,0,1,NONE,NONE,0,1,B,YES,GROUP_RELEASES_RESOURCE,A_ROW
HIGH,32,moderate,4235,A,CFG0,CFG4,2,2,0,1,NONE,NONE,0,1,C,YES,GROUP_RELEASES_RESOURCE,D_ROW
HIGH,32,moderate,4251,A,CFG0,CFG4,1,1,0,1,NONE,NONE,0,1,D,YES,GROUP_RELEASES_RESOURCE,C_COL
HIGH,32,moderate,4254,A,CFG0,CFG4,1,1,0,1,NONE,NONE,0,1,D,YES,GROUP_RELEASES_RESOURCE,C_COL
HIGH,32,moderate,4283,A,CFG0,CFG4,1,1,0,1,NONE,NONE,0,1,D,YES,GROUP_RELEASES_RESOURCE,C_COL
HIGH,32,moderate,4290,A,CFG0,CFG4,1,1,0,1,NONE,NONE,0,1,C,YES,GROUP_RELEASES_RESOURCE,D_ROW
HIGH,32,moderate,4294,A,CFG0,CFG4,1,3,0,1,NONE,NONE,0,1,C,YES,GROUP_RELEASES_RESOURCE,D_ROW
HIGH,32,moderate,4309,A,CFG0,CFG4,1,1,0,1,NONE,NONE,0,1,D,YES,GROUP_RELEASES_RESOURCE,C_COL
HIGH,32,moderate,4324,A,CFG0,CFG4,2,2,0,1,NONE,NONE,0,1,B,YES,GROUP_RELEASES_RESOURCE,A_ROW
HIGH,32,moderate,4333,A,CFG0,CFG4,1,1,0,1,NONE,NONE,0,1,C,YES,GROUP_RELEASES_RESOURCE,D_ROW
HIGH,32,moderate,4338,A,CFG0,CFG4,1,2,0,1,NONE,NONE,0,1,C,YES,GROUP_RELEASES_RESOURCE,D_ROW
HIGH,32,moderate,4339,A,CFG0,CFG4,1,1,0,1,NONE,NONE,0,1,C,YES,GROUP_RELEASES_RESOURCE,D_ROW
HIGH,32,moderate,4340,A,CFG0,CFG4,1,1,0,1,NONE,NONE,0,1,B,YES,GROUP_RELEASES_RESOURCE,A_ROW
HIGH,32,moderate,4346,A,CFG0,CFG4,1,1,0,1,NONE,NONE,0,1,C,YES,GROUP_RELEASES_RESOURCE,D_ROW
HIGH,32,moderate,4351,A,CFG0,CFG4,2,2,0,1,NONE,NONE,0,1,D,YES,GROUP_RELEASES_RESOURCE,C_COL
HIGH,32,moderate,4354,A,CFG0,CFG4,1,1,0,1,NONE,NONE,0,1,B,YES,GROUP_RELEASES_RESOURCE,A_ROW
HIGH,32,moderate,4355,A,CFG0,CFG4,1,1,0,1,NONE,NONE,0,1,B,YES,GROUP_RELEASES_RESOURCE,A_ROW
HIGH,32,moderate,4365,A,CFG0,CFG4,1,1,0,1,NONE,NONE,0,1,B,YES,GROUP_RELEASES_RESOURCE,A_ROW
HIGH,32,moderate,4369,A,CFG0,CFG4,2,1,0,1,NONE,NONE,0,1,B,YES,GROUP_RELEASES_RESOURCE,A_ROW
HIGH,32,moderate,4376,A,CFG0,CFG4,1,1,0,1,NONE,NONE,0,1,D,YES,GROUP_RELEASES_RESOURCE,C_COL
HIGH,32,moderate,4385,A,CFG0,CFG4,1,1,0,1,NONE,NONE,0,1,C,YES,GROUP_RELEASES_RESOURCE,D_ROW
HIGH,32,moderate,4393,A,CFG0,CFG4,1,1,0,1,NONE,NONE,0,1,D,YES,GROUP_RELEASES_RESOURCE,C_COL
HIGH,32,moderate,4397,A,CFG0,CFG4,1,1,0,1,NONE,NONE,0,1,D,YES,GROUP_RELEASES_RESOURCE,C_COL
HIGH,32,moderate,4402,A,CFG0,CFG4,1,1,0,1,NONE,NONE,0,1,C,YES,GROUP_RELEASES_RESOURCE,D_ROW
HIGH,32,moderate,4420,A,CFG0,CFG4,2,1,0,1,NONE,NONE,0,1,D,YES,GROUP_RELEASES_RESOURCE,C_COL
HIGH,32,moderate,4434,A,CFG0,CFG4,2,2,0,1,NONE,NONE,0,1,C,YES,GROUP_RELEASES_RESOURCE,D_ROW
HIGH,32,moderate,4464,A,CFG0,CFG4,1,1,0,1,NONE,NONE,0,1,C,YES,GROUP_RELEASES_RESOURCE,D_ROW
HIGH,32,moderate,4494,A,CFG0,CFG4,1,1,0,1,NONE,NONE,0,1,B,YES,GROUP_RELEASES_RESOURCE,A_ROW
HIGH,32,moderate,4498,A,CFG0,CFG4,1,2,0,1,NONE,NONE,0,1,C,YES,GROUP_RELEASES_RESOURCE,D_ROW
HIGH,32,moderate,4503,A,CFG0,CFG4,1,1,0,1,NONE,NONE,0,1,B,YES,GROUP_RELEASES_RESOURCE,A_ROW
HIGH,32,moderate,4508,A,CFG0,CFG4,1,1,0,1,NONE,NONE,0,1,D,YES,GROUP_RELEASES_RESOURCE,C_COL
HIGH,32,moderate,4511,A,CFG0,CFG4,1,1,0,1,NONE,NONE,0,1,B,YES,GROUP_RELEASES_RESOURCE,A_ROW
HIGH,32,moderate,4522,A,CFG0,CFG4,1,1,0,1,NONE,NONE,0,1,B,YES,GROUP_RELEASES_RESOURCE,A_ROW
HIGH,32,moderate,4530,A,CFG0,CFG4,1,1,0,1,NONE,NONE,0,1,D,YES,GROUP_RELEASES_RESOURCE,C_COL
HIGH,32,moderate,4540,A,CFG0,CFG4,2,2,0,1,NONE,NONE,0,1,B,YES,GROUP_RELEASES_RESOURCE,A_ROW
HIGH,32,moderate,4561,A,CFG0,CFG4,2,1,0,1,NONE,NONE,0,1,C,YES,GROUP_RELEASES_RESOURCE,D_ROW
HIGH,32,moderate,4564,A,CFG0,CFG4,2,2,0,1,NONE,NONE,0,1,C,YES,GROUP_RELEASES_RESOURCE,D_ROW
HIGH,32,moderate,4597,A,CFG0,CFG4,1,1,0,1,NONE,NONE,0,1,C,YES,GROUP_RELEASES_RESOURCE,D_ROW
HIGH,32,moderate,4613,A,CFG0,CFG4,1,1,0,1,NONE,NONE,0,1,B,YES,GROUP_RELEASES_RESOURCE,A_ROW
HIGH,32,moderate,4627,A,CFG0,CFG4,1,1,0,1,NONE,NONE,0,1,B,YES,GROUP_RELEASES_RESOURCE,A_ROW
HIGH,32,moderate,4630,A,CFG0,CFG4,1,1,0,1,NONE,NONE,0,1,B,YES,GROUP_RELEASES_RESOURCE,A_ROW
HIGH,32,moderate,4636,A,CFG0,CFG4,1,1,0,1,NONE,NONE,0,1,D,YES,GROUP_RELEASES_RESOURCE,C_COL
HIGH,32,moderate,4637,A,CFG0,CFG4,2,2,0,1,NONE,NONE,0,1,D,YES,GROUP_RELEASES_RESOURCE,C_COL
HIGH,32,moderate,4643,A,CFG0,CFG4,1,1,0,1,NONE,NONE,0,1,B,YES,GROUP_RELEASES_RESOURCE,A_ROW
HIGH,32,moderate,4647,A,CFG0,CFG4,1,1,0,1,NONE,NONE,0,1,C,YES,GROUP_RELEASES_RESOURCE,D_ROW
HIGH,32,moderate,4660,A,CFG0,CFG4,1,1,0,1,NONE,NONE,0,1,D,YES,GROUP_RELEASES_RESOURCE,C_COL
HIGH,32,moderate,4663,A,CFG0,CFG4,1,1,0,1,NONE,NONE,0,1,B,YES,GROUP_RELEASES_RESOURCE,A_ROW
HIGH,32,moderate,4664,A,CFG0,CFG4,2,1,0,1,NONE,NONE,0,1,B,YES,GROUP_RELEASES_RESOURCE,A_ROW
HIGH,32,moderate,4666,A,CFG0,CFG4,1,1,0,1,NONE,NONE,0,1,D,YES,GROUP_RELEASES_RESOURCE,C_COL
HIGH,32,moderate,4683,A,CFG0,CFG4,1,1,0,1,NONE,NONE,0,1,B,YES,GROUP_RELEASES_RESOURCE,A_ROW
HIGH,32,moderate,4684,A,CFG0,CFG4,4,2,0,1,NONE,NONE,0,1,C,YES,GROUP_RELEASES_RESOURCE,D_ROW
HIGH,32,moderate,4697,A,CFG0,CFG4,1,1,0,1,NONE,NONE,0,1,C,YES,GROUP_RELEASES_RESOURCE,D_ROW
HIGH,32,moderate,4698,A,CFG0,CFG4,2,2,0,1,NONE,NONE,0,1,B,YES,GROUP_RELEASES_RESOURCE,A_ROW
HIGH,32,moderate,4705,A,CFG0,CFG4,2,1,0,1,NONE,NONE,0,1,B,YES,GROUP_RELEASES_RESOURCE,A_ROW
HIGH,32,moderate,4707,A,CFG0,CFG4,1,1,0,1,NONE,NONE,0,1,D,YES,GROUP_RELEASES_RESOURCE,C_COL
HIGH,32,moderate,4713,A,CFG0,CFG4,1,1,0,1,NONE,NONE,0,1,B,YES,GROUP_RELEASES_RESOURCE,A_ROW
HIGH,32,moderate,4723,A,CFG0,CFG4,2,1,0,1,NONE,NONE,0,1,D,YES,GROUP_RELEASES_RESOURCE,C_COL
HIGH,32,moderate,4725,A,CFG0,CFG4,1,1,0,1,NONE,NONE,0,1,B,YES,GROUP_RELEASES_RESOURCE,A_ROW
HIGH,32,moderate,4726,A,CFG0,CFG4,1,1,0,1,NONE,NONE,0,1,B,YES,GROUP_RELEASES_RESOURCE,A_ROW
HIGH,32,moderate,4735,A,CFG0,CFG4,2,1,0,1,NONE,NONE,0,1,C,YES,GROUP_RELEASES_RESOURCE,D_ROW
HIGH,32,moderate,4748,A,CFG0,CFG4,2,2,0,1,NONE,NONE,0,1,D,YES,GROUP_RELEASES_RESOURCE,C_COL
HIGH,32,moderate,4754,A,CFG0,CFG4,1,1,0,1,NONE,NONE,0,1,C,YES,GROUP_RELEASES_RESOURCE,D_ROW
HIGH,32,moderate,4757,A,CFG0,CFG4,1,1,0,1,NONE,NONE,0,1,B,YES,GROUP_RELEASES_RESOURCE,A_ROW
HIGH,32,moderate,4758,A,CFG0,CFG4,1,1,0,1,NONE,NONE,0,1,B,YES,GROUP_RELEASES_RESOURCE,A_ROW
HIGH,32,moderate,4765,A,CFG0,CFG4,1,1,0,1,NONE,NONE,0,1,B,YES,GROUP_RELEASES_RESOURCE,A_ROW
HIGH,32,moderate,4767,A,CFG0,CFG4,2,2,0,1,NONE,NONE,0,1,B,YES,GROUP_RELEASES_RESOURCE,A_ROW
HIGH,32,moderate,4777,A,CFG0,CFG4,1,1,0,1,NONE,NONE,0,1,B,YES,GROUP_RELEASES_RESOURCE,A_ROW
HIGH,32,moderate,4782,A,CFG0,CFG4,1,1,0,1,NONE,NONE,0,1,D,YES,GROUP_RELEASES_RESOURCE,C_COL
HIGH,32,moderate,4784,A,CFG0,CFG4,1,1,0,1,NONE,NONE,0,1,C,YES,GROUP_RELEASES_RESOURCE,D_ROW
HIGH,32,moderate,4790,A,CFG0,CFG4,1,1,0,1,NONE,NONE,0,1,B,YES,GROUP_RELEASES_RESOURCE,A_ROW
HIGH,32,moderate,4803,A,CFG0,CFG4,1,1,0,1,NONE,NONE,0,1,C,YES,GROUP_RELEASES_RESOURCE,D_ROW
HIGH,32,moderate,4811,A,CFG0,CFG4,2,1,0,1,NONE,NONE,0,1,B,YES,GROUP_RELEASES_RESOURCE,A_ROW
HIGH,32,moderate,4840,A,CFG0,CFG4,1,2,0,1,NONE,NONE,0,1,B,YES,GROUP_RELEASES_RESOURCE,A_ROW
HIGH,32,moderate,4848,A,CFG0,CFG4,1,1,0,1,NONE,NONE,0,1,B,YES,GROUP_RELEASES_RESOURCE,A_ROW
HIGH,32,moderate,4871,A,CFG0,CFG4,1,1,0,1,NONE,NONE,0,1,D,YES,GROUP_RELEASES_RESOURCE,C_COL
HIGH,32,moderate,4873,A,CFG0,CFG4,1,1,0,1,NONE,NONE,0,1,C,YES,GROUP_RELEASES_RESOURCE,D_ROW
HIGH,32,moderate,4878,A,CFG0,CFG4,1,1,0,1,NONE,NONE,0,1,B,YES,GROUP_RELEASES_RESOURCE,A_ROW
HIGH,32,moderate,4893,A,CFG0,CFG4,1,1,0,1,NONE,NONE,0,1,B,YES,GROUP_RELEASES_RESOURCE,A_ROW
HIGH,32,moderate,4899,A,CFG0,CFG4,1,1,0,1,NONE,NONE,0,1,B,YES,GROUP_RELEASES_RESOURCE,A_ROW
HIGH,32,moderate,4910,A,CFG0,CFG4,2,2,0,1,NONE,NONE,0,1,C,YES,GROUP_RELEASES_RESOURCE,D_ROW
HIGH,32,moderate,4920,A,CFG0,CFG4,1,1,0,1,NONE,NONE,0,1,B,YES,GROUP_RELEASES_RESOURCE,A_ROW
HIGH,32,moderate,4922,A,CFG0,CFG4,1,1,0,1,NONE,NONE,0,1,B,YES,GROUP_RELEASES_RESOURCE,A_ROW
HIGH,32,moderate,4963,A,CFG0,CFG4,1,1,0,1,NONE,NONE,0,1,B,YES,GROUP_RELEASES_RESOURCE,A_ROW
HIGH,32,moderate,4968,A,CFG0,CFG4,1,1,0,1,NONE,NONE,0,1,B,YES,GROUP_RELEASES_RESOURCE,A_ROW
HIGH,32,moderate,4973,A,CFG0,CFG4,1,1,0,1,NONE,NONE,0,1,C,YES,GROUP_RELEASES_RESOURCE,D_ROW
HIGH,32,moderate,4997,A,CFG0,CFG4,1,1,0,1,NONE,NONE,0,1,B,YES,GROUP_RELEASES_RESOURCE,A_ROW
HIGH,32,moderate,5009,A,CFG0,CFG4,2,2,0,1,NONE,NONE,0,1,B,YES,GROUP_RELEASES_RESOURCE,A_ROW
HIGH,32,moderate,5021,A,CFG0,CFG4,1,1,0,1,NONE,NONE,0,1,C,YES,GROUP_RELEASES_RESOURCE,D_ROW
HIGH,32,moderate,5037,A,CFG0,CFG4,1,1,0,1,NONE,NONE,0,1,B,YES,GROUP_RELEASES_RESOURCE,A_ROW
HIGH,32,moderate,5039,A,CFG0,CFG4,1,1,0,1,NONE,NONE,0,1,C,YES,GROUP_RELEASES_RESOURCE,D_ROW
HIGH,32,moderate,5043,A,CFG0,CFG4,2,2,0,1,NONE,NONE,0,1,D,YES,GROUP_RELEASES_RESOURCE,C_COL
HIGH,32,moderate,5048,A,CFG0,CFG4,1,1,0,1,NONE,NONE,0,1,C,YES,GROUP_RELEASES_RESOURCE,D_ROW
HIGH,32,moderate,5053,A,CFG0,CFG4,1,1,0,1,NONE,NONE,0,1,B,YES,GROUP_RELEASES_RESOURCE,A_ROW
HIGH,32,moderate,5069,A,CFG0,CFG4,2,2,0,1,NONE,NONE,0,1,D,YES,GROUP_RELEASES_RESOURCE,C_COL
HIGH,32,moderate,5070,A,CFG0,CFG4,1,1,0,1,NONE,NONE,0,1,B,YES,GROUP_RELEASES_RESOURCE,A_ROW
HIGH,32,moderate,5074,A,CFG0,CFG4,4,2,0,1,NONE,NONE,0,1,B,YES,GROUP_RELEASES_RESOURCE,A_ROW
HIGH,32,moderate,5080,A,CFG0,CFG4,4,2,0,1,NONE,NONE,0,1,D,YES,GROUP_RELEASES_RESOURCE,C_COL
HIGH,32,moderate,5082,A,CFG0,CFG4,2,1,0,1,NONE,NONE,0,1,C,YES,GROUP_RELEASES_RESOURCE,D_ROW
HIGH,32,moderate,5106,A,CFG0,CFG4,1,1,0,1,NONE,NONE,0,1,B,YES,GROUP_RELEASES_RESOURCE,A_ROW
HIGH,32,moderate,5115,A,CFG0,CFG4,1,1,0,1,NONE,NONE,0,1,C,YES,GROUP_RELEASES_RESOURCE,D_ROW
HIGH,32,moderate,5127,A,CFG0,CFG4,1,1,0,1,NONE,NONE,0,1,C,YES,GROUP_RELEASES_RESOURCE,D_ROW
HIGH,32,moderate,5131,A,CFG0,CFG4,1,1,0,1,NONE,NONE,0,1,C,YES,GROUP_RELEASES_RESOURCE,D_ROW
HIGH,32,moderate,5133,A,CFG0,CFG4,2,1,0,1,NONE,NONE,0,1,B,YES,GROUP_RELEASES_RESOURCE,A_ROW
HIGH,32,moderate,5145,A,CFG0,CFG4,1,1,0,1,NONE,NONE,0,1,B,YES,GROUP_RELEASES_RESOURCE,A_ROW
HIGH,32,moderate,5146,A,CFG0,CFG4,2,1,0,1,NONE,NONE,0,1,B,YES,GROUP_RELEASES_RESOURCE,A_ROW
HIGH,32,moderate,5147,A,CFG0,CFG4,1,1,0,1,NONE,NONE,0,1,D,YES,GROUP_RELEASES_RESOURCE,C_COL
HIGH,32,moderate,5149,A,CFG0,CFG4,1,1,0,1,NONE,NONE,0,1,C,YES,GROUP_RELEASES_RESOURCE,D_ROW
HIGH,32,moderate,5150,A,CFG0,CFG4,1,1,0,1,NONE,NONE,0,1,B,YES,GROUP_RELEASES_RESOURCE,A_ROW
HIGH,32,moderate,5152,A,CFG0,CFG4,1,1,0,1,NONE,NONE,0,1,D,YES,GROUP_RELEASES_RESOURCE,C_COL
HIGH,32,moderate,5158,A,CFG0,CFG4,2,1,0,1,NONE,NONE,0,1,C,YES,GROUP_RELEASES_RESOURCE,D_ROW
HIGH,32,moderate,5184,A,CFG0,CFG4,2,1,0,1,NONE,NONE,0,1,B,YES,GROUP_RELEASES_RESOURCE,A_ROW
HIGH,32,moderate,5191,A,CFG0,CFG4,1,1,0,1,NONE,NONE,0,1,B,YES,GROUP_RELEASES_RESOURCE,A_ROW
HIGH,32,moderate,5200,A,CFG0,CFG4,4,2,0,1,NONE,NONE,0,1,D,YES,GROUP_RELEASES_RESOURCE,C_COL
HIGH,32,moderate,5211,A,CFG0,CFG4,1,1,0,1,NONE,NONE,0,1,B,YES,GROUP_RELEASES_RESOURCE,A_ROW
HIGH,32,moderate,5231,A,CFG0,CFG4,1,1,0,1,NONE,NONE,0,1,D,YES,GROUP_RELEASES_RESOURCE,C_COL
HIGH,32,moderate,5233,A,CFG0,CFG4,1,1,0,1,NONE,NONE,0,1,C,YES,GROUP_RELEASES_RESOURCE,D_ROW
HIGH,32,moderate,5254,A,CFG0,CFG4,1,1,0,1,NONE,NONE,0,1,C,YES,GROUP_RELEASES_RESOURCE,D_ROW
HIGH,32,moderate,5307,A,CFG0,CFG4,2,1,0,1,NONE,NONE,0,1,C,YES,GROUP_RELEASES_RESOURCE,D_ROW
HIGH,32,moderate,5320,A,CFG0,CFG4,2,2,0,1,NONE,NONE,0,1,C,YES,GROUP_RELEASES_RESOURCE,D_ROW
HIGH,32,moderate,5331,A,CFG0,CFG4,1,1,0,1,NONE,NONE,0,1,C,YES,GROUP_RELEASES_RESOURCE,D_ROW
HIGH,32,moderate,5350,A,CFG0,CFG4,1,1,0,1,NONE,NONE,0,1,C,YES,GROUP_RELEASES_RESOURCE,D_ROW
HIGH,32,moderate,5367,A,CFG0,CFG4,2,2,0,1,NONE,NONE,0,1,C,YES,GROUP_RELEASES_RESOURCE,D_ROW
HIGH,32,moderate,5377,A,CFG0,CFG4,1,3,0,1,NONE,NONE,0,1,B,YES,GROUP_RELEASES_RESOURCE,A_ROW
HIGH,32,moderate,5425,A,CFG0,CFG4,1,1,0,1,NONE,NONE,0,1,D,YES,GROUP_RELEASES_RESOURCE,C_COL
HIGH,32,moderate,5431,A,CFG0,CFG4,1,1,0,1,NONE,NONE,0,1,C,YES,GROUP_RELEASES_RESOURCE,D_ROW
HIGH,32,moderate,5438,A,CFG0,CFG4,1,1,0,1,NONE,NONE,0,1,C,YES,GROUP_RELEASES_RESOURCE,D_ROW
HIGH,32,moderate,5447,A,CFG0,CFG4,1,1,0,1,NONE,NONE,0,1,C,YES,GROUP_RELEASES_RESOURCE,D_ROW
HIGH,32,moderate,5454,A,CFG0,CFG4,1,1,0,1,NONE,NONE,0,1,C,YES,GROUP_RELEASES_RESOURCE,D_ROW
HIGH,32,moderate,5469,A,CFG0,CFG4,1,1,0,1,NONE,NONE,0,1,C,YES,GROUP_RELEASES_RESOURCE,D_ROW
HIGH,32,moderate,5474,A,CFG0,CFG4,1,1,0,1,NONE,NONE,0,1,B,YES,GROUP_RELEASES_RESOURCE,A_ROW
HIGH,32,moderate,5477,A,CFG0,CFG4,1,1,0,1,NONE,NONE,0,1,B,YES,GROUP_RELEASES_RESOURCE,A_ROW
HIGH,32,moderate,5486,A,CFG0,CFG4,1,3,0,1,NONE,NONE,0,1,C,YES,GROUP_RELEASES_RESOURCE,D_ROW
HIGH,32,moderate,5502,A,CFG0,CFG4,1,1,0,1,NONE,NONE,0,1,B,YES,GROUP_RELEASES_RESOURCE,A_ROW
HIGH,32,moderate,5514,A,CFG0,CFG4,1,1,0,1,NONE,NONE,0,1,B,YES,GROUP_RELEASES_RESOURCE,A_ROW
HIGH,32,moderate,5529,A,CFG0,CFG4,1,1,0,1,NONE,NONE,0,1,C,YES,GROUP_RELEASES_RESOURCE,D_ROW
HIGH,32,moderate,5538,A,CFG0,CFG4,1,1,0,1,NONE,NONE,0,1,B,YES,GROUP_RELEASES_RESOURCE,A_ROW
HIGH,32,moderate,5550,A,CFG0,CFG4,4,2,0,1,NONE,NONE,0,1,B,YES,GROUP_RELEASES_RESOURCE,A_ROW
HIGH,32,moderate,5555,A,CFG0,CFG4,2,2,0,1,NONE,NONE,0,1,B,YES,GROUP_RELEASES_RESOURCE,A_ROW
HIGH,32,moderate,5575,A,CFG0,CFG4,1,1,0,1,NONE,NONE,0,1,B,YES,GROUP_RELEASES_RESOURCE,A_ROW
HIGH,32,moderate,5577,A,CFG0,CFG4,1,1,0,1,NONE,NONE,0,1,D,YES,GROUP_RELEASES_RESOURCE,C_COL
HIGH,32,moderate,5579,A,CFG0,CFG4,1,1,0,1,NONE,NONE,0,1,C,YES,GROUP_RELEASES_RESOURCE,D_ROW
HIGH,32,moderate,5583,A,CFG0,CFG4,1,1,0,1,NONE,NONE,0,1,D,YES,GROUP_RELEASES_RESOURCE,C_COL
HIGH,32,moderate,5585,A,CFG0,CFG4,2,2,0,1,NONE,NONE,0,1,B,YES,GROUP_RELEASES_RESOURCE,A_ROW
HIGH,32,moderate,5586,A,CFG0,CFG4,2,2,0,1,NONE,NONE,0,1,C,YES,GROUP_RELEASES_RESOURCE,D_ROW
HIGH,32,moderate,5596,A,CFG0,CFG4,1,1,0,1,NONE,NONE,0,1,B,YES,GROUP_RELEASES_RESOURCE,A_ROW
HIGH,32,moderate,5605,A,CFG0,CFG4,1,1,0,1,NONE,NONE,0,1,B,YES,GROUP_RELEASES_RESOURCE,A_ROW
HIGH,32,moderate,5610,A,CFG0,CFG4,1,1,0,1,NONE,NONE,0,1,C,YES,GROUP_RELEASES_RESOURCE,D_ROW
HIGH,32,moderate,5612,A,CFG0,CFG4,4,2,0,1,NONE,NONE,0,1,C,YES,GROUP_RELEASES_RESOURCE,D_ROW
HIGH,32,moderate,5615,A,CFG0,CFG4,1,1,0,1,NONE,NONE,0,1,B,YES,GROUP_RELEASES_RESOURCE,A_ROW
HIGH,32,moderate,5627,A,CFG0,CFG4,1,1,0,1,NONE,NONE,0,1,D,YES,GROUP_RELEASES_RESOURCE,C_COL
HIGH,32,moderate,5628,A,CFG0,CFG4,1,1,0,1,NONE,NONE,0,1,B,YES,GROUP_RELEASES_RESOURCE,A_ROW
HIGH,32,moderate,5643,A,CFG0,CFG4,1,1,0,1,NONE,NONE,0,1,B,YES,GROUP_RELEASES_RESOURCE,A_ROW
HIGH,32,moderate,5655,A,CFG0,CFG4,1,1,0,1,NONE,NONE,0,1,C,YES,GROUP_RELEASES_RESOURCE,D_ROW
HIGH,32,moderate,5657,A,CFG0,CFG4,1,1,0,1,NONE,NONE,0,1,C,YES,GROUP_RELEASES_RESOURCE,D_ROW
HIGH,32,moderate,5671,A,CFG0,CFG4,1,1,0,1,NONE,NONE,0,1,D,YES,GROUP_RELEASES_RESOURCE,C_COL
HIGH,32,moderate,5678,A,CFG0,CFG4,1,1,0,1,NONE,NONE,0,1,D,YES,GROUP_RELEASES_RESOURCE,C_COL
HIGH,32,moderate,5686,A,CFG0,CFG4,1,1,0,1,NONE,NONE,0,1,B,YES,GROUP_RELEASES_RESOURCE,A_ROW
HIGH,32,moderate,5690,A,CFG0,CFG4,1,1,0,1,NONE,NONE,0,1,D,YES,GROUP_RELEASES_RESOURCE,C_COL
HIGH,32,moderate,5694,A,CFG0,CFG4,1,1,0,1,NONE,NONE,0,1,C,YES,GROUP_RELEASES_RESOURCE,D_ROW
HIGH,32,moderate,5700,A,CFG0,CFG4,1,3,0,1,NONE,NONE,0,1,B,YES,GROUP_RELEASES_RESOURCE,A_ROW
HIGH,32,moderate,5701,A,CFG0,CFG4,2,2,0,1,NONE,NONE,0,1,B,YES,GROUP_RELEASES_RESOURCE,A_ROW
HIGH,32,moderate,5720,A,CFG0,CFG4,1,1,0,1,NONE,NONE,0,1,C,YES,GROUP_RELEASES_RESOURCE,D_ROW
HIGH,32,moderate,5721,A,CFG0,CFG4,1,2,0,1,NONE,NONE,0,1,B,YES,GROUP_RELEASES_RESOURCE,A_ROW
HIGH,32,moderate,5722,A,CFG0,CFG4,1,1,0,1,NONE,NONE,0,1,B,YES,GROUP_RELEASES_RESOURCE,A_ROW
HIGH,32,moderate,5735,A,CFG0,CFG4,1,1,0,1,NONE,NONE,0,1,C,YES,GROUP_RELEASES_RESOURCE,D_ROW
HIGH,32,moderate,5752,A,CFG0,CFG4,4,2,0,1,NONE,NONE,0,1,B,YES,GROUP_RELEASES_RESOURCE,A_ROW
HIGH,32,moderate,5774,A,CFG0,CFG4,1,1,0,1,NONE,NONE,0,1,D,YES,GROUP_RELEASES_RESOURCE,C_COL
HIGH,32,moderate,5786,A,CFG0,CFG4,2,1,0,1,NONE,NONE,0,1,B,YES,GROUP_RELEASES_RESOURCE,A_ROW
HIGH,32,moderate,5811,A,CFG0,CFG4,2,2,0,1,NONE,NONE,0,1,D,YES,GROUP_RELEASES_RESOURCE,C_COL
HIGH,32,moderate,5813,A,CFG0,CFG4,1,2,0,1,NONE,NONE,0,1,D,YES,GROUP_RELEASES_RESOURCE,C_COL
HIGH,32,moderate,5832,A,CFG0,CFG4,1,1,0,1,NONE,NONE,0,1,B,YES,GROUP_RELEASES_RESOURCE,A_ROW
HIGH,32,moderate,5833,A,CFG0,CFG4,2,1,0,1,NONE,NONE,0,1,C,YES,GROUP_RELEASES_RESOURCE,D_ROW
HIGH,32,moderate,5842,A,CFG0,CFG4,2,2,0,1,NONE,NONE,0,1,C,YES,GROUP_RELEASES_RESOURCE,D_ROW
HIGH,32,moderate,5861,A,CFG0,CFG4,1,1,0,1,NONE,NONE,0,1,C,YES,GROUP_RELEASES_RESOURCE,D_ROW
HIGH,32,moderate,5891,A,CFG0,CFG4,2,1,0,1,NONE,NONE,0,1,B,YES,GROUP_RELEASES_RESOURCE,A_ROW
HIGH,32,moderate,5893,A,CFG0,CFG4,1,1,0,1,NONE,NONE,0,1,B,YES,GROUP_RELEASES_RESOURCE,A_ROW
HIGH,32,moderate,5905,A,CFG0,CFG4,2,2,0,1,NONE,NONE,0,1,D,YES,GROUP_RELEASES_RESOURCE,C_COL
HIGH,32,moderate,5906,A,CFG0,CFG4,1,1,0,1,NONE,NONE,0,1,B,YES,GROUP_RELEASES_RESOURCE,A_ROW
HIGH,32,moderate,5916,A,CFG0,CFG4,2,2,0,1,NONE,NONE,0,1,B,YES,GROUP_RELEASES_RESOURCE,A_ROW
HIGH,32,moderate,5928,A,CFG0,CFG4,1,1,0,1,NONE,NONE,0,1,D,YES,GROUP_RELEASES_RESOURCE,C_COL
HIGH,32,moderate,5946,A,CFG0,CFG4,1,1,0,1,NONE,NONE,0,1,B,YES,GROUP_RELEASES_RESOURCE,A_ROW
HIGH,32,moderate,5960,A,CFG0,CFG4,1,1,0,1,NONE,NONE,0,1,C,YES,GROUP_RELEASES_RESOURCE,D_ROW
HIGH,32,moderate,5973,A,CFG0,CFG4,1,1,0,1,NONE,NONE,0,1,B,YES,GROUP_RELEASES_RESOURCE,A_ROW
HIGH,32,moderate,5985,A,CFG0,CFG4,2,2,0,1,NONE,NONE,0,1,D,YES,GROUP_RELEASES_RESOURCE,C_COL
HIGH,32,moderate,5987,A,CFG0,CFG4,2,2,0,1,NONE,NONE,0,1,B,YES,GROUP_RELEASES_RESOURCE,A_ROW
HIGH,32,moderate,5991,A,CFG0,CFG4,1,1,0,1,NONE,NONE,0,1,B,YES,GROUP_RELEASES_RESOURCE,A_ROW
HIGH,32,moderate,6007,A,CFG0,CFG4,1,3,0,1,NONE,NONE,0,1,D,YES,GROUP_RELEASES_RESOURCE,C_COL
HIGH,32,moderate,6039,A,CFG0,CFG4,2,2,0,1,NONE,NONE,0,1,C,YES,GROUP_RELEASES_RESOURCE,D_ROW
HIGH,32,moderate,6040,A,CFG0,CFG4,1,1,0,1,NONE,NONE,0,1,C,YES,GROUP_RELEASES_RESOURCE,D_ROW
HIGH,32,moderate,6048,A,CFG0,CFG4,2,2,0,1,NONE,NONE,0,1,B,YES,GROUP_RELEASES_RESOURCE,A_ROW
HIGH,32,moderate,6051,A,CFG0,CFG4,2,2,0,1,NONE,NONE,0,1,B,YES,GROUP_RELEASES_RESOURCE,A_ROW
HIGH,32,moderate,6059,A,CFG0,CFG4,1,1,0,1,NONE,NONE,0,1,B,YES,GROUP_RELEASES_RESOURCE,A_ROW
HIGH,32,moderate,6080,A,CFG0,CFG4,1,1,0,1,NONE,NONE,0,1,C,YES,GROUP_RELEASES_RESOURCE,D_ROW
HIGH,32,moderate,6099,A,CFG0,CFG4,1,1,0,1,NONE,NONE,0,1,B,YES,GROUP_RELEASES_RESOURCE,A_ROW
HIGH,32,moderate,6100,A,CFG0,CFG4,1,1,0,1,NONE,NONE,0,1,C,YES,GROUP_RELEASES_RESOURCE,D_ROW
HIGH,32,moderate,6109,A,CFG0,CFG4,2,2,0,1,NONE,NONE,0,1,B,YES,GROUP_RELEASES_RESOURCE,A_ROW
HIGH,32,moderate,6111,A,CFG0,CFG4,1,3,0,1,NONE,NONE,0,1,B,YES,GROUP_RELEASES_RESOURCE,A_ROW
HIGH,32,moderate,6124,A,CFG0,CFG4,1,1,0,1,NONE,NONE,0,1,D,YES,GROUP_RELEASES_RESOURCE,C_COL
HIGH,32,moderate,6142,A,CFG0,CFG4,1,1,0,1,NONE,NONE,0,1,B,YES,GROUP_RELEASES_RESOURCE,A_ROW
HIGH,32,moderate,6148,A,CFG0,CFG4,1,1,0,1,NONE,NONE,0,1,D,YES,GROUP_RELEASES_RESOURCE,C_COL
HIGH,32,moderate,6156,A,CFG0,CFG4,1,1,0,1,NONE,NONE,0,1,D,YES,GROUP_RELEASES_RESOURCE,C_COL
HIGH,32,moderate,6159,A,CFG0,CFG4,2,2,0,1,NONE,NONE,0,1,D,YES,GROUP_RELEASES_RESOURCE,C_COL
HIGH,32,moderate,6164,A,CFG0,CFG4,1,1,0,1,NONE,NONE,0,1,C,YES,GROUP_RELEASES_RESOURCE,D_ROW
HIGH,32,moderate,6167,A,CFG0,CFG4,1,3,0,1,NONE,NONE,0,1,D,YES,GROUP_RELEASES_RESOURCE,C_COL
HIGH,32,moderate,6195,A,CFG0,CFG4,1,1,0,1,NONE,NONE,0,1,C,YES,GROUP_RELEASES_RESOURCE,D_ROW
HIGH,32,moderate,6200,A,CFG0,CFG4,1,1,0,1,NONE,NONE,0,1,B,YES,GROUP_RELEASES_RESOURCE,A_ROW
HIGH,32,moderate,6203,A,CFG0,CFG4,1,1,0,1,NONE,NONE,0,1,C,YES,GROUP_RELEASES_RESOURCE,D_ROW
HIGH,32,moderate,6209,A,CFG0,CFG4,1,1,0,1,NONE,NONE,0,1,B,YES,GROUP_RELEASES_RESOURCE,A_ROW
HIGH,32,moderate,6221,A,CFG0,CFG4,1,1,0,1,NONE,NONE,0,1,B,YES,GROUP_RELEASES_RESOURCE,A_ROW
HIGH,32,moderate,6222,A,CFG0,CFG4,1,1,0,1,NONE,NONE,0,1,B,YES,GROUP_RELEASES_RESOURCE,A_ROW
HIGH,32,moderate,6232,A,CFG0,CFG4,1,3,0,1,NONE,NONE,0,1,C,YES,GROUP_RELEASES_RESOURCE,D_ROW
HIGH,32,moderate,6245,A,CFG0,CFG4,4,2,0,1,NONE,NONE,0,1,B,YES,GROUP_RELEASES_RESOURCE,A_ROW
HIGH,32,moderate,6260,A,CFG0,CFG4,1,1,0,1,NONE,NONE,0,1,B,YES,GROUP_RELEASES_RESOURCE,A_ROW
HIGH,32,moderate,6269,A,CFG0,CFG4,1,1,0,1,NONE,NONE,0,1,D,YES,GROUP_RELEASES_RESOURCE,C_COL
HIGH,32,moderate,6270,A,CFG0,CFG4,1,1,0,1,NONE,NONE,0,1,D,YES,GROUP_RELEASES_RESOURCE,C_COL
HIGH,32,moderate,6279,A,CFG0,CFG4,2,2,0,1,NONE,NONE,0,1,D,YES,GROUP_RELEASES_RESOURCE,C_COL
HIGH,32,moderate,6286,A,CFG0,CFG4,2,2,0,1,NONE,NONE,0,1,B,YES,GROUP_RELEASES_RESOURCE,A_ROW
HIGH,32,moderate,6290,A,CFG0,CFG4,1,1,0,1,NONE,NONE,0,1,B,YES,GROUP_RELEASES_RESOURCE,A_ROW
HIGH,32,moderate,6301,A,CFG0,CFG4,1,1,0,1,NONE,NONE,0,1,B,YES,GROUP_RELEASES_RESOURCE,A_ROW
HIGH,32,moderate,6307,A,CFG0,CFG4,1,1,0,1,NONE,NONE,0,1,B,YES,GROUP_RELEASES_RESOURCE,A_ROW
HIGH,32,moderate,6311,A,CFG0,CFG4,1,1,0,1,NONE,NONE,0,1,D,YES,GROUP_RELEASES_RESOURCE,C_COL
HIGH,32,moderate,6334,A,CFG0,CFG4,1,1,0,1,NONE,NONE,0,1,C,YES,GROUP_RELEASES_RESOURCE,D_ROW
HIGH,32,moderate,6339,A,CFG0,CFG4,1,1,0,1,NONE,NONE,0,1,C,YES,GROUP_RELEASES_RESOURCE,D_ROW
HIGH,32,moderate,6352,A,CFG0,CFG4,1,3,0,1,NONE,NONE,0,1,B,YES,GROUP_RELEASES_RESOURCE,A_ROW
HIGH,32,moderate,6359,A,CFG0,CFG4,1,1,0,1,NONE,NONE,0,1,B,YES,GROUP_RELEASES_RESOURCE,A_ROW
HIGH,32,moderate,6369,A,CFG0,CFG4,2,2,0,1,NONE,NONE,0,1,B,YES,GROUP_RELEASES_RESOURCE,A_ROW
HIGH,32,moderate,6373,A,CFG0,CFG4,2,1,0,1,NONE,NONE,0,1,C,YES,GROUP_RELEASES_RESOURCE,D_ROW
HIGH,32,moderate,6378,A,CFG0,CFG4,2,2,0,1,NONE,NONE,0,1,D,YES,GROUP_RELEASES_RESOURCE,C_COL
HIGH,32,moderate,6380,A,CFG0,CFG4,2,2,0,1,NONE,NONE,0,1,C,YES,GROUP_RELEASES_RESOURCE,D_ROW
HIGH,32,moderate,6386,A,CFG0,CFG4,1,1,0,1,NONE,NONE,0,1,C,YES,GROUP_RELEASES_RESOURCE,D_ROW
HIGH,32,moderate,6392,A,CFG0,CFG4,4,2,0,1,NONE,NONE,0,1,B,YES,GROUP_RELEASES_RESOURCE,A_ROW
HIGH,32,moderate,6408,A,CFG0,CFG4,2,1,0,1,NONE,NONE,0,1,B,YES,GROUP_RELEASES_RESOURCE,A_ROW
HIGH,32,moderate,6420,A,CFG0,CFG4,1,1,0,1,NONE,NONE,0,1,B,YES,GROUP_RELEASES_RESOURCE,A_ROW
HIGH,32,moderate,6421,A,CFG0,CFG4,2,2,0,1,NONE,NONE,0,1,B,YES,GROUP_RELEASES_RESOURCE,A_ROW
HIGH,32,moderate,6422,A,CFG0,CFG4,1,1,0,1,NONE,NONE,0,1,B,YES,GROUP_RELEASES_RESOURCE,A_ROW
HIGH,32,moderate,6434,A,CFG0,CFG4,1,1,0,1,NONE,NONE,0,1,C,YES,GROUP_RELEASES_RESOURCE,D_ROW
HIGH,32,moderate,6438,A,CFG0,CFG4,1,1,0,1,NONE,NONE,0,1,C,YES,GROUP_RELEASES_RESOURCE,D_ROW
HIGH,32,moderate,6449,A,CFG0,CFG4,2,2,0,1,NONE,NONE,0,1,C,YES,GROUP_RELEASES_RESOURCE,D_ROW
HIGH,32,moderate,6450,A,CFG0,CFG4,1,1,0,1,NONE,NONE,0,1,B,YES,GROUP_RELEASES_RESOURCE,A_ROW
HIGH,32,moderate,6453,A,CFG0,CFG4,1,1,0,1,NONE,NONE,0,1,D,YES,GROUP_RELEASES_RESOURCE,C_COL
HIGH,32,moderate,6468,A,CFG0,CFG4,1,1,0,1,NONE,NONE,0,1,C,YES,GROUP_RELEASES_RESOURCE,D_ROW
HIGH,32,moderate,6470,A,CFG0,CFG4,2,1,0,1,NONE,NONE,0,1,C,YES,GROUP_RELEASES_RESOURCE,D_ROW
HIGH,32,moderate,6472,A,CFG0,CFG4,1,1,0,1,NONE,NONE,0,1,C,YES,GROUP_RELEASES_RESOURCE,D_ROW
HIGH,32,moderate,6482,A,CFG0,CFG4,1,1,0,1,NONE,NONE,0,1,B,YES,GROUP_RELEASES_RESOURCE,A_ROW
HIGH,32,moderate,6493,A,CFG0,CFG4,2,2,0,1,NONE,NONE,0,1,D,YES,GROUP_RELEASES_RESOURCE,C_COL
HIGH,32,moderate,6496,A,CFG0,CFG4,2,2,0,1,NONE,NONE,0,1,B,YES,GROUP_RELEASES_RESOURCE,A_ROW
HIGH,32,moderate,6506,A,CFG0,CFG4,2,1,0,1,NONE,NONE,0,1,C,YES,GROUP_RELEASES_RESOURCE,D_ROW
HIGH,32,moderate,6517,A,CFG0,CFG4,1,1,0,1,NONE,NONE,0,1,B,YES,GROUP_RELEASES_RESOURCE,A_ROW
HIGH,32,moderate,6522,A,CFG0,CFG4,1,3,0,1,NONE,NONE,0,1,C,YES,GROUP_RELEASES_RESOURCE,D_ROW
HIGH,32,moderate,6533,A,CFG0,CFG4,2,1,0,1,NONE,NONE,0,1,B,YES,GROUP_RELEASES_RESOURCE,A_ROW
HIGH,32,moderate,6536,A,CFG0,CFG4,4,2,0,1,NONE,NONE,0,1,B,YES,GROUP_RELEASES_RESOURCE,A_ROW
HIGH,32,moderate,6549,A,CFG0,CFG4,2,2,0,1,NONE,NONE,0,1,B,YES,GROUP_RELEASES_RESOURCE,A_ROW
HIGH,32,moderate,6558,A,CFG0,CFG4,1,2,0,1,NONE,NONE,0,1,B,YES,GROUP_RELEASES_RESOURCE,A_ROW
HIGH,32,moderate,6566,A,CFG0,CFG4,1,1,0,1,NONE,NONE,0,1,B,YES,GROUP_RELEASES_RESOURCE,A_ROW
HIGH,32,moderate,6589,A,CFG0,CFG4,1,1,0,1,NONE,NONE,0,1,C,YES,GROUP_RELEASES_RESOURCE,D_ROW
HIGH,32,moderate,6591,A,CFG0,CFG4,1,1,0,1,NONE,NONE,0,1,B,YES,GROUP_RELEASES_RESOURCE,A_ROW
HIGH,32,moderate,6603,A,CFG0,CFG4,1,1,0,1,NONE,NONE,0,1,D,YES,GROUP_RELEASES_RESOURCE,C_COL
HIGH,32,moderate,6604,A,CFG0,CFG4,1,1,0,1,NONE,NONE,0,1,C,YES,GROUP_RELEASES_RESOURCE,D_ROW
HIGH,32,moderate,6609,A,CFG0,CFG4,1,1,0,1,NONE,NONE,0,1,B,YES,GROUP_RELEASES_RESOURCE,A_ROW
HIGH,32,moderate,6610,A,CFG0,CFG4,1,1,0,1,NONE,NONE,0,1,D,YES,GROUP_RELEASES_RESOURCE,C_COL
HIGH,32,moderate,6621,A,CFG0,CFG4,1,1,0,1,NONE,NONE,0,1,C,YES,GROUP_RELEASES_RESOURCE,D_ROW
HIGH,32,moderate,6625,A,CFG0,CFG4,1,1,0,1,NONE,NONE,0,1,C,YES,GROUP_RELEASES_RESOURCE,D_ROW
HIGH,32,moderate,6631,A,CFG0,CFG4,2,1,0,1,NONE,NONE,0,1,C,YES,GROUP_RELEASES_RESOURCE,D_ROW
HIGH,32,moderate,6633,A,CFG0,CFG4,2,2,0,1,NONE,NONE,0,1,B,YES,GROUP_RELEASES_RESOURCE,A_ROW
HIGH,32,moderate,6636,A,CFG0,CFG4,1,1,0,1,NONE,NONE,0,1,B,YES,GROUP_RELEASES_RESOURCE,A_ROW
HIGH,32,moderate,6637,A,CFG0,CFG4,4,2,0,1,NONE,NONE,0,1,B,YES,GROUP_RELEASES_RESOURCE,A_ROW
HIGH,32,moderate,6682,A,CFG0,CFG4,1,1,0,1,NONE,NONE,0,1,D,YES,GROUP_RELEASES_RESOURCE,C_COL
HIGH,32,moderate,6694,A,CFG0,CFG4,1,1,0,1,NONE,NONE,0,1,C,YES,GROUP_RELEASES_RESOURCE,D_ROW
HIGH,32,moderate,6717,A,CFG0,CFG4,1,1,0,1,NONE,NONE,0,1,B,YES,GROUP_RELEASES_RESOURCE,A_ROW
HIGH,32,moderate,6718,A,CFG0,CFG4,1,1,0,1,NONE,NONE,0,1,B,YES,GROUP_RELEASES_RESOURCE,A_ROW
HIGH,32,moderate,6739,A,CFG0,CFG4,4,2,0,1,NONE,NONE,0,1,D,YES,GROUP_RELEASES_RESOURCE,C_COL
HIGH,32,moderate,6747,A,CFG0,CFG4,1,1,0,1,NONE,NONE,0,1,C,YES,GROUP_RELEASES_RESOURCE,D_ROW
HIGH,32,moderate,6777,A,CFG0,CFG4,1,1,0,1,NONE,NONE,0,1,B,YES,GROUP_RELEASES_RESOURCE,A_ROW
HIGH,32,moderate,6778,A,CFG0,CFG4,1,1,0,1,NONE,NONE,0,1,C,YES,GROUP_RELEASES_RESOURCE,D_ROW
HIGH,32,moderate,6799,A,CFG0,CFG4,1,3,0,1,NONE,NONE,0,1,B,YES,GROUP_RELEASES_RESOURCE,A_ROW
HIGH,32,moderate,6801,A,CFG0,CFG4,1,1,0,1,NONE,NONE,0,1,B,YES,GROUP_RELEASES_RESOURCE,A_ROW
HIGH,32,moderate,6811,A,CFG0,CFG4,1,1,0,1,NONE,NONE,0,1,B,YES,GROUP_RELEASES_RESOURCE,A_ROW
HIGH,32,moderate,6816,A,CFG0,CFG4,1,1,0,1,NONE,NONE,0,1,B,YES,GROUP_RELEASES_RESOURCE,A_ROW
HIGH,32,moderate,6849,A,CFG0,CFG4,1,1,0,1,NONE,NONE,0,1,D,YES,GROUP_RELEASES_RESOURCE,C_COL
HIGH,32,moderate,6863,A,CFG0,CFG4,1,1,0,1,NONE,NONE,0,1,B,YES,GROUP_RELEASES_RESOURCE,A_ROW
HIGH,32,moderate,6867,A,CFG0,CFG4,1,1,0,1,NONE,NONE,0,1,D,YES,GROUP_RELEASES_RESOURCE,C_COL
HIGH,32,moderate,6890,A,CFG0,CFG4,1,1,0,1,NONE,NONE,0,1,D,YES,GROUP_RELEASES_RESOURCE,C_COL
HIGH,32,moderate,6896,A,CFG0,CFG4,1,1,0,1,NONE,NONE,0,1,C,YES,GROUP_RELEASES_RESOURCE,D_ROW
HIGH,32,moderate,6900,A,CFG0,CFG4,1,1,0,1,NONE,NONE,0,1,B,YES,GROUP_RELEASES_RESOURCE,A_ROW
HIGH,32,moderate,6905,A,CFG0,CFG4,1,1,0,1,NONE,NONE,0,1,C,YES,GROUP_RELEASES_RESOURCE,D_ROW
HIGH,32,moderate,6911,A,CFG0,CFG4,1,1,0,1,NONE,NONE,0,1,C,YES,GROUP_RELEASES_RESOURCE,D_ROW
HIGH,32,moderate,6942,A,CFG0,CFG4,2,2,0,1,NONE,NONE,0,1,B,YES,GROUP_RELEASES_RESOURCE,A_ROW
HIGH,32,moderate,6955,A,CFG0,CFG4,1,1,0,1,NONE,NONE,0,1,C,YES,GROUP_RELEASES_RESOURCE,D_ROW
HIGH,32,moderate,6967,A,CFG0,CFG4,1,3,0,1,NONE,NONE,0,1,C,YES,GROUP_RELEASES_RESOURCE,D_ROW
HIGH,32,moderate,6970,A,CFG0,CFG4,2,2,0,1,NONE,NONE,0,1,D,YES,GROUP_RELEASES_RESOURCE,C_COL
HIGH,32,moderate,6985,A,CFG0,CFG4,1,1,0,1,NONE,NONE,0,1,C,YES,GROUP_RELEASES_RESOURCE,D_ROW
HIGH,32,moderate,6997,A,CFG0,CFG4,1,1,0,1,NONE,NONE,0,1,B,YES,GROUP_RELEASES_RESOURCE,A_ROW
HIGH,32,moderate,6999,A,CFG0,CFG4,4,2,0,1,NONE,NONE,0,1,B,YES,GROUP_RELEASES_RESOURCE,A_ROW
HIGH,32,moderate,7002,A,CFG0,CFG4,1,1,0,1,NONE,NONE,0,1,B,YES,GROUP_RELEASES_RESOURCE,A_ROW
HIGH,32,moderate,7005,A,CFG0,CFG4,2,2,0,1,NONE,NONE,0,1,C,YES,GROUP_RELEASES_RESOURCE,D_ROW
HIGH,32,moderate,7025,A,CFG0,CFG4,2,2,0,1,NONE,NONE,0,1,B,YES,GROUP_RELEASES_RESOURCE,A_ROW
HIGH,32,moderate,7054,A,CFG0,CFG4,1,1,0,1,NONE,NONE,0,1,B,YES,GROUP_RELEASES_RESOURCE,A_ROW
HIGH,32,moderate,7059,A,CFG0,CFG4,1,1,0,1,NONE,NONE,0,1,B,YES,GROUP_RELEASES_RESOURCE,A_ROW
HIGH,32,moderate,7062,A,CFG0,CFG4,1,1,0,1,NONE,NONE,0,1,D,YES,GROUP_RELEASES_RESOURCE,C_COL
HIGH,32,moderate,7072,A,CFG0,CFG4,1,1,0,1,NONE,NONE,0,1,B,YES,GROUP_RELEASES_RESOURCE,A_ROW
HIGH,32,moderate,7094,A,CFG0,CFG4,1,1,0,1,NONE,NONE,0,1,C,YES,GROUP_RELEASES_RESOURCE,D_ROW
HIGH,32,moderate,7126,A,CFG0,CFG4,1,1,0,1,NONE,NONE,0,1,B,YES,GROUP_RELEASES_RESOURCE,A_ROW
HIGH,32,moderate,7128,A,CFG0,CFG4,1,2,0,1,NONE,NONE,0,1,D,YES,GROUP_RELEASES_RESOURCE,C_COL
HIGH,32,moderate,7149,A,CFG0,CFG4,4,2,0,1,NONE,NONE,0,1,B,YES,GROUP_RELEASES_RESOURCE,A_ROW
HIGH,32,moderate,7156,A,CFG0,CFG4,4,2,0,1,NONE,NONE,0,1,D,YES,GROUP_RELEASES_RESOURCE,C_COL
HIGH,32,moderate,7171,A,CFG0,CFG4,1,1,0,1,NONE,NONE,0,1,C,YES,GROUP_RELEASES_RESOURCE,D_ROW
HIGH,32,moderate,7177,A,CFG0,CFG4,1,1,0,1,NONE,NONE,0,1,B,YES,GROUP_RELEASES_RESOURCE,A_ROW
HIGH,32,moderate,7180,A,CFG0,CFG4,1,1,0,1,NONE,NONE,0,1,B,YES,GROUP_RELEASES_RESOURCE,A_ROW
HIGH,32,moderate,7186,A,CFG0,CFG4,2,1,0,1,NONE,NONE,0,1,D,YES,GROUP_RELEASES_RESOURCE,C_COL
HIGH,32,moderate,7191,A,CFG0,CFG4,2,2,0,1,NONE,NONE,0,1,B,YES,GROUP_RELEASES_RESOURCE,A_ROW
HIGH,32,moderate,7192,A,CFG0,CFG4,1,2,0,1,NONE,NONE,0,1,C,YES,GROUP_RELEASES_RESOURCE,D_ROW
HIGH,32,moderate,7201,A,CFG0,CFG4,1,1,0,1,NONE,NONE,0,1,D,YES,GROUP_RELEASES_RESOURCE,C_COL
HIGH,32,moderate,7202,A,CFG0,CFG4,1,1,0,1,NONE,NONE,0,1,B,YES,GROUP_RELEASES_RESOURCE,A_ROW
HIGH,32,moderate,7205,A,CFG0,CFG4,1,1,0,1,NONE,NONE,0,1,B,YES,GROUP_RELEASES_RESOURCE,A_ROW
HIGH,32,moderate,7206,A,CFG0,CFG4,2,2,0,1,NONE,NONE,0,1,B,YES,GROUP_RELEASES_RESOURCE,A_ROW
HIGH,32,moderate,7209,A,CFG0,CFG4,1,2,0,1,NONE,NONE,0,1,B,YES,GROUP_RELEASES_RESOURCE,A_ROW
HIGH,32,moderate,7211,A,CFG0,CFG4,2,1,0,1,NONE,NONE,0,1,B,YES,GROUP_RELEASES_RESOURCE,A_ROW
HIGH,32,moderate,7230,A,CFG0,CFG4,1,1,0,1,NONE,NONE,0,1,C,YES,GROUP_RELEASES_RESOURCE,D_ROW
HIGH,32,moderate,7239,A,CFG0,CFG4,1,2,0,1,NONE,NONE,0,1,B,YES,GROUP_RELEASES_RESOURCE,A_ROW
HIGH,32,moderate,7240,A,CFG0,CFG4,1,1,0,1,NONE,NONE,0,1,C,YES,GROUP_RELEASES_RESOURCE,D_ROW
HIGH,32,moderate,7250,A,CFG0,CFG4,1,3,0,1,NONE,NONE,0,1,C,YES,GROUP_RELEASES_RESOURCE,D_ROW
HIGH,32,moderate,7264,A,CFG0,CFG4,1,1,0,1,NONE,NONE,0,1,B,YES,GROUP_RELEASES_RESOURCE,A_ROW
HIGH,32,moderate,7303,A,CFG0,CFG4,1,1,0,1,NONE,NONE,0,1,B,YES,GROUP_RELEASES_RESOURCE,A_ROW
HIGH,32,moderate,7327,A,CFG0,CFG4,2,2,0,1,NONE,NONE,0,1,D,YES,GROUP_RELEASES_RESOURCE,C_COL
HIGH,32,moderate,7330,A,CFG0,CFG4,1,1,0,1,NONE,NONE,0,1,D,YES,GROUP_RELEASES_RESOURCE,C_COL
HIGH,32,moderate,7333,A,CFG0,CFG4,2,2,0,1,NONE,NONE,0,1,D,YES,GROUP_RELEASES_RESOURCE,C_COL
HIGH,32,moderate,7335,A,CFG0,CFG4,2,1,0,1,NONE,NONE,0,1,B,YES,GROUP_RELEASES_RESOURCE,A_ROW
HIGH,32,moderate,7337,A,CFG0,CFG4,1,1,0,1,NONE,NONE,0,1,B,YES,GROUP_RELEASES_RESOURCE,A_ROW
HIGH,32,moderate,7348,A,CFG0,CFG4,1,1,0,1,NONE,NONE,0,1,B,YES,GROUP_RELEASES_RESOURCE,A_ROW
HIGH,32,moderate,7358,A,CFG0,CFG4,2,2,0,1,NONE,NONE,0,1,B,YES,GROUP_RELEASES_RESOURCE,A_ROW
HIGH,32,moderate,7380,A,CFG0,CFG4,1,1,0,1,NONE,NONE,0,1,B,YES,GROUP_RELEASES_RESOURCE,A_ROW
HIGH,32,moderate,7387,A,CFG0,CFG4,2,2,0,1,NONE,NONE,0,1,B,YES,GROUP_RELEASES_RESOURCE,A_ROW
HIGH,32,moderate,7393,A,CFG0,CFG4,1,1,0,1,NONE,NONE,0,1,B,YES,GROUP_RELEASES_RESOURCE,A_ROW
HIGH,32,moderate,7402,A,CFG0,CFG4,1,1,0,1,NONE,NONE,0,1,D,YES,GROUP_RELEASES_RESOURCE,C_COL
HIGH,32,moderate,7414,A,CFG0,CFG4,1,2,0,1,NONE,NONE,0,1,B,YES,GROUP_RELEASES_RESOURCE,A_ROW
HIGH,32,moderate,7432,A,CFG0,CFG4,1,1,0,1,NONE,NONE,0,1,B,YES,GROUP_RELEASES_RESOURCE,A_ROW
HIGH,32,moderate,7436,A,CFG0,CFG4,1,1,0,1,NONE,NONE,0,1,C,YES,GROUP_RELEASES_RESOURCE,D_ROW
HIGH,32,moderate,7444,A,CFG0,CFG4,4,2,0,1,NONE,NONE,0,1,B,YES,GROUP_RELEASES_RESOURCE,A_ROW
HIGH,32,moderate,7466,A,CFG0,CFG4,1,1,0,1,NONE,NONE,0,1,B,YES,GROUP_RELEASES_RESOURCE,A_ROW
HIGH,32,moderate,7491,A,CFG0,CFG4,1,1,0,1,NONE,NONE,0,1,C,YES,GROUP_RELEASES_RESOURCE,D_ROW
HIGH,32,moderate,7501,A,CFG0,CFG4,2,2,0,1,NONE,NONE,0,1,D,YES,GROUP_RELEASES_RESOURCE,C_COL
HIGH,32,moderate,7502,A,CFG0,CFG4,1,1,0,1,NONE,NONE,0,1,D,YES,GROUP_RELEASES_RESOURCE,C_COL
HIGH,32,moderate,7510,A,CFG0,CFG4,1,1,0,1,NONE,NONE,0,1,B,YES,GROUP_RELEASES_RESOURCE,A_ROW
HIGH,32,moderate,7529,A,CFG0,CFG4,1,1,0,1,NONE,NONE,0,1,C,YES,GROUP_RELEASES_RESOURCE,D_ROW
HIGH,32,moderate,7533,A,CFG0,CFG4,1,1,0,1,NONE,NONE,0,1,D,YES,GROUP_RELEASES_RESOURCE,C_COL
HIGH,32,moderate,7558,A,CFG0,CFG4,1,1,0,1,NONE,NONE,0,1,B,YES,GROUP_RELEASES_RESOURCE,A_ROW
HIGH,32,moderate,7562,A,CFG0,CFG4,2,2,0,1,NONE,NONE,0,1,B,YES,GROUP_RELEASES_RESOURCE,A_ROW
HIGH,32,moderate,7563,A,CFG0,CFG4,1,1,0,1,NONE,NONE,0,1,B,YES,GROUP_RELEASES_RESOURCE,A_ROW
HIGH,32,moderate,7565,A,CFG0,CFG4,1,2,0,1,NONE,NONE,0,1,D,YES,GROUP_RELEASES_RESOURCE,C_COL
HIGH,32,moderate,7568,A,CFG0,CFG4,1,1,0,1,NONE,NONE,0,1,B,YES,GROUP_RELEASES_RESOURCE,A_ROW
HIGH,32,moderate,7569,A,CFG0,CFG4,2,2,0,1,NONE,NONE,0,1,B,YES,GROUP_RELEASES_RESOURCE,A_ROW
HIGH,32,moderate,7571,A,CFG0,CFG4,1,1,0,1,NONE,NONE,0,1,C,YES,GROUP_RELEASES_RESOURCE,D_ROW
HIGH,32,moderate,7575,A,CFG0,CFG4,2,1,0,1,NONE,NONE,0,1,C,YES,GROUP_RELEASES_RESOURCE,D_ROW
HIGH,32,moderate,7577,A,CFG0,CFG4,2,2,0,1,NONE,NONE,0,1,D,YES,GROUP_RELEASES_RESOURCE,C_COL
HIGH,32,moderate,7587,A,CFG0,CFG4,2,2,0,1,NONE,NONE,0,1,D,YES,GROUP_RELEASES_RESOURCE,C_COL
HIGH,32,moderate,7593,A,CFG0,CFG4,2,2,0,1,NONE,NONE,0,1,B,YES,GROUP_RELEASES_RESOURCE,A_ROW
HIGH,32,moderate,7601,A,CFG0,CFG4,1,1,0,1,NONE,NONE,0,1,D,YES,GROUP_RELEASES_RESOURCE,C_COL
HIGH,32,moderate,7617,A,CFG0,CFG4,2,2,0,1,NONE,NONE,0,1,D,YES,GROUP_RELEASES_RESOURCE,C_COL
HIGH,32,moderate,7618,A,CFG0,CFG4,1,1,0,1,NONE,NONE,0,1,C,YES,GROUP_RELEASES_RESOURCE,D_ROW
HIGH,32,moderate,7621,A,CFG0,CFG4,1,1,0,1,NONE,NONE,0,1,D,YES,GROUP_RELEASES_RESOURCE,C_COL
HIGH,32,moderate,7623,A,CFG0,CFG4,4,2,0,1,NONE,NONE,0,1,B,YES,GROUP_RELEASES_RESOURCE,A_ROW
HIGH,32,moderate,7635,A,CFG0,CFG4,1,1,0,1,NONE,NONE,0,1,B,YES,GROUP_RELEASES_RESOURCE,A_ROW
HIGH,32,moderate,7676,A,CFG0,CFG4,1,1,0,1,NONE,NONE,0,1,D,YES,GROUP_RELEASES_RESOURCE,C_COL
HIGH,32,moderate,7678,A,CFG0,CFG4,1,1,0,1,NONE,NONE,0,1,C,YES,GROUP_RELEASES_RESOURCE,D_ROW
HIGH,32,moderate,7684,A,CFG0,CFG4,1,1,0,1,NONE,NONE,0,1,C,YES,GROUP_RELEASES_RESOURCE,D_ROW
HIGH,32,moderate,7691,A,CFG0,CFG4,1,1,0,1,NONE,NONE,0,1,B,YES,GROUP_RELEASES_RESOURCE,A_ROW
HIGH,32,moderate,7695,A,CFG0,CFG4,1,1,0,1,NONE,NONE,0,1,C,YES,GROUP_RELEASES_RESOURCE,D_ROW
HIGH,32,moderate,7701,A,CFG0,CFG4,2,1,0,1,NONE,NONE,0,1,B,YES,GROUP_RELEASES_RESOURCE,A_ROW
HIGH,32,moderate,7703,A,CFG0,CFG4,1,1,0,1,NONE,NONE,0,1,C,YES,GROUP_RELEASES_RESOURCE,D_ROW
HIGH,32,moderate,7705,A,CFG0,CFG4,2,2,0,1,NONE,NONE,0,1,C,YES,GROUP_RELEASES_RESOURCE,D_ROW
HIGH,32,moderate,7718,A,CFG0,CFG4,1,1,0,1,NONE,NONE,0,1,C,YES,GROUP_RELEASES_RESOURCE,D_ROW
HIGH,32,moderate,7731,A,CFG0,CFG4,1,1,0,1,NONE,NONE,0,1,B,YES,GROUP_RELEASES_RESOURCE,A_ROW
HIGH,32,moderate,7738,A,CFG0,CFG4,1,1,0,1,NONE,NONE,0,1,D,YES,GROUP_RELEASES_RESOURCE,C_COL
HIGH,32,moderate,7739,A,CFG0,CFG4,1,1,0,1,NONE,NONE,0,1,B,YES,GROUP_RELEASES_RESOURCE,A_ROW
HIGH,32,moderate,7755,A,CFG0,CFG4,2,2,0,1,NONE,NONE,0,1,B,YES,GROUP_RELEASES_RESOURCE,A_ROW
HIGH,32,moderate,7769,A,CFG0,CFG4,2,1,0,1,NONE,NONE,0,1,C,YES,GROUP_RELEASES_RESOURCE,D_ROW
HIGH,32,moderate,7779,A,CFG0,CFG4,2,1,0,1,NONE,NONE,0,1,B,YES,GROUP_RELEASES_RESOURCE,A_ROW
HIGH,32,moderate,7781,A,CFG0,CFG4,1,1,0,1,NONE,NONE,0,1,B,YES,GROUP_RELEASES_RESOURCE,A_ROW
HIGH,32,moderate,7796,A,CFG0,CFG4,1,3,0,1,NONE,NONE,0,1,C,YES,GROUP_RELEASES_RESOURCE,D_ROW
HIGH,32,moderate,7798,A,CFG0,CFG4,1,1,0,1,NONE,NONE,0,1,D,YES,GROUP_RELEASES_RESOURCE,C_COL
HIGH,32,moderate,7800,A,CFG0,CFG4,2,2,0,1,NONE,NONE,0,1,C,YES,GROUP_RELEASES_RESOURCE,D_ROW
HIGH,32,moderate,7814,A,CFG0,CFG4,2,2,0,1,NONE,NONE,0,1,C,YES,GROUP_RELEASES_RESOURCE,D_ROW
HIGH,32,moderate,7826,A,CFG0,CFG4,4,2,0,1,NONE,NONE,0,1,B,YES,GROUP_RELEASES_RESOURCE,A_ROW
HIGH,32,moderate,7848,A,CFG0,CFG4,1,1,0,1,NONE,NONE,0,1,B,YES,GROUP_RELEASES_RESOURCE,A_ROW
HIGH,32,moderate,7854,A,CFG0,CFG4,1,1,0,1,NONE,NONE,0,1,D,YES,GROUP_RELEASES_RESOURCE,C_COL
HIGH,32,moderate,7855,A,CFG0,CFG4,1,1,0,1,NONE,NONE,0,1,B,YES,GROUP_RELEASES_RESOURCE,A_ROW
HIGH,32,moderate,7907,A,CFG0,CFG4,1,1,0,1,NONE,NONE,0,1,C,YES,GROUP_RELEASES_RESOURCE,D_ROW
HIGH,32,moderate,7912,A,CFG0,CFG4,2,2,0,1,NONE,NONE,0,1,D,YES,GROUP_RELEASES_RESOURCE,C_COL
HIGH,32,moderate,7931,A,CFG0,CFG4,4,2,0,1,NONE,NONE,0,1,B,YES,GROUP_RELEASES_RESOURCE,A_ROW
HIGH,32,moderate,7932,A,CFG0,CFG4,2,2,0,1,NONE,NONE,0,1,C,YES,GROUP_RELEASES_RESOURCE,D_ROW
HIGH,32,moderate,7944,A,CFG0,CFG4,1,1,0,1,NONE,NONE,0,1,D,YES,GROUP_RELEASES_RESOURCE,C_COL
HIGH,32,moderate,7961,A,CFG0,CFG4,2,2,0,1,NONE,NONE,0,1,C,YES,GROUP_RELEASES_RESOURCE,D_ROW
HIGH,32,moderate,7968,A,CFG0,CFG4,1,1,0,1,NONE,NONE,0,1,C,YES,GROUP_RELEASES_RESOURCE,D_ROW
HIGH,32,moderate,7981,A,CFG0,CFG4,2,2,0,1,NONE,NONE,0,1,C,YES,GROUP_RELEASES_RESOURCE,D_ROW
HIGH,32,moderate,7983,A,CFG0,CFG4,1,2,0,1,NONE,NONE,0,1,B,YES,GROUP_RELEASES_RESOURCE,A_ROW
HIGH,32,moderate,7988,A,CFG0,CFG4,2,2,0,1,NONE,NONE,0,1,B,YES,GROUP_RELEASES_RESOURCE,A_ROW
HIGH,32,moderate,7989,A,CFG0,CFG4,2,2,0,1,NONE,NONE,0,1,B,YES,GROUP_RELEASES_RESOURCE,A_ROW
HIGH,32,moderate,8002,A,CFG0,CFG4,1,1,0,1,NONE,NONE,0,1,B,YES,GROUP_RELEASES_RESOURCE,A_ROW
HIGH,32,moderate,8010,A,CFG0,CFG4,1,1,0,1,NONE,NONE,0,1,B,YES,GROUP_RELEASES_RESOURCE,A_ROW
HIGH,32,moderate,8013,A,CFG0,CFG4,1,1,0,1,NONE,NONE,0,1,B,YES,GROUP_RELEASES_RESOURCE,A_ROW
HIGH,32,moderate,8018,A,CFG0,CFG4,1,1,0,1,NONE,NONE,0,1,B,YES,GROUP_RELEASES_RESOURCE,A_ROW
HIGH,32,moderate,8025,A,CFG0,CFG4,1,1,0,1,NONE,NONE,0,1,C,YES,GROUP_RELEASES_RESOURCE,D_ROW
HIGH,32,moderate,8026,A,CFG0,CFG4,1,1,0,1,NONE,NONE,0,1,B,YES,GROUP_RELEASES_RESOURCE,A_ROW
HIGH,32,moderate,8046,A,CFG0,CFG4,2,2,0,1,NONE,NONE,0,1,B,YES,GROUP_RELEASES_RESOURCE,A_ROW
HIGH,32,moderate,8052,A,CFG0,CFG4,1,1,0,1,NONE,NONE,0,1,D,YES,GROUP_RELEASES_RESOURCE,C_COL
HIGH,32,moderate,8072,A,CFG0,CFG4,1,1,0,1,NONE,NONE,0,1,B,YES,GROUP_RELEASES_RESOURCE,A_ROW
HIGH,32,moderate,8107,A,CFG0,CFG4,1,1,0,1,NONE,NONE,0,1,C,YES,GROUP_RELEASES_RESOURCE,D_ROW
HIGH,32,moderate,8117,A,CFG0,CFG4,1,3,0,1,NONE,NONE,0,1,B,YES,GROUP_RELEASES_RESOURCE,A_ROW
HIGH,32,moderate,8129,A,CFG0,CFG4,1,1,0,1,NONE,NONE,0,1,D,YES,GROUP_RELEASES_RESOURCE,C_COL
HIGH,32,moderate,8133,A,CFG0,CFG4,2,2,0,1,NONE,NONE,0,1,B,YES,GROUP_RELEASES_RESOURCE,A_ROW
HIGH,32,moderate,8137,A,CFG0,CFG4,1,1,0,1,NONE,NONE,0,1,C,YES,GROUP_RELEASES_RESOURCE,D_ROW
HIGH,32,moderate,8149,A,CFG0,CFG4,1,1,0,1,NONE,NONE,0,1,C,YES,GROUP_RELEASES_RESOURCE,D_ROW
HIGH,32,moderate,8150,A,CFG0,CFG4,2,1,0,1,NONE,NONE,0,1,C,YES,GROUP_RELEASES_RESOURCE,D_ROW
HIGH,32,moderate,8163,A,CFG0,CFG4,1,1,0,1,NONE,NONE,0,1,B,YES,GROUP_RELEASES_RESOURCE,A_ROW
HIGH,32,moderate,8182,A,CFG0,CFG4,1,3,0,1,NONE,NONE,0,1,B,YES,GROUP_RELEASES_RESOURCE,A_ROW
HIGH,32,moderate,8216,A,CFG0,CFG4,1,1,0,1,NONE,NONE,0,1,C,YES,GROUP_RELEASES_RESOURCE,D_ROW
HIGH,32,moderate,8229,A,CFG0,CFG4,1,1,0,1,NONE,NONE,0,1,D,YES,GROUP_RELEASES_RESOURCE,C_COL
HIGH,32,moderate,8231,A,CFG0,CFG4,2,2,0,1,NONE,NONE,0,1,B,YES,GROUP_RELEASES_RESOURCE,A_ROW
HIGH,32,moderate,8235,A,CFG0,CFG4,1,1,0,1,NONE,NONE,0,1,D,YES,GROUP_RELEASES_RESOURCE,C_COL
HIGH,32,moderate,8237,A,CFG0,CFG4,2,2,0,1,NONE,NONE,0,1,D,YES,GROUP_RELEASES_RESOURCE,C_COL
HIGH,32,moderate,8240,A,CFG0,CFG4,1,1,0,1,NONE,NONE,0,1,C,YES,GROUP_RELEASES_RESOURCE,D_ROW
HIGH,32,moderate,8241,A,CFG0,CFG4,1,1,0,1,NONE,NONE,0,1,B,YES,GROUP_RELEASES_RESOURCE,A_ROW
HIGH,32,moderate,8246,A,CFG0,CFG4,1,1,0,1,NONE,NONE,0,1,B,YES,GROUP_RELEASES_RESOURCE,A_ROW
HIGH,32,moderate,8269,A,CFG0,CFG4,1,1,0,1,NONE,NONE,0,1,B,YES,GROUP_RELEASES_RESOURCE,A_ROW
HIGH,32,moderate,8314,A,CFG0,CFG4,1,1,0,1,NONE,NONE,0,1,C,YES,GROUP_RELEASES_RESOURCE,D_ROW
HIGH,32,moderate,8326,A,CFG0,CFG4,1,1,0,1,NONE,NONE,0,1,C,YES,GROUP_RELEASES_RESOURCE,D_ROW
HIGH,32,moderate,8337,A,CFG0,CFG4,1,1,0,1,NONE,NONE,0,1,B,YES,GROUP_RELEASES_RESOURCE,A_ROW
HIGH,32,moderate,8352,A,CFG0,CFG4,1,1,0,1,NONE,NONE,0,1,B,YES,GROUP_RELEASES_RESOURCE,A_ROW
HIGH,32,moderate,8363,A,CFG0,CFG4,1,1,0,1,NONE,NONE,0,1,B,YES,GROUP_RELEASES_RESOURCE,A_ROW
HIGH,32,moderate,8374,A,CFG0,CFG4,1,2,0,1,NONE,NONE,0,1,B,YES,GROUP_RELEASES_RESOURCE,A_ROW
HIGH,32,moderate,8379,A,CFG0,CFG4,2,1,0,1,NONE,NONE,0,1,C,YES,GROUP_RELEASES_RESOURCE,D_ROW
HIGH,32,moderate,8393,A,CFG0,CFG4,1,1,0,1,NONE,NONE,0,1,D,YES,GROUP_RELEASES_RESOURCE,C_COL
HIGH,32,moderate,8415,A,CFG0,CFG4,2,2,0,1,NONE,NONE,0,1,C,YES,GROUP_RELEASES_RESOURCE,D_ROW
HIGH,32,moderate,8448,A,CFG0,CFG4,1,1,0,1,NONE,NONE,0,1,C,YES,GROUP_RELEASES_RESOURCE,D_ROW
HIGH,32,moderate,8462,A,CFG0,CFG4,1,1,0,1,NONE,NONE,0,1,D,YES,GROUP_RELEASES_RESOURCE,C_COL
HIGH,32,moderate,8470,A,CFG0,CFG4,1,1,0,1,NONE,NONE,0,1,B,YES,GROUP_RELEASES_RESOURCE,A_ROW
HIGH,32,moderate,8473,A,CFG0,CFG4,1,1,0,1,NONE,NONE,0,1,C,YES,GROUP_RELEASES_RESOURCE,D_ROW
HIGH,32,moderate,8497,A,CFG0,CFG4,1,3,0,1,NONE,NONE,0,1,C,YES,GROUP_RELEASES_RESOURCE,D_ROW
HIGH,32,moderate,8505,A,CFG0,CFG4,1,1,0,1,NONE,NONE,0,1,C,YES,GROUP_RELEASES_RESOURCE,D_ROW
HIGH,32,moderate,8528,A,CFG0,CFG4,1,1,0,1,NONE,NONE,0,1,B,YES,GROUP_RELEASES_RESOURCE,A_ROW
HIGH,32,moderate,8571,A,CFG0,CFG4,1,1,0,1,NONE,NONE,0,1,B,YES,GROUP_RELEASES_RESOURCE,A_ROW
HIGH,32,moderate,8577,A,CFG0,CFG4,1,1,0,1,NONE,NONE,0,1,B,YES,GROUP_RELEASES_RESOURCE,A_ROW
HIGH,32,moderate,8593,A,CFG0,CFG4,1,1,0,1,NONE,NONE,0,1,C,YES,GROUP_RELEASES_RESOURCE,D_ROW
HIGH,32,moderate,8606,A,CFG0,CFG4,4,2,0,1,NONE,NONE,0,1,C,YES,GROUP_RELEASES_RESOURCE,D_ROW
HIGH,32,moderate,8619,A,CFG0,CFG4,1,1,0,1,NONE,NONE,0,1,D,YES,GROUP_RELEASES_RESOURCE,C_COL
HIGH,32,moderate,8642,A,CFG0,CFG4,1,1,0,1,NONE,NONE,0,1,C,YES,GROUP_RELEASES_RESOURCE,D_ROW
HIGH,32,moderate,8643,A,CFG0,CFG4,1,1,0,1,NONE,NONE,0,1,D,YES,GROUP_RELEASES_RESOURCE,C_COL
HIGH,32,moderate,8645,A,CFG0,CFG4,4,2,0,1,NONE,NONE,0,1,B,YES,GROUP_RELEASES_RESOURCE,A_ROW
HIGH,32,moderate,8652,A,CFG0,CFG4,1,1,0,1,NONE,NONE,0,1,D,YES,GROUP_RELEASES_RESOURCE,C_COL
HIGH,32,moderate,8666,A,CFG0,CFG4,1,1,0,1,NONE,NONE,0,1,C,YES,GROUP_RELEASES_RESOURCE,D_ROW
HIGH,32,moderate,8669,A,CFG0,CFG4,2,2,0,1,NONE,NONE,0,1,D,YES,GROUP_RELEASES_RESOURCE,C_COL
HIGH,32,moderate,8677,A,CFG0,CFG4,1,1,0,1,NONE,NONE,0,1,B,YES,GROUP_RELEASES_RESOURCE,A_ROW
HIGH,32,moderate,8678,A,CFG0,CFG4,1,1,0,1,NONE,NONE,0,1,D,YES,GROUP_RELEASES_RESOURCE,C_COL
HIGH,32,moderate,8713,A,CFG0,CFG4,1,1,0,1,NONE,NONE,0,1,C,YES,GROUP_RELEASES_RESOURCE,D_ROW
HIGH,32,moderate,8720,A,CFG0,CFG4,1,1,0,1,NONE,NONE,0,1,B,YES,GROUP_RELEASES_RESOURCE,A_ROW
HIGH,32,moderate,8730,A,CFG0,CFG4,1,1,0,1,NONE,NONE,0,1,B,YES,GROUP_RELEASES_RESOURCE,A_ROW
HIGH,32,moderate,8740,A,CFG0,CFG4,2,2,0,1,NONE,NONE,0,1,D,YES,GROUP_RELEASES_RESOURCE,C_COL
HIGH,32,moderate,8745,A,CFG0,CFG4,2,2,0,1,NONE,NONE,0,1,D,YES,GROUP_RELEASES_RESOURCE,C_COL
HIGH,32,moderate,8749,A,CFG0,CFG4,2,2,0,1,NONE,NONE,0,1,D,YES,GROUP_RELEASES_RESOURCE,C_COL
HIGH,32,moderate,8751,A,CFG0,CFG4,1,1,0,1,NONE,NONE,0,1,D,YES,GROUP_RELEASES_RESOURCE,C_COL
HIGH,32,moderate,8756,A,CFG0,CFG4,1,1,0,1,NONE,NONE,0,1,B,YES,GROUP_RELEASES_RESOURCE,A_ROW
HIGH,32,moderate,8766,A,CFG0,CFG4,2,2,0,1,NONE,NONE,0,1,B,YES,GROUP_RELEASES_RESOURCE,A_ROW
HIGH,32,moderate,8774,A,CFG0,CFG4,1,1,0,1,NONE,NONE,0,1,D,YES,GROUP_RELEASES_RESOURCE,C_COL
HIGH,32,moderate,8776,A,CFG0,CFG4,1,1,0,1,NONE,NONE,0,1,B,YES,GROUP_RELEASES_RESOURCE,A_ROW
HIGH,32,moderate,8795,A,CFG0,CFG4,2,2,0,1,NONE,NONE,0,1,D,YES,GROUP_RELEASES_RESOURCE,C_COL
HIGH,32,moderate,8797,A,CFG0,CFG4,1,1,0,1,NONE,NONE,0,1,C,YES,GROUP_RELEASES_RESOURCE,D_ROW
HIGH,32,moderate,8808,A,CFG0,CFG4,1,1,0,1,NONE,NONE,0,1,C,YES,GROUP_RELEASES_RESOURCE,D_ROW
HIGH,32,moderate,8821,A,CFG0,CFG4,2,1,0,1,NONE,NONE,0,1,B,YES,GROUP_RELEASES_RESOURCE,A_ROW
HIGH,32,moderate,8838,A,CFG0,CFG4,1,1,0,1,NONE,NONE,0,1,B,YES,GROUP_RELEASES_RESOURCE,A_ROW
HIGH,32,moderate,8839,A,CFG0,CFG4,1,1,0,1,NONE,NONE,0,1,B,YES,GROUP_RELEASES_RESOURCE,A_ROW
HIGH,32,moderate,8845,A,CFG0,CFG4,1,1,0,1,NONE,NONE,0,1,B,YES,GROUP_RELEASES_RESOURCE,A_ROW
HIGH,32,moderate,8847,A,CFG0,CFG4,1,1,0,1,NONE,NONE,0,1,B,YES,GROUP_RELEASES_RESOURCE,A_ROW
HIGH,32,moderate,8852,A,CFG0,CFG4,1,1,0,1,NONE,NONE,0,1,D,YES,GROUP_RELEASES_RESOURCE,C_COL
HIGH,32,moderate,8871,A,CFG0,CFG4,2,2,0,1,NONE,NONE,0,1,B,YES,GROUP_RELEASES_RESOURCE,A_ROW
HIGH,32,moderate,8876,A,CFG0,CFG4,2,2,0,1,NONE,NONE,0,1,C,YES,GROUP_RELEASES_RESOURCE,D_ROW
HIGH,32,moderate,8884,A,CFG0,CFG4,2,2,0,1,NONE,NONE,0,1,C,YES,GROUP_RELEASES_RESOURCE,D_ROW
HIGH,32,moderate,8886,A,CFG0,CFG4,1,1,0,1,NONE,NONE,0,1,C,YES,GROUP_RELEASES_RESOURCE,D_ROW
HIGH,32,moderate,8889,A,CFG0,CFG4,1,1,0,1,NONE,NONE,0,1,D,YES,GROUP_RELEASES_RESOURCE,C_COL
HIGH,32,moderate,8893,A,CFG0,CFG4,2,1,0,1,NONE,NONE,0,1,D,YES,GROUP_RELEASES_RESOURCE,C_COL
HIGH,32,moderate,8917,A,CFG0,CFG4,1,1,0,1,NONE,NONE,0,1,C,YES,GROUP_RELEASES_RESOURCE,D_ROW
HIGH,32,moderate,8937,A,CFG0,CFG4,2,2,0,1,NONE,NONE,0,1,B,YES,GROUP_RELEASES_RESOURCE,A_ROW
HIGH,32,moderate,8957,A,CFG0,CFG4,2,2,0,1,NONE,NONE,0,1,C,YES,GROUP_RELEASES_RESOURCE,D_ROW
HIGH,32,moderate,8969,A,CFG0,CFG4,2,1,0,1,NONE,NONE,0,1,C,YES,GROUP_RELEASES_RESOURCE,D_ROW
HIGH,32,moderate,8972,A,CFG0,CFG4,1,1,0,1,NONE,NONE,0,1,B,YES,GROUP_RELEASES_RESOURCE,A_ROW
HIGH,32,moderate,8978,A,CFG0,CFG4,2,1,0,1,NONE,NONE,0,1,B,YES,GROUP_RELEASES_RESOURCE,A_ROW
HIGH,32,moderate,8985,A,CFG0,CFG4,2,1,0,1,NONE,NONE,0,1,B,YES,GROUP_RELEASES_RESOURCE,A_ROW
HIGH,32,moderate,9039,A,CFG0,CFG4,1,3,0,1,NONE,NONE,0,1,B,YES,GROUP_RELEASES_RESOURCE,A_ROW
HIGH,32,moderate,9047,A,CFG0,CFG4,2,2,0,1,NONE,NONE,0,1,B,YES,GROUP_RELEASES_RESOURCE,A_ROW
HIGH,32,moderate,9056,A,CFG0,CFG4,4,2,0,1,NONE,NONE,0,1,B,YES,GROUP_RELEASES_RESOURCE,A_ROW
HIGH,32,moderate,9057,A,CFG0,CFG4,2,2,0,1,NONE,NONE,0,1,D,YES,GROUP_RELEASES_RESOURCE,C_COL
HIGH,32,moderate,9072,A,CFG0,CFG4,1,1,0,1,NONE,NONE,0,1,C,YES,GROUP_RELEASES_RESOURCE,D_ROW
HIGH,32,moderate,9077,A,CFG0,CFG4,1,1,0,1,NONE,NONE,0,1,C,YES,GROUP_RELEASES_RESOURCE,D_ROW
HIGH,32,moderate,9079,A,CFG0,CFG4,1,1,0,1,NONE,NONE,0,1,B,YES,GROUP_RELEASES_RESOURCE,A_ROW
HIGH,32,moderate,9083,A,CFG0,CFG4,1,1,0,1,NONE,NONE,0,1,B,YES,GROUP_RELEASES_RESOURCE,A_ROW
HIGH,32,moderate,9103,A,CFG0,CFG4,4,2,0,1,NONE,NONE,0,1,C,YES,GROUP_RELEASES_RESOURCE,D_ROW
HIGH,32,moderate,9116,A,CFG0,CFG4,1,1,0,1,NONE,NONE,0,1,C,YES,GROUP_RELEASES_RESOURCE,D_ROW
HIGH,32,moderate,9121,A,CFG0,CFG4,1,1,0,1,NONE,NONE,0,1,B,YES,GROUP_RELEASES_RESOURCE,A_ROW
HIGH,32,moderate,9125,A,CFG0,CFG4,1,1,0,1,NONE,NONE,0,1,C,YES,GROUP_RELEASES_RESOURCE,D_ROW
HIGH,32,moderate,9136,A,CFG0,CFG4,2,2,0,1,NONE,NONE,0,1,C,YES,GROUP_RELEASES_RESOURCE,D_ROW
HIGH,32,moderate,9140,A,CFG0,CFG4,1,1,0,1,NONE,NONE,0,1,B,YES,GROUP_RELEASES_RESOURCE,A_ROW
HIGH,32,moderate,9143,A,CFG0,CFG4,1,1,0,1,NONE,NONE,0,1,B,YES,GROUP_RELEASES_RESOURCE,A_ROW
HIGH,32,moderate,9164,A,CFG0,CFG4,1,2,0,1,NONE,NONE,0,1,B,YES,GROUP_RELEASES_RESOURCE,A_ROW
HIGH,32,moderate,9172,A,CFG0,CFG4,1,1,0,1,NONE,NONE,0,1,C,YES,GROUP_RELEASES_RESOURCE,D_ROW
HIGH,32,moderate,9199,A,CFG0,CFG4,2,2,0,1,NONE,NONE,0,1,B,YES,GROUP_RELEASES_RESOURCE,A_ROW
HIGH,32,moderate,9205,A,CFG0,CFG4,1,1,0,1,NONE,NONE,0,1,B,YES,GROUP_RELEASES_RESOURCE,A_ROW
HIGH,32,moderate,9219,A,CFG0,CFG4,1,3,0,1,NONE,NONE,0,1,C,YES,GROUP_RELEASES_RESOURCE,D_ROW
HIGH,32,moderate,9224,A,CFG0,CFG4,1,1,0,1,NONE,NONE,0,1,C,YES,GROUP_RELEASES_RESOURCE,D_ROW
HIGH,32,moderate,9225,A,CFG0,CFG4,1,1,0,1,NONE,NONE,0,1,D,YES,GROUP_RELEASES_RESOURCE,C_COL
HIGH,32,moderate,9230,A,CFG0,CFG4,2,2,0,1,NONE,NONE,0,1,C,YES,GROUP_RELEASES_RESOURCE,D_ROW
HIGH,32,moderate,9234,A,CFG0,CFG4,1,1,0,1,NONE,NONE,0,1,D,YES,GROUP_RELEASES_RESOURCE,C_COL
HIGH,32,moderate,9236,A,CFG0,CFG4,1,1,0,1,NONE,NONE,0,1,B,YES,GROUP_RELEASES_RESOURCE,A_ROW
HIGH,32,moderate,9245,A,CFG0,CFG4,1,1,0,1,NONE,NONE,0,1,D,YES,GROUP_RELEASES_RESOURCE,C_COL
HIGH,32,moderate,9262,A,CFG0,CFG4,1,1,0,1,NONE,NONE,0,1,B,YES,GROUP_RELEASES_RESOURCE,A_ROW
HIGH,32,moderate,9264,A,CFG0,CFG4,1,1,0,1,NONE,NONE,0,1,C,YES,GROUP_RELEASES_RESOURCE,D_ROW
HIGH,32,moderate,9267,A,CFG0,CFG4,1,1,0,1,NONE,NONE,0,1,D,YES,GROUP_RELEASES_RESOURCE,C_COL
HIGH,32,moderate,9269,A,CFG0,CFG4,1,1,0,1,NONE,NONE,0,1,C,YES,GROUP_RELEASES_RESOURCE,D_ROW
HIGH,32,moderate,9272,A,CFG0,CFG4,1,1,0,1,NONE,NONE,0,1,D,YES,GROUP_RELEASES_RESOURCE,C_COL
HIGH,32,moderate,9274,A,CFG0,CFG4,1,1,0,1,NONE,NONE,0,1,B,YES,GROUP_RELEASES_RESOURCE,A_ROW
HIGH,32,moderate,9280,A,CFG0,CFG4,2,2,0,1,NONE,NONE,0,1,B,YES,GROUP_RELEASES_RESOURCE,A_ROW
HIGH,32,moderate,9287,A,CFG0,CFG4,1,1,0,1,NONE,NONE,0,1,B,YES,GROUP_RELEASES_RESOURCE,A_ROW
HIGH,32,moderate,9300,A,CFG0,CFG4,1,1,0,1,NONE,NONE,0,1,B,YES,GROUP_RELEASES_RESOURCE,A_ROW
HIGH,32,moderate,9311,A,CFG0,CFG4,1,1,0,1,NONE,NONE,0,1,D,YES,GROUP_RELEASES_RESOURCE,C_COL
HIGH,32,moderate,9315,A,CFG0,CFG4,1,1,0,1,NONE,NONE,0,1,C,YES,GROUP_RELEASES_RESOURCE,D_ROW
HIGH,32,moderate,9317,A,CFG0,CFG4,2,2,0,1,NONE,NONE,0,1,C,YES,GROUP_RELEASES_RESOURCE,D_ROW
HIGH,32,moderate,9325,A,CFG0,CFG4,1,1,0,1,NONE,NONE,0,1,C,YES,GROUP_RELEASES_RESOURCE,D_ROW
HIGH,32,moderate,9346,A,CFG0,CFG4,1,1,0,1,NONE,NONE,0,1,C,YES,GROUP_RELEASES_RESOURCE,D_ROW
HIGH,32,moderate,9354,A,CFG0,CFG4,1,3,0,1,NONE,NONE,0,1,D,YES,GROUP_RELEASES_RESOURCE,C_COL
HIGH,32,moderate,9358,A,CFG0,CFG4,2,2,0,1,NONE,NONE,0,1,D,YES,GROUP_RELEASES_RESOURCE,C_COL
HIGH,32,moderate,9359,A,CFG0,CFG4,1,1,0,1,NONE,NONE,0,1,C,YES,GROUP_RELEASES_RESOURCE,D_ROW
HIGH,32,moderate,9370,A,CFG0,CFG4,1,1,0,1,NONE,NONE,0,1,D,YES,GROUP_RELEASES_RESOURCE,C_COL
HIGH,32,moderate,9372,A,CFG0,CFG4,1,1,0,1,NONE,NONE,0,1,B,YES,GROUP_RELEASES_RESOURCE,A_ROW
HIGH,32,moderate,9379,A,CFG0,CFG4,1,1,0,1,NONE,NONE,0,1,C,YES,GROUP_RELEASES_RESOURCE,D_ROW
HIGH,32,moderate,9388,A,CFG0,CFG4,1,1,0,1,NONE,NONE,0,1,B,YES,GROUP_RELEASES_RESOURCE,A_ROW
HIGH,32,moderate,9389,A,CFG0,CFG4,1,1,0,1,NONE,NONE,0,1,D,YES,GROUP_RELEASES_RESOURCE,C_COL
HIGH,32,moderate,9391,A,CFG0,CFG4,1,1,0,1,NONE,NONE,0,1,B,YES,GROUP_RELEASES_RESOURCE,A_ROW
HIGH,32,moderate,9395,A,CFG0,CFG4,2,1,0,1,NONE,NONE,0,1,B,YES,GROUP_RELEASES_RESOURCE,A_ROW
HIGH,32,moderate,9400,A,CFG0,CFG4,1,1,0,1,NONE,NONE,0,1,B,YES,GROUP_RELEASES_RESOURCE,A_ROW
HIGH,32,moderate,9423,A,CFG0,CFG4,1,1,0,1,NONE,NONE,0,1,B,YES,GROUP_RELEASES_RESOURCE,A_ROW
HIGH,32,moderate,9446,A,CFG0,CFG4,1,3,0,1,NONE,NONE,0,1,B,YES,GROUP_RELEASES_RESOURCE,A_ROW
HIGH,32,moderate,9449,A,CFG0,CFG4,1,1,0,1,NONE,NONE,0,1,B,YES,GROUP_RELEASES_RESOURCE,A_ROW
HIGH,32,moderate,9463,A,CFG0,CFG4,2,1,0,1,NONE,NONE,0,1,D,YES,GROUP_RELEASES_RESOURCE,C_COL
HIGH,32,moderate,9470,A,CFG0,CFG4,1,1,0,1,NONE,NONE,0,1,C,YES,GROUP_RELEASES_RESOURCE,D_ROW
HIGH,32,moderate,9475,A,CFG0,CFG4,2,1,0,1,NONE,NONE,0,1,C,YES,GROUP_RELEASES_RESOURCE,D_ROW
HIGH,32,moderate,9479,A,CFG0,CFG4,1,1,0,1,NONE,NONE,0,1,B,YES,GROUP_RELEASES_RESOURCE,A_ROW
HIGH,32,moderate,9487,A,CFG0,CFG4,2,2,0,1,NONE,NONE,0,1,D,YES,GROUP_RELEASES_RESOURCE,C_COL
HIGH,32,moderate,9489,A,CFG0,CFG4,1,1,0,1,NONE,NONE,0,1,C,YES,GROUP_RELEASES_RESOURCE,D_ROW
HIGH,32,moderate,9491,A,CFG0,CFG4,2,2,0,1,NONE,NONE,0,1,C,YES,GROUP_RELEASES_RESOURCE,D_ROW
HIGH,32,moderate,9500,A,CFG0,CFG4,1,1,0,1,NONE,NONE,0,1,C,YES,GROUP_RELEASES_RESOURCE,D_ROW
HIGH,32,moderate,9501,A,CFG0,CFG4,1,1,0,1,NONE,NONE,0,1,D,YES,GROUP_RELEASES_RESOURCE,C_COL
HIGH,32,moderate,9503,A,CFG0,CFG4,1,1,0,1,NONE,NONE,0,1,D,YES,GROUP_RELEASES_RESOURCE,C_COL
HIGH,32,moderate,9507,A,CFG0,CFG4,2,2,0,1,NONE,NONE,0,1,B,YES,GROUP_RELEASES_RESOURCE,A_ROW
HIGH,32,moderate,9517,A,CFG0,CFG4,1,1,0,1,NONE,NONE,0,1,B,YES,GROUP_RELEASES_RESOURCE,A_ROW
HIGH,32,moderate,9520,A,CFG0,CFG4,2,1,0,1,NONE,NONE,0,1,B,YES,GROUP_RELEASES_RESOURCE,A_ROW
HIGH,32,moderate,9536,A,CFG0,CFG4,4,2,0,1,NONE,NONE,0,1,D,YES,GROUP_RELEASES_RESOURCE,C_COL
HIGH,32,moderate,9539,A,CFG0,CFG4,1,1,0,1,NONE,NONE,0,1,B,YES,GROUP_RELEASES_RESOURCE,A_ROW
HIGH,32,moderate,9544,A,CFG0,CFG4,1,1,0,1,NONE,NONE,0,1,B,YES,GROUP_RELEASES_RESOURCE,A_ROW
HIGH,32,moderate,9561,A,CFG0,CFG4,1,3,0,1,NONE,NONE,0,1,C,YES,GROUP_RELEASES_RESOURCE,D_ROW
HIGH,32,moderate,9565,A,CFG0,CFG4,1,1,0,1,NONE,NONE,0,1,C,YES,GROUP_RELEASES_RESOURCE,D_ROW
HIGH,32,moderate,9567,A,CFG0,CFG4,2,1,0,1,NONE,NONE,0,1,C,YES,GROUP_RELEASES_RESOURCE,D_ROW
HIGH,32,moderate,9568,A,CFG0,CFG4,1,1,0,1,NONE,NONE,0,1,C,YES,GROUP_RELEASES_RESOURCE,D_ROW
HIGH,32,moderate,9577,A,CFG0,CFG4,1,1,0,1,NONE,NONE,0,1,D,YES,GROUP_RELEASES_RESOURCE,C_COL
HIGH,32,moderate,9592,A,CFG0,CFG4,1,1,0,1,NONE,NONE,0,1,C,YES,GROUP_RELEASES_RESOURCE,D_ROW
HIGH,32,moderate,9601,A,CFG0,CFG4,1,1,0,1,NONE,NONE,0,1,B,YES,GROUP_RELEASES_RESOURCE,A_ROW
HIGH,32,moderate,9604,A,CFG0,CFG4,1,1,0,1,NONE,NONE,0,1,D,YES,GROUP_RELEASES_RESOURCE,C_COL
HIGH,32,moderate,9642,A,CFG0,CFG4,1,1,0,1,NONE,NONE,0,1,D,YES,GROUP_RELEASES_RESOURCE,C_COL
HIGH,32,moderate,9653,A,CFG0,CFG4,1,1,0,1,NONE,NONE,0,1,C,YES,GROUP_RELEASES_RESOURCE,D_ROW
HIGH,32,moderate,9658,A,CFG0,CFG4,1,1,0,1,NONE,NONE,0,1,B,YES,GROUP_RELEASES_RESOURCE,A_ROW
HIGH,32,moderate,9669,A,CFG0,CFG4,1,1,0,1,NONE,NONE,0,1,C,YES,GROUP_RELEASES_RESOURCE,D_ROW
HIGH,32,moderate,9670,A,CFG0,CFG4,1,1,0,1,NONE,NONE,0,1,D,YES,GROUP_RELEASES_RESOURCE,C_COL
HIGH,32,moderate,9703,A,CFG0,CFG4,2,2,0,1,NONE,NONE,0,1,B,YES,GROUP_RELEASES_RESOURCE,A_ROW
HIGH,32,moderate,9707,A,CFG0,CFG4,1,3,0,1,NONE,NONE,0,1,C,YES,GROUP_RELEASES_RESOURCE,D_ROW
HIGH,32,moderate,9708,A,CFG0,CFG4,1,1,0,1,NONE,NONE,0,1,B,YES,GROUP_RELEASES_RESOURCE,A_ROW
HIGH,32,moderate,9711,A,CFG0,CFG4,1,1,0,1,NONE,NONE,0,1,B,YES,GROUP_RELEASES_RESOURCE,A_ROW
HIGH,32,moderate,9727,A,CFG0,CFG4,1,2,0,1,NONE,NONE,0,1,D,YES,GROUP_RELEASES_RESOURCE,C_COL
HIGH,32,moderate,9734,A,CFG0,CFG4,1,1,0,1,NONE,NONE,0,1,B,YES,GROUP_RELEASES_RESOURCE,A_ROW
HIGH,32,moderate,9741,A,CFG0,CFG4,2,2,0,1,NONE,NONE,0,1,B,YES,GROUP_RELEASES_RESOURCE,A_ROW
HIGH,32,moderate,9745,A,CFG0,CFG4,1,1,0,1,NONE,NONE,0,1,B,YES,GROUP_RELEASES_RESOURCE,A_ROW
HIGH,32,moderate,9753,A,CFG0,CFG4,4,2,0,1,NONE,NONE,0,1,B,YES,GROUP_RELEASES_RESOURCE,A_ROW
HIGH,32,moderate,9758,A,CFG0,CFG4,1,1,0,1,NONE,NONE,0,1,B,YES,GROUP_RELEASES_RESOURCE,A_ROW
HIGH,32,moderate,9783,A,CFG0,CFG4,1,1,0,1,NONE,NONE,0,1,B,YES,GROUP_RELEASES_RESOURCE,A_ROW
HIGH,32,moderate,9797,A,CFG0,CFG4,2,1,0,1,NONE,NONE,0,1,D,YES,GROUP_RELEASES_RESOURCE,C_COL
HIGH,32,moderate,9799,A,CFG0,CFG4,1,1,0,1,NONE,NONE,0,1,B,YES,GROUP_RELEASES_RESOURCE,A_ROW
HIGH,32,moderate,9806,A,CFG0,CFG4,2,1,0,1,NONE,NONE,0,1,C,YES,GROUP_RELEASES_RESOURCE,D_ROW
HIGH,32,moderate,9829,A,CFG0,CFG4,1,1,0,1,NONE,NONE,0,1,B,YES,GROUP_RELEASES_RESOURCE,A_ROW
HIGH,32,moderate,9841,A,CFG0,CFG4,2,2,0,1,NONE,NONE,0,1,C,YES,GROUP_RELEASES_RESOURCE,D_ROW
HIGH,32,moderate,9850,A,CFG0,CFG4,2,2,0,1,NONE,NONE,0,1,B,YES,GROUP_RELEASES_RESOURCE,A_ROW
HIGH,32,moderate,9862,A,CFG0,CFG4,1,1,0,1,NONE,NONE,0,1,D,YES,GROUP_RELEASES_RESOURCE,C_COL
HIGH,32,moderate,9867,A,CFG0,CFG4,1,1,0,1,NONE,NONE,0,1,B,YES,GROUP_RELEASES_RESOURCE,A_ROW
HIGH,32,moderate,9894,A,CFG0,CFG4,1,1,0,1,NONE,NONE,0,1,B,YES,GROUP_RELEASES_RESOURCE,A_ROW
HIGH,32,moderate,9904,A,CFG0,CFG4,2,2,0,1,NONE,NONE,0,1,D,YES,GROUP_RELEASES_RESOURCE,C_COL
HIGH,32,moderate,9912,A,CFG0,CFG4,2,2,0,1,NONE,NONE,0,1,B,YES,GROUP_RELEASES_RESOURCE,A_ROW
HIGH,32,moderate,9919,A,CFG0,CFG4,1,1,0,1,NONE,NONE,0,1,C,YES,GROUP_RELEASES_RESOURCE,D_ROW
HIGH,32,moderate,9925,A,CFG0,CFG4,1,1,0,1,NONE,NONE,0,1,C,YES,GROUP_RELEASES_RESOURCE,D_ROW
HIGH,32,moderate,9926,A,CFG0,CFG4,1,1,0,1,NONE,NONE,0,1,B,YES,GROUP_RELEASES_RESOURCE,A_ROW
HIGH,32,moderate,9940,A,CFG0,CFG4,2,2,0,1,NONE,NONE,0,1,C,YES,GROUP_RELEASES_RESOURCE,D_ROW
HIGH,32,moderate,9947,A,CFG0,CFG4,1,1,0,1,NONE,NONE,0,1,C,YES,GROUP_RELEASES_RESOURCE,D_ROW
HIGH,32,moderate,9956,A,CFG0,CFG4,1,1,0,1,NONE,NONE,0,1,B,YES,GROUP_RELEASES_RESOURCE,A_ROW
HIGH,32,moderate,9957,A,CFG0,CFG4,1,2,0,1,NONE,NONE,0,1,C,YES,GROUP_RELEASES_RESOURCE,D_ROW
HIGH,32,moderate,9970,A,CFG0,CFG4,2,1,0,1,NONE,NONE,0,1,C,YES,GROUP_RELEASES_RESOURCE,D_ROW
HIGH,32,moderate,9978,A,CFG0,CFG4,1,1,0,1,NONE,NONE,0,1,B,YES,GROUP_RELEASES_RESOURCE,A_ROW
HIGH,32,moderate,9991,A,CFG0,CFG4,1,1,0,1,NONE,NONE,0,1,B,YES,GROUP_RELEASES_RESOURCE,A_ROW
HIGH,32,moderate,9993,A,CFG0,CFG4,1,1,0,1,NONE,NONE,0,1,D,YES,GROUP_RELEASES_RESOURCE,C_COL
MEDIUM,20,uniform,906,A,CFG0,CFG4,1,1,0,1,NONE,NONE,0,1,D,YES,GROUP_RELEASES_RESOURCE,C_COL
MEDIUM,20,uniform,1286,A,CFG0,CFG4,2,1,0,1,NONE,NONE,0,1,B,YES,GROUP_RELEASES_RESOURCE,A_ROW
MEDIUM,20,uniform,1432,A,CFG0,CFG4,4,2,0,1,NONE,NONE,0,1,D,YES,GROUP_RELEASES_RESOURCE,C_COL
MEDIUM,20,uniform,1480,A,CFG0,CFG4,2,1,0,1,NONE,NONE,0,1,D,YES,GROUP_RELEASES_RESOURCE,C_COL
MEDIUM,20,uniform,1826,A,CFG0,CFG4,2,2,0,1,NONE,NONE,0,1,D,YES,GROUP_RELEASES_RESOURCE,C_COL
MEDIUM,20,uniform,1848,A,CFG0,CFG4,2,1,0,1,NONE,NONE,0,1,D,YES,GROUP_RELEASES_RESOURCE,C_COL
MEDIUM,20,uniform,2057,A,CFG0,CFG4,2,1,0,1,NONE,NONE,0,1,D,YES,GROUP_RELEASES_RESOURCE,C_COL
MEDIUM,20,uniform,2270,A,CFG0,CFG4,4,2,0,1,NONE,NONE,0,1,B,YES,GROUP_RELEASES_RESOURCE,A_ROW
MEDIUM,20,uniform,2295,A,CFG0,CFG4,4,3,0,1,NONE,NONE,0,1,D,YES,GROUP_RELEASES_RESOURCE,C_COL
MEDIUM,20,uniform,2325,A,CFG0,CFG4,1,1,0,1,NONE,NONE,0,1,B,YES,GROUP_RELEASES_RESOURCE,A_ROW
MEDIUM,20,uniform,2364,A,CFG0,CFG4,4,2,0,1,NONE,NONE,0,1,B,YES,GROUP_RELEASES_RESOURCE,A_ROW
MEDIUM,20,uniform,2449,A,CFG0,CFG4,1,1,0,1,NONE,NONE,0,1,B,YES,GROUP_RELEASES_RESOURCE,A_ROW
MEDIUM,20,uniform,2734,A,CFG0,CFG4,1,1,0,1,NONE,NONE,0,1,B,YES,GROUP_RELEASES_RESOURCE,A_ROW
MEDIUM,20,uniform,3056,A,CFG0,CFG4,1,1,0,1,NONE,NONE,0,1,C,YES,GROUP_RELEASES_RESOURCE,D_ROW
MEDIUM,20,uniform,3082,A,CFG0,CFG4,1,1,0,1,NONE,NONE,0,1,B,YES,GROUP_RELEASES_RESOURCE,A_ROW
MEDIUM,20,uniform,3266,A,CFG0,CFG4,1,1,0,1,NONE,NONE,0,1,B,YES,GROUP_RELEASES_RESOURCE,A_ROW
MEDIUM,20,uniform,3622,A,CFG0,CFG4,1,2,0,1,NONE,NONE,0,1,D,YES,GROUP_RELEASES_RESOURCE,C_COL
MEDIUM,20,uniform,3707,A,CFG0,CFG4,1,1,0,1,NONE,NONE,0,1,D,YES,GROUP_RELEASES_RESOURCE,C_COL
MEDIUM,20,uniform,4003,A,CFG0,CFG4,1,1,0,1,NONE,NONE,0,1,B,YES,GROUP_RELEASES_RESOURCE,A_ROW
MEDIUM,20,uniform,4571,A,CFG0,CFG4,1,2,0,1,NONE,NONE,0,1,B,YES,GROUP_RELEASES_RESOURCE,A_ROW
MEDIUM,20,uniform,5589,A,CFG0,CFG4,1,1,0,1,NONE,NONE,0,1,C,YES,GROUP_RELEASES_RESOURCE,D_ROW
MEDIUM,20,uniform,6443,A,CFG0,CFG4,4,2,0,1,NONE,NONE,0,1,B,YES,GROUP_RELEASES_RESOURCE,A_ROW
MEDIUM,20,uniform,6539,A,CFG0,CFG4,1,1,0,1,NONE,NONE,0,1,D,YES,GROUP_RELEASES_RESOURCE,C_COL
MEDIUM,20,uniform,7115,A,CFG0,CFG4,1,2,0,1,NONE,NONE,0,1,C,YES,GROUP_RELEASES_RESOURCE,D_ROW
MEDIUM,20,uniform,7160,A,CFG0,CFG4,4,2,0,1,NONE,NONE,0,1,B,YES,GROUP_RELEASES_RESOURCE,A_ROW
MEDIUM,20,uniform,7285,A,CFG0,CFG4,2,3,0,1,NONE,NONE,0,1,B,YES,GROUP_RELEASES_RESOURCE,A_ROW
MEDIUM,20,uniform,7395,A,CFG0,CFG4,1,1,0,1,NONE,NONE,0,1,D,YES,GROUP_RELEASES_RESOURCE,C_COL
MEDIUM,20,uniform,7846,A,CFG0,CFG4,1,2,0,1,NONE,NONE,0,1,D,YES,GROUP_RELEASES_RESOURCE,C_COL
MEDIUM,20,uniform,8127,A,CFG0,CFG4,4,2,0,1,NONE,NONE,0,1,B,YES,GROUP_RELEASES_RESOURCE,A_ROW
MEDIUM,20,uniform,8389,A,CFG0,CFG4,3,1,0,1,NONE,NONE,0,1,C,YES,GROUP_RELEASES_RESOURCE,D_ROW
MEDIUM,20,uniform,9014,A,CFG0,CFG4,1,1,0,1,NONE,NONE,0,1,B,YES,GROUP_RELEASES_RESOURCE,A_ROW
MEDIUM,20,uniform,9088,A,CFG0,CFG4,2,1,0,1,NONE,NONE,0,1,B,YES,GROUP_RELEASES_RESOURCE,A_ROW
MEDIUM,20,uniform,9387,A,CFG0,CFG4,1,1,0,1,NONE,NONE,0,1,C,YES,GROUP_RELEASES_RESOURCE,D_ROW
MEDIUM,20,uniform,9743,A,CFG0,CFG4,4,2,0,1,NONE,NONE,0,1,C,YES,GROUP_RELEASES_RESOURCE,D_ROW
MEDIUM,20,uniform,9918,A,CFG0,CFG4,1,1,0,1,NONE,NONE,0,1,D,YES,GROUP_RELEASES_RESOURCE,C_COL
MEDIUM,20,uniform,9924,A,CFG0,CFG4,1,1,0,1,NONE,NONE,0,1,C,YES,GROUP_RELEASES_RESOURCE,D_ROW
MEDIUM,20,uniform,9952,A,CFG0,CFG4,4,2,0,1,NONE,NONE,0,1,C,YES,GROUP_RELEASES_RESOURCE,D_ROW
MEDIUM,20,strong,19,A,CFG0,CFG4,1,1,0,1,NONE,NONE,0,1,D,YES,GROUP_RELEASES_RESOURCE,C_COL
MEDIUM,20,strong,37,A,CFG0,CFG4,1,1,0,1,NONE,NONE,0,1,D,YES,GROUP_RELEASES_RESOURCE,C_COL
MEDIUM,20,strong,52,A,CFG0,CFG4,1,1,0,1,NONE,NONE,0,1,D,YES,GROUP_RELEASES_RESOURCE,C_COL
MEDIUM,20,strong,72,A,CFG0,CFG4,1,1,0,1,NONE,NONE,0,1,D,YES,GROUP_RELEASES_RESOURCE,C_COL
MEDIUM,20,strong,75,A,CFG0,CFG4,1,1,0,1,NONE,NONE,0,1,D,YES,GROUP_RELEASES_RESOURCE,C_COL
MEDIUM,20,strong,78,A,CFG0,CFG4,1,1,0,1,NONE,NONE,0,1,D,YES,GROUP_RELEASES_RESOURCE,C_COL
MEDIUM,20,strong,84,A,CFG0,CFG4,1,1,0,1,NONE,NONE,0,1,D,YES,GROUP_RELEASES_RESOURCE,C_COL
MEDIUM,20,strong,86,A,CFG0,CFG4,1,1,0,1,NONE,NONE,0,1,D,YES,GROUP_RELEASES_RESOURCE,C_COL
MEDIUM,20,strong,154,A,CFG0,CFG4,1,1,0,1,NONE,NONE,0,1,D,YES,GROUP_RELEASES_RESOURCE,C_COL
MEDIUM,20,strong,160,A,CFG0,CFG4,1,1,0,1,NONE,NONE,0,1,D,YES,GROUP_RELEASES_RESOURCE,C_COL
MEDIUM,20,strong,211,A,CFG0,CFG4,1,1,0,1,NONE,NONE,0,1,D,YES,GROUP_RELEASES_RESOURCE,C_COL
MEDIUM,20,strong,221,A,CFG0,CFG4,1,1,0,1,NONE,NONE,0,1,D,YES,GROUP_RELEASES_RESOURCE,C_COL
MEDIUM,20,strong,225,A,CFG0,CFG4,1,1,0,1,NONE,NONE,0,1,D,YES,GROUP_RELEASES_RESOURCE,C_COL
MEDIUM,20,strong,249,A,CFG0,CFG4,1,1,0,1,NONE,NONE,0,1,D,YES,GROUP_RELEASES_RESOURCE,C_COL
MEDIUM,20,strong,282,A,CFG0,CFG4,1,1,0,1,NONE,NONE,0,1,D,YES,GROUP_RELEASES_RESOURCE,C_COL
MEDIUM,20,strong,288,A,CFG0,CFG4,1,1,0,1,NONE,NONE,0,1,D,YES,GROUP_RELEASES_RESOURCE,C_COL
MEDIUM,20,strong,324,A,CFG0,CFG4,1,1,0,1,NONE,NONE,0,1,D,YES,GROUP_RELEASES_RESOURCE,C_COL
MEDIUM,20,strong,339,A,CFG0,CFG4,1,1,0,1,NONE,NONE,0,1,D,YES,GROUP_RELEASES_RESOURCE,C_COL
MEDIUM,20,strong,347,A,CFG0,CFG4,1,1,0,1,NONE,NONE,0,1,D,YES,GROUP_RELEASES_RESOURCE,C_COL
MEDIUM,20,strong,350,A,CFG0,CFG4,1,1,0,1,NONE,NONE,0,1,D,YES,GROUP_RELEASES_RESOURCE,C_COL
MEDIUM,20,strong,377,A,CFG0,CFG4,1,1,0,1,NONE,NONE,0,1,D,YES,GROUP_RELEASES_RESOURCE,C_COL
MEDIUM,20,strong,404,A,CFG0,CFG4,1,1,0,1,NONE,NONE,0,1,D,YES,GROUP_RELEASES_RESOURCE,C_COL
MEDIUM,20,strong,435,A,CFG0,CFG4,1,1,0,1,NONE,NONE,0,1,D,YES,GROUP_RELEASES_RESOURCE,C_COL
MEDIUM,20,strong,440,A,CFG0,CFG4,1,1,0,1,NONE,NONE,0,1,D,YES,GROUP_RELEASES_RESOURCE,C_COL
MEDIUM,20,strong,468,A,CFG0,CFG4,1,1,0,1,NONE,NONE,0,1,D,YES,GROUP_RELEASES_RESOURCE,C_COL
MEDIUM,20,strong,529,A,CFG0,CFG4,1,1,0,1,NONE,NONE,0,1,D,YES,GROUP_RELEASES_RESOURCE,C_COL
MEDIUM,20,strong,547,A,CFG0,CFG4,1,1,0,1,NONE,NONE,0,1,D,YES,GROUP_RELEASES_RESOURCE,C_COL
MEDIUM,20,strong,548,A,CFG0,CFG4,1,1,0,1,NONE,NONE,0,1,D,YES,GROUP_RELEASES_RESOURCE,C_COL
MEDIUM,20,strong,571,A,CFG0,CFG4,1,1,0,1,NONE,NONE,0,1,D,YES,GROUP_RELEASES_RESOURCE,C_COL
MEDIUM,20,strong,615,A,CFG0,CFG4,1,1,0,1,NONE,NONE,0,1,D,YES,GROUP_RELEASES_RESOURCE,C_COL
MEDIUM,20,strong,640,A,CFG0,CFG4,1,1,0,1,NONE,NONE,0,1,D,YES,GROUP_RELEASES_RESOURCE,C_COL
MEDIUM,20,strong,654,A,CFG0,CFG4,1,1,0,1,NONE,NONE,0,1,D,YES,GROUP_RELEASES_RESOURCE,C_COL
MEDIUM,20,strong,681,A,CFG0,CFG4,1,1,0,1,NONE,NONE,0,1,D,YES,GROUP_RELEASES_RESOURCE,C_COL
MEDIUM,20,strong,689,A,CFG0,CFG4,1,1,0,1,NONE,NONE,0,1,D,YES,GROUP_RELEASES_RESOURCE,C_COL
MEDIUM,20,strong,696,A,CFG0,CFG4,1,1,0,1,NONE,NONE,0,1,D,YES,GROUP_RELEASES_RESOURCE,C_COL
MEDIUM,20,strong,789,A,CFG0,CFG4,1,1,0,1,NONE,NONE,0,1,D,YES,GROUP_RELEASES_RESOURCE,C_COL
MEDIUM,20,strong,798,A,CFG0,CFG4,1,1,0,1,NONE,NONE,0,1,D,YES,GROUP_RELEASES_RESOURCE,C_COL
MEDIUM,20,strong,801,A,CFG0,CFG4,1,1,0,1,NONE,NONE,0,1,D,YES,GROUP_RELEASES_RESOURCE,C_COL
MEDIUM,20,strong,814,A,CFG0,CFG4,1,1,0,1,NONE,NONE,0,1,D,YES,GROUP_RELEASES_RESOURCE,C_COL
MEDIUM,20,strong,816,A,CFG0,CFG4,1,1,0,1,NONE,NONE,0,1,D,YES,GROUP_RELEASES_RESOURCE,C_COL
MEDIUM,20,strong,820,A,CFG0,CFG4,1,1,0,1,NONE,NONE,0,1,D,YES,GROUP_RELEASES_RESOURCE,C_COL
MEDIUM,20,strong,833,A,CFG0,CFG4,1,1,0,1,NONE,NONE,0,1,D,YES,GROUP_RELEASES_RESOURCE,C_COL
MEDIUM,20,strong,848,A,CFG0,CFG4,1,1,0,1,NONE,NONE,0,1,D,YES,GROUP_RELEASES_RESOURCE,C_COL
MEDIUM,20,strong,929,A,CFG0,CFG4,1,1,0,1,NONE,NONE,0,1,D,YES,GROUP_RELEASES_RESOURCE,C_COL
MEDIUM,20,strong,967,A,CFG0,CFG4,1,1,0,1,NONE,NONE,0,1,D,YES,GROUP_RELEASES_RESOURCE,C_COL
MEDIUM,20,strong,976,A,CFG0,CFG4,1,1,0,1,NONE,NONE,0,1,D,YES,GROUP_RELEASES_RESOURCE,C_COL
MEDIUM,20,strong,1000,A,CFG0,CFG4,1,1,0,1,NONE,NONE,0,1,D,YES,GROUP_RELEASES_RESOURCE,C_COL
MEDIUM,20,strong,1042,A,CFG0,CFG4,1,1,0,1,NONE,NONE,0,1,D,YES,GROUP_RELEASES_RESOURCE,C_COL
MEDIUM,20,strong,1079,A,CFG0,CFG4,1,1,0,1,NONE,NONE,0,1,D,YES,GROUP_RELEASES_RESOURCE,C_COL
MEDIUM,20,strong,1151,A,CFG0,CFG4,1,1,0,1,NONE,NONE,0,1,D,YES,GROUP_RELEASES_RESOURCE,C_COL
MEDIUM,20,strong,1154,A,CFG0,CFG4,1,1,0,1,NONE,NONE,0,1,D,YES,GROUP_RELEASES_RESOURCE,C_COL
MEDIUM,20,strong,1183,A,CFG0,CFG4,1,1,0,1,NONE,NONE,0,1,D,YES,GROUP_RELEASES_RESOURCE,C_COL
MEDIUM,20,strong,1192,A,CFG0,CFG4,1,1,0,1,NONE,NONE,0,1,D,YES,GROUP_RELEASES_RESOURCE,C_COL
MEDIUM,20,strong,1256,A,CFG0,CFG4,1,1,0,1,NONE,NONE,0,1,D,YES,GROUP_RELEASES_RESOURCE,C_COL
MEDIUM,20,strong,1274,A,CFG0,CFG4,1,1,0,1,NONE,NONE,0,1,D,YES,GROUP_RELEASES_RESOURCE,C_COL
MEDIUM,20,strong,1278,A,CFG0,CFG4,1,1,0,1,NONE,NONE,0,1,D,YES,GROUP_RELEASES_RESOURCE,C_COL
MEDIUM,20,strong,1290,A,CFG0,CFG4,1,1,0,1,NONE,NONE,0,1,D,YES,GROUP_RELEASES_RESOURCE,C_COL
MEDIUM,20,strong,1300,A,CFG0,CFG4,1,1,0,1,NONE,NONE,0,1,D,YES,GROUP_RELEASES_RESOURCE,C_COL
MEDIUM,20,strong,1301,A,CFG0,CFG4,1,1,0,1,NONE,NONE,0,1,D,YES,GROUP_RELEASES_RESOURCE,C_COL
MEDIUM,20,strong,1315,A,CFG0,CFG4,1,1,0,1,NONE,NONE,0,1,D,YES,GROUP_RELEASES_RESOURCE,C_COL
MEDIUM,20,strong,1323,A,CFG0,CFG4,1,1,0,1,NONE,NONE,0,1,D,YES,GROUP_RELEASES_RESOURCE,C_COL
MEDIUM,20,strong,1341,A,CFG0,CFG4,1,1,0,1,NONE,NONE,0,1,D,YES,GROUP_RELEASES_RESOURCE,C_COL
MEDIUM,20,strong,1399,A,CFG0,CFG4,1,1,0,1,NONE,NONE,0,1,D,YES,GROUP_RELEASES_RESOURCE,C_COL
MEDIUM,20,strong,1425,A,CFG0,CFG4,1,1,0,1,NONE,NONE,0,1,D,YES,GROUP_RELEASES_RESOURCE,C_COL
MEDIUM,20,strong,1448,A,CFG0,CFG4,1,1,0,1,NONE,NONE,0,1,D,YES,GROUP_RELEASES_RESOURCE,C_COL
MEDIUM,20,strong,1456,A,CFG0,CFG4,1,1,0,1,NONE,NONE,0,1,D,YES,GROUP_RELEASES_RESOURCE,C_COL
MEDIUM,20,strong,1474,A,CFG0,CFG4,1,1,0,1,NONE,NONE,0,1,D,YES,GROUP_RELEASES_RESOURCE,C_COL
MEDIUM,20,strong,1479,A,CFG0,CFG4,1,1,0,1,NONE,NONE,0,1,D,YES,GROUP_RELEASES_RESOURCE,C_COL
MEDIUM,20,strong,1495,A,CFG0,CFG4,1,1,0,1,NONE,NONE,0,1,D,YES,GROUP_RELEASES_RESOURCE,C_COL
MEDIUM,20,strong,1503,A,CFG0,CFG4,1,1,0,1,NONE,NONE,0,1,D,YES,GROUP_RELEASES_RESOURCE,C_COL
MEDIUM,20,strong,1509,A,CFG0,CFG4,1,1,0,1,NONE,NONE,0,1,D,YES,GROUP_RELEASES_RESOURCE,C_COL
MEDIUM,20,strong,1525,A,CFG0,CFG4,1,1,0,1,NONE,NONE,0,1,D,YES,GROUP_RELEASES_RESOURCE,C_COL
MEDIUM,20,strong,1529,A,CFG0,CFG4,1,1,0,1,NONE,NONE,0,1,D,YES,GROUP_RELEASES_RESOURCE,C_COL
MEDIUM,20,strong,1592,A,CFG0,CFG4,1,1,0,1,NONE,NONE,0,1,D,YES,GROUP_RELEASES_RESOURCE,C_COL
MEDIUM,20,strong,1650,A,CFG0,CFG4,1,1,0,1,NONE,NONE,0,1,D,YES,GROUP_RELEASES_RESOURCE,C_COL
MEDIUM,20,strong,1654,A,CFG0,CFG4,1,1,0,1,NONE,NONE,0,1,D,YES,GROUP_RELEASES_RESOURCE,C_COL
MEDIUM,20,strong,1672,A,CFG0,CFG4,1,1,0,1,NONE,NONE,0,1,D,YES,GROUP_RELEASES_RESOURCE,C_COL
MEDIUM,20,strong,1692,A,CFG0,CFG4,1,1,0,1,NONE,NONE,0,1,D,YES,GROUP_RELEASES_RESOURCE,C_COL
MEDIUM,20,strong,1702,A,CFG0,CFG4,1,1,0,1,NONE,NONE,0,1,D,YES,GROUP_RELEASES_RESOURCE,C_COL
MEDIUM,20,strong,1716,A,CFG0,CFG4,1,1,0,1,NONE,NONE,0,1,D,YES,GROUP_RELEASES_RESOURCE,C_COL
MEDIUM,20,strong,1728,A,CFG0,CFG4,1,1,0,1,NONE,NONE,0,1,D,YES,GROUP_RELEASES_RESOURCE,C_COL
MEDIUM,20,strong,1759,A,CFG0,CFG4,1,1,0,1,NONE,NONE,0,1,D,YES,GROUP_RELEASES_RESOURCE,C_COL
MEDIUM,20,strong,1814,A,CFG0,CFG4,1,1,0,1,NONE,NONE,0,1,D,YES,GROUP_RELEASES_RESOURCE,C_COL
MEDIUM,20,strong,1846,A,CFG0,CFG4,1,1,0,1,NONE,NONE,0,1,D,YES,GROUP_RELEASES_RESOURCE,C_COL
MEDIUM,20,strong,1847,A,CFG0,CFG4,1,1,0,1,NONE,NONE,0,1,D,YES,GROUP_RELEASES_RESOURCE,C_COL
MEDIUM,20,strong,1872,A,CFG0,CFG4,1,1,0,1,NONE,NONE,0,1,D,YES,GROUP_RELEASES_RESOURCE,C_COL
MEDIUM,20,strong,1896,A,CFG0,CFG4,1,1,0,1,NONE,NONE,0,1,D,YES,GROUP_RELEASES_RESOURCE,C_COL
MEDIUM,20,strong,1905,A,CFG0,CFG4,1,1,0,1,NONE,NONE,0,1,D,YES,GROUP_RELEASES_RESOURCE,C_COL
MEDIUM,20,strong,1995,A,CFG0,CFG4,1,1,0,1,NONE,NONE,0,1,D,YES,GROUP_RELEASES_RESOURCE,C_COL
MEDIUM,20,strong,2001,A,CFG0,CFG4,1,1,0,1,NONE,NONE,0,1,D,YES,GROUP_RELEASES_RESOURCE,C_COL
MEDIUM,20,strong,2003,A,CFG0,CFG4,1,1,0,1,NONE,NONE,0,1,D,YES,GROUP_RELEASES_RESOURCE,C_COL
MEDIUM,20,strong,2016,A,CFG0,CFG4,1,1,0,1,NONE,NONE,0,1,D,YES,GROUP_RELEASES_RESOURCE,C_COL
MEDIUM,20,strong,2088,A,CFG0,CFG4,1,1,0,1,NONE,NONE,0,1,D,YES,GROUP_RELEASES_RESOURCE,C_COL
MEDIUM,20,strong,2191,A,CFG0,CFG4,1,1,0,1,NONE,NONE,0,1,D,YES,GROUP_RELEASES_RESOURCE,C_COL
MEDIUM,20,strong,2206,A,CFG0,CFG4,1,1,0,1,NONE,NONE,0,1,D,YES,GROUP_RELEASES_RESOURCE,C_COL
MEDIUM,20,strong,2219,A,CFG0,CFG4,1,1,0,1,NONE,NONE,0,1,D,YES,GROUP_RELEASES_RESOURCE,C_COL
MEDIUM,20,strong,2226,A,CFG0,CFG4,1,1,0,1,NONE,NONE,0,1,D,YES,GROUP_RELEASES_RESOURCE,C_COL
MEDIUM,20,strong,2228,A,CFG0,CFG4,1,1,0,1,NONE,NONE,0,1,D,YES,GROUP_RELEASES_RESOURCE,C_COL
MEDIUM,20,strong,2263,A,CFG0,CFG4,1,1,0,1,NONE,NONE,0,1,D,YES,GROUP_RELEASES_RESOURCE,C_COL
MEDIUM,20,strong,2268,A,CFG0,CFG4,1,1,0,1,NONE,NONE,0,1,D,YES,GROUP_RELEASES_RESOURCE,C_COL
MEDIUM,20,strong,2321,A,CFG0,CFG4,1,1,0,1,NONE,NONE,0,1,D,YES,GROUP_RELEASES_RESOURCE,C_COL
MEDIUM,20,strong,2350,A,CFG0,CFG4,1,1,0,1,NONE,NONE,0,1,D,YES,GROUP_RELEASES_RESOURCE,C_COL
MEDIUM,20,strong,2358,A,CFG0,CFG4,1,1,0,1,NONE,NONE,0,1,D,YES,GROUP_RELEASES_RESOURCE,C_COL
MEDIUM,20,strong,2361,A,CFG0,CFG4,1,1,0,1,NONE,NONE,0,1,D,YES,GROUP_RELEASES_RESOURCE,C_COL
MEDIUM,20,strong,2371,A,CFG0,CFG4,1,1,0,1,NONE,NONE,0,1,D,YES,GROUP_RELEASES_RESOURCE,C_COL
MEDIUM,20,strong,2475,A,CFG0,CFG4,1,1,0,1,NONE,NONE,0,1,D,YES,GROUP_RELEASES_RESOURCE,C_COL
MEDIUM,20,strong,2501,A,CFG0,CFG4,1,1,0,1,NONE,NONE,0,1,D,YES,GROUP_RELEASES_RESOURCE,C_COL
MEDIUM,20,strong,2534,A,CFG0,CFG4,1,1,0,1,NONE,NONE,0,1,D,YES,GROUP_RELEASES_RESOURCE,C_COL
MEDIUM,20,strong,2563,A,CFG0,CFG4,1,1,0,1,NONE,NONE,0,1,D,YES,GROUP_RELEASES_RESOURCE,C_COL
MEDIUM,20,strong,2575,A,CFG0,CFG4,1,1,0,1,NONE,NONE,0,1,D,YES,GROUP_RELEASES_RESOURCE,C_COL
MEDIUM,20,strong,2603,A,CFG0,CFG4,1,1,0,1,NONE,NONE,0,1,D,YES,GROUP_RELEASES_RESOURCE,C_COL
MEDIUM,20,strong,2619,A,CFG0,CFG4,1,1,0,1,NONE,NONE,0,1,D,YES,GROUP_RELEASES_RESOURCE,C_COL
MEDIUM,20,strong,2626,A,CFG0,CFG4,1,1,0,1,NONE,NONE,0,1,D,YES,GROUP_RELEASES_RESOURCE,C_COL
MEDIUM,20,strong,2647,A,CFG0,CFG4,1,1,0,1,NONE,NONE,0,1,D,YES,GROUP_RELEASES_RESOURCE,C_COL
MEDIUM,20,strong,2663,A,CFG0,CFG4,1,1,0,1,NONE,NONE,0,1,D,YES,GROUP_RELEASES_RESOURCE,C_COL
MEDIUM,20,strong,2682,A,CFG0,CFG4,1,1,0,1,NONE,NONE,0,1,D,YES,GROUP_RELEASES_RESOURCE,C_COL
MEDIUM,20,strong,2691,A,CFG0,CFG4,1,1,0,1,NONE,NONE,0,1,D,YES,GROUP_RELEASES_RESOURCE,C_COL
MEDIUM,20,strong,2705,A,CFG0,CFG4,1,1,0,1,NONE,NONE,0,1,D,YES,GROUP_RELEASES_RESOURCE,C_COL
MEDIUM,20,strong,2710,A,CFG0,CFG4,1,1,0,1,NONE,NONE,0,1,D,YES,GROUP_RELEASES_RESOURCE,C_COL
MEDIUM,20,strong,2733,A,CFG0,CFG4,1,1,0,1,NONE,NONE,0,1,D,YES,GROUP_RELEASES_RESOURCE,C_COL
MEDIUM,20,strong,2760,A,CFG0,CFG4,1,1,0,1,NONE,NONE,0,1,D,YES,GROUP_RELEASES_RESOURCE,C_COL
MEDIUM,20,strong,2780,A,CFG0,CFG4,1,1,0,1,NONE,NONE,0,1,D,YES,GROUP_RELEASES_RESOURCE,C_COL
MEDIUM,20,strong,2805,A,CFG0,CFG4,1,1,0,1,NONE,NONE,0,1,D,YES,GROUP_RELEASES_RESOURCE,C_COL
MEDIUM,20,strong,2849,A,CFG0,CFG4,1,1,0,1,NONE,NONE,0,1,D,YES,GROUP_RELEASES_RESOURCE,C_COL
MEDIUM,20,strong,2881,A,CFG0,CFG4,1,1,0,1,NONE,NONE,0,1,D,YES,GROUP_RELEASES_RESOURCE,C_COL
MEDIUM,20,strong,2938,A,CFG0,CFG4,1,1,0,1,NONE,NONE,0,1,D,YES,GROUP_RELEASES_RESOURCE,C_COL
MEDIUM,20,strong,3029,A,CFG0,CFG4,1,1,0,1,NONE,NONE,0,1,D,YES,GROUP_RELEASES_RESOURCE,C_COL
MEDIUM,20,strong,3038,A,CFG0,CFG4,1,1,0,1,NONE,NONE,0,1,D,YES,GROUP_RELEASES_RESOURCE,C_COL
MEDIUM,20,strong,3042,A,CFG0,CFG4,1,1,0,1,NONE,NONE,0,1,D,YES,GROUP_RELEASES_RESOURCE,C_COL
MEDIUM,20,strong,3108,A,CFG0,CFG4,1,1,0,1,NONE,NONE,0,1,D,YES,GROUP_RELEASES_RESOURCE,C_COL
MEDIUM,20,strong,3135,A,CFG0,CFG4,1,1,0,1,NONE,NONE,0,1,D,YES,GROUP_RELEASES_RESOURCE,C_COL
MEDIUM,20,strong,3192,A,CFG0,CFG4,1,1,0,1,NONE,NONE,0,1,D,YES,GROUP_RELEASES_RESOURCE,C_COL
MEDIUM,20,strong,3197,A,CFG0,CFG4,1,1,0,1,NONE,NONE,0,1,D,YES,GROUP_RELEASES_RESOURCE,C_COL
MEDIUM,20,strong,3229,A,CFG0,CFG4,1,1,0,1,NONE,NONE,0,1,D,YES,GROUP_RELEASES_RESOURCE,C_COL
MEDIUM,20,strong,3240,A,CFG0,CFG4,1,1,0,1,NONE,NONE,0,1,D,YES,GROUP_RELEASES_RESOURCE,C_COL
MEDIUM,20,strong,3269,A,CFG0,CFG4,1,1,0,1,NONE,NONE,0,1,D,YES,GROUP_RELEASES_RESOURCE,C_COL
MEDIUM,20,strong,3301,A,CFG0,CFG4,1,1,0,1,NONE,NONE,0,1,D,YES,GROUP_RELEASES_RESOURCE,C_COL
MEDIUM,20,strong,3304,A,CFG0,CFG4,1,1,0,1,NONE,NONE,0,1,D,YES,GROUP_RELEASES_RESOURCE,C_COL
MEDIUM,20,strong,3398,A,CFG0,CFG4,1,1,0,1,NONE,NONE,0,1,D,YES,GROUP_RELEASES_RESOURCE,C_COL
MEDIUM,20,strong,3452,A,CFG0,CFG4,1,1,0,1,NONE,NONE,0,1,D,YES,GROUP_RELEASES_RESOURCE,C_COL
MEDIUM,20,strong,3534,A,CFG0,CFG4,1,1,0,1,NONE,NONE,0,1,D,YES,GROUP_RELEASES_RESOURCE,C_COL
MEDIUM,20,strong,3536,A,CFG0,CFG4,1,1,0,1,NONE,NONE,0,1,D,YES,GROUP_RELEASES_RESOURCE,C_COL
MEDIUM,20,strong,3554,A,CFG0,CFG4,1,1,0,1,NONE,NONE,0,1,D,YES,GROUP_RELEASES_RESOURCE,C_COL
MEDIUM,20,strong,3560,A,CFG0,CFG4,1,1,0,1,NONE,NONE,0,1,D,YES,GROUP_RELEASES_RESOURCE,C_COL
MEDIUM,20,strong,3606,A,CFG0,CFG4,1,1,0,1,NONE,NONE,0,1,D,YES,GROUP_RELEASES_RESOURCE,C_COL
MEDIUM,20,strong,3611,A,CFG0,CFG4,1,1,0,1,NONE,NONE,0,1,D,YES,GROUP_RELEASES_RESOURCE,C_COL
MEDIUM,20,strong,3631,A,CFG0,CFG4,1,1,0,1,NONE,NONE,0,1,D,YES,GROUP_RELEASES_RESOURCE,C_COL
MEDIUM,20,strong,3668,A,CFG0,CFG4,1,1,0,1,NONE,NONE,0,1,D,YES,GROUP_RELEASES_RESOURCE,C_COL
MEDIUM,20,strong,3705,A,CFG0,CFG4,1,1,0,1,NONE,NONE,0,1,D,YES,GROUP_RELEASES_RESOURCE,C_COL
MEDIUM,20,strong,3729,A,CFG0,CFG4,1,1,0,1,NONE,NONE,0,1,D,YES,GROUP_RELEASES_RESOURCE,C_COL
MEDIUM,20,strong,3749,A,CFG0,CFG4,1,1,0,1,NONE,NONE,0,1,D,YES,GROUP_RELEASES_RESOURCE,C_COL
MEDIUM,20,strong,3779,A,CFG0,CFG4,1,1,0,1,NONE,NONE,0,1,D,YES,GROUP_RELEASES_RESOURCE,C_COL
MEDIUM,20,strong,3780,A,CFG0,CFG4,1,1,0,1,NONE,NONE,0,1,D,YES,GROUP_RELEASES_RESOURCE,C_COL
MEDIUM,20,strong,3832,A,CFG0,CFG4,1,1,0,1,NONE,NONE,0,1,D,YES,GROUP_RELEASES_RESOURCE,C_COL
MEDIUM,20,strong,3866,A,CFG0,CFG4,1,1,0,1,NONE,NONE,0,1,D,YES,GROUP_RELEASES_RESOURCE,C_COL
MEDIUM,20,strong,3877,A,CFG0,CFG4,1,1,0,1,NONE,NONE,0,1,D,YES,GROUP_RELEASES_RESOURCE,C_COL
MEDIUM,20,strong,3900,A,CFG0,CFG4,1,1,0,1,NONE,NONE,0,1,D,YES,GROUP_RELEASES_RESOURCE,C_COL
MEDIUM,20,strong,3979,A,CFG0,CFG4,1,1,0,1,NONE,NONE,0,1,D,YES,GROUP_RELEASES_RESOURCE,C_COL
MEDIUM,20,strong,3988,A,CFG0,CFG4,1,1,0,1,NONE,NONE,0,1,D,YES,GROUP_RELEASES_RESOURCE,C_COL
MEDIUM,20,strong,3997,A,CFG0,CFG4,1,1,0,1,NONE,NONE,0,1,D,YES,GROUP_RELEASES_RESOURCE,C_COL
MEDIUM,20,strong,4090,A,CFG0,CFG4,1,1,0,1,NONE,NONE,0,1,D,YES,GROUP_RELEASES_RESOURCE,C_COL
MEDIUM,20,strong,4120,A,CFG0,CFG4,1,1,0,1,NONE,NONE,0,1,D,YES,GROUP_RELEASES_RESOURCE,C_COL
MEDIUM,20,strong,4144,A,CFG0,CFG4,1,1,0,1,NONE,NONE,0,1,D,YES,GROUP_RELEASES_RESOURCE,C_COL
MEDIUM,20,strong,4170,A,CFG0,CFG4,1,1,0,1,NONE,NONE,0,1,D,YES,GROUP_RELEASES_RESOURCE,C_COL
MEDIUM,20,strong,4180,A,CFG0,CFG4,1,1,0,1,NONE,NONE,0,1,D,YES,GROUP_RELEASES_RESOURCE,C_COL
MEDIUM,20,strong,4287,A,CFG0,CFG4,1,1,0,1,NONE,NONE,0,1,D,YES,GROUP_RELEASES_RESOURCE,C_COL
MEDIUM,20,strong,4307,A,CFG0,CFG4,1,1,0,1,NONE,NONE,0,1,D,YES,GROUP_RELEASES_RESOURCE,C_COL
MEDIUM,20,strong,4323,A,CFG0,CFG4,1,1,0,1,NONE,NONE,0,1,D,YES,GROUP_RELEASES_RESOURCE,C_COL
MEDIUM,20,strong,4324,A,CFG0,CFG4,1,1,0,1,NONE,NONE,0,1,D,YES,GROUP_RELEASES_RESOURCE,C_COL
MEDIUM,20,strong,4344,A,CFG0,CFG4,1,1,0,1,NONE,NONE,0,1,D,YES,GROUP_RELEASES_RESOURCE,C_COL
MEDIUM,20,strong,4372,A,CFG0,CFG4,1,1,0,1,NONE,NONE,0,1,D,YES,GROUP_RELEASES_RESOURCE,C_COL
MEDIUM,20,strong,4412,A,CFG0,CFG4,1,1,0,1,NONE,NONE,0,1,D,YES,GROUP_RELEASES_RESOURCE,C_COL
MEDIUM,20,strong,4415,A,CFG0,CFG4,1,1,0,1,NONE,NONE,0,1,D,YES,GROUP_RELEASES_RESOURCE,C_COL
MEDIUM,20,strong,4435,A,CFG0,CFG4,1,1,0,1,NONE,NONE,0,1,D,YES,GROUP_RELEASES_RESOURCE,C_COL
MEDIUM,20,strong,4446,A,CFG0,CFG4,1,1,0,1,NONE,NONE,0,1,D,YES,GROUP_RELEASES_RESOURCE,C_COL
MEDIUM,20,strong,4455,A,CFG0,CFG4,1,1,0,1,NONE,NONE,0,1,D,YES,GROUP_RELEASES_RESOURCE,C_COL
MEDIUM,20,strong,4493,A,CFG0,CFG4,1,1,0,1,NONE,NONE,0,1,D,YES,GROUP_RELEASES_RESOURCE,C_COL
MEDIUM,20,strong,4494,A,CFG0,CFG4,1,1,0,1,NONE,NONE,0,1,D,YES,GROUP_RELEASES_RESOURCE,C_COL
MEDIUM,20,strong,4515,A,CFG0,CFG4,1,1,0,1,NONE,NONE,0,1,D,YES,GROUP_RELEASES_RESOURCE,C_COL
MEDIUM,20,strong,4530,A,CFG0,CFG4,1,1,0,1,NONE,NONE,0,1,D,YES,GROUP_RELEASES_RESOURCE,C_COL
MEDIUM,20,strong,4536,A,CFG0,CFG4,1,1,0,1,NONE,NONE,0,1,D,YES,GROUP_RELEASES_RESOURCE,C_COL
MEDIUM,20,strong,4538,A,CFG0,CFG4,1,1,0,1,NONE,NONE,0,1,D,YES,GROUP_RELEASES_RESOURCE,C_COL
MEDIUM,20,strong,4541,A,CFG0,CFG4,1,1,0,1,NONE,NONE,0,1,D,YES,GROUP_RELEASES_RESOURCE,C_COL
MEDIUM,20,strong,4554,A,CFG0,CFG4,1,1,0,1,NONE,NONE,0,1,D,YES,GROUP_RELEASES_RESOURCE,C_COL
MEDIUM,20,strong,4570,A,CFG0,CFG4,1,1,0,1,NONE,NONE,0,1,D,YES,GROUP_RELEASES_RESOURCE,C_COL
MEDIUM,20,strong,4585,A,CFG0,CFG4,1,1,0,1,NONE,NONE,0,1,D,YES,GROUP_RELEASES_RESOURCE,C_COL
MEDIUM,20,strong,4642,A,CFG0,CFG4,1,1,0,1,NONE,NONE,0,1,D,YES,GROUP_RELEASES_RESOURCE,C_COL
MEDIUM,20,strong,4655,A,CFG0,CFG4,1,1,0,1,NONE,NONE,0,1,D,YES,GROUP_RELEASES_RESOURCE,C_COL
MEDIUM,20,strong,4682,A,CFG0,CFG4,1,1,0,1,NONE,NONE,0,1,D,YES,GROUP_RELEASES_RESOURCE,C_COL
MEDIUM,20,strong,4706,A,CFG0,CFG4,1,1,0,1,NONE,NONE,0,1,D,YES,GROUP_RELEASES_RESOURCE,C_COL
MEDIUM,20,strong,4710,A,CFG0,CFG4,1,1,0,1,NONE,NONE,0,1,D,YES,GROUP_RELEASES_RESOURCE,C_COL
MEDIUM,20,strong,4725,A,CFG0,CFG4,1,1,0,1,NONE,NONE,0,1,D,YES,GROUP_RELEASES_RESOURCE,C_COL
MEDIUM,20,strong,4742,A,CFG0,CFG4,1,1,0,1,NONE,NONE,0,1,D,YES,GROUP_RELEASES_RESOURCE,C_COL
MEDIUM,20,strong,4843,A,CFG0,CFG4,1,1,0,1,NONE,NONE,0,1,D,YES,GROUP_RELEASES_RESOURCE,C_COL
MEDIUM,20,strong,4873,A,CFG0,CFG4,1,1,0,1,NONE,NONE,0,1,D,YES,GROUP_RELEASES_RESOURCE,C_COL
MEDIUM,20,strong,4890,A,CFG0,CFG4,1,1,0,1,NONE,NONE,0,1,D,YES,GROUP_RELEASES_RESOURCE,C_COL
MEDIUM,20,strong,4902,A,CFG0,CFG4,1,1,0,1,NONE,NONE,0,1,D,YES,GROUP_RELEASES_RESOURCE,C_COL
MEDIUM,20,strong,4910,A,CFG0,CFG4,1,1,0,1,NONE,NONE,0,1,D,YES,GROUP_RELEASES_RESOURCE,C_COL
MEDIUM,20,strong,4969,A,CFG0,CFG4,1,1,0,1,NONE,NONE,0,1,D,YES,GROUP_RELEASES_RESOURCE,C_COL
MEDIUM,20,strong,4986,A,CFG0,CFG4,1,1,0,1,NONE,NONE,0,1,D,YES,GROUP_RELEASES_RESOURCE,C_COL
MEDIUM,20,strong,5013,A,CFG0,CFG4,1,1,0,1,NONE,NONE,0,1,D,YES,GROUP_RELEASES_RESOURCE,C_COL
MEDIUM,20,strong,5088,A,CFG0,CFG4,1,1,0,1,NONE,NONE,0,1,D,YES,GROUP_RELEASES_RESOURCE,C_COL
MEDIUM,20,strong,5115,A,CFG0,CFG4,1,1,0,1,NONE,NONE,0,1,D,YES,GROUP_RELEASES_RESOURCE,C_COL
MEDIUM,20,strong,5117,A,CFG0,CFG4,1,1,0,1,NONE,NONE,0,1,D,YES,GROUP_RELEASES_RESOURCE,C_COL
MEDIUM,20,strong,5119,A,CFG0,CFG4,1,1,0,1,NONE,NONE,0,1,D,YES,GROUP_RELEASES_RESOURCE,C_COL
MEDIUM,20,strong,5125,A,CFG0,CFG4,1,1,0,1,NONE,NONE,0,1,D,YES,GROUP_RELEASES_RESOURCE,C_COL
MEDIUM,20,strong,5187,A,CFG0,CFG4,1,1,0,1,NONE,NONE,0,1,D,YES,GROUP_RELEASES_RESOURCE,C_COL
MEDIUM,20,strong,5188,A,CFG0,CFG4,1,1,0,1,NONE,NONE,0,1,D,YES,GROUP_RELEASES_RESOURCE,C_COL
MEDIUM,20,strong,5196,A,CFG0,CFG4,1,1,0,1,NONE,NONE,0,1,D,YES,GROUP_RELEASES_RESOURCE,C_COL
MEDIUM,20,strong,5205,A,CFG0,CFG4,1,1,0,1,NONE,NONE,0,1,D,YES,GROUP_RELEASES_RESOURCE,C_COL
MEDIUM,20,strong,5240,A,CFG0,CFG4,1,1,0,1,NONE,NONE,0,1,D,YES,GROUP_RELEASES_RESOURCE,C_COL
MEDIUM,20,strong,5278,A,CFG0,CFG4,1,1,0,1,NONE,NONE,0,1,D,YES,GROUP_RELEASES_RESOURCE,C_COL
MEDIUM,20,strong,5332,A,CFG0,CFG4,1,1,0,1,NONE,NONE,0,1,D,YES,GROUP_RELEASES_RESOURCE,C_COL
MEDIUM,20,strong,5338,A,CFG0,CFG4,1,1,0,1,NONE,NONE,0,1,D,YES,GROUP_RELEASES_RESOURCE,C_COL
MEDIUM,20,strong,5350,A,CFG0,CFG4,1,1,0,1,NONE,NONE,0,1,D,YES,GROUP_RELEASES_RESOURCE,C_COL
MEDIUM,20,strong,5353,A,CFG0,CFG4,1,1,0,1,NONE,NONE,0,1,D,YES,GROUP_RELEASES_RESOURCE,C_COL
MEDIUM,20,strong,5356,A,CFG0,CFG4,1,1,0,1,NONE,NONE,0,1,D,YES,GROUP_RELEASES_RESOURCE,C_COL
MEDIUM,20,strong,5399,A,CFG0,CFG4,1,1,0,1,NONE,NONE,0,1,D,YES,GROUP_RELEASES_RESOURCE,C_COL
MEDIUM,20,strong,5411,A,CFG0,CFG4,1,1,0,1,NONE,NONE,0,1,D,YES,GROUP_RELEASES_RESOURCE,C_COL
MEDIUM,20,strong,5422,A,CFG0,CFG4,1,1,0,1,NONE,NONE,0,1,D,YES,GROUP_RELEASES_RESOURCE,C_COL
MEDIUM,20,strong,5427,A,CFG0,CFG4,1,1,0,1,NONE,NONE,0,1,D,YES,GROUP_RELEASES_RESOURCE,C_COL
MEDIUM,20,strong,5432,A,CFG0,CFG4,1,1,0,1,NONE,NONE,0,1,D,YES,GROUP_RELEASES_RESOURCE,C_COL
MEDIUM,20,strong,5439,A,CFG0,CFG4,1,1,0,1,NONE,NONE,0,1,D,YES,GROUP_RELEASES_RESOURCE,C_COL
MEDIUM,20,strong,5443,A,CFG0,CFG4,1,1,0,1,NONE,NONE,0,1,D,YES,GROUP_RELEASES_RESOURCE,C_COL
MEDIUM,20,strong,5550,A,CFG0,CFG4,1,1,0,1,NONE,NONE,0,1,D,YES,GROUP_RELEASES_RESOURCE,C_COL
MEDIUM,20,strong,5565,A,CFG0,CFG4,1,1,0,1,NONE,NONE,0,1,D,YES,GROUP_RELEASES_RESOURCE,C_COL
MEDIUM,20,strong,5623,A,CFG0,CFG4,1,1,0,1,NONE,NONE,0,1,D,YES,GROUP_RELEASES_RESOURCE,C_COL
MEDIUM,20,strong,5682,A,CFG0,CFG4,1,1,0,1,NONE,NONE,0,1,D,YES,GROUP_RELEASES_RESOURCE,C_COL
MEDIUM,20,strong,5704,A,CFG0,CFG4,1,1,0,1,NONE,NONE,0,1,D,YES,GROUP_RELEASES_RESOURCE,C_COL
MEDIUM,20,strong,5736,A,CFG0,CFG4,1,1,0,1,NONE,NONE,0,1,D,YES,GROUP_RELEASES_RESOURCE,C_COL
MEDIUM,20,strong,5761,A,CFG0,CFG4,1,1,0,1,NONE,NONE,0,1,D,YES,GROUP_RELEASES_RESOURCE,C_COL
MEDIUM,20,strong,5770,A,CFG0,CFG4,1,1,0,1,NONE,NONE,0,1,D,YES,GROUP_RELEASES_RESOURCE,C_COL
MEDIUM,20,strong,5786,A,CFG0,CFG4,1,1,0,1,NONE,NONE,0,1,D,YES,GROUP_RELEASES_RESOURCE,C_COL
MEDIUM,20,strong,5791,A,CFG0,CFG4,1,1,0,1,NONE,NONE,0,1,D,YES,GROUP_RELEASES_RESOURCE,C_COL
MEDIUM,20,strong,5794,A,CFG0,CFG4,1,1,0,1,NONE,NONE,0,1,D,YES,GROUP_RELEASES_RESOURCE,C_COL
MEDIUM,20,strong,5799,A,CFG0,CFG4,1,1,0,1,NONE,NONE,0,1,D,YES,GROUP_RELEASES_RESOURCE,C_COL
MEDIUM,20,strong,5818,A,CFG0,CFG4,1,1,0,1,NONE,NONE,0,1,D,YES,GROUP_RELEASES_RESOURCE,C_COL
MEDIUM,20,strong,5824,A,CFG0,CFG4,1,1,0,1,NONE,NONE,0,1,D,YES,GROUP_RELEASES_RESOURCE,C_COL
MEDIUM,20,strong,5826,A,CFG0,CFG4,1,1,0,1,NONE,NONE,0,1,D,YES,GROUP_RELEASES_RESOURCE,C_COL
MEDIUM,20,strong,5837,A,CFG0,CFG4,1,1,0,1,NONE,NONE,0,1,D,YES,GROUP_RELEASES_RESOURCE,C_COL
MEDIUM,20,strong,5851,A,CFG0,CFG4,1,1,0,1,NONE,NONE,0,1,D,YES,GROUP_RELEASES_RESOURCE,C_COL
MEDIUM,20,strong,5891,A,CFG0,CFG4,1,1,0,1,NONE,NONE,0,1,D,YES,GROUP_RELEASES_RESOURCE,C_COL
MEDIUM,20,strong,5901,A,CFG0,CFG4,1,1,0,1,NONE,NONE,0,1,D,YES,GROUP_RELEASES_RESOURCE,C_COL
MEDIUM,20,strong,5941,A,CFG0,CFG4,1,1,0,1,NONE,NONE,0,1,D,YES,GROUP_RELEASES_RESOURCE,C_COL
MEDIUM,20,strong,5987,A,CFG0,CFG4,1,1,0,1,NONE,NONE,0,1,D,YES,GROUP_RELEASES_RESOURCE,C_COL
MEDIUM,20,strong,6087,A,CFG0,CFG4,1,1,0,1,NONE,NONE,0,1,D,YES,GROUP_RELEASES_RESOURCE,C_COL
MEDIUM,20,strong,6097,A,CFG0,CFG4,1,1,0,1,NONE,NONE,0,1,D,YES,GROUP_RELEASES_RESOURCE,C_COL
MEDIUM,20,strong,6118,A,CFG0,CFG4,1,1,0,1,NONE,NONE,0,1,D,YES,GROUP_RELEASES_RESOURCE,C_COL
MEDIUM,20,strong,6121,A,CFG0,CFG4,1,1,0,1,NONE,NONE,0,1,D,YES,GROUP_RELEASES_RESOURCE,C_COL
MEDIUM,20,strong,6236,A,CFG0,CFG4,1,1,0,1,NONE,NONE,0,1,D,YES,GROUP_RELEASES_RESOURCE,C_COL
MEDIUM,20,strong,6249,A,CFG0,CFG4,1,1,0,1,NONE,NONE,0,1,D,YES,GROUP_RELEASES_RESOURCE,C_COL
MEDIUM,20,strong,6257,A,CFG0,CFG4,1,1,0,1,NONE,NONE,0,1,D,YES,GROUP_RELEASES_RESOURCE,C_COL
MEDIUM,20,strong,6260,A,CFG0,CFG4,1,1,0,1,NONE,NONE,0,1,D,YES,GROUP_RELEASES_RESOURCE,C_COL
MEDIUM,20,strong,6274,A,CFG0,CFG4,1,1,0,1,NONE,NONE,0,1,D,YES,GROUP_RELEASES_RESOURCE,C_COL
MEDIUM,20,strong,6289,A,CFG0,CFG4,1,1,0,1,NONE,NONE,0,1,D,YES,GROUP_RELEASES_RESOURCE,C_COL
MEDIUM,20,strong,6328,A,CFG0,CFG4,1,1,0,1,NONE,NONE,0,1,D,YES,GROUP_RELEASES_RESOURCE,C_COL
MEDIUM,20,strong,6370,A,CFG0,CFG4,1,1,0,1,NONE,NONE,0,1,D,YES,GROUP_RELEASES_RESOURCE,C_COL
MEDIUM,20,strong,6377,A,CFG0,CFG4,1,1,0,1,NONE,NONE,0,1,D,YES,GROUP_RELEASES_RESOURCE,C_COL
MEDIUM,20,strong,6406,A,CFG0,CFG4,1,1,0,1,NONE,NONE,0,1,D,YES,GROUP_RELEASES_RESOURCE,C_COL
MEDIUM,20,strong,6491,A,CFG0,CFG4,1,1,0,1,NONE,NONE,0,1,D,YES,GROUP_RELEASES_RESOURCE,C_COL
MEDIUM,20,strong,6497,A,CFG0,CFG4,1,1,0,1,NONE,NONE,0,1,D,YES,GROUP_RELEASES_RESOURCE,C_COL
MEDIUM,20,strong,6508,A,CFG0,CFG4,1,1,0,1,NONE,NONE,0,1,D,YES,GROUP_RELEASES_RESOURCE,C_COL
MEDIUM,20,strong,6595,A,CFG0,CFG4,1,1,0,1,NONE,NONE,0,1,D,YES,GROUP_RELEASES_RESOURCE,C_COL
MEDIUM,20,strong,6740,A,CFG0,CFG4,1,1,0,1,NONE,NONE,0,1,D,YES,GROUP_RELEASES_RESOURCE,C_COL
MEDIUM,20,strong,6806,A,CFG0,CFG4,1,1,0,1,NONE,NONE,0,1,D,YES,GROUP_RELEASES_RESOURCE,C_COL
MEDIUM,20,strong,6807,A,CFG0,CFG4,1,1,0,1,NONE,NONE,0,1,D,YES,GROUP_RELEASES_RESOURCE,C_COL
MEDIUM,20,strong,6824,A,CFG0,CFG4,1,1,0,1,NONE,NONE,0,1,D,YES,GROUP_RELEASES_RESOURCE,C_COL
MEDIUM,20,strong,6826,A,CFG0,CFG4,1,1,0,1,NONE,NONE,0,1,D,YES,GROUP_RELEASES_RESOURCE,C_COL
MEDIUM,20,strong,6827,A,CFG0,CFG4,1,1,0,1,NONE,NONE,0,1,D,YES,GROUP_RELEASES_RESOURCE,C_COL
MEDIUM,20,strong,6837,A,CFG0,CFG4,1,1,0,1,NONE,NONE,0,1,D,YES,GROUP_RELEASES_RESOURCE,C_COL
MEDIUM,20,strong,6950,A,CFG0,CFG4,1,1,0,1,NONE,NONE,0,1,D,YES,GROUP_RELEASES_RESOURCE,C_COL
MEDIUM,20,strong,6957,A,CFG0,CFG4,1,1,0,1,NONE,NONE,0,1,D,YES,GROUP_RELEASES_RESOURCE,C_COL
MEDIUM,20,strong,6996,A,CFG0,CFG4,1,1,0,1,NONE,NONE,0,1,D,YES,GROUP_RELEASES_RESOURCE,C_COL
MEDIUM,20,strong,7049,A,CFG0,CFG4,1,1,0,1,NONE,NONE,0,1,D,YES,GROUP_RELEASES_RESOURCE,C_COL
MEDIUM,20,strong,7052,A,CFG0,CFG4,1,1,0,1,NONE,NONE,0,1,D,YES,GROUP_RELEASES_RESOURCE,C_COL
MEDIUM,20,strong,7069,A,CFG0,CFG4,1,1,0,1,NONE,NONE,0,1,D,YES,GROUP_RELEASES_RESOURCE,C_COL
MEDIUM,20,strong,7077,A,CFG0,CFG4,1,1,0,1,NONE,NONE,0,1,D,YES,GROUP_RELEASES_RESOURCE,C_COL
MEDIUM,20,strong,7129,A,CFG0,CFG4,1,1,0,1,NONE,NONE,0,1,D,YES,GROUP_RELEASES_RESOURCE,C_COL
MEDIUM,20,strong,7135,A,CFG0,CFG4,1,1,0,1,NONE,NONE,0,1,D,YES,GROUP_RELEASES_RESOURCE,C_COL
MEDIUM,20,strong,7138,A,CFG0,CFG4,1,1,0,1,NONE,NONE,0,1,D,YES,GROUP_RELEASES_RESOURCE,C_COL
MEDIUM,20,strong,7338,A,CFG0,CFG4,1,1,0,1,NONE,NONE,0,1,D,YES,GROUP_RELEASES_RESOURCE,C_COL
MEDIUM,20,strong,7394,A,CFG0,CFG4,1,1,0,1,NONE,NONE,0,1,D,YES,GROUP_RELEASES_RESOURCE,C_COL
MEDIUM,20,strong,7420,A,CFG0,CFG4,1,1,0,1,NONE,NONE,0,1,D,YES,GROUP_RELEASES_RESOURCE,C_COL
MEDIUM,20,strong,7455,A,CFG0,CFG4,1,1,0,1,NONE,NONE,0,1,D,YES,GROUP_RELEASES_RESOURCE,C_COL
MEDIUM,20,strong,7517,A,CFG0,CFG4,1,1,0,1,NONE,NONE,0,1,D,YES,GROUP_RELEASES_RESOURCE,C_COL
MEDIUM,20,strong,7540,A,CFG0,CFG4,1,1,0,1,NONE,NONE,0,1,D,YES,GROUP_RELEASES_RESOURCE,C_COL
MEDIUM,20,strong,7553,A,CFG0,CFG4,1,1,0,1,NONE,NONE,0,1,D,YES,GROUP_RELEASES_RESOURCE,C_COL
MEDIUM,20,strong,7556,A,CFG0,CFG4,1,1,0,1,NONE,NONE,0,1,D,YES,GROUP_RELEASES_RESOURCE,C_COL
MEDIUM,20,strong,7572,A,CFG0,CFG4,1,1,0,1,NONE,NONE,0,1,D,YES,GROUP_RELEASES_RESOURCE,C_COL
MEDIUM,20,strong,7578,A,CFG0,CFG4,1,1,0,1,NONE,NONE,0,1,D,YES,GROUP_RELEASES_RESOURCE,C_COL
MEDIUM,20,strong,7636,A,CFG0,CFG4,1,1,0,1,NONE,NONE,0,1,D,YES,GROUP_RELEASES_RESOURCE,C_COL
MEDIUM,20,strong,7643,A,CFG0,CFG4,1,1,0,1,NONE,NONE,0,1,D,YES,GROUP_RELEASES_RESOURCE,C_COL
MEDIUM,20,strong,7708,A,CFG0,CFG4,1,1,0,1,NONE,NONE,0,1,D,YES,GROUP_RELEASES_RESOURCE,C_COL
MEDIUM,20,strong,7743,A,CFG0,CFG4,1,1,0,1,NONE,NONE,0,1,D,YES,GROUP_RELEASES_RESOURCE,C_COL
MEDIUM,20,strong,7761,A,CFG0,CFG4,1,1,0,1,NONE,NONE,0,1,D,YES,GROUP_RELEASES_RESOURCE,C_COL
MEDIUM,20,strong,7798,A,CFG0,CFG4,1,1,0,1,NONE,NONE,0,1,D,YES,GROUP_RELEASES_RESOURCE,C_COL
MEDIUM,20,strong,7811,A,CFG0,CFG4,1,1,0,1,NONE,NONE,0,1,D,YES,GROUP_RELEASES_RESOURCE,C_COL
MEDIUM,20,strong,7817,A,CFG0,CFG4,1,1,0,1,NONE,NONE,0,1,D,YES,GROUP_RELEASES_RESOURCE,C_COL
MEDIUM,20,strong,7883,A,CFG0,CFG4,1,1,0,1,NONE,NONE,0,1,D,YES,GROUP_RELEASES_RESOURCE,C_COL
MEDIUM,20,strong,7893,A,CFG0,CFG4,1,1,0,1,NONE,NONE,0,1,D,YES,GROUP_RELEASES_RESOURCE,C_COL
MEDIUM,20,strong,7899,A,CFG0,CFG4,1,1,0,1,NONE,NONE,0,1,D,YES,GROUP_RELEASES_RESOURCE,C_COL
MEDIUM,20,strong,7930,A,CFG0,CFG4,1,1,0,1,NONE,NONE,0,1,D,YES,GROUP_RELEASES_RESOURCE,C_COL
MEDIUM,20,strong,7952,A,CFG0,CFG4,1,1,0,1,NONE,NONE,0,1,D,YES,GROUP_RELEASES_RESOURCE,C_COL
MEDIUM,20,strong,7953,A,CFG0,CFG4,1,1,0,1,NONE,NONE,0,1,D,YES,GROUP_RELEASES_RESOURCE,C_COL
MEDIUM,20,strong,7981,A,CFG0,CFG4,1,1,0,1,NONE,NONE,0,1,D,YES,GROUP_RELEASES_RESOURCE,C_COL
MEDIUM,20,strong,7990,A,CFG0,CFG4,1,1,0,1,NONE,NONE,0,1,D,YES,GROUP_RELEASES_RESOURCE,C_COL
MEDIUM,20,strong,7991,A,CFG0,CFG4,1,1,0,1,NONE,NONE,0,1,D,YES,GROUP_RELEASES_RESOURCE,C_COL
MEDIUM,20,strong,8042,A,CFG0,CFG4,1,1,0,1,NONE,NONE,0,1,D,YES,GROUP_RELEASES_RESOURCE,C_COL
MEDIUM,20,strong,8147,A,CFG0,CFG4,1,1,0,1,NONE,NONE,0,1,D,YES,GROUP_RELEASES_RESOURCE,C_COL
MEDIUM,20,strong,8184,A,CFG0,CFG4,1,1,0,1,NONE,NONE,0,1,D,YES,GROUP_RELEASES_RESOURCE,C_COL
MEDIUM,20,strong,8198,A,CFG0,CFG4,1,1,0,1,NONE,NONE,0,1,D,YES,GROUP_RELEASES_RESOURCE,C_COL
MEDIUM,20,strong,8364,A,CFG0,CFG4,1,1,0,1,NONE,NONE,0,1,D,YES,GROUP_RELEASES_RESOURCE,C_COL
MEDIUM,20,strong,8390,A,CFG0,CFG4,1,1,0,1,NONE,NONE,0,1,D,YES,GROUP_RELEASES_RESOURCE,C_COL
MEDIUM,20,strong,8406,A,CFG0,CFG4,1,1,0,1,NONE,NONE,0,1,D,YES,GROUP_RELEASES_RESOURCE,C_COL
MEDIUM,20,strong,8446,A,CFG0,CFG4,1,1,0,1,NONE,NONE,0,1,D,YES,GROUP_RELEASES_RESOURCE,C_COL
MEDIUM,20,strong,8532,A,CFG0,CFG4,1,1,0,1,NONE,NONE,0,1,D,YES,GROUP_RELEASES_RESOURCE,C_COL
MEDIUM,20,strong,8608,A,CFG0,CFG4,1,1,0,1,NONE,NONE,0,1,D,YES,GROUP_RELEASES_RESOURCE,C_COL
MEDIUM,20,strong,8635,A,CFG0,CFG4,1,1,0,1,NONE,NONE,0,1,D,YES,GROUP_RELEASES_RESOURCE,C_COL
MEDIUM,20,strong,8644,A,CFG0,CFG4,1,1,0,1,NONE,NONE,0,1,D,YES,GROUP_RELEASES_RESOURCE,C_COL
MEDIUM,20,strong,8653,A,CFG0,CFG4,1,1,0,1,NONE,NONE,0,1,D,YES,GROUP_RELEASES_RESOURCE,C_COL
MEDIUM,20,strong,8686,A,CFG0,CFG4,1,1,0,1,NONE,NONE,0,1,D,YES,GROUP_RELEASES_RESOURCE,C_COL
MEDIUM,20,strong,8693,A,CFG0,CFG4,1,1,0,1,NONE,NONE,0,1,D,YES,GROUP_RELEASES_RESOURCE,C_COL
MEDIUM,20,strong,8698,A,CFG0,CFG4,1,1,0,1,NONE,NONE,0,1,D,YES,GROUP_RELEASES_RESOURCE,C_COL
MEDIUM,20,strong,8714,A,CFG0,CFG4,1,1,0,1,NONE,NONE,0,1,D,YES,GROUP_RELEASES_RESOURCE,C_COL
MEDIUM,20,strong,8722,A,CFG0,CFG4,1,1,0,1,NONE,NONE,0,1,D,YES,GROUP_RELEASES_RESOURCE,C_COL
MEDIUM,20,strong,8726,A,CFG0,CFG4,1,1,0,1,NONE,NONE,0,1,D,YES,GROUP_RELEASES_RESOURCE,C_COL
MEDIUM,20,strong,8740,A,CFG0,CFG4,1,1,0,1,NONE,NONE,0,1,D,YES,GROUP_RELEASES_RESOURCE,C_COL
MEDIUM,20,strong,8752,A,CFG0,CFG4,1,1,0,1,NONE,NONE,0,1,D,YES,GROUP_RELEASES_RESOURCE,C_COL
MEDIUM,20,strong,8786,A,CFG0,CFG4,1,1,0,1,NONE,NONE,0,1,D,YES,GROUP_RELEASES_RESOURCE,C_COL
MEDIUM,20,strong,8790,A,CFG0,CFG4,1,1,0,1,NONE,NONE,0,1,D,YES,GROUP_RELEASES_RESOURCE,C_COL
MEDIUM,20,strong,8804,A,CFG0,CFG4,1,1,0,1,NONE,NONE,0,1,D,YES,GROUP_RELEASES_RESOURCE,C_COL
MEDIUM,20,strong,8811,A,CFG0,CFG4,1,1,0,1,NONE,NONE,0,1,D,YES,GROUP_RELEASES_RESOURCE,C_COL
MEDIUM,20,strong,8841,A,CFG0,CFG4,1,1,0,1,NONE,NONE,0,1,D,YES,GROUP_RELEASES_RESOURCE,C_COL
MEDIUM,20,strong,8852,A,CFG0,CFG4,1,1,0,1,NONE,NONE,0,1,D,YES,GROUP_RELEASES_RESOURCE,C_COL
MEDIUM,20,strong,8893,A,CFG0,CFG4,1,1,0,1,NONE,NONE,0,1,D,YES,GROUP_RELEASES_RESOURCE,C_COL
MEDIUM,20,strong,8901,A,CFG0,CFG4,1,1,0,1,NONE,NONE,0,1,D,YES,GROUP_RELEASES_RESOURCE,C_COL
MEDIUM,20,strong,8940,A,CFG0,CFG4,1,1,0,1,NONE,NONE,0,1,D,YES,GROUP_RELEASES_RESOURCE,C_COL
MEDIUM,20,strong,8982,A,CFG0,CFG4,1,1,0,1,NONE,NONE,0,1,D,YES,GROUP_RELEASES_RESOURCE,C_COL
MEDIUM,20,strong,9000,A,CFG0,CFG4,1,1,0,1,NONE,NONE,0,1,D,YES,GROUP_RELEASES_RESOURCE,C_COL
MEDIUM,20,strong,9001,A,CFG0,CFG4,1,1,0,1,NONE,NONE,0,1,D,YES,GROUP_RELEASES_RESOURCE,C_COL
MEDIUM,20,strong,9012,A,CFG0,CFG4,1,1,0,1,NONE,NONE,0,1,D,YES,GROUP_RELEASES_RESOURCE,C_COL
MEDIUM,20,strong,9014,A,CFG0,CFG4,1,1,0,1,NONE,NONE,0,1,D,YES,GROUP_RELEASES_RESOURCE,C_COL
MEDIUM,20,strong,9033,A,CFG0,CFG4,1,1,0,1,NONE,NONE,0,1,D,YES,GROUP_RELEASES_RESOURCE,C_COL
MEDIUM,20,strong,9113,A,CFG0,CFG4,1,1,0,1,NONE,NONE,0,1,D,YES,GROUP_RELEASES_RESOURCE,C_COL
MEDIUM,20,strong,9156,A,CFG0,CFG4,1,1,0,1,NONE,NONE,0,1,D,YES,GROUP_RELEASES_RESOURCE,C_COL
MEDIUM,20,strong,9188,A,CFG0,CFG4,1,1,0,1,NONE,NONE,0,1,D,YES,GROUP_RELEASES_RESOURCE,C_COL
MEDIUM,20,strong,9238,A,CFG0,CFG4,1,1,0,1,NONE,NONE,0,1,D,YES,GROUP_RELEASES_RESOURCE,C_COL
MEDIUM,20,strong,9287,A,CFG0,CFG4,1,1,0,1,NONE,NONE,0,1,D,YES,GROUP_RELEASES_RESOURCE,C_COL
MEDIUM,20,strong,9309,A,CFG0,CFG4,1,1,0,1,NONE,NONE,0,1,D,YES,GROUP_RELEASES_RESOURCE,C_COL
MEDIUM,20,strong,9364,A,CFG0,CFG4,1,1,0,1,NONE,NONE,0,1,D,YES,GROUP_RELEASES_RESOURCE,C_COL
MEDIUM,20,strong,9406,A,CFG0,CFG4,1,1,0,1,NONE,NONE,0,1,D,YES,GROUP_RELEASES_RESOURCE,C_COL
MEDIUM,20,strong,9430,A,CFG0,CFG4,1,1,0,1,NONE,NONE,0,1,D,YES,GROUP_RELEASES_RESOURCE,C_COL
MEDIUM,20,strong,9443,A,CFG0,CFG4,1,1,0,1,NONE,NONE,0,1,D,YES,GROUP_RELEASES_RESOURCE,C_COL
MEDIUM,20,strong,9454,A,CFG0,CFG4,1,1,0,1,NONE,NONE,0,1,D,YES,GROUP_RELEASES_RESOURCE,C_COL
MEDIUM,20,strong,9476,A,CFG0,CFG4,1,1,0,1,NONE,NONE,0,1,D,YES,GROUP_RELEASES_RESOURCE,C_COL
MEDIUM,20,strong,9503,A,CFG0,CFG4,1,1,0,1,NONE,NONE,0,1,D,YES,GROUP_RELEASES_RESOURCE,C_COL
MEDIUM,20,strong,9504,A,CFG0,CFG4,1,1,0,1,NONE,NONE,0,1,D,YES,GROUP_RELEASES_RESOURCE,C_COL
MEDIUM,20,strong,9520,A,CFG0,CFG4,1,1,0,1,NONE,NONE,0,1,D,YES,GROUP_RELEASES_RESOURCE,C_COL
MEDIUM,20,strong,9534,A,CFG0,CFG4,1,1,0,1,NONE,NONE,0,1,D,YES,GROUP_RELEASES_RESOURCE,C_COL
MEDIUM,20,strong,9540,A,CFG0,CFG4,1,1,0,1,NONE,NONE,0,1,D,YES,GROUP_RELEASES_RESOURCE,C_COL
MEDIUM,20,strong,9560,A,CFG0,CFG4,1,1,0,1,NONE,NONE,0,1,D,YES,GROUP_RELEASES_RESOURCE,C_COL
MEDIUM,20,strong,9635,A,CFG0,CFG4,1,1,0,1,NONE,NONE,0,1,D,YES,GROUP_RELEASES_RESOURCE,C_COL
MEDIUM,20,strong,9689,A,CFG0,CFG4,1,1,0,1,NONE,NONE,0,1,D,YES,GROUP_RELEASES_RESOURCE,C_COL
MEDIUM,20,strong,9715,A,CFG0,CFG4,1,1,0,1,NONE,NONE,0,1,D,YES,GROUP_RELEASES_RESOURCE,C_COL
MEDIUM,20,strong,9717,A,CFG0,CFG4,1,1,0,1,NONE,NONE,0,1,D,YES,GROUP_RELEASES_RESOURCE,C_COL
MEDIUM,20,strong,9809,A,CFG0,CFG4,1,1,0,1,NONE,NONE,0,1,D,YES,GROUP_RELEASES_RESOURCE,C_COL
MEDIUM,20,strong,9811,A,CFG0,CFG4,1,1,0,1,NONE,NONE,0,1,D,YES,GROUP_RELEASES_RESOURCE,C_COL
MEDIUM,20,strong,9849,A,CFG0,CFG4,1,1,0,1,NONE,NONE,0,1,D,YES,GROUP_RELEASES_RESOURCE,C_COL
MEDIUM,20,strong,9880,A,CFG0,CFG4,1,1,0,1,NONE,NONE,0,1,D,YES,GROUP_RELEASES_RESOURCE,C_COL
MEDIUM,20,strong,9882,A,CFG0,CFG4,1,1,0,1,NONE,NONE,0,1,D,YES,GROUP_RELEASES_RESOURCE,C_COL
MEDIUM,20,strong,9903,A,CFG0,CFG4,1,1,0,1,NONE,NONE,0,1,D,YES,GROUP_RELEASES_RESOURCE,C_COL
MEDIUM,20,strong,9941,A,CFG0,CFG4,1,1,0,1,NONE,NONE,0,1,D,YES,GROUP_RELEASES_RESOURCE,C_COL
MEDIUM,20,strong,9960,A,CFG0,CFG4,1,1,0,1,NONE,NONE,0,1,D,YES,GROUP_RELEASES_RESOURCE,C_COL
MEDIUM,20,strong,9968,A,CFG0,CFG4,1,1,0,1,NONE,NONE,0,1,D,YES,GROUP_RELEASES_RESOURCE,C_COL
