 
****************************************
Report : resources
Design : repair_decode_area_engine_ENTRY_NUM7
Version: W-2024.09-SP2
Date   : Wed Sep  9 14:44:04 2026
****************************************

Resource Sharing Report for design repair_decode_area_engine_ENTRY_NUM7 in file
        /home/asd9112000/repair_rate/rtl/dss_2x2/analyzer/repair_decode_area_engine.sv

===============================================================================
|          |              |            | Contained     |                      |
| Resource | Module       | Parameters | Resources     | Contained Operations |
===============================================================================
| r392     | DW01_inc     | width=2    |               | add_75               |
===============================================================================


No implementations to report
 
****************************************
Design : repair_decode_with_hybrid_MAX_K5_NUM_CFG7_ENTRY_NUM7_ROW_W10_COL_W10_PATTERN_ID_W4
****************************************
Resource Sharing Report for design
        repair_decode_with_hybrid_MAX_K5_NUM_CFG7_ENTRY_NUM7_ROW_W10_COL_W10_PATTERN_ID_W4
        in file
        /home/asd9112000/repair_rate/rtl/dss_2x2/analyzer/repair_decode_with_hybrid.sv

===============================================================================
|          |              |            | Contained     |                      |
| Resource | Module       | Parameters | Resources     | Contained Operations |
===============================================================================
| r711     | DW01_cmp6    | width=2    |               | ne_116_I4_I25        |
| r712     | DW01_cmp2    | width=3    |               | lt_135               |
| r713     | DW01_add     | width=3    |               | add_59               |
| r721     | DW01_inc     | width=3    |               | add_100_I7           |
| r781     | DW_rightsh   | A_width=32 |               | srl_116_I3_I10       |
|          |              | SH_width=32 |              |                      |
| r13163   | DW_cmp       | width=3    |               | lt_116 lt_116_I10    |
|          |              |            |               | lt_116_I11           |
|          |              |            |               | lt_116_I12           |
|          |              |            |               | lt_116_I13           |
|          |              |            |               | lt_116_I14           |
|          |              |            |               | lt_116_I15           |
|          |              |            |               | lt_116_I16           |
|          |              |            |               | lt_116_I17           |
|          |              |            |               | lt_116_I18           |
|          |              |            |               | lt_116_I19 lt_116_I2 |
|          |              |            |               | lt_116_I20           |
|          |              |            |               | lt_116_I21           |
|          |              |            |               | lt_116_I22           |
|          |              |            |               | lt_116_I23           |
|          |              |            |               | lt_116_I24           |
|          |              |            |               | lt_116_I25           |
|          |              |            |               | lt_116_I26           |
|          |              |            |               | lt_116_I27           |
|          |              |            |               | lt_116_I28           |
|          |              |            |               | lt_116_I29 lt_116_I3 |
|          |              |            |               | lt_116_I30           |
|          |              |            |               | lt_116_I31           |
|          |              |            |               | lt_116_I32 lt_116_I4 |
|          |              |            |               | lt_116_I5 lt_116_I6  |
|          |              |            |               | lt_116_I7 lt_116_I8  |
|          |              |            |               | lt_116_I9 lt_131     |
|          |              |            |               | lt_69                |
| r13164   | DW_cmp       | width=3    |               | lt_116_I2_I1         |
|          |              |            |               | lt_116_I2_I10        |
|          |              |            |               | lt_116_I2_I11        |
|          |              |            |               | lt_116_I2_I12        |
|          |              |            |               | lt_116_I2_I13        |
|          |              |            |               | lt_116_I2_I14        |
|          |              |            |               | lt_116_I2_I15        |
|          |              |            |               | lt_116_I2_I16        |
|          |              |            |               | lt_116_I2_I17        |
|          |              |            |               | lt_116_I2_I18        |
|          |              |            |               | lt_116_I2_I19        |
|          |              |            |               | lt_116_I2_I2         |
|          |              |            |               | lt_116_I2_I20        |
|          |              |            |               | lt_116_I2_I21        |
|          |              |            |               | lt_116_I2_I22        |
|          |              |            |               | lt_116_I2_I23        |
|          |              |            |               | lt_116_I2_I24        |
|          |              |            |               | lt_116_I2_I25        |
|          |              |            |               | lt_116_I2_I26        |
|          |              |            |               | lt_116_I2_I27        |
|          |              |            |               | lt_116_I2_I28        |
|          |              |            |               | lt_116_I2_I29        |
|          |              |            |               | lt_116_I2_I3         |
|          |              |            |               | lt_116_I2_I30        |
|          |              |            |               | lt_116_I2_I31        |
|          |              |            |               | lt_116_I2_I32        |
|          |              |            |               | lt_116_I2_I4         |
|          |              |            |               | lt_116_I2_I5         |
|          |              |            |               | lt_116_I2_I6         |
|          |              |            |               | lt_116_I2_I7         |
|          |              |            |               | lt_116_I2_I8         |
|          |              |            |               | lt_116_I2_I9         |
|          |              |            |               | lt_131_I2 lt_69_I2   |
| r13166   | DW_cmp       | width=3    |               | lt_116_I3_I1         |
|          |              |            |               | lt_116_I3_I10        |
|          |              |            |               | lt_116_I3_I11        |
|          |              |            |               | lt_116_I3_I12        |
|          |              |            |               | lt_116_I3_I13        |
|          |              |            |               | lt_116_I3_I14        |
|          |              |            |               | lt_116_I3_I15        |
|          |              |            |               | lt_116_I3_I16        |
|          |              |            |               | lt_116_I3_I17        |
|          |              |            |               | lt_116_I3_I18        |
|          |              |            |               | lt_116_I3_I19        |
|          |              |            |               | lt_116_I3_I2         |
|          |              |            |               | lt_116_I3_I20        |
|          |              |            |               | lt_116_I3_I21        |
|          |              |            |               | lt_116_I3_I22        |
|          |              |            |               | lt_116_I3_I23        |
|          |              |            |               | lt_116_I3_I24        |
|          |              |            |               | lt_116_I3_I25        |
|          |              |            |               | lt_116_I3_I26        |
|          |              |            |               | lt_116_I3_I27        |
|          |              |            |               | lt_116_I3_I28        |
|          |              |            |               | lt_116_I3_I29        |
|          |              |            |               | lt_116_I3_I3         |
|          |              |            |               | lt_116_I3_I30        |
|          |              |            |               | lt_116_I3_I31        |
|          |              |            |               | lt_116_I3_I32        |
|          |              |            |               | lt_116_I3_I4         |
|          |              |            |               | lt_116_I3_I5         |
|          |              |            |               | lt_116_I3_I6         |
|          |              |            |               | lt_116_I3_I7         |
|          |              |            |               | lt_116_I3_I8         |
|          |              |            |               | lt_116_I3_I9         |
|          |              |            |               | lt_122_I3_I1         |
|          |              |            |               | lt_122_I3_I10        |
|          |              |            |               | lt_122_I3_I11        |
|          |              |            |               | lt_122_I3_I12        |
|          |              |            |               | lt_122_I3_I13        |
|          |              |            |               | lt_122_I3_I14        |
|          |              |            |               | lt_122_I3_I15        |
|          |              |            |               | lt_122_I3_I16        |
|          |              |            |               | lt_122_I3_I17        |
|          |              |            |               | lt_122_I3_I18        |
|          |              |            |               | lt_122_I3_I19        |
|          |              |            |               | lt_122_I3_I2         |
|          |              |            |               | lt_122_I3_I20        |
|          |              |            |               | lt_122_I3_I21        |
|          |              |            |               | lt_122_I3_I22        |
|          |              |            |               | lt_122_I3_I23        |
|          |              |            |               | lt_122_I3_I24        |
|          |              |            |               | lt_122_I3_I25        |
|          |              |            |               | lt_122_I3_I26        |
|          |              |            |               | lt_122_I3_I27        |
|          |              |            |               | lt_122_I3_I28        |
|          |              |            |               | lt_122_I3_I29        |
|          |              |            |               | lt_122_I3_I3         |
|          |              |            |               | lt_122_I3_I30        |
|          |              |            |               | lt_122_I3_I31        |
|          |              |            |               | lt_122_I3_I32        |
|          |              |            |               | lt_122_I3_I4         |
|          |              |            |               | lt_122_I3_I5         |
|          |              |            |               | lt_122_I3_I6         |
|          |              |            |               | lt_122_I3_I7         |
|          |              |            |               | lt_122_I3_I8         |
|          |              |            |               | lt_122_I3_I9         |
|          |              |            |               | lt_131_I3 lt_69_I3   |
| r13167   | DW_cmp       | width=3    |               | lt_116_I4_I1         |
|          |              |            |               | lt_116_I4_I10        |
|          |              |            |               | lt_116_I4_I11        |
|          |              |            |               | lt_116_I4_I12        |
|          |              |            |               | lt_116_I4_I13        |
|          |              |            |               | lt_116_I4_I14        |
|          |              |            |               | lt_116_I4_I15        |
|          |              |            |               | lt_116_I4_I16        |
|          |              |            |               | lt_116_I4_I17        |
|          |              |            |               | lt_116_I4_I18        |
|          |              |            |               | lt_116_I4_I19        |
|          |              |            |               | lt_116_I4_I2         |
|          |              |            |               | lt_116_I4_I20        |
|          |              |            |               | lt_116_I4_I21        |
|          |              |            |               | lt_116_I4_I22        |
|          |              |            |               | lt_116_I4_I23        |
|          |              |            |               | lt_116_I4_I24        |
|          |              |            |               | lt_116_I4_I25        |
|          |              |            |               | lt_116_I4_I26        |
|          |              |            |               | lt_116_I4_I27        |
|          |              |            |               | lt_116_I4_I28        |
|          |              |            |               | lt_116_I4_I29        |
|          |              |            |               | lt_116_I4_I3         |
|          |              |            |               | lt_116_I4_I30        |
|          |              |            |               | lt_116_I4_I31        |
|          |              |            |               | lt_116_I4_I32        |
|          |              |            |               | lt_116_I4_I4         |
|          |              |            |               | lt_116_I4_I5         |
|          |              |            |               | lt_116_I4_I6         |
|          |              |            |               | lt_116_I4_I7         |
|          |              |            |               | lt_116_I4_I8         |
|          |              |            |               | lt_116_I4_I9         |
|          |              |            |               | lt_122_I4_I1         |
|          |              |            |               | lt_122_I4_I10        |
|          |              |            |               | lt_122_I4_I11        |
|          |              |            |               | lt_122_I4_I12        |
|          |              |            |               | lt_122_I4_I13        |
|          |              |            |               | lt_122_I4_I14        |
|          |              |            |               | lt_122_I4_I15        |
|          |              |            |               | lt_122_I4_I16        |
|          |              |            |               | lt_122_I4_I17        |
|          |              |            |               | lt_122_I4_I18        |
|          |              |            |               | lt_122_I4_I19        |
|          |              |            |               | lt_122_I4_I2         |
|          |              |            |               | lt_122_I4_I20        |
|          |              |            |               | lt_122_I4_I21        |
|          |              |            |               | lt_122_I4_I22        |
|          |              |            |               | lt_122_I4_I23        |
|          |              |            |               | lt_122_I4_I24        |
|          |              |            |               | lt_122_I4_I25        |
|          |              |            |               | lt_122_I4_I26        |
|          |              |            |               | lt_122_I4_I27        |
|          |              |            |               | lt_122_I4_I28        |
|          |              |            |               | lt_122_I4_I29        |
|          |              |            |               | lt_122_I4_I3         |
|          |              |            |               | lt_122_I4_I30        |
|          |              |            |               | lt_122_I4_I31        |
|          |              |            |               | lt_122_I4_I32        |
|          |              |            |               | lt_122_I4_I4         |
|          |              |            |               | lt_122_I4_I5         |
|          |              |            |               | lt_122_I4_I6         |
|          |              |            |               | lt_122_I4_I7         |
|          |              |            |               | lt_122_I4_I8         |
|          |              |            |               | lt_122_I4_I9         |
|          |              |            |               | lt_131_I4 lt_69_I4   |
| r13169   | DW_cmp       | width=3    |               | lt_116_I5_I1         |
|          |              |            |               | lt_116_I5_I10        |
|          |              |            |               | lt_116_I5_I11        |
|          |              |            |               | lt_116_I5_I12        |
|          |              |            |               | lt_116_I5_I13        |
|          |              |            |               | lt_116_I5_I14        |
|          |              |            |               | lt_116_I5_I15        |
|          |              |            |               | lt_116_I5_I16        |
|          |              |            |               | lt_116_I5_I17        |
|          |              |            |               | lt_116_I5_I18        |
|          |              |            |               | lt_116_I5_I19        |
|          |              |            |               | lt_116_I5_I2         |
|          |              |            |               | lt_116_I5_I20        |
|          |              |            |               | lt_116_I5_I21        |
|          |              |            |               | lt_116_I5_I22        |
|          |              |            |               | lt_116_I5_I23        |
|          |              |            |               | lt_116_I5_I24        |
|          |              |            |               | lt_116_I5_I25        |
|          |              |            |               | lt_116_I5_I26        |
|          |              |            |               | lt_116_I5_I27        |
|          |              |            |               | lt_116_I5_I28        |
|          |              |            |               | lt_116_I5_I29        |
|          |              |            |               | lt_116_I5_I3         |
|          |              |            |               | lt_116_I5_I30        |
|          |              |            |               | lt_116_I5_I31        |
|          |              |            |               | lt_116_I5_I32        |
|          |              |            |               | lt_116_I5_I4         |
|          |              |            |               | lt_116_I5_I5         |
|          |              |            |               | lt_116_I5_I6         |
|          |              |            |               | lt_116_I5_I7         |
|          |              |            |               | lt_116_I5_I8         |
|          |              |            |               | lt_116_I5_I9         |
|          |              |            |               | lt_131_I5 lt_69_I5   |
| r13171   | DW_cmp       | width=3    |               | lt_101 lt_77 lt_98   |
| r13172   | DW_mult_uns  | a_width=3  |               | mult_80_2            |
|          |              | b_width=3  |               | mult_80_2_I2         |
|          |              |            |               | mult_80_2_I3         |
|          |              |            |               | mult_80_2_I4         |
|          |              |            |               | mult_80_2_I5         |
|          |              |            |               | mult_80_2_I6         |
|          |              |            |               | mult_80_2_I7         |
|          |              |            |               | mult_80_3            |
|          |              |            |               | mult_80_3_I2         |
|          |              |            |               | mult_80_3_I3         |
|          |              |            |               | mult_80_3_I4         |
|          |              |            |               | mult_80_3_I5         |
|          |              |            |               | mult_80_3_I6         |
|          |              |            |               | mult_80_3_I7         |
| r13173   | DW01_add     | width=6    |               | add_80_2 add_80_3    |
| r13175   | DW_cmp       | width=3    |               | lt_89 lt_93          |
| r13178   | DW_cmp       | width=3    |               | lt_89_I2_I1          |
|          |              |            |               | lt_93_I2_I1          |
| r13181   | DW_cmp       | width=3    |               | lt_89_I3_I1          |
|          |              |            |               | lt_93_I3_I1          |
| r13184   | DW_cmp       | width=3    |               | lt_89_I4_I1          |
|          |              |            |               | lt_93_I4_I1          |
| r13187   | DW_cmp       | width=3    |               | lt_89_I5_I1          |
|          |              |            |               | lt_93_I5_I1          |
| r13190   | DW01_inc     | width=3    |               | add_100 add_103      |
| r13193   | DW01_add     | width=6    |               | add_80_2_I2          |
|          |              |            |               | add_80_3_I2          |
| r13221   | DW01_add     | width=6    |               | add_80_2_I3          |
|          |              |            |               | add_80_3_I3          |
| r13249   | DW01_add     | width=6    |               | add_80_2_I4          |
|          |              |            |               | add_80_3_I4          |
| r13277   | DW01_add     | width=6    |               | add_80_2_I5          |
|          |              |            |               | add_80_3_I5          |
| r13305   | DW01_add     | width=6    |               | add_80_2_I6          |
|          |              |            |               | add_80_3_I6          |
| r13333   | DW01_add     | width=6    |               | add_80_2_I7          |
|          |              |            |               | add_80_3_I7          |
| r13359   | DW_leftsh    | A_width=9  |               | sll_114 sll_114_I10  |
|          |              | SH_width=3 |               | sll_114_I11          |
|          |              |            |               | sll_114_I12          |
|          |              |            |               | sll_114_I13          |
|          |              |            |               | sll_114_I14          |
|          |              |            |               | sll_114_I15          |
|          |              |            |               | sll_114_I16          |
|          |              |            |               | sll_114_I17          |
|          |              |            |               | sll_114_I18          |
|          |              |            |               | sll_114_I19          |
|          |              |            |               | sll_114_I2           |
|          |              |            |               | sll_114_I20          |
|          |              |            |               | sll_114_I21          |
|          |              |            |               | sll_114_I22          |
|          |              |            |               | sll_114_I23          |
|          |              |            |               | sll_114_I24          |
|          |              |            |               | sll_114_I25          |
|          |              |            |               | sll_114_I26          |
|          |              |            |               | sll_114_I27          |
|          |              |            |               | sll_114_I28          |
|          |              |            |               | sll_114_I29          |
|          |              |            |               | sll_114_I3           |
|          |              |            |               | sll_114_I30          |
|          |              |            |               | sll_114_I31          |
|          |              |            |               | sll_114_I32          |
|          |              |            |               | sll_114_I4           |
|          |              |            |               | sll_114_I5           |
|          |              |            |               | sll_114_I6           |
|          |              |            |               | sll_114_I7           |
|          |              |            |               | sll_114_I8           |
|          |              |            |               | sll_114_I9           |
| r13361   | DW01_dec     | width=4    |               | sub_116 sub_116_I10  |
|          |              |            |               | sub_116_I11          |
|          |              |            |               | sub_116_I12          |
|          |              |            |               | sub_116_I13          |
|          |              |            |               | sub_116_I14          |
|          |              |            |               | sub_116_I15          |
|          |              |            |               | sub_116_I16          |
|          |              |            |               | sub_116_I17          |
|          |              |            |               | sub_116_I18          |
|          |              |            |               | sub_116_I19          |
|          |              |            |               | sub_116_I2           |
|          |              |            |               | sub_116_I20          |
|          |              |            |               | sub_116_I21          |
|          |              |            |               | sub_116_I22          |
|          |              |            |               | sub_116_I23          |
|          |              |            |               | sub_116_I24          |
|          |              |            |               | sub_116_I25          |
|          |              |            |               | sub_116_I26          |
|          |              |            |               | sub_116_I27          |
|          |              |            |               | sub_116_I28          |
|          |              |            |               | sub_116_I29          |
|          |              |            |               | sub_116_I2_I1        |
|          |              |            |               | sub_116_I2_I10       |
|          |              |            |               | sub_116_I2_I11       |
|          |              |            |               | sub_116_I2_I12       |
|          |              |            |               | sub_116_I2_I13       |
|          |              |            |               | sub_116_I2_I14       |
|          |              |            |               | sub_116_I2_I15       |
|          |              |            |               | sub_116_I2_I16       |
|          |              |            |               | sub_116_I2_I17       |
|          |              |            |               | sub_116_I2_I18       |
|          |              |            |               | sub_116_I2_I19       |
|          |              |            |               | sub_116_I2_I2        |
|          |              |            |               | sub_116_I2_I20       |
|          |              |            |               | sub_116_I2_I21       |
|          |              |            |               | sub_116_I2_I22       |
|          |              |            |               | sub_116_I2_I23       |
|          |              |            |               | sub_116_I2_I24       |
|          |              |            |               | sub_116_I2_I25       |
|          |              |            |               | sub_116_I2_I26       |
|          |              |            |               | sub_116_I2_I27       |
|          |              |            |               | sub_116_I2_I28       |
|          |              |            |               | sub_116_I2_I29       |
|          |              |            |               | sub_116_I2_I3        |
|          |              |            |               | sub_116_I2_I30       |
|          |              |            |               | sub_116_I2_I31       |
|          |              |            |               | sub_116_I2_I32       |
|          |              |            |               | sub_116_I2_I4        |
|          |              |            |               | sub_116_I2_I5        |
|          |              |            |               | sub_116_I2_I6        |
|          |              |            |               | sub_116_I2_I7        |
|          |              |            |               | sub_116_I2_I8        |
|          |              |            |               | sub_116_I2_I9        |
|          |              |            |               | sub_116_I3           |
|          |              |            |               | sub_116_I30          |
|          |              |            |               | sub_116_I31          |
|          |              |            |               | sub_116_I32          |
|          |              |            |               | sub_116_I3_I1        |
|          |              |            |               | sub_116_I3_I10       |
|          |              |            |               | sub_116_I3_I11       |
|          |              |            |               | sub_116_I3_I12       |
|          |              |            |               | sub_116_I3_I13       |
|          |              |            |               | sub_116_I3_I14       |
|          |              |            |               | sub_116_I3_I15       |
|          |              |            |               | sub_116_I3_I16       |
|          |              |            |               | sub_116_I3_I17       |
|          |              |            |               | sub_116_I3_I18       |
|          |              |            |               | sub_116_I3_I19       |
|          |              |            |               | sub_116_I3_I2        |
|          |              |            |               | sub_116_I3_I20       |
|          |              |            |               | sub_116_I3_I21       |
|          |              |            |               | sub_116_I3_I22       |
|          |              |            |               | sub_116_I3_I23       |
|          |              |            |               | sub_116_I3_I24       |
|          |              |            |               | sub_116_I3_I25       |
|          |              |            |               | sub_116_I3_I26       |
|          |              |            |               | sub_116_I3_I27       |
|          |              |            |               | sub_116_I3_I28       |
|          |              |            |               | sub_116_I3_I29       |
|          |              |            |               | sub_116_I3_I3        |
|          |              |            |               | sub_116_I3_I30       |
|          |              |            |               | sub_116_I3_I31       |
|          |              |            |               | sub_116_I3_I32       |
|          |              |            |               | sub_116_I3_I4        |
|          |              |            |               | sub_116_I3_I5        |
|          |              |            |               | sub_116_I3_I6        |
|          |              |            |               | sub_116_I3_I7        |
|          |              |            |               | sub_116_I3_I8        |
|          |              |            |               | sub_116_I3_I9        |
|          |              |            |               | sub_116_I4           |
|          |              |            |               | sub_116_I4_I1        |
|          |              |            |               | sub_116_I4_I10       |
|          |              |            |               | sub_116_I4_I11       |
|          |              |            |               | sub_116_I4_I12       |
|          |              |            |               | sub_116_I4_I13       |
|          |              |            |               | sub_116_I4_I14       |
|          |              |            |               | sub_116_I4_I15       |
|          |              |            |               | sub_116_I4_I16       |
|          |              |            |               | sub_116_I4_I17       |
|          |              |            |               | sub_116_I4_I18       |
|          |              |            |               | sub_116_I4_I19       |
|          |              |            |               | sub_116_I4_I2        |
|          |              |            |               | sub_116_I4_I20       |
|          |              |            |               | sub_116_I4_I21       |
|          |              |            |               | sub_116_I4_I22       |
|          |              |            |               | sub_116_I4_I23       |
|          |              |            |               | sub_116_I4_I24       |
|          |              |            |               | sub_116_I4_I25       |
|          |              |            |               | sub_116_I4_I26       |
|          |              |            |               | sub_116_I4_I27       |
|          |              |            |               | sub_116_I4_I28       |
|          |              |            |               | sub_116_I4_I29       |
|          |              |            |               | sub_116_I4_I3        |
|          |              |            |               | sub_116_I4_I30       |
|          |              |            |               | sub_116_I4_I31       |
|          |              |            |               | sub_116_I4_I32       |
|          |              |            |               | sub_116_I4_I4        |
|          |              |            |               | sub_116_I4_I5        |
|          |              |            |               | sub_116_I4_I6        |
|          |              |            |               | sub_116_I4_I7        |
|          |              |            |               | sub_116_I4_I8        |
|          |              |            |               | sub_116_I4_I9        |
|          |              |            |               | sub_116_I5           |
|          |              |            |               | sub_116_I5_I1        |
|          |              |            |               | sub_116_I5_I10       |
|          |              |            |               | sub_116_I5_I11       |
|          |              |            |               | sub_116_I5_I12       |
|          |              |            |               | sub_116_I5_I13       |
|          |              |            |               | sub_116_I5_I14       |
|          |              |            |               | sub_116_I5_I15       |
|          |              |            |               | sub_116_I5_I16       |
|          |              |            |               | sub_116_I5_I17       |
|          |              |            |               | sub_116_I5_I18       |
|          |              |            |               | sub_116_I5_I19       |
|          |              |            |               | sub_116_I5_I2        |
|          |              |            |               | sub_116_I5_I20       |
|          |              |            |               | sub_116_I5_I21       |
|          |              |            |               | sub_116_I5_I22       |
|          |              |            |               | sub_116_I5_I23       |
|          |              |            |               | sub_116_I5_I24       |
|          |              |            |               | sub_116_I5_I25       |
|          |              |            |               | sub_116_I5_I26       |
|          |              |            |               | sub_116_I5_I27       |
|          |              |            |               | sub_116_I5_I28       |
|          |              |            |               | sub_116_I5_I29       |
|          |              |            |               | sub_116_I5_I3        |
|          |              |            |               | sub_116_I5_I30       |
|          |              |            |               | sub_116_I5_I31       |
|          |              |            |               | sub_116_I5_I32       |
|          |              |            |               | sub_116_I5_I4        |
|          |              |            |               | sub_116_I5_I5        |
|          |              |            |               | sub_116_I5_I6        |
|          |              |            |               | sub_116_I5_I7        |
|          |              |            |               | sub_116_I5_I8        |
|          |              |            |               | sub_116_I5_I9        |
|          |              |            |               | sub_116_I6           |
|          |              |            |               | sub_116_I7           |
|          |              |            |               | sub_116_I8           |
|          |              |            |               | sub_116_I9           |
| r13364   | DW01_dec     | width=5    |               | sub_116_2_I2_I1      |
|          |              |            |               | sub_116_2_I2_I10     |
|          |              |            |               | sub_116_2_I2_I11     |
|          |              |            |               | sub_116_2_I2_I12     |
|          |              |            |               | sub_116_2_I2_I13     |
|          |              |            |               | sub_116_2_I2_I14     |
|          |              |            |               | sub_116_2_I2_I15     |
|          |              |            |               | sub_116_2_I2_I16     |
|          |              |            |               | sub_116_2_I2_I17     |
|          |              |            |               | sub_116_2_I2_I18     |
|          |              |            |               | sub_116_2_I2_I19     |
|          |              |            |               | sub_116_2_I2_I2      |
|          |              |            |               | sub_116_2_I2_I20     |
|          |              |            |               | sub_116_2_I2_I21     |
|          |              |            |               | sub_116_2_I2_I22     |
|          |              |            |               | sub_116_2_I2_I23     |
|          |              |            |               | sub_116_2_I2_I24     |
|          |              |            |               | sub_116_2_I2_I25     |
|          |              |            |               | sub_116_2_I2_I26     |
|          |              |            |               | sub_116_2_I2_I27     |
|          |              |            |               | sub_116_2_I2_I28     |
|          |              |            |               | sub_116_2_I2_I29     |
|          |              |            |               | sub_116_2_I2_I3      |
|          |              |            |               | sub_116_2_I2_I30     |
|          |              |            |               | sub_116_2_I2_I31     |
|          |              |            |               | sub_116_2_I2_I32     |
|          |              |            |               | sub_116_2_I2_I4      |
|          |              |            |               | sub_116_2_I2_I5      |
|          |              |            |               | sub_116_2_I2_I6      |
|          |              |            |               | sub_116_2_I2_I7      |
|          |              |            |               | sub_116_2_I2_I8      |
|          |              |            |               | sub_116_2_I2_I9      |
| r13368   | DW01_sub     | width=5    |               | sub_116_2_I3_I1      |
|          |              |            |               | sub_116_2_I3_I10     |
|          |              |            |               | sub_116_2_I3_I11     |
|          |              |            |               | sub_116_2_I3_I12     |
|          |              |            |               | sub_116_2_I3_I13     |
|          |              |            |               | sub_116_2_I3_I14     |
|          |              |            |               | sub_116_2_I3_I15     |
|          |              |            |               | sub_116_2_I3_I16     |
|          |              |            |               | sub_116_2_I3_I17     |
|          |              |            |               | sub_116_2_I3_I18     |
|          |              |            |               | sub_116_2_I3_I19     |
|          |              |            |               | sub_116_2_I3_I2      |
|          |              |            |               | sub_116_2_I3_I20     |
|          |              |            |               | sub_116_2_I3_I21     |
|          |              |            |               | sub_116_2_I3_I22     |
|          |              |            |               | sub_116_2_I3_I23     |
|          |              |            |               | sub_116_2_I3_I24     |
|          |              |            |               | sub_116_2_I3_I25     |
|          |              |            |               | sub_116_2_I3_I26     |
|          |              |            |               | sub_116_2_I3_I27     |
|          |              |            |               | sub_116_2_I3_I28     |
|          |              |            |               | sub_116_2_I3_I29     |
|          |              |            |               | sub_116_2_I3_I3      |
|          |              |            |               | sub_116_2_I3_I30     |
|          |              |            |               | sub_116_2_I3_I31     |
|          |              |            |               | sub_116_2_I3_I32     |
|          |              |            |               | sub_116_2_I3_I4      |
|          |              |            |               | sub_116_2_I3_I5      |
|          |              |            |               | sub_116_2_I3_I6      |
|          |              |            |               | sub_116_2_I3_I7      |
|          |              |            |               | sub_116_2_I3_I8      |
|          |              |            |               | sub_116_2_I3_I9      |
| r13371   | DW01_sub     | width=5    |               | sub_116_2_I4_I1      |
|          |              |            |               | sub_116_2_I4_I10     |
|          |              |            |               | sub_116_2_I4_I11     |
|          |              |            |               | sub_116_2_I4_I12     |
|          |              |            |               | sub_116_2_I4_I13     |
|          |              |            |               | sub_116_2_I4_I14     |
|          |              |            |               | sub_116_2_I4_I15     |
|          |              |            |               | sub_116_2_I4_I16     |
|          |              |            |               | sub_116_2_I4_I17     |
|          |              |            |               | sub_116_2_I4_I18     |
|          |              |            |               | sub_116_2_I4_I19     |
|          |              |            |               | sub_116_2_I4_I2      |
|          |              |            |               | sub_116_2_I4_I20     |
|          |              |            |               | sub_116_2_I4_I21     |
|          |              |            |               | sub_116_2_I4_I22     |
|          |              |            |               | sub_116_2_I4_I23     |
|          |              |            |               | sub_116_2_I4_I24     |
|          |              |            |               | sub_116_2_I4_I25     |
|          |              |            |               | sub_116_2_I4_I26     |
|          |              |            |               | sub_116_2_I4_I27     |
|          |              |            |               | sub_116_2_I4_I28     |
|          |              |            |               | sub_116_2_I4_I29     |
|          |              |            |               | sub_116_2_I4_I3      |
|          |              |            |               | sub_116_2_I4_I30     |
|          |              |            |               | sub_116_2_I4_I31     |
|          |              |            |               | sub_116_2_I4_I32     |
|          |              |            |               | sub_116_2_I4_I4      |
|          |              |            |               | sub_116_2_I4_I5      |
|          |              |            |               | sub_116_2_I4_I6      |
|          |              |            |               | sub_116_2_I4_I7      |
|          |              |            |               | sub_116_2_I4_I8      |
|          |              |            |               | sub_116_2_I4_I9      |
| r13374   | DW01_sub     | width=5    |               | sub_116_2_I5_I1      |
|          |              |            |               | sub_116_2_I5_I10     |
|          |              |            |               | sub_116_2_I5_I11     |
|          |              |            |               | sub_116_2_I5_I12     |
|          |              |            |               | sub_116_2_I5_I13     |
|          |              |            |               | sub_116_2_I5_I14     |
|          |              |            |               | sub_116_2_I5_I15     |
|          |              |            |               | sub_116_2_I5_I16     |
|          |              |            |               | sub_116_2_I5_I17     |
|          |              |            |               | sub_116_2_I5_I18     |
|          |              |            |               | sub_116_2_I5_I19     |
|          |              |            |               | sub_116_2_I5_I2      |
|          |              |            |               | sub_116_2_I5_I20     |
|          |              |            |               | sub_116_2_I5_I21     |
|          |              |            |               | sub_116_2_I5_I22     |
|          |              |            |               | sub_116_2_I5_I23     |
|          |              |            |               | sub_116_2_I5_I24     |
|          |              |            |               | sub_116_2_I5_I25     |
|          |              |            |               | sub_116_2_I5_I26     |
|          |              |            |               | sub_116_2_I5_I27     |
|          |              |            |               | sub_116_2_I5_I28     |
|          |              |            |               | sub_116_2_I5_I29     |
|          |              |            |               | sub_116_2_I5_I3      |
|          |              |            |               | sub_116_2_I5_I30     |
|          |              |            |               | sub_116_2_I5_I31     |
|          |              |            |               | sub_116_2_I5_I32     |
|          |              |            |               | sub_116_2_I5_I4      |
|          |              |            |               | sub_116_2_I5_I5      |
|          |              |            |               | sub_116_2_I5_I6      |
|          |              |            |               | sub_116_2_I5_I7      |
|          |              |            |               | sub_116_2_I5_I8      |
|          |              |            |               | sub_116_2_I5_I9      |
| r13379   | DW_cmp       | width=3    |               | lt_122 lt_122_I10    |
|          |              |            |               | lt_122_I11           |
|          |              |            |               | lt_122_I12           |
|          |              |            |               | lt_122_I13           |
|          |              |            |               | lt_122_I14           |
|          |              |            |               | lt_122_I15           |
|          |              |            |               | lt_122_I16           |
|          |              |            |               | lt_122_I17           |
|          |              |            |               | lt_122_I18           |
|          |              |            |               | lt_122_I19 lt_122_I2 |
|          |              |            |               | lt_122_I20           |
|          |              |            |               | lt_122_I21           |
|          |              |            |               | lt_122_I22           |
|          |              |            |               | lt_122_I23           |
|          |              |            |               | lt_122_I24           |
|          |              |            |               | lt_122_I25           |
|          |              |            |               | lt_122_I26           |
|          |              |            |               | lt_122_I27           |
|          |              |            |               | lt_122_I28           |
|          |              |            |               | lt_122_I29 lt_122_I3 |
|          |              |            |               | lt_122_I30           |
|          |              |            |               | lt_122_I31           |
|          |              |            |               | lt_122_I32 lt_122_I4 |
|          |              |            |               | lt_122_I5 lt_122_I6  |
|          |              |            |               | lt_122_I7 lt_122_I8  |
|          |              |            |               | lt_122_I9            |
| r13380   | DW01_dec     | width=4    |               | sub_123 sub_123_I10  |
|          |              |            |               | sub_123_I11          |
|          |              |            |               | sub_123_I12          |
|          |              |            |               | sub_123_I13          |
|          |              |            |               | sub_123_I14          |
|          |              |            |               | sub_123_I15          |
|          |              |            |               | sub_123_I16          |
|          |              |            |               | sub_123_I17          |
|          |              |            |               | sub_123_I18          |
|          |              |            |               | sub_123_I19          |
|          |              |            |               | sub_123_I2           |
|          |              |            |               | sub_123_I20          |
|          |              |            |               | sub_123_I21          |
|          |              |            |               | sub_123_I22          |
|          |              |            |               | sub_123_I23          |
|          |              |            |               | sub_123_I24          |
|          |              |            |               | sub_123_I25          |
|          |              |            |               | sub_123_I26          |
|          |              |            |               | sub_123_I27          |
|          |              |            |               | sub_123_I28          |
|          |              |            |               | sub_123_I29          |
|          |              |            |               | sub_123_I2_I1        |
|          |              |            |               | sub_123_I2_I10       |
|          |              |            |               | sub_123_I2_I11       |
|          |              |            |               | sub_123_I2_I12       |
|          |              |            |               | sub_123_I2_I13       |
|          |              |            |               | sub_123_I2_I14       |
|          |              |            |               | sub_123_I2_I15       |
|          |              |            |               | sub_123_I2_I16       |
|          |              |            |               | sub_123_I2_I17       |
|          |              |            |               | sub_123_I2_I18       |
|          |              |            |               | sub_123_I2_I19       |
|          |              |            |               | sub_123_I2_I2        |
|          |              |            |               | sub_123_I2_I20       |
|          |              |            |               | sub_123_I2_I21       |
|          |              |            |               | sub_123_I2_I22       |
|          |              |            |               | sub_123_I2_I23       |
|          |              |            |               | sub_123_I2_I24       |
|          |              |            |               | sub_123_I2_I25       |
|          |              |            |               | sub_123_I2_I26       |
|          |              |            |               | sub_123_I2_I27       |
|          |              |            |               | sub_123_I2_I28       |
|          |              |            |               | sub_123_I2_I29       |
|          |              |            |               | sub_123_I2_I3        |
|          |              |            |               | sub_123_I2_I30       |
|          |              |            |               | sub_123_I2_I31       |
|          |              |            |               | sub_123_I2_I32       |
|          |              |            |               | sub_123_I2_I4        |
|          |              |            |               | sub_123_I2_I5        |
|          |              |            |               | sub_123_I2_I6        |
|          |              |            |               | sub_123_I2_I7        |
|          |              |            |               | sub_123_I2_I8        |
|          |              |            |               | sub_123_I2_I9        |
|          |              |            |               | sub_123_I3           |
|          |              |            |               | sub_123_I30          |
|          |              |            |               | sub_123_I31          |
|          |              |            |               | sub_123_I32          |
|          |              |            |               | sub_123_I3_I1        |
|          |              |            |               | sub_123_I3_I10       |
|          |              |            |               | sub_123_I3_I11       |
|          |              |            |               | sub_123_I3_I12       |
|          |              |            |               | sub_123_I3_I13       |
|          |              |            |               | sub_123_I3_I14       |
|          |              |            |               | sub_123_I3_I15       |
|          |              |            |               | sub_123_I3_I16       |
|          |              |            |               | sub_123_I3_I17       |
|          |              |            |               | sub_123_I3_I18       |
|          |              |            |               | sub_123_I3_I19       |
|          |              |            |               | sub_123_I3_I2        |
|          |              |            |               | sub_123_I3_I20       |
|          |              |            |               | sub_123_I3_I21       |
|          |              |            |               | sub_123_I3_I22       |
|          |              |            |               | sub_123_I3_I23       |
|          |              |            |               | sub_123_I3_I24       |
|          |              |            |               | sub_123_I3_I25       |
|          |              |            |               | sub_123_I3_I26       |
|          |              |            |               | sub_123_I3_I27       |
|          |              |            |               | sub_123_I3_I28       |
|          |              |            |               | sub_123_I3_I29       |
|          |              |            |               | sub_123_I3_I3        |
|          |              |            |               | sub_123_I3_I30       |
|          |              |            |               | sub_123_I3_I31       |
|          |              |            |               | sub_123_I3_I32       |
|          |              |            |               | sub_123_I3_I4        |
|          |              |            |               | sub_123_I3_I5        |
|          |              |            |               | sub_123_I3_I6        |
|          |              |            |               | sub_123_I3_I7        |
|          |              |            |               | sub_123_I3_I8        |
|          |              |            |               | sub_123_I3_I9        |
|          |              |            |               | sub_123_I4           |
|          |              |            |               | sub_123_I4_I1        |
|          |              |            |               | sub_123_I4_I10       |
|          |              |            |               | sub_123_I4_I11       |
|          |              |            |               | sub_123_I4_I12       |
|          |              |            |               | sub_123_I4_I13       |
|          |              |            |               | sub_123_I4_I14       |
|          |              |            |               | sub_123_I4_I15       |
|          |              |            |               | sub_123_I4_I16       |
|          |              |            |               | sub_123_I4_I17       |
|          |              |            |               | sub_123_I4_I18       |
|          |              |            |               | sub_123_I4_I19       |
|          |              |            |               | sub_123_I4_I2        |
|          |              |            |               | sub_123_I4_I20       |
|          |              |            |               | sub_123_I4_I21       |
|          |              |            |               | sub_123_I4_I22       |
|          |              |            |               | sub_123_I4_I23       |
|          |              |            |               | sub_123_I4_I24       |
|          |              |            |               | sub_123_I4_I25       |
|          |              |            |               | sub_123_I4_I26       |
|          |              |            |               | sub_123_I4_I27       |
|          |              |            |               | sub_123_I4_I28       |
|          |              |            |               | sub_123_I4_I29       |
|          |              |            |               | sub_123_I4_I3        |
|          |              |            |               | sub_123_I4_I30       |
|          |              |            |               | sub_123_I4_I31       |
|          |              |            |               | sub_123_I4_I32       |
|          |              |            |               | sub_123_I4_I4        |
|          |              |            |               | sub_123_I4_I5        |
|          |              |            |               | sub_123_I4_I6        |
|          |              |            |               | sub_123_I4_I7        |
|          |              |            |               | sub_123_I4_I8        |
|          |              |            |               | sub_123_I4_I9        |
|          |              |            |               | sub_123_I5           |
|          |              |            |               | sub_123_I5_I1        |
|          |              |            |               | sub_123_I5_I10       |
|          |              |            |               | sub_123_I5_I11       |
|          |              |            |               | sub_123_I5_I12       |
|          |              |            |               | sub_123_I5_I13       |
|          |              |            |               | sub_123_I5_I14       |
|          |              |            |               | sub_123_I5_I15       |
|          |              |            |               | sub_123_I5_I16       |
|          |              |            |               | sub_123_I5_I17       |
|          |              |            |               | sub_123_I5_I18       |
|          |              |            |               | sub_123_I5_I19       |
|          |              |            |               | sub_123_I5_I2        |
|          |              |            |               | sub_123_I5_I20       |
|          |              |            |               | sub_123_I5_I21       |
|          |              |            |               | sub_123_I5_I22       |
|          |              |            |               | sub_123_I5_I23       |
|          |              |            |               | sub_123_I5_I24       |
|          |              |            |               | sub_123_I5_I25       |
|          |              |            |               | sub_123_I5_I26       |
|          |              |            |               | sub_123_I5_I27       |
|          |              |            |               | sub_123_I5_I28       |
|          |              |            |               | sub_123_I5_I29       |
|          |              |            |               | sub_123_I5_I3        |
|          |              |            |               | sub_123_I5_I30       |
|          |              |            |               | sub_123_I5_I31       |
|          |              |            |               | sub_123_I5_I32       |
|          |              |            |               | sub_123_I5_I4        |
|          |              |            |               | sub_123_I5_I5        |
|          |              |            |               | sub_123_I5_I6        |
|          |              |            |               | sub_123_I5_I7        |
|          |              |            |               | sub_123_I5_I8        |
|          |              |            |               | sub_123_I5_I9        |
|          |              |            |               | sub_123_I6           |
|          |              |            |               | sub_123_I7           |
|          |              |            |               | sub_123_I8           |
|          |              |            |               | sub_123_I9           |
| r13383   | DW_cmp       | width=3    |               | lt_122_I2_I1         |
|          |              |            |               | lt_122_I2_I10        |
|          |              |            |               | lt_122_I2_I11        |
|          |              |            |               | lt_122_I2_I12        |
|          |              |            |               | lt_122_I2_I13        |
|          |              |            |               | lt_122_I2_I14        |
|          |              |            |               | lt_122_I2_I15        |
|          |              |            |               | lt_122_I2_I16        |
|          |              |            |               | lt_122_I2_I17        |
|          |              |            |               | lt_122_I2_I18        |
|          |              |            |               | lt_122_I2_I19        |
|          |              |            |               | lt_122_I2_I2         |
|          |              |            |               | lt_122_I2_I20        |
|          |              |            |               | lt_122_I2_I21        |
|          |              |            |               | lt_122_I2_I22        |
|          |              |            |               | lt_122_I2_I23        |
|          |              |            |               | lt_122_I2_I24        |
|          |              |            |               | lt_122_I2_I25        |
|          |              |            |               | lt_122_I2_I26        |
|          |              |            |               | lt_122_I2_I27        |
|          |              |            |               | lt_122_I2_I28        |
|          |              |            |               | lt_122_I2_I29        |
|          |              |            |               | lt_122_I2_I3         |
|          |              |            |               | lt_122_I2_I30        |
|          |              |            |               | lt_122_I2_I31        |
|          |              |            |               | lt_122_I2_I32        |
|          |              |            |               | lt_122_I2_I4         |
|          |              |            |               | lt_122_I2_I5         |
|          |              |            |               | lt_122_I2_I6         |
|          |              |            |               | lt_122_I2_I7         |
|          |              |            |               | lt_122_I2_I8         |
|          |              |            |               | lt_122_I2_I9         |
| r13384   | DW01_dec     | width=5    |               | sub_123_2_I2_I1      |
|          |              |            |               | sub_123_2_I2_I10     |
|          |              |            |               | sub_123_2_I2_I11     |
|          |              |            |               | sub_123_2_I2_I12     |
|          |              |            |               | sub_123_2_I2_I13     |
|          |              |            |               | sub_123_2_I2_I14     |
|          |              |            |               | sub_123_2_I2_I15     |
|          |              |            |               | sub_123_2_I2_I16     |
|          |              |            |               | sub_123_2_I2_I17     |
|          |              |            |               | sub_123_2_I2_I18     |
|          |              |            |               | sub_123_2_I2_I19     |
|          |              |            |               | sub_123_2_I2_I2      |
|          |              |            |               | sub_123_2_I2_I20     |
|          |              |            |               | sub_123_2_I2_I21     |
|          |              |            |               | sub_123_2_I2_I22     |
|          |              |            |               | sub_123_2_I2_I23     |
|          |              |            |               | sub_123_2_I2_I24     |
|          |              |            |               | sub_123_2_I2_I25     |
|          |              |            |               | sub_123_2_I2_I26     |
|          |              |            |               | sub_123_2_I2_I27     |
|          |              |            |               | sub_123_2_I2_I28     |
|          |              |            |               | sub_123_2_I2_I29     |
|          |              |            |               | sub_123_2_I2_I3      |
|          |              |            |               | sub_123_2_I2_I30     |
|          |              |            |               | sub_123_2_I2_I31     |
|          |              |            |               | sub_123_2_I2_I32     |
|          |              |            |               | sub_123_2_I2_I4      |
|          |              |            |               | sub_123_2_I2_I5      |
|          |              |            |               | sub_123_2_I2_I6      |
|          |              |            |               | sub_123_2_I2_I7      |
|          |              |            |               | sub_123_2_I2_I8      |
|          |              |            |               | sub_123_2_I2_I9      |
| r13387   | DW01_sub     | width=5    |               | sub_123_2_I3_I1      |
|          |              |            |               | sub_123_2_I3_I10     |
|          |              |            |               | sub_123_2_I3_I11     |
|          |              |            |               | sub_123_2_I3_I12     |
|          |              |            |               | sub_123_2_I3_I13     |
|          |              |            |               | sub_123_2_I3_I14     |
|          |              |            |               | sub_123_2_I3_I15     |
|          |              |            |               | sub_123_2_I3_I16     |
|          |              |            |               | sub_123_2_I3_I17     |
|          |              |            |               | sub_123_2_I3_I18     |
|          |              |            |               | sub_123_2_I3_I19     |
|          |              |            |               | sub_123_2_I3_I2      |
|          |              |            |               | sub_123_2_I3_I20     |
|          |              |            |               | sub_123_2_I3_I21     |
|          |              |            |               | sub_123_2_I3_I22     |
|          |              |            |               | sub_123_2_I3_I23     |
|          |              |            |               | sub_123_2_I3_I24     |
|          |              |            |               | sub_123_2_I3_I25     |
|          |              |            |               | sub_123_2_I3_I26     |
|          |              |            |               | sub_123_2_I3_I27     |
|          |              |            |               | sub_123_2_I3_I28     |
|          |              |            |               | sub_123_2_I3_I29     |
|          |              |            |               | sub_123_2_I3_I3      |
|          |              |            |               | sub_123_2_I3_I30     |
|          |              |            |               | sub_123_2_I3_I31     |
|          |              |            |               | sub_123_2_I3_I32     |
|          |              |            |               | sub_123_2_I3_I4      |
|          |              |            |               | sub_123_2_I3_I5      |
|          |              |            |               | sub_123_2_I3_I6      |
|          |              |            |               | sub_123_2_I3_I7      |
|          |              |            |               | sub_123_2_I3_I8      |
|          |              |            |               | sub_123_2_I3_I9      |
| r13390   | DW01_sub     | width=5    |               | sub_123_2_I4_I1      |
|          |              |            |               | sub_123_2_I4_I10     |
|          |              |            |               | sub_123_2_I4_I11     |
|          |              |            |               | sub_123_2_I4_I12     |
|          |              |            |               | sub_123_2_I4_I13     |
|          |              |            |               | sub_123_2_I4_I14     |
|          |              |            |               | sub_123_2_I4_I15     |
|          |              |            |               | sub_123_2_I4_I16     |
|          |              |            |               | sub_123_2_I4_I17     |
|          |              |            |               | sub_123_2_I4_I18     |
|          |              |            |               | sub_123_2_I4_I19     |
|          |              |            |               | sub_123_2_I4_I2      |
|          |              |            |               | sub_123_2_I4_I20     |
|          |              |            |               | sub_123_2_I4_I21     |
|          |              |            |               | sub_123_2_I4_I22     |
|          |              |            |               | sub_123_2_I4_I23     |
|          |              |            |               | sub_123_2_I4_I24     |
|          |              |            |               | sub_123_2_I4_I25     |
|          |              |            |               | sub_123_2_I4_I26     |
|          |              |            |               | sub_123_2_I4_I27     |
|          |              |            |               | sub_123_2_I4_I28     |
|          |              |            |               | sub_123_2_I4_I29     |
|          |              |            |               | sub_123_2_I4_I3      |
|          |              |            |               | sub_123_2_I4_I30     |
|          |              |            |               | sub_123_2_I4_I31     |
|          |              |            |               | sub_123_2_I4_I32     |
|          |              |            |               | sub_123_2_I4_I4      |
|          |              |            |               | sub_123_2_I4_I5      |
|          |              |            |               | sub_123_2_I4_I6      |
|          |              |            |               | sub_123_2_I4_I7      |
|          |              |            |               | sub_123_2_I4_I8      |
|          |              |            |               | sub_123_2_I4_I9      |
| r13393   | DW_cmp       | width=3    |               | lt_122_I5_I1         |
|          |              |            |               | lt_122_I5_I10        |
|          |              |            |               | lt_122_I5_I11        |
|          |              |            |               | lt_122_I5_I12        |
|          |              |            |               | lt_122_I5_I13        |
|          |              |            |               | lt_122_I5_I14        |
|          |              |            |               | lt_122_I5_I15        |
|          |              |            |               | lt_122_I5_I16        |
|          |              |            |               | lt_122_I5_I17        |
|          |              |            |               | lt_122_I5_I18        |
|          |              |            |               | lt_122_I5_I19        |
|          |              |            |               | lt_122_I5_I2         |
|          |              |            |               | lt_122_I5_I20        |
|          |              |            |               | lt_122_I5_I21        |
|          |              |            |               | lt_122_I5_I22        |
|          |              |            |               | lt_122_I5_I23        |
|          |              |            |               | lt_122_I5_I24        |
|          |              |            |               | lt_122_I5_I25        |
|          |              |            |               | lt_122_I5_I26        |
|          |              |            |               | lt_122_I5_I27        |
|          |              |            |               | lt_122_I5_I28        |
|          |              |            |               | lt_122_I5_I29        |
|          |              |            |               | lt_122_I5_I3         |
|          |              |            |               | lt_122_I5_I30        |
|          |              |            |               | lt_122_I5_I31        |
|          |              |            |               | lt_122_I5_I32        |
|          |              |            |               | lt_122_I5_I4         |
|          |              |            |               | lt_122_I5_I5         |
|          |              |            |               | lt_122_I5_I6         |
|          |              |            |               | lt_122_I5_I7         |
|          |              |            |               | lt_122_I5_I8         |
|          |              |            |               | lt_122_I5_I9         |
| r13394   | DW01_sub     | width=5    |               | sub_123_2_I5_I1      |
|          |              |            |               | sub_123_2_I5_I10     |
|          |              |            |               | sub_123_2_I5_I11     |
|          |              |            |               | sub_123_2_I5_I12     |
|          |              |            |               | sub_123_2_I5_I13     |
|          |              |            |               | sub_123_2_I5_I14     |
|          |              |            |               | sub_123_2_I5_I15     |
|          |              |            |               | sub_123_2_I5_I16     |
|          |              |            |               | sub_123_2_I5_I17     |
|          |              |            |               | sub_123_2_I5_I18     |
|          |              |            |               | sub_123_2_I5_I19     |
|          |              |            |               | sub_123_2_I5_I2      |
|          |              |            |               | sub_123_2_I5_I20     |
|          |              |            |               | sub_123_2_I5_I21     |
|          |              |            |               | sub_123_2_I5_I22     |
|          |              |            |               | sub_123_2_I5_I23     |
|          |              |            |               | sub_123_2_I5_I24     |
|          |              |            |               | sub_123_2_I5_I25     |
|          |              |            |               | sub_123_2_I5_I26     |
|          |              |            |               | sub_123_2_I5_I27     |
|          |              |            |               | sub_123_2_I5_I28     |
|          |              |            |               | sub_123_2_I5_I29     |
|          |              |            |               | sub_123_2_I5_I3      |
|          |              |            |               | sub_123_2_I5_I30     |
|          |              |            |               | sub_123_2_I5_I31     |
|          |              |            |               | sub_123_2_I5_I32     |
|          |              |            |               | sub_123_2_I5_I4      |
|          |              |            |               | sub_123_2_I5_I5      |
|          |              |            |               | sub_123_2_I5_I6      |
|          |              |            |               | sub_123_2_I5_I7      |
|          |              |            |               | sub_123_2_I5_I8      |
|          |              |            |               | sub_123_2_I5_I9      |
| r15231   | DW01_add     | width=2    |               | add_2_root_add_72_I4_aco |
| r15233   | DW01_add     | width=3    |               | add_1_root_add_72_I4_aco |
| r15235   | DW01_inc     | width=3    |               | add_72_I5            |
| r15309   | DW01_inc     | width=3    |               | add_100_I2           |
| r15311   | DW01_inc     | width=3    |               | add_103_I2           |
| r15363   | DW01_inc     | width=3    |               | add_100_I3           |
| r15365   | DW01_inc     | width=3    |               | add_103_I3           |
| r15417   | DW01_inc     | width=3    |               | add_100_I4           |
| r15419   | DW01_inc     | width=3    |               | add_103_I4           |
| r15471   | DW01_inc     | width=3    |               | add_100_I5           |
| r15473   | DW01_inc     | width=3    |               | add_103_I5           |
| r15525   | DW01_inc     | width=3    |               | add_100_I6           |
| r15527   | DW01_inc     | width=3    |               | add_103_I6           |
| r15581   | DW01_inc     | width=3    |               | add_103_I7           |
| r15585   | DW_rightsh   | A_width=32 |               | srl_116              |
|          |              | SH_width=32 |              |                      |
| r15589   | DW_rightsh   | A_width=32 |               | srl_116_I2_I1        |
|          |              | SH_width=32 |              |                      |
| r15593   | DW01_add     | width=2    |               | add_3_root_add_117_I5_I1_aco |
| r15595   | DW_rightsh   | A_width=32 |               | srl_116_I3_I1        |
|          |              | SH_width=32 |              |                      |
| r15599   | DW_rightsh   | A_width=32 |               | srl_116_I4_I1        |
|          |              | SH_width=32 |              |                      |
| r15603   | DW_rightsh   | A_width=32 |               | srl_116_I5_I1        |
|          |              | SH_width=32 |              |                      |
| r15607   | DW01_add     | width=3    |               | add_2_root_add_117_I5_I1_aco |
| r15611   | DW_rightsh   | A_width=32 |               | srl_123              |
|          |              | SH_width=32 |              |                      |
| r15615   | DW_rightsh   | A_width=32 |               | srl_123_I2_I1        |
|          |              | SH_width=32 |              |                      |
| r15619   | DW_rightsh   | A_width=32 |               | srl_123_I3_I1        |
|          |              | SH_width=32 |              |                      |
| r15623   | DW_rightsh   | A_width=32 |               | srl_123_I4_I1        |
|          |              | SH_width=32 |              |                      |
| r15627   | DW_rightsh   | A_width=32 |               | srl_123_I5_I1        |
|          |              | SH_width=32 |              |                      |
| r15633   | DW_rightsh   | A_width=32 |               | srl_116_I2           |
|          |              | SH_width=32 |              |                      |
| r15637   | DW_rightsh   | A_width=32 |               | srl_116_I2_I2        |
|          |              | SH_width=32 |              |                      |
| r15641   | DW01_add     | width=2    |               | add_3_root_add_117_I5_I2_aco |
| r15643   | DW_rightsh   | A_width=32 |               | srl_116_I3_I2        |
|          |              | SH_width=32 |              |                      |
| r15647   | DW_rightsh   | A_width=32 |               | srl_116_I4_I2        |
|          |              | SH_width=32 |              |                      |
| r15651   | DW_rightsh   | A_width=32 |               | srl_116_I5_I2        |
|          |              | SH_width=32 |              |                      |
| r15655   | DW01_add     | width=3    |               | add_2_root_add_117_I5_I2_aco |
| r15661   | DW_rightsh   | A_width=32 |               | srl_123_I2           |
|          |              | SH_width=32 |              |                      |
| r15665   | DW_rightsh   | A_width=32 |               | srl_123_I2_I2        |
|          |              | SH_width=32 |              |                      |
| r15669   | DW_rightsh   | A_width=32 |               | srl_123_I3_I2        |
|          |              | SH_width=32 |              |                      |
| r15673   | DW_rightsh   | A_width=32 |               | srl_123_I4_I2        |
|          |              | SH_width=32 |              |                      |
| r15677   | DW_rightsh   | A_width=32 |               | srl_123_I5_I2        |
|          |              | SH_width=32 |              |                      |
| r15681   | DW01_inc     | width=3    |               | add_125_I2           |
| r15685   | DW_rightsh   | A_width=32 |               | srl_116_I3           |
|          |              | SH_width=32 |              |                      |
| r15689   | DW_rightsh   | A_width=32 |               | srl_116_I2_I3        |
|          |              | SH_width=32 |              |                      |
| r15693   | DW01_add     | width=2    |               | add_3_root_add_117_I5_I3_aco |
| r15695   | DW_rightsh   | A_width=32 |               | srl_116_I3_I3        |
|          |              | SH_width=32 |              |                      |
| r15699   | DW_rightsh   | A_width=32 |               | srl_116_I4_I3        |
|          |              | SH_width=32 |              |                      |
| r15703   | DW_rightsh   | A_width=32 |               | srl_116_I5_I3        |
|          |              | SH_width=32 |              |                      |
| r15707   | DW01_add     | width=3    |               | add_2_root_add_117_I5_I3_aco |
| r15713   | DW_rightsh   | A_width=32 |               | srl_123_I3           |
|          |              | SH_width=32 |              |                      |
| r15717   | DW_rightsh   | A_width=32 |               | srl_123_I2_I3        |
|          |              | SH_width=32 |              |                      |
| r15721   | DW_rightsh   | A_width=32 |               | srl_123_I3_I3        |
|          |              | SH_width=32 |              |                      |
| r15725   | DW_rightsh   | A_width=32 |               | srl_123_I4_I3        |
|          |              | SH_width=32 |              |                      |
| r15729   | DW_rightsh   | A_width=32 |               | srl_123_I5_I3        |
|          |              | SH_width=32 |              |                      |
| r15733   | DW01_inc     | width=4    |               | add_125_I3           |
| r15737   | DW_rightsh   | A_width=32 |               | srl_116_I4           |
|          |              | SH_width=32 |              |                      |
| r15741   | DW_rightsh   | A_width=32 |               | srl_116_I2_I4        |
|          |              | SH_width=32 |              |                      |
| r15745   | DW01_add     | width=2    |               | add_3_root_add_117_I5_I4_aco |
| r15747   | DW_rightsh   | A_width=32 |               | srl_116_I3_I4        |
|          |              | SH_width=32 |              |                      |
| r15751   | DW_rightsh   | A_width=32 |               | srl_116_I4_I4        |
|          |              | SH_width=32 |              |                      |
| r15755   | DW_rightsh   | A_width=32 |               | srl_116_I5_I4        |
|          |              | SH_width=32 |              |                      |
| r15759   | DW01_add     | width=3    |               | add_2_root_add_117_I5_I4_aco |
| r15765   | DW_rightsh   | A_width=32 |               | srl_123_I4           |
|          |              | SH_width=32 |              |                      |
| r15769   | DW_rightsh   | A_width=32 |               | srl_123_I2_I4        |
|          |              | SH_width=32 |              |                      |
| r15773   | DW_rightsh   | A_width=32 |               | srl_123_I3_I4        |
|          |              | SH_width=32 |              |                      |
| r15777   | DW_rightsh   | A_width=32 |               | srl_123_I4_I4        |
|          |              | SH_width=32 |              |                      |
| r15781   | DW_rightsh   | A_width=32 |               | srl_123_I5_I4        |
|          |              | SH_width=32 |              |                      |
| r15785   | DW01_inc     | width=4    |               | add_125_I4           |
| r15789   | DW_rightsh   | A_width=32 |               | srl_116_I5           |
|          |              | SH_width=32 |              |                      |
| r15793   | DW_rightsh   | A_width=32 |               | srl_116_I2_I5        |
|          |              | SH_width=32 |              |                      |
| r15797   | DW01_add     | width=2    |               | add_3_root_add_117_I5_I5_aco |
| r15799   | DW_rightsh   | A_width=32 |               | srl_116_I3_I5        |
|          |              | SH_width=32 |              |                      |
| r15803   | DW_rightsh   | A_width=32 |               | srl_116_I4_I5        |
|          |              | SH_width=32 |              |                      |
| r15807   | DW_rightsh   | A_width=32 |               | srl_116_I5_I5        |
|          |              | SH_width=32 |              |                      |
| r15811   | DW01_add     | width=3    |               | add_2_root_add_117_I5_I5_aco |
| r15817   | DW_rightsh   | A_width=32 |               | srl_123_I5           |
|          |              | SH_width=32 |              |                      |
| r15821   | DW_rightsh   | A_width=32 |               | srl_123_I2_I5        |
|          |              | SH_width=32 |              |                      |
| r15825   | DW_rightsh   | A_width=32 |               | srl_123_I3_I5        |
|          |              | SH_width=32 |              |                      |
| r15829   | DW_rightsh   | A_width=32 |               | srl_123_I4_I5        |
|          |              | SH_width=32 |              |                      |
| r15833   | DW_rightsh   | A_width=32 |               | srl_123_I5_I5        |
|          |              | SH_width=32 |              |                      |
| r15837   | DW01_inc     | width=4    |               | add_125_I5           |
| r15841   | DW_rightsh   | A_width=32 |               | srl_116_I6           |
|          |              | SH_width=32 |              |                      |
| r15845   | DW_rightsh   | A_width=32 |               | srl_116_I2_I6        |
|          |              | SH_width=32 |              |                      |
| r15849   | DW01_add     | width=2    |               | add_3_root_add_117_I5_I6_aco |
| r15851   | DW_rightsh   | A_width=32 |               | srl_116_I3_I6        |
|          |              | SH_width=32 |              |                      |
| r15855   | DW_rightsh   | A_width=32 |               | srl_116_I4_I6        |
|          |              | SH_width=32 |              |                      |
| r15859   | DW_rightsh   | A_width=32 |               | srl_116_I5_I6        |
|          |              | SH_width=32 |              |                      |
| r15863   | DW01_add     | width=3    |               | add_2_root_add_117_I5_I6_aco |
| r15869   | DW_rightsh   | A_width=32 |               | srl_123_I6           |
|          |              | SH_width=32 |              |                      |
| r15873   | DW_rightsh   | A_width=32 |               | srl_123_I2_I6        |
|          |              | SH_width=32 |              |                      |
| r15877   | DW_rightsh   | A_width=32 |               | srl_123_I3_I6        |
|          |              | SH_width=32 |              |                      |
| r15881   | DW_rightsh   | A_width=32 |               | srl_123_I4_I6        |
|          |              | SH_width=32 |              |                      |
| r15885   | DW_rightsh   | A_width=32 |               | srl_123_I5_I6        |
|          |              | SH_width=32 |              |                      |
| r15889   | DW01_inc     | width=4    |               | add_125_I6           |
| r15893   | DW_rightsh   | A_width=32 |               | srl_116_I7           |
|          |              | SH_width=32 |              |                      |
| r15897   | DW_rightsh   | A_width=32 |               | srl_116_I2_I7        |
|          |              | SH_width=32 |              |                      |
| r15901   | DW01_add     | width=2    |               | add_3_root_add_117_I5_I7_aco |
| r15903   | DW_rightsh   | A_width=32 |               | srl_116_I3_I7        |
|          |              | SH_width=32 |              |                      |
| r15907   | DW_rightsh   | A_width=32 |               | srl_116_I4_I7        |
|          |              | SH_width=32 |              |                      |
| r15911   | DW_rightsh   | A_width=32 |               | srl_116_I5_I7        |
|          |              | SH_width=32 |              |                      |
| r15915   | DW01_add     | width=3    |               | add_2_root_add_117_I5_I7_aco |
| r15921   | DW_rightsh   | A_width=32 |               | srl_123_I7           |
|          |              | SH_width=32 |              |                      |
| r15925   | DW_rightsh   | A_width=32 |               | srl_123_I2_I7        |
|          |              | SH_width=32 |              |                      |
| r15929   | DW_rightsh   | A_width=32 |               | srl_123_I3_I7        |
|          |              | SH_width=32 |              |                      |
| r15933   | DW_rightsh   | A_width=32 |               | srl_123_I4_I7        |
|          |              | SH_width=32 |              |                      |
| r15937   | DW_rightsh   | A_width=32 |               | srl_123_I5_I7        |
|          |              | SH_width=32 |              |                      |
| r15941   | DW01_inc     | width=4    |               | add_125_I7           |
| r15945   | DW_rightsh   | A_width=32 |               | srl_116_I8           |
|          |              | SH_width=32 |              |                      |
| r15949   | DW_rightsh   | A_width=32 |               | srl_116_I2_I8        |
|          |              | SH_width=32 |              |                      |
| r15953   | DW01_add     | width=2    |               | add_3_root_add_117_I5_I8_aco |
| r15955   | DW_rightsh   | A_width=32 |               | srl_116_I3_I8        |
|          |              | SH_width=32 |              |                      |
| r15959   | DW_rightsh   | A_width=32 |               | srl_116_I4_I8        |
|          |              | SH_width=32 |              |                      |
| r15963   | DW_rightsh   | A_width=32 |               | srl_116_I5_I8        |
|          |              | SH_width=32 |              |                      |
| r15967   | DW01_add     | width=3    |               | add_2_root_add_117_I5_I8_aco |
| r15973   | DW_rightsh   | A_width=32 |               | srl_123_I8           |
|          |              | SH_width=32 |              |                      |
| r15977   | DW_rightsh   | A_width=32 |               | srl_123_I2_I8        |
|          |              | SH_width=32 |              |                      |
| r15981   | DW_rightsh   | A_width=32 |               | srl_123_I3_I8        |
|          |              | SH_width=32 |              |                      |
| r15985   | DW_rightsh   | A_width=32 |               | srl_123_I4_I8        |
|          |              | SH_width=32 |              |                      |
| r15989   | DW_rightsh   | A_width=32 |               | srl_123_I5_I8        |
|          |              | SH_width=32 |              |                      |
| r15993   | DW01_inc     | width=4    |               | add_125_I8           |
| r15997   | DW_rightsh   | A_width=32 |               | srl_116_I9           |
|          |              | SH_width=32 |              |                      |
| r16001   | DW_rightsh   | A_width=32 |               | srl_116_I2_I9        |
|          |              | SH_width=32 |              |                      |
| r16005   | DW01_add     | width=2    |               | add_3_root_add_117_I5_I9_aco |
| r16007   | DW_rightsh   | A_width=32 |               | srl_116_I3_I9        |
|          |              | SH_width=32 |              |                      |
| r16011   | DW_rightsh   | A_width=32 |               | srl_116_I4_I9        |
|          |              | SH_width=32 |              |                      |
| r16015   | DW_rightsh   | A_width=32 |               | srl_116_I5_I9        |
|          |              | SH_width=32 |              |                      |
| r16019   | DW01_add     | width=3    |               | add_2_root_add_117_I5_I9_aco |
| r16025   | DW_rightsh   | A_width=32 |               | srl_123_I9           |
|          |              | SH_width=32 |              |                      |
| r16029   | DW_rightsh   | A_width=32 |               | srl_123_I2_I9        |
|          |              | SH_width=32 |              |                      |
| r16033   | DW_rightsh   | A_width=32 |               | srl_123_I3_I9        |
|          |              | SH_width=32 |              |                      |
| r16037   | DW_rightsh   | A_width=32 |               | srl_123_I4_I9        |
|          |              | SH_width=32 |              |                      |
| r16041   | DW_rightsh   | A_width=32 |               | srl_123_I5_I9        |
|          |              | SH_width=32 |              |                      |
| r16045   | DW01_inc     | width=4    |               | add_125_I9           |
| r16049   | DW_rightsh   | A_width=32 |               | srl_116_I10          |
|          |              | SH_width=32 |              |                      |
| r16053   | DW_rightsh   | A_width=32 |               | srl_116_I2_I10       |
|          |              | SH_width=32 |              |                      |
| r16057   | DW01_add     | width=2    |               | add_3_root_add_117_I5_I10_aco |
| r16063   | DW_rightsh   | A_width=32 |               | srl_116_I4_I10       |
|          |              | SH_width=32 |              |                      |
| r16067   | DW_rightsh   | A_width=32 |               | srl_116_I5_I10       |
|          |              | SH_width=32 |              |                      |
| r16071   | DW01_add     | width=3    |               | add_2_root_add_117_I5_I10_aco |
| r16077   | DW_rightsh   | A_width=32 |               | srl_123_I10          |
|          |              | SH_width=32 |              |                      |
| r16081   | DW_rightsh   | A_width=32 |               | srl_123_I2_I10       |
|          |              | SH_width=32 |              |                      |
| r16085   | DW_rightsh   | A_width=32 |               | srl_123_I3_I10       |
|          |              | SH_width=32 |              |                      |
| r16089   | DW_rightsh   | A_width=32 |               | srl_123_I4_I10       |
|          |              | SH_width=32 |              |                      |
| r16093   | DW_rightsh   | A_width=32 |               | srl_123_I5_I10       |
|          |              | SH_width=32 |              |                      |
| r16097   | DW01_inc     | width=4    |               | add_125_I10          |
| r16101   | DW_rightsh   | A_width=32 |               | srl_116_I11          |
|          |              | SH_width=32 |              |                      |
| r16105   | DW_rightsh   | A_width=32 |               | srl_116_I2_I11       |
|          |              | SH_width=32 |              |                      |
| r16109   | DW01_add     | width=2    |               | add_3_root_add_117_I5_I11_aco |
| r16111   | DW_rightsh   | A_width=32 |               | srl_116_I3_I11       |
|          |              | SH_width=32 |              |                      |
| r16115   | DW_rightsh   | A_width=32 |               | srl_116_I4_I11       |
|          |              | SH_width=32 |              |                      |
| r16119   | DW_rightsh   | A_width=32 |               | srl_116_I5_I11       |
|          |              | SH_width=32 |              |                      |
| r16123   | DW01_add     | width=3    |               | add_2_root_add_117_I5_I11_aco |
| r16129   | DW_rightsh   | A_width=32 |               | srl_123_I11          |
|          |              | SH_width=32 |              |                      |
| r16133   | DW_rightsh   | A_width=32 |               | srl_123_I2_I11       |
|          |              | SH_width=32 |              |                      |
| r16137   | DW_rightsh   | A_width=32 |               | srl_123_I3_I11       |
|          |              | SH_width=32 |              |                      |
| r16141   | DW_rightsh   | A_width=32 |               | srl_123_I4_I11       |
|          |              | SH_width=32 |              |                      |
| r16145   | DW_rightsh   | A_width=32 |               | srl_123_I5_I11       |
|          |              | SH_width=32 |              |                      |
| r16149   | DW01_inc     | width=4    |               | add_125_I11          |
| r16153   | DW_rightsh   | A_width=32 |               | srl_116_I12          |
|          |              | SH_width=32 |              |                      |
| r16157   | DW_rightsh   | A_width=32 |               | srl_116_I2_I12       |
|          |              | SH_width=32 |              |                      |
| r16161   | DW01_add     | width=2    |               | add_3_root_add_117_I5_I12_aco |
| r16163   | DW_rightsh   | A_width=32 |               | srl_116_I3_I12       |
|          |              | SH_width=32 |              |                      |
| r16167   | DW_rightsh   | A_width=32 |               | srl_116_I4_I12       |
|          |              | SH_width=32 |              |                      |
| r16171   | DW_rightsh   | A_width=32 |               | srl_116_I5_I12       |
|          |              | SH_width=32 |              |                      |
| r16175   | DW01_add     | width=3    |               | add_2_root_add_117_I5_I12_aco |
| r16181   | DW_rightsh   | A_width=32 |               | srl_123_I12          |
|          |              | SH_width=32 |              |                      |
| r16185   | DW_rightsh   | A_width=32 |               | srl_123_I2_I12       |
|          |              | SH_width=32 |              |                      |
| r16189   | DW_rightsh   | A_width=32 |               | srl_123_I3_I12       |
|          |              | SH_width=32 |              |                      |
| r16193   | DW_rightsh   | A_width=32 |               | srl_123_I4_I12       |
|          |              | SH_width=32 |              |                      |
| r16197   | DW_rightsh   | A_width=32 |               | srl_123_I5_I12       |
|          |              | SH_width=32 |              |                      |
| r16201   | DW01_inc     | width=4    |               | add_125_I12          |
| r16205   | DW_rightsh   | A_width=32 |               | srl_116_I13          |
|          |              | SH_width=32 |              |                      |
| r16209   | DW_rightsh   | A_width=32 |               | srl_116_I2_I13       |
|          |              | SH_width=32 |              |                      |
| r16213   | DW01_add     | width=2    |               | add_3_root_add_117_I5_I13_aco |
| r16215   | DW_rightsh   | A_width=32 |               | srl_116_I3_I13       |
|          |              | SH_width=32 |              |                      |
| r16219   | DW_rightsh   | A_width=32 |               | srl_116_I4_I13       |
|          |              | SH_width=32 |              |                      |
| r16223   | DW_rightsh   | A_width=32 |               | srl_116_I5_I13       |
|          |              | SH_width=32 |              |                      |
| r16227   | DW01_add     | width=3    |               | add_2_root_add_117_I5_I13_aco |
| r16233   | DW_rightsh   | A_width=32 |               | srl_123_I13          |
|          |              | SH_width=32 |              |                      |
| r16237   | DW_rightsh   | A_width=32 |               | srl_123_I2_I13       |
|          |              | SH_width=32 |              |                      |
| r16241   | DW_rightsh   | A_width=32 |               | srl_123_I3_I13       |
|          |              | SH_width=32 |              |                      |
| r16245   | DW_rightsh   | A_width=32 |               | srl_123_I4_I13       |
|          |              | SH_width=32 |              |                      |
| r16249   | DW_rightsh   | A_width=32 |               | srl_123_I5_I13       |
|          |              | SH_width=32 |              |                      |
| r16253   | DW01_inc     | width=4    |               | add_125_I13          |
| r16257   | DW_rightsh   | A_width=32 |               | srl_116_I14          |
|          |              | SH_width=32 |              |                      |
| r16261   | DW_rightsh   | A_width=32 |               | srl_116_I2_I14       |
|          |              | SH_width=32 |              |                      |
| r16265   | DW01_add     | width=2    |               | add_3_root_add_117_I5_I14_aco |
| r16267   | DW_rightsh   | A_width=32 |               | srl_116_I3_I14       |
|          |              | SH_width=32 |              |                      |
| r16271   | DW_rightsh   | A_width=32 |               | srl_116_I4_I14       |
|          |              | SH_width=32 |              |                      |
| r16275   | DW_rightsh   | A_width=32 |               | srl_116_I5_I14       |
|          |              | SH_width=32 |              |                      |
| r16279   | DW01_add     | width=3    |               | add_2_root_add_117_I5_I14_aco |
| r16285   | DW_rightsh   | A_width=32 |               | srl_123_I14          |
|          |              | SH_width=32 |              |                      |
| r16289   | DW_rightsh   | A_width=32 |               | srl_123_I2_I14       |
|          |              | SH_width=32 |              |                      |
| r16293   | DW_rightsh   | A_width=32 |               | srl_123_I3_I14       |
|          |              | SH_width=32 |              |                      |
| r16297   | DW_rightsh   | A_width=32 |               | srl_123_I4_I14       |
|          |              | SH_width=32 |              |                      |
| r16301   | DW_rightsh   | A_width=32 |               | srl_123_I5_I14       |
|          |              | SH_width=32 |              |                      |
| r16305   | DW01_inc     | width=4    |               | add_125_I14          |
| r16309   | DW_rightsh   | A_width=32 |               | srl_116_I15          |
|          |              | SH_width=32 |              |                      |
| r16313   | DW_rightsh   | A_width=32 |               | srl_116_I2_I15       |
|          |              | SH_width=32 |              |                      |
| r16317   | DW01_add     | width=2    |               | add_3_root_add_117_I5_I15_aco |
| r16319   | DW_rightsh   | A_width=32 |               | srl_116_I3_I15       |
|          |              | SH_width=32 |              |                      |
| r16323   | DW_rightsh   | A_width=32 |               | srl_116_I4_I15       |
|          |              | SH_width=32 |              |                      |
| r16327   | DW_rightsh   | A_width=32 |               | srl_116_I5_I15       |
|          |              | SH_width=32 |              |                      |
| r16331   | DW01_add     | width=3    |               | add_2_root_add_117_I5_I15_aco |
| r16337   | DW_rightsh   | A_width=32 |               | srl_123_I15          |
|          |              | SH_width=32 |              |                      |
| r16341   | DW_rightsh   | A_width=32 |               | srl_123_I2_I15       |
|          |              | SH_width=32 |              |                      |
| r16345   | DW_rightsh   | A_width=32 |               | srl_123_I3_I15       |
|          |              | SH_width=32 |              |                      |
| r16349   | DW_rightsh   | A_width=32 |               | srl_123_I4_I15       |
|          |              | SH_width=32 |              |                      |
| r16353   | DW_rightsh   | A_width=32 |               | srl_123_I5_I15       |
|          |              | SH_width=32 |              |                      |
| r16357   | DW01_inc     | width=4    |               | add_125_I15          |
| r16361   | DW_rightsh   | A_width=32 |               | srl_116_I16          |
|          |              | SH_width=32 |              |                      |
| r16365   | DW_rightsh   | A_width=32 |               | srl_116_I2_I16       |
|          |              | SH_width=32 |              |                      |
| r16369   | DW01_add     | width=2    |               | add_3_root_add_117_I5_I16_aco |
| r16371   | DW_rightsh   | A_width=32 |               | srl_116_I3_I16       |
|          |              | SH_width=32 |              |                      |
| r16375   | DW_rightsh   | A_width=32 |               | srl_116_I4_I16       |
|          |              | SH_width=32 |              |                      |
| r16379   | DW_rightsh   | A_width=32 |               | srl_116_I5_I16       |
|          |              | SH_width=32 |              |                      |
| r16383   | DW01_add     | width=3    |               | add_2_root_add_117_I5_I16_aco |
| r16389   | DW_rightsh   | A_width=32 |               | srl_123_I16          |
|          |              | SH_width=32 |              |                      |
| r16393   | DW_rightsh   | A_width=32 |               | srl_123_I2_I16       |
|          |              | SH_width=32 |              |                      |
| r16397   | DW_rightsh   | A_width=32 |               | srl_123_I3_I16       |
|          |              | SH_width=32 |              |                      |
| r16401   | DW_rightsh   | A_width=32 |               | srl_123_I4_I16       |
|          |              | SH_width=32 |              |                      |
| r16405   | DW_rightsh   | A_width=32 |               | srl_123_I5_I16       |
|          |              | SH_width=32 |              |                      |
| r16409   | DW01_inc     | width=4    |               | add_125_I16          |
| r16413   | DW_rightsh   | A_width=32 |               | srl_116_I17          |
|          |              | SH_width=32 |              |                      |
| r16417   | DW_rightsh   | A_width=32 |               | srl_116_I2_I17       |
|          |              | SH_width=32 |              |                      |
| r16421   | DW01_add     | width=2    |               | add_3_root_add_117_I5_I17_aco |
| r16423   | DW_rightsh   | A_width=32 |               | srl_116_I3_I17       |
|          |              | SH_width=32 |              |                      |
| r16427   | DW_rightsh   | A_width=32 |               | srl_116_I4_I17       |
|          |              | SH_width=32 |              |                      |
| r16431   | DW_rightsh   | A_width=32 |               | srl_116_I5_I17       |
|          |              | SH_width=32 |              |                      |
| r16435   | DW01_add     | width=3    |               | add_2_root_add_117_I5_I17_aco |
| r16441   | DW_rightsh   | A_width=32 |               | srl_123_I17          |
|          |              | SH_width=32 |              |                      |
| r16445   | DW_rightsh   | A_width=32 |               | srl_123_I2_I17       |
|          |              | SH_width=32 |              |                      |
| r16449   | DW_rightsh   | A_width=32 |               | srl_123_I3_I17       |
|          |              | SH_width=32 |              |                      |
| r16453   | DW_rightsh   | A_width=32 |               | srl_123_I4_I17       |
|          |              | SH_width=32 |              |                      |
| r16457   | DW_rightsh   | A_width=32 |               | srl_123_I5_I17       |
|          |              | SH_width=32 |              |                      |
| r16461   | DW01_inc     | width=4    |               | add_125_I17          |
| r16465   | DW_rightsh   | A_width=32 |               | srl_116_I18          |
|          |              | SH_width=32 |              |                      |
| r16469   | DW_rightsh   | A_width=32 |               | srl_116_I2_I18       |
|          |              | SH_width=32 |              |                      |
| r16473   | DW01_add     | width=2    |               | add_3_root_add_117_I5_I18_aco |
| r16475   | DW_rightsh   | A_width=32 |               | srl_116_I3_I18       |
|          |              | SH_width=32 |              |                      |
| r16479   | DW_rightsh   | A_width=32 |               | srl_116_I4_I18       |
|          |              | SH_width=32 |              |                      |
| r16483   | DW_rightsh   | A_width=32 |               | srl_116_I5_I18       |
|          |              | SH_width=32 |              |                      |
| r16487   | DW01_add     | width=3    |               | add_2_root_add_117_I5_I18_aco |
| r16493   | DW_rightsh   | A_width=32 |               | srl_123_I18          |
|          |              | SH_width=32 |              |                      |
| r16497   | DW_rightsh   | A_width=32 |               | srl_123_I2_I18       |
|          |              | SH_width=32 |              |                      |
| r16501   | DW_rightsh   | A_width=32 |               | srl_123_I3_I18       |
|          |              | SH_width=32 |              |                      |
| r16505   | DW_rightsh   | A_width=32 |               | srl_123_I4_I18       |
|          |              | SH_width=32 |              |                      |
| r16509   | DW_rightsh   | A_width=32 |               | srl_123_I5_I18       |
|          |              | SH_width=32 |              |                      |
| r16513   | DW01_inc     | width=4    |               | add_125_I18          |
| r16517   | DW_rightsh   | A_width=32 |               | srl_116_I19          |
|          |              | SH_width=32 |              |                      |
| r16521   | DW_rightsh   | A_width=32 |               | srl_116_I2_I19       |
|          |              | SH_width=32 |              |                      |
| r16525   | DW01_add     | width=2    |               | add_3_root_add_117_I5_I19_aco |
| r16527   | DW_rightsh   | A_width=32 |               | srl_116_I3_I19       |
|          |              | SH_width=32 |              |                      |
| r16531   | DW_rightsh   | A_width=32 |               | srl_116_I4_I19       |
|          |              | SH_width=32 |              |                      |
| r16535   | DW_rightsh   | A_width=32 |               | srl_116_I5_I19       |
|          |              | SH_width=32 |              |                      |
| r16539   | DW01_add     | width=3    |               | add_2_root_add_117_I5_I19_aco |
| r16545   | DW_rightsh   | A_width=32 |               | srl_123_I19          |
|          |              | SH_width=32 |              |                      |
| r16549   | DW_rightsh   | A_width=32 |               | srl_123_I2_I19       |
|          |              | SH_width=32 |              |                      |
| r16553   | DW_rightsh   | A_width=32 |               | srl_123_I3_I19       |
|          |              | SH_width=32 |              |                      |
| r16557   | DW_rightsh   | A_width=32 |               | srl_123_I4_I19       |
|          |              | SH_width=32 |              |                      |
| r16561   | DW_rightsh   | A_width=32 |               | srl_123_I5_I19       |
|          |              | SH_width=32 |              |                      |
| r16565   | DW01_inc     | width=4    |               | add_125_I19          |
| r16569   | DW_rightsh   | A_width=32 |               | srl_116_I20          |
|          |              | SH_width=32 |              |                      |
| r16573   | DW_rightsh   | A_width=32 |               | srl_116_I2_I20       |
|          |              | SH_width=32 |              |                      |
| r16577   | DW01_add     | width=2    |               | add_3_root_add_117_I5_I20_aco |
| r16579   | DW_rightsh   | A_width=32 |               | srl_116_I3_I20       |
|          |              | SH_width=32 |              |                      |
| r16583   | DW_rightsh   | A_width=32 |               | srl_116_I4_I20       |
|          |              | SH_width=32 |              |                      |
| r16587   | DW_rightsh   | A_width=32 |               | srl_116_I5_I20       |
|          |              | SH_width=32 |              |                      |
| r16591   | DW01_add     | width=3    |               | add_2_root_add_117_I5_I20_aco |
| r16597   | DW_rightsh   | A_width=32 |               | srl_123_I20          |
|          |              | SH_width=32 |              |                      |
| r16601   | DW_rightsh   | A_width=32 |               | srl_123_I2_I20       |
|          |              | SH_width=32 |              |                      |
| r16605   | DW_rightsh   | A_width=32 |               | srl_123_I3_I20       |
|          |              | SH_width=32 |              |                      |
| r16609   | DW_rightsh   | A_width=32 |               | srl_123_I4_I20       |
|          |              | SH_width=32 |              |                      |
| r16613   | DW_rightsh   | A_width=32 |               | srl_123_I5_I20       |
|          |              | SH_width=32 |              |                      |
| r16617   | DW01_inc     | width=4    |               | add_125_I20          |
| r16621   | DW_rightsh   | A_width=32 |               | srl_116_I21          |
|          |              | SH_width=32 |              |                      |
| r16625   | DW_rightsh   | A_width=32 |               | srl_116_I2_I21       |
|          |              | SH_width=32 |              |                      |
| r16629   | DW01_add     | width=2    |               | add_3_root_add_117_I5_I21_aco |
| r16631   | DW_rightsh   | A_width=32 |               | srl_116_I3_I21       |
|          |              | SH_width=32 |              |                      |
| r16635   | DW_rightsh   | A_width=32 |               | srl_116_I4_I21       |
|          |              | SH_width=32 |              |                      |
| r16639   | DW_rightsh   | A_width=32 |               | srl_116_I5_I21       |
|          |              | SH_width=32 |              |                      |
| r16643   | DW01_add     | width=3    |               | add_2_root_add_117_I5_I21_aco |
| r16649   | DW_rightsh   | A_width=32 |               | srl_123_I21          |
|          |              | SH_width=32 |              |                      |
| r16653   | DW_rightsh   | A_width=32 |               | srl_123_I2_I21       |
|          |              | SH_width=32 |              |                      |
| r16657   | DW_rightsh   | A_width=32 |               | srl_123_I3_I21       |
|          |              | SH_width=32 |              |                      |
| r16661   | DW_rightsh   | A_width=32 |               | srl_123_I4_I21       |
|          |              | SH_width=32 |              |                      |
| r16665   | DW_rightsh   | A_width=32 |               | srl_123_I5_I21       |
|          |              | SH_width=32 |              |                      |
| r16669   | DW01_inc     | width=4    |               | add_125_I21          |
| r16673   | DW_rightsh   | A_width=32 |               | srl_116_I22          |
|          |              | SH_width=32 |              |                      |
| r16677   | DW_rightsh   | A_width=32 |               | srl_116_I2_I22       |
|          |              | SH_width=32 |              |                      |
| r16681   | DW01_add     | width=2    |               | add_3_root_add_117_I5_I22_aco |
| r16683   | DW_rightsh   | A_width=32 |               | srl_116_I3_I22       |
|          |              | SH_width=32 |              |                      |
| r16687   | DW_rightsh   | A_width=32 |               | srl_116_I4_I22       |
|          |              | SH_width=32 |              |                      |
| r16691   | DW_rightsh   | A_width=32 |               | srl_116_I5_I22       |
|          |              | SH_width=32 |              |                      |
| r16695   | DW01_add     | width=3    |               | add_2_root_add_117_I5_I22_aco |
| r16701   | DW_rightsh   | A_width=32 |               | srl_123_I22          |
|          |              | SH_width=32 |              |                      |
| r16705   | DW_rightsh   | A_width=32 |               | srl_123_I2_I22       |
|          |              | SH_width=32 |              |                      |
| r16709   | DW_rightsh   | A_width=32 |               | srl_123_I3_I22       |
|          |              | SH_width=32 |              |                      |
| r16713   | DW_rightsh   | A_width=32 |               | srl_123_I4_I22       |
|          |              | SH_width=32 |              |                      |
| r16717   | DW_rightsh   | A_width=32 |               | srl_123_I5_I22       |
|          |              | SH_width=32 |              |                      |
| r16721   | DW01_inc     | width=4    |               | add_125_I22          |
| r16725   | DW_rightsh   | A_width=32 |               | srl_116_I23          |
|          |              | SH_width=32 |              |                      |
| r16729   | DW_rightsh   | A_width=32 |               | srl_116_I2_I23       |
|          |              | SH_width=32 |              |                      |
| r16733   | DW01_add     | width=2    |               | add_3_root_add_117_I5_I23_aco |
| r16735   | DW_rightsh   | A_width=32 |               | srl_116_I3_I23       |
|          |              | SH_width=32 |              |                      |
| r16739   | DW_rightsh   | A_width=32 |               | srl_116_I4_I23       |
|          |              | SH_width=32 |              |                      |
| r16743   | DW_rightsh   | A_width=32 |               | srl_116_I5_I23       |
|          |              | SH_width=32 |              |                      |
| r16747   | DW01_add     | width=3    |               | add_2_root_add_117_I5_I23_aco |
| r16753   | DW_rightsh   | A_width=32 |               | srl_123_I23          |
|          |              | SH_width=32 |              |                      |
| r16757   | DW_rightsh   | A_width=32 |               | srl_123_I2_I23       |
|          |              | SH_width=32 |              |                      |
| r16761   | DW_rightsh   | A_width=32 |               | srl_123_I3_I23       |
|          |              | SH_width=32 |              |                      |
| r16765   | DW_rightsh   | A_width=32 |               | srl_123_I4_I23       |
|          |              | SH_width=32 |              |                      |
| r16769   | DW_rightsh   | A_width=32 |               | srl_123_I5_I23       |
|          |              | SH_width=32 |              |                      |
| r16773   | DW01_inc     | width=4    |               | add_125_I23          |
| r16777   | DW_rightsh   | A_width=32 |               | srl_116_I24          |
|          |              | SH_width=32 |              |                      |
| r16781   | DW_rightsh   | A_width=32 |               | srl_116_I2_I24       |
|          |              | SH_width=32 |              |                      |
| r16785   | DW01_add     | width=2    |               | add_3_root_add_117_I5_I24_aco |
| r16787   | DW_rightsh   | A_width=32 |               | srl_116_I3_I24       |
|          |              | SH_width=32 |              |                      |
| r16791   | DW_rightsh   | A_width=32 |               | srl_116_I4_I24       |
|          |              | SH_width=32 |              |                      |
| r16795   | DW_rightsh   | A_width=32 |               | srl_116_I5_I24       |
|          |              | SH_width=32 |              |                      |
| r16799   | DW01_add     | width=3    |               | add_2_root_add_117_I5_I24_aco |
| r16805   | DW_rightsh   | A_width=32 |               | srl_123_I24          |
|          |              | SH_width=32 |              |                      |
| r16809   | DW_rightsh   | A_width=32 |               | srl_123_I2_I24       |
|          |              | SH_width=32 |              |                      |
| r16813   | DW_rightsh   | A_width=32 |               | srl_123_I3_I24       |
|          |              | SH_width=32 |              |                      |
| r16817   | DW_rightsh   | A_width=32 |               | srl_123_I4_I24       |
|          |              | SH_width=32 |              |                      |
| r16821   | DW_rightsh   | A_width=32 |               | srl_123_I5_I24       |
|          |              | SH_width=32 |              |                      |
| r16825   | DW01_inc     | width=4    |               | add_125_I24          |
| r16829   | DW_rightsh   | A_width=32 |               | srl_116_I25          |
|          |              | SH_width=32 |              |                      |
| r16833   | DW_rightsh   | A_width=32 |               | srl_116_I2_I25       |
|          |              | SH_width=32 |              |                      |
| r16837   | DW01_add     | width=2    |               | add_3_root_add_117_I5_I25_aco |
| r16839   | DW_rightsh   | A_width=32 |               | srl_116_I3_I25       |
|          |              | SH_width=32 |              |                      |
| r16843   | DW_rightsh   | A_width=32 |               | srl_116_I4_I25       |
|          |              | SH_width=32 |              |                      |
| r16847   | DW_rightsh   | A_width=32 |               | srl_116_I5_I25       |
|          |              | SH_width=32 |              |                      |
| r16851   | DW01_add     | width=3    |               | add_2_root_add_117_I5_I25_aco |
| r16857   | DW_rightsh   | A_width=32 |               | srl_123_I25          |
|          |              | SH_width=32 |              |                      |
| r16861   | DW_rightsh   | A_width=32 |               | srl_123_I2_I25       |
|          |              | SH_width=32 |              |                      |
| r16865   | DW_rightsh   | A_width=32 |               | srl_123_I3_I25       |
|          |              | SH_width=32 |              |                      |
| r16869   | DW_rightsh   | A_width=32 |               | srl_123_I4_I25       |
|          |              | SH_width=32 |              |                      |
| r16873   | DW_rightsh   | A_width=32 |               | srl_123_I5_I25       |
|          |              | SH_width=32 |              |                      |
| r16877   | DW01_inc     | width=4    |               | add_125_I25          |
| r16881   | DW_rightsh   | A_width=32 |               | srl_116_I26          |
|          |              | SH_width=32 |              |                      |
| r16885   | DW_rightsh   | A_width=32 |               | srl_116_I2_I26       |
|          |              | SH_width=32 |              |                      |
| r16889   | DW01_add     | width=2    |               | add_3_root_add_117_I5_I26_aco |
| r16891   | DW_rightsh   | A_width=32 |               | srl_116_I3_I26       |
|          |              | SH_width=32 |              |                      |
| r16895   | DW_rightsh   | A_width=32 |               | srl_116_I4_I26       |
|          |              | SH_width=32 |              |                      |
| r16899   | DW_rightsh   | A_width=32 |               | srl_116_I5_I26       |
|          |              | SH_width=32 |              |                      |
| r16903   | DW01_add     | width=3    |               | add_2_root_add_117_I5_I26_aco |
| r16909   | DW_rightsh   | A_width=32 |               | srl_123_I26          |
|          |              | SH_width=32 |              |                      |
| r16913   | DW_rightsh   | A_width=32 |               | srl_123_I2_I26       |
|          |              | SH_width=32 |              |                      |
| r16917   | DW_rightsh   | A_width=32 |               | srl_123_I3_I26       |
|          |              | SH_width=32 |              |                      |
| r16921   | DW_rightsh   | A_width=32 |               | srl_123_I4_I26       |
|          |              | SH_width=32 |              |                      |
| r16925   | DW_rightsh   | A_width=32 |               | srl_123_I5_I26       |
|          |              | SH_width=32 |              |                      |
| r16929   | DW01_inc     | width=4    |               | add_125_I26          |
| r16933   | DW_rightsh   | A_width=32 |               | srl_116_I27          |
|          |              | SH_width=32 |              |                      |
| r16937   | DW_rightsh   | A_width=32 |               | srl_116_I2_I27       |
|          |              | SH_width=32 |              |                      |
| r16941   | DW01_add     | width=2    |               | add_3_root_add_117_I5_I27_aco |
| r16943   | DW_rightsh   | A_width=32 |               | srl_116_I3_I27       |
|          |              | SH_width=32 |              |                      |
| r16947   | DW_rightsh   | A_width=32 |               | srl_116_I4_I27       |
|          |              | SH_width=32 |              |                      |
| r16951   | DW_rightsh   | A_width=32 |               | srl_116_I5_I27       |
|          |              | SH_width=32 |              |                      |
| r16955   | DW01_add     | width=3    |               | add_2_root_add_117_I5_I27_aco |
| r16961   | DW_rightsh   | A_width=32 |               | srl_123_I27          |
|          |              | SH_width=32 |              |                      |
| r16965   | DW_rightsh   | A_width=32 |               | srl_123_I2_I27       |
|          |              | SH_width=32 |              |                      |
| r16969   | DW_rightsh   | A_width=32 |               | srl_123_I3_I27       |
|          |              | SH_width=32 |              |                      |
| r16973   | DW_rightsh   | A_width=32 |               | srl_123_I4_I27       |
|          |              | SH_width=32 |              |                      |
| r16977   | DW_rightsh   | A_width=32 |               | srl_123_I5_I27       |
|          |              | SH_width=32 |              |                      |
| r16981   | DW01_inc     | width=4    |               | add_125_I27          |
| r16985   | DW_rightsh   | A_width=32 |               | srl_116_I28          |
|          |              | SH_width=32 |              |                      |
| r16989   | DW_rightsh   | A_width=32 |               | srl_116_I2_I28       |
|          |              | SH_width=32 |              |                      |
| r16993   | DW01_add     | width=2    |               | add_3_root_add_117_I5_I28_aco |
| r16995   | DW_rightsh   | A_width=32 |               | srl_116_I3_I28       |
|          |              | SH_width=32 |              |                      |
| r16999   | DW_rightsh   | A_width=32 |               | srl_116_I4_I28       |
|          |              | SH_width=32 |              |                      |
| r17003   | DW_rightsh   | A_width=32 |               | srl_116_I5_I28       |
|          |              | SH_width=32 |              |                      |
| r17007   | DW01_add     | width=3    |               | add_2_root_add_117_I5_I28_aco |
| r17013   | DW_rightsh   | A_width=32 |               | srl_123_I28          |
|          |              | SH_width=32 |              |                      |
| r17017   | DW_rightsh   | A_width=32 |               | srl_123_I2_I28       |
|          |              | SH_width=32 |              |                      |
| r17021   | DW_rightsh   | A_width=32 |               | srl_123_I3_I28       |
|          |              | SH_width=32 |              |                      |
| r17025   | DW_rightsh   | A_width=32 |               | srl_123_I4_I28       |
|          |              | SH_width=32 |              |                      |
| r17029   | DW_rightsh   | A_width=32 |               | srl_123_I5_I28       |
|          |              | SH_width=32 |              |                      |
| r17033   | DW01_inc     | width=4    |               | add_125_I28          |
| r17037   | DW_rightsh   | A_width=32 |               | srl_116_I29          |
|          |              | SH_width=32 |              |                      |
| r17041   | DW_rightsh   | A_width=32 |               | srl_116_I2_I29       |
|          |              | SH_width=32 |              |                      |
| r17045   | DW01_add     | width=2    |               | add_3_root_add_117_I5_I29_aco |
| r17047   | DW_rightsh   | A_width=32 |               | srl_116_I3_I29       |
|          |              | SH_width=32 |              |                      |
| r17051   | DW_rightsh   | A_width=32 |               | srl_116_I4_I29       |
|          |              | SH_width=32 |              |                      |
| r17055   | DW_rightsh   | A_width=32 |               | srl_116_I5_I29       |
|          |              | SH_width=32 |              |                      |
| r17059   | DW01_add     | width=3    |               | add_2_root_add_117_I5_I29_aco |
| r17065   | DW_rightsh   | A_width=32 |               | srl_123_I29          |
|          |              | SH_width=32 |              |                      |
| r17069   | DW_rightsh   | A_width=32 |               | srl_123_I2_I29       |
|          |              | SH_width=32 |              |                      |
| r17073   | DW_rightsh   | A_width=32 |               | srl_123_I3_I29       |
|          |              | SH_width=32 |              |                      |
| r17077   | DW_rightsh   | A_width=32 |               | srl_123_I4_I29       |
|          |              | SH_width=32 |              |                      |
| r17081   | DW_rightsh   | A_width=32 |               | srl_123_I5_I29       |
|          |              | SH_width=32 |              |                      |
| r17085   | DW01_inc     | width=4    |               | add_125_I29          |
| r17089   | DW_rightsh   | A_width=32 |               | srl_116_I30          |
|          |              | SH_width=32 |              |                      |
| r17093   | DW_rightsh   | A_width=32 |               | srl_116_I2_I30       |
|          |              | SH_width=32 |              |                      |
| r17097   | DW01_add     | width=2    |               | add_3_root_add_117_I5_I30_aco |
| r17099   | DW_rightsh   | A_width=32 |               | srl_116_I3_I30       |
|          |              | SH_width=32 |              |                      |
| r17103   | DW_rightsh   | A_width=32 |               | srl_116_I4_I30       |
|          |              | SH_width=32 |              |                      |
| r17107   | DW_rightsh   | A_width=32 |               | srl_116_I5_I30       |
|          |              | SH_width=32 |              |                      |
| r17111   | DW01_add     | width=3    |               | add_2_root_add_117_I5_I30_aco |
| r17117   | DW_rightsh   | A_width=32 |               | srl_123_I30          |
|          |              | SH_width=32 |              |                      |
| r17121   | DW_rightsh   | A_width=32 |               | srl_123_I2_I30       |
|          |              | SH_width=32 |              |                      |
| r17125   | DW_rightsh   | A_width=32 |               | srl_123_I3_I30       |
|          |              | SH_width=32 |              |                      |
| r17129   | DW_rightsh   | A_width=32 |               | srl_123_I4_I30       |
|          |              | SH_width=32 |              |                      |
| r17133   | DW_rightsh   | A_width=32 |               | srl_123_I5_I30       |
|          |              | SH_width=32 |              |                      |
| r17137   | DW01_inc     | width=4    |               | add_125_I30          |
| r17141   | DW_rightsh   | A_width=32 |               | srl_116_I31          |
|          |              | SH_width=32 |              |                      |
| r17145   | DW_rightsh   | A_width=32 |               | srl_116_I2_I31       |
|          |              | SH_width=32 |              |                      |
| r17149   | DW01_add     | width=2    |               | add_3_root_add_117_I5_I31_aco |
| r17151   | DW_rightsh   | A_width=32 |               | srl_116_I3_I31       |
|          |              | SH_width=32 |              |                      |
| r17155   | DW_rightsh   | A_width=32 |               | srl_116_I4_I31       |
|          |              | SH_width=32 |              |                      |
| r17159   | DW_rightsh   | A_width=32 |               | srl_116_I5_I31       |
|          |              | SH_width=32 |              |                      |
| r17163   | DW01_add     | width=3    |               | add_2_root_add_117_I5_I31_aco |
| r17169   | DW_rightsh   | A_width=32 |               | srl_123_I31          |
|          |              | SH_width=32 |              |                      |
| r17173   | DW_rightsh   | A_width=32 |               | srl_123_I2_I31       |
|          |              | SH_width=32 |              |                      |
| r17177   | DW_rightsh   | A_width=32 |               | srl_123_I3_I31       |
|          |              | SH_width=32 |              |                      |
| r17181   | DW_rightsh   | A_width=32 |               | srl_123_I4_I31       |
|          |              | SH_width=32 |              |                      |
| r17185   | DW_rightsh   | A_width=32 |               | srl_123_I5_I31       |
|          |              | SH_width=32 |              |                      |
| r17189   | DW01_inc     | width=4    |               | add_125_I31          |
| r17193   | DW_rightsh   | A_width=32 |               | srl_116_I32          |
|          |              | SH_width=32 |              |                      |
| r17197   | DW_rightsh   | A_width=32 |               | srl_116_I2_I32       |
|          |              | SH_width=32 |              |                      |
| r17201   | DW01_add     | width=2    |               | add_3_root_add_117_I5_I32_aco |
| r17203   | DW_rightsh   | A_width=32 |               | srl_116_I3_I32       |
|          |              | SH_width=32 |              |                      |
| r17207   | DW_rightsh   | A_width=32 |               | srl_116_I4_I32       |
|          |              | SH_width=32 |              |                      |
| r17211   | DW_rightsh   | A_width=32 |               | srl_116_I5_I32       |
|          |              | SH_width=32 |              |                      |
| r17215   | DW01_add     | width=3    |               | add_2_root_add_117_I5_I32_aco |
| r17221   | DW_rightsh   | A_width=32 |               | srl_123_I32          |
|          |              | SH_width=32 |              |                      |
| r17225   | DW_rightsh   | A_width=32 |               | srl_123_I2_I32       |
|          |              | SH_width=32 |              |                      |
| r17229   | DW_rightsh   | A_width=32 |               | srl_123_I3_I32       |
|          |              | SH_width=32 |              |                      |
| r17233   | DW_rightsh   | A_width=32 |               | srl_123_I4_I32       |
|          |              | SH_width=32 |              |                      |
| r17237   | DW_rightsh   | A_width=32 |               | srl_123_I5_I32       |
|          |              | SH_width=32 |              |                      |
| r17261   | DW01_cmp6    | width=2    |               | ne_116_I3_I32        |
| r17262   | DW01_cmp6    | width=2    |               | ne_116_I4_I6         |
| r17263   | DW01_cmp6    | width=2    |               | ne_116_I3_I14        |
| r17264   | DW01_cmp2    | width=3    |               | lt_135_I3            |
| r17265   | DW01_cmp6    | width=2    |               | ne_116_I3_I4         |
| r17266   | DW01_cmp6    | width=2    |               | ne_116_I4_I16        |
| r17267   | DW01_cmp2    | width=3    |               | lt_135_I5            |
| r17268   | DW01_cmp6    | width=2    |               | ne_116_I3_I2         |
| r17269   | DW01_cmp6    | width=2    |               | ne_116_I3_I3         |
| r17270   | DW01_cmp6    | width=2    |               | ne_116_I3_I5         |
| r17271   | DW01_cmp6    | width=2    |               | ne_116_I4_I21        |
| r17272   | DW01_cmp2    | width=3    |               | lt_135_I4            |
| r17273   | DW01_cmp6    | width=2    |               | ne_116_I3_I22        |
| r17274   | DW01_cmp6    | width=2    |               | ne_116_I4_I4         |
| r17275   | DW01_cmp6    | width=2    |               | ne_116_I3_I12        |
| r17276   | DW01_cmp6    | width=2    |               | ne_116_I4_I32        |
| r17277   | DW01_cmp6    | width=2    |               | ne_116_I3_I28        |
| r17278   | DW01_cmp6    | width=2    |               | ne_116_I4_I17        |
| r17279   | DW01_cmp6    | width=2    |               | ne_116_I4_I5         |
| r17280   | DW01_cmp6    | width=2    |               | ne_116_I3_I24        |
| r17281   | DW01_cmp6    | width=2    |               | ne_116_I4_I28        |
| r17282   | DW01_cmp6    | width=2    |               | ne_116_I4_I29        |
| r17283   | DW01_cmp6    | width=2    |               | ne_116_I3_I9         |
| r17284   | DW01_cmp6    | width=2    |               | ne_116_I4_I23        |
| r17285   | DW01_cmp6    | width=2    |               | ne_116_I4_I30        |
| r17286   | DW01_cmp6    | width=2    |               | ne_116_I3_I16        |
| r17287   | DW01_cmp6    | width=2    |               | ne_116_I3_I31        |
| r17288   | DW01_cmp6    | width=2    |               | ne_116_I3_I26        |
| r17289   | DW01_cmp6    | width=2    |               | ne_116_I3_I25        |
| r17290   | DW01_cmp6    | width=2    |               | ne_116_I4_I22        |
| r17291   | DW01_cmp6    | width=2    |               | ne_116_I4_I9         |
| r17292   | DW01_cmp6    | width=2    |               | ne_116_I3_I15        |
| r17293   | DW01_cmp2    | width=3    |               | lt_135_I2            |
| r17294   | DW01_cmp6    | width=2    |               | ne_116_I3_I13        |
| r17295   | DW01_cmp6    | width=2    |               | ne_116_I4_I8         |
| r17296   | DW01_cmp2    | width=3    |               | lt_132               |
| r17297   | DW01_cmp6    | width=2    |               | ne_116_I4_I14        |
| r17298   | DW01_cmp6    | width=2    |               | ne_116_I4_I3         |
| r17299   | DW01_cmp6    | width=2    |               | ne_116_I4_I13        |
| r17300   | DW01_cmp6    | width=2    |               | ne_116_I4_I27        |
| r17301   | DW01_cmp6    | width=2    |               | ne_116_I4_I26        |
| r17302   | DW01_cmp6    | width=2    |               | ne_116_I3_I10        |
| r17303   | DW01_cmp6    | width=2    |               | ne_116_I3_I27        |
| r17304   | DW01_cmp6    | width=2    |               | ne_116_I3_I17        |
| r17305   | DW01_cmp6    | width=2    |               | ne_116_I3_I19        |
| r17306   | DW01_cmp6    | width=2    |               | ne_116_I4_I19        |
| r17307   | DW01_cmp6    | width=2    |               | ne_116_I4_I18        |
| r17308   | DW01_cmp6    | width=2    |               | ne_116_I4_I20        |
| r17309   | DW01_cmp6    | width=2    |               | ne_116_I4_I15        |
| r17310   | DW01_cmp6    | width=2    |               | ne_116_I4_I7         |
| r17311   | DW01_cmp6    | width=2    |               | ne_116_I3_I29        |
| r17312   | DW01_cmp6    | width=2    |               | ne_116_I3_I11        |
| r17313   | DW01_cmp6    | width=2    |               | ne_116_I4_I10        |
| r17314   | DW01_cmp6    | width=2    |               | ne_116_I4_I31        |
| r17315   | DW01_cmp6    | width=2    |               | ne_116_I3_I20        |
| r17316   | DW01_cmp6    | width=2    |               | ne_116_I3_I23        |
| r17317   | DW01_cmp6    | width=2    |               | ne_116_I4_I12        |
| r17318   | DW01_cmp6    | width=2    |               | ne_116_I3_I6         |
| r17319   | DW01_cmp6    | width=2    |               | ne_116_I3_I8         |
| r17320   | DW01_cmp6    | width=2    |               | ne_116_I4_I11        |
| r17321   | DW01_cmp6    | width=2    |               | ne_116_I3_I30        |
| r17322   | DW01_cmp6    | width=2    |               | ne_116_I3_I21        |
| r17323   | DW01_cmp6    | width=2    |               | ne_116_I4_I1         |
| r17324   | DW01_cmp6    | width=2    |               | ne_116_I4_I2         |
| r17325   | DW01_cmp6    | width=2    |               | ne_116_I4_I24        |
| r17326   | DW01_cmp6    | width=2    |               | ne_116_I3_I7         |
| r17327   | DW01_cmp6    | width=2    |               | ne_116_I3_I1         |
| r17328   | DW01_cmp6    | width=2    |               | ne_116_I3_I18        |
| r17329   | DW01_cmp6    | width=2    |               | ne_123_I2            |
| r17330   | DW01_cmp6    | width=2    |               | ne_123_I5_I8         |
| r17331   | DW01_cmp6    | width=2    |               | ne_123_I3_I32        |
| r17332   | DW01_cmp6    | width=2    |               | ne_123_I5_I25        |
| r17333   | DW01_cmp6    | width=2    |               | ne_123_I3_I13        |
| r17334   | DW01_cmp6    | width=2    |               | ne_123_I2_I12        |
| r17335   | DW01_cmp6    | width=2    |               | ne_123_I4_I17        |
| r17337   | DW01_cmp6    | width=2    |               | ne_123_I2_I14        |
| r17339   | DW01_cmp6    | width=2    |               | ne_123_I3_I3         |
| r17340   | DW01_cmp6    | width=2    |               | ne_123_I5_I5         |
| r17342   | DW01_cmp6    | width=2    |               | ne_123_I4_I18        |
| r17343   | DW01_cmp6    | width=2    |               | ne_123_I2_I24        |
| r17344   | DW01_cmp6    | width=2    |               | ne_123_I20           |
| r17345   | DW01_cmp6    | width=2    |               | ne_123_I2_I22        |
| r17346   | DW01_cmp6    | width=2    |               | ne_123_I5_I10        |
| r17347   | DW01_cmp6    | width=2    |               | ne_123_I5_I21        |
| r17348   | DW01_cmp6    | width=2    |               | ne_123_I2_I2         |
| r17350   | DW01_cmp6    | width=2    |               | ne_123_I2_I19        |
| r17351   | DW01_cmp6    | width=2    |               | ne_123_I24           |
| r17352   | DW01_cmp6    | width=2    |               | ne_123_I3_I27        |
| r17353   | DW01_cmp6    | width=2    |               | ne_123_I3_I25        |
| r17354   | DW01_cmp6    | width=2    |               | ne_123_I2_I16        |
| r17355   | DW01_cmp6    | width=2    |               | ne_123_I5_I17        |
| r17357   | DW01_cmp6    | width=2    |               | ne_123_I2_I26        |
| r17358   | DW01_cmp6    | width=2    |               | ne_123_I5_I24        |
| r17360   | DW01_cmp6    | width=2    |               | ne_123_I5_I4         |
| r17362   | DW01_cmp6    | width=2    |               | ne_123_I30           |
| r17363   | DW01_cmp6    | width=2    |               | ne_123_I2_I4         |
| r17364   | DW01_cmp6    | width=2    |               | ne_123_I5_I32        |
| r17365   | DW01_cmp6    | width=2    |               | ne_123_I4_I13        |
| r17366   | DW01_cmp6    | width=2    |               | ne_123_I4_I1         |
| r17367   | DW01_cmp6    | width=2    |               | ne_123_I5            |
| r17368   | DW01_cmp6    | width=2    |               | ne_123_I2_I10        |
| r17370   | DW01_cmp6    | width=2    |               | ne_123_I3_I11        |
| r17371   | DW01_cmp6    | width=2    |               | ne_123_I2_I15        |
| r17372   | DW01_cmp6    | width=2    |               | ne_123_I5_I16        |
| r17374   | DW01_cmp6    | width=2    |               | ne_123_I5_I14        |
| r17375   | DW01_cmp6    | width=2    |               | ne_123_I5_I7         |
| r17376   | DW01_cmp6    | width=2    |               | ne_123_I4_I20        |
| r17377   | DW01_cmp6    | width=2    |               | ne_123_I2_I9         |
| r17378   | DW01_cmp2    | width=3    |               | lt_132_I2            |
| r17379   | DW01_cmp6    | width=2    |               | ne_123_I3_I9         |
| r17381   | DW01_cmp6    | width=2    |               | ne_123_I28           |
| r17382   | DW01_cmp6    | width=2    |               | ne_123_I13           |
| r17384   | DW01_cmp6    | width=2    |               | ne_123_I4_I4         |
| r17385   | DW01_cmp6    | width=2    |               | ne_123_I2_I5         |
| r17386   | DW01_cmp6    | width=2    |               | ne_123_I5_I1         |
| r17387   | DW01_cmp6    | width=2    |               | ne_123_I3_I28        |
| r17388   | DW01_cmp6    | width=2    |               | ne_123_I5_I6         |
| r17390   | DW01_cmp6    | width=2    |               | ne_123_I27           |
| r17391   | DW01_cmp6    | width=2    |               | ne_123_I19           |
| r17393   | DW01_cmp6    | width=2    |               | ne_123_I4_I10        |
| r17394   | DW01_cmp6    | width=2    |               | ne_123_I4_I12        |
| r17395   | DW01_cmp2    | width=3    |               | lt_132_I3            |
| r17396   | DW01_cmp6    | width=2    |               | ne_123_I26           |
| r17397   | DW01_cmp6    | width=2    |               | ne_123_I4_I5         |
| r17398   | DW01_cmp6    | width=2    |               | ne_123_I8            |
| r17400   | DW01_cmp6    | width=2    |               | ne_123_I4_I29        |
| r17401   | DW01_cmp6    | width=2    |               | ne_123_I3_I18        |
| r17403   | DW01_cmp6    | width=2    |               | ne_123_I5_I26        |
| r17404   | DW01_cmp6    | width=2    |               | ne_123_I4_I6         |
| r17406   | DW01_cmp6    | width=2    |               | ne_123_I4_I30        |
| r17408   | DW01_cmp6    | width=2    |               | ne_123_I3_I20        |
| r17410   | DW01_cmp6    | width=2    |               | ne_123_I23           |
| r17412   | DW01_cmp6    | width=2    |               | ne_123_I5_I29        |
| r17413   | DW01_cmp6    | width=2    |               | ne_123_I3_I31        |
| r17414   | DW01_cmp6    | width=2    |               | ne_123_I3_I24        |
| r17415   | DW01_cmp6    | width=2    |               | ne_123_I2_I21        |
| r17417   | DW01_cmp6    | width=2    |               | ne_123_I5_I11        |
| r17418   | DW01_cmp6    | width=2    |               | ne_123_I4_I28        |
| r17419   | DW01_cmp6    | width=2    |               | ne_123_I18           |
| r17420   | DW01_cmp6    | width=2    |               | ne_123_I4_I11        |
| r17421   | DW01_cmp6    | width=2    |               | ne_123_I4_I2         |
| r17423   | DW01_cmp6    | width=2    |               | ne_123_I15           |
| r17425   | DW01_cmp6    | width=2    |               | ne_123_I3_I10        |
| r17426   | DW01_cmp6    | width=2    |               | ne_123_I3_I2         |
| r17427   | DW01_cmp6    | width=2    |               | ne_123_I4_I9         |
| r17428   | DW01_cmp6    | width=2    |               | ne_123_I5_I23        |
| r17429   | DW01_cmp6    | width=2    |               | ne_123_I2_I27        |
| r17431   | DW01_cmp6    | width=2    |               | ne_123_I4_I21        |
| r17432   | DW01_cmp6    | width=2    |               | ne_123_I22           |
| r17434   | DW01_cmp6    | width=2    |               | ne_123_I3_I21        |
| r17435   | DW01_cmp6    | width=2    |               | ne_123_I5_I12        |
| r17436   | DW01_cmp6    | width=2    |               | ne_123_I2_I20        |
| r17437   | DW01_cmp6    | width=2    |               | ne_123_I5_I28        |
| r17439   | DW01_cmp6    | width=2    |               | ne_123_I2_I28        |
| r17440   | DW01_cmp6    | width=2    |               | ne_123_I6            |
| r17441   | DW01_cmp6    | width=2    |               | ne_123_I5_I13        |
| r17442   | DW01_cmp6    | width=2    |               | ne_123_I4_I23        |
| r17443   | DW01_cmp6    | width=2    |               | ne_123_I3_I5         |
| r17444   | DW01_cmp6    | width=2    |               | ne_123_I5_I30        |
| r17446   | DW01_cmp6    | width=2    |               | ne_123_I7            |
| r17448   | DW01_cmp6    | width=2    |               | ne_123_I3_I23        |
| r17450   | DW01_cmp6    | width=2    |               | ne_123_I32           |
| r17451   | DW01_cmp6    | width=2    |               | ne_123_I2_I32        |
| r17453   | DW01_cmp6    | width=2    |               | ne_123_I4_I19        |
| r17454   | DW01_cmp6    | width=2    |               | ne_123_I5_I19        |
| r17456   | DW01_cmp6    | width=2    |               | ne_123_I2_I31        |
| r17457   | DW01_cmp6    | width=2    |               | ne_123_I4_I3         |
| r17459   | DW01_cmp6    | width=2    |               | ne_123_I21           |
| r17460   | DW01_cmp6    | width=2    |               | ne_123_I2_I11        |
| r17461   | DW01_cmp6    | width=2    |               | ne_123_I14           |
| r17462   | DW01_cmp6    | width=2    |               | ne_123_I12           |
| r17463   | DW01_cmp6    | width=2    |               | ne_123_I25           |
| r17465   | DW01_cmp6    | width=2    |               | ne_123_I2_I7         |
| r17466   | DW01_cmp6    | width=2    |               | ne_123_I4_I24        |
| r17468   | DW01_cmp6    | width=2    |               | ne_123_I2_I8         |
| r17469   | DW01_cmp6    | width=2    |               | ne_123_I2_I30        |
| r17470   | DW01_cmp6    | width=2    |               | ne_123_I3_I30        |
| r17472   | DW01_cmp6    | width=2    |               | ne_123_I4_I27        |
| r17473   | DW01_cmp6    | width=2    |               | ne_123_I3_I14        |
| r17474   | DW01_cmp6    | width=2    |               | ne_123_I4_I14        |
| r17475   | DW01_cmp6    | width=2    |               | ne_123_I3_I8         |
| r17476   | DW01_cmp6    | width=2    |               | ne_123_I4_I25        |
| r17477   | DW01_cmp6    | width=2    |               | ne_123_I5_I20        |
| r17478   | DW01_cmp6    | width=2    |               | ne_123_I3_I19        |
| r17479   | DW01_cmp6    | width=2    |               | ne_123_I11           |
| r17480   | DW01_cmp6    | width=2    |               | ne_123_I2_I6         |
| r17481   | DW01_cmp6    | width=2    |               | ne_123_I4_I7         |
| r17482   | DW01_cmp6    | width=2    |               | ne_123_I3_I17        |
| r17483   | DW01_cmp6    | width=2    |               | ne_123_I3_I29        |
| r17484   | DW01_cmp6    | width=2    |               | ne_123_I4_I31        |
| r17485   | DW01_cmp6    | width=2    |               | ne_123_I4_I8         |
| r17486   | DW01_cmp6    | width=2    |               | ne_123_I4_I16        |
| r17488   | DW01_cmp6    | width=2    |               | ne_123_I5_I2         |
| r17489   | DW01_cmp6    | width=2    |               | ne_123_I2_I1         |
| r17491   | DW01_cmp6    | width=2    |               | ne_123_I4_I32        |
| r17493   | DW01_cmp6    | width=2    |               | ne_123_I3_I12        |
| r17495   | DW01_cmp6    | width=2    |               | ne_123_I5_I9         |
| r17496   | DW01_cmp6    | width=2    |               | ne_123_I29           |
| r17497   | DW01_cmp6    | width=2    |               | ne_123_I3_I16        |
| r17498   | DW01_cmp6    | width=2    |               | ne_123_I5_I18        |
| r17499   | DW01_cmp6    | width=2    |               | ne_123_I4_I22        |
| r17500   | DW01_cmp6    | width=2    |               | ne_123_I16           |
| r17501   | DW01_cmp6    | width=2    |               | ne_123_I5_I3         |
| r17503   | DW01_cmp6    | width=2    |               | ne_123_I4_I26        |
| r17505   | DW01_cmp6    | width=2    |               | ne_123_I2_I29        |
| r17507   | DW01_cmp6    | width=2    |               | ne_123_I5_I22        |
| r17509   | DW01_cmp6    | width=2    |               | ne_123_I4            |
| r17511   | DW01_cmp6    | width=2    |               | ne_123_I2_I3         |
| r17512   | DW01_cmp6    | width=2    |               | ne_123_I3_I6         |
| r17513   | DW01_cmp6    | width=2    |               | ne_123_I3            |
| r17515   | DW01_cmp6    | width=2    |               | ne_123_I10           |
| r17516   | DW01_cmp6    | width=2    |               | ne_123_I9            |
| r17517   | DW01_cmp2    | width=3    |               | lt_132_I4            |
| r17519   | DW01_cmp6    | width=2    |               | ne_123               |
| r17521   | DW01_cmp6    | width=2    |               | ne_123_I2_I23        |
| r17522   | DW01_cmp6    | width=2    |               | ne_123_I5_I15        |
| r17523   | DW01_cmp6    | width=2    |               | ne_123_I2_I25        |
| r17525   | DW01_cmp6    | width=2    |               | ne_123_I5_I27        |
| r17527   | DW01_cmp6    | width=2    |               | ne_123_I3_I1         |
| r17528   | DW01_cmp6    | width=2    |               | ne_123_I3_I7         |
| r17529   | DW01_cmp6    | width=2    |               | ne_123_I3_I22        |
| r17531   | DW01_cmp6    | width=2    |               | ne_123_I5_I31        |
| r17532   | DW01_cmp6    | width=2    |               | ne_123_I31           |
| r17533   | DW01_cmp6    | width=2    |               | ne_123_I3_I15        |
| r17534   | DW01_cmp6    | width=2    |               | ne_123_I4_I15        |
| r17535   | DW01_cmp2    | width=3    |               | lt_132_I5            |
| r17537   | DW01_cmp2    | width=3    |               | lt_93_I3_I7          |
| r17538   | DW01_cmp6    | width=2    |               | ne_123_I2_I13        |
| r17539   | DW01_cmp6    | width=2    |               | ne_123_I17           |
| r17540   | DW01_cmp6    | width=2    |               | ne_123_I3_I26        |
| r17541   | DW01_cmp6    | width=2    |               | ne_123_I2_I17        |
| r17542   | DW01_cmp6    | width=2    |               | ne_123_I2_I18        |
| r17543   | DW01_cmp6    | width=2    |               | ne_123_I3_I4         |
| r17544   | DW01_cmp6    | width=10   |               | eq_93_I7             |
| r17546   | DW01_cmp2    | width=3    |               | lt_98_I7             |
| r17548   | DW01_cmp6    | width=10   |               | eq_93_I4_I7          |
| r17550   | DW01_cmp6    | width=10   |               | eq_93_I3_I7          |
| r17552   | DW01_cmp2    | width=3    |               | lt_93_I7             |
| r17556   | DW01_cmp2    | width=3    |               | lt_93_I2_I7          |
| r17557   | DW01_cmp2    | width=3    |               | lt_93_I4_I7          |
| r17559   | DW01_cmp6    | width=10   |               | eq_93_I5_I7          |
| r17561   | DW01_cmp2    | width=3    |               | lt_93_I5_I7          |
| r17563   | DW01_cmp6    | width=10   |               | eq_93_I2_I7          |
| r17565   | DW01_cmp6    | width=10   |               | eq_89_I4_I7          |
| r17567   | DW01_cmp2    | width=3    |               | lt_89_I3_I7          |
| r17569   | DW01_cmp2    | width=3    |               | lt_89_I5_I7          |
| r17570   | DW01_cmp2    | width=3    |               | gte_105_2_I6         |
| r17571   | DW01_cmp6    | width=10   |               | eq_89_I3_I7          |
| r17572   | DW01_cmp6    | width=10   |               | eq_89_I5_I7          |
| r17573   | DW01_cmp6    | width=10   |               | eq_89_I7             |
| r17574   | DW01_cmp2    | width=3    |               | gte_105_I6           |
| r17575   | DW01_cmp6    | width=10   |               | eq_89_I2_I7          |
| r17576   | DW01_cmp2    | width=3    |               | lt_101_I7            |
| r17577   | DW01_cmp6    | width=10   |               | eq_89_I3_I6          |
| r17578   | DW01_cmp2    | width=3    |               | lt_89_I4_I7          |
| r17579   | DW01_cmp2    | width=3    |               | lt_89_I7             |
| r17580   | DW01_cmp2    | width=3    |               | lt_89_I2_I7          |
| r17581   | DW01_cmp2    | width=3    |               | lt_80_I7             |
| r17583   | DW01_cmp2    | width=3    |               | lt_89_I5_I6          |
| r17585   | DW01_cmp6    | width=10   |               | eq_89_I4_I6          |
| r17586   | DW01_cmp2    | width=3    |               | lt_93_I2_I6          |
| r17587   | DW01_cmp2    | width=3    |               | lt_89_I4_I6          |
| r17588   | DW01_cmp6    | width=10   |               | eq_93_I3_I6          |
| r17589   | DW01_cmp2    | width=3    |               | lt_93_I3_I6          |
| r17590   | DW01_cmp2    | width=3    |               | lt_89_I6             |
| r17591   | DW01_cmp2    | width=3    |               | lt_98_I6             |
| r17592   | DW01_cmp6    | width=10   |               | eq_89_I6             |
| r17593   | DW01_cmp6    | width=10   |               | eq_93_I2_I6          |
| r17594   | DW01_cmp2    | width=3    |               | lt_93_I6             |
| r17595   | DW01_cmp6    | width=10   |               | eq_89_I5_I6          |
| r17596   | DW01_cmp2    | width=3    |               | lt_93_I4_I6          |
| r17597   | DW01_cmp6    | width=10   |               | eq_93_I4_I6          |
| r17598   | DW01_cmp6    | width=10   |               | eq_93_I6             |
| r17599   | DW01_cmp6    | width=10   |               | eq_93_I5_I6          |
| r17600   | DW01_cmp6    | width=10   |               | eq_89_I2_I6          |
| r17601   | DW01_cmp2    | width=3    |               | lt_93_I5_I6          |
| r17602   | DW01_cmp2    | width=3    |               | lt_89_I2_I6          |
| r17603   | DW01_cmp2    | width=3    |               | gte_105_2_I5         |
| r17604   | DW01_cmp2    | width=3    |               | lt_89_I3_I6          |
| r17605   | DW01_cmp2    | width=3    |               | lt_101_I6            |
| r17606   | DW01_cmp6    | width=4    |               | eq_119_I4            |
| r17607   | DW01_cmp2    | width=3    |               | gte_105_I5           |
| r17608   | DW01_cmp2    | width=3    |               | lt_80_I6             |
| r17609   | DW01_cmp6    | width=4    |               | eq_119_I23           |
| r17610   | DW01_cmp6    | width=4    |               | eq_119_I14           |
| r17611   | DW01_cmp6    | width=4    |               | eq_119_I7            |
| r17612   | DW01_cmp6    | width=4    |               | eq_119_I28           |
| r17613   | DW01_cmp6    | width=4    |               | eq_119_I12           |
| r17614   | DW01_cmp6    | width=4    |               | eq_119_I32           |
| r17615   | DW01_cmp6    | width=4    |               | eq_119_I15           |
| r17617   | DW01_cmp6    | width=4    |               | eq_119_I5            |
| r17618   | DW01_cmp2    | width=3    |               | gte_105_2_I4         |
| r17619   | DW01_cmp6    | width=4    |               | eq_119_I8            |
| r17620   | DW01_cmp6    | width=4    |               | eq_119_I11           |
| r17621   | DW01_cmp6    | width=4    |               | eq_119_I3            |
| r17622   | DW01_cmp6    | width=4    |               | eq_119_I22           |
| r17623   | DW01_cmp6    | width=4    |               | eq_119_I31           |
| r17624   | DW01_cmp6    | width=4    |               | eq_119_I19           |
| r17625   | DW01_cmp6    | width=4    |               | eq_119_I13           |
| r17626   | DW01_cmp6    | width=4    |               | eq_119_I9            |
| r17627   | DW01_cmp6    | width=4    |               | eq_119_I30           |
| r17628   | DW01_cmp6    | width=4    |               | eq_119_I24           |
| r17629   | DW01_cmp6    | width=4    |               | eq_119_I25           |
| r17630   | DW01_cmp6    | width=4    |               | eq_119_I27           |
| r17631   | DW01_cmp6    | width=4    |               | eq_119_I21           |
| r17632   | DW01_cmp6    | width=4    |               | eq_119_I6            |
| r17633   | DW01_cmp6    | width=4    |               | eq_119_I16           |
| r17634   | DW01_cmp6    | width=4    |               | eq_119_I26           |
| r17636   | DW01_cmp6    | width=4    |               | eq_119_I29           |
| r17637   | DW01_cmp6    | width=4    |               | eq_119_I18           |
| r17638   | DW01_cmp6    | width=4    |               | eq_119_I17           |
| r17639   | DW01_cmp6    | width=4    |               | eq_119_I2            |
| r17640   | DW01_cmp6    | width=4    |               | eq_119_I20           |
| r17641   | DW01_cmp6    | width=4    |               | eq_119_I10           |
| r17642   | DW01_cmp6    | width=10   |               | eq_93_I5             |
| r17643   | DW01_cmp2    | width=3    |               | lt_89_I5             |
| r17644   | DW01_cmp6    | width=10   |               | eq_93_I5_I5          |
| r17645   | DW01_cmp2    | width=3    |               | lt_98_I5             |
| r17646   | DW01_cmp2    | width=3    |               | lt_93_I2_I5          |
| r17647   | DW01_cmp2    | width=3    |               | lt_93_I3_I5          |
| r17648   | DW01_cmp6    | width=10   |               | eq_89_I5             |
| r17649   | DW01_cmp6    | width=10   |               | eq_93_I4_I5          |
| r17650   | DW01_cmp2    | width=3    |               | lt_89_I5_I5          |
| r17651   | DW01_cmp2    | width=3    |               | gte_105_I4           |
| r17652   | DW01_cmp6    | width=10   |               | eq_89_I4_I5          |
| r17653   | DW01_cmp6    | width=10   |               | eq_89_I2_I5          |
| r17654   | DW01_cmp2    | width=3    |               | lt_89_I3_I5          |
| r17655   | DW01_cmp6    | width=10   |               | eq_93_I2_I5          |
| r17656   | DW01_cmp6    | width=10   |               | eq_93_I3_I5          |
| r17657   | DW01_cmp2    | width=3    |               | lt_93_I5_I5          |
| r17659   | DW01_cmp2    | width=3    |               | lt_101_I5            |
| r17660   | DW01_cmp2    | width=3    |               | lt_93_I4_I5          |
| r17661   | DW01_cmp2    | width=3    |               | lt_93_I5             |
| r17662   | DW01_cmp2    | width=3    |               | lt_89_I2_I5          |
| r17663   | DW01_cmp2    | width=3    |               | lt_89_I4_I5          |
| r17664   | DW01_cmp6    | width=3    |               | eq_118_I32           |
| r17665   | DW01_cmp6    | width=10   |               | eq_89_I5_I5          |
| r17666   | DW01_cmp6    | width=10   |               | eq_89_I3_I5          |
| r17667   | DW01_cmp2    | width=3    |               | lt_80_I5             |
| r17668   | DW01_cmp6    | width=3    |               | eq_118_I31           |
| r17669   | DW01_cmp2    | width=3    |               | lt_93_I4_I4          |
| r17671   | DW01_cmp6    | width=10   |               | eq_89_I3_I4          |
| r17674   | DW01_cmp2    | width=3    |               | lt_89_I5_I4          |
| r17675   | DW01_cmp2    | width=3    |               | lt_93_I4             |
| r17676   | DW01_cmp2    | width=3    |               | gte_105_I3           |
| r17677   | DW01_cmp6    | width=10   |               | eq_89_I4_I4          |
| r17678   | DW01_cmp6    | width=10   |               | eq_89_I5_I4          |
| r17679   | DW01_cmp2    | width=3    |               | lt_89_I3_I4          |
| r17680   | DW01_cmp2    | width=3    |               | lt_98_I4             |
| r17681   | DW01_cmp6    | width=10   |               | eq_93_I4             |
| r17683   | DW01_cmp6    | width=10   |               | eq_89_I2_I4          |
| r17685   | DW01_cmp2    | width=3    |               | lt_101_I4            |
| r17686   | DW01_cmp2    | width=3    |               | lt_89_I4             |
| r17687   | DW01_cmp2    | width=3    |               | lt_93_I5_I4          |
| r17688   | DW01_cmp6    | width=10   |               | eq_93_I3_I4          |
| r17689   | DW01_cmp6    | width=10   |               | eq_89_I4             |
| r17690   | DW01_cmp6    | width=10   |               | eq_93_I5_I4          |
| r17691   | DW01_cmp2    | width=3    |               | lt_89_I2_I4          |
| r17692   | DW01_cmp6    | width=2    |               | ne_116_I5_I32        |
| r17693   | DW01_cmp6    | width=10   |               | eq_93_I4_I4          |
| r17694   | DW01_cmp6    | width=3    |               | eq_118_I30           |
| r17695   | DW01_cmp2    | width=3    |               | lt_89_I4_I4          |
| r17696   | DW01_cmp6    | width=10   |               | eq_93_I2_I4          |
| r17697   | DW01_cmp6    | width=3    |               | eq_118_I29           |
| r17698   | DW01_cmp2    | width=3    |               | lt_93_I3_I4          |
| r17700   | DW01_cmp2    | width=3    |               | gte_105_2_I3         |
| r17701   | DW01_cmp2    | width=3    |               | lt_93_I2_I4          |
| r17702   | DW01_cmp2    | width=3    |               | lt_80_I4             |
| r17703   | DW01_cmp6    | width=2    |               | ne_116_I5_I31        |
| r17704   | DW01_cmp6    | width=2    |               | ne_116_I32           |
| r17705   | DW01_cmp6    | width=2    |               | ne_116_I2_I32        |
| r17711   | DW01_cmp2    | width=3    |               | gte_105_I2           |
| r17712   | DW01_cmp6    | width=2    |               | ne_116_I31           |
| r17714   | DW01_cmp2    | width=3    |               | lt_89_I4_I3          |
| r17715   | DW01_cmp6    | width=10   |               | eq_89_I3_I3          |
| r17716   | DW01_cmp2    | width=3    |               | lt_89_I3_I3          |
| r17717   | DW01_cmp6    | width=3    |               | eq_118_I28           |
| r17718   | DW01_cmp6    | width=10   |               | eq_93_I3             |
| r17719   | DW01_cmp6    | width=10   |               | eq_89_I3             |
| r17720   | DW01_cmp2    | width=3    |               | lt_89_I5_I3          |
| r17721   | DW01_cmp6    | width=10   |               | eq_93_I4_I3          |
| r17722   | DW01_cmp2    | width=3    |               | gte_105_2_I2         |
| r17723   | DW01_cmp2    | width=3    |               | lt_93_I3_I3          |
| r17724   | DW01_cmp6    | width=10   |               | eq_89_I2_I3          |
| r17725   | DW01_cmp6    | width=10   |               | eq_89_I4_I3          |
| r17726   | DW01_cmp6    | width=10   |               | eq_93_I3_I3          |
| r17727   | DW01_cmp6    | width=10   |               | eq_93_I5_I3          |
| r17728   | DW01_cmp2    | width=3    |               | lt_93_I4_I3          |
| r17729   | DW01_cmp2    | width=3    |               | lt_98_I3             |
| r17730   | DW01_cmp6    | width=2    |               | ne_116_I2_I31        |
| r17731   | DW01_cmp2    | width=3    |               | lt_101_I3            |
| r17732   | DW01_cmp2    | width=3    |               | lt_93_I3             |
| r17733   | DW01_cmp6    | width=10   |               | eq_93_I2_I3          |
| r17734   | DW01_cmp2    | width=3    |               | lt_89_I2_I3          |
| r17737   | DW01_cmp2    | width=3    |               | lt_93_I5_I3          |
| r17738   | DW01_cmp6    | width=2    |               | ne_116_I5_I30        |
| r17739   | DW01_cmp2    | width=3    |               | lt_93_I2_I3          |
| r17740   | DW01_cmp6    | width=10   |               | eq_89_I5_I3          |
| r17744   | DW01_cmp6    | width=2    |               | ne_116_I2_I30        |
| r17745   | DW01_cmp2    | width=3    |               | lt_89_I3             |
| r17746   | DW01_cmp2    | width=3    |               | lt_80_I3             |
| r17749   | DW01_cmp6    | width=2    |               | ne_116_I30           |
| r17750   | DW01_cmp6    | width=2    |               | ne_116_I5_I29        |
| r17751   | DW01_cmp2    | width=3    |               | lt_89_I4_I2          |
| r17754   | DW01_cmp6    | width=3    |               | eq_118_I27           |
| r17757   | DW01_cmp6    | width=3    |               | eq_118_I26           |
| r17760   | DW01_cmp2    | width=3    |               | lt_89_I5_I2          |
| r17761   | DW01_cmp2    | width=3    |               | lt_93_I2             |
| r17762   | DW01_cmp2    | width=3    |               | gte_105              |
| r17764   | DW01_cmp6    | width=2    |               | ne_116_I2_I29        |
| r17765   | DW01_cmp6    | width=10   |               | eq_93_I2             |
| r17766   | DW01_cmp2    | width=3    |               | lt_89_I3_I2          |
| r17767   | DW01_cmp2    | width=3    |               | gte_105_2            |
| r17768   | DW01_cmp2    | width=3    |               | lt_93_I5_I2          |
| r17769   | DW01_cmp6    | width=10   |               | eq_89_I2_I2          |
| r17770   | DW01_cmp6    | width=10   |               | eq_93_I2_I2          |
| r17772   | DW01_cmp6    | width=2    |               | ne_116_I5_I28        |
| r17774   | DW01_cmp6    | width=10   |               | eq_89_I5_I2          |
| r17775   | DW01_cmp6    | width=2    |               | ne_116_I29           |
| r17776   | DW01_cmp6    | width=10   |               | eq_89_I3_I2          |
| r17777   | DW01_cmp2    | width=3    |               | lt_93_I2_I2          |
| r17778   | DW01_cmp6    | width=10   |               | eq_93_I4_I2          |
| r17779   | DW01_cmp2    | width=3    |               | lt_93_I4_I2          |
| r17780   | DW01_cmp2    | width=3    |               | lt_89_I2             |
| r17782   | DW01_cmp2    | width=3    |               | lt_93_I3_I2          |
| r17783   | DW01_cmp6    | width=10   |               | eq_93_I3_I2          |
| r17784   | DW01_cmp6    | width=10   |               | eq_89_I2             |
| r17786   | DW01_cmp2    | width=3    |               | lt_89_I2_I2          |
| r17787   | DW01_cmp2    | width=3    |               | lt_101_I2            |
| r17788   | DW01_cmp2    | width=3    |               | lt_98_I2             |
| r17789   | DW01_cmp6    | width=10   |               | eq_93_I5_I2          |
| r17791   | DW01_cmp2    | width=32   |               | lt_114_I32           |
| r17792   | DW01_cmp6    | width=10   |               | eq_89_I4_I2          |
| r17793   | DW01_cmp6    | width=3    |               | eq_118_I25           |
| r17794   | DW01_cmp2    | width=3    |               | lt_80_I2             |
| r17796   | DW01_cmp6    | width=2    |               | ne_116_I28           |
| r17797   | DW01_cmp6    | width=2    |               | ne_116_I5_I27        |
| r17799   | DW01_cmp6    | width=2    |               | ne_116_I2_I28        |
| r17802   | DW01_cmp2    | width=32   |               | lt_114_I31           |
| r17803   | DW01_cmp6    | width=10   |               | eq_89_I2_I1          |
| r17805   | DW01_cmp6    | width=2    |               | ne_116_I2_I27        |
| r17806   | DW01_cmp6    | width=2    |               | ne_116_I27           |
| r17809   | DW01_cmp6    | width=10   |               | eq_93_I3_I1          |
| r17810   | DW01_cmp6    | width=10   |               | eq_89                |
| r17811   | DW01_cmp6    | width=3    |               | eq_118_I24           |
| r17812   | DW01_cmp6    | width=10   |               | eq_89_I5_I1          |
| r17814   | DW01_cmp6    | width=10   |               | eq_89_I4_I1          |
| r17816   | DW01_cmp6    | width=10   |               | eq_93_I5_I1          |
| r17818   | DW01_cmp6    | width=10   |               | eq_93                |
| r17819   | DW01_cmp6    | width=10   |               | eq_89_I3_I1          |
| r17820   | DW01_cmp6    | width=10   |               | eq_93_I2_I1          |
| r17821   | DW01_cmp6    | width=2    |               | ne_116_I5_I26        |
| r17822   | DW01_cmp2    | width=3    |               | lt_80                |
| r17823   | DW01_cmp6    | width=10   |               | eq_93_I4_I1          |
| r17825   | DW01_cmp6    | width=2    |               | ne_116_I26           |
| r17828   | DW01_cmp6    | width=3    |               | eq_118_I23           |
| r17831   | DW01_cmp6    | width=2    |               | ne_116_I5_I25        |
| r17834   | DW01_cmp6    | width=2    |               | ne_116_I2_I26        |
| r17835   | DW01_cmp6    | width=2    |               | ne_116_I5_I24        |
| r17836   | DW01_cmp2    | width=32   |               | lt_114_I30           |
| r17837   | DW01_cmp2    | width=32   |               | lt_114_I29           |
| r17839   | DW01_cmp6    | width=2    |               | ne_116_I2_I25        |
| r17841   | DW01_cmp6    | width=3    |               | eq_118_I22           |
| r17842   | DW01_cmp2    | width=32   |               | lt_114_I28           |
| r17843   | DW01_cmp6    | width=2    |               | ne_116_I25           |
| r17845   | DW01_cmp6    | width=2    |               | ne_116_I24           |
| r17851   | DW01_cmp6    | width=2    |               | ne_116_I2_I24        |
| r17855   | DW01_cmp2    | width=32   |               | lt_114_I27           |
| r17857   | DW01_cmp6    | width=2    |               | ne_116_I5_I23        |
| r17858   | DW01_cmp6    | width=3    |               | eq_118_I21           |
| r17859   | DW01_cmp6    | width=2    |               | ne_116_I5_I22        |
| r17861   | DW01_cmp6    | width=2    |               | ne_116_I2_I23        |
| r17863   | DW01_cmp6    | width=2    |               | ne_116_I23           |
| r17864   | DW01_cmp6    | width=3    |               | eq_118_I20           |
| r17865   | DW01_cmp6    | width=2    |               | ne_116_I5_I21        |
| r17867   | DW01_cmp2    | width=32   |               | lt_114_I26           |
| r17870   | DW01_cmp6    | width=2    |               | ne_116_I22           |
| r17871   | DW01_cmp6    | width=3    |               | eq_118_I19           |
| r17872   | DW01_cmp2    | width=32   |               | lt_114_I25           |
| r17874   | DW01_cmp6    | width=2    |               | ne_116_I2_I22        |
| r17875   | DW01_cmp6    | width=2    |               | ne_116_I5_I20        |
| r17882   | DW01_cmp2    | width=32   |               | lt_114_I24           |
| r17885   | DW01_cmp6    | width=2    |               | ne_116_I2_I21        |
| r17886   | DW01_cmp6    | width=3    |               | eq_118_I18           |
| r17887   | DW01_cmp6    | width=2    |               | ne_116_I21           |
| r17888   | DW01_cmp6    | width=2    |               | ne_116_I20           |
| r17891   | DW01_cmp6    | width=2    |               | ne_116_I2_I20        |
| r17894   | DW01_cmp2    | width=32   |               | lt_114_I23           |
| r17895   | DW01_cmp6    | width=2    |               | ne_116_I5_I19        |
| r17896   | DW01_cmp6    | width=3    |               | eq_118_I17           |
| r17898   | DW01_cmp6    | width=2    |               | ne_116_I19           |
| r17900   | DW01_cmp6    | width=3    |               | eq_118_I16           |
| r17904   | DW01_cmp6    | width=2    |               | ne_116_I5_I18        |
| r17905   | DW01_cmp6    | width=2    |               | ne_116_I2_I19        |
| r17907   | DW01_cmp2    | width=32   |               | lt_114_I22           |
| r17908   | DW01_cmp6    | width=2    |               | ne_116_I2_I18        |
| r17910   | DW01_cmp6    | width=3    |               | eq_118_I15           |
| r17911   | DW01_cmp6    | width=2    |               | ne_116_I5_I17        |
| r17912   | DW01_cmp2    | width=32   |               | lt_114_I21           |
| r17913   | DW01_cmp6    | width=2    |               | ne_116_I18           |
| r17917   | DW01_cmp6    | width=2    |               | ne_116_I5_I16        |
| r17921   | DW01_cmp2    | width=32   |               | lt_114_I20           |
| r17923   | DW01_cmp6    | width=2    |               | ne_116_I2_I17        |
| r17924   | DW01_cmp6    | width=2    |               | ne_116_I17           |
| r17926   | DW01_cmp6    | width=3    |               | eq_118_I14           |
| r17928   | DW01_cmp6    | width=2    |               | ne_116_I16           |
| r17932   | DW01_cmp2    | width=32   |               | lt_114_I19           |
| r17933   | DW01_cmp6    | width=2    |               | ne_116_I2_I16        |
| r17934   | DW01_cmp6    | width=2    |               | ne_116_I5_I15        |
| r17936   | DW01_cmp6    | width=3    |               | eq_118_I13           |
| r17937   | DW01_cmp6    | width=2    |               | ne_116_I15           |
| r17939   | DW01_cmp6    | width=2    |               | ne_116_I5_I14        |
| r17942   | DW01_cmp6    | width=2    |               | ne_116_I2_I15        |
| r17944   | DW01_cmp6    | width=3    |               | eq_118_I12           |
| r17945   | DW01_cmp6    | width=2    |               | ne_116_I14           |
| r17946   | DW01_cmp2    | width=32   |               | lt_114_I18           |
| r17949   | DW01_cmp6    | width=2    |               | ne_116_I5_I13        |
| r17950   | DW01_cmp6    | width=3    |               | eq_118_I11           |
| r17951   | DW01_cmp2    | width=32   |               | lt_114_I17           |
| r17954   | DW01_cmp6    | width=2    |               | ne_116_I2_I14        |
| r17955   | DW01_cmp6    | width=2    |               | ne_116_I5_I12        |
| r17958   | DW01_cmp6    | width=2    |               | ne_116_I13           |
| r17961   | DW01_cmp2    | width=32   |               | lt_114_I16           |
| r17963   | DW01_cmp6    | width=3    |               | eq_118_I10           |
| r17964   | DW01_cmp6    | width=2    |               | ne_116_I2_I13        |
| r17965   | DW01_cmp6    | width=2    |               | ne_116_I5_I11        |
| r17969   | DW01_cmp6    | width=2    |               | ne_116_I2_I12        |
| r17972   | DW01_cmp6    | width=2    |               | ne_116_I12           |
| r17974   | DW01_cmp2    | width=32   |               | lt_114_I15           |
| r17975   | DW01_cmp6    | width=3    |               | eq_118_I9            |
| r17978   | DW01_cmp6    | width=2    |               | ne_116_I11           |
| r17981   | DW01_cmp6    | width=2    |               | ne_116_I5_I10        |
| r17982   | DW01_cmp2    | width=32   |               | lt_114_I14           |
| r17983   | DW01_cmp6    | width=2    |               | ne_116_I2_I11        |
| r17984   | DW01_cmp6    | width=3    |               | eq_118_I8            |
| r17987   | DW01_cmp6    | width=3    |               | eq_118_I7            |
| r17989   | DW01_cmp2    | width=32   |               | lt_114_I13           |
| r17990   | DW01_cmp6    | width=2    |               | ne_116_I5_I9         |
| r17994   | DW01_cmp6    | width=2    |               | ne_116_I2_I10        |
| r17997   | DW01_cmp6    | width=2    |               | ne_116_I10           |
| r17998   | DW01_cmp6    | width=2    |               | ne_116_I2_I9         |
| r18002   | DW01_cmp6    | width=2    |               | ne_116_I9            |
| r18004   | DW01_cmp2    | width=32   |               | lt_114_I12           |
| r18005   | DW01_cmp6    | width=3    |               | eq_118_I6            |
| r18007   | DW01_cmp6    | width=2    |               | ne_116_I5_I8         |
| r18009   | DW01_cmp6    | width=3    |               | eq_118_I5            |
| r18013   | DW01_cmp6    | width=2    |               | ne_116_I2_I8         |
| r18014   | DW01_cmp6    | width=2    |               | ne_116_I8            |
| r18015   | DW01_cmp2    | width=32   |               | lt_114_I11           |
| r18016   | DW01_cmp6    | width=2    |               | ne_116_I5_I7         |
| r18017   | DW01_cmp6    | width=2    |               | ne_116_I2_I7         |
| r18022   | DW01_cmp2    | width=32   |               | lt_114_I10           |
| r18024   | DW01_cmp6    | width=2    |               | ne_116_I7            |
| r18025   | DW01_cmp6    | width=3    |               | eq_118_I4            |
| r18028   | DW01_cmp6    | width=2    |               | ne_116_I5_I6         |
| r18029   | DW01_cmp6    | width=2    |               | ne_116_I6            |
| r18031   | DW01_cmp2    | width=32   |               | lt_114_I9            |
| r18034   | DW01_cmp6    | width=2    |               | ne_116_I2_I6         |
| r18036   | DW01_cmp6    | width=2    |               | ne_116_I5_I5         |
| r18038   | DW01_cmp6    | width=3    |               | eq_118_I3            |
| r18039   | DW01_cmp6    | width=2    |               | ne_116_I5_I4         |
| r18041   | DW01_cmp6    | width=2    |               | ne_116_I2_I5         |
| r18042   | DW01_cmp6    | width=2    |               | ne_116_I5            |
| r18044   | DW01_cmp6    | width=3    |               | eq_118               |
| r18047   | DW01_cmp6    | width=3    |               | eq_118_I2            |
| r18048   | DW01_cmp2    | width=32   |               | lt_114_I8            |
| r18050   | DW01_cmp6    | width=2    |               | ne_116_I5_I3         |
| r18051   | DW01_cmp6    | width=2    |               | ne_116_I4            |
| r18053   | DW01_cmp6    | width=2    |               | ne_116_I2_I4         |
| r18054   | DW01_cmp6    | width=2    |               | ne_116_I5_I2         |
| r18056   | DW01_cmp2    | width=32   |               | lt_114_I7            |
| r18060   | DW01_cmp6    | width=2    |               | ne_116_I3            |
| r18061   | DW01_cmp6    | width=2    |               | ne_116_I5_I1         |
| r18064   | DW01_cmp6    | width=2    |               | ne_116_I2_I3         |
| r18066   | DW01_cmp6    | width=2    |               | ne_116_I2            |
| r18067   | DW01_cmp2    | width=32   |               | lt_114_I6            |
| r18069   | DW01_cmp2    | width=32   |               | lt_114_I5            |
| r18070   | DW01_cmp6    | width=2    |               | ne_116_I2_I2         |
| r18071   | DW01_cmp6    | width=2    |               | ne_116_I2_I1         |
| r18073   | DW01_cmp6    | width=2    |               | ne_116               |
| r18076   | DW01_cmp2    | width=32   |               | lt_114_I4            |
| r18078   | DW01_cmp2    | width=32   |               | lt_114_I3            |
| r18079   | DW01_cmp2    | width=32   |               | lt_114               |
| r18080   | DW01_cmp2    | width=32   |               | lt_114_I2            |
===============================================================================


No implementations to report
1
