 
****************************************
Report : cell
Design : recam_n2_preopt_group_top
Version: W-2024.09-SP2
Date   : Thu Sep 24 10:54:56 2026
****************************************

Attributes:
    b - black box (unknown)
    h - hierarchical
    n - noncombinational
    p - parameterized
    r - removable
    u - contains unmapped logic

Cell                      Reference       Library             Area  Attributes
--------------------------------------------------------------------------------
U11                       AND2X2          slow            13.305600 
U1408                     NAND3X4         slow            33.264000 
U2350                     DLY1X1          slow            19.958401 
U2351                     INVX1           slow            6.652800  
U2352                     INVX1           slow            6.652800  
U2353                     INVX1           slow            6.652800  
U2354                     INVX1           slow            6.652800  
U2355                     INVX1           slow            6.652800  
U2356                     INVX1           slow            6.652800  
U2357                     INVX1           slow            6.652800  
U2358                     INVX1           slow            6.652800  
U2359                     INVX1           slow            6.652800  
U2360                     OAI2BB1X1       slow            16.632000 
U2361                     INVX1           slow            6.652800  
U2362                     INVX1           slow            6.652800  
U2363                     INVX1           slow            6.652800  
U2364                     INVX1           slow            6.652800  
U2365                     INVX1           slow            6.652800  
U2366                     INVX1           slow            6.652800  
U2367                     INVX1           slow            6.652800  
U2368                     INVX1           slow            6.652800  
U2369                     INVX1           slow            6.652800  
U2370                     INVX1           slow            6.652800  
U2371                     INVX1           slow            6.652800  
U2372                     INVX1           slow            6.652800  
U2373                     INVX1           slow            6.652800  
U2374                     INVX1           slow            6.652800  
U2375                     INVX1           slow            6.652800  
U2376                     INVX1           slow            6.652800  
U2377                     INVX1           slow            6.652800  
U2378                     INVX1           slow            6.652800  
U2379                     INVX1           slow            6.652800  
U2380                     INVX1           slow            6.652800  
U2381                     INVX1           slow            6.652800  
U2382                     INVX1           slow            6.652800  
U2383                     INVX1           slow            6.652800  
U2384                     INVX1           slow            6.652800  
U2385                     INVX1           slow            6.652800  
U2386                     INVX1           slow            6.652800  
U2387                     INVX1           slow            6.652800  
U2388                     AOI2BB2X1       slow            23.284800 
U2389                     AOI2BB2X1       slow            23.284800 
U2390                     AOI2BB2X1       slow            23.284800 
U2391                     AOI2BB2X1       slow            23.284800 
U2392                     AOI2BB2X1       slow            23.284800 
U2393                     AOI2BB2X1       slow            23.284800 
U2394                     AOI2BB2X1       slow            23.284800 
U2395                     AOI2BB2X1       slow            23.284800 
U2396                     AOI2BB2X1       slow            23.284800 
U2397                     AOI2BB2X1       slow            23.284800 
U2398                     AOI2BB2X1       slow            23.284800 
U2399                     AOI2BB2X1       slow            23.284800 
U2400                     AOI2BB2X1       slow            23.284800 
U2401                     AOI2BB2X1       slow            23.284800 
U2402                     AOI2BB2X1       slow            23.284800 
U2403                     AOI2BB2X1       slow            23.284800 
U2404                     AOI2BB2X1       slow            23.284800 
U2405                     AOI2BB2X1       slow            23.284800 
U2406                     AOI2BB2X1       slow            23.284800 
U2407                     AOI2BB2X1       slow            23.284800 
U2408                     AOI2BB2X1       slow            23.284800 
U2409                     AOI2BB2X1       slow            23.284800 
U2410                     AOI2BB2X1       slow            23.284800 
U2411                     AOI2BB2X1       slow            23.284800 
U2412                     AOI2BB2X1       slow            23.284800 
U2413                     AOI2BB2X1       slow            23.284800 
U2414                     AOI2BB2X1       slow            23.284800 
U2415                     AOI2BB2X1       slow            23.284800 
U2416                     AOI2BB2X1       slow            23.284800 
U2417                     AOI2BB2X1       slow            23.284800 
U2418                     AOI2BB2X1       slow            23.284800 
U2419                     AOI2BB2X1       slow            23.284800 
U2420                     AOI2BB2X1       slow            23.284800 
U2421                     AOI2BB2X1       slow            23.284800 
U2422                     AOI2BB2X1       slow            23.284800 
U2423                     AOI2BB2X1       slow            23.284800 
U2424                     AOI2BB2X1       slow            23.284800 
U2425                     AOI2BB2X1       slow            23.284800 
U2426                     AOI2BB2X1       slow            23.284800 
U2427                     AOI2BB2X1       slow            23.284800 
U2428                     AOI2BB2X1       slow            23.284800 
U2429                     AOI2BB2X1       slow            23.284800 
U2430                     AOI2BB2X1       slow            23.284800 
U2431                     AOI2BB2X1       slow            23.284800 
U2432                     AOI2BB2X1       slow            23.284800 
U2433                     AOI2BB2X1       slow            23.284800 
U2434                     AOI2BB2X1       slow            23.284800 
U2435                     AOI2BB2X1       slow            23.284800 
U2436                     AOI2BB2X1       slow            23.284800 
U2437                     AOI2BB2X1       slow            23.284800 
U2438                     AOI2BB2X1       slow            23.284800 
U2439                     AOI2BB2X1       slow            23.284800 
U2440                     AOI2BB2X1       slow            23.284800 
U2441                     AOI2BB2X1       slow            23.284800 
U2442                     AOI2BB2X1       slow            23.284800 
U2443                     INVX1           slow            6.652800  
U2444                     AOI2BB2X1       slow            23.284800 
U2445                     AOI2BB2X1       slow            23.284800 
U2446                     AOI2BB2X1       slow            23.284800 
U2447                     AOI2BB2X1       slow            23.284800 
U2448                     AOI2BB2X1       slow            23.284800 
U2449                     AOI2BB2X1       slow            23.284800 
U2450                     AOI2BB2X1       slow            23.284800 
U2451                     AOI2BB2X1       slow            23.284800 
U2452                     AOI2BB2X1       slow            23.284800 
U2453                     AOI2BB2X1       slow            23.284800 
U2454                     INVX1           slow            6.652800  
U2455                     AOI2BB2X1       slow            23.284800 
U2456                     INVX1           slow            6.652800  
U2457                     AOI2BB2X1       slow            23.284800 
U2458                     INVX1           slow            6.652800  
U2459                     AOI2BB2X1       slow            23.284800 
U2460                     AOI2BB2X1       slow            23.284800 
U2461                     AOI2BB2X1       slow            23.284800 
U2462                     AOI2BB2X1       slow            23.284800 
U2463                     AOI2BB2X1       slow            23.284800 
U2464                     AOI2BB2X1       slow            23.284800 
U2465                     AOI2BB2X1       slow            23.284800 
U2466                     AOI2BB2X1       slow            23.284800 
U2467                     AOI2BB2X1       slow            23.284800 
U2468                     AOI2BB2X1       slow            23.284800 
U2469                     AOI2BB2X1       slow            23.284800 
U2470                     AOI2BB2X1       slow            23.284800 
U2471                     AND3X2          slow            16.632000 
U2472                     INVX1           slow            6.652800  
U2473                     INVX1           slow            6.652800  
U2474                     INVX1           slow            6.652800  
U2475                     INVX1           slow            6.652800  
U2476                     INVX1           slow            6.652800  
U2477                     INVX1           slow            6.652800  
U2478                     INVX1           slow            6.652800  
U2479                     INVX1           slow            6.652800  
U2480                     INVX1           slow            6.652800  
U2481                     INVX1           slow            6.652800  
U2482                     INVX1           slow            6.652800  
U2483                     INVX1           slow            6.652800  
U2484                     INVX1           slow            6.652800  
U2485                     INVX1           slow            6.652800  
U2486                     INVX1           slow            6.652800  
U2487                     INVX1           slow            6.652800  
U2488                     INVX1           slow            6.652800  
U2489                     INVX1           slow            6.652800  
U2490                     INVX1           slow            6.652800  
U2491                     INVX1           slow            6.652800  
U2492                     INVX1           slow            6.652800  
U2493                     INVX1           slow            6.652800  
U2494                     INVX1           slow            6.652800  
U2495                     INVX1           slow            6.652800  
U2496                     INVX1           slow            6.652800  
U2497                     INVX1           slow            6.652800  
U2498                     INVX1           slow            6.652800  
U2499                     INVX1           slow            6.652800  
U2500                     INVX1           slow            6.652800  
U2501                     INVX1           slow            6.652800  
U2502                     INVX1           slow            6.652800  
U2503                     INVX1           slow            6.652800  
U2504                     INVX1           slow            6.652800  
U2505                     INVX1           slow            6.652800  
U2506                     INVX1           slow            6.652800  
U2507                     INVX1           slow            6.652800  
U2508                     INVX1           slow            6.652800  
U2509                     INVX1           slow            6.652800  
U2510                     INVX1           slow            6.652800  
U2511                     INVX1           slow            6.652800  
U2512                     INVX1           slow            6.652800  
U2513                     INVX1           slow            6.652800  
U2514                     INVX1           slow            6.652800  
U2515                     INVX1           slow            6.652800  
U2516                     INVX1           slow            6.652800  
U2517                     INVX1           slow            6.652800  
U2518                     INVX1           slow            6.652800  
U2519                     INVX1           slow            6.652800  
U2520                     INVX1           slow            6.652800  
U2521                     INVX1           slow            6.652800  
U2522                     INVX1           slow            6.652800  
U2523                     INVX1           slow            6.652800  
U2524                     INVX1           slow            6.652800  
U2525                     INVX1           slow            6.652800  
U2526                     INVX1           slow            6.652800  
U2527                     INVX1           slow            6.652800  
U2528                     INVX1           slow            6.652800  
U2529                     INVX1           slow            6.652800  
U2530                     INVX1           slow            6.652800  
U2531                     INVX1           slow            6.652800  
U2532                     INVX1           slow            6.652800  
U2533                     INVX1           slow            6.652800  
U2534                     INVX1           slow            6.652800  
U2535                     INVX1           slow            6.652800  
U2536                     INVX1           slow            6.652800  
U2537                     INVX1           slow            6.652800  
U2538                     INVX1           slow            6.652800  
U2539                     INVX1           slow            6.652800  
U2540                     INVX1           slow            6.652800  
U2541                     INVX1           slow            6.652800  
U2542                     INVX1           slow            6.652800  
U2543                     INVX1           slow            6.652800  
U2544                     INVX1           slow            6.652800  
U2545                     INVX1           slow            6.652800  
U2546                     INVX1           slow            6.652800  
U2547                     INVX1           slow            6.652800  
U2548                     INVX1           slow            6.652800  
U2549                     INVX1           slow            6.652800  
U2550                     INVX1           slow            6.652800  
U2551                     INVX1           slow            6.652800  
U2552                     INVX1           slow            6.652800  
U2553                     INVX1           slow            6.652800  
U2554                     INVX1           slow            6.652800  
U2555                     INVX1           slow            6.652800  
U2556                     INVX1           slow            6.652800  
U2557                     INVX1           slow            6.652800  
U2558                     INVX1           slow            6.652800  
U2559                     INVX1           slow            6.652800  
U2560                     INVX1           slow            6.652800  
U2561                     INVX1           slow            6.652800  
U2562                     INVX1           slow            6.652800  
U2563                     INVX1           slow            6.652800  
U2564                     INVX1           slow            6.652800  
U2565                     INVX1           slow            6.652800  
U2566                     INVX1           slow            6.652800  
U2567                     INVX1           slow            6.652800  
U2568                     INVX1           slow            6.652800  
U2569                     INVX1           slow            6.652800  
U2570                     INVX1           slow            6.652800  
U2571                     INVX1           slow            6.652800  
U2572                     INVX1           slow            6.652800  
U2573                     INVX1           slow            6.652800  
U2574                     INVX1           slow            6.652800  
U2575                     INVX1           slow            6.652800  
U2576                     INVX1           slow            6.652800  
U2577                     INVX1           slow            6.652800  
U2578                     INVX1           slow            6.652800  
U2579                     INVX1           slow            6.652800  
U2580                     INVX1           slow            6.652800  
U2581                     INVX1           slow            6.652800  
U2582                     INVX1           slow            6.652800  
U2583                     INVX1           slow            6.652800  
U2584                     INVX1           slow            6.652800  
U2585                     INVX1           slow            6.652800  
U2586                     INVX1           slow            6.652800  
U2587                     INVX1           slow            6.652800  
U2588                     INVX1           slow            6.652800  
U2589                     INVX1           slow            6.652800  
U2590                     INVX1           slow            6.652800  
U2591                     INVX1           slow            6.652800  
U2592                     INVX1           slow            6.652800  
U2593                     INVX1           slow            6.652800  
U2594                     INVX1           slow            6.652800  
U2595                     INVX1           slow            6.652800  
U2596                     INVX1           slow            6.652800  
U2597                     INVX1           slow            6.652800  
U2598                     INVX1           slow            6.652800  
U2599                     INVX1           slow            6.652800  
U2600                     INVX1           slow            6.652800  
U2601                     INVX1           slow            6.652800  
U2602                     INVX1           slow            6.652800  
U2603                     INVX1           slow            6.652800  
U2604                     INVX1           slow            6.652800  
U2605                     INVX1           slow            6.652800  
U2606                     INVX1           slow            6.652800  
U2607                     INVX1           slow            6.652800  
U2608                     AND3X2          slow            16.632000 
U2609                     NOR2X1          slow            9.979200  
U2610                     NOR3X1          slow            13.305600 
U2611                     NOR4BX1         slow            19.958401 
U2612                     INVX1           slow            6.652800  
U2613                     OR2X2           slow            13.305600 
U2614                     INVX1           slow            6.652800  
U2615                     NAND3X1         slow            13.305600 
U2616                     AOI2BB2X1       slow            23.284800 
U2617                     AOI2BB2X1       slow            23.284800 
U2618                     AOI2BB2X1       slow            23.284800 
U2619                     AOI2BB2X1       slow            23.284800 
U2620                     AOI2BB2X1       slow            23.284800 
U2621                     AOI2BB2X1       slow            23.284800 
U2622                     AOI2BB2X1       slow            23.284800 
U2623                     AOI2BB2X1       slow            23.284800 
U2624                     AOI2BB2X1       slow            23.284800 
U2625                     OAI221XL        slow            23.284800 
U2626                     AOI22X1         slow            16.632000 
U2627                     OAI221XL        slow            23.284800 
U2628                     AOI22X1         slow            16.632000 
U2629                     OAI221XL        slow            23.284800 
U2630                     AOI22X1         slow            16.632000 
U2631                     OAI221XL        slow            23.284800 
U2632                     AOI22X1         slow            16.632000 
U2633                     OAI221XL        slow            23.284800 
U2634                     AOI22X1         slow            16.632000 
U2635                     OAI221XL        slow            23.284800 
U2636                     AOI22X1         slow            16.632000 
U2637                     OAI221XL        slow            23.284800 
U2638                     AOI22X1         slow            16.632000 
U2639                     OAI221XL        slow            23.284800 
U2640                     AOI22X1         slow            16.632000 
U2641                     OAI221XL        slow            23.284800 
U2642                     AOI22X1         slow            16.632000 
U2643                     OAI221XL        slow            23.284800 
U2644                     AOI22X1         slow            16.632000 
U2645                     OAI221XL        slow            23.284800 
U2646                     AOI22X1         slow            16.632000 
U2647                     OAI221XL        slow            23.284800 
U2648                     AOI22X1         slow            16.632000 
U2649                     OAI221XL        slow            23.284800 
U2650                     AOI22X1         slow            16.632000 
U2651                     OAI221XL        slow            23.284800 
U2652                     AOI22X1         slow            16.632000 
U2653                     OAI221XL        slow            23.284800 
U2654                     AOI22X1         slow            16.632000 
U2655                     OAI221XL        slow            23.284800 
U2656                     AOI22X1         slow            16.632000 
U2657                     OAI221XL        slow            23.284800 
U2658                     AOI22X1         slow            16.632000 
U2659                     OAI221XL        slow            23.284800 
U2660                     AOI22X1         slow            16.632000 
U2661                     OAI221XL        slow            23.284800 
U2662                     AOI22X1         slow            16.632000 
U2663                     OAI221XL        slow            23.284800 
U2664                     AOI22X1         slow            16.632000 
U2665                     OAI221XL        slow            23.284800 
U2666                     AOI22X1         slow            16.632000 
U2667                     OAI221XL        slow            23.284800 
U2668                     AOI22X1         slow            16.632000 
U2669                     INVX1           slow            6.652800  
U2670                     INVX1           slow            6.652800  
U2671                     NOR2X1          slow            9.979200  
U2672                     NOR2X1          slow            9.979200  
U2673                     NAND2X1         slow            9.979200  
U2674                     AOI21X1         slow            13.305600 
U2675                     NOR2X1          slow            9.979200  
U2676                     INVX1           slow            6.652800  
U2677                     INVX1           slow            6.652800  
U2678                     INVX1           slow            6.652800  
U2679                     INVX1           slow            6.652800  
U2680                     INVX1           slow            6.652800  
U2681                     INVX1           slow            6.652800  
U2682                     INVX1           slow            6.652800  
U2683                     INVX1           slow            6.652800  
U2684                     INVX1           slow            6.652800  
U2685                     INVX1           slow            6.652800  
U2686                     INVX1           slow            6.652800  
U2687                     INVX1           slow            6.652800  
U2688                     INVX1           slow            6.652800  
U2689                     INVX1           slow            6.652800  
U2690                     INVX1           slow            6.652800  
U2691                     INVX1           slow            6.652800  
U2692                     INVX1           slow            6.652800  
U2693                     INVX1           slow            6.652800  
U2694                     INVX1           slow            6.652800  
U2695                     INVX1           slow            6.652800  
U2696                     INVX1           slow            6.652800  
U2697                     INVX1           slow            6.652800  
U2698                     INVX1           slow            6.652800  
U2699                     INVX1           slow            6.652800  
U2700                     INVX1           slow            6.652800  
U2701                     INVX1           slow            6.652800  
U2702                     INVX1           slow            6.652800  
U2703                     INVX1           slow            6.652800  
U2704                     INVX1           slow            6.652800  
U2705                     INVX1           slow            6.652800  
U2706                     INVX1           slow            6.652800  
U2707                     INVX1           slow            6.652800  
U2708                     INVX1           slow            6.652800  
U2709                     INVX1           slow            6.652800  
U2710                     INVX1           slow            6.652800  
U2711                     INVX1           slow            6.652800  
U2712                     INVX1           slow            6.652800  
U2713                     INVX1           slow            6.652800  
U2714                     INVX1           slow            6.652800  
U2715                     INVX1           slow            6.652800  
U2716                     INVX1           slow            6.652800  
U2717                     INVX1           slow            6.652800  
U2718                     INVX1           slow            6.652800  
U2719                     INVX1           slow            6.652800  
U2720                     INVX1           slow            6.652800  
U2721                     INVX1           slow            6.652800  
U2722                     INVX1           slow            6.652800  
U2723                     INVX1           slow            6.652800  
U2724                     INVX1           slow            6.652800  
U2725                     INVX1           slow            6.652800  
U2726                     INVX1           slow            6.652800  
U2727                     INVX1           slow            6.652800  
U2728                     INVX1           slow            6.652800  
U2729                     INVX1           slow            6.652800  
U2730                     INVX1           slow            6.652800  
U2731                     INVX1           slow            6.652800  
U2732                     INVX1           slow            6.652800  
U2733                     INVX1           slow            6.652800  
U2734                     INVX1           slow            6.652800  
U2735                     INVX1           slow            6.652800  
U2736                     INVX1           slow            6.652800  
U2737                     INVX1           slow            6.652800  
U2738                     INVX1           slow            6.652800  
U2739                     INVX1           slow            6.652800  
U2740                     INVX1           slow            6.652800  
U2741                     INVX1           slow            6.652800  
U2742                     INVX1           slow            6.652800  
U2743                     INVX1           slow            6.652800  
U2744                     INVX1           slow            6.652800  
U2745                     INVX1           slow            6.652800  
U2746                     INVX1           slow            6.652800  
U2747                     INVX1           slow            6.652800  
U2748                     INVX1           slow            6.652800  
U2749                     INVX1           slow            6.652800  
U2750                     INVX1           slow            6.652800  
U2751                     INVX1           slow            6.652800  
U2752                     INVX1           slow            6.652800  
U2753                     INVX1           slow            6.652800  
U2754                     INVX1           slow            6.652800  
U2755                     INVX1           slow            6.652800  
U2756                     INVX1           slow            6.652800  
U2757                     INVX1           slow            6.652800  
U2758                     INVX1           slow            6.652800  
U2759                     INVX1           slow            6.652800  
U2760                     INVX1           slow            6.652800  
U2761                     INVX1           slow            6.652800  
U2762                     INVX1           slow            6.652800  
U2763                     INVX1           slow            6.652800  
U2764                     INVX1           slow            6.652800  
U2765                     INVX1           slow            6.652800  
U2766                     INVX1           slow            6.652800  
U2767                     INVX1           slow            6.652800  
U2768                     INVX1           slow            6.652800  
U2769                     INVX1           slow            6.652800  
U2770                     INVX1           slow            6.652800  
U2771                     INVX1           slow            6.652800  
U2772                     INVX1           slow            6.652800  
U2773                     INVX1           slow            6.652800  
U2774                     INVX1           slow            6.652800  
U2775                     INVX1           slow            6.652800  
U2776                     INVX1           slow            6.652800  
U2777                     INVX1           slow            6.652800  
U2778                     INVX1           slow            6.652800  
U2779                     INVX1           slow            6.652800  
U2780                     INVX1           slow            6.652800  
U2781                     INVX1           slow            6.652800  
U2782                     INVX1           slow            6.652800  
U2783                     INVX1           slow            6.652800  
U2784                     INVX1           slow            6.652800  
U2785                     INVX1           slow            6.652800  
U2786                     INVX1           slow            6.652800  
U2787                     INVX1           slow            6.652800  
U2788                     INVX1           slow            6.652800  
U2789                     INVX1           slow            6.652800  
U2790                     INVX1           slow            6.652800  
U2791                     INVX1           slow            6.652800  
U2792                     INVX1           slow            6.652800  
U2793                     INVX1           slow            6.652800  
U2794                     INVX1           slow            6.652800  
U2795                     INVX1           slow            6.652800  
U2796                     INVX1           slow            6.652800  
U2797                     INVX1           slow            6.652800  
U2798                     INVX1           slow            6.652800  
U2799                     INVX1           slow            6.652800  
U2800                     INVX1           slow            6.652800  
U2801                     INVX1           slow            6.652800  
U2802                     INVX1           slow            6.652800  
U2803                     INVX1           slow            6.652800  
U2804                     INVX1           slow            6.652800  
U2805                     INVX1           slow            6.652800  
U2806                     INVX1           slow            6.652800  
U2807                     INVX1           slow            6.652800  
U2808                     INVX1           slow            6.652800  
U2809                     INVX1           slow            6.652800  
U2810                     INVX1           slow            6.652800  
U2811                     INVX1           slow            6.652800  
U2812                     INVX1           slow            6.652800  
U2813                     INVX1           slow            6.652800  
U2814                     INVX1           slow            6.652800  
U2815                     INVX1           slow            6.652800  
U2816                     INVX1           slow            6.652800  
U2817                     INVX1           slow            6.652800  
U2818                     INVX1           slow            6.652800  
U2819                     INVX1           slow            6.652800  
U2820                     INVX1           slow            6.652800  
U2821                     INVX1           slow            6.652800  
U2822                     INVX1           slow            6.652800  
U2823                     INVX1           slow            6.652800  
U2824                     INVX1           slow            6.652800  
U2825                     INVX1           slow            6.652800  
U2826                     INVX1           slow            6.652800  
U2827                     INVX1           slow            6.652800  
U2828                     INVX1           slow            6.652800  
U2829                     INVX1           slow            6.652800  
U2830                     INVX1           slow            6.652800  
U2831                     INVX1           slow            6.652800  
U2832                     INVX1           slow            6.652800  
U2833                     INVX1           slow            6.652800  
U2834                     INVX1           slow            6.652800  
U2835                     INVX1           slow            6.652800  
U2836                     INVX1           slow            6.652800  
U2837                     INVX1           slow            6.652800  
U2838                     INVX1           slow            6.652800  
U2839                     INVX1           slow            6.652800  
U2840                     INVX1           slow            6.652800  
U2841                     INVX1           slow            6.652800  
U2842                     INVX1           slow            6.652800  
U2843                     INVX1           slow            6.652800  
U2844                     INVX1           slow            6.652800  
U2845                     INVX1           slow            6.652800  
U2846                     INVX1           slow            6.652800  
U2847                     INVX1           slow            6.652800  
U2848                     INVX1           slow            6.652800  
U2849                     INVX1           slow            6.652800  
U2850                     INVX1           slow            6.652800  
U2851                     INVX1           slow            6.652800  
U2852                     INVX1           slow            6.652800  
U2853                     INVX1           slow            6.652800  
U2854                     INVX1           slow            6.652800  
U2855                     INVX1           slow            6.652800  
U2856                     INVX1           slow            6.652800  
U2857                     INVX1           slow            6.652800  
U2858                     INVX1           slow            6.652800  
U2859                     INVX1           slow            6.652800  
U2860                     INVX1           slow            6.652800  
U2861                     INVX1           slow            6.652800  
U2862                     INVX1           slow            6.652800  
U2863                     INVX1           slow            6.652800  
U2864                     INVX1           slow            6.652800  
U2865                     INVX1           slow            6.652800  
U2866                     INVX1           slow            6.652800  
U2867                     INVX1           slow            6.652800  
U2868                     INVX1           slow            6.652800  
U2869                     INVX1           slow            6.652800  
U2870                     INVX1           slow            6.652800  
U2871                     INVX1           slow            6.652800  
U2872                     INVX1           slow            6.652800  
U2873                     INVX1           slow            6.652800  
U2874                     INVX1           slow            6.652800  
U2875                     INVX1           slow            6.652800  
U2876                     INVX1           slow            6.652800  
U2877                     INVX1           slow            6.652800  
U2878                     INVX1           slow            6.652800  
U2879                     INVX1           slow            6.652800  
U2880                     INVX1           slow            6.652800  
U2881                     INVX1           slow            6.652800  
U2882                     INVX1           slow            6.652800  
U2883                     INVX1           slow            6.652800  
U2884                     INVX1           slow            6.652800  
U2885                     INVX1           slow            6.652800  
U2886                     INVX1           slow            6.652800  
U2887                     INVX1           slow            6.652800  
U2888                     INVX1           slow            6.652800  
U2889                     INVX1           slow            6.652800  
U2890                     INVX1           slow            6.652800  
U2891                     INVX1           slow            6.652800  
U2892                     INVX1           slow            6.652800  
U2893                     INVX1           slow            6.652800  
U2894                     INVX1           slow            6.652800  
U2895                     INVX1           slow            6.652800  
U2896                     INVX1           slow            6.652800  
U2897                     INVX1           slow            6.652800  
U2898                     INVX1           slow            6.652800  
U2899                     INVX1           slow            6.652800  
U2900                     INVX1           slow            6.652800  
U2901                     INVX1           slow            6.652800  
U2902                     INVX1           slow            6.652800  
U2903                     INVX1           slow            6.652800  
U2904                     INVX1           slow            6.652800  
U2905                     INVX1           slow            6.652800  
U2906                     INVX1           slow            6.652800  
U2907                     INVX1           slow            6.652800  
U2908                     INVX1           slow            6.652800  
U2909                     INVX1           slow            6.652800  
U2910                     INVX1           slow            6.652800  
U2911                     INVX1           slow            6.652800  
U2912                     INVX1           slow            6.652800  
U2913                     INVX1           slow            6.652800  
U2914                     INVX1           slow            6.652800  
U2915                     INVX1           slow            6.652800  
U2916                     INVX1           slow            6.652800  
U2917                     INVX1           slow            6.652800  
U2918                     INVX1           slow            6.652800  
U2919                     INVX1           slow            6.652800  
U2920                     INVX1           slow            6.652800  
U2921                     INVX1           slow            6.652800  
U2922                     INVX1           slow            6.652800  
U2923                     INVX1           slow            6.652800  
U2924                     INVX1           slow            6.652800  
U2925                     INVX1           slow            6.652800  
U2926                     INVX1           slow            6.652800  
U2927                     INVX1           slow            6.652800  
U2928                     INVX1           slow            6.652800  
U2929                     INVX1           slow            6.652800  
U2930                     INVX1           slow            6.652800  
U2931                     INVX1           slow            6.652800  
U2932                     INVX1           slow            6.652800  
U2933                     INVX1           slow            6.652800  
U2934                     INVX1           slow            6.652800  
U2935                     INVX1           slow            6.652800  
U2936                     INVX1           slow            6.652800  
U2937                     INVX1           slow            6.652800  
U2938                     INVX1           slow            6.652800  
U2939                     INVX1           slow            6.652800  
U2940                     INVX1           slow            6.652800  
U2941                     INVX1           slow            6.652800  
U2942                     INVX1           slow            6.652800  
U2943                     INVX1           slow            6.652800  
U2944                     INVX1           slow            6.652800  
U2945                     INVX1           slow            6.652800  
U2946                     INVX1           slow            6.652800  
U2947                     INVX1           slow            6.652800  
U2948                     INVX1           slow            6.652800  
U2949                     INVX1           slow            6.652800  
U2950                     INVX1           slow            6.652800  
U2951                     INVX1           slow            6.652800  
U2952                     INVX1           slow            6.652800  
U2953                     INVX1           slow            6.652800  
U2954                     INVX1           slow            6.652800  
U2955                     INVX1           slow            6.652800  
U2956                     INVX1           slow            6.652800  
U2957                     INVX1           slow            6.652800  
U2958                     INVX1           slow            6.652800  
U2959                     INVX1           slow            6.652800  
U2960                     INVX1           slow            6.652800  
U2961                     INVX1           slow            6.652800  
U2962                     INVX1           slow            6.652800  
U2963                     INVX1           slow            6.652800  
U2964                     INVX1           slow            6.652800  
U2965                     INVX1           slow            6.652800  
U2966                     INVX1           slow            6.652800  
U2967                     INVX1           slow            6.652800  
U2968                     INVX1           slow            6.652800  
U2969                     INVX1           slow            6.652800  
U2970                     INVX1           slow            6.652800  
U2971                     INVX1           slow            6.652800  
U2972                     INVX1           slow            6.652800  
U2973                     INVX1           slow            6.652800  
U2974                     INVX1           slow            6.652800  
U2975                     INVX1           slow            6.652800  
U2976                     INVX1           slow            6.652800  
U2977                     INVX1           slow            6.652800  
U2978                     INVX1           slow            6.652800  
U2979                     INVX1           slow            6.652800  
U2980                     INVX1           slow            6.652800  
U2981                     INVX1           slow            6.652800  
U2982                     INVX1           slow            6.652800  
U2983                     INVX1           slow            6.652800  
U2984                     INVX1           slow            6.652800  
U2985                     INVX1           slow            6.652800  
U2986                     INVX1           slow            6.652800  
U2987                     INVX1           slow            6.652800  
U2988                     INVX1           slow            6.652800  
U2989                     INVX1           slow            6.652800  
U2990                     INVX1           slow            6.652800  
U2991                     INVX1           slow            6.652800  
U2992                     INVX1           slow            6.652800  
U2993                     INVX1           slow            6.652800  
U2994                     INVX1           slow            6.652800  
U2995                     INVX1           slow            6.652800  
U2996                     INVX1           slow            6.652800  
U2997                     INVX1           slow            6.652800  
U2998                     INVX1           slow            6.652800  
U2999                     INVX1           slow            6.652800  
U3000                     INVX1           slow            6.652800  
U3001                     INVX1           slow            6.652800  
U3002                     INVX1           slow            6.652800  
U3003                     INVX1           slow            6.652800  
U3004                     INVX1           slow            6.652800  
U3005                     INVX1           slow            6.652800  
U3006                     INVX1           slow            6.652800  
U3007                     INVX1           slow            6.652800  
U3008                     INVX1           slow            6.652800  
U3009                     INVX1           slow            6.652800  
U3010                     INVX1           slow            6.652800  
U3011                     INVX1           slow            6.652800  
U3012                     INVX1           slow            6.652800  
U3013                     INVX1           slow            6.652800  
U3014                     INVX1           slow            6.652800  
U3015                     INVX1           slow            6.652800  
U3016                     INVX1           slow            6.652800  
U3017                     INVX1           slow            6.652800  
U3018                     INVX1           slow            6.652800  
U3019                     INVX1           slow            6.652800  
U3020                     INVX1           slow            6.652800  
U3021                     INVX1           slow            6.652800  
U3022                     INVX1           slow            6.652800  
U3023                     INVX1           slow            6.652800  
U3024                     INVX1           slow            6.652800  
U3025                     INVX1           slow            6.652800  
U3026                     INVX1           slow            6.652800  
U3027                     INVX1           slow            6.652800  
U3028                     INVX1           slow            6.652800  
U3029                     INVX1           slow            6.652800  
U3030                     INVX1           slow            6.652800  
U3031                     INVX1           slow            6.652800  
U3032                     INVX1           slow            6.652800  
U3033                     INVX1           slow            6.652800  
U3034                     INVX1           slow            6.652800  
U3035                     INVX1           slow            6.652800  
U3036                     INVX1           slow            6.652800  
U3037                     INVX1           slow            6.652800  
U3038                     INVX1           slow            6.652800  
U3039                     INVX1           slow            6.652800  
U3040                     INVX1           slow            6.652800  
U3041                     INVX1           slow            6.652800  
U3042                     INVX1           slow            6.652800  
U3043                     INVX1           slow            6.652800  
U3044                     INVX1           slow            6.652800  
U3045                     INVX1           slow            6.652800  
U3046                     INVX1           slow            6.652800  
U3047                     INVX1           slow            6.652800  
U3048                     INVX1           slow            6.652800  
U3049                     INVX1           slow            6.652800  
U3050                     INVX1           slow            6.652800  
U3051                     INVX1           slow            6.652800  
U3052                     INVX1           slow            6.652800  
U3053                     INVX1           slow            6.652800  
U3054                     INVX1           slow            6.652800  
U3055                     INVX1           slow            6.652800  
U3056                     INVX1           slow            6.652800  
U3057                     INVX1           slow            6.652800  
U3058                     INVX1           slow            6.652800  
U3059                     INVX1           slow            6.652800  
U3060                     INVX1           slow            6.652800  
U3061                     INVX1           slow            6.652800  
U3062                     INVX1           slow            6.652800  
U3063                     INVX1           slow            6.652800  
U3064                     INVX1           slow            6.652800  
U3065                     INVX1           slow            6.652800  
U3066                     INVX1           slow            6.652800  
U3067                     INVX1           slow            6.652800  
U3068                     INVX1           slow            6.652800  
U3069                     INVX1           slow            6.652800  
U3070                     INVX1           slow            6.652800  
U3071                     INVX1           slow            6.652800  
U3072                     INVX1           slow            6.652800  
U3073                     INVX1           slow            6.652800  
U3074                     INVX1           slow            6.652800  
U3075                     INVX1           slow            6.652800  
U3076                     INVX1           slow            6.652800  
U3077                     INVX1           slow            6.652800  
U3078                     INVX1           slow            6.652800  
U3079                     INVX1           slow            6.652800  
U3080                     INVX1           slow            6.652800  
U3081                     NAND3X1         slow            13.305600 
U3082                     INVX1           slow            6.652800  
U3083                     INVX1           slow            6.652800  
U3084                     NOR3X1          slow            13.305600 
U3085                     NOR2X1          slow            9.979200  
U3086                     OAI22X1         slow            19.958401 
U3087                     AOI22X1         slow            16.632000 
U3088                     AOI221X1        slow            23.284800 
U3089                     NOR2X1          slow            9.979200  
U3090                     INVX1           slow            6.652800  
U3091                     INVX1           slow            6.652800  
U3092                     OR4X2           slow            19.958401 
U3093                     OAI2BB2X1       slow            23.284800 
U3094                     OAI2BB2X1       slow            23.284800 
U3095                     OAI2BB2X1       slow            23.284800 
U3096                     OAI2BB2X1       slow            23.284800 
U3097                     OAI2BB2X1       slow            23.284800 
U3098                     OAI2BB2X1       slow            23.284800 
U3099                     OAI2BB2X1       slow            23.284800 
U3100                     OAI2BB2X1       slow            23.284800 
U3101                     OAI2BB2X1       slow            23.284800 
U3102                     OAI2BB2X1       slow            23.284800 
U3103                     OAI2BB2X1       slow            23.284800 
U3104                     OAI2BB2X1       slow            23.284800 
U3105                     OAI2BB2X1       slow            23.284800 
U3106                     OAI2BB2X1       slow            23.284800 
U3107                     OAI2BB2X1       slow            23.284800 
U3108                     OAI2BB2X1       slow            23.284800 
U3109                     OAI2BB2X1       slow            23.284800 
U3110                     OAI2BB2X1       slow            23.284800 
U3111                     OAI2BB2X1       slow            23.284800 
U3112                     OAI2BB2X1       slow            23.284800 
U3113                     OAI2BB2X1       slow            23.284800 
U3114                     OAI2BB2X1       slow            23.284800 
U3115                     OAI2BB2X1       slow            23.284800 
U3116                     OAI2BB2X1       slow            23.284800 
U3117                     OAI2BB2X1       slow            23.284800 
U3118                     OAI2BB2X1       slow            23.284800 
U3119                     OAI2BB2X1       slow            23.284800 
U3120                     OAI2BB2X1       slow            23.284800 
U3121                     OAI2BB2X1       slow            23.284800 
U3122                     OAI2BB2X1       slow            23.284800 
U3123                     OAI2BB2X1       slow            23.284800 
U3124                     OAI2BB2X1       slow            23.284800 
U3125                     OAI2BB2X1       slow            23.284800 
U3126                     OAI2BB2X1       slow            23.284800 
U3127                     OAI2BB2X1       slow            23.284800 
U3128                     OAI2BB2X1       slow            23.284800 
U3129                     OAI2BB2X1       slow            23.284800 
U3130                     OAI2BB2X1       slow            23.284800 
U3131                     OAI2BB2X1       slow            23.284800 
U3132                     OAI2BB2X1       slow            23.284800 
U3133                     OAI2BB2X1       slow            23.284800 
U3134                     OAI2BB2X1       slow            23.284800 
U3135                     OAI2BB2X1       slow            23.284800 
U3136                     OAI2BB2X1       slow            23.284800 
U3137                     OAI2BB2X1       slow            23.284800 
U3138                     OAI2BB2X1       slow            23.284800 
U3139                     OAI2BB2X1       slow            23.284800 
U3140                     OAI2BB2X1       slow            23.284800 
U3141                     OAI2BB2X1       slow            23.284800 
U3142                     OAI2BB2X1       slow            23.284800 
U3143                     OAI2BB2X1       slow            23.284800 
U3144                     OAI2BB2X1       slow            23.284800 
U3145                     OAI2BB2X1       slow            23.284800 
U3146                     OAI2BB2X1       slow            23.284800 
U3147                     OAI2BB2X1       slow            23.284800 
U3148                     OAI2BB2X1       slow            23.284800 
U3149                     OAI2BB2X1       slow            23.284800 
U3150                     OAI2BB2X1       slow            23.284800 
U3151                     OAI2BB2X1       slow            23.284800 
U3152                     OAI2BB2X1       slow            23.284800 
U3153                     OAI2BB2X1       slow            23.284800 
U3154                     OAI2BB2X1       slow            23.284800 
U3155                     OAI2BB2X1       slow            23.284800 
U3156                     OAI2BB2X1       slow            23.284800 
U3157                     OAI2BB2X1       slow            23.284800 
U3158                     OAI2BB2X1       slow            23.284800 
U3159                     OAI2BB2X1       slow            23.284800 
U3160                     OAI2BB2X1       slow            23.284800 
U3161                     OAI2BB2X1       slow            23.284800 
U3162                     OAI2BB2X1       slow            23.284800 
U3163                     OAI2BB2X1       slow            23.284800 
U3164                     OAI2BB2X1       slow            23.284800 
U3165                     OAI2BB2X1       slow            23.284800 
U3166                     OAI2BB2X1       slow            23.284800 
U3167                     OAI2BB2X1       slow            23.284800 
U3168                     OAI2BB2X1       slow            23.284800 
U3169                     OAI2BB2X1       slow            23.284800 
U3170                     OAI2BB2X1       slow            23.284800 
U3171                     OAI2BB2X1       slow            23.284800 
U3172                     OAI2BB2X1       slow            23.284800 
U3173                     OAI2BB2X1       slow            23.284800 
U3174                     OAI2BB2X1       slow            23.284800 
U3175                     OAI2BB2X1       slow            23.284800 
U3176                     OAI2BB2X1       slow            23.284800 
U3177                     OAI2BB2X1       slow            23.284800 
U3178                     OAI2BB2X1       slow            23.284800 
U3179                     OAI2BB2X1       slow            23.284800 
U3180                     OAI2BB2X1       slow            23.284800 
U3181                     OAI2BB2X1       slow            23.284800 
U3182                     OAI2BB2X1       slow            23.284800 
U3183                     OAI2BB2X1       slow            23.284800 
U3184                     OAI2BB2X1       slow            23.284800 
U3185                     OAI2BB2X1       slow            23.284800 
U3186                     OAI2BB2X1       slow            23.284800 
U3187                     OAI2BB2X1       slow            23.284800 
U3188                     OAI2BB2X1       slow            23.284800 
U3189                     OAI2BB2X1       slow            23.284800 
U3190                     OAI2BB2X1       slow            23.284800 
U3191                     OAI2BB2X1       slow            23.284800 
U3192                     OAI2BB2X1       slow            23.284800 
U3193                     OAI2BB2X1       slow            23.284800 
U3194                     OAI2BB2X1       slow            23.284800 
U3195                     OAI2BB2X1       slow            23.284800 
U3196                     OAI2BB2X1       slow            23.284800 
U3197                     OAI2BB2X1       slow            23.284800 
U3198                     OAI2BB2X1       slow            23.284800 
U3199                     OAI2BB2X1       slow            23.284800 
U3200                     OAI2BB2X1       slow            23.284800 
U3201                     OAI2BB2X1       slow            23.284800 
U3202                     OAI2BB2X1       slow            23.284800 
U3203                     OAI2BB2X1       slow            23.284800 
U3204                     OAI2BB2X1       slow            23.284800 
U3205                     OAI2BB2X1       slow            23.284800 
U3206                     OAI2BB2X1       slow            23.284800 
U3207                     OAI2BB2X1       slow            23.284800 
U3208                     OAI2BB2X1       slow            23.284800 
U3209                     OAI2BB2X1       slow            23.284800 
U3210                     OAI2BB2X1       slow            23.284800 
U3211                     OAI2BB2X1       slow            23.284800 
U3212                     OAI2BB2X1       slow            23.284800 
U3213                     OAI2BB2X1       slow            23.284800 
U3214                     OAI2BB2X1       slow            23.284800 
U3215                     OAI2BB2X1       slow            23.284800 
U3216                     OAI2BB2X1       slow            23.284800 
U3217                     OAI2BB2X1       slow            23.284800 
U3218                     OAI2BB2X1       slow            23.284800 
U3219                     OAI2BB2X1       slow            23.284800 
U3220                     OAI2BB2X1       slow            23.284800 
U3221                     OAI2BB2X1       slow            23.284800 
U3222                     OAI2BB2X1       slow            23.284800 
U3223                     OAI2BB2X1       slow            23.284800 
U3224                     OAI2BB2X1       slow            23.284800 
U3225                     OAI2BB2X1       slow            23.284800 
U3226                     OAI2BB2X1       slow            23.284800 
U3227                     OAI2BB2X1       slow            23.284800 
U3228                     OAI2BB2X1       slow            23.284800 
U3229                     OAI2BB2X1       slow            23.284800 
U3230                     OAI2BB2X1       slow            23.284800 
U3231                     OAI2BB2X1       slow            23.284800 
U3232                     OAI2BB2X1       slow            23.284800 
U3233                     OAI2BB2X1       slow            23.284800 
U3234                     OAI2BB2X1       slow            23.284800 
U3235                     OAI2BB2X1       slow            23.284800 
U3236                     OAI2BB2X1       slow            23.284800 
U3237                     OAI2BB2X1       slow            23.284800 
U3238                     OAI2BB2X1       slow            23.284800 
U3239                     OAI2BB2X1       slow            23.284800 
U3240                     OAI2BB2X1       slow            23.284800 
U3241                     OAI2BB2X1       slow            23.284800 
U3242                     OAI2BB2X1       slow            23.284800 
U3243                     OAI2BB2X1       slow            23.284800 
U3244                     OAI2BB2X1       slow            23.284800 
U3245                     OAI2BB2X1       slow            23.284800 
U3246                     OAI2BB2X1       slow            23.284800 
U3247                     OAI2BB2X1       slow            23.284800 
U3248                     OAI2BB2X1       slow            23.284800 
U3249                     OAI2BB2X1       slow            23.284800 
U3250                     OAI2BB2X1       slow            23.284800 
U3251                     OAI2BB2X1       slow            23.284800 
U3252                     OAI2BB2X1       slow            23.284800 
U3253                     OAI2BB2X1       slow            23.284800 
U3254                     OAI2BB2X1       slow            23.284800 
U3255                     OAI2BB2X1       slow            23.284800 
U3256                     OAI2BB2X1       slow            23.284800 
U3257                     OAI2BB2X1       slow            23.284800 
U3258                     OAI2BB2X1       slow            23.284800 
U3259                     OAI2BB2X1       slow            23.284800 
U3260                     OAI2BB2X1       slow            23.284800 
U3261                     OAI2BB2X1       slow            23.284800 
U3262                     OAI2BB2X1       slow            23.284800 
U3263                     OAI2BB2X1       slow            23.284800 
U3264                     OAI2BB2X1       slow            23.284800 
U3265                     OAI2BB2X1       slow            23.284800 
U3266                     OAI2BB2X1       slow            23.284800 
U3267                     OAI2BB2X1       slow            23.284800 
U3268                     OAI2BB2X1       slow            23.284800 
U3269                     OAI2BB2X1       slow            23.284800 
U3270                     OAI2BB2X1       slow            23.284800 
U3271                     OAI2BB2X1       slow            23.284800 
U3272                     OAI2BB2X1       slow            23.284800 
U3273                     OAI2BB2X1       slow            23.284800 
U3274                     OAI2BB2X1       slow            23.284800 
U3275                     OAI2BB2X1       slow            23.284800 
U3276                     OAI2BB2X1       slow            23.284800 
U3277                     OAI2BB2X1       slow            23.284800 
U3278                     OAI2BB2X1       slow            23.284800 
U3279                     OAI2BB2X1       slow            23.284800 
U3280                     OAI2BB2X1       slow            23.284800 
U3281                     OAI2BB2X1       slow            23.284800 
U3282                     OAI2BB2X1       slow            23.284800 
U3283                     OAI2BB2X1       slow            23.284800 
U3284                     OAI2BB2X1       slow            23.284800 
U3285                     OAI2BB2X1       slow            23.284800 
U3286                     OAI2BB2X1       slow            23.284800 
U3287                     OAI2BB2X1       slow            23.284800 
U3288                     OAI2BB2X1       slow            23.284800 
U3289                     OAI2BB2X1       slow            23.284800 
U3290                     OAI2BB2X1       slow            23.284800 
U3291                     OAI2BB2X1       slow            23.284800 
U3292                     OAI2BB2X1       slow            23.284800 
U3293                     OAI2BB2X1       slow            23.284800 
U3294                     OAI2BB2X1       slow            23.284800 
U3295                     OAI2BB2X1       slow            23.284800 
U3296                     OAI2BB2X1       slow            23.284800 
U3297                     OAI2BB2X1       slow            23.284800 
U3298                     OAI2BB2X1       slow            23.284800 
U3299                     OAI2BB2X1       slow            23.284800 
U3300                     OAI2BB2X1       slow            23.284800 
U3301                     OAI2BB2X1       slow            23.284800 
U3302                     OAI2BB2X1       slow            23.284800 
U3303                     OAI2BB2X1       slow            23.284800 
U3304                     OAI2BB2X1       slow            23.284800 
U3305                     OAI2BB2X1       slow            23.284800 
U3306                     OAI2BB2X1       slow            23.284800 
U3307                     OAI2BB2X1       slow            23.284800 
U3308                     OAI2BB2X1       slow            23.284800 
U3309                     OAI2BB2X1       slow            23.284800 
U3310                     OAI2BB2X1       slow            23.284800 
U3311                     OAI2BB2X1       slow            23.284800 
U3312                     OAI2BB2X1       slow            23.284800 
U3313                     OAI22X1         slow            19.958401 
U3314                     OAI31X1         slow            19.958401 
U3315                     NAND2X1         slow            9.979200  
U3316                     NOR2X1          slow            9.979200  
U3317                     AND3X2          slow            16.632000 
U3318                     OAI2BB2X1       slow            23.284800 
U3319                     AOI21X1         slow            13.305600 
U3320                     INVX1           slow            6.652800  
U3321                     INVX1           slow            6.652800  
U3322                     AOI22X1         slow            16.632000 
U3323                     INVX1           slow            6.652800  
U3324                     AOI22X1         slow            16.632000 
U3325                     INVX1           slow            6.652800  
U3326                     AOI22X1         slow            16.632000 
U3327                     INVX1           slow            6.652800  
U3328                     AOI22X1         slow            16.632000 
U3329                     INVX1           slow            6.652800  
U3330                     INVX1           slow            6.652800  
U3331                     AOI22X1         slow            16.632000 
U3332                     INVX1           slow            6.652800  
U3333                     INVX1           slow            6.652800  
U3334                     AOI22X1         slow            16.632000 
U3335                     INVX1           slow            6.652800  
U3336                     INVX1           slow            6.652800  
U3337                     AOI22X1         slow            16.632000 
U3338                     INVX1           slow            6.652800  
U3339                     AOI22X1         slow            16.632000 
U3340                     INVX1           slow            6.652800  
U3341                     AOI22X1         slow            16.632000 
U3342                     INVX1           slow            6.652800  
U3343                     AOI22X1         slow            16.632000 
U3344                     INVX1           slow            6.652800  
U3345                     AOI22X1         slow            16.632000 
U3346                     INVX1           slow            6.652800  
U3347                     AOI22X1         slow            16.632000 
U3348                     INVX1           slow            6.652800  
U3349                     AOI22X1         slow            16.632000 
U3350                     INVX1           slow            6.652800  
U3351                     AOI22XL         slow            16.632000 
U3352                     INVX1           slow            6.652800  
U3353                     AOI22XL         slow            16.632000 
U3354                     INVX1           slow            6.652800  
U3355                     AOI22X1         slow            16.632000 
U3356                     INVX1           slow            6.652800  
U3357                     AOI22XL         slow            16.632000 
U3358                     INVX1           slow            6.652800  
U3359                     AOI22XL         slow            16.632000 
U3360                     INVX1           slow            6.652800  
U3361                     AOI22XL         slow            16.632000 
U3362                     INVX1           slow            6.652800  
U3363                     AOI22XL         slow            16.632000 
U3364                     INVX1           slow            6.652800  
U3365                     AOI22XL         slow            16.632000 
U3366                     INVX1           slow            6.652800  
U3367                     AOI22XL         slow            16.632000 
U3368                     INVX1           slow            6.652800  
U3369                     AOI22XL         slow            16.632000 
U3370                     INVX1           slow            6.652800  
U3371                     AOI22X1         slow            16.632000 
U3372                     INVX1           slow            6.652800  
U3373                     AOI22XL         slow            16.632000 
U3374                     INVX1           slow            6.652800  
U3375                     AOI22XL         slow            16.632000 
U3376                     INVX1           slow            6.652800  
U3377                     AOI22XL         slow            16.632000 
U3378                     INVX1           slow            6.652800  
U3379                     AOI22X1         slow            16.632000 
U3380                     INVX1           slow            6.652800  
U3381                     AOI22XL         slow            16.632000 
U3382                     INVX1           slow            6.652800  
U3383                     AOI22XL         slow            16.632000 
U3384                     INVX1           slow            6.652800  
U3385                     AOI22XL         slow            16.632000 
U3386                     INVX1           slow            6.652800  
U3387                     AOI22X1         slow            16.632000 
U3388                     INVX1           slow            6.652800  
U3389                     AOI22X1         slow            16.632000 
U3390                     INVX1           slow            6.652800  
U3391                     AOI22X1         slow            16.632000 
U3392                     INVX1           slow            6.652800  
U3393                     AOI22XL         slow            16.632000 
U3394                     INVX1           slow            6.652800  
U3395                     AOI22X1         slow            16.632000 
U3396                     INVX1           slow            6.652800  
U3397                     AOI22XL         slow            16.632000 
U3398                     INVX1           slow            6.652800  
U3399                     AOI22XL         slow            16.632000 
U3400                     INVX1           slow            6.652800  
U3401                     AOI22X1         slow            16.632000 
U3402                     INVX1           slow            6.652800  
U3403                     INVX1           slow            6.652800  
U3404                     AOI22X1         slow            16.632000 
U3405                     INVX1           slow            6.652800  
U3406                     AOI22X1         slow            16.632000 
U3407                     INVX1           slow            6.652800  
U3408                     INVX1           slow            6.652800  
U3409                     INVX1           slow            6.652800  
U3410                     AOI22X1         slow            16.632000 
U3411                     INVX1           slow            6.652800  
U3412                     AOI22X1         slow            16.632000 
U3413                     OAI2BB2X1       slow            23.284800 
U3414                     INVX1           slow            6.652800  
U3415                     INVX1           slow            6.652800  
U3416                     AOI22X1         slow            16.632000 
U3417                     INVX1           slow            6.652800  
U3418                     AOI22X1         slow            16.632000 
U3419                     INVX1           slow            6.652800  
U3420                     AOI22X1         slow            16.632000 
U3421                     INVX1           slow            6.652800  
U3422                     AOI22X1         slow            16.632000 
U3423                     INVX1           slow            6.652800  
U3424                     AOI22X1         slow            16.632000 
U3425                     INVX1           slow            6.652800  
U3426                     AOI22X1         slow            16.632000 
U3427                     INVX1           slow            6.652800  
U3428                     AOI22X1         slow            16.632000 
U3429                     INVX1           slow            6.652800  
U3430                     AOI22X1         slow            16.632000 
U3431                     INVX1           slow            6.652800  
U3432                     AOI22X1         slow            16.632000 
U3433                     INVX1           slow            6.652800  
U3434                     AOI22X1         slow            16.632000 
U3435                     INVX1           slow            6.652800  
U3436                     AOI22X1         slow            16.632000 
U3437                     INVX1           slow            6.652800  
U3438                     AOI22X1         slow            16.632000 
U3439                     INVX1           slow            6.652800  
U3440                     AOI22X1         slow            16.632000 
U3441                     INVX1           slow            6.652800  
U3442                     AOI22X1         slow            16.632000 
U3443                     INVX1           slow            6.652800  
U3444                     AOI22X1         slow            16.632000 
U3445                     INVX1           slow            6.652800  
U3446                     AOI22X1         slow            16.632000 
U3447                     INVX1           slow            6.652800  
U3448                     AOI22X1         slow            16.632000 
U3449                     INVX1           slow            6.652800  
U3450                     AOI22X1         slow            16.632000 
U3451                     INVX1           slow            6.652800  
U3452                     AOI22X1         slow            16.632000 
U3453                     INVX1           slow            6.652800  
U3454                     AOI22X1         slow            16.632000 
U3455                     INVX1           slow            6.652800  
U3456                     AOI22X1         slow            16.632000 
U3457                     INVX1           slow            6.652800  
U3458                     AOI22X1         slow            16.632000 
U3459                     INVX1           slow            6.652800  
U3460                     AOI22X1         slow            16.632000 
U3461                     INVX1           slow            6.652800  
U3462                     AOI22X1         slow            16.632000 
U3463                     INVX1           slow            6.652800  
U3464                     AOI22X1         slow            16.632000 
U3465                     INVX1           slow            6.652800  
U3466                     AOI22X1         slow            16.632000 
U3467                     INVX1           slow            6.652800  
U3468                     AOI22X1         slow            16.632000 
U3469                     INVX1           slow            6.652800  
U3470                     AOI22X1         slow            16.632000 
U3471                     INVX1           slow            6.652800  
U3472                     AOI22X1         slow            16.632000 
U3473                     INVX1           slow            6.652800  
U3474                     AOI22X1         slow            16.632000 
U3475                     INVX1           slow            6.652800  
U3476                     AOI22X1         slow            16.632000 
U3477                     INVX1           slow            6.652800  
U3478                     AOI22X1         slow            16.632000 
U3479                     INVX1           slow            6.652800  
U3480                     AOI22X1         slow            16.632000 
U3481                     INVX1           slow            6.652800  
U3482                     AOI22X1         slow            16.632000 
U3483                     INVX1           slow            6.652800  
U3484                     AOI22X1         slow            16.632000 
U3485                     INVX1           slow            6.652800  
U3486                     AOI22X1         slow            16.632000 
U3487                     INVX1           slow            6.652800  
U3488                     AOI22X1         slow            16.632000 
U3489                     INVX1           slow            6.652800  
U3490                     AOI22X1         slow            16.632000 
U3491                     INVX1           slow            6.652800  
U3492                     AOI22X1         slow            16.632000 
U3493                     INVX1           slow            6.652800  
U3494                     AOI22X1         slow            16.632000 
U3495                     INVX1           slow            6.652800  
U3496                     AOI22X1         slow            16.632000 
U3497                     INVX1           slow            6.652800  
U3498                     AOI22X1         slow            16.632000 
U3499                     INVX1           slow            6.652800  
U3500                     AOI22X1         slow            16.632000 
U3501                     OAI2BB2X1       slow            23.284800 
U3502                     INVX1           slow            6.652800  
U3503                     OAI2BB2X1       slow            23.284800 
U3504                     INVX1           slow            6.652800  
U3505                     OAI2BB2X1       slow            23.284800 
U3506                     INVX1           slow            6.652800  
U3507                     OAI2BB2X1       slow            23.284800 
U3508                     INVX1           slow            6.652800  
U3509                     OAI2BB2X1       slow            23.284800 
U3510                     INVX1           slow            6.652800  
U3511                     OAI2BB2X1       slow            23.284800 
U3512                     INVX1           slow            6.652800  
U3513                     OAI2BB2X1       slow            23.284800 
U3514                     INVX1           slow            6.652800  
U3515                     OAI2BB2X1       slow            23.284800 
U3516                     INVX1           slow            6.652800  
U3517                     OAI2BB2X1       slow            23.284800 
U3518                     INVX1           slow            6.652800  
U3519                     OAI2BB2X1       slow            23.284800 
U3520                     INVX1           slow            6.652800  
U3521                     OAI2BB2X1       slow            23.284800 
U3522                     INVX1           slow            6.652800  
U3523                     OAI2BB2X1       slow            23.284800 
U3524                     INVX1           slow            6.652800  
U3525                     OAI2BB2X1       slow            23.284800 
U3526                     INVX1           slow            6.652800  
U3527                     OAI2BB2X1       slow            23.284800 
U3528                     INVX1           slow            6.652800  
U3529                     OAI2BB2X1       slow            23.284800 
U3530                     INVX1           slow            6.652800  
U3531                     OAI2BB2X1       slow            23.284800 
U3532                     INVX1           slow            6.652800  
U3533                     OAI2BB2X1       slow            23.284800 
U3534                     INVX1           slow            6.652800  
U3535                     OAI2BB2X1       slow            23.284800 
U3536                     INVX1           slow            6.652800  
U3537                     OAI2BB2X1       slow            23.284800 
U3538                     INVX1           slow            6.652800  
U3539                     OAI2BB2X1       slow            23.284800 
U3540                     INVX1           slow            6.652800  
U3541                     OAI2BB2X1       slow            23.284800 
U3542                     INVX1           slow            6.652800  
U3543                     OAI2BB2X1       slow            23.284800 
U3544                     INVX1           slow            6.652800  
U3545                     OAI2BB2X1       slow            23.284800 
U3546                     INVX1           slow            6.652800  
U3547                     OAI2BB2X1       slow            23.284800 
U3548                     INVX1           slow            6.652800  
U3549                     OAI2BB2X1       slow            23.284800 
U3550                     INVX1           slow            6.652800  
U3551                     OAI2BB2X1       slow            23.284800 
U3552                     INVX1           slow            6.652800  
U3553                     OAI2BB2X1       slow            23.284800 
U3554                     INVX1           slow            6.652800  
U3555                     OAI2BB2X1       slow            23.284800 
U3556                     INVX1           slow            6.652800  
U3557                     OAI2BB2X1       slow            23.284800 
U3558                     INVX1           slow            6.652800  
U3559                     OAI2BB2X1       slow            23.284800 
U3560                     INVX1           slow            6.652800  
U3561                     OAI2BB2X1       slow            23.284800 
U3562                     INVX1           slow            6.652800  
U3563                     OAI2BB2X1       slow            23.284800 
U3564                     INVX1           slow            6.652800  
U3565                     OAI2BB2X1       slow            23.284800 
U3566                     INVX1           slow            6.652800  
U3567                     OAI2BB2X1       slow            23.284800 
U3568                     INVX1           slow            6.652800  
U3569                     OAI2BB2X1       slow            23.284800 
U3570                     INVX1           slow            6.652800  
U3571                     OAI2BB2X1       slow            23.284800 
U3572                     INVX1           slow            6.652800  
U3573                     OAI2BB2X1       slow            23.284800 
U3574                     INVX1           slow            6.652800  
U3575                     OAI2BB2X1       slow            23.284800 
U3576                     INVX1           slow            6.652800  
U3577                     OAI2BB2X1       slow            23.284800 
U3578                     INVX1           slow            6.652800  
U3579                     OAI2BB2X1       slow            23.284800 
U3580                     INVX1           slow            6.652800  
U3581                     OAI2BB2X1       slow            23.284800 
U3582                     INVX1           slow            6.652800  
U3583                     OAI2BB2X1       slow            23.284800 
U3584                     INVX1           slow            6.652800  
U3585                     OAI2BB2X1       slow            23.284800 
U3586                     INVX1           slow            6.652800  
U3587                     OAI2BB2X1       slow            23.284800 
U3588                     INVX1           slow            6.652800  
U3589                     OAI2BB2X1       slow            23.284800 
U3590                     INVX1           slow            6.652800  
U3591                     OAI2BB2X1       slow            23.284800 
U3592                     INVX1           slow            6.652800  
U3593                     OAI2BB2X1       slow            23.284800 
U3594                     INVX1           slow            6.652800  
U3595                     OAI2BB2X1       slow            23.284800 
U3596                     INVX1           slow            6.652800  
U3597                     OAI2BB2X1       slow            23.284800 
U3598                     INVX1           slow            6.652800  
U3599                     OAI2BB2X1       slow            23.284800 
U3600                     INVX1           slow            6.652800  
U3601                     OAI2BB2X1       slow            23.284800 
U3602                     INVX1           slow            6.652800  
U3603                     OAI2BB2X1       slow            23.284800 
U3604                     INVX1           slow            6.652800  
U3605                     OAI2BB2X1       slow            23.284800 
U3606                     INVX1           slow            6.652800  
U3607                     INVX1           slow            6.652800  
U3608                     AOI22X1         slow            16.632000 
U3609                     INVX1           slow            6.652800  
U3610                     AOI22X1         slow            16.632000 
U3611                     INVX1           slow            6.652800  
U3612                     AOI22X1         slow            16.632000 
U3613                     INVX1           slow            6.652800  
U3614                     AOI22X1         slow            16.632000 
U3615                     INVX1           slow            6.652800  
U3616                     AOI22X1         slow            16.632000 
U3617                     INVX1           slow            6.652800  
U3618                     AOI22X1         slow            16.632000 
U3619                     INVX1           slow            6.652800  
U3620                     AOI22X1         slow            16.632000 
U3621                     INVX1           slow            6.652800  
U3622                     AOI22X1         slow            16.632000 
U3623                     INVX1           slow            6.652800  
U3624                     AOI22X1         slow            16.632000 
U3625                     INVX1           slow            6.652800  
U3626                     AOI22X1         slow            16.632000 
U3627                     INVX1           slow            6.652800  
U3628                     AOI22X1         slow            16.632000 
U3629                     INVX1           slow            6.652800  
U3630                     AOI22X1         slow            16.632000 
U3631                     INVX1           slow            6.652800  
U3632                     AOI22X1         slow            16.632000 
U3633                     INVX1           slow            6.652800  
U3634                     AOI22X1         slow            16.632000 
U3635                     INVX1           slow            6.652800  
U3636                     AOI22X1         slow            16.632000 
U3637                     INVX1           slow            6.652800  
U3638                     AOI22X1         slow            16.632000 
U3639                     INVX1           slow            6.652800  
U3640                     AOI22X1         slow            16.632000 
U3641                     INVX1           slow            6.652800  
U3642                     AOI22X1         slow            16.632000 
U3643                     INVX1           slow            6.652800  
U3644                     AOI22X1         slow            16.632000 
U3645                     INVX1           slow            6.652800  
U3646                     AOI22X1         slow            16.632000 
U3647                     INVX1           slow            6.652800  
U3648                     AOI22X1         slow            16.632000 
U3649                     INVX1           slow            6.652800  
U3650                     AOI22X1         slow            16.632000 
U3651                     INVX1           slow            6.652800  
U3652                     AOI22X1         slow            16.632000 
U3653                     INVX1           slow            6.652800  
U3654                     AOI22X1         slow            16.632000 
U3655                     INVX1           slow            6.652800  
U3656                     AOI22X1         slow            16.632000 
U3657                     INVX1           slow            6.652800  
U3658                     AOI22X1         slow            16.632000 
U3659                     INVX1           slow            6.652800  
U3660                     AOI22X1         slow            16.632000 
U3661                     INVX1           slow            6.652800  
U3662                     AOI22X1         slow            16.632000 
U3663                     INVX1           slow            6.652800  
U3664                     AOI22X1         slow            16.632000 
U3665                     INVX1           slow            6.652800  
U3666                     AOI22X1         slow            16.632000 
U3667                     INVX1           slow            6.652800  
U3668                     AOI22X1         slow            16.632000 
U3669                     INVX1           slow            6.652800  
U3670                     AOI22X1         slow            16.632000 
U3671                     INVX1           slow            6.652800  
U3672                     AOI22X1         slow            16.632000 
U3673                     INVX1           slow            6.652800  
U3674                     AOI22X1         slow            16.632000 
U3675                     INVX1           slow            6.652800  
U3676                     AOI22X1         slow            16.632000 
U3677                     INVX1           slow            6.652800  
U3678                     AOI22X1         slow            16.632000 
U3679                     INVX1           slow            6.652800  
U3680                     AOI22X1         slow            16.632000 
U3681                     INVX1           slow            6.652800  
U3682                     AOI22X1         slow            16.632000 
U3683                     INVX1           slow            6.652800  
U3684                     AOI22X1         slow            16.632000 
U3685                     OAI2BB2X1       slow            23.284800 
U3686                     INVX1           slow            6.652800  
U3687                     OAI2BB2X1       slow            23.284800 
U3688                     INVX1           slow            6.652800  
U3689                     OAI2BB2X1       slow            23.284800 
U3690                     INVX1           slow            6.652800  
U3691                     OAI2BB2X1       slow            23.284800 
U3692                     INVX1           slow            6.652800  
U3693                     OAI2BB2X1       slow            23.284800 
U3694                     INVX1           slow            6.652800  
U3695                     OAI2BB2X1       slow            23.284800 
U3696                     INVX1           slow            6.652800  
U3697                     OAI2BB2X1       slow            23.284800 
U3698                     INVX1           slow            6.652800  
U3699                     OAI2BB2X1       slow            23.284800 
U3700                     INVX1           slow            6.652800  
U3701                     OAI2BB2X1       slow            23.284800 
U3702                     INVX1           slow            6.652800  
U3703                     OAI2BB2X1       slow            23.284800 
U3704                     INVX1           slow            6.652800  
U3705                     OAI2BB2X1       slow            23.284800 
U3706                     INVX1           slow            6.652800  
U3707                     OAI2BB2X1       slow            23.284800 
U3708                     INVX1           slow            6.652800  
U3709                     OAI2BB2X1       slow            23.284800 
U3710                     INVX1           slow            6.652800  
U3711                     OAI2BB2X1       slow            23.284800 
U3712                     INVX1           slow            6.652800  
U3713                     OAI2BB2X1       slow            23.284800 
U3714                     INVX1           slow            6.652800  
U3715                     OAI2BB2X1       slow            23.284800 
U3716                     INVX1           slow            6.652800  
U3717                     OAI2BB2X1       slow            23.284800 
U3718                     INVX1           slow            6.652800  
U3719                     OAI2BB2X1       slow            23.284800 
U3720                     INVX1           slow            6.652800  
U3721                     OAI2BB2X1       slow            23.284800 
U3722                     INVX1           slow            6.652800  
U3723                     OAI2BB2X1       slow            23.284800 
U3724                     INVX1           slow            6.652800  
U3725                     OAI2BB2X1       slow            23.284800 
U3726                     INVX1           slow            6.652800  
U3727                     OAI2BB2X1       slow            23.284800 
U3728                     INVX1           slow            6.652800  
U3729                     OAI2BB2X1       slow            23.284800 
U3730                     INVX1           slow            6.652800  
U3731                     OAI2BB2X1       slow            23.284800 
U3732                     INVX1           slow            6.652800  
U3733                     OAI2BB2X1       slow            23.284800 
U3734                     INVX1           slow            6.652800  
U3735                     OAI2BB2X1       slow            23.284800 
U3736                     INVX1           slow            6.652800  
U3737                     OAI2BB2X1       slow            23.284800 
U3738                     INVX1           slow            6.652800  
U3739                     OAI2BB2X1       slow            23.284800 
U3740                     INVX1           slow            6.652800  
U3741                     OAI2BB2X1       slow            23.284800 
U3742                     INVX1           slow            6.652800  
U3743                     OAI2BB2X1       slow            23.284800 
U3744                     INVX1           slow            6.652800  
U3745                     OAI2BB2X1       slow            23.284800 
U3746                     INVX1           slow            6.652800  
U3747                     OAI2BB2X1       slow            23.284800 
U3748                     INVX1           slow            6.652800  
U3749                     OAI2BB2X1       slow            23.284800 
U3750                     INVX1           slow            6.652800  
U3751                     OAI2BB2X1       slow            23.284800 
U3752                     INVX1           slow            6.652800  
U3753                     OAI2BB2X1       slow            23.284800 
U3754                     INVX1           slow            6.652800  
U3755                     OAI2BB2X1       slow            23.284800 
U3756                     INVX1           slow            6.652800  
U3757                     OAI2BB2X1       slow            23.284800 
U3758                     INVX1           slow            6.652800  
U3759                     OAI2BB2X1       slow            23.284800 
U3760                     INVX1           slow            6.652800  
U3761                     OAI2BB2X1       slow            23.284800 
U3762                     INVX1           slow            6.652800  
U3763                     OAI2BB2X1       slow            23.284800 
U3764                     INVX1           slow            6.652800  
U3765                     OAI2BB2X1       slow            23.284800 
U3766                     INVX1           slow            6.652800  
U3767                     OAI2BB2X1       slow            23.284800 
U3768                     INVX1           slow            6.652800  
U3769                     OAI2BB2X1       slow            23.284800 
U3770                     INVX1           slow            6.652800  
U3771                     OAI2BB2X1       slow            23.284800 
U3772                     INVX1           slow            6.652800  
U3773                     OAI2BB2X1       slow            23.284800 
U3774                     INVX1           slow            6.652800  
U3775                     OAI2BB2X1       slow            23.284800 
U3776                     INVX1           slow            6.652800  
U3777                     OAI2BB2X1       slow            23.284800 
U3778                     INVX1           slow            6.652800  
U3779                     OAI2BB2X1       slow            23.284800 
U3780                     INVX1           slow            6.652800  
U3781                     OAI2BB2X1       slow            23.284800 
U3782                     INVX1           slow            6.652800  
U3783                     OAI2BB2X1       slow            23.284800 
U3784                     INVX1           slow            6.652800  
U3785                     OAI2BB2X1       slow            23.284800 
U3786                     INVX1           slow            6.652800  
U3787                     OAI2BB2X1       slow            23.284800 
U3788                     INVX1           slow            6.652800  
U3789                     INVX1           slow            6.652800  
U3790                     AOI22X1         slow            16.632000 
U3791                     INVX1           slow            6.652800  
U3792                     AOI22X1         slow            16.632000 
U3793                     INVX1           slow            6.652800  
U3794                     AOI22X1         slow            16.632000 
U3795                     OAI2BB2X1       slow            23.284800 
U3796                     INVX1           slow            6.652800  
U3797                     INVX1           slow            6.652800  
U3798                     AOI22X1         slow            16.632000 
U3799                     INVX1           slow            6.652800  
U3800                     AOI22X1         slow            16.632000 
U3801                     INVX1           slow            6.652800  
U3802                     AOI22X1         slow            16.632000 
U3803                     INVX1           slow            6.652800  
U3804                     AOI22X1         slow            16.632000 
U3805                     INVX1           slow            6.652800  
U3806                     AOI22X1         slow            16.632000 
U3807                     INVX1           slow            6.652800  
U3808                     AOI22X1         slow            16.632000 
U3809                     INVX1           slow            6.652800  
U3810                     AOI22X1         slow            16.632000 
U3811                     INVX1           slow            6.652800  
U3812                     AOI22X1         slow            16.632000 
U3813                     INVX1           slow            6.652800  
U3814                     AOI22X1         slow            16.632000 
U3815                     INVX1           slow            6.652800  
U3816                     AOI22X1         slow            16.632000 
U3817                     INVX1           slow            6.652800  
U3818                     AOI22X1         slow            16.632000 
U3819                     INVX1           slow            6.652800  
U3820                     AOI22X1         slow            16.632000 
U3821                     INVX1           slow            6.652800  
U3822                     AOI22X1         slow            16.632000 
U3823                     INVX1           slow            6.652800  
U3824                     AOI22X1         slow            16.632000 
U3825                     INVX1           slow            6.652800  
U3826                     AOI22X1         slow            16.632000 
U3827                     INVX1           slow            6.652800  
U3828                     AOI22X1         slow            16.632000 
U3829                     INVX1           slow            6.652800  
U3830                     AOI22X1         slow            16.632000 
U3831                     INVX1           slow            6.652800  
U3832                     AOI22X1         slow            16.632000 
U3833                     INVX1           slow            6.652800  
U3834                     AOI22X1         slow            16.632000 
U3835                     INVX1           slow            6.652800  
U3836                     AOI22X1         slow            16.632000 
U3837                     INVX1           slow            6.652800  
U3838                     AOI22X1         slow            16.632000 
U3839                     INVX1           slow            6.652800  
U3840                     AOI22X1         slow            16.632000 
U3841                     INVX1           slow            6.652800  
U3842                     AOI22X1         slow            16.632000 
U3843                     INVX1           slow            6.652800  
U3844                     AOI22X1         slow            16.632000 
U3845                     INVX1           slow            6.652800  
U3846                     AOI22X1         slow            16.632000 
U3847                     INVX1           slow            6.652800  
U3848                     AOI22X1         slow            16.632000 
U3849                     INVX1           slow            6.652800  
U3850                     AOI22X1         slow            16.632000 
U3851                     INVX1           slow            6.652800  
U3852                     AOI22X1         slow            16.632000 
U3853                     INVX1           slow            6.652800  
U3854                     AOI22X1         slow            16.632000 
U3855                     INVX1           slow            6.652800  
U3856                     AOI22X1         slow            16.632000 
U3857                     INVX1           slow            6.652800  
U3858                     AOI22X1         slow            16.632000 
U3859                     INVX1           slow            6.652800  
U3860                     AOI22X1         slow            16.632000 
U3861                     INVX1           slow            6.652800  
U3862                     AOI22X1         slow            16.632000 
U3863                     INVX1           slow            6.652800  
U3864                     AOI22X1         slow            16.632000 
U3865                     INVX1           slow            6.652800  
U3866                     AOI22X1         slow            16.632000 
U3867                     INVX1           slow            6.652800  
U3868                     AOI22X1         slow            16.632000 
U3869                     OAI2BB2X1       slow            23.284800 
U3870                     INVX1           slow            6.652800  
U3871                     OAI2BB2X1       slow            23.284800 
U3872                     INVX1           slow            6.652800  
U3873                     OAI2BB2X1       slow            23.284800 
U3874                     INVX1           slow            6.652800  
U3875                     OAI2BB2X1       slow            23.284800 
U3876                     INVX1           slow            6.652800  
U3877                     OAI2BB2X1       slow            23.284800 
U3878                     INVX1           slow            6.652800  
U3879                     OAI2BB2X1       slow            23.284800 
U3880                     INVX1           slow            6.652800  
U3881                     OAI2BB2X1       slow            23.284800 
U3882                     INVX1           slow            6.652800  
U3883                     OAI2BB2X1       slow            23.284800 
U3884                     INVX1           slow            6.652800  
U3885                     OAI2BB2X1       slow            23.284800 
U3886                     INVX1           slow            6.652800  
U3887                     OAI2BB2X1       slow            23.284800 
U3888                     INVX1           slow            6.652800  
U3889                     OAI2BB2X1       slow            23.284800 
U3890                     INVX1           slow            6.652800  
U3891                     OAI2BB2X1       slow            23.284800 
U3892                     INVX1           slow            6.652800  
U3893                     OAI2BB2X1       slow            23.284800 
U3894                     INVX1           slow            6.652800  
U3895                     OAI2BB2X1       slow            23.284800 
U3896                     INVX1           slow            6.652800  
U3897                     OAI2BB2X1       slow            23.284800 
U3898                     INVX1           slow            6.652800  
U3899                     OAI2BB2X1       slow            23.284800 
U3900                     INVX1           slow            6.652800  
U3901                     OAI2BB2X1       slow            23.284800 
U3902                     INVX1           slow            6.652800  
U3903                     OAI2BB2X1       slow            23.284800 
U3904                     INVX1           slow            6.652800  
U3905                     OAI2BB2X1       slow            23.284800 
U3906                     INVX1           slow            6.652800  
U3907                     OAI2BB2X1       slow            23.284800 
U3908                     INVX1           slow            6.652800  
U3909                     OAI2BB2X1       slow            23.284800 
U3910                     INVX1           slow            6.652800  
U3911                     OAI2BB2X1       slow            23.284800 
U3912                     INVX1           slow            6.652800  
U3913                     OAI2BB2X1       slow            23.284800 
U3914                     INVX1           slow            6.652800  
U3915                     OAI2BB2X1       slow            23.284800 
U3916                     INVX1           slow            6.652800  
U3917                     OAI2BB2X1       slow            23.284800 
U3918                     INVX1           slow            6.652800  
U3919                     OAI2BB2X1       slow            23.284800 
U3920                     INVX1           slow            6.652800  
U3921                     OAI2BB2X1       slow            23.284800 
U3922                     INVX1           slow            6.652800  
U3923                     OAI2BB2X1       slow            23.284800 
U3924                     INVX1           slow            6.652800  
U3925                     OAI2BB2X1       slow            23.284800 
U3926                     INVX1           slow            6.652800  
U3927                     OAI2BB2X1       slow            23.284800 
U3928                     INVX1           slow            6.652800  
U3929                     OAI2BB2X1       slow            23.284800 
U3930                     INVX1           slow            6.652800  
U3931                     OAI2BB2X1       slow            23.284800 
U3932                     INVX1           slow            6.652800  
U3933                     OAI2BB2X1       slow            23.284800 
U3934                     INVX1           slow            6.652800  
U3935                     OAI2BB2X1       slow            23.284800 
U3936                     INVX1           slow            6.652800  
U3937                     OAI2BB2X1       slow            23.284800 
U3938                     INVX1           slow            6.652800  
U3939                     OAI2BB2X1       slow            23.284800 
U3940                     INVX1           slow            6.652800  
U3941                     OAI2BB2X1       slow            23.284800 
U3942                     INVX1           slow            6.652800  
U3943                     OAI2BB2X1       slow            23.284800 
U3944                     INVX1           slow            6.652800  
U3945                     OAI2BB2X1       slow            23.284800 
U3946                     INVX1           slow            6.652800  
U3947                     OAI2BB2X1       slow            23.284800 
U3948                     INVX1           slow            6.652800  
U3949                     OAI2BB2X1       slow            23.284800 
U3950                     INVX1           slow            6.652800  
U3951                     OAI2BB2X1       slow            23.284800 
U3952                     INVX1           slow            6.652800  
U3953                     OAI2BB2X1       slow            23.284800 
U3954                     INVX1           slow            6.652800  
U3955                     OAI2BB2X1       slow            23.284800 
U3956                     INVX1           slow            6.652800  
U3957                     OAI2BB2X1       slow            23.284800 
U3958                     INVX1           slow            6.652800  
U3959                     OAI2BB2X1       slow            23.284800 
U3960                     INVX1           slow            6.652800  
U3961                     OAI2BB2X1       slow            23.284800 
U3962                     INVX1           slow            6.652800  
U3963                     OAI2BB2X1       slow            23.284800 
U3964                     INVX1           slow            6.652800  
U3965                     OAI2BB2X1       slow            23.284800 
U3966                     INVX1           slow            6.652800  
U3967                     OAI2BB2X1       slow            23.284800 
U3968                     INVX1           slow            6.652800  
U3969                     OAI2BB2X1       slow            23.284800 
U3970                     INVX1           slow            6.652800  
U3971                     OAI2BB2X1       slow            23.284800 
U3972                     INVX1           slow            6.652800  
U3973                     INVX1           slow            6.652800  
U3974                     AOI22X1         slow            16.632000 
U3975                     INVX1           slow            6.652800  
U3976                     AOI22X1         slow            16.632000 
U3977                     INVX1           slow            6.652800  
U3978                     AOI22X1         slow            16.632000 
U3979                     INVX1           slow            6.652800  
U3980                     AOI22X1         slow            16.632000 
U3981                     INVX1           slow            6.652800  
U3982                     AOI22X1         slow            16.632000 
U3983                     INVX1           slow            6.652800  
U3984                     AOI22X1         slow            16.632000 
U3985                     INVX1           slow            6.652800  
U3986                     AOI22X1         slow            16.632000 
U3987                     INVX1           slow            6.652800  
U3988                     AOI22X1         slow            16.632000 
U3989                     INVX1           slow            6.652800  
U3990                     AOI22X1         slow            16.632000 
U3991                     INVX1           slow            6.652800  
U3992                     AOI22X1         slow            16.632000 
U3993                     INVX1           slow            6.652800  
U3994                     AOI22X1         slow            16.632000 
U3995                     OAI2BB2X1       slow            23.284800 
U3996                     INVX1           slow            6.652800  
U3997                     INVX1           slow            6.652800  
U3998                     AOI22X1         slow            16.632000 
U3999                     INVX1           slow            6.652800  
U4000                     AOI22X1         slow            16.632000 
U4001                     INVX1           slow            6.652800  
U4002                     AOI22X1         slow            16.632000 
U4003                     INVX1           slow            6.652800  
U4004                     AOI22X1         slow            16.632000 
U4005                     INVX1           slow            6.652800  
U4006                     AOI22X1         slow            16.632000 
U4007                     INVX1           slow            6.652800  
U4008                     AOI22X1         slow            16.632000 
U4009                     INVX1           slow            6.652800  
U4010                     AOI22X1         slow            16.632000 
U4011                     INVX1           slow            6.652800  
U4012                     AOI22X1         slow            16.632000 
U4013                     INVX1           slow            6.652800  
U4014                     AOI22X1         slow            16.632000 
U4015                     INVX1           slow            6.652800  
U4016                     AOI22X1         slow            16.632000 
U4017                     INVX1           slow            6.652800  
U4018                     AOI22X1         slow            16.632000 
U4019                     INVX1           slow            6.652800  
U4020                     AOI22X1         slow            16.632000 
U4021                     INVX1           slow            6.652800  
U4022                     AOI22X1         slow            16.632000 
U4023                     INVX1           slow            6.652800  
U4024                     AOI22X1         slow            16.632000 
U4025                     INVX1           slow            6.652800  
U4026                     AOI22X1         slow            16.632000 
U4027                     INVX1           slow            6.652800  
U4028                     AOI22X1         slow            16.632000 
U4029                     INVX1           slow            6.652800  
U4030                     AOI22X1         slow            16.632000 
U4031                     INVX1           slow            6.652800  
U4032                     AOI22X1         slow            16.632000 
U4033                     INVX1           slow            6.652800  
U4034                     AOI22X1         slow            16.632000 
U4035                     INVX1           slow            6.652800  
U4036                     AOI22X1         slow            16.632000 
U4037                     INVX1           slow            6.652800  
U4038                     AOI22X1         slow            16.632000 
U4039                     INVX1           slow            6.652800  
U4040                     AOI22X1         slow            16.632000 
U4041                     INVX1           slow            6.652800  
U4042                     AOI22X1         slow            16.632000 
U4043                     INVX1           slow            6.652800  
U4044                     AOI22X1         slow            16.632000 
U4045                     INVX1           slow            6.652800  
U4046                     AOI22X1         slow            16.632000 
U4047                     INVX1           slow            6.652800  
U4048                     AOI22X1         slow            16.632000 
U4049                     INVX1           slow            6.652800  
U4050                     AOI22X1         slow            16.632000 
U4051                     INVX1           slow            6.652800  
U4052                     AOI22X1         slow            16.632000 
U4053                     OAI2BB2X1       slow            23.284800 
U4054                     INVX1           slow            6.652800  
U4055                     OAI2BB2X1       slow            23.284800 
U4056                     INVX1           slow            6.652800  
U4057                     OAI2BB2X1       slow            23.284800 
U4058                     INVX1           slow            6.652800  
U4059                     OAI2BB2X1       slow            23.284800 
U4060                     INVX1           slow            6.652800  
U4061                     OAI2BB2X1       slow            23.284800 
U4062                     INVX1           slow            6.652800  
U4063                     OAI2BB2X1       slow            23.284800 
U4064                     INVX1           slow            6.652800  
U4065                     OAI2BB2X1       slow            23.284800 
U4066                     INVX1           slow            6.652800  
U4067                     OAI2BB2X1       slow            23.284800 
U4068                     INVX1           slow            6.652800  
U4069                     OAI2BB2X1       slow            23.284800 
U4070                     INVX1           slow            6.652800  
U4071                     OAI2BB2X1       slow            23.284800 
U4072                     INVX1           slow            6.652800  
U4073                     OAI2BB2X1       slow            23.284800 
U4074                     INVX1           slow            6.652800  
U4075                     OAI2BB2X1       slow            23.284800 
U4076                     INVX1           slow            6.652800  
U4077                     OAI2BB2X1       slow            23.284800 
U4078                     INVX1           slow            6.652800  
U4079                     OAI2BB2X1       slow            23.284800 
U4080                     INVX1           slow            6.652800  
U4081                     OAI2BB2X1       slow            23.284800 
U4082                     INVX1           slow            6.652800  
U4083                     OAI2BB2X1       slow            23.284800 
U4084                     INVX1           slow            6.652800  
U4085                     OAI2BB2X1       slow            23.284800 
U4086                     INVX1           slow            6.652800  
U4087                     OAI2BB2X1       slow            23.284800 
U4088                     INVX1           slow            6.652800  
U4089                     OAI2BB2X1       slow            23.284800 
U4090                     INVX1           slow            6.652800  
U4091                     OAI2BB2X1       slow            23.284800 
U4092                     INVX1           slow            6.652800  
U4093                     OAI2BB2X1       slow            23.284800 
U4094                     INVX1           slow            6.652800  
U4095                     OAI2BB2X1       slow            23.284800 
U4096                     INVX1           slow            6.652800  
U4097                     OAI2BB2X1       slow            23.284800 
U4098                     INVX1           slow            6.652800  
U4099                     OAI2BB2X1       slow            23.284800 
U4100                     INVX1           slow            6.652800  
U4101                     OAI2BB2X1       slow            23.284800 
U4102                     INVX1           slow            6.652800  
U4103                     OAI2BB2X1       slow            23.284800 
U4104                     INVX1           slow            6.652800  
U4105                     OAI2BB2X1       slow            23.284800 
U4106                     INVX1           slow            6.652800  
U4107                     OAI2BB2X1       slow            23.284800 
U4108                     INVX1           slow            6.652800  
U4109                     OAI2BB2X1       slow            23.284800 
U4110                     INVX1           slow            6.652800  
U4111                     OAI2BB2X1       slow            23.284800 
U4112                     INVX1           slow            6.652800  
U4113                     OAI2BB2X1       slow            23.284800 
U4114                     INVX1           slow            6.652800  
U4115                     OAI2BB2X1       slow            23.284800 
U4116                     INVX1           slow            6.652800  
U4117                     OAI2BB2X1       slow            23.284800 
U4118                     INVX1           slow            6.652800  
U4119                     OAI2BB2X1       slow            23.284800 
U4120                     INVX1           slow            6.652800  
U4121                     OAI2BB2X1       slow            23.284800 
U4122                     INVX1           slow            6.652800  
U4123                     OAI2BB2X1       slow            23.284800 
U4124                     INVX1           slow            6.652800  
U4125                     OAI2BB2X1       slow            23.284800 
U4126                     INVX1           slow            6.652800  
U4127                     OAI2BB2X1       slow            23.284800 
U4128                     INVX1           slow            6.652800  
U4129                     OAI2BB2X1       slow            23.284800 
U4130                     INVX1           slow            6.652800  
U4131                     OAI2BB2X1       slow            23.284800 
U4132                     INVX1           slow            6.652800  
U4133                     OAI2BB2X1       slow            23.284800 
U4134                     INVX1           slow            6.652800  
U4135                     OAI2BB2X1       slow            23.284800 
U4136                     INVX1           slow            6.652800  
U4137                     OAI2BB2X1       slow            23.284800 
U4138                     INVX1           slow            6.652800  
U4139                     OAI2BB2X1       slow            23.284800 
U4140                     INVX1           slow            6.652800  
U4141                     OAI2BB2X1       slow            23.284800 
U4142                     INVX1           slow            6.652800  
U4143                     OAI2BB2X1       slow            23.284800 
U4144                     INVX1           slow            6.652800  
U4145                     OAI2BB2X1       slow            23.284800 
U4146                     INVX1           slow            6.652800  
U4147                     OAI2BB2X1       slow            23.284800 
U4148                     INVX1           slow            6.652800  
U4149                     OAI2BB2X1       slow            23.284800 
U4150                     INVX1           slow            6.652800  
U4151                     OAI2BB2X1       slow            23.284800 
U4152                     INVX1           slow            6.652800  
U4153                     OAI2BB2X1       slow            23.284800 
U4154                     INVX1           slow            6.652800  
U4155                     INVX1           slow            6.652800  
U4156                     AOI22X1         slow            16.632000 
U4157                     INVX1           slow            6.652800  
U4158                     AOI22X1         slow            16.632000 
U4159                     INVX1           slow            6.652800  
U4160                     AOI22X1         slow            16.632000 
U4161                     OAI2BB2X1       slow            23.284800 
U4162                     INVX1           slow            6.652800  
U4163                     OAI2BB2X1       slow            23.284800 
U4164                     INVX1           slow            6.652800  
U4165                     OAI2BB2X1       slow            23.284800 
U4166                     INVX1           slow            6.652800  
U4167                     OAI2BB2X1       slow            23.284800 
U4168                     INVX1           slow            6.652800  
U4169                     INVX1           slow            6.652800  
U4170                     AOI22X1         slow            16.632000 
U4171                     INVX1           slow            6.652800  
U4172                     AOI22X1         slow            16.632000 
U4173                     INVX1           slow            6.652800  
U4174                     AOI22X1         slow            16.632000 
U4175                     OAI2BB2X1       slow            23.284800 
U4176                     INVX1           slow            6.652800  
U4177                     OAI2BB2X1       slow            23.284800 
U4178                     INVX1           slow            6.652800  
U4179                     OAI2BB2X1       slow            23.284800 
U4180                     INVX1           slow            6.652800  
U4181                     OAI2BB2X1       slow            23.284800 
U4182                     INVX1           slow            6.652800  
U4183                     INVX1           slow            6.652800  
U4184                     AOI22X1         slow            16.632000 
U4185                     INVX1           slow            6.652800  
U4186                     AOI22X1         slow            16.632000 
U4187                     INVX1           slow            6.652800  
U4188                     AOI22X1         slow            16.632000 
U4189                     OAI2BB2X1       slow            23.284800 
U4190                     INVX1           slow            6.652800  
U4191                     OAI2BB2X1       slow            23.284800 
U4192                     INVX1           slow            6.652800  
U4193                     OAI2BB2X1       slow            23.284800 
U4194                     INVX1           slow            6.652800  
U4195                     OAI2BB2X1       slow            23.284800 
U4196                     INVX1           slow            6.652800  
U4197                     OAI2BB2X1       slow            23.284800 
U4198                     INVX1           slow            6.652800  
U4199                     INVX1           slow            6.652800  
U4200                     AOI22X1         slow            16.632000 
U4201                     INVX1           slow            6.652800  
U4202                     AOI22X1         slow            16.632000 
U4203                     INVX1           slow            6.652800  
U4204                     AOI22X1         slow            16.632000 
U4205                     OAI2BB2X1       slow            23.284800 
U4206                     INVX1           slow            6.652800  
U4207                     OAI2BB2X1       slow            23.284800 
U4208                     INVX1           slow            6.652800  
U4209                     OAI2BB2X1       slow            23.284800 
U4210                     INVX1           slow            6.652800  
U4211                     OAI2BB2X1       slow            23.284800 
U4212                     INVX1           slow            6.652800  
U4213                     INVX1           slow            6.652800  
U4214                     AOI22X1         slow            16.632000 
U4215                     INVX1           slow            6.652800  
U4216                     AOI22X1         slow            16.632000 
U4217                     INVX1           slow            6.652800  
U4218                     AOI22X1         slow            16.632000 
U4219                     INVX1           slow            6.652800  
U4220                     AOI22X1         slow            16.632000 
U4221                     INVX1           slow            6.652800  
U4222                     AOI22X1         slow            16.632000 
U4223                     INVX1           slow            6.652800  
U4224                     AOI22X1         slow            16.632000 
U4225                     INVX1           slow            6.652800  
U4226                     AOI22X1         slow            16.632000 
U4227                     INVX1           slow            6.652800  
U4228                     AOI22X1         slow            16.632000 
U4229                     INVX1           slow            6.652800  
U4230                     AOI22X1         slow            16.632000 
U4231                     INVX1           slow            6.652800  
U4232                     AOI22X1         slow            16.632000 
U4233                     INVX1           slow            6.652800  
U4234                     AOI22X1         slow            16.632000 
U4235                     INVX1           slow            6.652800  
U4236                     AOI22X1         slow            16.632000 
U4237                     INVX1           slow            6.652800  
U4238                     AOI22X1         slow            16.632000 
U4239                     INVX1           slow            6.652800  
U4240                     AOI22X1         slow            16.632000 
U4241                     INVX1           slow            6.652800  
U4242                     AOI22X1         slow            16.632000 
U4243                     INVX1           slow            6.652800  
U4244                     AOI22X1         slow            16.632000 
U4245                     INVX1           slow            6.652800  
U4246                     AOI22X1         slow            16.632000 
U4247                     INVX1           slow            6.652800  
U4248                     AOI22X1         slow            16.632000 
U4249                     INVX1           slow            6.652800  
U4250                     AOI22X1         slow            16.632000 
U4251                     INVX1           slow            6.652800  
U4252                     AOI22X1         slow            16.632000 
U4253                     INVX1           slow            6.652800  
U4254                     AOI22X1         slow            16.632000 
U4255                     INVX1           slow            6.652800  
U4256                     AOI22X1         slow            16.632000 
U4257                     INVX1           slow            6.652800  
U4258                     AOI22X1         slow            16.632000 
U4259                     INVX1           slow            6.652800  
U4260                     AOI22X1         slow            16.632000 
U4261                     INVX1           slow            6.652800  
U4262                     AOI22X1         slow            16.632000 
U4263                     INVX1           slow            6.652800  
U4264                     AOI22X1         slow            16.632000 
U4265                     INVX1           slow            6.652800  
U4266                     AOI22X1         slow            16.632000 
U4267                     INVX1           slow            6.652800  
U4268                     AOI22X1         slow            16.632000 
U4269                     INVX1           slow            6.652800  
U4270                     AOI22X1         slow            16.632000 
U4271                     INVX1           slow            6.652800  
U4272                     AOI22X1         slow            16.632000 
U4273                     INVX1           slow            6.652800  
U4274                     AOI22X1         slow            16.632000 
U4275                     INVX1           slow            6.652800  
U4276                     AOI22X1         slow            16.632000 
U4277                     INVX1           slow            6.652800  
U4278                     AOI22X1         slow            16.632000 
U4279                     INVX1           slow            6.652800  
U4280                     AOI22X1         slow            16.632000 
U4281                     INVX1           slow            6.652800  
U4282                     AOI22X1         slow            16.632000 
U4283                     INVX1           slow            6.652800  
U4284                     AOI22X1         slow            16.632000 
U4285                     INVX1           slow            6.652800  
U4286                     AOI22X1         slow            16.632000 
U4287                     INVX1           slow            6.652800  
U4288                     AOI22X1         slow            16.632000 
U4289                     INVX1           slow            6.652800  
U4290                     AOI22X1         slow            16.632000 
U4291                     INVX1           slow            6.652800  
U4292                     AOI22X1         slow            16.632000 
U4293                     INVX1           slow            6.652800  
U4294                     AOI22X1         slow            16.632000 
U4295                     INVX1           slow            6.652800  
U4296                     AOI22X1         slow            16.632000 
U4297                     INVX1           slow            6.652800  
U4298                     AOI22X1         slow            16.632000 
U4299                     INVX1           slow            6.652800  
U4300                     AOI22X1         slow            16.632000 
U4301                     INVX1           slow            6.652800  
U4302                     AOI22X1         slow            16.632000 
U4303                     INVX1           slow            6.652800  
U4304                     AOI22X1         slow            16.632000 
U4305                     INVX1           slow            6.652800  
U4306                     AOI22X1         slow            16.632000 
U4307                     INVX1           slow            6.652800  
U4308                     AOI22X1         slow            16.632000 
U4309                     INVX1           slow            6.652800  
U4310                     AOI22X1         slow            16.632000 
U4311                     INVX1           slow            6.652800  
U4312                     AOI22X1         slow            16.632000 
U4313                     INVX1           slow            6.652800  
U4314                     AOI22X1         slow            16.632000 
U4315                     INVX1           slow            6.652800  
U4316                     AOI22X1         slow            16.632000 
U4317                     INVX1           slow            6.652800  
U4318                     AOI22X1         slow            16.632000 
U4319                     INVX1           slow            6.652800  
U4320                     AOI22X1         slow            16.632000 
U4321                     INVX1           slow            6.652800  
U4322                     AOI22X1         slow            16.632000 
U4323                     INVX1           slow            6.652800  
U4324                     AOI22X1         slow            16.632000 
U4325                     INVX1           slow            6.652800  
U4326                     AOI22X1         slow            16.632000 
U4327                     INVX1           slow            6.652800  
U4328                     AOI22X1         slow            16.632000 
U4329                     INVX1           slow            6.652800  
U4330                     AOI22X1         slow            16.632000 
U4331                     INVX1           slow            6.652800  
U4332                     AOI22X1         slow            16.632000 
U4333                     INVX1           slow            6.652800  
U4334                     AOI22X1         slow            16.632000 
U4335                     INVX1           slow            6.652800  
U4336                     AOI22X1         slow            16.632000 
U4337                     INVX1           slow            6.652800  
U4338                     AOI22X1         slow            16.632000 
U4339                     INVX1           slow            6.652800  
U4340                     AOI22X1         slow            16.632000 
U4341                     INVX1           slow            6.652800  
U4342                     AOI22X1         slow            16.632000 
U4343                     INVX1           slow            6.652800  
U4344                     AOI22X1         slow            16.632000 
U4345                     INVX1           slow            6.652800  
U4346                     AOI22X1         slow            16.632000 
U4347                     INVX1           slow            6.652800  
U4348                     AOI22X1         slow            16.632000 
U4349                     INVX1           slow            6.652800  
U4350                     AOI22X1         slow            16.632000 
U4351                     INVX1           slow            6.652800  
U4352                     AOI22X1         slow            16.632000 
U4353                     INVX1           slow            6.652800  
U4354                     AOI22X1         slow            16.632000 
U4355                     INVX1           slow            6.652800  
U4356                     AOI22X1         slow            16.632000 
U4357                     INVX1           slow            6.652800  
U4358                     AOI22X1         slow            16.632000 
U4359                     INVX1           slow            6.652800  
U4360                     AOI22X1         slow            16.632000 
U4361                     INVX1           slow            6.652800  
U4362                     AOI22X1         slow            16.632000 
U4363                     INVX1           slow            6.652800  
U4364                     AOI22X1         slow            16.632000 
U4365                     INVX1           slow            6.652800  
U4366                     AOI22X1         slow            16.632000 
U4367                     INVX1           slow            6.652800  
U4368                     AOI22X1         slow            16.632000 
U4369                     INVX1           slow            6.652800  
U4370                     AOI22X1         slow            16.632000 
U4371                     INVX1           slow            6.652800  
U4372                     AOI22X1         slow            16.632000 
U4373                     INVX1           slow            6.652800  
U4374                     AOI22X1         slow            16.632000 
U4375                     INVX1           slow            6.652800  
U4376                     AOI22X1         slow            16.632000 
U4377                     INVX1           slow            6.652800  
U4378                     AOI22X1         slow            16.632000 
U4379                     INVX1           slow            6.652800  
U4380                     AOI22X1         slow            16.632000 
U4381                     INVX1           slow            6.652800  
U4382                     AOI22X1         slow            16.632000 
U4383                     INVX1           slow            6.652800  
U4384                     AOI22X1         slow            16.632000 
U4385                     INVX1           slow            6.652800  
U4386                     AOI22X1         slow            16.632000 
U4387                     INVX1           slow            6.652800  
U4388                     AOI22X1         slow            16.632000 
U4389                     OAI2BB2X1       slow            23.284800 
U4390                     INVX1           slow            6.652800  
U4391                     OAI2BB2X1       slow            23.284800 
U4392                     INVX1           slow            6.652800  
U4393                     OAI2BB2X1       slow            23.284800 
U4394                     INVX1           slow            6.652800  
U4395                     OAI2BB2X1       slow            23.284800 
U4396                     INVX1           slow            6.652800  
U4397                     INVX1           slow            6.652800  
U4398                     AOI22X1         slow            16.632000 
U4399                     INVX1           slow            6.652800  
U4400                     AOI22X1         slow            16.632000 
U4401                     INVX1           slow            6.652800  
U4402                     AOI22X1         slow            16.632000 
U4403                     INVX1           slow            6.652800  
U4404                     AOI22X1         slow            16.632000 
U4405                     OAI2BB2X1       slow            23.284800 
U4406                     INVX1           slow            6.652800  
U4407                     OAI2BB2X1       slow            23.284800 
U4408                     INVX1           slow            6.652800  
U4409                     OAI2BB2X1       slow            23.284800 
U4410                     INVX1           slow            6.652800  
U4411                     INVX1           slow            6.652800  
U4412                     AOI22X1         slow            16.632000 
U4413                     INVX1           slow            6.652800  
U4414                     AOI22X1         slow            16.632000 
U4415                     INVX1           slow            6.652800  
U4416                     AOI22X1         slow            16.632000 
U4417                     INVX1           slow            6.652800  
U4418                     AOI22X1         slow            16.632000 
U4419                     OAI2BB2X1       slow            23.284800 
U4420                     INVX1           slow            6.652800  
U4421                     OAI2BB2X1       slow            23.284800 
U4422                     INVX1           slow            6.652800  
U4423                     OAI2BB2X1       slow            23.284800 
U4424                     INVX1           slow            6.652800  
U4425                     INVX1           slow            6.652800  
U4426                     AOI22X1         slow            16.632000 
U4427                     INVX1           slow            6.652800  
U4428                     AOI22X1         slow            16.632000 
U4429                     INVX1           slow            6.652800  
U4430                     AOI22X1         slow            16.632000 
U4431                     INVX1           slow            6.652800  
U4432                     AOI22X1         slow            16.632000 
U4433                     OAI2BB2X1       slow            23.284800 
U4434                     INVX1           slow            6.652800  
U4435                     OAI2BB2X1       slow            23.284800 
U4436                     INVX1           slow            6.652800  
U4437                     OAI2BB2X1       slow            23.284800 
U4438                     INVX1           slow            6.652800  
U4439                     INVX1           slow            6.652800  
U4440                     AOI22X1         slow            16.632000 
U4441                     INVX1           slow            6.652800  
U4442                     AOI22X1         slow            16.632000 
U4443                     INVX1           slow            6.652800  
U4444                     AOI22X1         slow            16.632000 
U4445                     INVX1           slow            6.652800  
U4446                     AOI22X1         slow            16.632000 
U4447                     INVX1           slow            6.652800  
U4448                     AOI22X1         slow            16.632000 
U4449                     INVX1           slow            6.652800  
U4450                     AOI22X1         slow            16.632000 
U4451                     INVX1           slow            6.652800  
U4452                     AOI22X1         slow            16.632000 
U4453                     INVX1           slow            6.652800  
U4454                     AOI22X1         slow            16.632000 
U4455                     INVX1           slow            6.652800  
U4456                     AOI22X1         slow            16.632000 
U4457                     INVX1           slow            6.652800  
U4458                     AOI22X1         slow            16.632000 
U4459                     INVX1           slow            6.652800  
U4460                     AOI22X1         slow            16.632000 
U4461                     INVX1           slow            6.652800  
U4462                     AOI22X1         slow            16.632000 
U4463                     INVX1           slow            6.652800  
U4464                     AOI22X1         slow            16.632000 
U4465                     INVX1           slow            6.652800  
U4466                     AOI22X1         slow            16.632000 
U4467                     INVX1           slow            6.652800  
U4468                     AOI22X1         slow            16.632000 
U4469                     INVX1           slow            6.652800  
U4470                     AOI22X1         slow            16.632000 
U4471                     INVX1           slow            6.652800  
U4472                     AOI22X1         slow            16.632000 
U4473                     INVX1           slow            6.652800  
U4474                     AOI22X1         slow            16.632000 
U4475                     INVX1           slow            6.652800  
U4476                     AOI22X1         slow            16.632000 
U4477                     INVX1           slow            6.652800  
U4478                     AOI22X1         slow            16.632000 
U4479                     INVX1           slow            6.652800  
U4480                     AOI22X1         slow            16.632000 
U4481                     INVX1           slow            6.652800  
U4482                     AOI22X1         slow            16.632000 
U4483                     INVX1           slow            6.652800  
U4484                     AOI22X1         slow            16.632000 
U4485                     INVX1           slow            6.652800  
U4486                     AOI22X1         slow            16.632000 
U4487                     INVX1           slow            6.652800  
U4488                     AOI22X1         slow            16.632000 
U4489                     INVX1           slow            6.652800  
U4490                     AOI22X1         slow            16.632000 
U4491                     INVX1           slow            6.652800  
U4492                     AOI22X1         slow            16.632000 
U4493                     INVX1           slow            6.652800  
U4494                     AOI22X1         slow            16.632000 
U4495                     INVX1           slow            6.652800  
U4496                     AOI22X1         slow            16.632000 
U4497                     INVX1           slow            6.652800  
U4498                     AOI22X1         slow            16.632000 
U4499                     INVX1           slow            6.652800  
U4500                     AOI22X1         slow            16.632000 
U4501                     INVX1           slow            6.652800  
U4502                     AOI22X1         slow            16.632000 
U4503                     INVX1           slow            6.652800  
U4504                     AOI22X1         slow            16.632000 
U4505                     INVX1           slow            6.652800  
U4506                     AOI22X1         slow            16.632000 
U4507                     INVX1           slow            6.652800  
U4508                     AOI22X1         slow            16.632000 
U4509                     INVX1           slow            6.652800  
U4510                     AOI22X1         slow            16.632000 
U4511                     INVX1           slow            6.652800  
U4512                     AOI22X1         slow            16.632000 
U4513                     INVX1           slow            6.652800  
U4514                     AOI22X1         slow            16.632000 
U4515                     INVX1           slow            6.652800  
U4516                     AOI22X1         slow            16.632000 
U4517                     INVX1           slow            6.652800  
U4518                     AOI22X1         slow            16.632000 
U4519                     INVX1           slow            6.652800  
U4520                     AOI22X1         slow            16.632000 
U4521                     INVX1           slow            6.652800  
U4522                     AOI22X1         slow            16.632000 
U4523                     INVX1           slow            6.652800  
U4524                     AOI22X1         slow            16.632000 
U4525                     INVX1           slow            6.652800  
U4526                     AOI22X1         slow            16.632000 
U4527                     INVX1           slow            6.652800  
U4528                     AOI22X1         slow            16.632000 
U4529                     INVX1           slow            6.652800  
U4530                     AOI22X1         slow            16.632000 
U4531                     INVX1           slow            6.652800  
U4532                     AOI22X1         slow            16.632000 
U4533                     INVX1           slow            6.652800  
U4534                     AOI22X1         slow            16.632000 
U4535                     INVX1           slow            6.652800  
U4536                     AOI22X1         slow            16.632000 
U4537                     INVX1           slow            6.652800  
U4538                     AOI22X1         slow            16.632000 
U4539                     INVX1           slow            6.652800  
U4540                     AOI22X1         slow            16.632000 
U4541                     INVX1           slow            6.652800  
U4542                     AOI22X1         slow            16.632000 
U4543                     INVX1           slow            6.652800  
U4544                     AOI22X1         slow            16.632000 
U4545                     INVX1           slow            6.652800  
U4546                     AOI22X1         slow            16.632000 
U4547                     INVX1           slow            6.652800  
U4548                     AOI22X1         slow            16.632000 
U4549                     INVX1           slow            6.652800  
U4550                     AOI22X1         slow            16.632000 
U4551                     INVX1           slow            6.652800  
U4552                     AOI22X1         slow            16.632000 
U4553                     INVX1           slow            6.652800  
U4554                     AOI22X1         slow            16.632000 
U4555                     INVX1           slow            6.652800  
U4556                     AOI22X1         slow            16.632000 
U4557                     INVX1           slow            6.652800  
U4558                     AOI22X1         slow            16.632000 
U4559                     INVX1           slow            6.652800  
U4560                     AOI22X1         slow            16.632000 
U4561                     INVX1           slow            6.652800  
U4562                     AOI22X1         slow            16.632000 
U4563                     INVX1           slow            6.652800  
U4564                     AOI22X1         slow            16.632000 
U4565                     INVX1           slow            6.652800  
U4566                     AOI22X1         slow            16.632000 
U4567                     INVX1           slow            6.652800  
U4568                     AOI22X1         slow            16.632000 
U4569                     INVX1           slow            6.652800  
U4570                     AOI22X1         slow            16.632000 
U4571                     INVX1           slow            6.652800  
U4572                     AOI22X1         slow            16.632000 
U4573                     INVX1           slow            6.652800  
U4574                     AOI22X1         slow            16.632000 
U4575                     INVX1           slow            6.652800  
U4576                     AOI22X1         slow            16.632000 
U4577                     INVX1           slow            6.652800  
U4578                     AOI22X1         slow            16.632000 
U4579                     INVX1           slow            6.652800  
U4580                     AOI22X1         slow            16.632000 
U4581                     INVX1           slow            6.652800  
U4582                     AOI22X1         slow            16.632000 
U4583                     INVX1           slow            6.652800  
U4584                     AOI22X1         slow            16.632000 
U4585                     INVX1           slow            6.652800  
U4586                     AOI22X1         slow            16.632000 
U4587                     INVX1           slow            6.652800  
U4588                     AOI22X1         slow            16.632000 
U4589                     INVX1           slow            6.652800  
U4590                     AOI22X1         slow            16.632000 
U4591                     INVX1           slow            6.652800  
U4592                     AOI22X1         slow            16.632000 
U4593                     OAI2BB2X1       slow            23.284800 
U4594                     INVX1           slow            6.652800  
U4595                     INVX1           slow            6.652800  
U4596                     AOI22X1         slow            16.632000 
U4597                     INVX1           slow            6.652800  
U4598                     AOI22X1         slow            16.632000 
U4599                     INVX1           slow            6.652800  
U4600                     AOI22X1         slow            16.632000 
U4601                     INVX1           slow            6.652800  
U4602                     AOI22X1         slow            16.632000 
U4603                     INVX1           slow            6.652800  
U4604                     AOI22X1         slow            16.632000 
U4605                     INVX1           slow            6.652800  
U4606                     AOI22X1         slow            16.632000 
U4607                     INVX1           slow            6.652800  
U4608                     AOI22X1         slow            16.632000 
U4609                     INVX1           slow            6.652800  
U4610                     AOI22X1         slow            16.632000 
U4611                     INVX1           slow            6.652800  
U4612                     AOI22X1         slow            16.632000 
U4613                     INVX1           slow            6.652800  
U4614                     AOI22X1         slow            16.632000 
U4615                     INVX1           slow            6.652800  
U4616                     AOI22X1         slow            16.632000 
U4617                     INVX1           slow            6.652800  
U4618                     AOI22X1         slow            16.632000 
U4619                     INVX1           slow            6.652800  
U4620                     AOI22X1         slow            16.632000 
U4621                     INVX1           slow            6.652800  
U4622                     AOI22X1         slow            16.632000 
U4623                     INVX1           slow            6.652800  
U4624                     AOI22X1         slow            16.632000 
U4625                     INVX1           slow            6.652800  
U4626                     AOI22X1         slow            16.632000 
U4627                     INVX1           slow            6.652800  
U4628                     AOI22X1         slow            16.632000 
U4629                     INVX1           slow            6.652800  
U4630                     AOI22X1         slow            16.632000 
U4631                     INVX1           slow            6.652800  
U4632                     AOI22X1         slow            16.632000 
U4633                     INVX1           slow            6.652800  
U4634                     AOI22X1         slow            16.632000 
U4635                     INVX1           slow            6.652800  
U4636                     AOI22X1         slow            16.632000 
U4637                     INVX1           slow            6.652800  
U4638                     AOI22X1         slow            16.632000 
U4639                     INVX1           slow            6.652800  
U4640                     AOI22X1         slow            16.632000 
U4641                     INVX1           slow            6.652800  
U4642                     AOI22X1         slow            16.632000 
U4643                     INVX1           slow            6.652800  
U4644                     AOI22X1         slow            16.632000 
U4645                     INVX1           slow            6.652800  
U4646                     AOI22X1         slow            16.632000 
U4647                     INVX1           slow            6.652800  
U4648                     AOI22X1         slow            16.632000 
U4649                     INVX1           slow            6.652800  
U4650                     AOI22X1         slow            16.632000 
U4651                     INVX1           slow            6.652800  
U4652                     AOI22X1         slow            16.632000 
U4653                     INVX1           slow            6.652800  
U4654                     AOI22X1         slow            16.632000 
U4655                     INVX1           slow            6.652800  
U4656                     AOI22X1         slow            16.632000 
U4657                     INVX1           slow            6.652800  
U4658                     AOI22X1         slow            16.632000 
U4659                     INVX1           slow            6.652800  
U4660                     AOI22X1         slow            16.632000 
U4661                     INVX1           slow            6.652800  
U4662                     AOI22X1         slow            16.632000 
U4663                     INVX1           slow            6.652800  
U4664                     AOI22X1         slow            16.632000 
U4665                     INVX1           slow            6.652800  
U4666                     AOI22X1         slow            16.632000 
U4667                     INVX1           slow            6.652800  
U4668                     AOI22X1         slow            16.632000 
U4669                     INVX1           slow            6.652800  
U4670                     AOI22X1         slow            16.632000 
U4671                     INVX1           slow            6.652800  
U4672                     AOI22X1         slow            16.632000 
U4673                     INVX1           slow            6.652800  
U4674                     AOI22X1         slow            16.632000 
U4675                     INVX1           slow            6.652800  
U4676                     AOI22X1         slow            16.632000 
U4677                     INVX1           slow            6.652800  
U4678                     AOI22X1         slow            16.632000 
U4679                     INVX1           slow            6.652800  
U4680                     AOI22X1         slow            16.632000 
U4681                     OAI2BB2X1       slow            23.284800 
U4682                     INVX1           slow            6.652800  
U4683                     INVX1           slow            6.652800  
U4684                     AOI22X1         slow            16.632000 
U4685                     INVX1           slow            6.652800  
U4686                     AOI22X1         slow            16.632000 
U4687                     INVX1           slow            6.652800  
U4688                     AOI22X1         slow            16.632000 
U4689                     INVX1           slow            6.652800  
U4690                     AOI22X1         slow            16.632000 
U4691                     INVX1           slow            6.652800  
U4692                     AOI22X1         slow            16.632000 
U4693                     INVX1           slow            6.652800  
U4694                     AOI22X1         slow            16.632000 
U4695                     INVX1           slow            6.652800  
U4696                     AOI22X1         slow            16.632000 
U4697                     INVX1           slow            6.652800  
U4698                     AOI22X1         slow            16.632000 
U4699                     INVX1           slow            6.652800  
U4700                     AOI22X1         slow            16.632000 
U4701                     INVX1           slow            6.652800  
U4702                     AOI22X1         slow            16.632000 
U4703                     INVX1           slow            6.652800  
U4704                     AOI22X1         slow            16.632000 
U4705                     INVX1           slow            6.652800  
U4706                     AOI22X1         slow            16.632000 
U4707                     INVX1           slow            6.652800  
U4708                     AOI22X1         slow            16.632000 
U4709                     OAI2BB2X1       slow            23.284800 
U4710                     INVX1           slow            6.652800  
U4711                     OAI2BB2X1       slow            23.284800 
U4712                     INVX1           slow            6.652800  
U4713                     OAI2BB2X1       slow            23.284800 
U4714                     INVX1           slow            6.652800  
U4715                     OAI2BB2X1       slow            23.284800 
U4716                     INVX1           slow            6.652800  
U4717                     OAI2BB2X1       slow            23.284800 
U4718                     INVX1           slow            6.652800  
U4719                     OAI2BB2X1       slow            23.284800 
U4720                     INVX1           slow            6.652800  
U4721                     OAI2BB2X1       slow            23.284800 
U4722                     INVX1           slow            6.652800  
U4723                     OAI2BB2X1       slow            23.284800 
U4724                     INVX1           slow            6.652800  
U4725                     OAI2BB2X1       slow            23.284800 
U4726                     INVX1           slow            6.652800  
U4727                     OAI2BB2X1       slow            23.284800 
U4728                     INVX1           slow            6.652800  
U4729                     OAI2BB2X1       slow            23.284800 
U4730                     INVX1           slow            6.652800  
U4731                     OAI2BB2X1       slow            23.284800 
U4732                     INVX1           slow            6.652800  
U4733                     OAI2BB2X1       slow            23.284800 
U4734                     INVX1           slow            6.652800  
U4735                     OAI2BB2X1       slow            23.284800 
U4736                     INVX1           slow            6.652800  
U4737                     OAI2BB2X1       slow            23.284800 
U4738                     INVX1           slow            6.652800  
U4739                     OAI2BB2X1       slow            23.284800 
U4740                     INVX1           slow            6.652800  
U4741                     OAI2BB2X1       slow            23.284800 
U4742                     INVX1           slow            6.652800  
U4743                     OAI2BB2X1       slow            23.284800 
U4744                     INVX1           slow            6.652800  
U4745                     OAI2BB2X1       slow            23.284800 
U4746                     INVX1           slow            6.652800  
U4747                     OAI2BB2X1       slow            23.284800 
U4748                     INVX1           slow            6.652800  
U4749                     OAI2BB2X1       slow            23.284800 
U4750                     INVX1           slow            6.652800  
U4751                     OAI2BB2X1       slow            23.284800 
U4752                     INVX1           slow            6.652800  
U4753                     OAI2BB2X1       slow            23.284800 
U4754                     INVX1           slow            6.652800  
U4755                     OAI2BB2X1       slow            23.284800 
U4756                     INVX1           slow            6.652800  
U4757                     OAI2BB2X1       slow            23.284800 
U4758                     INVX1           slow            6.652800  
U4759                     OAI2BB2X1       slow            23.284800 
U4760                     INVX1           slow            6.652800  
U4761                     OAI2BB2X1       slow            23.284800 
U4762                     INVX1           slow            6.652800  
U4763                     OAI2BB2X1       slow            23.284800 
U4764                     INVX1           slow            6.652800  
U4765                     OAI2BB2X1       slow            23.284800 
U4766                     INVX1           slow            6.652800  
U4767                     OAI2BB2X1       slow            23.284800 
U4768                     INVX1           slow            6.652800  
U4769                     OAI2BB2X1       slow            23.284800 
U4770                     INVX1           slow            6.652800  
U4771                     OAI2BB2X1       slow            23.284800 
U4772                     INVX1           slow            6.652800  
U4773                     OAI2BB2X1       slow            23.284800 
U4774                     INVX1           slow            6.652800  
U4775                     OAI2BB2X1       slow            23.284800 
U4776                     INVX1           slow            6.652800  
U4777                     OAI2BB2X1       slow            23.284800 
U4778                     INVX1           slow            6.652800  
U4779                     OAI2BB2X1       slow            23.284800 
U4780                     INVX1           slow            6.652800  
U4781                     OAI2BB2X1       slow            23.284800 
U4782                     INVX1           slow            6.652800  
U4783                     OAI2BB2X1       slow            23.284800 
U4784                     INVX1           slow            6.652800  
U4785                     OAI2BB2X1       slow            23.284800 
U4786                     INVX1           slow            6.652800  
U4787                     OAI2BB2X1       slow            23.284800 
U4788                     INVX1           slow            6.652800  
U4789                     OAI2BB2X1       slow            23.284800 
U4790                     INVX1           slow            6.652800  
U4791                     OAI2BB2X1       slow            23.284800 
U4792                     INVX1           slow            6.652800  
U4793                     OAI2BB2X1       slow            23.284800 
U4794                     INVX1           slow            6.652800  
U4795                     OAI2BB2X1       slow            23.284800 
U4796                     INVX1           slow            6.652800  
U4797                     OAI2BB2X1       slow            23.284800 
U4798                     INVX1           slow            6.652800  
U4799                     OAI2BB2X1       slow            23.284800 
U4800                     INVX1           slow            6.652800  
U4801                     OAI2BB2X1       slow            23.284800 
U4802                     INVX1           slow            6.652800  
U4803                     OAI2BB2X1       slow            23.284800 
U4804                     INVX1           slow            6.652800  
U4805                     OAI2BB2X1       slow            23.284800 
U4806                     INVX1           slow            6.652800  
U4807                     OAI2BB2X1       slow            23.284800 
U4808                     INVX1           slow            6.652800  
U4809                     OAI2BB2X1       slow            23.284800 
U4810                     INVX1           slow            6.652800  
U4811                     OAI2BB2X1       slow            23.284800 
U4812                     INVX1           slow            6.652800  
U4813                     OAI2BB2X1       slow            23.284800 
U4814                     INVX1           slow            6.652800  
U4815                     INVX1           slow            6.652800  
U4816                     AOI22X1         slow            16.632000 
U4817                     INVX1           slow            6.652800  
U4818                     AOI22X1         slow            16.632000 
U4819                     INVX1           slow            6.652800  
U4820                     AOI22X1         slow            16.632000 
U4821                     INVX1           slow            6.652800  
U4822                     AOI22X1         slow            16.632000 
U4823                     INVX1           slow            6.652800  
U4824                     AOI22X1         slow            16.632000 
U4825                     INVX1           slow            6.652800  
U4826                     AOI22X1         slow            16.632000 
U4827                     INVX1           slow            6.652800  
U4828                     AOI22X1         slow            16.632000 
U4829                     INVX1           slow            6.652800  
U4830                     AOI22X1         slow            16.632000 
U4831                     INVX1           slow            6.652800  
U4832                     AOI22X1         slow            16.632000 
U4833                     INVX1           slow            6.652800  
U4834                     AOI22X1         slow            16.632000 
U4835                     INVX1           slow            6.652800  
U4836                     AOI22X1         slow            16.632000 
U4837                     INVX1           slow            6.652800  
U4838                     AOI22X1         slow            16.632000 
U4839                     INVX1           slow            6.652800  
U4840                     AOI22X1         slow            16.632000 
U4841                     OAI2BB2X1       slow            23.284800 
U4842                     OAI2BB2X1       slow            23.284800 
U4843                     OAI2BB2X1       slow            23.284800 
U4844                     OAI2BB2X1       slow            23.284800 
U4845                     OAI2BB2X1       slow            23.284800 
U4846                     OAI2BB2X1       slow            23.284800 
U4847                     OAI2BB2X1       slow            23.284800 
U4848                     OAI2BB2X1       slow            23.284800 
U4849                     OAI2BB2X1       slow            23.284800 
U4850                     OAI2BB2X1       slow            23.284800 
U4851                     OAI2BB2X1       slow            23.284800 
U4852                     OAI2BB2X1       slow            23.284800 
U4853                     OAI2BB2X1       slow            23.284800 
U4854                     OAI2BB2X1       slow            23.284800 
U4855                     OAI2BB2X1       slow            23.284800 
U4856                     OAI2BB2X1       slow            23.284800 
U4857                     OAI2BB2X1       slow            23.284800 
U4858                     OAI2BB2X1       slow            23.284800 
U4859                     OAI2BB2X1       slow            23.284800 
U4860                     OAI2BB2X1       slow            23.284800 
U4861                     OAI2BB2X1       slow            23.284800 
U4862                     OAI2BB2X1       slow            23.284800 
U4863                     OAI2BB2X1       slow            23.284800 
U4864                     OAI2BB2X1       slow            23.284800 
U4865                     OAI2BB2X1       slow            23.284800 
U4866                     OAI2BB2X1       slow            23.284800 
U4867                     OAI2BB2X1       slow            23.284800 
U4868                     OAI2BB2X1       slow            23.284800 
U4869                     OAI2BB2X1       slow            23.284800 
U4870                     OAI2BB2X1       slow            23.284800 
U4871                     OAI2BB2X1       slow            23.284800 
U4872                     OAI2BB2X1       slow            23.284800 
U4873                     OAI2BB2X1       slow            23.284800 
U4874                     OAI2BB2X1       slow            23.284800 
U4875                     OAI2BB2X1       slow            23.284800 
U4876                     OAI2BB2X1       slow            23.284800 
U4877                     OAI2BB2X1       slow            23.284800 
U4878                     OAI2BB2X1       slow            23.284800 
U4879                     OAI2BB2X1       slow            23.284800 
U4880                     OAI2BB2X1       slow            23.284800 
U4881                     OAI2BB2X1       slow            23.284800 
U4882                     OAI2BB2X1       slow            23.284800 
U4883                     OAI2BB2X1       slow            23.284800 
U4884                     OAI2BB2X1       slow            23.284800 
U4885                     OAI2BB2X1       slow            23.284800 
U4886                     OAI2BB2X1       slow            23.284800 
U4887                     OAI2BB2X1       slow            23.284800 
U4888                     INVX1           slow            6.652800  
U4889                     OAI2BB2X1       slow            23.284800 
U4890                     OAI2BB2X1       slow            23.284800 
U4891                     OAI2BB2X1       slow            23.284800 
U4892                     OAI2BB2X1       slow            23.284800 
U4893                     OAI2BB2X1       slow            23.284800 
U4894                     OAI2BB2X1       slow            23.284800 
U4895                     INVX1           slow            6.652800  
U4896                     AOI22X1         slow            16.632000 
U4897                     INVX1           slow            6.652800  
U4898                     AOI22X1         slow            16.632000 
U4899                     INVX1           slow            6.652800  
U4900                     AOI22X1         slow            16.632000 
U4901                     OAI2BB2X1       slow            23.284800 
U4902                     INVX1           slow            6.652800  
U4903                     INVX1           slow            6.652800  
U4904                     AOI22X1         slow            16.632000 
U4905                     INVX1           slow            6.652800  
U4906                     AOI22X1         slow            16.632000 
U4907                     INVX1           slow            6.652800  
U4908                     AOI22X1         slow            16.632000 
U4909                     INVX1           slow            6.652800  
U4910                     AOI22X1         slow            16.632000 
U4911                     INVX1           slow            6.652800  
U4912                     AOI22X1         slow            16.632000 
U4913                     INVX1           slow            6.652800  
U4914                     AOI22X1         slow            16.632000 
U4915                     OAI2BB2X1       slow            23.284800 
U4916                     INVX1           slow            6.652800  
U4917                     OAI2BB2X1       slow            23.284800 
U4918                     INVX1           slow            6.652800  
U4919                     OAI2BB2X1       slow            23.284800 
U4920                     INVX1           slow            6.652800  
U4921                     OAI2BB2X1       slow            23.284800 
U4922                     INVX1           slow            6.652800  
U4923                     OAI2BB2X1       slow            23.284800 
U4924                     INVX1           slow            6.652800  
U4925                     OAI2BB2X1       slow            23.284800 
U4926                     INVX1           slow            6.652800  
U4927                     OAI2BB2X1       slow            23.284800 
U4928                     INVX1           slow            6.652800  
U4929                     OAI2BB2X1       slow            23.284800 
U4930                     INVX1           slow            6.652800  
U4931                     OAI2BB2X1       slow            23.284800 
U4932                     INVX1           slow            6.652800  
U4933                     OAI2BB2X1       slow            23.284800 
U4934                     INVX1           slow            6.652800  
U4935                     OAI2BB2X1       slow            23.284800 
U4936                     INVX1           slow            6.652800  
U4937                     OAI2BB2X1       slow            23.284800 
U4938                     INVX1           slow            6.652800  
U4939                     OAI2BB2X1       slow            23.284800 
U4940                     INVX1           slow            6.652800  
U4941                     OAI2BB2X1       slow            23.284800 
U4942                     INVX1           slow            6.652800  
U4943                     OAI2BB2X1       slow            23.284800 
U4944                     INVX1           slow            6.652800  
U4945                     OAI2BB2X1       slow            23.284800 
U4946                     INVX1           slow            6.652800  
U4947                     OAI2BB2X1       slow            23.284800 
U4948                     INVX1           slow            6.652800  
U4949                     OAI2BB2X1       slow            23.284800 
U4950                     INVX1           slow            6.652800  
U4951                     OAI2BB2X1       slow            23.284800 
U4952                     INVX1           slow            6.652800  
U4953                     OAI2BB2X1       slow            23.284800 
U4954                     INVX1           slow            6.652800  
U4955                     OAI2BB2X1       slow            23.284800 
U4956                     INVX1           slow            6.652800  
U4957                     OAI2BB2X1       slow            23.284800 
U4958                     INVX1           slow            6.652800  
U4959                     OAI2BB2X1       slow            23.284800 
U4960                     INVX1           slow            6.652800  
U4961                     OAI2BB2X1       slow            23.284800 
U4962                     INVX1           slow            6.652800  
U4963                     OAI2BB2X1       slow            23.284800 
U4964                     INVX1           slow            6.652800  
U4965                     OAI2BB2X1       slow            23.284800 
U4966                     INVX1           slow            6.652800  
U4967                     OAI2BB2X1       slow            23.284800 
U4968                     INVX1           slow            6.652800  
U4969                     OAI2BB2X1       slow            23.284800 
U4970                     INVX1           slow            6.652800  
U4971                     OAI2BB2X1       slow            23.284800 
U4972                     INVX1           slow            6.652800  
U4973                     OAI2BB2X1       slow            23.284800 
U4974                     INVX1           slow            6.652800  
U4975                     OAI2BB2X1       slow            23.284800 
U4976                     INVX1           slow            6.652800  
U4977                     OAI2BB2X1       slow            23.284800 
U4978                     INVX1           slow            6.652800  
U4979                     OAI2BB2X1       slow            23.284800 
U4980                     INVX1           slow            6.652800  
U4981                     OAI2BB2X1       slow            23.284800 
U4982                     INVX1           slow            6.652800  
U4983                     OAI2BB2X1       slow            23.284800 
U4984                     INVX1           slow            6.652800  
U4985                     OAI2BB2X1       slow            23.284800 
U4986                     INVX1           slow            6.652800  
U4987                     INVX1           slow            6.652800  
U4988                     AOI22X1         slow            16.632000 
U4989                     INVX1           slow            6.652800  
U4990                     AOI22X1         slow            16.632000 
U4991                     INVX1           slow            6.652800  
U4992                     AOI22X1         slow            16.632000 
U4993                     INVX1           slow            6.652800  
U4994                     AOI22X1         slow            16.632000 
U4995                     INVX1           slow            6.652800  
U4996                     AOI22X1         slow            16.632000 
U4997                     INVX1           slow            6.652800  
U4998                     AOI22X1         slow            16.632000 
U4999                     INVX1           slow            6.652800  
U5000                     AOI22X1         slow            16.632000 
U5001                     INVX1           slow            6.652800  
U5002                     AOI22X1         slow            16.632000 
U5003                     INVX1           slow            6.652800  
U5004                     AOI22X1         slow            16.632000 
U5005                     OAI2BB2X1       slow            23.284800 
U5006                     OAI2BB2X1       slow            23.284800 
U5007                     OAI2BB2X1       slow            23.284800 
U5008                     OAI2BB2X1       slow            23.284800 
U5009                     OAI2BB2X1       slow            23.284800 
U5010                     OAI2BB2X1       slow            23.284800 
U5011                     OAI2BB2X1       slow            23.284800 
U5012                     OAI2BB2X1       slow            23.284800 
U5013                     OAI2BB2X1       slow            23.284800 
U5014                     OAI2BB2X1       slow            23.284800 
U5015                     OAI2BB2X1       slow            23.284800 
U5016                     OAI2BB2X1       slow            23.284800 
U5017                     OAI2BB2X1       slow            23.284800 
U5018                     OAI2BB2X1       slow            23.284800 
U5019                     OAI2BB2X1       slow            23.284800 
U5020                     OAI2BB2X1       slow            23.284800 
U5021                     OAI2BB2X1       slow            23.284800 
U5022                     OAI2BB2X1       slow            23.284800 
U5023                     OAI2BB2X1       slow            23.284800 
U5024                     OAI2BB2X1       slow            23.284800 
U5025                     OAI2BB2X1       slow            23.284800 
U5026                     OAI2BB2X1       slow            23.284800 
U5027                     OAI2BB2X1       slow            23.284800 
U5028                     OAI2BB2X1       slow            23.284800 
U5029                     OAI2BB2X1       slow            23.284800 
U5030                     OAI2BB2X1       slow            23.284800 
U5031                     OAI2BB2X1       slow            23.284800 
U5032                     OAI2BB2X1       slow            23.284800 
U5033                     OAI2BB2X1       slow            23.284800 
U5034                     OAI2BB2X1       slow            23.284800 
U5035                     OAI2BB2X1       slow            23.284800 
U5036                     OAI2BB2X1       slow            23.284800 
U5037                     OAI2BB2X1       slow            23.284800 
U5038                     OAI2BB2X1       slow            23.284800 
U5039                     OAI2BB2X1       slow            23.284800 
U5040                     OAI2BB2X1       slow            23.284800 
U5041                     OAI2BB2X1       slow            23.284800 
U5042                     INVX1           slow            6.652800  
U5043                     OAI2BB2X1       slow            23.284800 
U5044                     INVX1           slow            6.652800  
U5045                     OAI2BB2X1       slow            23.284800 
U5046                     INVX1           slow            6.652800  
U5047                     OAI2BB2X1       slow            23.284800 
U5048                     INVX1           slow            6.652800  
U5049                     OAI2BB2X1       slow            23.284800 
U5050                     INVX1           slow            6.652800  
U5051                     OAI2BB2X1       slow            23.284800 
U5052                     INVX1           slow            6.652800  
U5053                     OAI2BB2X1       slow            23.284800 
U5054                     INVX1           slow            6.652800  
U5055                     OAI2BB2X1       slow            23.284800 
U5056                     INVX1           slow            6.652800  
U5057                     OAI2BB2X1       slow            23.284800 
U5058                     INVX1           slow            6.652800  
U5059                     OAI221XL        slow            23.284800 
U5060                     NAND3X1         slow            13.305600 
U5061                     OAI21XL         slow            13.305600 
U5062                     OAI31X1         slow            19.958401 
U5063                     AND3X2          slow            16.632000 
U5064                     NOR2XL          slow            9.979200  
U5065                     OAI32X1         slow            23.284800 
U5066                     AOI211X1        slow            16.632000 
U5067                     OAI2BB2X1       slow            23.284800 
U5068                     INVX1           slow            6.652800  
U5069                     INVX1           slow            6.652800  
U5070                     INVX1           slow            6.652800  
U5071                     INVX1           slow            6.652800  
U5072                     INVX1           slow            6.652800  
U5073                     INVX1           slow            6.652800  
U5074                     INVX1           slow            6.652800  
U5075                     INVX1           slow            6.652800  
U5076                     INVX1           slow            6.652800  
U5077                     INVX1           slow            6.652800  
U5078                     INVX1           slow            6.652800  
U5079                     INVX1           slow            6.652800  
U5080                     INVX1           slow            6.652800  
U5081                     INVX1           slow            6.652800  
U5082                     INVX1           slow            6.652800  
U5083                     INVX1           slow            6.652800  
U5084                     INVX1           slow            6.652800  
U5085                     INVX1           slow            6.652800  
U5086                     INVX1           slow            6.652800  
U5087                     INVX1           slow            6.652800  
U5088                     INVX1           slow            6.652800  
U5089                     INVX1           slow            6.652800  
U5090                     INVX1           slow            6.652800  
U5091                     INVX1           slow            6.652800  
U5092                     INVX1           slow            6.652800  
U5093                     INVX1           slow            6.652800  
U5094                     INVX1           slow            6.652800  
U5095                     INVX1           slow            6.652800  
U5096                     INVX1           slow            6.652800  
U5097                     INVX1           slow            6.652800  
U5098                     INVX1           slow            6.652800  
U5099                     INVX1           slow            6.652800  
U5100                     INVX1           slow            6.652800  
U5101                     INVX1           slow            6.652800  
U5102                     INVX1           slow            6.652800  
U5103                     INVX1           slow            6.652800  
U5104                     INVX1           slow            6.652800  
U5105                     INVX1           slow            6.652800  
U5106                     INVX1           slow            6.652800  
U5107                     INVX1           slow            6.652800  
U5108                     INVX1           slow            6.652800  
U5109                     INVX1           slow            6.652800  
U5110                     INVX1           slow            6.652800  
U5111                     INVX1           slow            6.652800  
U5112                     INVX1           slow            6.652800  
U5113                     INVX1           slow            6.652800  
U5114                     INVX1           slow            6.652800  
U5115                     INVX1           slow            6.652800  
U5116                     INVX1           slow            6.652800  
U5117                     INVX1           slow            6.652800  
U5118                     INVX1           slow            6.652800  
U5119                     INVX1           slow            6.652800  
U5120                     INVX1           slow            6.652800  
U5121                     INVX1           slow            6.652800  
U5122                     INVX1           slow            6.652800  
U5123                     INVX1           slow            6.652800  
U5124                     INVX1           slow            6.652800  
U5125                     INVX1           slow            6.652800  
U5126                     INVX1           slow            6.652800  
U5127                     INVX1           slow            6.652800  
U5128                     INVX1           slow            6.652800  
U5129                     INVX1           slow            6.652800  
U5130                     INVX1           slow            6.652800  
U5131                     INVX1           slow            6.652800  
U5132                     INVX1           slow            6.652800  
U5133                     INVX1           slow            6.652800  
U5134                     INVX1           slow            6.652800  
U5135                     INVX1           slow            6.652800  
U5136                     INVX1           slow            6.652800  
U5137                     INVX1           slow            6.652800  
U5138                     INVX1           slow            6.652800  
U5139                     INVX1           slow            6.652800  
U5140                     INVX1           slow            6.652800  
U5141                     INVX1           slow            6.652800  
U5142                     INVX1           slow            6.652800  
U5143                     INVX1           slow            6.652800  
U5144                     INVX1           slow            6.652800  
U5145                     INVX1           slow            6.652800  
U5146                     INVX1           slow            6.652800  
U5147                     INVX1           slow            6.652800  
U5148                     INVX1           slow            6.652800  
U5149                     INVX1           slow            6.652800  
U5150                     INVX1           slow            6.652800  
U5151                     INVX1           slow            6.652800  
U5152                     INVX1           slow            6.652800  
U5153                     INVX1           slow            6.652800  
U5154                     INVX1           slow            6.652800  
U5155                     INVX1           slow            6.652800  
U5156                     INVX1           slow            6.652800  
U5157                     INVX1           slow            6.652800  
U5158                     INVX1           slow            6.652800  
U5159                     INVX1           slow            6.652800  
U5160                     INVX1           slow            6.652800  
U5161                     INVX1           slow            6.652800  
U5162                     INVX1           slow            6.652800  
U5163                     INVX1           slow            6.652800  
U5164                     INVX1           slow            6.652800  
U5165                     INVX1           slow            6.652800  
U5166                     INVX1           slow            6.652800  
U5167                     INVX1           slow            6.652800  
U5168                     INVX1           slow            6.652800  
U5169                     INVX1           slow            6.652800  
U5170                     INVX1           slow            6.652800  
U5171                     INVX1           slow            6.652800  
U5172                     INVX1           slow            6.652800  
U5173                     INVX1           slow            6.652800  
U5174                     INVX1           slow            6.652800  
U5175                     INVX1           slow            6.652800  
U5176                     INVX1           slow            6.652800  
U5177                     INVX1           slow            6.652800  
U5178                     INVX1           slow            6.652800  
U5179                     INVX1           slow            6.652800  
U5180                     INVX1           slow            6.652800  
U5181                     INVX1           slow            6.652800  
U5182                     INVX1           slow            6.652800  
U5183                     INVX1           slow            6.652800  
U5184                     INVX1           slow            6.652800  
U5185                     INVX1           slow            6.652800  
U5186                     INVX1           slow            6.652800  
U5187                     INVX1           slow            6.652800  
U5188                     INVX1           slow            6.652800  
U5189                     INVX1           slow            6.652800  
U5190                     INVX1           slow            6.652800  
U5191                     INVX1           slow            6.652800  
U5192                     INVX1           slow            6.652800  
U5193                     INVX1           slow            6.652800  
U5194                     INVX1           slow            6.652800  
U5195                     INVX1           slow            6.652800  
U5196                     INVX1           slow            6.652800  
U5197                     INVX1           slow            6.652800  
U5198                     INVX1           slow            6.652800  
U5199                     INVX1           slow            6.652800  
U5200                     INVX1           slow            6.652800  
U5201                     INVX1           slow            6.652800  
U5202                     INVX1           slow            6.652800  
U5203                     INVX1           slow            6.652800  
U5204                     INVX1           slow            6.652800  
U5205                     INVX1           slow            6.652800  
U5206                     INVX1           slow            6.652800  
U5207                     INVX1           slow            6.652800  
U5208                     INVX1           slow            6.652800  
U5209                     INVX1           slow            6.652800  
U5210                     INVX1           slow            6.652800  
U5211                     INVX1           slow            6.652800  
U5212                     INVX1           slow            6.652800  
U5213                     INVX1           slow            6.652800  
U5214                     INVX1           slow            6.652800  
U5215                     INVX1           slow            6.652800  
U5216                     INVX1           slow            6.652800  
U5217                     INVX1           slow            6.652800  
U5218                     INVX1           slow            6.652800  
U5219                     INVX1           slow            6.652800  
U5220                     INVX1           slow            6.652800  
U5221                     INVX1           slow            6.652800  
U5222                     INVX1           slow            6.652800  
U5223                     INVX1           slow            6.652800  
U5224                     INVX1           slow            6.652800  
U5225                     INVX1           slow            6.652800  
U5226                     INVX1           slow            6.652800  
U5227                     INVX1           slow            6.652800  
U5228                     INVX1           slow            6.652800  
U5229                     INVX1           slow            6.652800  
U5230                     INVX1           slow            6.652800  
U5231                     INVX1           slow            6.652800  
U5232                     INVX1           slow            6.652800  
U5233                     INVX1           slow            6.652800  
U5234                     INVX1           slow            6.652800  
U5235                     INVX1           slow            6.652800  
U5236                     INVX1           slow            6.652800  
U5237                     INVX1           slow            6.652800  
U5238                     INVX1           slow            6.652800  
U5239                     INVX1           slow            6.652800  
U5240                     INVX1           slow            6.652800  
U5241                     INVX1           slow            6.652800  
U5242                     INVX1           slow            6.652800  
U5243                     INVX1           slow            6.652800  
U5244                     INVX1           slow            6.652800  
U5245                     INVX1           slow            6.652800  
U5246                     INVX1           slow            6.652800  
U5247                     INVX1           slow            6.652800  
U5248                     INVX1           slow            6.652800  
U5249                     INVX1           slow            6.652800  
U5250                     INVX1           slow            6.652800  
U5251                     INVX1           slow            6.652800  
U5252                     INVX1           slow            6.652800  
U5253                     INVX1           slow            6.652800  
U5254                     INVX1           slow            6.652800  
U5255                     INVX1           slow            6.652800  
U5256                     INVX1           slow            6.652800  
U5257                     INVX1           slow            6.652800  
U5258                     INVX1           slow            6.652800  
U5259                     INVX1           slow            6.652800  
U5260                     INVX1           slow            6.652800  
U5261                     INVX1           slow            6.652800  
U5262                     INVX1           slow            6.652800  
U5263                     INVX1           slow            6.652800  
U5264                     INVX1           slow            6.652800  
U5265                     INVX1           slow            6.652800  
U5266                     INVX1           slow            6.652800  
U5267                     INVX1           slow            6.652800  
U5268                     INVX1           slow            6.652800  
U5269                     INVX1           slow            6.652800  
U5270                     AOI21X1         slow            13.305600 
U5271                     INVX1           slow            6.652800  
U5272                     INVX1           slow            6.652800  
U5273                     INVX1           slow            6.652800  
U5274                     INVX1           slow            6.652800  
U5275                     INVX1           slow            6.652800  
U5276                     INVX1           slow            6.652800  
U5277                     INVX1           slow            6.652800  
U5278                     INVX1           slow            6.652800  
U5279                     INVX1           slow            6.652800  
U5280                     INVX1           slow            6.652800  
U5281                     INVX1           slow            6.652800  
U5282                     INVX1           slow            6.652800  
U5283                     INVX1           slow            6.652800  
U5284                     INVX1           slow            6.652800  
U5285                     INVX1           slow            6.652800  
U5286                     NOR2X1          slow            9.979200  
U5287                     INVX1           slow            6.652800  
U5288                     INVX1           slow            6.652800  
U5289                     INVX1           slow            6.652800  
U5290                     INVX1           slow            6.652800  
U5291                     INVX1           slow            6.652800  
U5292                     INVX1           slow            6.652800  
U5293                     INVX1           slow            6.652800  
U5294                     INVX1           slow            6.652800  
U5295                     INVX1           slow            6.652800  
U5296                     INVX1           slow            6.652800  
U5297                     INVX1           slow            6.652800  
U5298                     INVX1           slow            6.652800  
U5299                     INVX1           slow            6.652800  
U5300                     INVX1           slow            6.652800  
U5301                     INVX1           slow            6.652800  
U5302                     INVX1           slow            6.652800  
U5303                     INVX1           slow            6.652800  
U5304                     INVX1           slow            6.652800  
U5305                     INVX1           slow            6.652800  
U5306                     INVX1           slow            6.652800  
U5307                     INVX1           slow            6.652800  
U5308                     BUFX3           slow            13.305600 
U5309                     INVX1           slow            6.652800  
U5310                     INVX1           slow            6.652800  
U5311                     INVX1           slow            6.652800  
U5312                     INVX1           slow            6.652800  
U5313                     INVX1           slow            6.652800  
U5314                     INVX1           slow            6.652800  
U5315                     INVX1           slow            6.652800  
U5316                     INVX1           slow            6.652800  
U5317                     INVX1           slow            6.652800  
U5318                     INVX1           slow            6.652800  
U5319                     INVX1           slow            6.652800  
U5320                     INVX1           slow            6.652800  
U5321                     INVX1           slow            6.652800  
U5322                     INVX1           slow            6.652800  
U5323                     INVX1           slow            6.652800  
U5324                     INVX1           slow            6.652800  
U5325                     INVX1           slow            6.652800  
U5326                     INVX1           slow            6.652800  
U5327                     INVX1           slow            6.652800  
U5328                     INVX1           slow            6.652800  
U5329                     INVX1           slow            6.652800  
U5330                     INVX1           slow            6.652800  
U5331                     INVX1           slow            6.652800  
U5332                     INVX1           slow            6.652800  
U5333                     INVX1           slow            6.652800  
U5334                     INVX1           slow            6.652800  
U5335                     INVX1           slow            6.652800  
U5336                     INVX1           slow            6.652800  
U5337                     INVX1           slow            6.652800  
U5338                     INVX1           slow            6.652800  
U5339                     INVX1           slow            6.652800  
U5340                     INVX1           slow            6.652800  
U5341                     INVX1           slow            6.652800  
U5342                     INVX1           slow            6.652800  
U5343                     INVX1           slow            6.652800  
U5344                     INVX1           slow            6.652800  
U5345                     INVX1           slow            6.652800  
U5346                     INVX1           slow            6.652800  
U5347                     INVX1           slow            6.652800  
U5348                     INVX1           slow            6.652800  
U5349                     INVX1           slow            6.652800  
U5350                     INVX1           slow            6.652800  
U5351                     INVX1           slow            6.652800  
U5352                     INVX1           slow            6.652800  
U5353                     INVX1           slow            6.652800  
U5354                     INVX1           slow            6.652800  
U5355                     INVX1           slow            6.652800  
U5356                     INVX1           slow            6.652800  
U5357                     INVX1           slow            6.652800  
U5358                     INVX1           slow            6.652800  
U5359                     INVX1           slow            6.652800  
U5360                     INVX1           slow            6.652800  
U5361                     INVX1           slow            6.652800  
U5362                     INVX1           slow            6.652800  
U5363                     INVX1           slow            6.652800  
U5364                     INVX1           slow            6.652800  
U5365                     INVX1           slow            6.652800  
U5366                     INVX1           slow            6.652800  
U5367                     INVX1           slow            6.652800  
U5368                     INVX1           slow            6.652800  
U5369                     INVX1           slow            6.652800  
U5370                     INVX1           slow            6.652800  
U5371                     INVX1           slow            6.652800  
U5372                     INVX1           slow            6.652800  
U5373                     INVX1           slow            6.652800  
U5374                     INVX1           slow            6.652800  
U5375                     INVX1           slow            6.652800  
U5376                     INVX1           slow            6.652800  
U5377                     INVX1           slow            6.652800  
U5378                     INVX1           slow            6.652800  
U5379                     INVX1           slow            6.652800  
U5380                     INVX1           slow            6.652800  
U5381                     INVX1           slow            6.652800  
U5382                     INVX1           slow            6.652800  
U5383                     INVX1           slow            6.652800  
U5384                     INVX1           slow            6.652800  
U5385                     INVX1           slow            6.652800  
U5386                     INVX1           slow            6.652800  
U5387                     INVX1           slow            6.652800  
U5388                     INVX1           slow            6.652800  
U5389                     INVX1           slow            6.652800  
U5390                     INVX1           slow            6.652800  
U5391                     INVX1           slow            6.652800  
U5392                     INVX1           slow            6.652800  
U5393                     INVX1           slow            6.652800  
U5394                     INVX1           slow            6.652800  
U5395                     INVX1           slow            6.652800  
U5396                     INVX1           slow            6.652800  
U5397                     INVX1           slow            6.652800  
U5398                     INVX1           slow            6.652800  
U5399                     INVX1           slow            6.652800  
U5400                     INVX1           slow            6.652800  
U5401                     INVX1           slow            6.652800  
U5402                     INVX1           slow            6.652800  
U5403                     INVX1           slow            6.652800  
U5404                     INVX1           slow            6.652800  
U5405                     INVX1           slow            6.652800  
U5406                     INVX1           slow            6.652800  
U5407                     INVX1           slow            6.652800  
U5408                     INVX1           slow            6.652800  
U5409                     INVX1           slow            6.652800  
U5410                     AND2X2          slow            13.305600 
U5411                     AND2X2          slow            13.305600 
U5412                     INVX1           slow            6.652800  
U5413                     INVX1           slow            6.652800  
U5414                     INVX1           slow            6.652800  
U5415                     INVX1           slow            6.652800  
U5416                     INVX1           slow            6.652800  
U5417                     INVX1           slow            6.652800  
U5418                     INVX1           slow            6.652800  
U5419                     INVX1           slow            6.652800  
U5420                     AND2X2          slow            13.305600 
U5421                     AND2X2          slow            13.305600 
U5422                     AND2X2          slow            13.305600 
U5423                     AND2X2          slow            13.305600 
U5424                     AOI22XL         slow            16.632000 
U5425                     AOI22XL         slow            16.632000 
U5426                     AOI22XL         slow            16.632000 
U5427                     AOI22XL         slow            16.632000 
U5428                     AOI22XL         slow            16.632000 
U5429                     AOI22XL         slow            16.632000 
U5430                     AOI22XL         slow            16.632000 
U5431                     NAND2XL         slow            9.979200  
U5432                     NOR2XL          slow            9.979200  
U5433                     NAND2XL         slow            9.979200  
U5434                     NOR2XL          slow            9.979200  
U5435                     OR2X2           slow            13.305600 
U5436                     OR2X2           slow            13.305600 
U5437                     OR2X2           slow            13.305600 
U5438                     NAND3X1         slow            13.305600 
U5439                     OR2X2           slow            13.305600 
U5440                     OR2X2           slow            13.305600 
U5441                     NAND3X1         slow            13.305600 
U5442                     OR2X2           slow            13.305600 
U5443                     OR2X2           slow            13.305600 
U5444                     NAND3X1         slow            13.305600 
U5445                     OR2X2           slow            13.305600 
U5446                     OR2X2           slow            13.305600 
U5447                     NAND3X1         slow            13.305600 
U5448                     OR2X2           slow            13.305600 
U5449                     OR2X2           slow            13.305600 
U5450                     NAND3X1         slow            13.305600 
U5451                     OR2X2           slow            13.305600 
U5452                     OR2X2           slow            13.305600 
U5453                     NAND3X1         slow            13.305600 
U5454                     OR2X2           slow            13.305600 
U5455                     OR2X2           slow            13.305600 
U5456                     NAND3X1         slow            13.305600 
U5457                     OR2X2           slow            13.305600 
U5458                     OR2X2           slow            13.305600 
U5459                     NAND3X1         slow            13.305600 
U5460                     OR2X2           slow            13.305600 
U5461                     OR2X2           slow            13.305600 
U5462                     NAND3X1         slow            13.305600 
U5463                     OR2X2           slow            13.305600 
U5464                     OR2X2           slow            13.305600 
U5465                     NAND3X1         slow            13.305600 
U5466                     OR2X2           slow            13.305600 
U5467                     OR2X2           slow            13.305600 
U5468                     NAND3X1         slow            13.305600 
U5469                     OR2X2           slow            13.305600 
U5470                     OR2X2           slow            13.305600 
U5471                     NAND3X1         slow            13.305600 
U5472                     OR2X2           slow            13.305600 
U5473                     OR2X2           slow            13.305600 
U5474                     NAND3X1         slow            13.305600 
U5475                     OR2X2           slow            13.305600 
U5476                     OR2X2           slow            13.305600 
U5477                     NAND3X1         slow            13.305600 
U5478                     OR2X2           slow            13.305600 
U5479                     OR2X2           slow            13.305600 
U5480                     NAND3X1         slow            13.305600 
U5481                     OR2X2           slow            13.305600 
U5482                     OR2X2           slow            13.305600 
U5483                     NAND3X1         slow            13.305600 
U5484                     OR2X2           slow            13.305600 
U5485                     OR2X2           slow            13.305600 
U5486                     NAND3X1         slow            13.305600 
U5487                     OR2X2           slow            13.305600 
U5488                     OR2X2           slow            13.305600 
U5489                     NAND3X1         slow            13.305600 
U5490                     OR2X2           slow            13.305600 
U5491                     OR2X2           slow            13.305600 
U5492                     NAND3X1         slow            13.305600 
U5493                     OR2X2           slow            13.305600 
U5494                     OR2X2           slow            13.305600 
U5495                     NAND3X1         slow            13.305600 
U5496                     OR2X2           slow            13.305600 
U5497                     OR2X2           slow            13.305600 
U5498                     NAND3X1         slow            13.305600 
U5499                     OR2X2           slow            13.305600 
U5500                     OR2X2           slow            13.305600 
U5501                     NAND3X1         slow            13.305600 
U5502                     OR2X2           slow            13.305600 
U5503                     OR2X2           slow            13.305600 
U5504                     NAND3X1         slow            13.305600 
U5505                     OR2X2           slow            13.305600 
U5506                     OR2X2           slow            13.305600 
U5507                     NAND3X1         slow            13.305600 
U5508                     OR2X2           slow            13.305600 
U5509                     OR2X2           slow            13.305600 
U5510                     NAND3X1         slow            13.305600 
U5511                     OR2X2           slow            13.305600 
U5512                     OR2X2           slow            13.305600 
U5513                     NAND3X1         slow            13.305600 
U5514                     OR2X2           slow            13.305600 
U5515                     OR2X2           slow            13.305600 
U5516                     NAND3X1         slow            13.305600 
U5517                     OR2X2           slow            13.305600 
U5518                     OR2X2           slow            13.305600 
U5519                     NAND3X1         slow            13.305600 
U5520                     OR2X2           slow            13.305600 
U5521                     OR2X2           slow            13.305600 
U5522                     NAND3X1         slow            13.305600 
U5523                     OR2X2           slow            13.305600 
U5524                     OR2X2           slow            13.305600 
U5525                     NAND3X1         slow            13.305600 
U5526                     OR2X2           slow            13.305600 
U5527                     OR2X2           slow            13.305600 
U5528                     NAND3X1         slow            13.305600 
U5529                     OR2X2           slow            13.305600 
U5530                     OR2X2           slow            13.305600 
U5531                     NAND3X1         slow            13.305600 
U5532                     OR2X2           slow            13.305600 
U5533                     OR2X2           slow            13.305600 
U5534                     NAND3X1         slow            13.305600 
U5535                     OR2X2           slow            13.305600 
U5536                     OR2X2           slow            13.305600 
U5537                     NAND3X1         slow            13.305600 
U5538                     OR2X2           slow            13.305600 
U5539                     OR2X2           slow            13.305600 
U5540                     NAND3X1         slow            13.305600 
U5541                     OR2X2           slow            13.305600 
U5542                     OR2X2           slow            13.305600 
U5543                     NAND3X1         slow            13.305600 
U5544                     OR2X2           slow            13.305600 
U5545                     OR2X2           slow            13.305600 
U5546                     NAND3X1         slow            13.305600 
U5547                     OR2X2           slow            13.305600 
U5548                     OR2X2           slow            13.305600 
U5549                     NAND3X1         slow            13.305600 
U5550                     OR2X2           slow            13.305600 
U5551                     OR2X2           slow            13.305600 
U5552                     NAND3X1         slow            13.305600 
U5553                     OR2X2           slow            13.305600 
U5554                     OR2X2           slow            13.305600 
U5555                     NAND3X1         slow            13.305600 
U5556                     OR2X2           slow            13.305600 
U5557                     OR2X2           slow            13.305600 
U5558                     NAND3X1         slow            13.305600 
U5559                     OR2X2           slow            13.305600 
U5560                     OR2X2           slow            13.305600 
U5561                     NAND3X1         slow            13.305600 
U5562                     OR2X2           slow            13.305600 
U5563                     OR2X2           slow            13.305600 
U5564                     NAND3X1         slow            13.305600 
U5565                     OR2X2           slow            13.305600 
U5566                     OR2X2           slow            13.305600 
U5567                     NAND3X1         slow            13.305600 
U5568                     OR2X2           slow            13.305600 
U5569                     OR2X2           slow            13.305600 
U5570                     NAND3X1         slow            13.305600 
U5571                     OR2X2           slow            13.305600 
U5572                     OR2X2           slow            13.305600 
U5573                     NAND3X1         slow            13.305600 
U5574                     OR2X2           slow            13.305600 
U5575                     OR2X2           slow            13.305600 
U5576                     NAND3X1         slow            13.305600 
U5577                     OR2X2           slow            13.305600 
U5578                     OR2X2           slow            13.305600 
U5579                     NAND3X1         slow            13.305600 
U5580                     OR2X2           slow            13.305600 
U5581                     OR2X2           slow            13.305600 
U5582                     NAND3X1         slow            13.305600 
U5583                     OR2X2           slow            13.305600 
U5584                     OR2X2           slow            13.305600 
U5585                     NAND3X1         slow            13.305600 
U5586                     OR2X2           slow            13.305600 
U5587                     OR2X2           slow            13.305600 
U5588                     NAND3X1         slow            13.305600 
U5589                     OR2X2           slow            13.305600 
U5590                     OR2X2           slow            13.305600 
U5591                     NAND3X1         slow            13.305600 
U5592                     OR2X2           slow            13.305600 
U5593                     OR2X2           slow            13.305600 
U5594                     NAND3X1         slow            13.305600 
U5595                     OR2X2           slow            13.305600 
U5596                     OR2X2           slow            13.305600 
U5597                     NAND3X1         slow            13.305600 
U5598                     OR2X2           slow            13.305600 
U5599                     OR2X2           slow            13.305600 
U5600                     NAND3X1         slow            13.305600 
U5601                     OR2X2           slow            13.305600 
U5602                     OR2X2           slow            13.305600 
U5603                     NAND3X1         slow            13.305600 
U5604                     OR2X2           slow            13.305600 
U5605                     OR2X2           slow            13.305600 
U5606                     NAND3X1         slow            13.305600 
U5607                     OR2X2           slow            13.305600 
U5608                     OR2X2           slow            13.305600 
U5609                     NAND3X1         slow            13.305600 
U5610                     OR2X2           slow            13.305600 
U5611                     OR2X2           slow            13.305600 
U5612                     NAND3X1         slow            13.305600 
U5613                     OR2X2           slow            13.305600 
U5614                     OR2X2           slow            13.305600 
U5615                     NAND3X1         slow            13.305600 
U5616                     OR2X2           slow            13.305600 
U5617                     OR2X2           slow            13.305600 
U5618                     NAND3X1         slow            13.305600 
U5619                     OR2X2           slow            13.305600 
U5620                     OR2X2           slow            13.305600 
U5621                     NAND3X1         slow            13.305600 
U5622                     OR2X2           slow            13.305600 
U5623                     OR2X2           slow            13.305600 
U5624                     NAND3X1         slow            13.305600 
U5625                     OR2X2           slow            13.305600 
U5626                     OR2X2           slow            13.305600 
U5627                     NAND3X1         slow            13.305600 
U5628                     OR2X2           slow            13.305600 
U5629                     OR2X2           slow            13.305600 
U5630                     NAND3X1         slow            13.305600 
U5631                     OR2X2           slow            13.305600 
U5632                     OR2X2           slow            13.305600 
U5633                     NAND3X1         slow            13.305600 
U5634                     OR2X2           slow            13.305600 
U5635                     OR2X2           slow            13.305600 
U5636                     NAND3X1         slow            13.305600 
U5637                     OR2X2           slow            13.305600 
U5638                     OR2X2           slow            13.305600 
U5639                     NAND3X1         slow            13.305600 
U5640                     OR2X2           slow            13.305600 
U5641                     OR2X2           slow            13.305600 
U5642                     NAND3X1         slow            13.305600 
U5643                     OR2X2           slow            13.305600 
U5644                     OR2X2           slow            13.305600 
U5645                     NAND3X1         slow            13.305600 
U5646                     OR2X2           slow            13.305600 
U5647                     OR2X2           slow            13.305600 
U5648                     NAND3X1         slow            13.305600 
U5649                     OR2X2           slow            13.305600 
U5650                     OR2X2           slow            13.305600 
U5651                     NAND3X1         slow            13.305600 
U5652                     OR2X2           slow            13.305600 
U5653                     OR2X2           slow            13.305600 
U5654                     NAND3X1         slow            13.305600 
U5655                     OR2X2           slow            13.305600 
U5656                     OR2X2           slow            13.305600 
U5657                     NAND3X1         slow            13.305600 
U5658                     OR2X2           slow            13.305600 
U5659                     OR2X2           slow            13.305600 
U5660                     NAND3X1         slow            13.305600 
U5661                     OR2X2           slow            13.305600 
U5662                     OR2X2           slow            13.305600 
U5663                     NAND3X1         slow            13.305600 
U5664                     OR2X2           slow            13.305600 
U5665                     OR2X2           slow            13.305600 
U5666                     NAND3X1         slow            13.305600 
U5667                     OR2X2           slow            13.305600 
U5668                     OR2X2           slow            13.305600 
U5669                     NAND3X1         slow            13.305600 
U5670                     OR2X2           slow            13.305600 
U5671                     OR2X2           slow            13.305600 
U5672                     NAND3X1         slow            13.305600 
U5673                     OR2X2           slow            13.305600 
U5674                     OR2X2           slow            13.305600 
U5675                     NAND3X1         slow            13.305600 
U5676                     OR2X2           slow            13.305600 
U5677                     OR2X2           slow            13.305600 
U5678                     NAND3X1         slow            13.305600 
U5679                     OR2X2           slow            13.305600 
U5680                     OR2X2           slow            13.305600 
U5681                     NAND3X1         slow            13.305600 
U5682                     OR2X2           slow            13.305600 
U5683                     OR2X2           slow            13.305600 
U5684                     NAND3X1         slow            13.305600 
U5685                     OR2X2           slow            13.305600 
U5686                     OR2X2           slow            13.305600 
U5687                     NAND3X1         slow            13.305600 
U5688                     OR2X2           slow            13.305600 
U5689                     OR2X2           slow            13.305600 
U5690                     NAND3X1         slow            13.305600 
U5691                     OR2X2           slow            13.305600 
U5692                     OR2X2           slow            13.305600 
U5693                     NAND3X1         slow            13.305600 
U5694                     OR2X2           slow            13.305600 
U5695                     OR2X2           slow            13.305600 
U5696                     NAND3X1         slow            13.305600 
U5697                     OR2X2           slow            13.305600 
U5698                     OR2X2           slow            13.305600 
U5699                     NAND3X1         slow            13.305600 
canonical_path_selector   recam_n2_preopt_canonical_path_selector
                                                          14782.521698
                                                                    h
col_gt1_q_reg[0]          DFFHQX1         slow            53.222401 n
col_gt1_q_reg[1]          DFFHQX1         slow            53.222401 n
col_gt1_q_reg[2]          DFFHQX1         slow            53.222401 n
col_gt1_q_reg[3]          DFFHQX1         slow            53.222401 n
col_gt1_q_reg[4]          DFFHQX1         slow            53.222401 n
col_gt1_q_reg[5]          DFFHQX1         slow            53.222401 n
col_gt1_q_reg[6]          DFFHQX1         slow            53.222401 n
col_gt1_q_reg[7]          DFFHQX1         slow            53.222401 n
col_gt1_q_reg[8]          DFFHQX1         slow            53.222401 n
col_gt1_q_reg[9]          DFFHQX1         slow            53.222401 n
col_gt1_q_reg[10]         DFFHQX1         slow            53.222401 n
col_gt1_q_reg[11]         DFFHQX1         slow            53.222401 n
col_gt1_q_reg[12]         DFFHQX1         slow            53.222401 n
col_gt1_q_reg[13]         DFFHQX1         slow            53.222401 n
col_gt1_q_reg[14]         DFFHQX1         slow            53.222401 n
col_gt1_q_reg[15]         DFFHQX1         slow            53.222401 n
col_gt1_q_reg[16]         DFFHQX1         slow            53.222401 n
col_gt1_q_reg[17]         DFFHQX1         slow            53.222401 n
col_gt1_q_reg[18]         DFFHQX1         slow            53.222401 n
col_gt1_q_reg[19]         DFFHQX1         slow            53.222401 n
col_gt2_q_reg[0]          DFFHQX1         slow            53.222401 n
col_gt2_q_reg[1]          DFFHQX1         slow            53.222401 n
col_gt2_q_reg[2]          DFFHQX1         slow            53.222401 n
col_gt2_q_reg[3]          DFFHQX1         slow            53.222401 n
col_gt2_q_reg[4]          DFFHQX1         slow            53.222401 n
col_gt2_q_reg[5]          DFFHQX1         slow            53.222401 n
col_gt2_q_reg[6]          DFFHQX1         slow            53.222401 n
col_gt2_q_reg[7]          DFFHQX1         slow            53.222401 n
col_gt2_q_reg[8]          DFFHQX1         slow            53.222401 n
col_gt2_q_reg[9]          DFFHQX1         slow            53.222401 n
col_gt2_q_reg[10]         DFFHQX1         slow            53.222401 n
col_gt2_q_reg[11]         DFFHQX1         slow            53.222401 n
col_gt2_q_reg[12]         DFFHQX1         slow            53.222401 n
col_gt2_q_reg[13]         DFFHQX1         slow            53.222401 n
col_gt2_q_reg[14]         DFFHQX1         slow            53.222401 n
col_gt2_q_reg[15]         DFFHQX1         slow            53.222401 n
col_gt2_q_reg[16]         DFFHQX1         slow            53.222401 n
col_gt2_q_reg[17]         DFFHQX1         slow            53.222401 n
col_gt2_q_reg[18]         DFFHQX1         slow            53.222401 n
col_gt2_q_reg[19]         DFFHQX1         slow            53.222401 n
col_gt3_q_reg[0]          DFFHQX1         slow            53.222401 n
col_gt3_q_reg[1]          DFFHQX1         slow            53.222401 n
col_gt3_q_reg[2]          DFFHQX1         slow            53.222401 n
col_gt3_q_reg[3]          DFFHQX1         slow            53.222401 n
col_gt3_q_reg[4]          DFFHQX1         slow            53.222401 n
col_gt3_q_reg[5]          DFFHQX1         slow            53.222401 n
col_gt3_q_reg[6]          DFFHQX1         slow            53.222401 n
col_gt3_q_reg[7]          DFFHQX1         slow            53.222401 n
col_gt3_q_reg[8]          DFFHQX1         slow            53.222401 n
col_gt3_q_reg[9]          DFFHQX1         slow            53.222401 n
col_gt3_q_reg[10]         DFFHQX1         slow            53.222401 n
col_gt3_q_reg[11]         DFFHQX1         slow            53.222401 n
col_gt3_q_reg[12]         DFFHQX1         slow            53.222401 n
col_gt3_q_reg[13]         DFFHQX1         slow            53.222401 n
col_gt3_q_reg[14]         DFFHQX1         slow            53.222401 n
col_gt3_q_reg[15]         DFFHQX1         slow            53.222401 n
col_gt3_q_reg[16]         DFFHQX1         slow            53.222401 n
col_gt3_q_reg[17]         DFFHQX1         slow            53.222401 n
col_gt3_q_reg[18]         DFFHQX1         slow            53.222401 n
col_gt3_q_reg[19]         DFFHQX1         slow            53.222401 n
commit                    recam_dss_grid2x2_directional_rs2_cs2_m1_normalized_group_global_noscratch_atomic_group_commit
                                                          5774.630482
                                                                    h, n
commit_error_q_reg        DFFHQX1         slow            53.222401 n
commit_start_q_reg        DFFHQX1         slow            53.222401 n
done_q_reg                DFFHQX1         slow            53.222401 n
hybrid_descriptor_q_reg[0]
                          DFFHQX1         slow            53.222401 n
hybrid_descriptor_q_reg[1]
                          DFFHQX1         slow            53.222401 n
hybrid_descriptor_q_reg[2]
                          DFFHQX1         slow            53.222401 n
hybrid_descriptor_q_reg[3]
                          DFFHQX1         slow            53.222401 n
hybrid_descriptor_q_reg[4]
                          DFFHQX1         slow            53.222401 n
hybrid_descriptor_q_reg[5]
                          DFFHQX1         slow            53.222401 n
hybrid_descriptor_q_reg[6]
                          DFFHQX1         slow            53.222401 n
hybrid_descriptor_q_reg[7]
                          DFFHQX1         slow            53.222401 n
hybrid_descriptor_q_reg[8]
                          DFFHQX1         slow            53.222401 n
hybrid_descriptor_q_reg[9]
                          DFFHQX1         slow            53.222401 n
hybrid_descriptor_q_reg[10]
                          DFFHQX1         slow            53.222401 n
hybrid_descriptor_q_reg[11]
                          DFFHQX1         slow            53.222401 n
hybrid_descriptor_q_reg[12]
                          DFFHQX1         slow            53.222401 n
hybrid_descriptor_q_reg[13]
                          DFFHQX1         slow            53.222401 n
hybrid_descriptor_q_reg[14]
                          DFFHQX1         slow            53.222401 n
hybrid_descriptor_q_reg[15]
                          DFFHQX1         slow            53.222401 n
hybrid_descriptor_q_reg[16]
                          DFFHQX1         slow            53.222401 n
hybrid_descriptor_q_reg[17]
                          DFFHQX1         slow            53.222401 n
hybrid_descriptor_q_reg[18]
                          DFFHQX1         slow            53.222401 n
hybrid_descriptor_q_reg[19]
                          DFFHQX1         slow            53.222401 n
hybrid_descriptor_q_reg[20]
                          DFFHQX1         slow            53.222401 n
hybrid_descriptor_q_reg[21]
                          DFFHQX1         slow            53.222401 n
hybrid_descriptor_q_reg[22]
                          DFFHQX1         slow            53.222401 n
hybrid_descriptor_q_reg[23]
                          DFFHQX1         slow            53.222401 n
hybrid_descriptor_q_reg[24]
                          DFFHQX1         slow            53.222401 n
hybrid_descriptor_q_reg[25]
                          DFFHQX1         slow            53.222401 n
hybrid_descriptor_q_reg[26]
                          DFFHQX1         slow            53.222401 n
hybrid_descriptor_q_reg[27]
                          DFFHQX1         slow            53.222401 n
hybrid_differing_q_reg[0] DFFHQX1         slow            53.222401 n
hybrid_differing_q_reg[1] DFFHQX1         slow            53.222401 n
hybrid_differing_q_reg[2] DFFHQX1         slow            53.222401 n
hybrid_differing_q_reg[3] DFFHQX1         slow            53.222401 n
hybrid_differing_q_reg[4] DFFHQX1         slow            53.222401 n
hybrid_differing_q_reg[5] DFFHQX1         slow            53.222401 n
hybrid_differing_q_reg[6] DFFHQX1         slow            53.222401 n
hybrid_differing_q_reg[7] DFFHQX1         slow            53.222401 n
hybrid_differing_q_reg[8] DFFHQX1         slow            53.222401 n
hybrid_differing_q_reg[9] DFFHQX1         slow            53.222401 n
hybrid_differing_q_reg[10]
                          DFFHQX1         slow            53.222401 n
hybrid_differing_q_reg[11]
                          DFFHQX1         slow            53.222401 n
hybrid_differing_q_reg[12]
                          DFFHQX1         slow            53.222401 n
hybrid_differing_q_reg[13]
                          DFFHQX1         slow            53.222401 n
hybrid_differing_q_reg[14]
                          DFFHQX1         slow            53.222401 n
hybrid_differing_q_reg[15]
                          DFFHQX1         slow            53.222401 n
hybrid_differing_q_reg[16]
                          DFFHQX1         slow            53.222401 n
hybrid_differing_q_reg[17]
                          DFFHQX1         slow            53.222401 n
hybrid_differing_q_reg[18]
                          DFFHQX1         slow            53.222401 n
hybrid_differing_q_reg[19]
                          DFFHQX1         slow            53.222401 n
hybrid_differing_q_reg[20]
                          DFFHQX1         slow            53.222401 n
hybrid_differing_q_reg[21]
                          DFFHQX1         slow            53.222401 n
hybrid_differing_q_reg[22]
                          DFFHQX1         slow            53.222401 n
hybrid_differing_q_reg[23]
                          DFFHQX1         slow            53.222401 n
hybrid_differing_q_reg[24]
                          DFFHQX1         slow            53.222401 n
hybrid_differing_q_reg[25]
                          DFFHQX1         slow            53.222401 n
hybrid_differing_q_reg[26]
                          DFFHQX1         slow            53.222401 n
hybrid_differing_q_reg[27]
                          DFFHQX1         slow            53.222401 n
hybrid_differing_q_reg[28]
                          DFFHQX1         slow            53.222401 n
hybrid_differing_q_reg[29]
                          DFFHQX1         slow            53.222401 n
hybrid_differing_q_reg[30]
                          DFFHQX1         slow            53.222401 n
hybrid_differing_q_reg[31]
                          DFFHQX1         slow            53.222401 n
hybrid_differing_q_reg[32]
                          DFFHQX1         slow            53.222401 n
hybrid_differing_q_reg[33]
                          DFFHQX1         slow            53.222401 n
hybrid_differing_q_reg[34]
                          DFFHQX1         slow            53.222401 n
hybrid_differing_q_reg[35]
                          DFFHQX1         slow            53.222401 n
hybrid_differing_q_reg[36]
                          DFFHQX1         slow            53.222401 n
hybrid_differing_q_reg[37]
                          DFFHQX1         slow            53.222401 n
hybrid_differing_q_reg[38]
                          DFFHQX1         slow            53.222401 n
hybrid_differing_q_reg[39]
                          DFFHQX1         slow            53.222401 n
hybrid_differing_q_reg[40]
                          DFFHQX1         slow            53.222401 n
hybrid_differing_q_reg[41]
                          DFFHQX1         slow            53.222401 n
hybrid_differing_q_reg[42]
                          DFFHQX1         slow            53.222401 n
hybrid_differing_q_reg[43]
                          DFFHQX1         slow            53.222401 n
hybrid_differing_q_reg[44]
                          DFFHQX1         slow            53.222401 n
hybrid_differing_q_reg[45]
                          DFFHQX1         slow            53.222401 n
hybrid_differing_q_reg[46]
                          DFFHQX1         slow            53.222401 n
hybrid_differing_q_reg[47]
                          DFFHQX1         slow            53.222401 n
hybrid_differing_q_reg[48]
                          DFFHQX1         slow            53.222401 n
hybrid_differing_q_reg[49]
                          DFFHQX1         slow            53.222401 n
hybrid_differing_q_reg[50]
                          DFFHQX1         slow            53.222401 n
hybrid_differing_q_reg[51]
                          DFFHQX1         slow            53.222401 n
hybrid_differing_q_reg[52]
                          DFFHQX1         slow            53.222401 n
hybrid_differing_q_reg[53]
                          DFFHQX1         slow            53.222401 n
hybrid_differing_q_reg[54]
                          DFFHQX1         slow            53.222401 n
hybrid_differing_q_reg[55]
                          DFFHQX1         slow            53.222401 n
hybrid_differing_q_reg[56]
                          DFFHQX1         slow            53.222401 n
hybrid_differing_q_reg[57]
                          DFFHQX1         slow            53.222401 n
hybrid_differing_q_reg[58]
                          DFFHQX1         slow            53.222401 n
hybrid_differing_q_reg[59]
                          DFFHQX1         slow            53.222401 n
hybrid_differing_q_reg[60]
                          DFFHQX1         slow            53.222401 n
hybrid_differing_q_reg[61]
                          DFFHQX1         slow            53.222401 n
hybrid_differing_q_reg[62]
                          DFFHQX1         slow            53.222401 n
hybrid_differing_q_reg[63]
                          DFFHQX1         slow            53.222401 n
hybrid_differing_q_reg[64]
                          DFFHQX1         slow            53.222401 n
hybrid_differing_q_reg[65]
                          DFFHQX1         slow            53.222401 n
hybrid_differing_q_reg[66]
                          DFFHQX1         slow            53.222401 n
hybrid_differing_q_reg[67]
                          DFFHQX1         slow            53.222401 n
hybrid_differing_q_reg[68]
                          DFFHQX1         slow            53.222401 n
hybrid_differing_q_reg[69]
                          DFFHQX1         slow            53.222401 n
hybrid_differing_q_reg[70]
                          DFFHQX1         slow            53.222401 n
hybrid_differing_q_reg[71]
                          DFFHQX1         slow            53.222401 n
hybrid_differing_q_reg[72]
                          DFFHQX1         slow            53.222401 n
hybrid_differing_q_reg[73]
                          DFFHQX1         slow            53.222401 n
hybrid_differing_q_reg[74]
                          DFFHQX1         slow            53.222401 n
hybrid_differing_q_reg[75]
                          DFFHQX1         slow            53.222401 n
hybrid_differing_q_reg[76]
                          DFFHQX1         slow            53.222401 n
hybrid_differing_q_reg[77]
                          DFFHQX1         slow            53.222401 n
hybrid_differing_q_reg[78]
                          DFFHQX1         slow            53.222401 n
hybrid_differing_q_reg[79]
                          DFFHQX1         slow            53.222401 n
hybrid_differing_q_reg[80]
                          DFFHQX1         slow            53.222401 n
hybrid_differing_q_reg[81]
                          DFFHQX1         slow            53.222401 n
hybrid_differing_q_reg[82]
                          DFFHQX1         slow            53.222401 n
hybrid_differing_q_reg[83]
                          DFFHQX1         slow            53.222401 n
hybrid_differing_q_reg[84]
                          DFFHQX1         slow            53.222401 n
hybrid_differing_q_reg[85]
                          DFFHQX1         slow            53.222401 n
hybrid_differing_q_reg[86]
                          DFFHQX1         slow            53.222401 n
hybrid_differing_q_reg[87]
                          DFFHQX1         slow            53.222401 n
hybrid_differing_q_reg[88]
                          DFFHQX1         slow            53.222401 n
hybrid_differing_q_reg[89]
                          DFFHQX1         slow            53.222401 n
hybrid_differing_q_reg[90]
                          DFFHQX1         slow            53.222401 n
hybrid_differing_q_reg[91]
                          DFFHQX1         slow            53.222401 n
hybrid_differing_q_reg[92]
                          DFFHQX1         slow            53.222401 n
hybrid_differing_q_reg[93]
                          DFFHQX1         slow            53.222401 n
hybrid_differing_q_reg[94]
                          DFFHQX1         slow            53.222401 n
hybrid_differing_q_reg[95]
                          DFFHQX1         slow            53.222401 n
hybrid_differing_q_reg[96]
                          DFFHQX1         slow            53.222401 n
hybrid_differing_q_reg[97]
                          DFFHQX1         slow            53.222401 n
hybrid_differing_q_reg[98]
                          DFFHQX1         slow            53.222401 n
hybrid_differing_q_reg[99]
                          DFFHQX1         slow            53.222401 n
hybrid_differing_q_reg[100]
                          DFFHQX1         slow            53.222401 n
hybrid_differing_q_reg[101]
                          DFFHQX1         slow            53.222401 n
hybrid_differing_q_reg[102]
                          DFFHQX1         slow            53.222401 n
hybrid_differing_q_reg[103]
                          DFFHQX1         slow            53.222401 n
hybrid_differing_q_reg[104]
                          DFFHQX1         slow            53.222401 n
hybrid_differing_q_reg[105]
                          DFFHQX1         slow            53.222401 n
hybrid_differing_q_reg[106]
                          DFFHQX1         slow            53.222401 n
hybrid_differing_q_reg[107]
                          DFFHQX1         slow            53.222401 n
hybrid_differing_q_reg[108]
                          DFFHQX1         slow            53.222401 n
hybrid_differing_q_reg[109]
                          DFFHQX1         slow            53.222401 n
hybrid_differing_q_reg[110]
                          DFFHQX1         slow            53.222401 n
hybrid_differing_q_reg[111]
                          DFFHQX1         slow            53.222401 n
hybrid_differing_q_reg[112]
                          DFFHQX1         slow            53.222401 n
hybrid_differing_q_reg[113]
                          DFFHQX1         slow            53.222401 n
hybrid_differing_q_reg[114]
                          DFFHQX1         slow            53.222401 n
hybrid_differing_q_reg[115]
                          DFFHQX1         slow            53.222401 n
hybrid_differing_q_reg[116]
                          DFFHQX1         slow            53.222401 n
hybrid_differing_q_reg[117]
                          DFFHQX1         slow            53.222401 n
hybrid_differing_q_reg[118]
                          DFFHQX1         slow            53.222401 n
hybrid_differing_q_reg[119]
                          DFFHQX1         slow            53.222401 n
hybrid_differing_q_reg[120]
                          DFFHQX1         slow            53.222401 n
hybrid_differing_q_reg[121]
                          DFFHQX1         slow            53.222401 n
hybrid_differing_q_reg[122]
                          DFFHQX1         slow            53.222401 n
hybrid_differing_q_reg[123]
                          DFFHQX1         slow            53.222401 n
hybrid_differing_q_reg[124]
                          DFFHQX1         slow            53.222401 n
hybrid_differing_q_reg[125]
                          DFFHQX1         slow            53.222401 n
hybrid_differing_q_reg[126]
                          DFFHQX1         slow            53.222401 n
hybrid_differing_q_reg[127]
                          DFFHQX1         slow            53.222401 n
hybrid_differing_q_reg[128]
                          DFFHQX1         slow            53.222401 n
hybrid_differing_q_reg[129]
                          DFFHQX1         slow            53.222401 n
hybrid_differing_q_reg[130]
                          DFFHQX1         slow            53.222401 n
hybrid_differing_q_reg[131]
                          DFFHQX1         slow            53.222401 n
hybrid_differing_q_reg[132]
                          DFFHQX1         slow            53.222401 n
hybrid_differing_q_reg[133]
                          DFFHQX1         slow            53.222401 n
hybrid_differing_q_reg[134]
                          DFFHQX1         slow            53.222401 n
hybrid_differing_q_reg[135]
                          DFFHQX1         slow            53.222401 n
hybrid_differing_q_reg[136]
                          DFFHQX1         slow            53.222401 n
hybrid_differing_q_reg[137]
                          DFFHQX1         slow            53.222401 n
hybrid_differing_q_reg[138]
                          DFFHQX1         slow            53.222401 n
hybrid_differing_q_reg[139]
                          DFFHQX1         slow            53.222401 n
hybrid_differing_q_reg[140]
                          DFFHQX1         slow            53.222401 n
hybrid_differing_q_reg[141]
                          DFFHQX1         slow            53.222401 n
hybrid_differing_q_reg[142]
                          DFFHQX1         slow            53.222401 n
hybrid_differing_q_reg[143]
                          DFFHQX1         slow            53.222401 n
hybrid_differing_q_reg[144]
                          DFFHQX1         slow            53.222401 n
hybrid_differing_q_reg[145]
                          DFFHQX1         slow            53.222401 n
hybrid_differing_q_reg[146]
                          DFFHQX1         slow            53.222401 n
hybrid_differing_q_reg[147]
                          DFFHQX1         slow            53.222401 n
hybrid_differing_q_reg[148]
                          DFFHQX1         slow            53.222401 n
hybrid_differing_q_reg[149]
                          DFFHQX1         slow            53.222401 n
hybrid_differing_q_reg[150]
                          DFFHQX1         slow            53.222401 n
hybrid_differing_q_reg[151]
                          DFFHQX1         slow            53.222401 n
hybrid_differing_q_reg[152]
                          DFFHQX1         slow            53.222401 n
hybrid_differing_q_reg[153]
                          DFFHQX1         slow            53.222401 n
hybrid_differing_q_reg[154]
                          DFFHQX1         slow            53.222401 n
hybrid_differing_q_reg[155]
                          DFFHQX1         slow            53.222401 n
hybrid_differing_q_reg[156]
                          DFFHQX1         slow            53.222401 n
hybrid_differing_q_reg[157]
                          DFFHQX1         slow            53.222401 n
hybrid_differing_q_reg[158]
                          DFFHQX1         slow            53.222401 n
hybrid_differing_q_reg[159]
                          DFFHQX1         slow            53.222401 n
hybrid_differing_q_reg[160]
                          DFFHQX1         slow            53.222401 n
hybrid_differing_q_reg[161]
                          DFFHQX1         slow            53.222401 n
hybrid_differing_q_reg[162]
                          DFFHQX1         slow            53.222401 n
hybrid_differing_q_reg[163]
                          DFFHQX1         slow            53.222401 n
hybrid_differing_q_reg[164]
                          DFFHQX1         slow            53.222401 n
hybrid_differing_q_reg[165]
                          DFFHQX1         slow            53.222401 n
hybrid_differing_q_reg[166]
                          DFFHQX1         slow            53.222401 n
hybrid_differing_q_reg[167]
                          DFFHQX1         slow            53.222401 n
hybrid_differing_q_reg[168]
                          DFFHQX1         slow            53.222401 n
hybrid_differing_q_reg[169]
                          DFFHQX1         slow            53.222401 n
hybrid_differing_q_reg[170]
                          DFFHQX1         slow            53.222401 n
hybrid_differing_q_reg[171]
                          DFFHQX1         slow            53.222401 n
hybrid_differing_q_reg[172]
                          DFFHQX1         slow            53.222401 n
hybrid_differing_q_reg[173]
                          DFFHQX1         slow            53.222401 n
hybrid_differing_q_reg[174]
                          DFFHQX1         slow            53.222401 n
hybrid_differing_q_reg[175]
                          DFFHQX1         slow            53.222401 n
hybrid_differing_q_reg[176]
                          DFFHQX1         slow            53.222401 n
hybrid_differing_q_reg[177]
                          DFFHQX1         slow            53.222401 n
hybrid_differing_q_reg[178]
                          DFFHQX1         slow            53.222401 n
hybrid_differing_q_reg[179]
                          DFFHQX1         slow            53.222401 n
hybrid_differing_q_reg[180]
                          DFFHQX1         slow            53.222401 n
hybrid_differing_q_reg[181]
                          DFFHQX1         slow            53.222401 n
hybrid_differing_q_reg[182]
                          DFFHQX1         slow            53.222401 n
hybrid_differing_q_reg[183]
                          DFFHQX1         slow            53.222401 n
hybrid_differing_q_reg[184]
                          DFFHQX1         slow            53.222401 n
hybrid_differing_q_reg[185]
                          DFFHQX1         slow            53.222401 n
hybrid_differing_q_reg[186]
                          DFFHQX1         slow            53.222401 n
hybrid_differing_q_reg[187]
                          DFFHQX1         slow            53.222401 n
hybrid_differing_q_reg[188]
                          DFFHQX1         slow            53.222401 n
hybrid_differing_q_reg[189]
                          DFFHQX1         slow            53.222401 n
hybrid_differing_q_reg[190]
                          DFFHQX1         slow            53.222401 n
hybrid_differing_q_reg[191]
                          DFFHQX1         slow            53.222401 n
hybrid_differing_q_reg[192]
                          DFFHQX1         slow            53.222401 n
hybrid_differing_q_reg[193]
                          DFFHQX1         slow            53.222401 n
hybrid_differing_q_reg[194]
                          DFFHQX1         slow            53.222401 n
hybrid_differing_q_reg[195]
                          DFFHQX1         slow            53.222401 n
hybrid_differing_q_reg[196]
                          DFFHQX1         slow            53.222401 n
hybrid_differing_q_reg[197]
                          DFFHQX1         slow            53.222401 n
hybrid_differing_q_reg[198]
                          DFFHQX1         slow            53.222401 n
hybrid_differing_q_reg[199]
                          DFFHQX1         slow            53.222401 n
hybrid_differing_q_reg[200]
                          DFFHQX1         slow            53.222401 n
hybrid_differing_q_reg[201]
                          DFFHQX1         slow            53.222401 n
hybrid_differing_q_reg[202]
                          DFFHQX1         slow            53.222401 n
hybrid_differing_q_reg[203]
                          DFFHQX1         slow            53.222401 n
hybrid_differing_q_reg[204]
                          DFFHQX1         slow            53.222401 n
hybrid_differing_q_reg[205]
                          DFFHQX1         slow            53.222401 n
hybrid_differing_q_reg[206]
                          DFFHQX1         slow            53.222401 n
hybrid_differing_q_reg[207]
                          DFFHQX1         slow            53.222401 n
hybrid_differing_q_reg[208]
                          DFFHQX1         slow            53.222401 n
hybrid_differing_q_reg[209]
                          DFFHQX1         slow            53.222401 n
hybrid_differing_q_reg[210]
                          DFFHQX1         slow            53.222401 n
hybrid_differing_q_reg[211]
                          DFFHQX1         slow            53.222401 n
hybrid_differing_q_reg[212]
                          DFFHQX1         slow            53.222401 n
hybrid_differing_q_reg[213]
                          DFFHQX1         slow            53.222401 n
hybrid_differing_q_reg[214]
                          DFFHQX1         slow            53.222401 n
hybrid_differing_q_reg[215]
                          DFFHQX1         slow            53.222401 n
hybrid_differing_q_reg[216]
                          DFFHQX1         slow            53.222401 n
hybrid_differing_q_reg[217]
                          DFFHQX1         slow            53.222401 n
hybrid_differing_q_reg[218]
                          DFFHQX1         slow            53.222401 n
hybrid_differing_q_reg[219]
                          DFFHQX1         slow            53.222401 n
hybrid_differing_q_reg[220]
                          DFFHQX1         slow            53.222401 n
hybrid_differing_q_reg[221]
                          DFFHQX1         slow            53.222401 n
hybrid_differing_q_reg[222]
                          DFFHQX1         slow            53.222401 n
hybrid_differing_q_reg[223]
                          DFFHQX1         slow            53.222401 n
hybrid_differing_q_reg[224]
                          DFFHQX1         slow            53.222401 n
hybrid_differing_q_reg[225]
                          DFFHQX1         slow            53.222401 n
hybrid_differing_q_reg[226]
                          DFFHQX1         slow            53.222401 n
hybrid_differing_q_reg[227]
                          DFFHQX1         slow            53.222401 n
hybrid_differing_q_reg[228]
                          DFFHQX1         slow            53.222401 n
hybrid_differing_q_reg[229]
                          DFFHQX1         slow            53.222401 n
hybrid_differing_q_reg[230]
                          DFFHQX1         slow            53.222401 n
hybrid_differing_q_reg[231]
                          DFFHQX1         slow            53.222401 n
hybrid_differing_q_reg[232]
                          DFFHQX1         slow            53.222401 n
hybrid_differing_q_reg[233]
                          DFFHQX1         slow            53.222401 n
hybrid_differing_q_reg[234]
                          DFFHQX1         slow            53.222401 n
hybrid_differing_q_reg[235]
                          DFFHQX1         slow            53.222401 n
hybrid_differing_q_reg[236]
                          DFFHQX1         slow            53.222401 n
hybrid_differing_q_reg[237]
                          DFFHQX1         slow            53.222401 n
hybrid_differing_q_reg[238]
                          DFFHQX1         slow            53.222401 n
hybrid_differing_q_reg[239]
                          DFFHQX1         slow            53.222401 n
hybrid_differing_q_reg[240]
                          DFFHQX1         slow            53.222401 n
hybrid_differing_q_reg[241]
                          DFFHQX1         slow            53.222401 n
hybrid_differing_q_reg[242]
                          DFFHQX1         slow            53.222401 n
hybrid_differing_q_reg[243]
                          DFFHQX1         slow            53.222401 n
hybrid_differing_q_reg[244]
                          DFFHQX1         slow            53.222401 n
hybrid_differing_q_reg[245]
                          DFFHQX1         slow            53.222401 n
hybrid_differing_q_reg[246]
                          DFFHQX1         slow            53.222401 n
hybrid_differing_q_reg[247]
                          DFFHQX1         slow            53.222401 n
hybrid_differing_q_reg[248]
                          DFFHQX1         slow            53.222401 n
hybrid_differing_q_reg[249]
                          DFFHQX1         slow            53.222401 n
hybrid_differing_q_reg[250]
                          DFFHQX1         slow            53.222401 n
hybrid_differing_q_reg[251]
                          DFFHQX1         slow            53.222401 n
hybrid_differing_q_reg[252]
                          DFFHQX1         slow            53.222401 n
hybrid_differing_q_reg[253]
                          DFFHQX1         slow            53.222401 n
hybrid_differing_q_reg[254]
                          DFFHQX1         slow            53.222401 n
hybrid_differing_q_reg[255]
                          DFFHQX1         slow            53.222401 n
hybrid_differing_q_reg[256]
                          DFFHQX1         slow            53.222401 n
hybrid_differing_q_reg[257]
                          DFFHQX1         slow            53.222401 n
hybrid_differing_q_reg[258]
                          DFFHQX1         slow            53.222401 n
hybrid_differing_q_reg[259]
                          DFFHQX1         slow            53.222401 n
hybrid_differing_q_reg[260]
                          DFFHQX1         slow            53.222401 n
hybrid_differing_q_reg[261]
                          DFFHQX1         slow            53.222401 n
hybrid_differing_q_reg[262]
                          DFFHQX1         slow            53.222401 n
hybrid_differing_q_reg[263]
                          DFFHQX1         slow            53.222401 n
hybrid_differing_q_reg[264]
                          DFFHQX1         slow            53.222401 n
hybrid_differing_q_reg[265]
                          DFFHQX1         slow            53.222401 n
hybrid_differing_q_reg[266]
                          DFFHQX1         slow            53.222401 n
hybrid_differing_q_reg[267]
                          DFFHQX1         slow            53.222401 n
hybrid_differing_q_reg[268]
                          DFFHQX1         slow            53.222401 n
hybrid_differing_q_reg[269]
                          DFFHQX1         slow            53.222401 n
hybrid_differing_q_reg[270]
                          DFFHQX1         slow            53.222401 n
hybrid_differing_q_reg[271]
                          DFFHQX1         slow            53.222401 n
hybrid_differing_q_reg[272]
                          DFFHQX1         slow            53.222401 n
hybrid_differing_q_reg[273]
                          DFFHQX1         slow            53.222401 n
hybrid_differing_q_reg[274]
                          DFFHQX1         slow            53.222401 n
hybrid_differing_q_reg[275]
                          DFFHQX1         slow            53.222401 n
hybrid_differing_q_reg[276]
                          DFFHQX1         slow            53.222401 n
hybrid_differing_q_reg[277]
                          DFFHQX1         slow            53.222401 n
hybrid_differing_q_reg[278]
                          DFFHQX1         slow            53.222401 n
hybrid_differing_q_reg[279]
                          DFFHQX1         slow            53.222401 n
hybrid_differing_q_reg[280]
                          DFFHQX1         slow            53.222401 n
hybrid_differing_q_reg[281]
                          DFFHQX1         slow            53.222401 n
hybrid_differing_q_reg[282]
                          DFFHQX1         slow            53.222401 n
hybrid_differing_q_reg[283]
                          DFFHQX1         slow            53.222401 n
hybrid_differing_q_reg[284]
                          DFFHQX1         slow            53.222401 n
hybrid_differing_q_reg[285]
                          DFFHQX1         slow            53.222401 n
hybrid_differing_q_reg[286]
                          DFFHQX1         slow            53.222401 n
hybrid_differing_q_reg[287]
                          DFFHQX1         slow            53.222401 n
hybrid_differing_q_reg[288]
                          DFFHQX1         slow            53.222401 n
hybrid_differing_q_reg[289]
                          DFFHQX1         slow            53.222401 n
hybrid_differing_q_reg[290]
                          DFFHQX1         slow            53.222401 n
hybrid_differing_q_reg[291]
                          DFFHQX1         slow            53.222401 n
hybrid_differing_q_reg[292]
                          DFFHQX1         slow            53.222401 n
hybrid_differing_q_reg[293]
                          DFFHQX1         slow            53.222401 n
hybrid_differing_q_reg[294]
                          DFFHQX1         slow            53.222401 n
hybrid_differing_q_reg[295]
                          DFFHQX1         slow            53.222401 n
hybrid_differing_q_reg[296]
                          DFFHQX1         slow            53.222401 n
hybrid_differing_q_reg[297]
                          DFFHQX1         slow            53.222401 n
hybrid_differing_q_reg[298]
                          DFFHQX1         slow            53.222401 n
hybrid_differing_q_reg[299]
                          DFFHQX1         slow            53.222401 n
hybrid_differing_q_reg[300]
                          DFFHQX1         slow            53.222401 n
hybrid_differing_q_reg[301]
                          DFFHQX1         slow            53.222401 n
hybrid_differing_q_reg[302]
                          DFFHQX1         slow            53.222401 n
hybrid_differing_q_reg[303]
                          DFFHQX1         slow            53.222401 n
hybrid_differing_q_reg[304]
                          DFFHQX1         slow            53.222401 n
hybrid_differing_q_reg[305]
                          DFFHQX1         slow            53.222401 n
hybrid_differing_q_reg[306]
                          DFFHQX1         slow            53.222401 n
hybrid_differing_q_reg[307]
                          DFFHQX1         slow            53.222401 n
hybrid_differing_q_reg[308]
                          DFFHQX1         slow            53.222401 n
hybrid_differing_q_reg[309]
                          DFFHQX1         slow            53.222401 n
hybrid_differing_q_reg[310]
                          DFFHQX1         slow            53.222401 n
hybrid_differing_q_reg[311]
                          DFFHQX1         slow            53.222401 n
hybrid_differing_q_reg[312]
                          DFFHQX1         slow            53.222401 n
hybrid_differing_q_reg[313]
                          DFFHQX1         slow            53.222401 n
hybrid_differing_q_reg[314]
                          DFFHQX1         slow            53.222401 n
hybrid_differing_q_reg[315]
                          DFFHQX1         slow            53.222401 n
hybrid_differing_q_reg[316]
                          DFFHQX1         slow            53.222401 n
hybrid_differing_q_reg[317]
                          DFFHQX1         slow            53.222401 n
hybrid_differing_q_reg[318]
                          DFFHQX1         slow            53.222401 n
hybrid_differing_q_reg[319]
                          DFFHQX1         slow            53.222401 n
hybrid_differing_q_reg[320]
                          DFFHQX1         slow            53.222401 n
hybrid_differing_q_reg[321]
                          DFFHQX1         slow            53.222401 n
hybrid_differing_q_reg[322]
                          DFFHQX1         slow            53.222401 n
hybrid_differing_q_reg[323]
                          DFFHQX1         slow            53.222401 n
hybrid_differing_q_reg[324]
                          DFFHQX1         slow            53.222401 n
hybrid_differing_q_reg[325]
                          DFFHQX1         slow            53.222401 n
hybrid_differing_q_reg[326]
                          DFFHQX1         slow            53.222401 n
hybrid_differing_q_reg[327]
                          DFFHQX1         slow            53.222401 n
hybrid_differing_q_reg[328]
                          DFFHQX1         slow            53.222401 n
hybrid_differing_q_reg[329]
                          DFFHQX1         slow            53.222401 n
hybrid_differing_q_reg[330]
                          DFFHQX1         slow            53.222401 n
hybrid_differing_q_reg[331]
                          DFFHQX1         slow            53.222401 n
hybrid_differing_q_reg[332]
                          DFFHQX1         slow            53.222401 n
hybrid_differing_q_reg[333]
                          DFFHQX1         slow            53.222401 n
hybrid_differing_q_reg[334]
                          DFFHQX1         slow            53.222401 n
hybrid_differing_q_reg[335]
                          DFFHQX1         slow            53.222401 n
hybrid_differing_q_reg[336]
                          DFFHQX1         slow            53.222401 n
hybrid_differing_q_reg[337]
                          DFFHQX1         slow            53.222401 n
hybrid_differing_q_reg[338]
                          DFFHQX1         slow            53.222401 n
hybrid_differing_q_reg[339]
                          DFFHQX1         slow            53.222401 n
hybrid_differing_q_reg[340]
                          DFFHQX1         slow            53.222401 n
hybrid_differing_q_reg[341]
                          DFFHQX1         slow            53.222401 n
hybrid_differing_q_reg[342]
                          DFFHQX1         slow            53.222401 n
hybrid_differing_q_reg[343]
                          DFFHQX1         slow            53.222401 n
hybrid_differing_q_reg[344]
                          DFFHQX1         slow            53.222401 n
hybrid_differing_q_reg[345]
                          DFFHQX1         slow            53.222401 n
hybrid_differing_q_reg[346]
                          DFFHQX1         slow            53.222401 n
hybrid_differing_q_reg[347]
                          DFFHQX1         slow            53.222401 n
hybrid_differing_q_reg[348]
                          DFFHQX1         slow            53.222401 n
hybrid_differing_q_reg[349]
                          DFFHQX1         slow            53.222401 n
hybrid_differing_q_reg[350]
                          DFFHQX1         slow            53.222401 n
hybrid_differing_q_reg[351]
                          DFFHQX1         slow            53.222401 n
hybrid_differing_q_reg[352]
                          DFFHQX1         slow            53.222401 n
hybrid_differing_q_reg[353]
                          DFFHQX1         slow            53.222401 n
hybrid_differing_q_reg[354]
                          DFFHQX1         slow            53.222401 n
hybrid_differing_q_reg[355]
                          DFFHQX1         slow            53.222401 n
hybrid_differing_q_reg[356]
                          DFFHQX1         slow            53.222401 n
hybrid_differing_q_reg[357]
                          DFFHQX1         slow            53.222401 n
hybrid_differing_q_reg[358]
                          DFFHQX1         slow            53.222401 n
hybrid_differing_q_reg[359]
                          DFFHQX1         slow            53.222401 n
hybrid_differing_q_reg[360]
                          DFFHQX1         slow            53.222401 n
hybrid_differing_q_reg[361]
                          DFFHQX1         slow            53.222401 n
hybrid_differing_q_reg[362]
                          DFFHQX1         slow            53.222401 n
hybrid_differing_q_reg[363]
                          DFFHQX1         slow            53.222401 n
hybrid_pointer_q_reg[0]   DFFHQX1         slow            53.222401 n
hybrid_pointer_q_reg[1]   DFFHQX1         slow            53.222401 n
hybrid_pointer_q_reg[2]   DFFHQX1         slow            53.222401 n
hybrid_pointer_q_reg[3]   DFFHQX1         slow            53.222401 n
hybrid_pointer_q_reg[4]   DFFHQX1         slow            53.222401 n
hybrid_pointer_q_reg[5]   DFFHQX1         slow            53.222401 n
hybrid_pointer_q_reg[6]   DFFHQX1         slow            53.222401 n
hybrid_pointer_q_reg[7]   DFFHQX1         slow            53.222401 n
hybrid_pointer_q_reg[8]   DFFHQX1         slow            53.222401 n
hybrid_pointer_q_reg[9]   DFFHQX1         slow            53.222401 n
hybrid_pointer_q_reg[10]  DFFHQX1         slow            53.222401 n
hybrid_pointer_q_reg[11]  DFFHQX1         slow            53.222401 n
hybrid_pointer_q_reg[12]  DFFHQX1         slow            53.222401 n
hybrid_pointer_q_reg[13]  DFFHQX1         slow            53.222401 n
hybrid_pointer_q_reg[14]  DFFHQX1         slow            53.222401 n
hybrid_pointer_q_reg[15]  DFFHQX1         slow            53.222401 n
hybrid_pointer_q_reg[16]  DFFHQX1         slow            53.222401 n
hybrid_pointer_q_reg[17]  DFFHQX1         slow            53.222401 n
hybrid_pointer_q_reg[18]  DFFHQX1         slow            53.222401 n
hybrid_pointer_q_reg[19]  DFFHQX1         slow            53.222401 n
hybrid_pointer_q_reg[20]  DFFHQX1         slow            53.222401 n
hybrid_pointer_q_reg[21]  DFFHQX1         slow            53.222401 n
hybrid_pointer_q_reg[22]  DFFHQX1         slow            53.222401 n
hybrid_pointer_q_reg[23]  DFFHQX1         slow            53.222401 n
hybrid_pointer_q_reg[24]  DFFHQX1         slow            53.222401 n
hybrid_pointer_q_reg[25]  DFFHQX1         slow            53.222401 n
hybrid_pointer_q_reg[26]  DFFHQX1         slow            53.222401 n
hybrid_pointer_q_reg[27]  DFFHQX1         slow            53.222401 n
hybrid_pointer_q_reg[28]  DFFHQX1         slow            53.222401 n
hybrid_pointer_q_reg[29]  DFFHQX1         slow            53.222401 n
hybrid_pointer_q_reg[30]  DFFHQX1         slow            53.222401 n
hybrid_pointer_q_reg[31]  DFFHQX1         slow            53.222401 n
hybrid_pointer_q_reg[32]  DFFHQX1         slow            53.222401 n
hybrid_pointer_q_reg[33]  DFFHQX1         slow            53.222401 n
hybrid_pointer_q_reg[34]  DFFHQX1         slow            53.222401 n
hybrid_pointer_q_reg[35]  DFFHQX1         slow            53.222401 n
hybrid_pointer_q_reg[36]  DFFHQX1         slow            53.222401 n
hybrid_pointer_q_reg[37]  DFFHQX1         slow            53.222401 n
hybrid_pointer_q_reg[38]  DFFHQX1         slow            53.222401 n
hybrid_pointer_q_reg[39]  DFFHQX1         slow            53.222401 n
hybrid_pointer_q_reg[40]  DFFHQX1         slow            53.222401 n
hybrid_pointer_q_reg[41]  DFFHQX1         slow            53.222401 n
hybrid_pointer_q_reg[42]  DFFHQX1         slow            53.222401 n
hybrid_pointer_q_reg[43]  DFFHQX1         slow            53.222401 n
hybrid_pointer_q_reg[44]  DFFHQX1         slow            53.222401 n
hybrid_pointer_q_reg[45]  DFFHQX1         slow            53.222401 n
hybrid_pointer_q_reg[46]  DFFHQX1         slow            53.222401 n
hybrid_pointer_q_reg[47]  DFFHQX1         slow            53.222401 n
hybrid_pointer_q_reg[48]  DFFHQX1         slow            53.222401 n
hybrid_pointer_q_reg[49]  DFFHQX1         slow            53.222401 n
hybrid_pointer_q_reg[50]  DFFHQX1         slow            53.222401 n
hybrid_pointer_q_reg[51]  DFFHQX1         slow            53.222401 n
hybrid_pointer_q_reg[52]  DFFHQX1         slow            53.222401 n
hybrid_pointer_q_reg[53]  DFFHQX1         slow            53.222401 n
hybrid_pointer_q_reg[54]  DFFHQX1         slow            53.222401 n
hybrid_pointer_q_reg[55]  DFFHQX1         slow            53.222401 n
hybrid_pointer_q_reg[56]  DFFHQX1         slow            53.222401 n
hybrid_pointer_q_reg[57]  DFFHQX1         slow            53.222401 n
hybrid_pointer_q_reg[58]  DFFHQX1         slow            53.222401 n
hybrid_pointer_q_reg[59]  DFFHQX1         slow            53.222401 n
hybrid_pointer_q_reg[60]  DFFHQX1         slow            53.222401 n
hybrid_pointer_q_reg[61]  DFFHQX1         slow            53.222401 n
hybrid_pointer_q_reg[62]  DFFHQX1         slow            53.222401 n
hybrid_pointer_q_reg[63]  DFFHQX1         slow            53.222401 n
hybrid_pointer_q_reg[64]  DFFHQX1         slow            53.222401 n
hybrid_pointer_q_reg[65]  DFFHQX1         slow            53.222401 n
hybrid_pointer_q_reg[66]  DFFHQX1         slow            53.222401 n
hybrid_pointer_q_reg[67]  DFFHQX1         slow            53.222401 n
hybrid_pointer_q_reg[68]  DFFHQX1         slow            53.222401 n
hybrid_pointer_q_reg[69]  DFFHQX1         slow            53.222401 n
hybrid_pointer_q_reg[70]  DFFHQX1         slow            53.222401 n
hybrid_pointer_q_reg[71]  DFFHQX1         slow            53.222401 n
hybrid_pointer_q_reg[72]  DFFHQX1         slow            53.222401 n
hybrid_pointer_q_reg[73]  DFFHQX1         slow            53.222401 n
hybrid_pointer_q_reg[74]  DFFHQX1         slow            53.222401 n
hybrid_pointer_q_reg[75]  DFFHQX1         slow            53.222401 n
hybrid_pointer_q_reg[76]  DFFHQX1         slow            53.222401 n
hybrid_pointer_q_reg[77]  DFFHQX1         slow            53.222401 n
hybrid_pointer_q_reg[78]  DFFHQX1         slow            53.222401 n
hybrid_pointer_q_reg[79]  DFFHQX1         slow            53.222401 n
hybrid_pointer_q_reg[80]  DFFHQX1         slow            53.222401 n
hybrid_pointer_q_reg[81]  DFFHQX1         slow            53.222401 n
hybrid_pointer_q_reg[82]  DFFHQX1         slow            53.222401 n
hybrid_pointer_q_reg[83]  DFFHQX1         slow            53.222401 n
hybrid_valid_q_reg[0]     DFFHQX1         slow            53.222401 n
hybrid_valid_q_reg[1]     DFFHQX1         slow            53.222401 n
hybrid_valid_q_reg[2]     DFFHQX1         slow            53.222401 n
hybrid_valid_q_reg[3]     DFFHQX1         slow            53.222401 n
hybrid_valid_q_reg[4]     DFFHQX1         slow            53.222401 n
hybrid_valid_q_reg[5]     DFFHQX1         slow            53.222401 n
hybrid_valid_q_reg[6]     DFFHQX1         slow            53.222401 n
hybrid_valid_q_reg[7]     DFFHQX1         slow            53.222401 n
hybrid_valid_q_reg[8]     DFFHQX1         slow            53.222401 n
hybrid_valid_q_reg[9]     DFFHQX1         slow            53.222401 n
hybrid_valid_q_reg[10]    DFFHQX1         slow            53.222401 n
hybrid_valid_q_reg[11]    DFFHQX1         slow            53.222401 n
hybrid_valid_q_reg[12]    DFFHQX1         slow            53.222401 n
hybrid_valid_q_reg[13]    DFFHQX1         slow            53.222401 n
hybrid_valid_q_reg[14]    DFFHQX1         slow            53.222401 n
hybrid_valid_q_reg[15]    DFFHQX1         slow            53.222401 n
hybrid_valid_q_reg[16]    DFFHQX1         slow            53.222401 n
hybrid_valid_q_reg[17]    DFFHQX1         slow            53.222401 n
hybrid_valid_q_reg[18]    DFFHQX1         slow            53.222401 n
hybrid_valid_q_reg[19]    DFFHQX1         slow            53.222401 n
hybrid_valid_q_reg[20]    DFFHQX1         slow            53.222401 n
hybrid_valid_q_reg[21]    DFFHQX1         slow            53.222401 n
hybrid_valid_q_reg[22]    DFFHQX1         slow            53.222401 n
hybrid_valid_q_reg[23]    DFFHQX1         slow            53.222401 n
hybrid_valid_q_reg[24]    DFFHQX1         slow            53.222401 n
hybrid_valid_q_reg[25]    DFFHQX1         slow            53.222401 n
hybrid_valid_q_reg[26]    DFFHQX1         slow            53.222401 n
hybrid_valid_q_reg[27]    DFFHQX1         slow            53.222401 n
overflow_q_reg[0]         DFFHQX1         slow            53.222401 n
overflow_q_reg[1]         DFFHQX1         slow            53.222401 n
overflow_q_reg[2]         DFFHQX1         slow            53.222401 n
overflow_q_reg[3]         DFFHQX1         slow            53.222401 n
pivot_cols_q_reg[0]       DFFHQX1         slow            53.222401 n
pivot_cols_q_reg[1]       DFFHQX1         slow            53.222401 n
pivot_cols_q_reg[2]       DFFHQX1         slow            53.222401 n
pivot_cols_q_reg[3]       DFFHQX1         slow            53.222401 n
pivot_cols_q_reg[4]       DFFHQX1         slow            53.222401 n
pivot_cols_q_reg[5]       DFFHQX1         slow            53.222401 n
pivot_cols_q_reg[6]       DFFHQX1         slow            53.222401 n
pivot_cols_q_reg[7]       DFFHQX1         slow            53.222401 n
pivot_cols_q_reg[8]       DFFHQX1         slow            53.222401 n
pivot_cols_q_reg[9]       DFFHQX1         slow            53.222401 n
pivot_cols_q_reg[10]      DFFHQX1         slow            53.222401 n
pivot_cols_q_reg[11]      DFFHQX1         slow            53.222401 n
pivot_cols_q_reg[12]      DFFHQX1         slow            53.222401 n
pivot_cols_q_reg[13]      DFFHQX1         slow            53.222401 n
pivot_cols_q_reg[14]      DFFHQX1         slow            53.222401 n
pivot_cols_q_reg[15]      DFFHQX1         slow            53.222401 n
pivot_cols_q_reg[16]      DFFHQX1         slow            53.222401 n
pivot_cols_q_reg[17]      DFFHQX1         slow            53.222401 n
pivot_cols_q_reg[18]      DFFHQX1         slow            53.222401 n
pivot_cols_q_reg[19]      DFFHQX1         slow            53.222401 n
pivot_cols_q_reg[20]      DFFHQX1         slow            53.222401 n
pivot_cols_q_reg[21]      DFFHQX1         slow            53.222401 n
pivot_cols_q_reg[22]      DFFHQX1         slow            53.222401 n
pivot_cols_q_reg[23]      DFFHQX1         slow            53.222401 n
pivot_cols_q_reg[24]      DFFHQX1         slow            53.222401 n
pivot_cols_q_reg[25]      DFFHQX1         slow            53.222401 n
pivot_cols_q_reg[26]      DFFHQX1         slow            53.222401 n
pivot_cols_q_reg[27]      DFFHQX1         slow            53.222401 n
pivot_cols_q_reg[28]      DFFHQX1         slow            53.222401 n
pivot_cols_q_reg[29]      DFFHQX1         slow            53.222401 n
pivot_cols_q_reg[30]      DFFHQX1         slow            53.222401 n
pivot_cols_q_reg[31]      DFFHQX1         slow            53.222401 n
pivot_cols_q_reg[32]      DFFHQX1         slow            53.222401 n
pivot_cols_q_reg[33]      DFFHQX1         slow            53.222401 n
pivot_cols_q_reg[34]      DFFHQX1         slow            53.222401 n
pivot_cols_q_reg[35]      DFFHQX1         slow            53.222401 n
pivot_cols_q_reg[36]      DFFHQX1         slow            53.222401 n
pivot_cols_q_reg[37]      DFFHQX1         slow            53.222401 n
pivot_cols_q_reg[38]      DFFHQX1         slow            53.222401 n
pivot_cols_q_reg[39]      DFFHQX1         slow            53.222401 n
pivot_cols_q_reg[40]      DFFHQX1         slow            53.222401 n
pivot_cols_q_reg[41]      DFFHQX1         slow            53.222401 n
pivot_cols_q_reg[42]      DFFHQX1         slow            53.222401 n
pivot_cols_q_reg[43]      DFFHQX1         slow            53.222401 n
pivot_cols_q_reg[44]      DFFHQX1         slow            53.222401 n
pivot_cols_q_reg[45]      DFFHQX1         slow            53.222401 n
pivot_cols_q_reg[46]      DFFHQX1         slow            53.222401 n
pivot_cols_q_reg[47]      DFFHQX1         slow            53.222401 n
pivot_cols_q_reg[48]      DFFHQX1         slow            53.222401 n
pivot_cols_q_reg[49]      DFFHQX1         slow            53.222401 n
pivot_cols_q_reg[50]      DFFHQX1         slow            53.222401 n
pivot_cols_q_reg[51]      DFFHQX1         slow            53.222401 n
pivot_cols_q_reg[52]      DFFHQX1         slow            53.222401 n
pivot_cols_q_reg[53]      DFFHQX1         slow            53.222401 n
pivot_cols_q_reg[54]      DFFHQX1         slow            53.222401 n
pivot_cols_q_reg[55]      DFFHQX1         slow            53.222401 n
pivot_cols_q_reg[56]      DFFHQX1         slow            53.222401 n
pivot_cols_q_reg[57]      DFFHQX1         slow            53.222401 n
pivot_cols_q_reg[58]      DFFHQX1         slow            53.222401 n
pivot_cols_q_reg[59]      DFFHQX1         slow            53.222401 n
pivot_cols_q_reg[60]      DFFHQX1         slow            53.222401 n
pivot_cols_q_reg[61]      DFFHQX1         slow            53.222401 n
pivot_cols_q_reg[62]      DFFHQX1         slow            53.222401 n
pivot_cols_q_reg[63]      DFFHQX1         slow            53.222401 n
pivot_cols_q_reg[64]      DFFHQX1         slow            53.222401 n
pivot_cols_q_reg[65]      DFFHQX1         slow            53.222401 n
pivot_cols_q_reg[66]      DFFHQX1         slow            53.222401 n
pivot_cols_q_reg[67]      DFFHQX1         slow            53.222401 n
pivot_cols_q_reg[68]      DFFHQX1         slow            53.222401 n
pivot_cols_q_reg[69]      DFFHQX1         slow            53.222401 n
pivot_cols_q_reg[70]      DFFHQX1         slow            53.222401 n
pivot_cols_q_reg[71]      DFFHQX1         slow            53.222401 n
pivot_cols_q_reg[72]      DFFHQX1         slow            53.222401 n
pivot_cols_q_reg[73]      DFFHQX1         slow            53.222401 n
pivot_cols_q_reg[74]      DFFHQX1         slow            53.222401 n
pivot_cols_q_reg[75]      DFFHQX1         slow            53.222401 n
pivot_cols_q_reg[76]      DFFHQX1         slow            53.222401 n
pivot_cols_q_reg[77]      DFFHQX1         slow            53.222401 n
pivot_cols_q_reg[78]      DFFHQX1         slow            53.222401 n
pivot_cols_q_reg[79]      DFFHQX1         slow            53.222401 n
pivot_cols_q_reg[80]      DFFHQX1         slow            53.222401 n
pivot_cols_q_reg[81]      DFFHQX1         slow            53.222401 n
pivot_cols_q_reg[82]      DFFHQX1         slow            53.222401 n
pivot_cols_q_reg[83]      DFFHQX1         slow            53.222401 n
pivot_cols_q_reg[84]      DFFHQX1         slow            53.222401 n
pivot_cols_q_reg[85]      DFFHQX1         slow            53.222401 n
pivot_cols_q_reg[86]      DFFHQX1         slow            53.222401 n
pivot_cols_q_reg[87]      DFFHQX1         slow            53.222401 n
pivot_cols_q_reg[88]      DFFHQX1         slow            53.222401 n
pivot_cols_q_reg[89]      DFFHQX1         slow            53.222401 n
pivot_cols_q_reg[90]      DFFHQX1         slow            53.222401 n
pivot_cols_q_reg[91]      DFFHQX1         slow            53.222401 n
pivot_cols_q_reg[92]      DFFHQX1         slow            53.222401 n
pivot_cols_q_reg[93]      DFFHQX1         slow            53.222401 n
pivot_cols_q_reg[94]      DFFHQX1         slow            53.222401 n
pivot_cols_q_reg[95]      DFFHQX1         slow            53.222401 n
pivot_cols_q_reg[96]      DFFHQX1         slow            53.222401 n
pivot_cols_q_reg[97]      DFFHQX1         slow            53.222401 n
pivot_cols_q_reg[98]      DFFHQX1         slow            53.222401 n
pivot_cols_q_reg[99]      DFFHQX1         slow            53.222401 n
pivot_cols_q_reg[100]     DFFHQX1         slow            53.222401 n
pivot_cols_q_reg[101]     DFFHQX1         slow            53.222401 n
pivot_cols_q_reg[102]     DFFHQX1         slow            53.222401 n
pivot_cols_q_reg[103]     DFFHQX1         slow            53.222401 n
pivot_cols_q_reg[104]     DFFHQX1         slow            53.222401 n
pivot_cols_q_reg[105]     DFFHQX1         slow            53.222401 n
pivot_cols_q_reg[106]     DFFHQX1         slow            53.222401 n
pivot_cols_q_reg[107]     DFFHQX1         slow            53.222401 n
pivot_cols_q_reg[108]     DFFHQX1         slow            53.222401 n
pivot_cols_q_reg[109]     DFFHQX1         slow            53.222401 n
pivot_cols_q_reg[110]     DFFHQX1         slow            53.222401 n
pivot_cols_q_reg[111]     DFFHQX1         slow            53.222401 n
pivot_cols_q_reg[112]     DFFHQX1         slow            53.222401 n
pivot_cols_q_reg[113]     DFFHQX1         slow            53.222401 n
pivot_cols_q_reg[114]     DFFHQX1         slow            53.222401 n
pivot_cols_q_reg[115]     DFFHQX1         slow            53.222401 n
pivot_cols_q_reg[116]     DFFHQX1         slow            53.222401 n
pivot_cols_q_reg[117]     DFFHQX1         slow            53.222401 n
pivot_cols_q_reg[118]     DFFHQX1         slow            53.222401 n
pivot_cols_q_reg[119]     DFFHQX1         slow            53.222401 n
pivot_cols_q_reg[120]     DFFHQX1         slow            53.222401 n
pivot_cols_q_reg[121]     DFFHQX1         slow            53.222401 n
pivot_cols_q_reg[122]     DFFHQX1         slow            53.222401 n
pivot_cols_q_reg[123]     DFFHQX1         slow            53.222401 n
pivot_cols_q_reg[124]     DFFHQX1         slow            53.222401 n
pivot_cols_q_reg[125]     DFFHQX1         slow            53.222401 n
pivot_cols_q_reg[126]     DFFHQX1         slow            53.222401 n
pivot_cols_q_reg[127]     DFFHQX1         slow            53.222401 n
pivot_cols_q_reg[128]     DFFHQX1         slow            53.222401 n
pivot_cols_q_reg[129]     DFFHQX1         slow            53.222401 n
pivot_cols_q_reg[130]     DFFXL           slow            56.548801 n
pivot_cols_q_reg[131]     DFFXL           slow            56.548801 n
pivot_cols_q_reg[132]     DFFXL           slow            56.548801 n
pivot_cols_q_reg[133]     DFFXL           slow            56.548801 n
pivot_cols_q_reg[134]     DFFXL           slow            56.548801 n
pivot_cols_q_reg[135]     DFFXL           slow            56.548801 n
pivot_cols_q_reg[136]     DFFXL           slow            56.548801 n
pivot_cols_q_reg[137]     DFFXL           slow            56.548801 n
pivot_cols_q_reg[138]     DFFXL           slow            56.548801 n
pivot_cols_q_reg[139]     DFFXL           slow            56.548801 n
pivot_cols_q_reg[140]     DFFXL           slow            56.548801 n
pivot_cols_q_reg[141]     DFFXL           slow            56.548801 n
pivot_cols_q_reg[142]     DFFXL           slow            56.548801 n
pivot_cols_q_reg[143]     DFFXL           slow            56.548801 n
pivot_cols_q_reg[144]     DFFXL           slow            56.548801 n
pivot_cols_q_reg[145]     DFFXL           slow            56.548801 n
pivot_cols_q_reg[146]     DFFXL           slow            56.548801 n
pivot_cols_q_reg[147]     DFFXL           slow            56.548801 n
pivot_cols_q_reg[148]     DFFXL           slow            56.548801 n
pivot_cols_q_reg[149]     DFFXL           slow            56.548801 n
pivot_cols_q_reg[150]     DFFXL           slow            56.548801 n
pivot_cols_q_reg[151]     DFFXL           slow            56.548801 n
pivot_cols_q_reg[152]     DFFXL           slow            56.548801 n
pivot_cols_q_reg[153]     DFFXL           slow            56.548801 n
pivot_cols_q_reg[154]     DFFXL           slow            56.548801 n
pivot_cols_q_reg[155]     DFFXL           slow            56.548801 n
pivot_cols_q_reg[156]     DFFXL           slow            56.548801 n
pivot_cols_q_reg[157]     DFFXL           slow            56.548801 n
pivot_cols_q_reg[158]     DFFXL           slow            56.548801 n
pivot_cols_q_reg[159]     DFFXL           slow            56.548801 n
pivot_cols_q_reg[160]     DFFXL           slow            56.548801 n
pivot_cols_q_reg[161]     DFFXL           slow            56.548801 n
pivot_cols_q_reg[162]     DFFXL           slow            56.548801 n
pivot_cols_q_reg[163]     DFFXL           slow            56.548801 n
pivot_cols_q_reg[164]     DFFXL           slow            56.548801 n
pivot_cols_q_reg[165]     DFFXL           slow            56.548801 n
pivot_cols_q_reg[166]     DFFXL           slow            56.548801 n
pivot_cols_q_reg[167]     DFFXL           slow            56.548801 n
pivot_cols_q_reg[168]     DFFXL           slow            56.548801 n
pivot_cols_q_reg[169]     DFFXL           slow            56.548801 n
pivot_cols_q_reg[170]     DFFXL           slow            56.548801 n
pivot_cols_q_reg[171]     DFFXL           slow            56.548801 n
pivot_cols_q_reg[172]     DFFXL           slow            56.548801 n
pivot_cols_q_reg[173]     DFFXL           slow            56.548801 n
pivot_cols_q_reg[174]     DFFXL           slow            56.548801 n
pivot_cols_q_reg[175]     DFFXL           slow            56.548801 n
pivot_cols_q_reg[176]     DFFXL           slow            56.548801 n
pivot_cols_q_reg[177]     DFFXL           slow            56.548801 n
pivot_cols_q_reg[178]     DFFXL           slow            56.548801 n
pivot_cols_q_reg[179]     DFFXL           slow            56.548801 n
pivot_cols_q_reg[180]     DFFXL           slow            56.548801 n
pivot_cols_q_reg[181]     DFFXL           slow            56.548801 n
pivot_cols_q_reg[182]     DFFXL           slow            56.548801 n
pivot_cols_q_reg[183]     DFFXL           slow            56.548801 n
pivot_cols_q_reg[184]     DFFXL           slow            56.548801 n
pivot_cols_q_reg[185]     DFFXL           slow            56.548801 n
pivot_cols_q_reg[186]     DFFXL           slow            56.548801 n
pivot_cols_q_reg[187]     DFFXL           slow            56.548801 n
pivot_cols_q_reg[188]     DFFXL           slow            56.548801 n
pivot_cols_q_reg[189]     DFFXL           slow            56.548801 n
pivot_cols_q_reg[190]     DFFXL           slow            56.548801 n
pivot_cols_q_reg[191]     DFFXL           slow            56.548801 n
pivot_cols_q_reg[192]     DFFXL           slow            56.548801 n
pivot_cols_q_reg[193]     DFFXL           slow            56.548801 n
pivot_cols_q_reg[194]     DFFXL           slow            56.548801 n
pivot_cols_q_reg[195]     DFFXL           slow            56.548801 n
pivot_cols_q_reg[196]     DFFXL           slow            56.548801 n
pivot_cols_q_reg[197]     DFFXL           slow            56.548801 n
pivot_cols_q_reg[198]     DFFXL           slow            56.548801 n
pivot_cols_q_reg[199]     DFFXL           slow            56.548801 n
pivot_cols_q_reg[200]     DFFXL           slow            56.548801 n
pivot_cols_q_reg[201]     DFFXL           slow            56.548801 n
pivot_cols_q_reg[202]     DFFXL           slow            56.548801 n
pivot_cols_q_reg[203]     DFFXL           slow            56.548801 n
pivot_cols_q_reg[204]     DFFXL           slow            56.548801 n
pivot_cols_q_reg[205]     DFFXL           slow            56.548801 n
pivot_cols_q_reg[206]     DFFXL           slow            56.548801 n
pivot_cols_q_reg[207]     DFFXL           slow            56.548801 n
pivot_cols_q_reg[208]     DFFXL           slow            56.548801 n
pivot_cols_q_reg[209]     DFFXL           slow            56.548801 n
pivot_cols_q_reg[210]     DFFXL           slow            56.548801 n
pivot_cols_q_reg[211]     DFFXL           slow            56.548801 n
pivot_cols_q_reg[212]     DFFXL           slow            56.548801 n
pivot_cols_q_reg[213]     DFFXL           slow            56.548801 n
pivot_cols_q_reg[214]     DFFXL           slow            56.548801 n
pivot_cols_q_reg[215]     DFFXL           slow            56.548801 n
pivot_cols_q_reg[216]     DFFXL           slow            56.548801 n
pivot_cols_q_reg[217]     DFFXL           slow            56.548801 n
pivot_cols_q_reg[218]     DFFXL           slow            56.548801 n
pivot_cols_q_reg[219]     DFFXL           slow            56.548801 n
pivot_cols_q_reg[220]     DFFXL           slow            56.548801 n
pivot_cols_q_reg[221]     DFFXL           slow            56.548801 n
pivot_cols_q_reg[222]     DFFXL           slow            56.548801 n
pivot_cols_q_reg[223]     DFFXL           slow            56.548801 n
pivot_cols_q_reg[224]     DFFXL           slow            56.548801 n
pivot_cols_q_reg[225]     DFFXL           slow            56.548801 n
pivot_cols_q_reg[226]     DFFXL           slow            56.548801 n
pivot_cols_q_reg[227]     DFFXL           slow            56.548801 n
pivot_cols_q_reg[228]     DFFXL           slow            56.548801 n
pivot_cols_q_reg[229]     DFFXL           slow            56.548801 n
pivot_cols_q_reg[230]     DFFXL           slow            56.548801 n
pivot_cols_q_reg[231]     DFFXL           slow            56.548801 n
pivot_cols_q_reg[232]     DFFXL           slow            56.548801 n
pivot_cols_q_reg[233]     DFFXL           slow            56.548801 n
pivot_cols_q_reg[234]     DFFXL           slow            56.548801 n
pivot_cols_q_reg[235]     DFFXL           slow            56.548801 n
pivot_cols_q_reg[236]     DFFXL           slow            56.548801 n
pivot_cols_q_reg[237]     DFFXL           slow            56.548801 n
pivot_cols_q_reg[238]     DFFXL           slow            56.548801 n
pivot_cols_q_reg[239]     DFFXL           slow            56.548801 n
pivot_cols_q_reg[240]     DFFXL           slow            56.548801 n
pivot_cols_q_reg[241]     DFFXL           slow            56.548801 n
pivot_cols_q_reg[242]     DFFXL           slow            56.548801 n
pivot_cols_q_reg[243]     DFFXL           slow            56.548801 n
pivot_cols_q_reg[244]     DFFXL           slow            56.548801 n
pivot_cols_q_reg[245]     DFFXL           slow            56.548801 n
pivot_cols_q_reg[246]     DFFXL           slow            56.548801 n
pivot_cols_q_reg[247]     DFFXL           slow            56.548801 n
pivot_cols_q_reg[248]     DFFXL           slow            56.548801 n
pivot_cols_q_reg[249]     DFFXL           slow            56.548801 n
pivot_cols_q_reg[250]     DFFXL           slow            56.548801 n
pivot_cols_q_reg[251]     DFFXL           slow            56.548801 n
pivot_cols_q_reg[252]     DFFXL           slow            56.548801 n
pivot_cols_q_reg[253]     DFFXL           slow            56.548801 n
pivot_cols_q_reg[254]     DFFXL           slow            56.548801 n
pivot_cols_q_reg[255]     DFFXL           slow            56.548801 n
pivot_cols_q_reg[256]     DFFXL           slow            56.548801 n
pivot_cols_q_reg[257]     DFFXL           slow            56.548801 n
pivot_cols_q_reg[258]     DFFXL           slow            56.548801 n
pivot_cols_q_reg[259]     DFFXL           slow            56.548801 n
pivot_rows_q_reg[0]       DFFHQX1         slow            53.222401 n
pivot_rows_q_reg[1]       DFFHQX1         slow            53.222401 n
pivot_rows_q_reg[2]       DFFHQX1         slow            53.222401 n
pivot_rows_q_reg[3]       DFFHQX1         slow            53.222401 n
pivot_rows_q_reg[4]       DFFHQX1         slow            53.222401 n
pivot_rows_q_reg[5]       DFFHQX1         slow            53.222401 n
pivot_rows_q_reg[6]       DFFHQX1         slow            53.222401 n
pivot_rows_q_reg[7]       DFFHQX1         slow            53.222401 n
pivot_rows_q_reg[8]       DFFHQX1         slow            53.222401 n
pivot_rows_q_reg[9]       DFFHQX1         slow            53.222401 n
pivot_rows_q_reg[10]      DFFHQX1         slow            53.222401 n
pivot_rows_q_reg[11]      DFFHQX1         slow            53.222401 n
pivot_rows_q_reg[12]      DFFHQX1         slow            53.222401 n
pivot_rows_q_reg[13]      DFFHQX1         slow            53.222401 n
pivot_rows_q_reg[14]      DFFHQX1         slow            53.222401 n
pivot_rows_q_reg[15]      DFFHQX1         slow            53.222401 n
pivot_rows_q_reg[16]      DFFHQX1         slow            53.222401 n
pivot_rows_q_reg[17]      DFFHQX1         slow            53.222401 n
pivot_rows_q_reg[18]      DFFHQX1         slow            53.222401 n
pivot_rows_q_reg[19]      DFFHQX1         slow            53.222401 n
pivot_rows_q_reg[20]      DFFHQX1         slow            53.222401 n
pivot_rows_q_reg[21]      DFFHQX1         slow            53.222401 n
pivot_rows_q_reg[22]      DFFHQX1         slow            53.222401 n
pivot_rows_q_reg[23]      DFFHQX1         slow            53.222401 n
pivot_rows_q_reg[24]      DFFHQX1         slow            53.222401 n
pivot_rows_q_reg[25]      DFFHQX1         slow            53.222401 n
pivot_rows_q_reg[26]      DFFHQX1         slow            53.222401 n
pivot_rows_q_reg[27]      DFFHQX1         slow            53.222401 n
pivot_rows_q_reg[28]      DFFHQX1         slow            53.222401 n
pivot_rows_q_reg[29]      DFFHQX1         slow            53.222401 n
pivot_rows_q_reg[30]      DFFHQX1         slow            53.222401 n
pivot_rows_q_reg[31]      DFFHQX1         slow            53.222401 n
pivot_rows_q_reg[32]      DFFHQX1         slow            53.222401 n
pivot_rows_q_reg[33]      DFFHQX1         slow            53.222401 n
pivot_rows_q_reg[34]      DFFHQX1         slow            53.222401 n
pivot_rows_q_reg[35]      DFFHQX1         slow            53.222401 n
pivot_rows_q_reg[36]      DFFHQX1         slow            53.222401 n
pivot_rows_q_reg[37]      DFFHQX1         slow            53.222401 n
pivot_rows_q_reg[38]      DFFHQX1         slow            53.222401 n
pivot_rows_q_reg[39]      DFFHQX1         slow            53.222401 n
pivot_rows_q_reg[40]      DFFHQX1         slow            53.222401 n
pivot_rows_q_reg[41]      DFFHQX1         slow            53.222401 n
pivot_rows_q_reg[42]      DFFHQX1         slow            53.222401 n
pivot_rows_q_reg[43]      DFFHQX1         slow            53.222401 n
pivot_rows_q_reg[44]      DFFHQX1         slow            53.222401 n
pivot_rows_q_reg[45]      DFFHQX1         slow            53.222401 n
pivot_rows_q_reg[46]      DFFHQX1         slow            53.222401 n
pivot_rows_q_reg[47]      DFFHQX1         slow            53.222401 n
pivot_rows_q_reg[48]      DFFHQX1         slow            53.222401 n
pivot_rows_q_reg[49]      DFFHQX1         slow            53.222401 n
pivot_rows_q_reg[50]      DFFHQX1         slow            53.222401 n
pivot_rows_q_reg[51]      DFFHQX1         slow            53.222401 n
pivot_rows_q_reg[52]      DFFHQX1         slow            53.222401 n
pivot_rows_q_reg[53]      DFFHQX1         slow            53.222401 n
pivot_rows_q_reg[54]      DFFHQX1         slow            53.222401 n
pivot_rows_q_reg[55]      DFFHQX1         slow            53.222401 n
pivot_rows_q_reg[56]      DFFHQX1         slow            53.222401 n
pivot_rows_q_reg[57]      DFFHQX1         slow            53.222401 n
pivot_rows_q_reg[58]      DFFHQX1         slow            53.222401 n
pivot_rows_q_reg[59]      DFFHQX1         slow            53.222401 n
pivot_rows_q_reg[60]      DFFHQX1         slow            53.222401 n
pivot_rows_q_reg[61]      DFFHQX1         slow            53.222401 n
pivot_rows_q_reg[62]      DFFHQX1         slow            53.222401 n
pivot_rows_q_reg[63]      DFFHQX1         slow            53.222401 n
pivot_rows_q_reg[64]      DFFHQX1         slow            53.222401 n
pivot_rows_q_reg[65]      DFFHQX1         slow            53.222401 n
pivot_rows_q_reg[66]      DFFHQX1         slow            53.222401 n
pivot_rows_q_reg[67]      DFFHQX1         slow            53.222401 n
pivot_rows_q_reg[68]      DFFHQX1         slow            53.222401 n
pivot_rows_q_reg[69]      DFFHQX1         slow            53.222401 n
pivot_rows_q_reg[70]      DFFHQX1         slow            53.222401 n
pivot_rows_q_reg[71]      DFFHQX1         slow            53.222401 n
pivot_rows_q_reg[72]      DFFHQX1         slow            53.222401 n
pivot_rows_q_reg[73]      DFFHQX1         slow            53.222401 n
pivot_rows_q_reg[74]      DFFHQX1         slow            53.222401 n
pivot_rows_q_reg[75]      DFFHQX1         slow            53.222401 n
pivot_rows_q_reg[76]      DFFHQX1         slow            53.222401 n
pivot_rows_q_reg[77]      DFFHQX1         slow            53.222401 n
pivot_rows_q_reg[78]      DFFHQX1         slow            53.222401 n
pivot_rows_q_reg[79]      DFFHQX1         slow            53.222401 n
pivot_rows_q_reg[80]      DFFHQX1         slow            53.222401 n
pivot_rows_q_reg[81]      DFFHQX1         slow            53.222401 n
pivot_rows_q_reg[82]      DFFHQX1         slow            53.222401 n
pivot_rows_q_reg[83]      DFFHQX1         slow            53.222401 n
pivot_rows_q_reg[84]      DFFHQX1         slow            53.222401 n
pivot_rows_q_reg[85]      DFFHQX1         slow            53.222401 n
pivot_rows_q_reg[86]      DFFHQX1         slow            53.222401 n
pivot_rows_q_reg[87]      DFFHQX1         slow            53.222401 n
pivot_rows_q_reg[88]      DFFHQX1         slow            53.222401 n
pivot_rows_q_reg[89]      DFFHQX1         slow            53.222401 n
pivot_rows_q_reg[90]      DFFXL           slow            56.548801 n
pivot_rows_q_reg[91]      DFFXL           slow            56.548801 n
pivot_rows_q_reg[92]      DFFXL           slow            56.548801 n
pivot_rows_q_reg[93]      DFFXL           slow            56.548801 n
pivot_rows_q_reg[94]      DFFXL           slow            56.548801 n
pivot_rows_q_reg[95]      DFFXL           slow            56.548801 n
pivot_rows_q_reg[96]      DFFXL           slow            56.548801 n
pivot_rows_q_reg[97]      DFFXL           slow            56.548801 n
pivot_rows_q_reg[98]      DFFXL           slow            56.548801 n
pivot_rows_q_reg[99]      DFFXL           slow            56.548801 n
pivot_rows_q_reg[100]     DFFXL           slow            56.548801 n
pivot_rows_q_reg[101]     DFFXL           slow            56.548801 n
pivot_rows_q_reg[102]     DFFXL           slow            56.548801 n
pivot_rows_q_reg[103]     DFFXL           slow            56.548801 n
pivot_rows_q_reg[104]     DFFXL           slow            56.548801 n
pivot_rows_q_reg[105]     DFFXL           slow            56.548801 n
pivot_rows_q_reg[106]     DFFXL           slow            56.548801 n
pivot_rows_q_reg[107]     DFFXL           slow            56.548801 n
pivot_rows_q_reg[108]     DFFXL           slow            56.548801 n
pivot_rows_q_reg[109]     DFFXL           slow            56.548801 n
pivot_rows_q_reg[110]     DFFXL           slow            56.548801 n
pivot_rows_q_reg[111]     DFFXL           slow            56.548801 n
pivot_rows_q_reg[112]     DFFXL           slow            56.548801 n
pivot_rows_q_reg[113]     DFFXL           slow            56.548801 n
pivot_rows_q_reg[114]     DFFXL           slow            56.548801 n
pivot_rows_q_reg[115]     DFFXL           slow            56.548801 n
pivot_rows_q_reg[116]     DFFXL           slow            56.548801 n
pivot_rows_q_reg[117]     DFFXL           slow            56.548801 n
pivot_rows_q_reg[118]     DFFXL           slow            56.548801 n
pivot_rows_q_reg[119]     DFFXL           slow            56.548801 n
pivot_rows_q_reg[120]     DFFXL           slow            56.548801 n
pivot_rows_q_reg[121]     DFFXL           slow            56.548801 n
pivot_rows_q_reg[122]     DFFXL           slow            56.548801 n
pivot_rows_q_reg[123]     DFFXL           slow            56.548801 n
pivot_rows_q_reg[124]     DFFXL           slow            56.548801 n
pivot_rows_q_reg[125]     DFFXL           slow            56.548801 n
pivot_rows_q_reg[126]     DFFXL           slow            56.548801 n
pivot_rows_q_reg[127]     DFFXL           slow            56.548801 n
pivot_rows_q_reg[128]     DFFXL           slow            56.548801 n
pivot_rows_q_reg[129]     DFFXL           slow            56.548801 n
pivot_rows_q_reg[130]     DFFXL           slow            56.548801 n
pivot_rows_q_reg[131]     DFFXL           slow            56.548801 n
pivot_rows_q_reg[132]     DFFXL           slow            56.548801 n
pivot_rows_q_reg[133]     DFFXL           slow            56.548801 n
pivot_rows_q_reg[134]     DFFXL           slow            56.548801 n
pivot_rows_q_reg[135]     DFFXL           slow            56.548801 n
pivot_rows_q_reg[136]     DFFXL           slow            56.548801 n
pivot_rows_q_reg[137]     DFFXL           slow            56.548801 n
pivot_rows_q_reg[138]     DFFXL           slow            56.548801 n
pivot_rows_q_reg[139]     DFFXL           slow            56.548801 n
pivot_rows_q_reg[140]     DFFXL           slow            56.548801 n
pivot_rows_q_reg[141]     DFFXL           slow            56.548801 n
pivot_rows_q_reg[142]     DFFXL           slow            56.548801 n
pivot_rows_q_reg[143]     DFFXL           slow            56.548801 n
pivot_rows_q_reg[144]     DFFXL           slow            56.548801 n
pivot_rows_q_reg[145]     DFFXL           slow            56.548801 n
pivot_rows_q_reg[146]     DFFXL           slow            56.548801 n
pivot_rows_q_reg[147]     DFFXL           slow            56.548801 n
pivot_rows_q_reg[148]     DFFXL           slow            56.548801 n
pivot_rows_q_reg[149]     DFFXL           slow            56.548801 n
pivot_rows_q_reg[150]     DFFXL           slow            56.548801 n
pivot_rows_q_reg[151]     DFFXL           slow            56.548801 n
pivot_rows_q_reg[152]     DFFXL           slow            56.548801 n
pivot_rows_q_reg[153]     DFFXL           slow            56.548801 n
pivot_rows_q_reg[154]     DFFXL           slow            56.548801 n
pivot_rows_q_reg[155]     DFFXL           slow            56.548801 n
pivot_rows_q_reg[156]     DFFXL           slow            56.548801 n
pivot_rows_q_reg[157]     DFFXL           slow            56.548801 n
pivot_rows_q_reg[158]     DFFXL           slow            56.548801 n
pivot_rows_q_reg[159]     DFFXL           slow            56.548801 n
pivot_rows_q_reg[160]     DFFXL           slow            56.548801 n
pivot_rows_q_reg[161]     DFFXL           slow            56.548801 n
pivot_rows_q_reg[162]     DFFXL           slow            56.548801 n
pivot_rows_q_reg[163]     DFFXL           slow            56.548801 n
pivot_rows_q_reg[164]     DFFXL           slow            56.548801 n
pivot_rows_q_reg[165]     DFFXL           slow            56.548801 n
pivot_rows_q_reg[166]     DFFXL           slow            56.548801 n
pivot_rows_q_reg[167]     DFFXL           slow            56.548801 n
pivot_rows_q_reg[168]     DFFXL           slow            56.548801 n
pivot_rows_q_reg[169]     DFFXL           slow            56.548801 n
pivot_rows_q_reg[170]     DFFXL           slow            56.548801 n
pivot_rows_q_reg[171]     DFFXL           slow            56.548801 n
pivot_rows_q_reg[172]     DFFXL           slow            56.548801 n
pivot_rows_q_reg[173]     DFFXL           slow            56.548801 n
pivot_rows_q_reg[174]     DFFXL           slow            56.548801 n
pivot_rows_q_reg[175]     DFFXL           slow            56.548801 n
pivot_rows_q_reg[176]     DFFXL           slow            56.548801 n
pivot_rows_q_reg[177]     DFFXL           slow            56.548801 n
pivot_rows_q_reg[178]     DFFXL           slow            56.548801 n
pivot_rows_q_reg[179]     DFFXL           slow            56.548801 n
pivot_valid_q_reg[0]      DFFHQX1         slow            53.222401 n
pivot_valid_q_reg[1]      DFFHQX1         slow            53.222401 n
pivot_valid_q_reg[2]      DFFHQX1         slow            53.222401 n
pivot_valid_q_reg[3]      DFFHQX1         slow            53.222401 n
pivot_valid_q_reg[4]      DFFHQX1         slow            53.222401 n
pivot_valid_q_reg[5]      DFFHQX1         slow            53.222401 n
pivot_valid_q_reg[6]      DFFHQX1         slow            53.222401 n
pivot_valid_q_reg[7]      DFFHQX1         slow            53.222401 n
pivot_valid_q_reg[8]      DFFHQX1         slow            53.222401 n
pivot_valid_q_reg[9]      DFFHQX1         slow            53.222401 n
pivot_valid_q_reg[10]     DFFHQX1         slow            53.222401 n
pivot_valid_q_reg[11]     DFFHQX1         slow            53.222401 n
pivot_valid_q_reg[12]     DFFHQX1         slow            53.222401 n
pivot_valid_q_reg[13]     DFFHQX1         slow            53.222401 n
pivot_valid_q_reg[14]     DFFHQX1         slow            53.222401 n
pivot_valid_q_reg[15]     DFFHQX1         slow            53.222401 n
pivot_valid_q_reg[16]     DFFHQX1         slow            53.222401 n
pivot_valid_q_reg[17]     DFFHQX1         slow            53.222401 n
pivot_valid_q_reg[18]     DFFHQX1         slow            53.222401 n
pivot_valid_q_reg[19]     DFFHQX1         slow            53.222401 n
producer                  recam_n2_preopt_candidate_map_producer_ROW_ADDR_W9_PHYS_COL_ADDR_W13_WORD_COL_ADDR_W5_HYBRID_LINE_ADDR_W13_HYBRID_ENTRIES7
                                                          721173.505202
                                                                    h, n, p
producer_start_q_reg      DFFHQX1         slow            53.222401 n
repairable_q_reg          DFFHQX1         slow            53.222401 n
retention                 dss_group_pivot_address_regs_ROW_ADDR_W9_PHYS_COL_ADDR_W13
                                                          43988.314774
                                                                    h, n, p
row_gt1_q_reg[0]          DFFHQX1         slow            53.222401 n
row_gt1_q_reg[1]          DFFHQX1         slow            53.222401 n
row_gt1_q_reg[2]          DFFHQX1         slow            53.222401 n
row_gt1_q_reg[3]          DFFHQX1         slow            53.222401 n
row_gt1_q_reg[4]          DFFHQX1         slow            53.222401 n
row_gt1_q_reg[5]          DFFHQX1         slow            53.222401 n
row_gt1_q_reg[6]          DFFHQX1         slow            53.222401 n
row_gt1_q_reg[7]          DFFHQX1         slow            53.222401 n
row_gt1_q_reg[8]          DFFHQX1         slow            53.222401 n
row_gt1_q_reg[9]          DFFHQX1         slow            53.222401 n
row_gt1_q_reg[10]         DFFHQX1         slow            53.222401 n
row_gt1_q_reg[11]         DFFHQX1         slow            53.222401 n
row_gt1_q_reg[12]         DFFHQX1         slow            53.222401 n
row_gt1_q_reg[13]         DFFHQX1         slow            53.222401 n
row_gt1_q_reg[14]         DFFHQX1         slow            53.222401 n
row_gt1_q_reg[15]         DFFHQX1         slow            53.222401 n
row_gt1_q_reg[16]         DFFHQX1         slow            53.222401 n
row_gt1_q_reg[17]         DFFHQX1         slow            53.222401 n
row_gt1_q_reg[18]         DFFHQX1         slow            53.222401 n
row_gt1_q_reg[19]         DFFHQX1         slow            53.222401 n
row_gt2_q_reg[0]          DFFHQX1         slow            53.222401 n
row_gt2_q_reg[1]          DFFHQX1         slow            53.222401 n
row_gt2_q_reg[2]          DFFHQX1         slow            53.222401 n
row_gt2_q_reg[3]          DFFHQX1         slow            53.222401 n
row_gt2_q_reg[4]          DFFHQX1         slow            53.222401 n
row_gt2_q_reg[5]          DFFHQX1         slow            53.222401 n
row_gt2_q_reg[6]          DFFHQX1         slow            53.222401 n
row_gt2_q_reg[7]          DFFHQX1         slow            53.222401 n
row_gt2_q_reg[8]          DFFHQX1         slow            53.222401 n
row_gt2_q_reg[9]          DFFHQX1         slow            53.222401 n
row_gt2_q_reg[10]         DFFHQX1         slow            53.222401 n
row_gt2_q_reg[11]         DFFHQX1         slow            53.222401 n
row_gt2_q_reg[12]         DFFHQX1         slow            53.222401 n
row_gt2_q_reg[13]         DFFHQX1         slow            53.222401 n
row_gt2_q_reg[14]         DFFHQX1         slow            53.222401 n
row_gt2_q_reg[15]         DFFHQX1         slow            53.222401 n
row_gt2_q_reg[16]         DFFHQX1         slow            53.222401 n
row_gt2_q_reg[17]         DFFHQX1         slow            53.222401 n
row_gt2_q_reg[18]         DFFHQX1         slow            53.222401 n
row_gt2_q_reg[19]         DFFHQX1         slow            53.222401 n
row_gt3_q_reg[0]          DFFHQX1         slow            53.222401 n
row_gt3_q_reg[1]          DFFHQX1         slow            53.222401 n
row_gt3_q_reg[2]          DFFHQX1         slow            53.222401 n
row_gt3_q_reg[3]          DFFHQX1         slow            53.222401 n
row_gt3_q_reg[4]          DFFHQX1         slow            53.222401 n
row_gt3_q_reg[5]          DFFHQX1         slow            53.222401 n
row_gt3_q_reg[6]          DFFHQX1         slow            53.222401 n
row_gt3_q_reg[7]          DFFHQX1         slow            53.222401 n
row_gt3_q_reg[8]          DFFHQX1         slow            53.222401 n
row_gt3_q_reg[9]          DFFHQX1         slow            53.222401 n
row_gt3_q_reg[10]         DFFHQX1         slow            53.222401 n
row_gt3_q_reg[11]         DFFHQX1         slow            53.222401 n
row_gt3_q_reg[12]         DFFHQX1         slow            53.222401 n
row_gt3_q_reg[13]         DFFHQX1         slow            53.222401 n
row_gt3_q_reg[14]         DFFHQX1         slow            53.222401 n
row_gt3_q_reg[15]         DFFHQX1         slow            53.222401 n
row_gt3_q_reg[16]         DFFHQX1         slow            53.222401 n
row_gt3_q_reg[17]         DFFHQX1         slow            53.222401 n
row_gt3_q_reg[18]         DFFHQX1         slow            53.222401 n
row_gt3_q_reg[19]         DFFHQX1         slow            53.222401 n
search                    recam_dss_grid2x2_directional_rs2_cs2_m1_normalized_group_global_noscratch_opt1_classcollapsed_core
                                                          176651.800564
                                                                    h, n
search_start_q_reg        DFFHQX1         slow            53.222401 n
selected_action_q_reg[0]  DFFHQX1         slow            53.222401 n
selected_action_q_reg[1]  DFFHQX1         slow            53.222401 n
selected_action_q_reg[2]  DFFHQX1         slow            53.222401 n
selected_action_q_reg[3]  DFFHQX1         slow            53.222401 n
selected_action_q_reg[4]  DFFHQX1         slow            53.222401 n
selected_action_q_reg[5]  DFFHQX1         slow            53.222401 n
selected_action_q_reg[6]  DFFHQX1         slow            53.222401 n
selected_action_q_reg[7]  DFFHQX1         slow            53.222401 n
selected_borrow_q_reg[0]  DFFHQX1         slow            53.222401 n
selected_borrow_q_reg[1]  DFFHQX1         slow            53.222401 n
selected_borrow_q_reg[2]  DFFHQX1         slow            53.222401 n
selected_borrow_q_reg[3]  DFFHQX1         slow            53.222401 n
selected_config_q_reg[0]  DFFHQX1         slow            53.222401 n
selected_config_q_reg[1]  DFFHQX1         slow            53.222401 n
selected_config_q_reg[2]  DFFHQX2         slow            66.528000 n
selected_config_q_reg[3]  DFFHQX1         slow            53.222401 n
selected_config_q_reg[4]  DFFHQX1         slow            53.222401 n
selected_config_q_reg[5]  DFFHQX2         slow            66.528000 n
selected_config_q_reg[6]  DFFHQX1         slow            53.222401 n
selected_config_q_reg[7]  DFFHQX1         slow            53.222401 n
selected_config_q_reg[8]  DFFHQX2         slow            66.528000 n
selected_config_q_reg[9]  DFFHQX1         slow            53.222401 n
selected_config_q_reg[10] DFFHQX1         slow            53.222401 n
selected_config_q_reg[11] DFFHQX2         slow            66.528000 n
selected_donor_q_reg[0]   DFFHQX1         slow            53.222401 n
selected_donor_q_reg[1]   DFFHQX1         slow            53.222401 n
selected_donor_q_reg[2]   DFFHQX1         slow            53.222401 n
selected_donor_q_reg[3]   DFFHQX1         slow            53.222401 n
selected_donor_q_reg[4]   DFFHQX1         slow            53.222401 n
selected_donor_q_reg[5]   DFFHQX1         slow            53.222401 n
selected_donor_q_reg[6]   DFFHQX1         slow            53.222401 n
selected_donor_q_reg[7]   DFFHQX1         slow            53.222401 n
selected_pattern_q_reg[0] DFFHQX1         slow            53.222401 n
selected_pattern_q_reg[1] DFFHQX1         slow            53.222401 n
selected_pattern_q_reg[2] DFFHQX1         slow            53.222401 n
selected_pattern_q_reg[3] DFFHQX2         slow            66.528000 n
selected_pattern_q_reg[4] DFFHQX1         slow            53.222401 n
selected_pattern_q_reg[5] DFFHQX1         slow            53.222401 n
selected_pattern_q_reg[6] DFFHQX1         slow            53.222401 n
selected_pattern_q_reg[7] DFFHQX2         slow            66.528000 n
selected_pattern_q_reg[8] DFFHQX1         slow            53.222401 n
selected_pattern_q_reg[9] DFFHQX1         slow            53.222401 n
selected_pattern_q_reg[10]
                          DFFHQX1         slow            53.222401 n
selected_pattern_q_reg[11]
                          DFFHQX2         slow            66.528000 n
selected_pattern_q_reg[12]
                          DFFHQX1         slow            53.222401 n
selected_pattern_q_reg[13]
                          DFFHQX1         slow            53.222401 n
selected_pattern_q_reg[14]
                          DFFHQX1         slow            53.222401 n
selected_pattern_q_reg[15]
                          DFFHQX2         slow            66.528000 n
selected_release_q_reg[0] DFFHQX1         slow            53.222401 n
selected_release_q_reg[1] DFFHQX1         slow            53.222401 n
selected_release_q_reg[2] DFFHQX1         slow            53.222401 n
selected_release_q_reg[3] DFFHQX1         slow            53.222401 n
selected_valid_q_reg[0]   DFFHQX1         slow            53.222401 n
selected_valid_q_reg[1]   DFFHQX1         slow            53.222401 n
selected_valid_q_reg[2]   DFFHQX1         slow            53.222401 n
selected_valid_q_reg[3]   DFFHQX1         slow            53.222401 n
state_q_reg[0]            DFFHQX1         slow            53.222401 n
state_q_reg[1]            DFFHQX1         slow            53.222401 n
state_q_reg[2]            DFFHQX1         slow            53.222401 n
--------------------------------------------------------------------------------
Total 4510 cells                                          1066806.427911
1
