 
****************************************
Report : timing
        -path full
        -delay max
        -input_pins
        -max_paths 10
Design : recam_n2_preopt_group_top
Version: W-2024.09-SP2
Date   : Thu Sep 24 10:54:55 2026
****************************************

 # A fanout number of 1000 was used for high fanout net computations.

Operating Conditions: slow   Library: slow
Wire Load Model Mode: top

  Startpoint: producer/sa_q_reg[0]
              (rising edge-triggered flip-flop clocked by recam_clk)
  Endpoint: producer/candidate_borrow_q_reg[137]
            (rising edge-triggered flip-flop clocked by recam_clk)
  Path Group: recam_clk
  Path Type: max

  Des/Clust/Port     Wire Load Model       Library
  ------------------------------------------------
  recam_n2_preopt_group_top
                     tsmc18_wl10           slow

  Point                                                   Incr       Path
  --------------------------------------------------------------------------
  clock recam_clk (rise edge)                             0.00       0.00
  clock network delay (ideal)                             0.00       0.00
  producer/sa_q_reg[0]/CK (DFFHQX4)                       0.00 #     0.00 r
  producer/sa_q_reg[0]/Q (DFFHQX4)                        0.26       0.26 f
  producer/U336/B (OR2X4)                                 0.00       0.26 f
  producer/U336/Y (OR2X4)                                 0.27       0.53 f
  producer/U214/A (INVX8)                                 0.00       0.53 f
  producer/U214/Y (INVX8)                                 0.10       0.63 r
  producer/U335/A (INVX8)                                 0.00       0.63 r
  producer/U335/Y (INVX8)                                 0.08       0.71 f
  producer/U127/A (CLKINVX8)                              0.00       0.71 f
  producer/U127/Y (CLKINVX8)                              0.12       0.84 r
  producer/U63/A (CLKINVX8)                               0.00       0.84 r
  producer/U63/Y (CLKINVX8)                               0.12       0.96 f
  producer/U535/A (CLKINVX8)                              0.00       0.96 f
  producer/U535/Y (CLKINVX8)                              0.12       1.08 r
  producer/U171/B1 (AOI2BB2X4)                            0.00       1.08 r
  producer/U171/Y (AOI2BB2X4)                             0.11       1.19 f
  producer/U2179/B (NAND2X4)                              0.00       1.19 f
  producer/U2179/Y (NAND2X4)                              0.24       1.43 r
  producer/parallel_bank/pivot_valid_i[1] (recam_n2_preopt_parallel_config_bank_ROW_ADDR_W9_PHYS_COL_ADDR_W13_WORD_COL_ADDR_W5_HYBRID_LINE_ADDR_W13_HYBRID_ENTRIES7)
                                                          0.00       1.43 r
  producer/parallel_bank/U35/A (BUFX16)                   0.00       1.43 r
  producer/parallel_bank/U35/Y (BUFX16)                   0.18       1.61 r
  producer/parallel_bank/generate_config_lane[5].analyzer/pivot_valid_i[1] (recam_shared_config_analyzer_ROW_ADDR_W9_PHYS_COL_ADDR_W13_WORD_COL_ADDR_W5_HYBRID_LINE_ADDR_W13_HYBRID_ENTRIES7_1)
                                                          0.00       1.61 r
  producer/parallel_bank/generate_config_lane[5].analyzer/U3077/A (INVX8)
                                                          0.00       1.61 r
  producer/parallel_bank/generate_config_lane[5].analyzer/U3077/Y (INVX8)
                                                          0.13       1.75 f
  producer/parallel_bank/generate_config_lane[5].analyzer/U3016/B2 (OAI33X4)
                                                          0.00       1.75 f
  producer/parallel_bank/generate_config_lane[5].analyzer/U3016/Y (OAI33X4)
                                                          0.72       2.47 r
  producer/parallel_bank/generate_config_lane[5].analyzer/U190/A (INVX8)
                                                          0.00       2.47 r
  producer/parallel_bank/generate_config_lane[5].analyzer/U190/Y (INVX8)
                                                          0.06       2.53 f
  producer/parallel_bank/generate_config_lane[5].analyzer/U3322/A (OR2X4)
                                                          0.00       2.53 f
  producer/parallel_bank/generate_config_lane[5].analyzer/U3322/Y (OR2X4)
                                                          0.25       2.78 f
  producer/parallel_bank/generate_config_lane[5].analyzer/U601/A (CLKINVX8)
                                                          0.00       2.78 f
  producer/parallel_bank/generate_config_lane[5].analyzer/U601/Y (CLKINVX8)
                                                          0.07       2.85 r
  producer/parallel_bank/generate_config_lane[5].analyzer/U3326/B (OR2X4)
                                                          0.00       2.85 r
  producer/parallel_bank/generate_config_lane[5].analyzer/U3326/Y (OR2X4)
                                                          0.22       3.07 r
  producer/parallel_bank/generate_config_lane[5].analyzer/U332/A (XOR2X4)
                                                          0.00       3.07 r
  producer/parallel_bank/generate_config_lane[5].analyzer/U332/Y (XOR2X4)
                                                          0.25       3.32 r
  producer/parallel_bank/generate_config_lane[5].analyzer/U3341/A0N (OAI2BB1X4)
                                                          0.00       3.32 r
  producer/parallel_bank/generate_config_lane[5].analyzer/U3341/Y (OAI2BB1X4)
                                                          0.21       3.53 r
  producer/parallel_bank/generate_config_lane[5].analyzer/U3255/A (BUFX20)
                                                          0.00       3.53 r
  producer/parallel_bank/generate_config_lane[5].analyzer/U3255/Y (BUFX20)
                                                          0.16       3.68 r
  producer/parallel_bank/generate_config_lane[5].analyzer/U743/A (INVX20)
                                                          0.00       3.68 r
  producer/parallel_bank/generate_config_lane[5].analyzer/U743/Y (INVX20)
                                                          0.23       3.91 f
  producer/parallel_bank/generate_config_lane[5].analyzer/U1068/A1 (OAI32XL)
                                                          0.00       3.91 f
  producer/parallel_bank/generate_config_lane[5].analyzer/U1068/Y (OAI32XL)
                                                          0.51       4.42 r
  producer/parallel_bank/generate_config_lane[5].analyzer/U3125/B0 (OAI221X4)
                                                          0.00       4.42 r
  producer/parallel_bank/generate_config_lane[5].analyzer/U3125/Y (OAI221X4)
                                                          0.50       4.92 f
  producer/parallel_bank/generate_config_lane[5].analyzer/U890/A (NOR2X4)
                                                          0.00       4.92 f
  producer/parallel_bank/generate_config_lane[5].analyzer/U890/Y (NOR2X4)
                                                          0.17       5.08 r
  producer/parallel_bank/generate_config_lane[5].analyzer/U775/A (BUFX20)
                                                          0.00       5.08 r
  producer/parallel_bank/generate_config_lane[5].analyzer/U775/Y (BUFX20)
                                                          0.19       5.27 r
  producer/parallel_bank/generate_config_lane[5].analyzer/U1180/S0 (MXI2XL)
                                                          0.00       5.27 r
  producer/parallel_bank/generate_config_lane[5].analyzer/U1180/Y (MXI2XL)
                                                          0.58       5.85 r
  producer/parallel_bank/generate_config_lane[5].analyzer/U383/A (XNOR2X2)
                                                          0.00       5.85 r
  producer/parallel_bank/generate_config_lane[5].analyzer/U383/Y (XNOR2X2)
                                                          0.45       6.30 f
  producer/parallel_bank/generate_config_lane[5].analyzer/U382/AN (NAND4BX4)
                                                          0.00       6.30 f
  producer/parallel_bank/generate_config_lane[5].analyzer/U382/Y (NAND4BX4)
                                                          0.21       6.51 f
  producer/parallel_bank/generate_config_lane[5].analyzer/U3325/C (OR4X4)
                                                          0.00       6.51 f
  producer/parallel_bank/generate_config_lane[5].analyzer/U3325/Y (OR4X4)
                                                          0.42       6.93 f
  producer/parallel_bank/generate_config_lane[5].analyzer/U3324/D (OR4X4)
                                                          0.00       6.93 f
  producer/parallel_bank/generate_config_lane[5].analyzer/U3324/Y (OR4X4)
                                                          0.53       7.46 f
  producer/parallel_bank/generate_config_lane[5].analyzer/U657/A (CLKINVX8)
                                                          0.00       7.46 f
  producer/parallel_bank/generate_config_lane[5].analyzer/U657/Y (CLKINVX8)
                                                          0.07       7.53 r
  producer/parallel_bank/generate_config_lane[5].analyzer/U772/A (NOR2X4)
                                                          0.00       7.53 r
  producer/parallel_bank/generate_config_lane[5].analyzer/U772/Y (NOR2X4)
                                                          0.11       7.64 f
  producer/parallel_bank/generate_config_lane[5].analyzer/U3331/A (BUFX20)
                                                          0.00       7.64 f
  producer/parallel_bank/generate_config_lane[5].analyzer/U3331/Y (BUFX20)
                                                          0.16       7.80 f
  producer/parallel_bank/generate_config_lane[5].analyzer/U1351/S0 (MXI2XL)
                                                          0.00       7.80 f
  producer/parallel_bank/generate_config_lane[5].analyzer/U1351/Y (MXI2XL)
                                                          0.56       8.36 r
  producer/parallel_bank/generate_config_lane[5].analyzer/U384/A (XOR2X2)
                                                          0.00       8.36 r
  producer/parallel_bank/generate_config_lane[5].analyzer/U384/Y (XOR2X2)
                                                          0.55       8.92 r
  producer/parallel_bank/generate_config_lane[5].analyzer/U663/A (NAND3X2)
                                                          0.00       8.92 r
  producer/parallel_bank/generate_config_lane[5].analyzer/U663/Y (NAND3X2)
                                                          0.11       9.03 f
  producer/parallel_bank/generate_config_lane[5].analyzer/U639/C (OR4X4)
                                                          0.00       9.03 f
  producer/parallel_bank/generate_config_lane[5].analyzer/U639/Y (OR4X4)
                                                          0.43       9.46 f
  producer/parallel_bank/generate_config_lane[5].analyzer/U3214/D (NAND4X1)
                                                          0.00       9.46 f
  producer/parallel_bank/generate_config_lane[5].analyzer/U3214/Y (NAND4X1)
                                                          0.35       9.82 r
  producer/parallel_bank/generate_config_lane[5].analyzer/U909/B0 (OAI2BB1X4)
                                                          0.00       9.82 r
  producer/parallel_bank/generate_config_lane[5].analyzer/U909/Y (OAI2BB1X4)
                                                          0.16       9.97 f
  producer/parallel_bank/generate_config_lane[5].analyzer/U905/B (NOR2X4)
                                                          0.00       9.97 f
  producer/parallel_bank/generate_config_lane[5].analyzer/U905/Y (NOR2X4)
                                                          0.14      10.11 r
  producer/parallel_bank/generate_config_lane[5].analyzer/U907/A (OR3X4)
                                                          0.00      10.11 r
  producer/parallel_bank/generate_config_lane[5].analyzer/U907/Y (OR3X4)
                                                          0.22      10.34 r
  producer/parallel_bank/generate_config_lane[5].analyzer/U2699/C (AND3X4)
                                                          0.00      10.34 r
  producer/parallel_bank/generate_config_lane[5].analyzer/U2699/Y (AND3X4)
                                                          0.25      10.59 r
  producer/parallel_bank/generate_config_lane[5].analyzer/U180/C (NAND4X2)
                                                          0.00      10.59 r
  producer/parallel_bank/generate_config_lane[5].analyzer/U180/Y (NAND4X2)
                                                          0.17      10.76 f
  producer/parallel_bank/generate_config_lane[5].analyzer/U3156/A (CLKINVX20)
                                                          0.00      10.76 f
  producer/parallel_bank/generate_config_lane[5].analyzer/U3156/Y (CLKINVX20)
                                                          0.31      11.07 r
  producer/parallel_bank/generate_config_lane[5].analyzer/U54/S0 (MXI2XL)
                                                          0.00      11.07 r
  producer/parallel_bank/generate_config_lane[5].analyzer/U54/Y (MXI2XL)
                                                          0.23      11.30 f
  producer/parallel_bank/generate_config_lane[5].analyzer/U2043/A (INVX1)
                                                          0.00      11.30 f
  producer/parallel_bank/generate_config_lane[5].analyzer/U2043/Y (INVX1)
                                                          0.44      11.74 r
  producer/parallel_bank/generate_config_lane[5].analyzer/U3841/B (XOR2X2)
                                                          0.00      11.74 r
  producer/parallel_bank/generate_config_lane[5].analyzer/U3841/Y (XOR2X2)
                                                          0.34      12.08 r
  producer/parallel_bank/generate_config_lane[5].analyzer/U852/D (AND4X4)
                                                          0.00      12.08 r
  producer/parallel_bank/generate_config_lane[5].analyzer/U852/Y (AND4X4)
                                                          0.29      12.38 r
  producer/parallel_bank/generate_config_lane[5].analyzer/U3095/B (NAND4X4)
                                                          0.00      12.38 r
  producer/parallel_bank/generate_config_lane[5].analyzer/U3095/Y (NAND4X4)
                                                          0.20      12.58 f
  producer/parallel_bank/generate_config_lane[5].analyzer/U3234/C (NAND3X4)
                                                          0.00      12.58 f
  producer/parallel_bank/generate_config_lane[5].analyzer/U3234/Y (NAND3X4)
                                                          0.27      12.85 r
  producer/parallel_bank/generate_config_lane[5].analyzer/U89/A (INVX20)
                                                          0.00      12.85 r
  producer/parallel_bank/generate_config_lane[5].analyzer/U89/Y (INVX20)
                                                          0.27      13.12 f
  producer/parallel_bank/generate_config_lane[5].analyzer/U2305/S0 (MXI2X1)
                                                          0.00      13.12 f
  producer/parallel_bank/generate_config_lane[5].analyzer/U2305/Y (MXI2X1)
                                                          0.40      13.52 r
  producer/parallel_bank/generate_config_lane[5].analyzer/U90/A (XOR2X2)
                                                          0.00      13.52 r
  producer/parallel_bank/generate_config_lane[5].analyzer/U90/Y (XOR2X2)
                                                          0.46      13.97 r
  producer/parallel_bank/generate_config_lane[5].analyzer/U931/B (OR2X4)
                                                          0.00      13.97 r
  producer/parallel_bank/generate_config_lane[5].analyzer/U931/Y (OR2X4)
                                                          0.20      14.18 r
  producer/parallel_bank/generate_config_lane[5].analyzer/U266/B (NOR2X4)
                                                          0.00      14.18 r
  producer/parallel_bank/generate_config_lane[5].analyzer/U266/Y (NOR2X4)
                                                          0.09      14.27 f
  producer/parallel_bank/generate_config_lane[5].analyzer/U667/D (NAND4X4)
                                                          0.00      14.27 f
  producer/parallel_bank/generate_config_lane[5].analyzer/U667/Y (NAND4X4)
                                                          0.17      14.44 r
  producer/parallel_bank/generate_config_lane[5].analyzer/U3330/B (NAND4BX4)
                                                          0.00      14.44 r
  producer/parallel_bank/generate_config_lane[5].analyzer/U3330/Y (NAND4BX4)
                                                          0.22      14.66 f
  producer/parallel_bank/generate_config_lane[5].analyzer/U668/B (NAND2BX4)
                                                          0.00      14.66 f
  producer/parallel_bank/generate_config_lane[5].analyzer/U668/Y (NAND2BX4)
                                                          0.20      14.85 r
  producer/parallel_bank/generate_config_lane[5].analyzer/U3245/C (NAND3X4)
                                                          0.00      14.85 r
  producer/parallel_bank/generate_config_lane[5].analyzer/U3245/Y (NAND3X4)
                                                          0.22      15.08 f
  producer/parallel_bank/generate_config_lane[5].analyzer/U342/A (CLKINVX4)
                                                          0.00      15.08 f
  producer/parallel_bank/generate_config_lane[5].analyzer/U342/Y (CLKINVX4)
                                                          0.09      15.16 r
  producer/parallel_bank/generate_config_lane[5].analyzer/U3145/A (OR2X4)
                                                          0.00      15.16 r
  producer/parallel_bank/generate_config_lane[5].analyzer/U3145/Y (OR2X4)
                                                          0.17      15.33 r
  producer/parallel_bank/generate_config_lane[5].analyzer/U2953/AN (NAND3BX4)
                                                          0.00      15.33 r
  producer/parallel_bank/generate_config_lane[5].analyzer/U2953/Y (NAND3BX4)
                                                          0.18      15.51 r
  producer/parallel_bank/generate_config_lane[5].analyzer/U4109/B (NAND3BX4)
                                                          0.00      15.51 r
  producer/parallel_bank/generate_config_lane[5].analyzer/U4109/Y (NAND3BX4)
                                                          0.19      15.70 f
  producer/parallel_bank/generate_config_lane[5].analyzer/U3114/A (CLKINVX8)
                                                          0.00      15.70 f
  producer/parallel_bank/generate_config_lane[5].analyzer/U3114/Y (CLKINVX8)
                                                          0.11      15.81 r
  producer/parallel_bank/generate_config_lane[5].analyzer/U260/D (NAND4X4)
                                                          0.00      15.81 r
  producer/parallel_bank/generate_config_lane[5].analyzer/U260/Y (NAND4X4)
                                                          0.13      15.94 f
  producer/parallel_bank/generate_config_lane[5].analyzer/U862/A (OR2X4)
                                                          0.00      15.94 f
  producer/parallel_bank/generate_config_lane[5].analyzer/U862/Y (OR2X4)
                                                          0.31      16.26 f
  producer/parallel_bank/generate_config_lane[5].analyzer/U3161/B (OR2X4)
                                                          0.00      16.26 f
  producer/parallel_bank/generate_config_lane[5].analyzer/U3161/Y (OR2X4)
                                                          0.26      16.52 f
  producer/parallel_bank/generate_config_lane[5].analyzer/U741/C (NAND4X4)
                                                          0.00      16.52 f
  producer/parallel_bank/generate_config_lane[5].analyzer/U741/Y (NAND4X4)
                                                          0.17      16.68 r
  producer/parallel_bank/generate_config_lane[5].analyzer/U165/A (INVX8)
                                                          0.00      16.68 r
  producer/parallel_bank/generate_config_lane[5].analyzer/U165/Y (INVX8)
                                                          0.05      16.73 f
  producer/parallel_bank/generate_config_lane[5].analyzer/U3323/B (OR2X4)
                                                          0.00      16.73 f
  producer/parallel_bank/generate_config_lane[5].analyzer/U3323/Y (OR2X4)
                                                          0.29      17.02 f
  producer/parallel_bank/generate_config_lane[5].analyzer/U611/B (OR2X4)
                                                          0.00      17.02 f
  producer/parallel_bank/generate_config_lane[5].analyzer/U611/Y (OR2X4)
                                                          0.24      17.26 f
  producer/parallel_bank/generate_config_lane[5].analyzer/U3329/A (AND4X4)
                                                          0.00      17.26 f
  producer/parallel_bank/generate_config_lane[5].analyzer/U3329/Y (AND4X4)
                                                          0.20      17.46 f
  producer/parallel_bank/generate_config_lane[5].analyzer/U3210/D (NAND4X4)
                                                          0.00      17.46 f
  producer/parallel_bank/generate_config_lane[5].analyzer/U3210/Y (NAND4X4)
                                                          0.18      17.65 r
  producer/parallel_bank/generate_config_lane[5].analyzer/U742/A (INVX4)
                                                          0.00      17.65 r
  producer/parallel_bank/generate_config_lane[5].analyzer/U742/Y (INVX4)
                                                          0.05      17.70 f
  producer/parallel_bank/generate_config_lane[5].analyzer/candidate_valid_o[4] (recam_shared_config_analyzer_ROW_ADDR_W9_PHYS_COL_ADDR_W13_WORD_COL_ADDR_W5_HYBRID_LINE_ADDR_W13_HYBRID_ENTRIES7_1)
                                                          0.00      17.70 f
  producer/parallel_bank/candidate_valid_flat_o[54] (recam_n2_preopt_parallel_config_bank_ROW_ADDR_W9_PHYS_COL_ADDR_W13_WORD_COL_ADDR_W5_HYBRID_LINE_ADDR_W13_HYBRID_ENTRIES7)
                                                          0.00      17.70 f
  producer/U321/A (NAND2X2)                               0.00      17.70 f
  producer/U321/Y (NAND2X2)                               0.17      17.87 r
  producer/U319/C (NAND3X4)                               0.00      17.87 r
  producer/U319/Y (NAND3X4)                               0.13      18.00 f
  producer/U315/B (NOR2X4)                                0.00      18.00 f
  producer/U315/Y (NOR2X4)                                0.15      18.15 r
  producer/U65/A (INVX4)                                  0.00      18.15 r
  producer/U65/Y (INVX4)                                  0.06      18.21 f
  producer/U314/A (NOR2X4)                                0.00      18.21 f
  producer/U314/Y (NOR2X4)                                0.14      18.35 r
  producer/U255/D (NAND4BX4)                              0.00      18.35 r
  producer/U255/Y (NAND4BX4)                              0.17      18.52 f
  producer/transition_adapter/candidate_valid_i (recam_dss_grid2x2_directional_rs2_cs2_m1_normalized_group_global_noscratch_candidate_transition_adapter)
                                                          0.00      18.52 f
  producer/transition_adapter/U12/A (AND2X4)              0.00      18.52 f
  producer/transition_adapter/U12/Y (AND2X4)              0.25      18.76 f
  producer/transition_adapter/actual_borrow_o (recam_dss_grid2x2_directional_rs2_cs2_m1_normalized_group_global_noscratch_candidate_transition_adapter)
                                                          0.00      18.76 f
  producer/U68/A (INVX8)                                  0.00      18.76 f
  producer/U68/Y (INVX8)                                  0.17      18.93 r
  producer/U2071/B (OR2X4)                                0.00      18.93 r
  producer/U2071/Y (OR2X4)                                0.28      19.20 r
  producer/U2113/B (OR2X4)                                0.00      19.20 r
  producer/U2113/Y (OR2X4)                                0.24      19.45 r
  producer/U1690/A1 (OAI22X1)                             0.00      19.45 r
  producer/U1690/Y (OAI22X1)                              0.16      19.61 f
  producer/candidate_borrow_q_reg[137]/D (DFFHQX1)        0.00      19.61 f
  data arrival time                                                 19.61

  clock recam_clk (rise edge)                            20.00      20.00
  clock network delay (ideal)                             0.00      20.00
  producer/candidate_borrow_q_reg[137]/CK (DFFHQX1)       0.00      20.00 r
  library setup time                                     -0.39      19.61
  data required time                                                19.61
  --------------------------------------------------------------------------
  data required time                                                19.61
  data arrival time                                                -19.61
  --------------------------------------------------------------------------
  slack (MET)                                                        0.00


  Startpoint: producer/sa_q_reg[0]
              (rising edge-triggered flip-flop clocked by recam_clk)
  Endpoint: producer/candidate_borrow_q_reg[47]
            (rising edge-triggered flip-flop clocked by recam_clk)
  Path Group: recam_clk
  Path Type: max

  Des/Clust/Port     Wire Load Model       Library
  ------------------------------------------------
  recam_n2_preopt_group_top
                     tsmc18_wl10           slow

  Point                                                   Incr       Path
  --------------------------------------------------------------------------
  clock recam_clk (rise edge)                             0.00       0.00
  clock network delay (ideal)                             0.00       0.00
  producer/sa_q_reg[0]/CK (DFFHQX4)                       0.00 #     0.00 r
  producer/sa_q_reg[0]/Q (DFFHQX4)                        0.26       0.26 f
  producer/U336/B (OR2X4)                                 0.00       0.26 f
  producer/U336/Y (OR2X4)                                 0.27       0.53 f
  producer/U214/A (INVX8)                                 0.00       0.53 f
  producer/U214/Y (INVX8)                                 0.10       0.63 r
  producer/U335/A (INVX8)                                 0.00       0.63 r
  producer/U335/Y (INVX8)                                 0.08       0.71 f
  producer/U127/A (CLKINVX8)                              0.00       0.71 f
  producer/U127/Y (CLKINVX8)                              0.12       0.84 r
  producer/U63/A (CLKINVX8)                               0.00       0.84 r
  producer/U63/Y (CLKINVX8)                               0.12       0.96 f
  producer/U535/A (CLKINVX8)                              0.00       0.96 f
  producer/U535/Y (CLKINVX8)                              0.12       1.08 r
  producer/U171/B1 (AOI2BB2X4)                            0.00       1.08 r
  producer/U171/Y (AOI2BB2X4)                             0.11       1.19 f
  producer/U2179/B (NAND2X4)                              0.00       1.19 f
  producer/U2179/Y (NAND2X4)                              0.24       1.43 r
  producer/parallel_bank/pivot_valid_i[1] (recam_n2_preopt_parallel_config_bank_ROW_ADDR_W9_PHYS_COL_ADDR_W13_WORD_COL_ADDR_W5_HYBRID_LINE_ADDR_W13_HYBRID_ENTRIES7)
                                                          0.00       1.43 r
  producer/parallel_bank/U35/A (BUFX16)                   0.00       1.43 r
  producer/parallel_bank/U35/Y (BUFX16)                   0.18       1.61 r
  producer/parallel_bank/generate_config_lane[5].analyzer/pivot_valid_i[1] (recam_shared_config_analyzer_ROW_ADDR_W9_PHYS_COL_ADDR_W13_WORD_COL_ADDR_W5_HYBRID_LINE_ADDR_W13_HYBRID_ENTRIES7_1)
                                                          0.00       1.61 r
  producer/parallel_bank/generate_config_lane[5].analyzer/U3077/A (INVX8)
                                                          0.00       1.61 r
  producer/parallel_bank/generate_config_lane[5].analyzer/U3077/Y (INVX8)
                                                          0.13       1.75 f
  producer/parallel_bank/generate_config_lane[5].analyzer/U3016/B2 (OAI33X4)
                                                          0.00       1.75 f
  producer/parallel_bank/generate_config_lane[5].analyzer/U3016/Y (OAI33X4)
                                                          0.72       2.47 r
  producer/parallel_bank/generate_config_lane[5].analyzer/U190/A (INVX8)
                                                          0.00       2.47 r
  producer/parallel_bank/generate_config_lane[5].analyzer/U190/Y (INVX8)
                                                          0.06       2.53 f
  producer/parallel_bank/generate_config_lane[5].analyzer/U3322/A (OR2X4)
                                                          0.00       2.53 f
  producer/parallel_bank/generate_config_lane[5].analyzer/U3322/Y (OR2X4)
                                                          0.25       2.78 f
  producer/parallel_bank/generate_config_lane[5].analyzer/U601/A (CLKINVX8)
                                                          0.00       2.78 f
  producer/parallel_bank/generate_config_lane[5].analyzer/U601/Y (CLKINVX8)
                                                          0.07       2.85 r
  producer/parallel_bank/generate_config_lane[5].analyzer/U3326/B (OR2X4)
                                                          0.00       2.85 r
  producer/parallel_bank/generate_config_lane[5].analyzer/U3326/Y (OR2X4)
                                                          0.22       3.07 r
  producer/parallel_bank/generate_config_lane[5].analyzer/U332/A (XOR2X4)
                                                          0.00       3.07 r
  producer/parallel_bank/generate_config_lane[5].analyzer/U332/Y (XOR2X4)
                                                          0.25       3.32 r
  producer/parallel_bank/generate_config_lane[5].analyzer/U3341/A0N (OAI2BB1X4)
                                                          0.00       3.32 r
  producer/parallel_bank/generate_config_lane[5].analyzer/U3341/Y (OAI2BB1X4)
                                                          0.21       3.53 r
  producer/parallel_bank/generate_config_lane[5].analyzer/U3255/A (BUFX20)
                                                          0.00       3.53 r
  producer/parallel_bank/generate_config_lane[5].analyzer/U3255/Y (BUFX20)
                                                          0.16       3.68 r
  producer/parallel_bank/generate_config_lane[5].analyzer/U743/A (INVX20)
                                                          0.00       3.68 r
  producer/parallel_bank/generate_config_lane[5].analyzer/U743/Y (INVX20)
                                                          0.23       3.91 f
  producer/parallel_bank/generate_config_lane[5].analyzer/U1068/A1 (OAI32XL)
                                                          0.00       3.91 f
  producer/parallel_bank/generate_config_lane[5].analyzer/U1068/Y (OAI32XL)
                                                          0.51       4.42 r
  producer/parallel_bank/generate_config_lane[5].analyzer/U3125/B0 (OAI221X4)
                                                          0.00       4.42 r
  producer/parallel_bank/generate_config_lane[5].analyzer/U3125/Y (OAI221X4)
                                                          0.50       4.92 f
  producer/parallel_bank/generate_config_lane[5].analyzer/U890/A (NOR2X4)
                                                          0.00       4.92 f
  producer/parallel_bank/generate_config_lane[5].analyzer/U890/Y (NOR2X4)
                                                          0.17       5.08 r
  producer/parallel_bank/generate_config_lane[5].analyzer/U775/A (BUFX20)
                                                          0.00       5.08 r
  producer/parallel_bank/generate_config_lane[5].analyzer/U775/Y (BUFX20)
                                                          0.19       5.27 r
  producer/parallel_bank/generate_config_lane[5].analyzer/U1180/S0 (MXI2XL)
                                                          0.00       5.27 r
  producer/parallel_bank/generate_config_lane[5].analyzer/U1180/Y (MXI2XL)
                                                          0.58       5.85 r
  producer/parallel_bank/generate_config_lane[5].analyzer/U383/A (XNOR2X2)
                                                          0.00       5.85 r
  producer/parallel_bank/generate_config_lane[5].analyzer/U383/Y (XNOR2X2)
                                                          0.45       6.30 f
  producer/parallel_bank/generate_config_lane[5].analyzer/U382/AN (NAND4BX4)
                                                          0.00       6.30 f
  producer/parallel_bank/generate_config_lane[5].analyzer/U382/Y (NAND4BX4)
                                                          0.21       6.51 f
  producer/parallel_bank/generate_config_lane[5].analyzer/U3325/C (OR4X4)
                                                          0.00       6.51 f
  producer/parallel_bank/generate_config_lane[5].analyzer/U3325/Y (OR4X4)
                                                          0.42       6.93 f
  producer/parallel_bank/generate_config_lane[5].analyzer/U3324/D (OR4X4)
                                                          0.00       6.93 f
  producer/parallel_bank/generate_config_lane[5].analyzer/U3324/Y (OR4X4)
                                                          0.53       7.46 f
  producer/parallel_bank/generate_config_lane[5].analyzer/U657/A (CLKINVX8)
                                                          0.00       7.46 f
  producer/parallel_bank/generate_config_lane[5].analyzer/U657/Y (CLKINVX8)
                                                          0.07       7.53 r
  producer/parallel_bank/generate_config_lane[5].analyzer/U772/A (NOR2X4)
                                                          0.00       7.53 r
  producer/parallel_bank/generate_config_lane[5].analyzer/U772/Y (NOR2X4)
                                                          0.11       7.64 f
  producer/parallel_bank/generate_config_lane[5].analyzer/U3331/A (BUFX20)
                                                          0.00       7.64 f
  producer/parallel_bank/generate_config_lane[5].analyzer/U3331/Y (BUFX20)
                                                          0.16       7.80 f
  producer/parallel_bank/generate_config_lane[5].analyzer/U1351/S0 (MXI2XL)
                                                          0.00       7.80 f
  producer/parallel_bank/generate_config_lane[5].analyzer/U1351/Y (MXI2XL)
                                                          0.56       8.36 r
  producer/parallel_bank/generate_config_lane[5].analyzer/U384/A (XOR2X2)
                                                          0.00       8.36 r
  producer/parallel_bank/generate_config_lane[5].analyzer/U384/Y (XOR2X2)
                                                          0.55       8.92 r
  producer/parallel_bank/generate_config_lane[5].analyzer/U663/A (NAND3X2)
                                                          0.00       8.92 r
  producer/parallel_bank/generate_config_lane[5].analyzer/U663/Y (NAND3X2)
                                                          0.11       9.03 f
  producer/parallel_bank/generate_config_lane[5].analyzer/U639/C (OR4X4)
                                                          0.00       9.03 f
  producer/parallel_bank/generate_config_lane[5].analyzer/U639/Y (OR4X4)
                                                          0.43       9.46 f
  producer/parallel_bank/generate_config_lane[5].analyzer/U3214/D (NAND4X1)
                                                          0.00       9.46 f
  producer/parallel_bank/generate_config_lane[5].analyzer/U3214/Y (NAND4X1)
                                                          0.35       9.82 r
  producer/parallel_bank/generate_config_lane[5].analyzer/U909/B0 (OAI2BB1X4)
                                                          0.00       9.82 r
  producer/parallel_bank/generate_config_lane[5].analyzer/U909/Y (OAI2BB1X4)
                                                          0.16       9.97 f
  producer/parallel_bank/generate_config_lane[5].analyzer/U905/B (NOR2X4)
                                                          0.00       9.97 f
  producer/parallel_bank/generate_config_lane[5].analyzer/U905/Y (NOR2X4)
                                                          0.14      10.11 r
  producer/parallel_bank/generate_config_lane[5].analyzer/U907/A (OR3X4)
                                                          0.00      10.11 r
  producer/parallel_bank/generate_config_lane[5].analyzer/U907/Y (OR3X4)
                                                          0.22      10.34 r
  producer/parallel_bank/generate_config_lane[5].analyzer/U2699/C (AND3X4)
                                                          0.00      10.34 r
  producer/parallel_bank/generate_config_lane[5].analyzer/U2699/Y (AND3X4)
                                                          0.25      10.59 r
  producer/parallel_bank/generate_config_lane[5].analyzer/U180/C (NAND4X2)
                                                          0.00      10.59 r
  producer/parallel_bank/generate_config_lane[5].analyzer/U180/Y (NAND4X2)
                                                          0.17      10.76 f
  producer/parallel_bank/generate_config_lane[5].analyzer/U3156/A (CLKINVX20)
                                                          0.00      10.76 f
  producer/parallel_bank/generate_config_lane[5].analyzer/U3156/Y (CLKINVX20)
                                                          0.31      11.07 r
  producer/parallel_bank/generate_config_lane[5].analyzer/U54/S0 (MXI2XL)
                                                          0.00      11.07 r
  producer/parallel_bank/generate_config_lane[5].analyzer/U54/Y (MXI2XL)
                                                          0.23      11.30 f
  producer/parallel_bank/generate_config_lane[5].analyzer/U2043/A (INVX1)
                                                          0.00      11.30 f
  producer/parallel_bank/generate_config_lane[5].analyzer/U2043/Y (INVX1)
                                                          0.44      11.74 r
  producer/parallel_bank/generate_config_lane[5].analyzer/U3841/B (XOR2X2)
                                                          0.00      11.74 r
  producer/parallel_bank/generate_config_lane[5].analyzer/U3841/Y (XOR2X2)
                                                          0.34      12.08 r
  producer/parallel_bank/generate_config_lane[5].analyzer/U852/D (AND4X4)
                                                          0.00      12.08 r
  producer/parallel_bank/generate_config_lane[5].analyzer/U852/Y (AND4X4)
                                                          0.29      12.38 r
  producer/parallel_bank/generate_config_lane[5].analyzer/U3095/B (NAND4X4)
                                                          0.00      12.38 r
  producer/parallel_bank/generate_config_lane[5].analyzer/U3095/Y (NAND4X4)
                                                          0.20      12.58 f
  producer/parallel_bank/generate_config_lane[5].analyzer/U3234/C (NAND3X4)
                                                          0.00      12.58 f
  producer/parallel_bank/generate_config_lane[5].analyzer/U3234/Y (NAND3X4)
                                                          0.27      12.85 r
  producer/parallel_bank/generate_config_lane[5].analyzer/U89/A (INVX20)
                                                          0.00      12.85 r
  producer/parallel_bank/generate_config_lane[5].analyzer/U89/Y (INVX20)
                                                          0.27      13.12 f
  producer/parallel_bank/generate_config_lane[5].analyzer/U2305/S0 (MXI2X1)
                                                          0.00      13.12 f
  producer/parallel_bank/generate_config_lane[5].analyzer/U2305/Y (MXI2X1)
                                                          0.40      13.52 r
  producer/parallel_bank/generate_config_lane[5].analyzer/U90/A (XOR2X2)
                                                          0.00      13.52 r
  producer/parallel_bank/generate_config_lane[5].analyzer/U90/Y (XOR2X2)
                                                          0.46      13.97 r
  producer/parallel_bank/generate_config_lane[5].analyzer/U931/B (OR2X4)
                                                          0.00      13.97 r
  producer/parallel_bank/generate_config_lane[5].analyzer/U931/Y (OR2X4)
                                                          0.20      14.18 r
  producer/parallel_bank/generate_config_lane[5].analyzer/U266/B (NOR2X4)
                                                          0.00      14.18 r
  producer/parallel_bank/generate_config_lane[5].analyzer/U266/Y (NOR2X4)
                                                          0.09      14.27 f
  producer/parallel_bank/generate_config_lane[5].analyzer/U667/D (NAND4X4)
                                                          0.00      14.27 f
  producer/parallel_bank/generate_config_lane[5].analyzer/U667/Y (NAND4X4)
                                                          0.17      14.44 r
  producer/parallel_bank/generate_config_lane[5].analyzer/U3330/B (NAND4BX4)
                                                          0.00      14.44 r
  producer/parallel_bank/generate_config_lane[5].analyzer/U3330/Y (NAND4BX4)
                                                          0.22      14.66 f
  producer/parallel_bank/generate_config_lane[5].analyzer/U668/B (NAND2BX4)
                                                          0.00      14.66 f
  producer/parallel_bank/generate_config_lane[5].analyzer/U668/Y (NAND2BX4)
                                                          0.20      14.85 r
  producer/parallel_bank/generate_config_lane[5].analyzer/U3245/C (NAND3X4)
                                                          0.00      14.85 r
  producer/parallel_bank/generate_config_lane[5].analyzer/U3245/Y (NAND3X4)
                                                          0.22      15.08 f
  producer/parallel_bank/generate_config_lane[5].analyzer/U342/A (CLKINVX4)
                                                          0.00      15.08 f
  producer/parallel_bank/generate_config_lane[5].analyzer/U342/Y (CLKINVX4)
                                                          0.09      15.16 r
  producer/parallel_bank/generate_config_lane[5].analyzer/U3145/A (OR2X4)
                                                          0.00      15.16 r
  producer/parallel_bank/generate_config_lane[5].analyzer/U3145/Y (OR2X4)
                                                          0.17      15.33 r
  producer/parallel_bank/generate_config_lane[5].analyzer/U2953/AN (NAND3BX4)
                                                          0.00      15.33 r
  producer/parallel_bank/generate_config_lane[5].analyzer/U2953/Y (NAND3BX4)
                                                          0.18      15.51 r
  producer/parallel_bank/generate_config_lane[5].analyzer/U4109/B (NAND3BX4)
                                                          0.00      15.51 r
  producer/parallel_bank/generate_config_lane[5].analyzer/U4109/Y (NAND3BX4)
                                                          0.19      15.70 f
  producer/parallel_bank/generate_config_lane[5].analyzer/U3114/A (CLKINVX8)
                                                          0.00      15.70 f
  producer/parallel_bank/generate_config_lane[5].analyzer/U3114/Y (CLKINVX8)
                                                          0.11      15.81 r
  producer/parallel_bank/generate_config_lane[5].analyzer/U260/D (NAND4X4)
                                                          0.00      15.81 r
  producer/parallel_bank/generate_config_lane[5].analyzer/U260/Y (NAND4X4)
                                                          0.13      15.94 f
  producer/parallel_bank/generate_config_lane[5].analyzer/U862/A (OR2X4)
                                                          0.00      15.94 f
  producer/parallel_bank/generate_config_lane[5].analyzer/U862/Y (OR2X4)
                                                          0.31      16.26 f
  producer/parallel_bank/generate_config_lane[5].analyzer/U3161/B (OR2X4)
                                                          0.00      16.26 f
  producer/parallel_bank/generate_config_lane[5].analyzer/U3161/Y (OR2X4)
                                                          0.26      16.52 f
  producer/parallel_bank/generate_config_lane[5].analyzer/U741/C (NAND4X4)
                                                          0.00      16.52 f
  producer/parallel_bank/generate_config_lane[5].analyzer/U741/Y (NAND4X4)
                                                          0.17      16.68 r
  producer/parallel_bank/generate_config_lane[5].analyzer/U165/A (INVX8)
                                                          0.00      16.68 r
  producer/parallel_bank/generate_config_lane[5].analyzer/U165/Y (INVX8)
                                                          0.05      16.73 f
  producer/parallel_bank/generate_config_lane[5].analyzer/U3323/B (OR2X4)
                                                          0.00      16.73 f
  producer/parallel_bank/generate_config_lane[5].analyzer/U3323/Y (OR2X4)
                                                          0.29      17.02 f
  producer/parallel_bank/generate_config_lane[5].analyzer/U611/B (OR2X4)
                                                          0.00      17.02 f
  producer/parallel_bank/generate_config_lane[5].analyzer/U611/Y (OR2X4)
                                                          0.24      17.26 f
  producer/parallel_bank/generate_config_lane[5].analyzer/U3329/A (AND4X4)
                                                          0.00      17.26 f
  producer/parallel_bank/generate_config_lane[5].analyzer/U3329/Y (AND4X4)
                                                          0.20      17.46 f
  producer/parallel_bank/generate_config_lane[5].analyzer/U3210/D (NAND4X4)
                                                          0.00      17.46 f
  producer/parallel_bank/generate_config_lane[5].analyzer/U3210/Y (NAND4X4)
                                                          0.18      17.65 r
  producer/parallel_bank/generate_config_lane[5].analyzer/U742/A (INVX4)
                                                          0.00      17.65 r
  producer/parallel_bank/generate_config_lane[5].analyzer/U742/Y (INVX4)
                                                          0.05      17.70 f
  producer/parallel_bank/generate_config_lane[5].analyzer/candidate_valid_o[4] (recam_shared_config_analyzer_ROW_ADDR_W9_PHYS_COL_ADDR_W13_WORD_COL_ADDR_W5_HYBRID_LINE_ADDR_W13_HYBRID_ENTRIES7_1)
                                                          0.00      17.70 f
  producer/parallel_bank/candidate_valid_flat_o[54] (recam_n2_preopt_parallel_config_bank_ROW_ADDR_W9_PHYS_COL_ADDR_W13_WORD_COL_ADDR_W5_HYBRID_LINE_ADDR_W13_HYBRID_ENTRIES7)
                                                          0.00      17.70 f
  producer/U321/A (NAND2X2)                               0.00      17.70 f
  producer/U321/Y (NAND2X2)                               0.17      17.87 r
  producer/U319/C (NAND3X4)                               0.00      17.87 r
  producer/U319/Y (NAND3X4)                               0.13      18.00 f
  producer/U315/B (NOR2X4)                                0.00      18.00 f
  producer/U315/Y (NOR2X4)                                0.15      18.15 r
  producer/U65/A (INVX4)                                  0.00      18.15 r
  producer/U65/Y (INVX4)                                  0.06      18.21 f
  producer/U314/A (NOR2X4)                                0.00      18.21 f
  producer/U314/Y (NOR2X4)                                0.14      18.35 r
  producer/U255/D (NAND4BX4)                              0.00      18.35 r
  producer/U255/Y (NAND4BX4)                              0.17      18.52 f
  producer/transition_adapter/candidate_valid_i (recam_dss_grid2x2_directional_rs2_cs2_m1_normalized_group_global_noscratch_candidate_transition_adapter)
                                                          0.00      18.52 f
  producer/transition_adapter/U12/A (AND2X4)              0.00      18.52 f
  producer/transition_adapter/U12/Y (AND2X4)              0.25      18.76 f
  producer/transition_adapter/actual_borrow_o (recam_dss_grid2x2_directional_rs2_cs2_m1_normalized_group_global_noscratch_candidate_transition_adapter)
                                                          0.00      18.76 f
  producer/U68/A (INVX8)                                  0.00      18.76 f
  producer/U68/Y (INVX8)                                  0.17      18.93 r
  producer/U2071/B (OR2X4)                                0.00      18.93 r
  producer/U2071/Y (OR2X4)                                0.28      19.20 r
  producer/U240/B (OR2X4)                                 0.00      19.20 r
  producer/U240/Y (OR2X4)                                 0.25      19.45 r
  producer/U1644/A1 (OAI22X1)                             0.00      19.45 r
  producer/U1644/Y (OAI22X1)                              0.16      19.62 f
  producer/candidate_borrow_q_reg[47]/D (DFFHQX1)         0.00      19.62 f
  data arrival time                                                 19.62

  clock recam_clk (rise edge)                            20.00      20.00
  clock network delay (ideal)                             0.00      20.00
  producer/candidate_borrow_q_reg[47]/CK (DFFHQX1)        0.00      20.00 r
  library setup time                                     -0.38      19.62
  data required time                                                19.62
  --------------------------------------------------------------------------
  data required time                                                19.62
  data arrival time                                                -19.62
  --------------------------------------------------------------------------
  slack (MET)                                                        0.00


  Startpoint: producer/sa_q_reg[0]
              (rising edge-triggered flip-flop clocked by recam_clk)
  Endpoint: producer/candidate_release_q_reg[52]
            (rising edge-triggered flip-flop clocked by recam_clk)
  Path Group: recam_clk
  Path Type: max

  Des/Clust/Port     Wire Load Model       Library
  ------------------------------------------------
  recam_n2_preopt_group_top
                     tsmc18_wl10           slow

  Point                                                   Incr       Path
  --------------------------------------------------------------------------
  clock recam_clk (rise edge)                             0.00       0.00
  clock network delay (ideal)                             0.00       0.00
  producer/sa_q_reg[0]/CK (DFFHQX4)                       0.00 #     0.00 r
  producer/sa_q_reg[0]/Q (DFFHQX4)                        0.26       0.26 f
  producer/U336/B (OR2X4)                                 0.00       0.26 f
  producer/U336/Y (OR2X4)                                 0.27       0.53 f
  producer/U214/A (INVX8)                                 0.00       0.53 f
  producer/U214/Y (INVX8)                                 0.10       0.63 r
  producer/U335/A (INVX8)                                 0.00       0.63 r
  producer/U335/Y (INVX8)                                 0.08       0.71 f
  producer/U127/A (CLKINVX8)                              0.00       0.71 f
  producer/U127/Y (CLKINVX8)                              0.12       0.84 r
  producer/U63/A (CLKINVX8)                               0.00       0.84 r
  producer/U63/Y (CLKINVX8)                               0.12       0.96 f
  producer/U535/A (CLKINVX8)                              0.00       0.96 f
  producer/U535/Y (CLKINVX8)                              0.12       1.08 r
  producer/U171/B1 (AOI2BB2X4)                            0.00       1.08 r
  producer/U171/Y (AOI2BB2X4)                             0.11       1.19 f
  producer/U2179/B (NAND2X4)                              0.00       1.19 f
  producer/U2179/Y (NAND2X4)                              0.24       1.43 r
  producer/parallel_bank/pivot_valid_i[1] (recam_n2_preopt_parallel_config_bank_ROW_ADDR_W9_PHYS_COL_ADDR_W13_WORD_COL_ADDR_W5_HYBRID_LINE_ADDR_W13_HYBRID_ENTRIES7)
                                                          0.00       1.43 r
  producer/parallel_bank/U244/A (BUFX12)                  0.00       1.43 r
  producer/parallel_bank/U244/Y (BUFX12)                  0.19       1.62 r
  producer/parallel_bank/generate_config_lane[0].analyzer/pivot_valid_i[1] (recam_shared_config_analyzer_ROW_ADDR_W9_PHYS_COL_ADDR_W13_WORD_COL_ADDR_W5_HYBRID_LINE_ADDR_W13_HYBRID_ENTRIES7_6)
                                                          0.00       1.62 r
  producer/parallel_bank/generate_config_lane[0].analyzer/U3231/A (INVX8)
                                                          0.00       1.62 r
  producer/parallel_bank/generate_config_lane[0].analyzer/U3231/Y (INVX8)
                                                          0.06       1.68 f
  producer/parallel_bank/generate_config_lane[0].analyzer/U2882/B2 (OAI33X4)
                                                          0.00       1.68 f
  producer/parallel_bank/generate_config_lane[0].analyzer/U2882/Y (OAI33X4)
                                                          0.68       2.36 r
  producer/parallel_bank/generate_config_lane[0].analyzer/U3217/A (INVX4)
                                                          0.00       2.36 r
  producer/parallel_bank/generate_config_lane[0].analyzer/U3217/Y (INVX4)
                                                          0.05       2.41 f
  producer/parallel_bank/generate_config_lane[0].analyzer/U3216/A (OR2X4)
                                                          0.00       2.41 f
  producer/parallel_bank/generate_config_lane[0].analyzer/U3216/Y (OR2X4)
                                                          0.23       2.64 f
  producer/parallel_bank/generate_config_lane[0].analyzer/U685/A (CLKINVX4)
                                                          0.00       2.64 f
  producer/parallel_bank/generate_config_lane[0].analyzer/U685/Y (CLKINVX4)
                                                          0.06       2.70 r
  producer/parallel_bank/generate_config_lane[0].analyzer/U3214/A (OR2X4)
                                                          0.00       2.70 r
  producer/parallel_bank/generate_config_lane[0].analyzer/U3214/Y (OR2X4)
                                                          0.16       2.87 r
  producer/parallel_bank/generate_config_lane[0].analyzer/U3135/A (XOR2X4)
                                                          0.00       2.87 r
  producer/parallel_bank/generate_config_lane[0].analyzer/U3135/Y (XOR2X4)
                                                          0.28       3.14 r
  producer/parallel_bank/generate_config_lane[0].analyzer/U621/A (INVX4)
                                                          0.00       3.14 r
  producer/parallel_bank/generate_config_lane[0].analyzer/U621/Y (INVX4)
                                                          0.06       3.20 f
  producer/parallel_bank/generate_config_lane[0].analyzer/U833/B (NOR2X4)
                                                          0.00       3.20 f
  producer/parallel_bank/generate_config_lane[0].analyzer/U833/Y (NOR2X4)
                                                          0.15       3.35 r
  producer/parallel_bank/generate_config_lane[0].analyzer/U3239/B (OR2X4)
                                                          0.00       3.35 r
  producer/parallel_bank/generate_config_lane[0].analyzer/U3239/Y (OR2X4)
                                                          0.37       3.71 r
  producer/parallel_bank/generate_config_lane[0].analyzer/U623/A (INVX8)
                                                          0.00       3.71 r
  producer/parallel_bank/generate_config_lane[0].analyzer/U623/Y (INVX8)
                                                          0.06       3.77 f
  producer/parallel_bank/generate_config_lane[0].analyzer/U3060/A (BUFX20)
                                                          0.00       3.77 f
  producer/parallel_bank/generate_config_lane[0].analyzer/U3060/Y (BUFX20)
                                                          0.15       3.93 f
  producer/parallel_bank/generate_config_lane[0].analyzer/U434/A (OR2X2)
                                                          0.00       3.93 f
  producer/parallel_bank/generate_config_lane[0].analyzer/U434/Y (OR2X2)
                                                          0.24       4.17 f
  producer/parallel_bank/generate_config_lane[0].analyzer/U904/A (BUFX8)
                                                          0.00       4.17 f
  producer/parallel_bank/generate_config_lane[0].analyzer/U904/Y (BUFX8)
                                                          0.17       4.34 f
  producer/parallel_bank/generate_config_lane[0].analyzer/U575/A (INVX8)
                                                          0.00       4.34 f
  producer/parallel_bank/generate_config_lane[0].analyzer/U575/Y (INVX8)
                                                          0.07       4.41 r
  producer/parallel_bank/generate_config_lane[0].analyzer/U3186/C (OR4X4)
                                                          0.00       4.41 r
  producer/parallel_bank/generate_config_lane[0].analyzer/U3186/Y (OR4X4)
                                                          0.21       4.62 r
  producer/parallel_bank/generate_config_lane[0].analyzer/U3653/C0 (OAI211X2)
                                                          0.00       4.62 r
  producer/parallel_bank/generate_config_lane[0].analyzer/U3653/Y (OAI211X2)
                                                          0.16       4.78 f
  producer/parallel_bank/generate_config_lane[0].analyzer/U2968/A (INVX4)
                                                          0.00       4.78 f
  producer/parallel_bank/generate_config_lane[0].analyzer/U2968/Y (INVX4)
                                                          0.12       4.90 r
  producer/parallel_bank/generate_config_lane[0].analyzer/U586/A (INVX8)
                                                          0.00       4.90 r
  producer/parallel_bank/generate_config_lane[0].analyzer/U586/Y (INVX8)
                                                          0.07       4.98 f
  producer/parallel_bank/generate_config_lane[0].analyzer/U585/B (OR2X4)
                                                          0.00       4.98 f
  producer/parallel_bank/generate_config_lane[0].analyzer/U585/Y (OR2X4)
                                                          0.33       5.31 f
  producer/parallel_bank/generate_config_lane[0].analyzer/U3230/A (CLKINVX8)
                                                          0.00       5.31 f
  producer/parallel_bank/generate_config_lane[0].analyzer/U3230/Y (CLKINVX8)
                                                          0.21       5.51 r
  producer/parallel_bank/generate_config_lane[0].analyzer/U109/A (OR2X2)
                                                          0.00       5.51 r
  producer/parallel_bank/generate_config_lane[0].analyzer/U109/Y (OR2X2)
                                                          0.55       6.06 r
  producer/parallel_bank/generate_config_lane[0].analyzer/U3058/B (OR2X4)
                                                          0.00       6.06 r
  producer/parallel_bank/generate_config_lane[0].analyzer/U3058/Y (OR2X4)
                                                          0.26       6.32 r
  producer/parallel_bank/generate_config_lane[0].analyzer/U3188/B (AND2X4)
                                                          0.00       6.32 r
  producer/parallel_bank/generate_config_lane[0].analyzer/U3188/Y (AND2X4)
                                                          0.18       6.50 r
  producer/parallel_bank/generate_config_lane[0].analyzer/U2800/A (NAND4X4)
                                                          0.00       6.50 r
  producer/parallel_bank/generate_config_lane[0].analyzer/U2800/Y (NAND4X4)
                                                          0.10       6.60 f
  producer/parallel_bank/generate_config_lane[0].analyzer/U2969/C (OR4X4)
                                                          0.00       6.60 f
  producer/parallel_bank/generate_config_lane[0].analyzer/U2969/Y (OR4X4)
                                                          0.41       7.01 f
  producer/parallel_bank/generate_config_lane[0].analyzer/U2966/D (OR4X4)
                                                          0.00       7.01 f
  producer/parallel_bank/generate_config_lane[0].analyzer/U2966/Y (OR4X4)
                                                          0.47       7.48 f
  producer/parallel_bank/generate_config_lane[0].analyzer/U345/B (NAND3BX4)
                                                          0.00       7.48 f
  producer/parallel_bank/generate_config_lane[0].analyzer/U345/Y (NAND3BX4)
                                                          0.24       7.73 r
  producer/parallel_bank/generate_config_lane[0].analyzer/U923/A (INVX8)
                                                          0.00       7.73 r
  producer/parallel_bank/generate_config_lane[0].analyzer/U923/Y (INVX8)
                                                          0.11       7.84 f
  producer/parallel_bank/generate_config_lane[0].analyzer/U1153/S0 (MXI2XL)
                                                          0.00       7.84 f
  producer/parallel_bank/generate_config_lane[0].analyzer/U1153/Y (MXI2XL)
                                                          0.35       8.19 r
  producer/parallel_bank/generate_config_lane[0].analyzer/U913/A (BUFX4)
                                                          0.00       8.19 r
  producer/parallel_bank/generate_config_lane[0].analyzer/U913/Y (BUFX4)
                                                          0.23       8.41 r
  producer/parallel_bank/generate_config_lane[0].analyzer/U230/A (XOR2XL)
                                                          0.00       8.41 r
  producer/parallel_bank/generate_config_lane[0].analyzer/U230/Y (XOR2XL)
                                                          0.44       8.85 r
  producer/parallel_bank/generate_config_lane[0].analyzer/U2936/A (NAND4X2)
                                                          0.00       8.85 r
  producer/parallel_bank/generate_config_lane[0].analyzer/U2936/Y (NAND4X2)
                                                          0.16       9.01 f
  producer/parallel_bank/generate_config_lane[0].analyzer/U3014/A (OR4X4)
                                                          0.00       9.01 f
  producer/parallel_bank/generate_config_lane[0].analyzer/U3014/Y (OR4X4)
                                                          0.33       9.34 f
  producer/parallel_bank/generate_config_lane[0].analyzer/U706/A (CLKINVX4)
                                                          0.00       9.34 f
  producer/parallel_bank/generate_config_lane[0].analyzer/U706/Y (CLKINVX4)
                                                          0.07       9.41 r
  producer/parallel_bank/generate_config_lane[0].analyzer/U3108/A (OR2X4)
                                                          0.00       9.41 r
  producer/parallel_bank/generate_config_lane[0].analyzer/U3108/Y (OR2X4)
                                                          0.18       9.59 r
  producer/parallel_bank/generate_config_lane[0].analyzer/U832/A (INVX8)
                                                          0.00       9.59 r
  producer/parallel_bank/generate_config_lane[0].analyzer/U832/Y (INVX8)
                                                          0.08       9.67 f
  producer/parallel_bank/generate_config_lane[0].analyzer/U831/B (NAND2X4)
                                                          0.00       9.67 f
  producer/parallel_bank/generate_config_lane[0].analyzer/U831/Y (NAND2X4)
                                                          0.13       9.80 r
  producer/parallel_bank/generate_config_lane[0].analyzer/U347/A (INVX8)
                                                          0.00       9.80 r
  producer/parallel_bank/generate_config_lane[0].analyzer/U347/Y (INVX8)
                                                          0.12       9.92 f
  producer/parallel_bank/generate_config_lane[0].analyzer/U745/S0 (MXI2X1)
                                                          0.00       9.92 f
  producer/parallel_bank/generate_config_lane[0].analyzer/U745/Y (MXI2X1)
                                                          0.42      10.34 r
  producer/parallel_bank/generate_config_lane[0].analyzer/U3728/A (XOR2X2)
                                                          0.00      10.34 r
  producer/parallel_bank/generate_config_lane[0].analyzer/U3728/Y (XOR2X2)
                                                          0.36      10.70 f
  producer/parallel_bank/generate_config_lane[0].analyzer/U3031/B (OR4X4)
                                                          0.00      10.70 f
  producer/parallel_bank/generate_config_lane[0].analyzer/U3031/Y (OR4X4)
                                                          0.40      11.09 f
  producer/parallel_bank/generate_config_lane[0].analyzer/U297/A (OR4X4)
                                                          0.00      11.09 f
  producer/parallel_bank/generate_config_lane[0].analyzer/U297/Y (OR4X4)
                                                          0.32      11.41 f
  producer/parallel_bank/generate_config_lane[0].analyzer/U2951/C (NAND3X4)
                                                          0.00      11.41 f
  producer/parallel_bank/generate_config_lane[0].analyzer/U2951/Y (NAND3X4)
                                                          0.27      11.68 r
  producer/parallel_bank/generate_config_lane[0].analyzer/U428/A (INVX8)
                                                          0.00      11.68 r
  producer/parallel_bank/generate_config_lane[0].analyzer/U428/Y (INVX8)
                                                          0.16      11.83 f
  producer/parallel_bank/generate_config_lane[0].analyzer/U545/S0 (MXI2X1)
                                                          0.00      11.83 f
  producer/parallel_bank/generate_config_lane[0].analyzer/U545/Y (MXI2X1)
                                                          0.27      12.11 f
  producer/parallel_bank/generate_config_lane[0].analyzer/U423/A (INVX4)
                                                          0.00      12.11 f
  producer/parallel_bank/generate_config_lane[0].analyzer/U423/Y (INVX4)
                                                          0.21      12.32 r
  producer/parallel_bank/generate_config_lane[0].analyzer/U18/B (XOR2X4)
                                                          0.00      12.32 r
  producer/parallel_bank/generate_config_lane[0].analyzer/U18/Y (XOR2X4)
                                                          0.25      12.57 r
  producer/parallel_bank/generate_config_lane[0].analyzer/U75/D (NAND4X2)
                                                          0.00      12.57 r
  producer/parallel_bank/generate_config_lane[0].analyzer/U75/Y (NAND4X2)
                                                          0.17      12.74 f
  producer/parallel_bank/generate_config_lane[0].analyzer/U192/B (OR4X4)
                                                          0.00      12.74 f
  producer/parallel_bank/generate_config_lane[0].analyzer/U192/Y (OR4X4)
                                                          0.40      13.14 f
  producer/parallel_bank/generate_config_lane[0].analyzer/U191/B (NAND4X2)
                                                          0.00      13.14 f
  producer/parallel_bank/generate_config_lane[0].analyzer/U191/Y (NAND4X2)
                                                          0.20      13.34 r
  producer/parallel_bank/generate_config_lane[0].analyzer/U95/A0N (OAI2BB1X2)
                                                          0.00      13.34 r
  producer/parallel_bank/generate_config_lane[0].analyzer/U95/Y (OAI2BB1X2)
                                                          0.29      13.63 r
  producer/parallel_bank/generate_config_lane[0].analyzer/U3219/A (INVX8)
                                                          0.00      13.63 r
  producer/parallel_bank/generate_config_lane[0].analyzer/U3219/Y (INVX8)
                                                          0.13      13.76 f
  producer/parallel_bank/generate_config_lane[0].analyzer/U97/B2 (AOI33X2)
                                                          0.00      13.76 f
  producer/parallel_bank/generate_config_lane[0].analyzer/U97/Y (AOI33X2)
                                                          0.43      14.19 r
  producer/parallel_bank/generate_config_lane[0].analyzer/U2483/A (NOR3X4)
                                                          0.00      14.19 r
  producer/parallel_bank/generate_config_lane[0].analyzer/U2483/Y (NOR3X4)
                                                          0.16      14.35 f
  producer/parallel_bank/generate_config_lane[0].analyzer/U3117/A (NAND4X4)
                                                          0.00      14.35 f
  producer/parallel_bank/generate_config_lane[0].analyzer/U3117/Y (NAND4X4)
                                                          0.15      14.50 r
  producer/parallel_bank/generate_config_lane[0].analyzer/U302/A (INVX8)
                                                          0.00      14.50 r
  producer/parallel_bank/generate_config_lane[0].analyzer/U302/Y (INVX8)
                                                          0.07      14.57 f
  producer/parallel_bank/generate_config_lane[0].analyzer/U3115/A (OR2X4)
                                                          0.00      14.57 f
  producer/parallel_bank/generate_config_lane[0].analyzer/U3115/Y (OR2X4)
                                                          0.26      14.83 f
  producer/parallel_bank/generate_config_lane[0].analyzer/U3142/B (OR2X4)
                                                          0.00      14.83 f
  producer/parallel_bank/generate_config_lane[0].analyzer/U3142/Y (OR2X4)
                                                          0.30      15.13 f
  producer/parallel_bank/generate_config_lane[0].analyzer/U2939/D (OR4X4)
                                                          0.00      15.13 f
  producer/parallel_bank/generate_config_lane[0].analyzer/U2939/Y (OR4X4)
                                                          0.49      15.62 f
  producer/parallel_bank/generate_config_lane[0].analyzer/U702/A (NAND3X4)
                                                          0.00      15.62 f
  producer/parallel_bank/generate_config_lane[0].analyzer/U702/Y (NAND3X4)
                                                          0.22      15.84 r
  producer/parallel_bank/generate_config_lane[0].analyzer/U134/A (CLKINVX2)
                                                          0.00      15.84 r
  producer/parallel_bank/generate_config_lane[0].analyzer/U134/Y (CLKINVX2)
                                                          0.13      15.97 f
  producer/parallel_bank/generate_config_lane[0].analyzer/U3213/A (OR2X4)
                                                          0.00      15.97 f
  producer/parallel_bank/generate_config_lane[0].analyzer/U3213/Y (OR2X4)
                                                          0.25      16.22 f
  producer/parallel_bank/generate_config_lane[0].analyzer/U3032/B1 (AOI222X2)
                                                          0.00      16.22 f
  producer/parallel_bank/generate_config_lane[0].analyzer/U3032/Y (AOI222X2)
                                                          0.40      16.62 r
  producer/parallel_bank/generate_config_lane[0].analyzer/U2628/A (AND4X4)
                                                          0.00      16.62 r
  producer/parallel_bank/generate_config_lane[0].analyzer/U2628/Y (AND4X4)
                                                          0.30      16.92 r
  producer/parallel_bank/generate_config_lane[0].analyzer/U2937/C0 (OAI221X4)
                                                          0.00      16.92 r
  producer/parallel_bank/generate_config_lane[0].analyzer/U2937/Y (OAI221X4)
                                                          0.35      17.28 f
  producer/parallel_bank/generate_config_lane[0].analyzer/U850/A (NOR4X4)
                                                          0.00      17.28 f
  producer/parallel_bank/generate_config_lane[0].analyzer/U850/Y (NOR4X4)
                                                          0.19      17.47 r
  producer/parallel_bank/generate_config_lane[0].analyzer/U848/C (NAND3X4)
                                                          0.00      17.47 r
  producer/parallel_bank/generate_config_lane[0].analyzer/U848/Y (NAND3X4)
                                                          0.14      17.61 f
  producer/parallel_bank/generate_config_lane[0].analyzer/U703/A (CLKINVX8)
                                                          0.00      17.61 f
  producer/parallel_bank/generate_config_lane[0].analyzer/U703/Y (CLKINVX8)
                                                          0.07      17.68 r
  producer/parallel_bank/generate_config_lane[0].analyzer/candidate_valid_o[2] (recam_shared_config_analyzer_ROW_ADDR_W9_PHYS_COL_ADDR_W13_WORD_COL_ADDR_W5_HYBRID_LINE_ADDR_W13_HYBRID_ENTRIES7_6)
                                                          0.00      17.68 r
  producer/parallel_bank/candidate_valid_flat_o[2] (recam_n2_preopt_parallel_config_bank_ROW_ADDR_W9_PHYS_COL_ADDR_W13_WORD_COL_ADDR_W5_HYBRID_LINE_ADDR_W13_HYBRID_ENTRIES7)
                                                          0.00      17.68 r
  producer/U318/A (NAND2X1)                               0.00      17.68 r
  producer/U318/Y (NAND2X1)                               0.23      17.91 f
  producer/U316/A (NAND2X4)                               0.00      17.91 f
  producer/U316/Y (NAND2X4)                               0.19      18.10 r
  producer/U315/A (NOR2X4)                                0.00      18.10 r
  producer/U315/Y (NOR2X4)                                0.07      18.17 f
  producer/U65/A (INVX4)                                  0.00      18.17 f
  producer/U65/Y (INVX4)                                  0.08      18.25 r
  producer/U314/A (NOR2X4)                                0.00      18.25 r
  producer/U314/Y (NOR2X4)                                0.07      18.32 f
  producer/U255/D (NAND4BX4)                              0.00      18.32 f
  producer/U255/Y (NAND4BX4)                              0.18      18.50 r
  producer/transition_adapter/candidate_valid_i (recam_dss_grid2x2_directional_rs2_cs2_m1_normalized_group_global_noscratch_candidate_transition_adapter)
                                                          0.00      18.50 r
  producer/transition_adapter/U3/A (AND2X4)               0.00      18.50 r
  producer/transition_adapter/U3/Y (AND2X4)               0.22      18.72 r
  producer/transition_adapter/actual_release_o (recam_dss_grid2x2_directional_rs2_cs2_m1_normalized_group_global_noscratch_candidate_transition_adapter)
                                                          0.00      18.72 r
  producer/U327/A (INVX8)                                 0.00      18.72 r
  producer/U327/Y (INVX8)                                 0.12      18.84 f
  producer/U87/B (OR2X2)                                  0.00      18.84 f
  producer/U87/Y (OR2X2)                                  0.32      19.16 f
  producer/U89/A (BUFX20)                                 0.00      19.16 f
  producer/U89/Y (BUFX20)                                 0.19      19.35 f
  producer/U1222/A0 (OAI32XL)                             0.00      19.35 f
  producer/U1222/Y (OAI32XL)                              0.44      19.79 r
  producer/candidate_release_q_reg[52]/D (DFFHQX1)        0.00      19.79 r
  data arrival time                                                 19.79

  clock recam_clk (rise edge)                            20.00      20.00
  clock network delay (ideal)                             0.00      20.00
  producer/candidate_release_q_reg[52]/CK (DFFHQX1)       0.00      20.00 r
  library setup time                                     -0.21      19.79
  data required time                                                19.79
  --------------------------------------------------------------------------
  data required time                                                19.79
  data arrival time                                                -19.79
  --------------------------------------------------------------------------
  slack (MET)                                                        0.00


  Startpoint: producer/sa_q_reg[0]
              (rising edge-triggered flip-flop clocked by recam_clk)
  Endpoint: producer/candidate_release_q_reg[68]
            (rising edge-triggered flip-flop clocked by recam_clk)
  Path Group: recam_clk
  Path Type: max

  Des/Clust/Port     Wire Load Model       Library
  ------------------------------------------------
  recam_n2_preopt_group_top
                     tsmc18_wl10           slow

  Point                                                   Incr       Path
  --------------------------------------------------------------------------
  clock recam_clk (rise edge)                             0.00       0.00
  clock network delay (ideal)                             0.00       0.00
  producer/sa_q_reg[0]/CK (DFFHQX4)                       0.00 #     0.00 r
  producer/sa_q_reg[0]/Q (DFFHQX4)                        0.26       0.26 f
  producer/U336/B (OR2X4)                                 0.00       0.26 f
  producer/U336/Y (OR2X4)                                 0.27       0.53 f
  producer/U214/A (INVX8)                                 0.00       0.53 f
  producer/U214/Y (INVX8)                                 0.10       0.63 r
  producer/U335/A (INVX8)                                 0.00       0.63 r
  producer/U335/Y (INVX8)                                 0.08       0.71 f
  producer/U127/A (CLKINVX8)                              0.00       0.71 f
  producer/U127/Y (CLKINVX8)                              0.12       0.84 r
  producer/U63/A (CLKINVX8)                               0.00       0.84 r
  producer/U63/Y (CLKINVX8)                               0.12       0.96 f
  producer/U535/A (CLKINVX8)                              0.00       0.96 f
  producer/U535/Y (CLKINVX8)                              0.12       1.08 r
  producer/U171/B1 (AOI2BB2X4)                            0.00       1.08 r
  producer/U171/Y (AOI2BB2X4)                             0.11       1.19 f
  producer/U2179/B (NAND2X4)                              0.00       1.19 f
  producer/U2179/Y (NAND2X4)                              0.24       1.43 r
  producer/parallel_bank/pivot_valid_i[1] (recam_n2_preopt_parallel_config_bank_ROW_ADDR_W9_PHYS_COL_ADDR_W13_WORD_COL_ADDR_W5_HYBRID_LINE_ADDR_W13_HYBRID_ENTRIES7)
                                                          0.00       1.43 r
  producer/parallel_bank/U244/A (BUFX12)                  0.00       1.43 r
  producer/parallel_bank/U244/Y (BUFX12)                  0.19       1.62 r
  producer/parallel_bank/generate_config_lane[0].analyzer/pivot_valid_i[1] (recam_shared_config_analyzer_ROW_ADDR_W9_PHYS_COL_ADDR_W13_WORD_COL_ADDR_W5_HYBRID_LINE_ADDR_W13_HYBRID_ENTRIES7_6)
                                                          0.00       1.62 r
  producer/parallel_bank/generate_config_lane[0].analyzer/U3231/A (INVX8)
                                                          0.00       1.62 r
  producer/parallel_bank/generate_config_lane[0].analyzer/U3231/Y (INVX8)
                                                          0.06       1.68 f
  producer/parallel_bank/generate_config_lane[0].analyzer/U2882/B2 (OAI33X4)
                                                          0.00       1.68 f
  producer/parallel_bank/generate_config_lane[0].analyzer/U2882/Y (OAI33X4)
                                                          0.68       2.36 r
  producer/parallel_bank/generate_config_lane[0].analyzer/U3217/A (INVX4)
                                                          0.00       2.36 r
  producer/parallel_bank/generate_config_lane[0].analyzer/U3217/Y (INVX4)
                                                          0.05       2.41 f
  producer/parallel_bank/generate_config_lane[0].analyzer/U3216/A (OR2X4)
                                                          0.00       2.41 f
  producer/parallel_bank/generate_config_lane[0].analyzer/U3216/Y (OR2X4)
                                                          0.23       2.64 f
  producer/parallel_bank/generate_config_lane[0].analyzer/U685/A (CLKINVX4)
                                                          0.00       2.64 f
  producer/parallel_bank/generate_config_lane[0].analyzer/U685/Y (CLKINVX4)
                                                          0.06       2.70 r
  producer/parallel_bank/generate_config_lane[0].analyzer/U3214/A (OR2X4)
                                                          0.00       2.70 r
  producer/parallel_bank/generate_config_lane[0].analyzer/U3214/Y (OR2X4)
                                                          0.16       2.87 r
  producer/parallel_bank/generate_config_lane[0].analyzer/U3135/A (XOR2X4)
                                                          0.00       2.87 r
  producer/parallel_bank/generate_config_lane[0].analyzer/U3135/Y (XOR2X4)
                                                          0.28       3.14 r
  producer/parallel_bank/generate_config_lane[0].analyzer/U621/A (INVX4)
                                                          0.00       3.14 r
  producer/parallel_bank/generate_config_lane[0].analyzer/U621/Y (INVX4)
                                                          0.06       3.20 f
  producer/parallel_bank/generate_config_lane[0].analyzer/U833/B (NOR2X4)
                                                          0.00       3.20 f
  producer/parallel_bank/generate_config_lane[0].analyzer/U833/Y (NOR2X4)
                                                          0.15       3.35 r
  producer/parallel_bank/generate_config_lane[0].analyzer/U3239/B (OR2X4)
                                                          0.00       3.35 r
  producer/parallel_bank/generate_config_lane[0].analyzer/U3239/Y (OR2X4)
                                                          0.37       3.71 r
  producer/parallel_bank/generate_config_lane[0].analyzer/U623/A (INVX8)
                                                          0.00       3.71 r
  producer/parallel_bank/generate_config_lane[0].analyzer/U623/Y (INVX8)
                                                          0.06       3.77 f
  producer/parallel_bank/generate_config_lane[0].analyzer/U3060/A (BUFX20)
                                                          0.00       3.77 f
  producer/parallel_bank/generate_config_lane[0].analyzer/U3060/Y (BUFX20)
                                                          0.15       3.93 f
  producer/parallel_bank/generate_config_lane[0].analyzer/U434/A (OR2X2)
                                                          0.00       3.93 f
  producer/parallel_bank/generate_config_lane[0].analyzer/U434/Y (OR2X2)
                                                          0.24       4.17 f
  producer/parallel_bank/generate_config_lane[0].analyzer/U904/A (BUFX8)
                                                          0.00       4.17 f
  producer/parallel_bank/generate_config_lane[0].analyzer/U904/Y (BUFX8)
                                                          0.17       4.34 f
  producer/parallel_bank/generate_config_lane[0].analyzer/U575/A (INVX8)
                                                          0.00       4.34 f
  producer/parallel_bank/generate_config_lane[0].analyzer/U575/Y (INVX8)
                                                          0.07       4.41 r
  producer/parallel_bank/generate_config_lane[0].analyzer/U3186/C (OR4X4)
                                                          0.00       4.41 r
  producer/parallel_bank/generate_config_lane[0].analyzer/U3186/Y (OR4X4)
                                                          0.21       4.62 r
  producer/parallel_bank/generate_config_lane[0].analyzer/U3653/C0 (OAI211X2)
                                                          0.00       4.62 r
  producer/parallel_bank/generate_config_lane[0].analyzer/U3653/Y (OAI211X2)
                                                          0.16       4.78 f
  producer/parallel_bank/generate_config_lane[0].analyzer/U2968/A (INVX4)
                                                          0.00       4.78 f
  producer/parallel_bank/generate_config_lane[0].analyzer/U2968/Y (INVX4)
                                                          0.12       4.90 r
  producer/parallel_bank/generate_config_lane[0].analyzer/U586/A (INVX8)
                                                          0.00       4.90 r
  producer/parallel_bank/generate_config_lane[0].analyzer/U586/Y (INVX8)
                                                          0.07       4.98 f
  producer/parallel_bank/generate_config_lane[0].analyzer/U585/B (OR2X4)
                                                          0.00       4.98 f
  producer/parallel_bank/generate_config_lane[0].analyzer/U585/Y (OR2X4)
                                                          0.33       5.31 f
  producer/parallel_bank/generate_config_lane[0].analyzer/U3230/A (CLKINVX8)
                                                          0.00       5.31 f
  producer/parallel_bank/generate_config_lane[0].analyzer/U3230/Y (CLKINVX8)
                                                          0.21       5.51 r
  producer/parallel_bank/generate_config_lane[0].analyzer/U109/A (OR2X2)
                                                          0.00       5.51 r
  producer/parallel_bank/generate_config_lane[0].analyzer/U109/Y (OR2X2)
                                                          0.55       6.06 r
  producer/parallel_bank/generate_config_lane[0].analyzer/U3058/B (OR2X4)
                                                          0.00       6.06 r
  producer/parallel_bank/generate_config_lane[0].analyzer/U3058/Y (OR2X4)
                                                          0.26       6.32 r
  producer/parallel_bank/generate_config_lane[0].analyzer/U3188/B (AND2X4)
                                                          0.00       6.32 r
  producer/parallel_bank/generate_config_lane[0].analyzer/U3188/Y (AND2X4)
                                                          0.18       6.50 r
  producer/parallel_bank/generate_config_lane[0].analyzer/U2800/A (NAND4X4)
                                                          0.00       6.50 r
  producer/parallel_bank/generate_config_lane[0].analyzer/U2800/Y (NAND4X4)
                                                          0.10       6.60 f
  producer/parallel_bank/generate_config_lane[0].analyzer/U2969/C (OR4X4)
                                                          0.00       6.60 f
  producer/parallel_bank/generate_config_lane[0].analyzer/U2969/Y (OR4X4)
                                                          0.41       7.01 f
  producer/parallel_bank/generate_config_lane[0].analyzer/U2966/D (OR4X4)
                                                          0.00       7.01 f
  producer/parallel_bank/generate_config_lane[0].analyzer/U2966/Y (OR4X4)
                                                          0.47       7.48 f
  producer/parallel_bank/generate_config_lane[0].analyzer/U345/B (NAND3BX4)
                                                          0.00       7.48 f
  producer/parallel_bank/generate_config_lane[0].analyzer/U345/Y (NAND3BX4)
                                                          0.24       7.73 r
  producer/parallel_bank/generate_config_lane[0].analyzer/U923/A (INVX8)
                                                          0.00       7.73 r
  producer/parallel_bank/generate_config_lane[0].analyzer/U923/Y (INVX8)
                                                          0.11       7.84 f
  producer/parallel_bank/generate_config_lane[0].analyzer/U1153/S0 (MXI2XL)
                                                          0.00       7.84 f
  producer/parallel_bank/generate_config_lane[0].analyzer/U1153/Y (MXI2XL)
                                                          0.35       8.19 r
  producer/parallel_bank/generate_config_lane[0].analyzer/U913/A (BUFX4)
                                                          0.00       8.19 r
  producer/parallel_bank/generate_config_lane[0].analyzer/U913/Y (BUFX4)
                                                          0.23       8.41 r
  producer/parallel_bank/generate_config_lane[0].analyzer/U230/A (XOR2XL)
                                                          0.00       8.41 r
  producer/parallel_bank/generate_config_lane[0].analyzer/U230/Y (XOR2XL)
                                                          0.44       8.85 r
  producer/parallel_bank/generate_config_lane[0].analyzer/U2936/A (NAND4X2)
                                                          0.00       8.85 r
  producer/parallel_bank/generate_config_lane[0].analyzer/U2936/Y (NAND4X2)
                                                          0.16       9.01 f
  producer/parallel_bank/generate_config_lane[0].analyzer/U3014/A (OR4X4)
                                                          0.00       9.01 f
  producer/parallel_bank/generate_config_lane[0].analyzer/U3014/Y (OR4X4)
                                                          0.33       9.34 f
  producer/parallel_bank/generate_config_lane[0].analyzer/U706/A (CLKINVX4)
                                                          0.00       9.34 f
  producer/parallel_bank/generate_config_lane[0].analyzer/U706/Y (CLKINVX4)
                                                          0.07       9.41 r
  producer/parallel_bank/generate_config_lane[0].analyzer/U3108/A (OR2X4)
                                                          0.00       9.41 r
  producer/parallel_bank/generate_config_lane[0].analyzer/U3108/Y (OR2X4)
                                                          0.18       9.59 r
  producer/parallel_bank/generate_config_lane[0].analyzer/U832/A (INVX8)
                                                          0.00       9.59 r
  producer/parallel_bank/generate_config_lane[0].analyzer/U832/Y (INVX8)
                                                          0.08       9.67 f
  producer/parallel_bank/generate_config_lane[0].analyzer/U831/B (NAND2X4)
                                                          0.00       9.67 f
  producer/parallel_bank/generate_config_lane[0].analyzer/U831/Y (NAND2X4)
                                                          0.13       9.80 r
  producer/parallel_bank/generate_config_lane[0].analyzer/U347/A (INVX8)
                                                          0.00       9.80 r
  producer/parallel_bank/generate_config_lane[0].analyzer/U347/Y (INVX8)
                                                          0.12       9.92 f
  producer/parallel_bank/generate_config_lane[0].analyzer/U745/S0 (MXI2X1)
                                                          0.00       9.92 f
  producer/parallel_bank/generate_config_lane[0].analyzer/U745/Y (MXI2X1)
                                                          0.42      10.34 r
  producer/parallel_bank/generate_config_lane[0].analyzer/U3728/A (XOR2X2)
                                                          0.00      10.34 r
  producer/parallel_bank/generate_config_lane[0].analyzer/U3728/Y (XOR2X2)
                                                          0.36      10.70 f
  producer/parallel_bank/generate_config_lane[0].analyzer/U3031/B (OR4X4)
                                                          0.00      10.70 f
  producer/parallel_bank/generate_config_lane[0].analyzer/U3031/Y (OR4X4)
                                                          0.40      11.09 f
  producer/parallel_bank/generate_config_lane[0].analyzer/U297/A (OR4X4)
                                                          0.00      11.09 f
  producer/parallel_bank/generate_config_lane[0].analyzer/U297/Y (OR4X4)
                                                          0.32      11.41 f
  producer/parallel_bank/generate_config_lane[0].analyzer/U2951/C (NAND3X4)
                                                          0.00      11.41 f
  producer/parallel_bank/generate_config_lane[0].analyzer/U2951/Y (NAND3X4)
                                                          0.27      11.68 r
  producer/parallel_bank/generate_config_lane[0].analyzer/U428/A (INVX8)
                                                          0.00      11.68 r
  producer/parallel_bank/generate_config_lane[0].analyzer/U428/Y (INVX8)
                                                          0.16      11.83 f
  producer/parallel_bank/generate_config_lane[0].analyzer/U545/S0 (MXI2X1)
                                                          0.00      11.83 f
  producer/parallel_bank/generate_config_lane[0].analyzer/U545/Y (MXI2X1)
                                                          0.27      12.11 f
  producer/parallel_bank/generate_config_lane[0].analyzer/U423/A (INVX4)
                                                          0.00      12.11 f
  producer/parallel_bank/generate_config_lane[0].analyzer/U423/Y (INVX4)
                                                          0.21      12.32 r
  producer/parallel_bank/generate_config_lane[0].analyzer/U18/B (XOR2X4)
                                                          0.00      12.32 r
  producer/parallel_bank/generate_config_lane[0].analyzer/U18/Y (XOR2X4)
                                                          0.25      12.57 r
  producer/parallel_bank/generate_config_lane[0].analyzer/U75/D (NAND4X2)
                                                          0.00      12.57 r
  producer/parallel_bank/generate_config_lane[0].analyzer/U75/Y (NAND4X2)
                                                          0.17      12.74 f
  producer/parallel_bank/generate_config_lane[0].analyzer/U192/B (OR4X4)
                                                          0.00      12.74 f
  producer/parallel_bank/generate_config_lane[0].analyzer/U192/Y (OR4X4)
                                                          0.40      13.14 f
  producer/parallel_bank/generate_config_lane[0].analyzer/U191/B (NAND4X2)
                                                          0.00      13.14 f
  producer/parallel_bank/generate_config_lane[0].analyzer/U191/Y (NAND4X2)
                                                          0.20      13.34 r
  producer/parallel_bank/generate_config_lane[0].analyzer/U95/A0N (OAI2BB1X2)
                                                          0.00      13.34 r
  producer/parallel_bank/generate_config_lane[0].analyzer/U95/Y (OAI2BB1X2)
                                                          0.29      13.63 r
  producer/parallel_bank/generate_config_lane[0].analyzer/U3219/A (INVX8)
                                                          0.00      13.63 r
  producer/parallel_bank/generate_config_lane[0].analyzer/U3219/Y (INVX8)
                                                          0.13      13.76 f
  producer/parallel_bank/generate_config_lane[0].analyzer/U97/B2 (AOI33X2)
                                                          0.00      13.76 f
  producer/parallel_bank/generate_config_lane[0].analyzer/U97/Y (AOI33X2)
                                                          0.43      14.19 r
  producer/parallel_bank/generate_config_lane[0].analyzer/U2483/A (NOR3X4)
                                                          0.00      14.19 r
  producer/parallel_bank/generate_config_lane[0].analyzer/U2483/Y (NOR3X4)
                                                          0.16      14.35 f
  producer/parallel_bank/generate_config_lane[0].analyzer/U3117/A (NAND4X4)
                                                          0.00      14.35 f
  producer/parallel_bank/generate_config_lane[0].analyzer/U3117/Y (NAND4X4)
                                                          0.15      14.50 r
  producer/parallel_bank/generate_config_lane[0].analyzer/U302/A (INVX8)
                                                          0.00      14.50 r
  producer/parallel_bank/generate_config_lane[0].analyzer/U302/Y (INVX8)
                                                          0.07      14.57 f
  producer/parallel_bank/generate_config_lane[0].analyzer/U3115/A (OR2X4)
                                                          0.00      14.57 f
  producer/parallel_bank/generate_config_lane[0].analyzer/U3115/Y (OR2X4)
                                                          0.26      14.83 f
  producer/parallel_bank/generate_config_lane[0].analyzer/U3142/B (OR2X4)
                                                          0.00      14.83 f
  producer/parallel_bank/generate_config_lane[0].analyzer/U3142/Y (OR2X4)
                                                          0.30      15.13 f
  producer/parallel_bank/generate_config_lane[0].analyzer/U2939/D (OR4X4)
                                                          0.00      15.13 f
  producer/parallel_bank/generate_config_lane[0].analyzer/U2939/Y (OR4X4)
                                                          0.49      15.62 f
  producer/parallel_bank/generate_config_lane[0].analyzer/U702/A (NAND3X4)
                                                          0.00      15.62 f
  producer/parallel_bank/generate_config_lane[0].analyzer/U702/Y (NAND3X4)
                                                          0.22      15.84 r
  producer/parallel_bank/generate_config_lane[0].analyzer/U134/A (CLKINVX2)
                                                          0.00      15.84 r
  producer/parallel_bank/generate_config_lane[0].analyzer/U134/Y (CLKINVX2)
                                                          0.13      15.97 f
  producer/parallel_bank/generate_config_lane[0].analyzer/U3213/A (OR2X4)
                                                          0.00      15.97 f
  producer/parallel_bank/generate_config_lane[0].analyzer/U3213/Y (OR2X4)
                                                          0.25      16.22 f
  producer/parallel_bank/generate_config_lane[0].analyzer/U3032/B1 (AOI222X2)
                                                          0.00      16.22 f
  producer/parallel_bank/generate_config_lane[0].analyzer/U3032/Y (AOI222X2)
                                                          0.40      16.62 r
  producer/parallel_bank/generate_config_lane[0].analyzer/U2628/A (AND4X4)
                                                          0.00      16.62 r
  producer/parallel_bank/generate_config_lane[0].analyzer/U2628/Y (AND4X4)
                                                          0.30      16.92 r
  producer/parallel_bank/generate_config_lane[0].analyzer/U2937/C0 (OAI221X4)
                                                          0.00      16.92 r
  producer/parallel_bank/generate_config_lane[0].analyzer/U2937/Y (OAI221X4)
                                                          0.35      17.28 f
  producer/parallel_bank/generate_config_lane[0].analyzer/U850/A (NOR4X4)
                                                          0.00      17.28 f
  producer/parallel_bank/generate_config_lane[0].analyzer/U850/Y (NOR4X4)
                                                          0.19      17.47 r
  producer/parallel_bank/generate_config_lane[0].analyzer/U848/C (NAND3X4)
                                                          0.00      17.47 r
  producer/parallel_bank/generate_config_lane[0].analyzer/U848/Y (NAND3X4)
                                                          0.14      17.61 f
  producer/parallel_bank/generate_config_lane[0].analyzer/U703/A (CLKINVX8)
                                                          0.00      17.61 f
  producer/parallel_bank/generate_config_lane[0].analyzer/U703/Y (CLKINVX8)
                                                          0.07      17.68 r
  producer/parallel_bank/generate_config_lane[0].analyzer/candidate_valid_o[2] (recam_shared_config_analyzer_ROW_ADDR_W9_PHYS_COL_ADDR_W13_WORD_COL_ADDR_W5_HYBRID_LINE_ADDR_W13_HYBRID_ENTRIES7_6)
                                                          0.00      17.68 r
  producer/parallel_bank/candidate_valid_flat_o[2] (recam_n2_preopt_parallel_config_bank_ROW_ADDR_W9_PHYS_COL_ADDR_W13_WORD_COL_ADDR_W5_HYBRID_LINE_ADDR_W13_HYBRID_ENTRIES7)
                                                          0.00      17.68 r
  producer/U318/A (NAND2X1)                               0.00      17.68 r
  producer/U318/Y (NAND2X1)                               0.23      17.91 f
  producer/U316/A (NAND2X4)                               0.00      17.91 f
  producer/U316/Y (NAND2X4)                               0.19      18.10 r
  producer/U315/A (NOR2X4)                                0.00      18.10 r
  producer/U315/Y (NOR2X4)                                0.07      18.17 f
  producer/U65/A (INVX4)                                  0.00      18.17 f
  producer/U65/Y (INVX4)                                  0.08      18.25 r
  producer/U314/A (NOR2X4)                                0.00      18.25 r
  producer/U314/Y (NOR2X4)                                0.07      18.32 f
  producer/U255/D (NAND4BX4)                              0.00      18.32 f
  producer/U255/Y (NAND4BX4)                              0.18      18.50 r
  producer/transition_adapter/candidate_valid_i (recam_dss_grid2x2_directional_rs2_cs2_m1_normalized_group_global_noscratch_candidate_transition_adapter)
                                                          0.00      18.50 r
  producer/transition_adapter/U3/A (AND2X4)               0.00      18.50 r
  producer/transition_adapter/U3/Y (AND2X4)               0.22      18.72 r
  producer/transition_adapter/actual_release_o (recam_dss_grid2x2_directional_rs2_cs2_m1_normalized_group_global_noscratch_candidate_transition_adapter)
                                                          0.00      18.72 r
  producer/U327/A (INVX8)                                 0.00      18.72 r
  producer/U327/Y (INVX8)                                 0.12      18.84 f
  producer/U154/B (OR2X2)                                 0.00      18.84 f
  producer/U154/Y (OR2X2)                                 0.31      19.15 f
  producer/U147/A (BUFX16)                                0.00      19.15 f
  producer/U147/Y (BUFX16)                                0.20      19.35 f
  producer/U1134/A0 (OAI32XL)                             0.00      19.35 f
  producer/U1134/Y (OAI32XL)                              0.44      19.79 r
  producer/candidate_release_q_reg[68]/D (DFFHQX1)        0.00      19.79 r
  data arrival time                                                 19.79

  clock recam_clk (rise edge)                            20.00      20.00
  clock network delay (ideal)                             0.00      20.00
  producer/candidate_release_q_reg[68]/CK (DFFHQX1)       0.00      20.00 r
  library setup time                                     -0.21      19.79
  data required time                                                19.79
  --------------------------------------------------------------------------
  data required time                                                19.79
  data arrival time                                                -19.79
  --------------------------------------------------------------------------
  slack (MET)                                                        0.00


  Startpoint: producer/sa_q_reg[0]
              (rising edge-triggered flip-flop clocked by recam_clk)
  Endpoint: producer/candidate_release_q_reg[128]
            (rising edge-triggered flip-flop clocked by recam_clk)
  Path Group: recam_clk
  Path Type: max

  Des/Clust/Port     Wire Load Model       Library
  ------------------------------------------------
  recam_n2_preopt_group_top
                     tsmc18_wl10           slow

  Point                                                   Incr       Path
  --------------------------------------------------------------------------
  clock recam_clk (rise edge)                             0.00       0.00
  clock network delay (ideal)                             0.00       0.00
  producer/sa_q_reg[0]/CK (DFFHQX4)                       0.00 #     0.00 r
  producer/sa_q_reg[0]/Q (DFFHQX4)                        0.26       0.26 f
  producer/U336/B (OR2X4)                                 0.00       0.26 f
  producer/U336/Y (OR2X4)                                 0.27       0.53 f
  producer/U214/A (INVX8)                                 0.00       0.53 f
  producer/U214/Y (INVX8)                                 0.10       0.63 r
  producer/U335/A (INVX8)                                 0.00       0.63 r
  producer/U335/Y (INVX8)                                 0.08       0.71 f
  producer/U127/A (CLKINVX8)                              0.00       0.71 f
  producer/U127/Y (CLKINVX8)                              0.12       0.84 r
  producer/U63/A (CLKINVX8)                               0.00       0.84 r
  producer/U63/Y (CLKINVX8)                               0.12       0.96 f
  producer/U535/A (CLKINVX8)                              0.00       0.96 f
  producer/U535/Y (CLKINVX8)                              0.12       1.08 r
  producer/U171/B1 (AOI2BB2X4)                            0.00       1.08 r
  producer/U171/Y (AOI2BB2X4)                             0.11       1.19 f
  producer/U2179/B (NAND2X4)                              0.00       1.19 f
  producer/U2179/Y (NAND2X4)                              0.24       1.43 r
  producer/parallel_bank/pivot_valid_i[1] (recam_n2_preopt_parallel_config_bank_ROW_ADDR_W9_PHYS_COL_ADDR_W13_WORD_COL_ADDR_W5_HYBRID_LINE_ADDR_W13_HYBRID_ENTRIES7)
                                                          0.00       1.43 r
  producer/parallel_bank/U244/A (BUFX12)                  0.00       1.43 r
  producer/parallel_bank/U244/Y (BUFX12)                  0.19       1.62 r
  producer/parallel_bank/generate_config_lane[0].analyzer/pivot_valid_i[1] (recam_shared_config_analyzer_ROW_ADDR_W9_PHYS_COL_ADDR_W13_WORD_COL_ADDR_W5_HYBRID_LINE_ADDR_W13_HYBRID_ENTRIES7_6)
                                                          0.00       1.62 r
  producer/parallel_bank/generate_config_lane[0].analyzer/U3231/A (INVX8)
                                                          0.00       1.62 r
  producer/parallel_bank/generate_config_lane[0].analyzer/U3231/Y (INVX8)
                                                          0.06       1.68 f
  producer/parallel_bank/generate_config_lane[0].analyzer/U2882/B2 (OAI33X4)
                                                          0.00       1.68 f
  producer/parallel_bank/generate_config_lane[0].analyzer/U2882/Y (OAI33X4)
                                                          0.68       2.36 r
  producer/parallel_bank/generate_config_lane[0].analyzer/U3217/A (INVX4)
                                                          0.00       2.36 r
  producer/parallel_bank/generate_config_lane[0].analyzer/U3217/Y (INVX4)
                                                          0.05       2.41 f
  producer/parallel_bank/generate_config_lane[0].analyzer/U3216/A (OR2X4)
                                                          0.00       2.41 f
  producer/parallel_bank/generate_config_lane[0].analyzer/U3216/Y (OR2X4)
                                                          0.23       2.64 f
  producer/parallel_bank/generate_config_lane[0].analyzer/U685/A (CLKINVX4)
                                                          0.00       2.64 f
  producer/parallel_bank/generate_config_lane[0].analyzer/U685/Y (CLKINVX4)
                                                          0.06       2.70 r
  producer/parallel_bank/generate_config_lane[0].analyzer/U3214/A (OR2X4)
                                                          0.00       2.70 r
  producer/parallel_bank/generate_config_lane[0].analyzer/U3214/Y (OR2X4)
                                                          0.16       2.87 r
  producer/parallel_bank/generate_config_lane[0].analyzer/U3135/A (XOR2X4)
                                                          0.00       2.87 r
  producer/parallel_bank/generate_config_lane[0].analyzer/U3135/Y (XOR2X4)
                                                          0.28       3.14 r
  producer/parallel_bank/generate_config_lane[0].analyzer/U621/A (INVX4)
                                                          0.00       3.14 r
  producer/parallel_bank/generate_config_lane[0].analyzer/U621/Y (INVX4)
                                                          0.06       3.20 f
  producer/parallel_bank/generate_config_lane[0].analyzer/U833/B (NOR2X4)
                                                          0.00       3.20 f
  producer/parallel_bank/generate_config_lane[0].analyzer/U833/Y (NOR2X4)
                                                          0.15       3.35 r
  producer/parallel_bank/generate_config_lane[0].analyzer/U3239/B (OR2X4)
                                                          0.00       3.35 r
  producer/parallel_bank/generate_config_lane[0].analyzer/U3239/Y (OR2X4)
                                                          0.37       3.71 r
  producer/parallel_bank/generate_config_lane[0].analyzer/U623/A (INVX8)
                                                          0.00       3.71 r
  producer/parallel_bank/generate_config_lane[0].analyzer/U623/Y (INVX8)
                                                          0.06       3.77 f
  producer/parallel_bank/generate_config_lane[0].analyzer/U3060/A (BUFX20)
                                                          0.00       3.77 f
  producer/parallel_bank/generate_config_lane[0].analyzer/U3060/Y (BUFX20)
                                                          0.15       3.93 f
  producer/parallel_bank/generate_config_lane[0].analyzer/U434/A (OR2X2)
                                                          0.00       3.93 f
  producer/parallel_bank/generate_config_lane[0].analyzer/U434/Y (OR2X2)
                                                          0.24       4.17 f
  producer/parallel_bank/generate_config_lane[0].analyzer/U904/A (BUFX8)
                                                          0.00       4.17 f
  producer/parallel_bank/generate_config_lane[0].analyzer/U904/Y (BUFX8)
                                                          0.17       4.34 f
  producer/parallel_bank/generate_config_lane[0].analyzer/U575/A (INVX8)
                                                          0.00       4.34 f
  producer/parallel_bank/generate_config_lane[0].analyzer/U575/Y (INVX8)
                                                          0.07       4.41 r
  producer/parallel_bank/generate_config_lane[0].analyzer/U3186/C (OR4X4)
                                                          0.00       4.41 r
  producer/parallel_bank/generate_config_lane[0].analyzer/U3186/Y (OR4X4)
                                                          0.21       4.62 r
  producer/parallel_bank/generate_config_lane[0].analyzer/U3653/C0 (OAI211X2)
                                                          0.00       4.62 r
  producer/parallel_bank/generate_config_lane[0].analyzer/U3653/Y (OAI211X2)
                                                          0.16       4.78 f
  producer/parallel_bank/generate_config_lane[0].analyzer/U2968/A (INVX4)
                                                          0.00       4.78 f
  producer/parallel_bank/generate_config_lane[0].analyzer/U2968/Y (INVX4)
                                                          0.12       4.90 r
  producer/parallel_bank/generate_config_lane[0].analyzer/U586/A (INVX8)
                                                          0.00       4.90 r
  producer/parallel_bank/generate_config_lane[0].analyzer/U586/Y (INVX8)
                                                          0.07       4.98 f
  producer/parallel_bank/generate_config_lane[0].analyzer/U585/B (OR2X4)
                                                          0.00       4.98 f
  producer/parallel_bank/generate_config_lane[0].analyzer/U585/Y (OR2X4)
                                                          0.33       5.31 f
  producer/parallel_bank/generate_config_lane[0].analyzer/U3230/A (CLKINVX8)
                                                          0.00       5.31 f
  producer/parallel_bank/generate_config_lane[0].analyzer/U3230/Y (CLKINVX8)
                                                          0.21       5.51 r
  producer/parallel_bank/generate_config_lane[0].analyzer/U109/A (OR2X2)
                                                          0.00       5.51 r
  producer/parallel_bank/generate_config_lane[0].analyzer/U109/Y (OR2X2)
                                                          0.55       6.06 r
  producer/parallel_bank/generate_config_lane[0].analyzer/U3058/B (OR2X4)
                                                          0.00       6.06 r
  producer/parallel_bank/generate_config_lane[0].analyzer/U3058/Y (OR2X4)
                                                          0.26       6.32 r
  producer/parallel_bank/generate_config_lane[0].analyzer/U3188/B (AND2X4)
                                                          0.00       6.32 r
  producer/parallel_bank/generate_config_lane[0].analyzer/U3188/Y (AND2X4)
                                                          0.18       6.50 r
  producer/parallel_bank/generate_config_lane[0].analyzer/U2800/A (NAND4X4)
                                                          0.00       6.50 r
  producer/parallel_bank/generate_config_lane[0].analyzer/U2800/Y (NAND4X4)
                                                          0.10       6.60 f
  producer/parallel_bank/generate_config_lane[0].analyzer/U2969/C (OR4X4)
                                                          0.00       6.60 f
  producer/parallel_bank/generate_config_lane[0].analyzer/U2969/Y (OR4X4)
                                                          0.41       7.01 f
  producer/parallel_bank/generate_config_lane[0].analyzer/U2966/D (OR4X4)
                                                          0.00       7.01 f
  producer/parallel_bank/generate_config_lane[0].analyzer/U2966/Y (OR4X4)
                                                          0.47       7.48 f
  producer/parallel_bank/generate_config_lane[0].analyzer/U345/B (NAND3BX4)
                                                          0.00       7.48 f
  producer/parallel_bank/generate_config_lane[0].analyzer/U345/Y (NAND3BX4)
                                                          0.24       7.73 r
  producer/parallel_bank/generate_config_lane[0].analyzer/U923/A (INVX8)
                                                          0.00       7.73 r
  producer/parallel_bank/generate_config_lane[0].analyzer/U923/Y (INVX8)
                                                          0.11       7.84 f
  producer/parallel_bank/generate_config_lane[0].analyzer/U1153/S0 (MXI2XL)
                                                          0.00       7.84 f
  producer/parallel_bank/generate_config_lane[0].analyzer/U1153/Y (MXI2XL)
                                                          0.35       8.19 r
  producer/parallel_bank/generate_config_lane[0].analyzer/U913/A (BUFX4)
                                                          0.00       8.19 r
  producer/parallel_bank/generate_config_lane[0].analyzer/U913/Y (BUFX4)
                                                          0.23       8.41 r
  producer/parallel_bank/generate_config_lane[0].analyzer/U230/A (XOR2XL)
                                                          0.00       8.41 r
  producer/parallel_bank/generate_config_lane[0].analyzer/U230/Y (XOR2XL)
                                                          0.44       8.85 r
  producer/parallel_bank/generate_config_lane[0].analyzer/U2936/A (NAND4X2)
                                                          0.00       8.85 r
  producer/parallel_bank/generate_config_lane[0].analyzer/U2936/Y (NAND4X2)
                                                          0.16       9.01 f
  producer/parallel_bank/generate_config_lane[0].analyzer/U3014/A (OR4X4)
                                                          0.00       9.01 f
  producer/parallel_bank/generate_config_lane[0].analyzer/U3014/Y (OR4X4)
                                                          0.33       9.34 f
  producer/parallel_bank/generate_config_lane[0].analyzer/U706/A (CLKINVX4)
                                                          0.00       9.34 f
  producer/parallel_bank/generate_config_lane[0].analyzer/U706/Y (CLKINVX4)
                                                          0.07       9.41 r
  producer/parallel_bank/generate_config_lane[0].analyzer/U3108/A (OR2X4)
                                                          0.00       9.41 r
  producer/parallel_bank/generate_config_lane[0].analyzer/U3108/Y (OR2X4)
                                                          0.18       9.59 r
  producer/parallel_bank/generate_config_lane[0].analyzer/U832/A (INVX8)
                                                          0.00       9.59 r
  producer/parallel_bank/generate_config_lane[0].analyzer/U832/Y (INVX8)
                                                          0.08       9.67 f
  producer/parallel_bank/generate_config_lane[0].analyzer/U831/B (NAND2X4)
                                                          0.00       9.67 f
  producer/parallel_bank/generate_config_lane[0].analyzer/U831/Y (NAND2X4)
                                                          0.13       9.80 r
  producer/parallel_bank/generate_config_lane[0].analyzer/U347/A (INVX8)
                                                          0.00       9.80 r
  producer/parallel_bank/generate_config_lane[0].analyzer/U347/Y (INVX8)
                                                          0.12       9.92 f
  producer/parallel_bank/generate_config_lane[0].analyzer/U745/S0 (MXI2X1)
                                                          0.00       9.92 f
  producer/parallel_bank/generate_config_lane[0].analyzer/U745/Y (MXI2X1)
                                                          0.42      10.34 r
  producer/parallel_bank/generate_config_lane[0].analyzer/U3728/A (XOR2X2)
                                                          0.00      10.34 r
  producer/parallel_bank/generate_config_lane[0].analyzer/U3728/Y (XOR2X2)
                                                          0.36      10.70 f
  producer/parallel_bank/generate_config_lane[0].analyzer/U3031/B (OR4X4)
                                                          0.00      10.70 f
  producer/parallel_bank/generate_config_lane[0].analyzer/U3031/Y (OR4X4)
                                                          0.40      11.09 f
  producer/parallel_bank/generate_config_lane[0].analyzer/U297/A (OR4X4)
                                                          0.00      11.09 f
  producer/parallel_bank/generate_config_lane[0].analyzer/U297/Y (OR4X4)
                                                          0.32      11.41 f
  producer/parallel_bank/generate_config_lane[0].analyzer/U2951/C (NAND3X4)
                                                          0.00      11.41 f
  producer/parallel_bank/generate_config_lane[0].analyzer/U2951/Y (NAND3X4)
                                                          0.27      11.68 r
  producer/parallel_bank/generate_config_lane[0].analyzer/U428/A (INVX8)
                                                          0.00      11.68 r
  producer/parallel_bank/generate_config_lane[0].analyzer/U428/Y (INVX8)
                                                          0.16      11.83 f
  producer/parallel_bank/generate_config_lane[0].analyzer/U545/S0 (MXI2X1)
                                                          0.00      11.83 f
  producer/parallel_bank/generate_config_lane[0].analyzer/U545/Y (MXI2X1)
                                                          0.27      12.11 f
  producer/parallel_bank/generate_config_lane[0].analyzer/U423/A (INVX4)
                                                          0.00      12.11 f
  producer/parallel_bank/generate_config_lane[0].analyzer/U423/Y (INVX4)
                                                          0.21      12.32 r
  producer/parallel_bank/generate_config_lane[0].analyzer/U18/B (XOR2X4)
                                                          0.00      12.32 r
  producer/parallel_bank/generate_config_lane[0].analyzer/U18/Y (XOR2X4)
                                                          0.25      12.57 r
  producer/parallel_bank/generate_config_lane[0].analyzer/U75/D (NAND4X2)
                                                          0.00      12.57 r
  producer/parallel_bank/generate_config_lane[0].analyzer/U75/Y (NAND4X2)
                                                          0.17      12.74 f
  producer/parallel_bank/generate_config_lane[0].analyzer/U192/B (OR4X4)
                                                          0.00      12.74 f
  producer/parallel_bank/generate_config_lane[0].analyzer/U192/Y (OR4X4)
                                                          0.40      13.14 f
  producer/parallel_bank/generate_config_lane[0].analyzer/U191/B (NAND4X2)
                                                          0.00      13.14 f
  producer/parallel_bank/generate_config_lane[0].analyzer/U191/Y (NAND4X2)
                                                          0.20      13.34 r
  producer/parallel_bank/generate_config_lane[0].analyzer/U95/A0N (OAI2BB1X2)
                                                          0.00      13.34 r
  producer/parallel_bank/generate_config_lane[0].analyzer/U95/Y (OAI2BB1X2)
                                                          0.29      13.63 r
  producer/parallel_bank/generate_config_lane[0].analyzer/U3219/A (INVX8)
                                                          0.00      13.63 r
  producer/parallel_bank/generate_config_lane[0].analyzer/U3219/Y (INVX8)
                                                          0.13      13.76 f
  producer/parallel_bank/generate_config_lane[0].analyzer/U97/B2 (AOI33X2)
                                                          0.00      13.76 f
  producer/parallel_bank/generate_config_lane[0].analyzer/U97/Y (AOI33X2)
                                                          0.43      14.19 r
  producer/parallel_bank/generate_config_lane[0].analyzer/U2483/A (NOR3X4)
                                                          0.00      14.19 r
  producer/parallel_bank/generate_config_lane[0].analyzer/U2483/Y (NOR3X4)
                                                          0.16      14.35 f
  producer/parallel_bank/generate_config_lane[0].analyzer/U3117/A (NAND4X4)
                                                          0.00      14.35 f
  producer/parallel_bank/generate_config_lane[0].analyzer/U3117/Y (NAND4X4)
                                                          0.15      14.50 r
  producer/parallel_bank/generate_config_lane[0].analyzer/U302/A (INVX8)
                                                          0.00      14.50 r
  producer/parallel_bank/generate_config_lane[0].analyzer/U302/Y (INVX8)
                                                          0.07      14.57 f
  producer/parallel_bank/generate_config_lane[0].analyzer/U3115/A (OR2X4)
                                                          0.00      14.57 f
  producer/parallel_bank/generate_config_lane[0].analyzer/U3115/Y (OR2X4)
                                                          0.26      14.83 f
  producer/parallel_bank/generate_config_lane[0].analyzer/U3142/B (OR2X4)
                                                          0.00      14.83 f
  producer/parallel_bank/generate_config_lane[0].analyzer/U3142/Y (OR2X4)
                                                          0.30      15.13 f
  producer/parallel_bank/generate_config_lane[0].analyzer/U2939/D (OR4X4)
                                                          0.00      15.13 f
  producer/parallel_bank/generate_config_lane[0].analyzer/U2939/Y (OR4X4)
                                                          0.49      15.62 f
  producer/parallel_bank/generate_config_lane[0].analyzer/U702/A (NAND3X4)
                                                          0.00      15.62 f
  producer/parallel_bank/generate_config_lane[0].analyzer/U702/Y (NAND3X4)
                                                          0.22      15.84 r
  producer/parallel_bank/generate_config_lane[0].analyzer/U134/A (CLKINVX2)
                                                          0.00      15.84 r
  producer/parallel_bank/generate_config_lane[0].analyzer/U134/Y (CLKINVX2)
                                                          0.13      15.97 f
  producer/parallel_bank/generate_config_lane[0].analyzer/U3213/A (OR2X4)
                                                          0.00      15.97 f
  producer/parallel_bank/generate_config_lane[0].analyzer/U3213/Y (OR2X4)
                                                          0.25      16.22 f
  producer/parallel_bank/generate_config_lane[0].analyzer/U3032/B1 (AOI222X2)
                                                          0.00      16.22 f
  producer/parallel_bank/generate_config_lane[0].analyzer/U3032/Y (AOI222X2)
                                                          0.40      16.62 r
  producer/parallel_bank/generate_config_lane[0].analyzer/U2628/A (AND4X4)
                                                          0.00      16.62 r
  producer/parallel_bank/generate_config_lane[0].analyzer/U2628/Y (AND4X4)
                                                          0.30      16.92 r
  producer/parallel_bank/generate_config_lane[0].analyzer/U2937/C0 (OAI221X4)
                                                          0.00      16.92 r
  producer/parallel_bank/generate_config_lane[0].analyzer/U2937/Y (OAI221X4)
                                                          0.35      17.28 f
  producer/parallel_bank/generate_config_lane[0].analyzer/U850/A (NOR4X4)
                                                          0.00      17.28 f
  producer/parallel_bank/generate_config_lane[0].analyzer/U850/Y (NOR4X4)
                                                          0.19      17.47 r
  producer/parallel_bank/generate_config_lane[0].analyzer/U848/C (NAND3X4)
                                                          0.00      17.47 r
  producer/parallel_bank/generate_config_lane[0].analyzer/U848/Y (NAND3X4)
                                                          0.14      17.61 f
  producer/parallel_bank/generate_config_lane[0].analyzer/U703/A (CLKINVX8)
                                                          0.00      17.61 f
  producer/parallel_bank/generate_config_lane[0].analyzer/U703/Y (CLKINVX8)
                                                          0.07      17.68 r
  producer/parallel_bank/generate_config_lane[0].analyzer/candidate_valid_o[2] (recam_shared_config_analyzer_ROW_ADDR_W9_PHYS_COL_ADDR_W13_WORD_COL_ADDR_W5_HYBRID_LINE_ADDR_W13_HYBRID_ENTRIES7_6)
                                                          0.00      17.68 r
  producer/parallel_bank/candidate_valid_flat_o[2] (recam_n2_preopt_parallel_config_bank_ROW_ADDR_W9_PHYS_COL_ADDR_W13_WORD_COL_ADDR_W5_HYBRID_LINE_ADDR_W13_HYBRID_ENTRIES7)
                                                          0.00      17.68 r
  producer/U318/A (NAND2X1)                               0.00      17.68 r
  producer/U318/Y (NAND2X1)                               0.23      17.91 f
  producer/U316/A (NAND2X4)                               0.00      17.91 f
  producer/U316/Y (NAND2X4)                               0.19      18.10 r
  producer/U315/A (NOR2X4)                                0.00      18.10 r
  producer/U315/Y (NOR2X4)                                0.07      18.17 f
  producer/U65/A (INVX4)                                  0.00      18.17 f
  producer/U65/Y (INVX4)                                  0.08      18.25 r
  producer/U314/A (NOR2X4)                                0.00      18.25 r
  producer/U314/Y (NOR2X4)                                0.07      18.32 f
  producer/U255/D (NAND4BX4)                              0.00      18.32 f
  producer/U255/Y (NAND4BX4)                              0.18      18.50 r
  producer/transition_adapter/candidate_valid_i (recam_dss_grid2x2_directional_rs2_cs2_m1_normalized_group_global_noscratch_candidate_transition_adapter)
                                                          0.00      18.50 r
  producer/transition_adapter/U3/A (AND2X4)               0.00      18.50 r
  producer/transition_adapter/U3/Y (AND2X4)               0.22      18.72 r
  producer/transition_adapter/actual_release_o (recam_dss_grid2x2_directional_rs2_cs2_m1_normalized_group_global_noscratch_candidate_transition_adapter)
                                                          0.00      18.72 r
  producer/U327/A (INVX8)                                 0.00      18.72 r
  producer/U327/Y (INVX8)                                 0.12      18.84 f
  producer/U154/B (OR2X2)                                 0.00      18.84 f
  producer/U154/Y (OR2X2)                                 0.31      19.15 f
  producer/U147/A (BUFX16)                                0.00      19.15 f
  producer/U147/Y (BUFX16)                                0.20      19.35 f
  producer/U1278/A0 (OAI32XL)                             0.00      19.35 f
  producer/U1278/Y (OAI32XL)                              0.44      19.79 r
  producer/candidate_release_q_reg[128]/D (DFFHQX1)       0.00      19.79 r
  data arrival time                                                 19.79

  clock recam_clk (rise edge)                            20.00      20.00
  clock network delay (ideal)                             0.00      20.00
  producer/candidate_release_q_reg[128]/CK (DFFHQX1)      0.00      20.00 r
  library setup time                                     -0.21      19.79
  data required time                                                19.79
  --------------------------------------------------------------------------
  data required time                                                19.79
  data arrival time                                                -19.79
  --------------------------------------------------------------------------
  slack (MET)                                                        0.00


  Startpoint: producer/sa_q_reg[0]
              (rising edge-triggered flip-flop clocked by recam_clk)
  Endpoint: producer/candidate_release_q_reg[132]
            (rising edge-triggered flip-flop clocked by recam_clk)
  Path Group: recam_clk
  Path Type: max

  Des/Clust/Port     Wire Load Model       Library
  ------------------------------------------------
  recam_n2_preopt_group_top
                     tsmc18_wl10           slow

  Point                                                   Incr       Path
  --------------------------------------------------------------------------
  clock recam_clk (rise edge)                             0.00       0.00
  clock network delay (ideal)                             0.00       0.00
  producer/sa_q_reg[0]/CK (DFFHQX4)                       0.00 #     0.00 r
  producer/sa_q_reg[0]/Q (DFFHQX4)                        0.26       0.26 f
  producer/U336/B (OR2X4)                                 0.00       0.26 f
  producer/U336/Y (OR2X4)                                 0.27       0.53 f
  producer/U214/A (INVX8)                                 0.00       0.53 f
  producer/U214/Y (INVX8)                                 0.10       0.63 r
  producer/U335/A (INVX8)                                 0.00       0.63 r
  producer/U335/Y (INVX8)                                 0.08       0.71 f
  producer/U127/A (CLKINVX8)                              0.00       0.71 f
  producer/U127/Y (CLKINVX8)                              0.12       0.84 r
  producer/U63/A (CLKINVX8)                               0.00       0.84 r
  producer/U63/Y (CLKINVX8)                               0.12       0.96 f
  producer/U535/A (CLKINVX8)                              0.00       0.96 f
  producer/U535/Y (CLKINVX8)                              0.12       1.08 r
  producer/U171/B1 (AOI2BB2X4)                            0.00       1.08 r
  producer/U171/Y (AOI2BB2X4)                             0.11       1.19 f
  producer/U2179/B (NAND2X4)                              0.00       1.19 f
  producer/U2179/Y (NAND2X4)                              0.24       1.43 r
  producer/parallel_bank/pivot_valid_i[1] (recam_n2_preopt_parallel_config_bank_ROW_ADDR_W9_PHYS_COL_ADDR_W13_WORD_COL_ADDR_W5_HYBRID_LINE_ADDR_W13_HYBRID_ENTRIES7)
                                                          0.00       1.43 r
  producer/parallel_bank/U244/A (BUFX12)                  0.00       1.43 r
  producer/parallel_bank/U244/Y (BUFX12)                  0.19       1.62 r
  producer/parallel_bank/generate_config_lane[0].analyzer/pivot_valid_i[1] (recam_shared_config_analyzer_ROW_ADDR_W9_PHYS_COL_ADDR_W13_WORD_COL_ADDR_W5_HYBRID_LINE_ADDR_W13_HYBRID_ENTRIES7_6)
                                                          0.00       1.62 r
  producer/parallel_bank/generate_config_lane[0].analyzer/U3231/A (INVX8)
                                                          0.00       1.62 r
  producer/parallel_bank/generate_config_lane[0].analyzer/U3231/Y (INVX8)
                                                          0.06       1.68 f
  producer/parallel_bank/generate_config_lane[0].analyzer/U2882/B2 (OAI33X4)
                                                          0.00       1.68 f
  producer/parallel_bank/generate_config_lane[0].analyzer/U2882/Y (OAI33X4)
                                                          0.68       2.36 r
  producer/parallel_bank/generate_config_lane[0].analyzer/U3217/A (INVX4)
                                                          0.00       2.36 r
  producer/parallel_bank/generate_config_lane[0].analyzer/U3217/Y (INVX4)
                                                          0.05       2.41 f
  producer/parallel_bank/generate_config_lane[0].analyzer/U3216/A (OR2X4)
                                                          0.00       2.41 f
  producer/parallel_bank/generate_config_lane[0].analyzer/U3216/Y (OR2X4)
                                                          0.23       2.64 f
  producer/parallel_bank/generate_config_lane[0].analyzer/U685/A (CLKINVX4)
                                                          0.00       2.64 f
  producer/parallel_bank/generate_config_lane[0].analyzer/U685/Y (CLKINVX4)
                                                          0.06       2.70 r
  producer/parallel_bank/generate_config_lane[0].analyzer/U3214/A (OR2X4)
                                                          0.00       2.70 r
  producer/parallel_bank/generate_config_lane[0].analyzer/U3214/Y (OR2X4)
                                                          0.16       2.87 r
  producer/parallel_bank/generate_config_lane[0].analyzer/U3135/A (XOR2X4)
                                                          0.00       2.87 r
  producer/parallel_bank/generate_config_lane[0].analyzer/U3135/Y (XOR2X4)
                                                          0.28       3.14 r
  producer/parallel_bank/generate_config_lane[0].analyzer/U621/A (INVX4)
                                                          0.00       3.14 r
  producer/parallel_bank/generate_config_lane[0].analyzer/U621/Y (INVX4)
                                                          0.06       3.20 f
  producer/parallel_bank/generate_config_lane[0].analyzer/U833/B (NOR2X4)
                                                          0.00       3.20 f
  producer/parallel_bank/generate_config_lane[0].analyzer/U833/Y (NOR2X4)
                                                          0.15       3.35 r
  producer/parallel_bank/generate_config_lane[0].analyzer/U3239/B (OR2X4)
                                                          0.00       3.35 r
  producer/parallel_bank/generate_config_lane[0].analyzer/U3239/Y (OR2X4)
                                                          0.37       3.71 r
  producer/parallel_bank/generate_config_lane[0].analyzer/U623/A (INVX8)
                                                          0.00       3.71 r
  producer/parallel_bank/generate_config_lane[0].analyzer/U623/Y (INVX8)
                                                          0.06       3.77 f
  producer/parallel_bank/generate_config_lane[0].analyzer/U3060/A (BUFX20)
                                                          0.00       3.77 f
  producer/parallel_bank/generate_config_lane[0].analyzer/U3060/Y (BUFX20)
                                                          0.15       3.93 f
  producer/parallel_bank/generate_config_lane[0].analyzer/U434/A (OR2X2)
                                                          0.00       3.93 f
  producer/parallel_bank/generate_config_lane[0].analyzer/U434/Y (OR2X2)
                                                          0.24       4.17 f
  producer/parallel_bank/generate_config_lane[0].analyzer/U904/A (BUFX8)
                                                          0.00       4.17 f
  producer/parallel_bank/generate_config_lane[0].analyzer/U904/Y (BUFX8)
                                                          0.17       4.34 f
  producer/parallel_bank/generate_config_lane[0].analyzer/U575/A (INVX8)
                                                          0.00       4.34 f
  producer/parallel_bank/generate_config_lane[0].analyzer/U575/Y (INVX8)
                                                          0.07       4.41 r
  producer/parallel_bank/generate_config_lane[0].analyzer/U3186/C (OR4X4)
                                                          0.00       4.41 r
  producer/parallel_bank/generate_config_lane[0].analyzer/U3186/Y (OR4X4)
                                                          0.21       4.62 r
  producer/parallel_bank/generate_config_lane[0].analyzer/U3653/C0 (OAI211X2)
                                                          0.00       4.62 r
  producer/parallel_bank/generate_config_lane[0].analyzer/U3653/Y (OAI211X2)
                                                          0.16       4.78 f
  producer/parallel_bank/generate_config_lane[0].analyzer/U2968/A (INVX4)
                                                          0.00       4.78 f
  producer/parallel_bank/generate_config_lane[0].analyzer/U2968/Y (INVX4)
                                                          0.12       4.90 r
  producer/parallel_bank/generate_config_lane[0].analyzer/U586/A (INVX8)
                                                          0.00       4.90 r
  producer/parallel_bank/generate_config_lane[0].analyzer/U586/Y (INVX8)
                                                          0.07       4.98 f
  producer/parallel_bank/generate_config_lane[0].analyzer/U585/B (OR2X4)
                                                          0.00       4.98 f
  producer/parallel_bank/generate_config_lane[0].analyzer/U585/Y (OR2X4)
                                                          0.33       5.31 f
  producer/parallel_bank/generate_config_lane[0].analyzer/U3230/A (CLKINVX8)
                                                          0.00       5.31 f
  producer/parallel_bank/generate_config_lane[0].analyzer/U3230/Y (CLKINVX8)
                                                          0.21       5.51 r
  producer/parallel_bank/generate_config_lane[0].analyzer/U109/A (OR2X2)
                                                          0.00       5.51 r
  producer/parallel_bank/generate_config_lane[0].analyzer/U109/Y (OR2X2)
                                                          0.55       6.06 r
  producer/parallel_bank/generate_config_lane[0].analyzer/U3058/B (OR2X4)
                                                          0.00       6.06 r
  producer/parallel_bank/generate_config_lane[0].analyzer/U3058/Y (OR2X4)
                                                          0.26       6.32 r
  producer/parallel_bank/generate_config_lane[0].analyzer/U3188/B (AND2X4)
                                                          0.00       6.32 r
  producer/parallel_bank/generate_config_lane[0].analyzer/U3188/Y (AND2X4)
                                                          0.18       6.50 r
  producer/parallel_bank/generate_config_lane[0].analyzer/U2800/A (NAND4X4)
                                                          0.00       6.50 r
  producer/parallel_bank/generate_config_lane[0].analyzer/U2800/Y (NAND4X4)
                                                          0.10       6.60 f
  producer/parallel_bank/generate_config_lane[0].analyzer/U2969/C (OR4X4)
                                                          0.00       6.60 f
  producer/parallel_bank/generate_config_lane[0].analyzer/U2969/Y (OR4X4)
                                                          0.41       7.01 f
  producer/parallel_bank/generate_config_lane[0].analyzer/U2966/D (OR4X4)
                                                          0.00       7.01 f
  producer/parallel_bank/generate_config_lane[0].analyzer/U2966/Y (OR4X4)
                                                          0.47       7.48 f
  producer/parallel_bank/generate_config_lane[0].analyzer/U345/B (NAND3BX4)
                                                          0.00       7.48 f
  producer/parallel_bank/generate_config_lane[0].analyzer/U345/Y (NAND3BX4)
                                                          0.24       7.73 r
  producer/parallel_bank/generate_config_lane[0].analyzer/U923/A (INVX8)
                                                          0.00       7.73 r
  producer/parallel_bank/generate_config_lane[0].analyzer/U923/Y (INVX8)
                                                          0.11       7.84 f
  producer/parallel_bank/generate_config_lane[0].analyzer/U1153/S0 (MXI2XL)
                                                          0.00       7.84 f
  producer/parallel_bank/generate_config_lane[0].analyzer/U1153/Y (MXI2XL)
                                                          0.35       8.19 r
  producer/parallel_bank/generate_config_lane[0].analyzer/U913/A (BUFX4)
                                                          0.00       8.19 r
  producer/parallel_bank/generate_config_lane[0].analyzer/U913/Y (BUFX4)
                                                          0.23       8.41 r
  producer/parallel_bank/generate_config_lane[0].analyzer/U230/A (XOR2XL)
                                                          0.00       8.41 r
  producer/parallel_bank/generate_config_lane[0].analyzer/U230/Y (XOR2XL)
                                                          0.44       8.85 r
  producer/parallel_bank/generate_config_lane[0].analyzer/U2936/A (NAND4X2)
                                                          0.00       8.85 r
  producer/parallel_bank/generate_config_lane[0].analyzer/U2936/Y (NAND4X2)
                                                          0.16       9.01 f
  producer/parallel_bank/generate_config_lane[0].analyzer/U3014/A (OR4X4)
                                                          0.00       9.01 f
  producer/parallel_bank/generate_config_lane[0].analyzer/U3014/Y (OR4X4)
                                                          0.33       9.34 f
  producer/parallel_bank/generate_config_lane[0].analyzer/U706/A (CLKINVX4)
                                                          0.00       9.34 f
  producer/parallel_bank/generate_config_lane[0].analyzer/U706/Y (CLKINVX4)
                                                          0.07       9.41 r
  producer/parallel_bank/generate_config_lane[0].analyzer/U3108/A (OR2X4)
                                                          0.00       9.41 r
  producer/parallel_bank/generate_config_lane[0].analyzer/U3108/Y (OR2X4)
                                                          0.18       9.59 r
  producer/parallel_bank/generate_config_lane[0].analyzer/U832/A (INVX8)
                                                          0.00       9.59 r
  producer/parallel_bank/generate_config_lane[0].analyzer/U832/Y (INVX8)
                                                          0.08       9.67 f
  producer/parallel_bank/generate_config_lane[0].analyzer/U831/B (NAND2X4)
                                                          0.00       9.67 f
  producer/parallel_bank/generate_config_lane[0].analyzer/U831/Y (NAND2X4)
                                                          0.13       9.80 r
  producer/parallel_bank/generate_config_lane[0].analyzer/U347/A (INVX8)
                                                          0.00       9.80 r
  producer/parallel_bank/generate_config_lane[0].analyzer/U347/Y (INVX8)
                                                          0.12       9.92 f
  producer/parallel_bank/generate_config_lane[0].analyzer/U745/S0 (MXI2X1)
                                                          0.00       9.92 f
  producer/parallel_bank/generate_config_lane[0].analyzer/U745/Y (MXI2X1)
                                                          0.42      10.34 r
  producer/parallel_bank/generate_config_lane[0].analyzer/U3728/A (XOR2X2)
                                                          0.00      10.34 r
  producer/parallel_bank/generate_config_lane[0].analyzer/U3728/Y (XOR2X2)
                                                          0.36      10.70 f
  producer/parallel_bank/generate_config_lane[0].analyzer/U3031/B (OR4X4)
                                                          0.00      10.70 f
  producer/parallel_bank/generate_config_lane[0].analyzer/U3031/Y (OR4X4)
                                                          0.40      11.09 f
  producer/parallel_bank/generate_config_lane[0].analyzer/U297/A (OR4X4)
                                                          0.00      11.09 f
  producer/parallel_bank/generate_config_lane[0].analyzer/U297/Y (OR4X4)
                                                          0.32      11.41 f
  producer/parallel_bank/generate_config_lane[0].analyzer/U2951/C (NAND3X4)
                                                          0.00      11.41 f
  producer/parallel_bank/generate_config_lane[0].analyzer/U2951/Y (NAND3X4)
                                                          0.27      11.68 r
  producer/parallel_bank/generate_config_lane[0].analyzer/U428/A (INVX8)
                                                          0.00      11.68 r
  producer/parallel_bank/generate_config_lane[0].analyzer/U428/Y (INVX8)
                                                          0.16      11.83 f
  producer/parallel_bank/generate_config_lane[0].analyzer/U545/S0 (MXI2X1)
                                                          0.00      11.83 f
  producer/parallel_bank/generate_config_lane[0].analyzer/U545/Y (MXI2X1)
                                                          0.27      12.11 f
  producer/parallel_bank/generate_config_lane[0].analyzer/U423/A (INVX4)
                                                          0.00      12.11 f
  producer/parallel_bank/generate_config_lane[0].analyzer/U423/Y (INVX4)
                                                          0.21      12.32 r
  producer/parallel_bank/generate_config_lane[0].analyzer/U18/B (XOR2X4)
                                                          0.00      12.32 r
  producer/parallel_bank/generate_config_lane[0].analyzer/U18/Y (XOR2X4)
                                                          0.25      12.57 r
  producer/parallel_bank/generate_config_lane[0].analyzer/U75/D (NAND4X2)
                                                          0.00      12.57 r
  producer/parallel_bank/generate_config_lane[0].analyzer/U75/Y (NAND4X2)
                                                          0.17      12.74 f
  producer/parallel_bank/generate_config_lane[0].analyzer/U192/B (OR4X4)
                                                          0.00      12.74 f
  producer/parallel_bank/generate_config_lane[0].analyzer/U192/Y (OR4X4)
                                                          0.40      13.14 f
  producer/parallel_bank/generate_config_lane[0].analyzer/U191/B (NAND4X2)
                                                          0.00      13.14 f
  producer/parallel_bank/generate_config_lane[0].analyzer/U191/Y (NAND4X2)
                                                          0.20      13.34 r
  producer/parallel_bank/generate_config_lane[0].analyzer/U95/A0N (OAI2BB1X2)
                                                          0.00      13.34 r
  producer/parallel_bank/generate_config_lane[0].analyzer/U95/Y (OAI2BB1X2)
                                                          0.29      13.63 r
  producer/parallel_bank/generate_config_lane[0].analyzer/U3219/A (INVX8)
                                                          0.00      13.63 r
  producer/parallel_bank/generate_config_lane[0].analyzer/U3219/Y (INVX8)
                                                          0.13      13.76 f
  producer/parallel_bank/generate_config_lane[0].analyzer/U97/B2 (AOI33X2)
                                                          0.00      13.76 f
  producer/parallel_bank/generate_config_lane[0].analyzer/U97/Y (AOI33X2)
                                                          0.43      14.19 r
  producer/parallel_bank/generate_config_lane[0].analyzer/U2483/A (NOR3X4)
                                                          0.00      14.19 r
  producer/parallel_bank/generate_config_lane[0].analyzer/U2483/Y (NOR3X4)
                                                          0.16      14.35 f
  producer/parallel_bank/generate_config_lane[0].analyzer/U3117/A (NAND4X4)
                                                          0.00      14.35 f
  producer/parallel_bank/generate_config_lane[0].analyzer/U3117/Y (NAND4X4)
                                                          0.15      14.50 r
  producer/parallel_bank/generate_config_lane[0].analyzer/U302/A (INVX8)
                                                          0.00      14.50 r
  producer/parallel_bank/generate_config_lane[0].analyzer/U302/Y (INVX8)
                                                          0.07      14.57 f
  producer/parallel_bank/generate_config_lane[0].analyzer/U3115/A (OR2X4)
                                                          0.00      14.57 f
  producer/parallel_bank/generate_config_lane[0].analyzer/U3115/Y (OR2X4)
                                                          0.26      14.83 f
  producer/parallel_bank/generate_config_lane[0].analyzer/U3142/B (OR2X4)
                                                          0.00      14.83 f
  producer/parallel_bank/generate_config_lane[0].analyzer/U3142/Y (OR2X4)
                                                          0.30      15.13 f
  producer/parallel_bank/generate_config_lane[0].analyzer/U2939/D (OR4X4)
                                                          0.00      15.13 f
  producer/parallel_bank/generate_config_lane[0].analyzer/U2939/Y (OR4X4)
                                                          0.49      15.62 f
  producer/parallel_bank/generate_config_lane[0].analyzer/U702/A (NAND3X4)
                                                          0.00      15.62 f
  producer/parallel_bank/generate_config_lane[0].analyzer/U702/Y (NAND3X4)
                                                          0.22      15.84 r
  producer/parallel_bank/generate_config_lane[0].analyzer/U134/A (CLKINVX2)
                                                          0.00      15.84 r
  producer/parallel_bank/generate_config_lane[0].analyzer/U134/Y (CLKINVX2)
                                                          0.13      15.97 f
  producer/parallel_bank/generate_config_lane[0].analyzer/U3213/A (OR2X4)
                                                          0.00      15.97 f
  producer/parallel_bank/generate_config_lane[0].analyzer/U3213/Y (OR2X4)
                                                          0.25      16.22 f
  producer/parallel_bank/generate_config_lane[0].analyzer/U3032/B1 (AOI222X2)
                                                          0.00      16.22 f
  producer/parallel_bank/generate_config_lane[0].analyzer/U3032/Y (AOI222X2)
                                                          0.40      16.62 r
  producer/parallel_bank/generate_config_lane[0].analyzer/U2628/A (AND4X4)
                                                          0.00      16.62 r
  producer/parallel_bank/generate_config_lane[0].analyzer/U2628/Y (AND4X4)
                                                          0.30      16.92 r
  producer/parallel_bank/generate_config_lane[0].analyzer/U2937/C0 (OAI221X4)
                                                          0.00      16.92 r
  producer/parallel_bank/generate_config_lane[0].analyzer/U2937/Y (OAI221X4)
                                                          0.35      17.28 f
  producer/parallel_bank/generate_config_lane[0].analyzer/U850/A (NOR4X4)
                                                          0.00      17.28 f
  producer/parallel_bank/generate_config_lane[0].analyzer/U850/Y (NOR4X4)
                                                          0.19      17.47 r
  producer/parallel_bank/generate_config_lane[0].analyzer/U848/C (NAND3X4)
                                                          0.00      17.47 r
  producer/parallel_bank/generate_config_lane[0].analyzer/U848/Y (NAND3X4)
                                                          0.14      17.61 f
  producer/parallel_bank/generate_config_lane[0].analyzer/U703/A (CLKINVX8)
                                                          0.00      17.61 f
  producer/parallel_bank/generate_config_lane[0].analyzer/U703/Y (CLKINVX8)
                                                          0.07      17.68 r
  producer/parallel_bank/generate_config_lane[0].analyzer/candidate_valid_o[2] (recam_shared_config_analyzer_ROW_ADDR_W9_PHYS_COL_ADDR_W13_WORD_COL_ADDR_W5_HYBRID_LINE_ADDR_W13_HYBRID_ENTRIES7_6)
                                                          0.00      17.68 r
  producer/parallel_bank/candidate_valid_flat_o[2] (recam_n2_preopt_parallel_config_bank_ROW_ADDR_W9_PHYS_COL_ADDR_W13_WORD_COL_ADDR_W5_HYBRID_LINE_ADDR_W13_HYBRID_ENTRIES7)
                                                          0.00      17.68 r
  producer/U318/A (NAND2X1)                               0.00      17.68 r
  producer/U318/Y (NAND2X1)                               0.23      17.91 f
  producer/U316/A (NAND2X4)                               0.00      17.91 f
  producer/U316/Y (NAND2X4)                               0.19      18.10 r
  producer/U315/A (NOR2X4)                                0.00      18.10 r
  producer/U315/Y (NOR2X4)                                0.07      18.17 f
  producer/U65/A (INVX4)                                  0.00      18.17 f
  producer/U65/Y (INVX4)                                  0.08      18.25 r
  producer/U314/A (NOR2X4)                                0.00      18.25 r
  producer/U314/Y (NOR2X4)                                0.07      18.32 f
  producer/U255/D (NAND4BX4)                              0.00      18.32 f
  producer/U255/Y (NAND4BX4)                              0.18      18.50 r
  producer/transition_adapter/candidate_valid_i (recam_dss_grid2x2_directional_rs2_cs2_m1_normalized_group_global_noscratch_candidate_transition_adapter)
                                                          0.00      18.50 r
  producer/transition_adapter/U3/A (AND2X4)               0.00      18.50 r
  producer/transition_adapter/U3/Y (AND2X4)               0.22      18.72 r
  producer/transition_adapter/actual_release_o (recam_dss_grid2x2_directional_rs2_cs2_m1_normalized_group_global_noscratch_candidate_transition_adapter)
                                                          0.00      18.72 r
  producer/U327/A (INVX8)                                 0.00      18.72 r
  producer/U327/Y (INVX8)                                 0.12      18.84 f
  producer/U87/B (OR2X2)                                  0.00      18.84 f
  producer/U87/Y (OR2X2)                                  0.32      19.16 f
  producer/U89/A (BUFX20)                                 0.00      19.16 f
  producer/U89/Y (BUFX20)                                 0.19      19.35 f
  producer/U1280/A0 (OAI32XL)                             0.00      19.35 f
  producer/U1280/Y (OAI32XL)                              0.44      19.79 r
  producer/candidate_release_q_reg[132]/D (DFFHQX1)       0.00      19.79 r
  data arrival time                                                 19.79

  clock recam_clk (rise edge)                            20.00      20.00
  clock network delay (ideal)                             0.00      20.00
  producer/candidate_release_q_reg[132]/CK (DFFHQX1)      0.00      20.00 r
  library setup time                                     -0.21      19.79
  data required time                                                19.79
  --------------------------------------------------------------------------
  data required time                                                19.79
  data arrival time                                                -19.79
  --------------------------------------------------------------------------
  slack (MET)                                                        0.00


  Startpoint: producer/sa_q_reg[0]
              (rising edge-triggered flip-flop clocked by recam_clk)
  Endpoint: producer/candidate_release_q_reg[122]
            (rising edge-triggered flip-flop clocked by recam_clk)
  Path Group: recam_clk
  Path Type: max

  Des/Clust/Port     Wire Load Model       Library
  ------------------------------------------------
  recam_n2_preopt_group_top
                     tsmc18_wl10           slow

  Point                                                   Incr       Path
  --------------------------------------------------------------------------
  clock recam_clk (rise edge)                             0.00       0.00
  clock network delay (ideal)                             0.00       0.00
  producer/sa_q_reg[0]/CK (DFFHQX4)                       0.00 #     0.00 r
  producer/sa_q_reg[0]/Q (DFFHQX4)                        0.26       0.26 f
  producer/U336/B (OR2X4)                                 0.00       0.26 f
  producer/U336/Y (OR2X4)                                 0.27       0.53 f
  producer/U214/A (INVX8)                                 0.00       0.53 f
  producer/U214/Y (INVX8)                                 0.10       0.63 r
  producer/U335/A (INVX8)                                 0.00       0.63 r
  producer/U335/Y (INVX8)                                 0.08       0.71 f
  producer/U127/A (CLKINVX8)                              0.00       0.71 f
  producer/U127/Y (CLKINVX8)                              0.12       0.84 r
  producer/U63/A (CLKINVX8)                               0.00       0.84 r
  producer/U63/Y (CLKINVX8)                               0.12       0.96 f
  producer/U535/A (CLKINVX8)                              0.00       0.96 f
  producer/U535/Y (CLKINVX8)                              0.12       1.08 r
  producer/U171/B1 (AOI2BB2X4)                            0.00       1.08 r
  producer/U171/Y (AOI2BB2X4)                             0.11       1.19 f
  producer/U2179/B (NAND2X4)                              0.00       1.19 f
  producer/U2179/Y (NAND2X4)                              0.24       1.43 r
  producer/parallel_bank/pivot_valid_i[1] (recam_n2_preopt_parallel_config_bank_ROW_ADDR_W9_PHYS_COL_ADDR_W13_WORD_COL_ADDR_W5_HYBRID_LINE_ADDR_W13_HYBRID_ENTRIES7)
                                                          0.00       1.43 r
  producer/parallel_bank/U244/A (BUFX12)                  0.00       1.43 r
  producer/parallel_bank/U244/Y (BUFX12)                  0.19       1.62 r
  producer/parallel_bank/generate_config_lane[0].analyzer/pivot_valid_i[1] (recam_shared_config_analyzer_ROW_ADDR_W9_PHYS_COL_ADDR_W13_WORD_COL_ADDR_W5_HYBRID_LINE_ADDR_W13_HYBRID_ENTRIES7_6)
                                                          0.00       1.62 r
  producer/parallel_bank/generate_config_lane[0].analyzer/U3231/A (INVX8)
                                                          0.00       1.62 r
  producer/parallel_bank/generate_config_lane[0].analyzer/U3231/Y (INVX8)
                                                          0.06       1.68 f
  producer/parallel_bank/generate_config_lane[0].analyzer/U2882/B2 (OAI33X4)
                                                          0.00       1.68 f
  producer/parallel_bank/generate_config_lane[0].analyzer/U2882/Y (OAI33X4)
                                                          0.68       2.36 r
  producer/parallel_bank/generate_config_lane[0].analyzer/U3217/A (INVX4)
                                                          0.00       2.36 r
  producer/parallel_bank/generate_config_lane[0].analyzer/U3217/Y (INVX4)
                                                          0.05       2.41 f
  producer/parallel_bank/generate_config_lane[0].analyzer/U3216/A (OR2X4)
                                                          0.00       2.41 f
  producer/parallel_bank/generate_config_lane[0].analyzer/U3216/Y (OR2X4)
                                                          0.23       2.64 f
  producer/parallel_bank/generate_config_lane[0].analyzer/U685/A (CLKINVX4)
                                                          0.00       2.64 f
  producer/parallel_bank/generate_config_lane[0].analyzer/U685/Y (CLKINVX4)
                                                          0.06       2.70 r
  producer/parallel_bank/generate_config_lane[0].analyzer/U3214/A (OR2X4)
                                                          0.00       2.70 r
  producer/parallel_bank/generate_config_lane[0].analyzer/U3214/Y (OR2X4)
                                                          0.16       2.87 r
  producer/parallel_bank/generate_config_lane[0].analyzer/U3135/A (XOR2X4)
                                                          0.00       2.87 r
  producer/parallel_bank/generate_config_lane[0].analyzer/U3135/Y (XOR2X4)
                                                          0.28       3.14 r
  producer/parallel_bank/generate_config_lane[0].analyzer/U621/A (INVX4)
                                                          0.00       3.14 r
  producer/parallel_bank/generate_config_lane[0].analyzer/U621/Y (INVX4)
                                                          0.06       3.20 f
  producer/parallel_bank/generate_config_lane[0].analyzer/U833/B (NOR2X4)
                                                          0.00       3.20 f
  producer/parallel_bank/generate_config_lane[0].analyzer/U833/Y (NOR2X4)
                                                          0.15       3.35 r
  producer/parallel_bank/generate_config_lane[0].analyzer/U3239/B (OR2X4)
                                                          0.00       3.35 r
  producer/parallel_bank/generate_config_lane[0].analyzer/U3239/Y (OR2X4)
                                                          0.37       3.71 r
  producer/parallel_bank/generate_config_lane[0].analyzer/U623/A (INVX8)
                                                          0.00       3.71 r
  producer/parallel_bank/generate_config_lane[0].analyzer/U623/Y (INVX8)
                                                          0.06       3.77 f
  producer/parallel_bank/generate_config_lane[0].analyzer/U3060/A (BUFX20)
                                                          0.00       3.77 f
  producer/parallel_bank/generate_config_lane[0].analyzer/U3060/Y (BUFX20)
                                                          0.15       3.93 f
  producer/parallel_bank/generate_config_lane[0].analyzer/U434/A (OR2X2)
                                                          0.00       3.93 f
  producer/parallel_bank/generate_config_lane[0].analyzer/U434/Y (OR2X2)
                                                          0.24       4.17 f
  producer/parallel_bank/generate_config_lane[0].analyzer/U904/A (BUFX8)
                                                          0.00       4.17 f
  producer/parallel_bank/generate_config_lane[0].analyzer/U904/Y (BUFX8)
                                                          0.17       4.34 f
  producer/parallel_bank/generate_config_lane[0].analyzer/U575/A (INVX8)
                                                          0.00       4.34 f
  producer/parallel_bank/generate_config_lane[0].analyzer/U575/Y (INVX8)
                                                          0.07       4.41 r
  producer/parallel_bank/generate_config_lane[0].analyzer/U3186/C (OR4X4)
                                                          0.00       4.41 r
  producer/parallel_bank/generate_config_lane[0].analyzer/U3186/Y (OR4X4)
                                                          0.21       4.62 r
  producer/parallel_bank/generate_config_lane[0].analyzer/U3653/C0 (OAI211X2)
                                                          0.00       4.62 r
  producer/parallel_bank/generate_config_lane[0].analyzer/U3653/Y (OAI211X2)
                                                          0.16       4.78 f
  producer/parallel_bank/generate_config_lane[0].analyzer/U2968/A (INVX4)
                                                          0.00       4.78 f
  producer/parallel_bank/generate_config_lane[0].analyzer/U2968/Y (INVX4)
                                                          0.12       4.90 r
  producer/parallel_bank/generate_config_lane[0].analyzer/U586/A (INVX8)
                                                          0.00       4.90 r
  producer/parallel_bank/generate_config_lane[0].analyzer/U586/Y (INVX8)
                                                          0.07       4.98 f
  producer/parallel_bank/generate_config_lane[0].analyzer/U585/B (OR2X4)
                                                          0.00       4.98 f
  producer/parallel_bank/generate_config_lane[0].analyzer/U585/Y (OR2X4)
                                                          0.33       5.31 f
  producer/parallel_bank/generate_config_lane[0].analyzer/U3230/A (CLKINVX8)
                                                          0.00       5.31 f
  producer/parallel_bank/generate_config_lane[0].analyzer/U3230/Y (CLKINVX8)
                                                          0.21       5.51 r
  producer/parallel_bank/generate_config_lane[0].analyzer/U109/A (OR2X2)
                                                          0.00       5.51 r
  producer/parallel_bank/generate_config_lane[0].analyzer/U109/Y (OR2X2)
                                                          0.55       6.06 r
  producer/parallel_bank/generate_config_lane[0].analyzer/U3058/B (OR2X4)
                                                          0.00       6.06 r
  producer/parallel_bank/generate_config_lane[0].analyzer/U3058/Y (OR2X4)
                                                          0.26       6.32 r
  producer/parallel_bank/generate_config_lane[0].analyzer/U3188/B (AND2X4)
                                                          0.00       6.32 r
  producer/parallel_bank/generate_config_lane[0].analyzer/U3188/Y (AND2X4)
                                                          0.18       6.50 r
  producer/parallel_bank/generate_config_lane[0].analyzer/U2800/A (NAND4X4)
                                                          0.00       6.50 r
  producer/parallel_bank/generate_config_lane[0].analyzer/U2800/Y (NAND4X4)
                                                          0.10       6.60 f
  producer/parallel_bank/generate_config_lane[0].analyzer/U2969/C (OR4X4)
                                                          0.00       6.60 f
  producer/parallel_bank/generate_config_lane[0].analyzer/U2969/Y (OR4X4)
                                                          0.41       7.01 f
  producer/parallel_bank/generate_config_lane[0].analyzer/U2966/D (OR4X4)
                                                          0.00       7.01 f
  producer/parallel_bank/generate_config_lane[0].analyzer/U2966/Y (OR4X4)
                                                          0.47       7.48 f
  producer/parallel_bank/generate_config_lane[0].analyzer/U345/B (NAND3BX4)
                                                          0.00       7.48 f
  producer/parallel_bank/generate_config_lane[0].analyzer/U345/Y (NAND3BX4)
                                                          0.24       7.73 r
  producer/parallel_bank/generate_config_lane[0].analyzer/U923/A (INVX8)
                                                          0.00       7.73 r
  producer/parallel_bank/generate_config_lane[0].analyzer/U923/Y (INVX8)
                                                          0.11       7.84 f
  producer/parallel_bank/generate_config_lane[0].analyzer/U1153/S0 (MXI2XL)
                                                          0.00       7.84 f
  producer/parallel_bank/generate_config_lane[0].analyzer/U1153/Y (MXI2XL)
                                                          0.35       8.19 r
  producer/parallel_bank/generate_config_lane[0].analyzer/U913/A (BUFX4)
                                                          0.00       8.19 r
  producer/parallel_bank/generate_config_lane[0].analyzer/U913/Y (BUFX4)
                                                          0.23       8.41 r
  producer/parallel_bank/generate_config_lane[0].analyzer/U230/A (XOR2XL)
                                                          0.00       8.41 r
  producer/parallel_bank/generate_config_lane[0].analyzer/U230/Y (XOR2XL)
                                                          0.44       8.85 r
  producer/parallel_bank/generate_config_lane[0].analyzer/U2936/A (NAND4X2)
                                                          0.00       8.85 r
  producer/parallel_bank/generate_config_lane[0].analyzer/U2936/Y (NAND4X2)
                                                          0.16       9.01 f
  producer/parallel_bank/generate_config_lane[0].analyzer/U3014/A (OR4X4)
                                                          0.00       9.01 f
  producer/parallel_bank/generate_config_lane[0].analyzer/U3014/Y (OR4X4)
                                                          0.33       9.34 f
  producer/parallel_bank/generate_config_lane[0].analyzer/U706/A (CLKINVX4)
                                                          0.00       9.34 f
  producer/parallel_bank/generate_config_lane[0].analyzer/U706/Y (CLKINVX4)
                                                          0.07       9.41 r
  producer/parallel_bank/generate_config_lane[0].analyzer/U3108/A (OR2X4)
                                                          0.00       9.41 r
  producer/parallel_bank/generate_config_lane[0].analyzer/U3108/Y (OR2X4)
                                                          0.18       9.59 r
  producer/parallel_bank/generate_config_lane[0].analyzer/U832/A (INVX8)
                                                          0.00       9.59 r
  producer/parallel_bank/generate_config_lane[0].analyzer/U832/Y (INVX8)
                                                          0.08       9.67 f
  producer/parallel_bank/generate_config_lane[0].analyzer/U831/B (NAND2X4)
                                                          0.00       9.67 f
  producer/parallel_bank/generate_config_lane[0].analyzer/U831/Y (NAND2X4)
                                                          0.13       9.80 r
  producer/parallel_bank/generate_config_lane[0].analyzer/U347/A (INVX8)
                                                          0.00       9.80 r
  producer/parallel_bank/generate_config_lane[0].analyzer/U347/Y (INVX8)
                                                          0.12       9.92 f
  producer/parallel_bank/generate_config_lane[0].analyzer/U745/S0 (MXI2X1)
                                                          0.00       9.92 f
  producer/parallel_bank/generate_config_lane[0].analyzer/U745/Y (MXI2X1)
                                                          0.42      10.34 r
  producer/parallel_bank/generate_config_lane[0].analyzer/U3728/A (XOR2X2)
                                                          0.00      10.34 r
  producer/parallel_bank/generate_config_lane[0].analyzer/U3728/Y (XOR2X2)
                                                          0.36      10.70 f
  producer/parallel_bank/generate_config_lane[0].analyzer/U3031/B (OR4X4)
                                                          0.00      10.70 f
  producer/parallel_bank/generate_config_lane[0].analyzer/U3031/Y (OR4X4)
                                                          0.40      11.09 f
  producer/parallel_bank/generate_config_lane[0].analyzer/U297/A (OR4X4)
                                                          0.00      11.09 f
  producer/parallel_bank/generate_config_lane[0].analyzer/U297/Y (OR4X4)
                                                          0.32      11.41 f
  producer/parallel_bank/generate_config_lane[0].analyzer/U2951/C (NAND3X4)
                                                          0.00      11.41 f
  producer/parallel_bank/generate_config_lane[0].analyzer/U2951/Y (NAND3X4)
                                                          0.27      11.68 r
  producer/parallel_bank/generate_config_lane[0].analyzer/U428/A (INVX8)
                                                          0.00      11.68 r
  producer/parallel_bank/generate_config_lane[0].analyzer/U428/Y (INVX8)
                                                          0.16      11.83 f
  producer/parallel_bank/generate_config_lane[0].analyzer/U545/S0 (MXI2X1)
                                                          0.00      11.83 f
  producer/parallel_bank/generate_config_lane[0].analyzer/U545/Y (MXI2X1)
                                                          0.27      12.11 f
  producer/parallel_bank/generate_config_lane[0].analyzer/U423/A (INVX4)
                                                          0.00      12.11 f
  producer/parallel_bank/generate_config_lane[0].analyzer/U423/Y (INVX4)
                                                          0.21      12.32 r
  producer/parallel_bank/generate_config_lane[0].analyzer/U18/B (XOR2X4)
                                                          0.00      12.32 r
  producer/parallel_bank/generate_config_lane[0].analyzer/U18/Y (XOR2X4)
                                                          0.25      12.57 r
  producer/parallel_bank/generate_config_lane[0].analyzer/U75/D (NAND4X2)
                                                          0.00      12.57 r
  producer/parallel_bank/generate_config_lane[0].analyzer/U75/Y (NAND4X2)
                                                          0.17      12.74 f
  producer/parallel_bank/generate_config_lane[0].analyzer/U192/B (OR4X4)
                                                          0.00      12.74 f
  producer/parallel_bank/generate_config_lane[0].analyzer/U192/Y (OR4X4)
                                                          0.40      13.14 f
  producer/parallel_bank/generate_config_lane[0].analyzer/U191/B (NAND4X2)
                                                          0.00      13.14 f
  producer/parallel_bank/generate_config_lane[0].analyzer/U191/Y (NAND4X2)
                                                          0.20      13.34 r
  producer/parallel_bank/generate_config_lane[0].analyzer/U95/A0N (OAI2BB1X2)
                                                          0.00      13.34 r
  producer/parallel_bank/generate_config_lane[0].analyzer/U95/Y (OAI2BB1X2)
                                                          0.29      13.63 r
  producer/parallel_bank/generate_config_lane[0].analyzer/U3219/A (INVX8)
                                                          0.00      13.63 r
  producer/parallel_bank/generate_config_lane[0].analyzer/U3219/Y (INVX8)
                                                          0.13      13.76 f
  producer/parallel_bank/generate_config_lane[0].analyzer/U97/B2 (AOI33X2)
                                                          0.00      13.76 f
  producer/parallel_bank/generate_config_lane[0].analyzer/U97/Y (AOI33X2)
                                                          0.43      14.19 r
  producer/parallel_bank/generate_config_lane[0].analyzer/U2483/A (NOR3X4)
                                                          0.00      14.19 r
  producer/parallel_bank/generate_config_lane[0].analyzer/U2483/Y (NOR3X4)
                                                          0.16      14.35 f
  producer/parallel_bank/generate_config_lane[0].analyzer/U3117/A (NAND4X4)
                                                          0.00      14.35 f
  producer/parallel_bank/generate_config_lane[0].analyzer/U3117/Y (NAND4X4)
                                                          0.15      14.50 r
  producer/parallel_bank/generate_config_lane[0].analyzer/U302/A (INVX8)
                                                          0.00      14.50 r
  producer/parallel_bank/generate_config_lane[0].analyzer/U302/Y (INVX8)
                                                          0.07      14.57 f
  producer/parallel_bank/generate_config_lane[0].analyzer/U3115/A (OR2X4)
                                                          0.00      14.57 f
  producer/parallel_bank/generate_config_lane[0].analyzer/U3115/Y (OR2X4)
                                                          0.26      14.83 f
  producer/parallel_bank/generate_config_lane[0].analyzer/U3142/B (OR2X4)
                                                          0.00      14.83 f
  producer/parallel_bank/generate_config_lane[0].analyzer/U3142/Y (OR2X4)
                                                          0.30      15.13 f
  producer/parallel_bank/generate_config_lane[0].analyzer/U2939/D (OR4X4)
                                                          0.00      15.13 f
  producer/parallel_bank/generate_config_lane[0].analyzer/U2939/Y (OR4X4)
                                                          0.49      15.62 f
  producer/parallel_bank/generate_config_lane[0].analyzer/U702/A (NAND3X4)
                                                          0.00      15.62 f
  producer/parallel_bank/generate_config_lane[0].analyzer/U702/Y (NAND3X4)
                                                          0.22      15.84 r
  producer/parallel_bank/generate_config_lane[0].analyzer/U134/A (CLKINVX2)
                                                          0.00      15.84 r
  producer/parallel_bank/generate_config_lane[0].analyzer/U134/Y (CLKINVX2)
                                                          0.13      15.97 f
  producer/parallel_bank/generate_config_lane[0].analyzer/U3213/A (OR2X4)
                                                          0.00      15.97 f
  producer/parallel_bank/generate_config_lane[0].analyzer/U3213/Y (OR2X4)
                                                          0.25      16.22 f
  producer/parallel_bank/generate_config_lane[0].analyzer/U3032/B1 (AOI222X2)
                                                          0.00      16.22 f
  producer/parallel_bank/generate_config_lane[0].analyzer/U3032/Y (AOI222X2)
                                                          0.40      16.62 r
  producer/parallel_bank/generate_config_lane[0].analyzer/U2628/A (AND4X4)
                                                          0.00      16.62 r
  producer/parallel_bank/generate_config_lane[0].analyzer/U2628/Y (AND4X4)
                                                          0.30      16.92 r
  producer/parallel_bank/generate_config_lane[0].analyzer/U2937/C0 (OAI221X4)
                                                          0.00      16.92 r
  producer/parallel_bank/generate_config_lane[0].analyzer/U2937/Y (OAI221X4)
                                                          0.35      17.28 f
  producer/parallel_bank/generate_config_lane[0].analyzer/U850/A (NOR4X4)
                                                          0.00      17.28 f
  producer/parallel_bank/generate_config_lane[0].analyzer/U850/Y (NOR4X4)
                                                          0.19      17.47 r
  producer/parallel_bank/generate_config_lane[0].analyzer/U848/C (NAND3X4)
                                                          0.00      17.47 r
  producer/parallel_bank/generate_config_lane[0].analyzer/U848/Y (NAND3X4)
                                                          0.14      17.61 f
  producer/parallel_bank/generate_config_lane[0].analyzer/U703/A (CLKINVX8)
                                                          0.00      17.61 f
  producer/parallel_bank/generate_config_lane[0].analyzer/U703/Y (CLKINVX8)
                                                          0.07      17.68 r
  producer/parallel_bank/generate_config_lane[0].analyzer/candidate_valid_o[2] (recam_shared_config_analyzer_ROW_ADDR_W9_PHYS_COL_ADDR_W13_WORD_COL_ADDR_W5_HYBRID_LINE_ADDR_W13_HYBRID_ENTRIES7_6)
                                                          0.00      17.68 r
  producer/parallel_bank/candidate_valid_flat_o[2] (recam_n2_preopt_parallel_config_bank_ROW_ADDR_W9_PHYS_COL_ADDR_W13_WORD_COL_ADDR_W5_HYBRID_LINE_ADDR_W13_HYBRID_ENTRIES7)
                                                          0.00      17.68 r
  producer/U318/A (NAND2X1)                               0.00      17.68 r
  producer/U318/Y (NAND2X1)                               0.23      17.91 f
  producer/U316/A (NAND2X4)                               0.00      17.91 f
  producer/U316/Y (NAND2X4)                               0.19      18.10 r
  producer/U315/A (NOR2X4)                                0.00      18.10 r
  producer/U315/Y (NOR2X4)                                0.07      18.17 f
  producer/U65/A (INVX4)                                  0.00      18.17 f
  producer/U65/Y (INVX4)                                  0.08      18.25 r
  producer/U314/A (NOR2X4)                                0.00      18.25 r
  producer/U314/Y (NOR2X4)                                0.07      18.32 f
  producer/U255/D (NAND4BX4)                              0.00      18.32 f
  producer/U255/Y (NAND4BX4)                              0.18      18.50 r
  producer/transition_adapter/candidate_valid_i (recam_dss_grid2x2_directional_rs2_cs2_m1_normalized_group_global_noscratch_candidate_transition_adapter)
                                                          0.00      18.50 r
  producer/transition_adapter/U3/A (AND2X4)               0.00      18.50 r
  producer/transition_adapter/U3/Y (AND2X4)               0.22      18.72 r
  producer/transition_adapter/actual_release_o (recam_dss_grid2x2_directional_rs2_cs2_m1_normalized_group_global_noscratch_candidate_transition_adapter)
                                                          0.00      18.72 r
  producer/U327/A (INVX8)                                 0.00      18.72 r
  producer/U327/Y (INVX8)                                 0.12      18.84 f
  producer/U87/B (OR2X2)                                  0.00      18.84 f
  producer/U87/Y (OR2X2)                                  0.32      19.16 f
  producer/U89/A (BUFX20)                                 0.00      19.16 f
  producer/U89/Y (BUFX20)                                 0.19      19.35 f
  producer/U1273/A0 (OAI32XL)                             0.00      19.35 f
  producer/U1273/Y (OAI32XL)                              0.44      19.79 r
  producer/candidate_release_q_reg[122]/D (DFFHQX1)       0.00      19.79 r
  data arrival time                                                 19.79

  clock recam_clk (rise edge)                            20.00      20.00
  clock network delay (ideal)                             0.00      20.00
  producer/candidate_release_q_reg[122]/CK (DFFHQX1)      0.00      20.00 r
  library setup time                                     -0.21      19.79
  data required time                                                19.79
  --------------------------------------------------------------------------
  data required time                                                19.79
  data arrival time                                                -19.79
  --------------------------------------------------------------------------
  slack (MET)                                                        0.00


  Startpoint: producer/sa_q_reg[0]
              (rising edge-triggered flip-flop clocked by recam_clk)
  Endpoint: producer/candidate_release_q_reg[42]
            (rising edge-triggered flip-flop clocked by recam_clk)
  Path Group: recam_clk
  Path Type: max

  Des/Clust/Port     Wire Load Model       Library
  ------------------------------------------------
  recam_n2_preopt_group_top
                     tsmc18_wl10           slow

  Point                                                   Incr       Path
  --------------------------------------------------------------------------
  clock recam_clk (rise edge)                             0.00       0.00
  clock network delay (ideal)                             0.00       0.00
  producer/sa_q_reg[0]/CK (DFFHQX4)                       0.00 #     0.00 r
  producer/sa_q_reg[0]/Q (DFFHQX4)                        0.26       0.26 f
  producer/U336/B (OR2X4)                                 0.00       0.26 f
  producer/U336/Y (OR2X4)                                 0.27       0.53 f
  producer/U214/A (INVX8)                                 0.00       0.53 f
  producer/U214/Y (INVX8)                                 0.10       0.63 r
  producer/U335/A (INVX8)                                 0.00       0.63 r
  producer/U335/Y (INVX8)                                 0.08       0.71 f
  producer/U127/A (CLKINVX8)                              0.00       0.71 f
  producer/U127/Y (CLKINVX8)                              0.12       0.84 r
  producer/U63/A (CLKINVX8)                               0.00       0.84 r
  producer/U63/Y (CLKINVX8)                               0.12       0.96 f
  producer/U535/A (CLKINVX8)                              0.00       0.96 f
  producer/U535/Y (CLKINVX8)                              0.12       1.08 r
  producer/U171/B1 (AOI2BB2X4)                            0.00       1.08 r
  producer/U171/Y (AOI2BB2X4)                             0.11       1.19 f
  producer/U2179/B (NAND2X4)                              0.00       1.19 f
  producer/U2179/Y (NAND2X4)                              0.24       1.43 r
  producer/parallel_bank/pivot_valid_i[1] (recam_n2_preopt_parallel_config_bank_ROW_ADDR_W9_PHYS_COL_ADDR_W13_WORD_COL_ADDR_W5_HYBRID_LINE_ADDR_W13_HYBRID_ENTRIES7)
                                                          0.00       1.43 r
  producer/parallel_bank/U244/A (BUFX12)                  0.00       1.43 r
  producer/parallel_bank/U244/Y (BUFX12)                  0.19       1.62 r
  producer/parallel_bank/generate_config_lane[0].analyzer/pivot_valid_i[1] (recam_shared_config_analyzer_ROW_ADDR_W9_PHYS_COL_ADDR_W13_WORD_COL_ADDR_W5_HYBRID_LINE_ADDR_W13_HYBRID_ENTRIES7_6)
                                                          0.00       1.62 r
  producer/parallel_bank/generate_config_lane[0].analyzer/U3231/A (INVX8)
                                                          0.00       1.62 r
  producer/parallel_bank/generate_config_lane[0].analyzer/U3231/Y (INVX8)
                                                          0.06       1.68 f
  producer/parallel_bank/generate_config_lane[0].analyzer/U2882/B2 (OAI33X4)
                                                          0.00       1.68 f
  producer/parallel_bank/generate_config_lane[0].analyzer/U2882/Y (OAI33X4)
                                                          0.68       2.36 r
  producer/parallel_bank/generate_config_lane[0].analyzer/U3217/A (INVX4)
                                                          0.00       2.36 r
  producer/parallel_bank/generate_config_lane[0].analyzer/U3217/Y (INVX4)
                                                          0.05       2.41 f
  producer/parallel_bank/generate_config_lane[0].analyzer/U3216/A (OR2X4)
                                                          0.00       2.41 f
  producer/parallel_bank/generate_config_lane[0].analyzer/U3216/Y (OR2X4)
                                                          0.23       2.64 f
  producer/parallel_bank/generate_config_lane[0].analyzer/U685/A (CLKINVX4)
                                                          0.00       2.64 f
  producer/parallel_bank/generate_config_lane[0].analyzer/U685/Y (CLKINVX4)
                                                          0.06       2.70 r
  producer/parallel_bank/generate_config_lane[0].analyzer/U3214/A (OR2X4)
                                                          0.00       2.70 r
  producer/parallel_bank/generate_config_lane[0].analyzer/U3214/Y (OR2X4)
                                                          0.16       2.87 r
  producer/parallel_bank/generate_config_lane[0].analyzer/U3135/A (XOR2X4)
                                                          0.00       2.87 r
  producer/parallel_bank/generate_config_lane[0].analyzer/U3135/Y (XOR2X4)
                                                          0.28       3.14 r
  producer/parallel_bank/generate_config_lane[0].analyzer/U621/A (INVX4)
                                                          0.00       3.14 r
  producer/parallel_bank/generate_config_lane[0].analyzer/U621/Y (INVX4)
                                                          0.06       3.20 f
  producer/parallel_bank/generate_config_lane[0].analyzer/U833/B (NOR2X4)
                                                          0.00       3.20 f
  producer/parallel_bank/generate_config_lane[0].analyzer/U833/Y (NOR2X4)
                                                          0.15       3.35 r
  producer/parallel_bank/generate_config_lane[0].analyzer/U3239/B (OR2X4)
                                                          0.00       3.35 r
  producer/parallel_bank/generate_config_lane[0].analyzer/U3239/Y (OR2X4)
                                                          0.37       3.71 r
  producer/parallel_bank/generate_config_lane[0].analyzer/U623/A (INVX8)
                                                          0.00       3.71 r
  producer/parallel_bank/generate_config_lane[0].analyzer/U623/Y (INVX8)
                                                          0.06       3.77 f
  producer/parallel_bank/generate_config_lane[0].analyzer/U3060/A (BUFX20)
                                                          0.00       3.77 f
  producer/parallel_bank/generate_config_lane[0].analyzer/U3060/Y (BUFX20)
                                                          0.15       3.93 f
  producer/parallel_bank/generate_config_lane[0].analyzer/U434/A (OR2X2)
                                                          0.00       3.93 f
  producer/parallel_bank/generate_config_lane[0].analyzer/U434/Y (OR2X2)
                                                          0.24       4.17 f
  producer/parallel_bank/generate_config_lane[0].analyzer/U904/A (BUFX8)
                                                          0.00       4.17 f
  producer/parallel_bank/generate_config_lane[0].analyzer/U904/Y (BUFX8)
                                                          0.17       4.34 f
  producer/parallel_bank/generate_config_lane[0].analyzer/U575/A (INVX8)
                                                          0.00       4.34 f
  producer/parallel_bank/generate_config_lane[0].analyzer/U575/Y (INVX8)
                                                          0.07       4.41 r
  producer/parallel_bank/generate_config_lane[0].analyzer/U3186/C (OR4X4)
                                                          0.00       4.41 r
  producer/parallel_bank/generate_config_lane[0].analyzer/U3186/Y (OR4X4)
                                                          0.21       4.62 r
  producer/parallel_bank/generate_config_lane[0].analyzer/U3653/C0 (OAI211X2)
                                                          0.00       4.62 r
  producer/parallel_bank/generate_config_lane[0].analyzer/U3653/Y (OAI211X2)
                                                          0.16       4.78 f
  producer/parallel_bank/generate_config_lane[0].analyzer/U2968/A (INVX4)
                                                          0.00       4.78 f
  producer/parallel_bank/generate_config_lane[0].analyzer/U2968/Y (INVX4)
                                                          0.12       4.90 r
  producer/parallel_bank/generate_config_lane[0].analyzer/U586/A (INVX8)
                                                          0.00       4.90 r
  producer/parallel_bank/generate_config_lane[0].analyzer/U586/Y (INVX8)
                                                          0.07       4.98 f
  producer/parallel_bank/generate_config_lane[0].analyzer/U585/B (OR2X4)
                                                          0.00       4.98 f
  producer/parallel_bank/generate_config_lane[0].analyzer/U585/Y (OR2X4)
                                                          0.33       5.31 f
  producer/parallel_bank/generate_config_lane[0].analyzer/U3230/A (CLKINVX8)
                                                          0.00       5.31 f
  producer/parallel_bank/generate_config_lane[0].analyzer/U3230/Y (CLKINVX8)
                                                          0.21       5.51 r
  producer/parallel_bank/generate_config_lane[0].analyzer/U109/A (OR2X2)
                                                          0.00       5.51 r
  producer/parallel_bank/generate_config_lane[0].analyzer/U109/Y (OR2X2)
                                                          0.55       6.06 r
  producer/parallel_bank/generate_config_lane[0].analyzer/U3058/B (OR2X4)
                                                          0.00       6.06 r
  producer/parallel_bank/generate_config_lane[0].analyzer/U3058/Y (OR2X4)
                                                          0.26       6.32 r
  producer/parallel_bank/generate_config_lane[0].analyzer/U3188/B (AND2X4)
                                                          0.00       6.32 r
  producer/parallel_bank/generate_config_lane[0].analyzer/U3188/Y (AND2X4)
                                                          0.18       6.50 r
  producer/parallel_bank/generate_config_lane[0].analyzer/U2800/A (NAND4X4)
                                                          0.00       6.50 r
  producer/parallel_bank/generate_config_lane[0].analyzer/U2800/Y (NAND4X4)
                                                          0.10       6.60 f
  producer/parallel_bank/generate_config_lane[0].analyzer/U2969/C (OR4X4)
                                                          0.00       6.60 f
  producer/parallel_bank/generate_config_lane[0].analyzer/U2969/Y (OR4X4)
                                                          0.41       7.01 f
  producer/parallel_bank/generate_config_lane[0].analyzer/U2966/D (OR4X4)
                                                          0.00       7.01 f
  producer/parallel_bank/generate_config_lane[0].analyzer/U2966/Y (OR4X4)
                                                          0.47       7.48 f
  producer/parallel_bank/generate_config_lane[0].analyzer/U345/B (NAND3BX4)
                                                          0.00       7.48 f
  producer/parallel_bank/generate_config_lane[0].analyzer/U345/Y (NAND3BX4)
                                                          0.24       7.73 r
  producer/parallel_bank/generate_config_lane[0].analyzer/U923/A (INVX8)
                                                          0.00       7.73 r
  producer/parallel_bank/generate_config_lane[0].analyzer/U923/Y (INVX8)
                                                          0.11       7.84 f
  producer/parallel_bank/generate_config_lane[0].analyzer/U1153/S0 (MXI2XL)
                                                          0.00       7.84 f
  producer/parallel_bank/generate_config_lane[0].analyzer/U1153/Y (MXI2XL)
                                                          0.35       8.19 r
  producer/parallel_bank/generate_config_lane[0].analyzer/U913/A (BUFX4)
                                                          0.00       8.19 r
  producer/parallel_bank/generate_config_lane[0].analyzer/U913/Y (BUFX4)
                                                          0.23       8.41 r
  producer/parallel_bank/generate_config_lane[0].analyzer/U230/A (XOR2XL)
                                                          0.00       8.41 r
  producer/parallel_bank/generate_config_lane[0].analyzer/U230/Y (XOR2XL)
                                                          0.44       8.85 r
  producer/parallel_bank/generate_config_lane[0].analyzer/U2936/A (NAND4X2)
                                                          0.00       8.85 r
  producer/parallel_bank/generate_config_lane[0].analyzer/U2936/Y (NAND4X2)
                                                          0.16       9.01 f
  producer/parallel_bank/generate_config_lane[0].analyzer/U3014/A (OR4X4)
                                                          0.00       9.01 f
  producer/parallel_bank/generate_config_lane[0].analyzer/U3014/Y (OR4X4)
                                                          0.33       9.34 f
  producer/parallel_bank/generate_config_lane[0].analyzer/U706/A (CLKINVX4)
                                                          0.00       9.34 f
  producer/parallel_bank/generate_config_lane[0].analyzer/U706/Y (CLKINVX4)
                                                          0.07       9.41 r
  producer/parallel_bank/generate_config_lane[0].analyzer/U3108/A (OR2X4)
                                                          0.00       9.41 r
  producer/parallel_bank/generate_config_lane[0].analyzer/U3108/Y (OR2X4)
                                                          0.18       9.59 r
  producer/parallel_bank/generate_config_lane[0].analyzer/U832/A (INVX8)
                                                          0.00       9.59 r
  producer/parallel_bank/generate_config_lane[0].analyzer/U832/Y (INVX8)
                                                          0.08       9.67 f
  producer/parallel_bank/generate_config_lane[0].analyzer/U831/B (NAND2X4)
                                                          0.00       9.67 f
  producer/parallel_bank/generate_config_lane[0].analyzer/U831/Y (NAND2X4)
                                                          0.13       9.80 r
  producer/parallel_bank/generate_config_lane[0].analyzer/U347/A (INVX8)
                                                          0.00       9.80 r
  producer/parallel_bank/generate_config_lane[0].analyzer/U347/Y (INVX8)
                                                          0.12       9.92 f
  producer/parallel_bank/generate_config_lane[0].analyzer/U745/S0 (MXI2X1)
                                                          0.00       9.92 f
  producer/parallel_bank/generate_config_lane[0].analyzer/U745/Y (MXI2X1)
                                                          0.42      10.34 r
  producer/parallel_bank/generate_config_lane[0].analyzer/U3728/A (XOR2X2)
                                                          0.00      10.34 r
  producer/parallel_bank/generate_config_lane[0].analyzer/U3728/Y (XOR2X2)
                                                          0.36      10.70 f
  producer/parallel_bank/generate_config_lane[0].analyzer/U3031/B (OR4X4)
                                                          0.00      10.70 f
  producer/parallel_bank/generate_config_lane[0].analyzer/U3031/Y (OR4X4)
                                                          0.40      11.09 f
  producer/parallel_bank/generate_config_lane[0].analyzer/U297/A (OR4X4)
                                                          0.00      11.09 f
  producer/parallel_bank/generate_config_lane[0].analyzer/U297/Y (OR4X4)
                                                          0.32      11.41 f
  producer/parallel_bank/generate_config_lane[0].analyzer/U2951/C (NAND3X4)
                                                          0.00      11.41 f
  producer/parallel_bank/generate_config_lane[0].analyzer/U2951/Y (NAND3X4)
                                                          0.27      11.68 r
  producer/parallel_bank/generate_config_lane[0].analyzer/U428/A (INVX8)
                                                          0.00      11.68 r
  producer/parallel_bank/generate_config_lane[0].analyzer/U428/Y (INVX8)
                                                          0.16      11.83 f
  producer/parallel_bank/generate_config_lane[0].analyzer/U545/S0 (MXI2X1)
                                                          0.00      11.83 f
  producer/parallel_bank/generate_config_lane[0].analyzer/U545/Y (MXI2X1)
                                                          0.27      12.11 f
  producer/parallel_bank/generate_config_lane[0].analyzer/U423/A (INVX4)
                                                          0.00      12.11 f
  producer/parallel_bank/generate_config_lane[0].analyzer/U423/Y (INVX4)
                                                          0.21      12.32 r
  producer/parallel_bank/generate_config_lane[0].analyzer/U18/B (XOR2X4)
                                                          0.00      12.32 r
  producer/parallel_bank/generate_config_lane[0].analyzer/U18/Y (XOR2X4)
                                                          0.25      12.57 r
  producer/parallel_bank/generate_config_lane[0].analyzer/U75/D (NAND4X2)
                                                          0.00      12.57 r
  producer/parallel_bank/generate_config_lane[0].analyzer/U75/Y (NAND4X2)
                                                          0.17      12.74 f
  producer/parallel_bank/generate_config_lane[0].analyzer/U192/B (OR4X4)
                                                          0.00      12.74 f
  producer/parallel_bank/generate_config_lane[0].analyzer/U192/Y (OR4X4)
                                                          0.40      13.14 f
  producer/parallel_bank/generate_config_lane[0].analyzer/U191/B (NAND4X2)
                                                          0.00      13.14 f
  producer/parallel_bank/generate_config_lane[0].analyzer/U191/Y (NAND4X2)
                                                          0.20      13.34 r
  producer/parallel_bank/generate_config_lane[0].analyzer/U95/A0N (OAI2BB1X2)
                                                          0.00      13.34 r
  producer/parallel_bank/generate_config_lane[0].analyzer/U95/Y (OAI2BB1X2)
                                                          0.29      13.63 r
  producer/parallel_bank/generate_config_lane[0].analyzer/U3219/A (INVX8)
                                                          0.00      13.63 r
  producer/parallel_bank/generate_config_lane[0].analyzer/U3219/Y (INVX8)
                                                          0.13      13.76 f
  producer/parallel_bank/generate_config_lane[0].analyzer/U97/B2 (AOI33X2)
                                                          0.00      13.76 f
  producer/parallel_bank/generate_config_lane[0].analyzer/U97/Y (AOI33X2)
                                                          0.43      14.19 r
  producer/parallel_bank/generate_config_lane[0].analyzer/U2483/A (NOR3X4)
                                                          0.00      14.19 r
  producer/parallel_bank/generate_config_lane[0].analyzer/U2483/Y (NOR3X4)
                                                          0.16      14.35 f
  producer/parallel_bank/generate_config_lane[0].analyzer/U3117/A (NAND4X4)
                                                          0.00      14.35 f
  producer/parallel_bank/generate_config_lane[0].analyzer/U3117/Y (NAND4X4)
                                                          0.15      14.50 r
  producer/parallel_bank/generate_config_lane[0].analyzer/U302/A (INVX8)
                                                          0.00      14.50 r
  producer/parallel_bank/generate_config_lane[0].analyzer/U302/Y (INVX8)
                                                          0.07      14.57 f
  producer/parallel_bank/generate_config_lane[0].analyzer/U3115/A (OR2X4)
                                                          0.00      14.57 f
  producer/parallel_bank/generate_config_lane[0].analyzer/U3115/Y (OR2X4)
                                                          0.26      14.83 f
  producer/parallel_bank/generate_config_lane[0].analyzer/U3142/B (OR2X4)
                                                          0.00      14.83 f
  producer/parallel_bank/generate_config_lane[0].analyzer/U3142/Y (OR2X4)
                                                          0.30      15.13 f
  producer/parallel_bank/generate_config_lane[0].analyzer/U2939/D (OR4X4)
                                                          0.00      15.13 f
  producer/parallel_bank/generate_config_lane[0].analyzer/U2939/Y (OR4X4)
                                                          0.49      15.62 f
  producer/parallel_bank/generate_config_lane[0].analyzer/U702/A (NAND3X4)
                                                          0.00      15.62 f
  producer/parallel_bank/generate_config_lane[0].analyzer/U702/Y (NAND3X4)
                                                          0.22      15.84 r
  producer/parallel_bank/generate_config_lane[0].analyzer/U134/A (CLKINVX2)
                                                          0.00      15.84 r
  producer/parallel_bank/generate_config_lane[0].analyzer/U134/Y (CLKINVX2)
                                                          0.13      15.97 f
  producer/parallel_bank/generate_config_lane[0].analyzer/U3213/A (OR2X4)
                                                          0.00      15.97 f
  producer/parallel_bank/generate_config_lane[0].analyzer/U3213/Y (OR2X4)
                                                          0.25      16.22 f
  producer/parallel_bank/generate_config_lane[0].analyzer/U3032/B1 (AOI222X2)
                                                          0.00      16.22 f
  producer/parallel_bank/generate_config_lane[0].analyzer/U3032/Y (AOI222X2)
                                                          0.40      16.62 r
  producer/parallel_bank/generate_config_lane[0].analyzer/U2628/A (AND4X4)
                                                          0.00      16.62 r
  producer/parallel_bank/generate_config_lane[0].analyzer/U2628/Y (AND4X4)
                                                          0.30      16.92 r
  producer/parallel_bank/generate_config_lane[0].analyzer/U2937/C0 (OAI221X4)
                                                          0.00      16.92 r
  producer/parallel_bank/generate_config_lane[0].analyzer/U2937/Y (OAI221X4)
                                                          0.35      17.28 f
  producer/parallel_bank/generate_config_lane[0].analyzer/U850/A (NOR4X4)
                                                          0.00      17.28 f
  producer/parallel_bank/generate_config_lane[0].analyzer/U850/Y (NOR4X4)
                                                          0.19      17.47 r
  producer/parallel_bank/generate_config_lane[0].analyzer/U848/C (NAND3X4)
                                                          0.00      17.47 r
  producer/parallel_bank/generate_config_lane[0].analyzer/U848/Y (NAND3X4)
                                                          0.14      17.61 f
  producer/parallel_bank/generate_config_lane[0].analyzer/U703/A (CLKINVX8)
                                                          0.00      17.61 f
  producer/parallel_bank/generate_config_lane[0].analyzer/U703/Y (CLKINVX8)
                                                          0.07      17.68 r
  producer/parallel_bank/generate_config_lane[0].analyzer/candidate_valid_o[2] (recam_shared_config_analyzer_ROW_ADDR_W9_PHYS_COL_ADDR_W13_WORD_COL_ADDR_W5_HYBRID_LINE_ADDR_W13_HYBRID_ENTRIES7_6)
                                                          0.00      17.68 r
  producer/parallel_bank/candidate_valid_flat_o[2] (recam_n2_preopt_parallel_config_bank_ROW_ADDR_W9_PHYS_COL_ADDR_W13_WORD_COL_ADDR_W5_HYBRID_LINE_ADDR_W13_HYBRID_ENTRIES7)
                                                          0.00      17.68 r
  producer/U318/A (NAND2X1)                               0.00      17.68 r
  producer/U318/Y (NAND2X1)                               0.23      17.91 f
  producer/U316/A (NAND2X4)                               0.00      17.91 f
  producer/U316/Y (NAND2X4)                               0.19      18.10 r
  producer/U315/A (NOR2X4)                                0.00      18.10 r
  producer/U315/Y (NOR2X4)                                0.07      18.17 f
  producer/U65/A (INVX4)                                  0.00      18.17 f
  producer/U65/Y (INVX4)                                  0.08      18.25 r
  producer/U314/A (NOR2X4)                                0.00      18.25 r
  producer/U314/Y (NOR2X4)                                0.07      18.32 f
  producer/U255/D (NAND4BX4)                              0.00      18.32 f
  producer/U255/Y (NAND4BX4)                              0.18      18.50 r
  producer/transition_adapter/candidate_valid_i (recam_dss_grid2x2_directional_rs2_cs2_m1_normalized_group_global_noscratch_candidate_transition_adapter)
                                                          0.00      18.50 r
  producer/transition_adapter/U3/A (AND2X4)               0.00      18.50 r
  producer/transition_adapter/U3/Y (AND2X4)               0.22      18.72 r
  producer/transition_adapter/actual_release_o (recam_dss_grid2x2_directional_rs2_cs2_m1_normalized_group_global_noscratch_candidate_transition_adapter)
                                                          0.00      18.72 r
  producer/U327/A (INVX8)                                 0.00      18.72 r
  producer/U327/Y (INVX8)                                 0.12      18.84 f
  producer/U87/B (OR2X2)                                  0.00      18.84 f
  producer/U87/Y (OR2X2)                                  0.32      19.16 f
  producer/U89/A (BUFX20)                                 0.00      19.16 f
  producer/U89/Y (BUFX20)                                 0.19      19.35 f
  producer/U1212/A0 (OAI32XL)                             0.00      19.35 f
  producer/U1212/Y (OAI32XL)                              0.44      19.79 r
  producer/candidate_release_q_reg[42]/D (DFFHQX1)        0.00      19.79 r
  data arrival time                                                 19.79

  clock recam_clk (rise edge)                            20.00      20.00
  clock network delay (ideal)                             0.00      20.00
  producer/candidate_release_q_reg[42]/CK (DFFHQX1)       0.00      20.00 r
  library setup time                                     -0.21      19.79
  data required time                                                19.79
  --------------------------------------------------------------------------
  data required time                                                19.79
  data arrival time                                                -19.79
  --------------------------------------------------------------------------
  slack (MET)                                                        0.00


  Startpoint: producer/sa_q_reg[0]
              (rising edge-triggered flip-flop clocked by recam_clk)
  Endpoint: producer/candidate_release_q_reg[58]
            (rising edge-triggered flip-flop clocked by recam_clk)
  Path Group: recam_clk
  Path Type: max

  Des/Clust/Port     Wire Load Model       Library
  ------------------------------------------------
  recam_n2_preopt_group_top
                     tsmc18_wl10           slow

  Point                                                   Incr       Path
  --------------------------------------------------------------------------
  clock recam_clk (rise edge)                             0.00       0.00
  clock network delay (ideal)                             0.00       0.00
  producer/sa_q_reg[0]/CK (DFFHQX4)                       0.00 #     0.00 r
  producer/sa_q_reg[0]/Q (DFFHQX4)                        0.26       0.26 f
  producer/U336/B (OR2X4)                                 0.00       0.26 f
  producer/U336/Y (OR2X4)                                 0.27       0.53 f
  producer/U214/A (INVX8)                                 0.00       0.53 f
  producer/U214/Y (INVX8)                                 0.10       0.63 r
  producer/U335/A (INVX8)                                 0.00       0.63 r
  producer/U335/Y (INVX8)                                 0.08       0.71 f
  producer/U127/A (CLKINVX8)                              0.00       0.71 f
  producer/U127/Y (CLKINVX8)                              0.12       0.84 r
  producer/U63/A (CLKINVX8)                               0.00       0.84 r
  producer/U63/Y (CLKINVX8)                               0.12       0.96 f
  producer/U535/A (CLKINVX8)                              0.00       0.96 f
  producer/U535/Y (CLKINVX8)                              0.12       1.08 r
  producer/U171/B1 (AOI2BB2X4)                            0.00       1.08 r
  producer/U171/Y (AOI2BB2X4)                             0.11       1.19 f
  producer/U2179/B (NAND2X4)                              0.00       1.19 f
  producer/U2179/Y (NAND2X4)                              0.24       1.43 r
  producer/parallel_bank/pivot_valid_i[1] (recam_n2_preopt_parallel_config_bank_ROW_ADDR_W9_PHYS_COL_ADDR_W13_WORD_COL_ADDR_W5_HYBRID_LINE_ADDR_W13_HYBRID_ENTRIES7)
                                                          0.00       1.43 r
  producer/parallel_bank/U244/A (BUFX12)                  0.00       1.43 r
  producer/parallel_bank/U244/Y (BUFX12)                  0.19       1.62 r
  producer/parallel_bank/generate_config_lane[0].analyzer/pivot_valid_i[1] (recam_shared_config_analyzer_ROW_ADDR_W9_PHYS_COL_ADDR_W13_WORD_COL_ADDR_W5_HYBRID_LINE_ADDR_W13_HYBRID_ENTRIES7_6)
                                                          0.00       1.62 r
  producer/parallel_bank/generate_config_lane[0].analyzer/U3231/A (INVX8)
                                                          0.00       1.62 r
  producer/parallel_bank/generate_config_lane[0].analyzer/U3231/Y (INVX8)
                                                          0.06       1.68 f
  producer/parallel_bank/generate_config_lane[0].analyzer/U2882/B2 (OAI33X4)
                                                          0.00       1.68 f
  producer/parallel_bank/generate_config_lane[0].analyzer/U2882/Y (OAI33X4)
                                                          0.68       2.36 r
  producer/parallel_bank/generate_config_lane[0].analyzer/U3217/A (INVX4)
                                                          0.00       2.36 r
  producer/parallel_bank/generate_config_lane[0].analyzer/U3217/Y (INVX4)
                                                          0.05       2.41 f
  producer/parallel_bank/generate_config_lane[0].analyzer/U3216/A (OR2X4)
                                                          0.00       2.41 f
  producer/parallel_bank/generate_config_lane[0].analyzer/U3216/Y (OR2X4)
                                                          0.23       2.64 f
  producer/parallel_bank/generate_config_lane[0].analyzer/U685/A (CLKINVX4)
                                                          0.00       2.64 f
  producer/parallel_bank/generate_config_lane[0].analyzer/U685/Y (CLKINVX4)
                                                          0.06       2.70 r
  producer/parallel_bank/generate_config_lane[0].analyzer/U3214/A (OR2X4)
                                                          0.00       2.70 r
  producer/parallel_bank/generate_config_lane[0].analyzer/U3214/Y (OR2X4)
                                                          0.16       2.87 r
  producer/parallel_bank/generate_config_lane[0].analyzer/U3135/A (XOR2X4)
                                                          0.00       2.87 r
  producer/parallel_bank/generate_config_lane[0].analyzer/U3135/Y (XOR2X4)
                                                          0.28       3.14 r
  producer/parallel_bank/generate_config_lane[0].analyzer/U621/A (INVX4)
                                                          0.00       3.14 r
  producer/parallel_bank/generate_config_lane[0].analyzer/U621/Y (INVX4)
                                                          0.06       3.20 f
  producer/parallel_bank/generate_config_lane[0].analyzer/U833/B (NOR2X4)
                                                          0.00       3.20 f
  producer/parallel_bank/generate_config_lane[0].analyzer/U833/Y (NOR2X4)
                                                          0.15       3.35 r
  producer/parallel_bank/generate_config_lane[0].analyzer/U3239/B (OR2X4)
                                                          0.00       3.35 r
  producer/parallel_bank/generate_config_lane[0].analyzer/U3239/Y (OR2X4)
                                                          0.37       3.71 r
  producer/parallel_bank/generate_config_lane[0].analyzer/U623/A (INVX8)
                                                          0.00       3.71 r
  producer/parallel_bank/generate_config_lane[0].analyzer/U623/Y (INVX8)
                                                          0.06       3.77 f
  producer/parallel_bank/generate_config_lane[0].analyzer/U3060/A (BUFX20)
                                                          0.00       3.77 f
  producer/parallel_bank/generate_config_lane[0].analyzer/U3060/Y (BUFX20)
                                                          0.15       3.93 f
  producer/parallel_bank/generate_config_lane[0].analyzer/U434/A (OR2X2)
                                                          0.00       3.93 f
  producer/parallel_bank/generate_config_lane[0].analyzer/U434/Y (OR2X2)
                                                          0.24       4.17 f
  producer/parallel_bank/generate_config_lane[0].analyzer/U904/A (BUFX8)
                                                          0.00       4.17 f
  producer/parallel_bank/generate_config_lane[0].analyzer/U904/Y (BUFX8)
                                                          0.17       4.34 f
  producer/parallel_bank/generate_config_lane[0].analyzer/U575/A (INVX8)
                                                          0.00       4.34 f
  producer/parallel_bank/generate_config_lane[0].analyzer/U575/Y (INVX8)
                                                          0.07       4.41 r
  producer/parallel_bank/generate_config_lane[0].analyzer/U3186/C (OR4X4)
                                                          0.00       4.41 r
  producer/parallel_bank/generate_config_lane[0].analyzer/U3186/Y (OR4X4)
                                                          0.21       4.62 r
  producer/parallel_bank/generate_config_lane[0].analyzer/U3653/C0 (OAI211X2)
                                                          0.00       4.62 r
  producer/parallel_bank/generate_config_lane[0].analyzer/U3653/Y (OAI211X2)
                                                          0.16       4.78 f
  producer/parallel_bank/generate_config_lane[0].analyzer/U2968/A (INVX4)
                                                          0.00       4.78 f
  producer/parallel_bank/generate_config_lane[0].analyzer/U2968/Y (INVX4)
                                                          0.12       4.90 r
  producer/parallel_bank/generate_config_lane[0].analyzer/U586/A (INVX8)
                                                          0.00       4.90 r
  producer/parallel_bank/generate_config_lane[0].analyzer/U586/Y (INVX8)
                                                          0.07       4.98 f
  producer/parallel_bank/generate_config_lane[0].analyzer/U585/B (OR2X4)
                                                          0.00       4.98 f
  producer/parallel_bank/generate_config_lane[0].analyzer/U585/Y (OR2X4)
                                                          0.33       5.31 f
  producer/parallel_bank/generate_config_lane[0].analyzer/U3230/A (CLKINVX8)
                                                          0.00       5.31 f
  producer/parallel_bank/generate_config_lane[0].analyzer/U3230/Y (CLKINVX8)
                                                          0.21       5.51 r
  producer/parallel_bank/generate_config_lane[0].analyzer/U109/A (OR2X2)
                                                          0.00       5.51 r
  producer/parallel_bank/generate_config_lane[0].analyzer/U109/Y (OR2X2)
                                                          0.55       6.06 r
  producer/parallel_bank/generate_config_lane[0].analyzer/U3058/B (OR2X4)
                                                          0.00       6.06 r
  producer/parallel_bank/generate_config_lane[0].analyzer/U3058/Y (OR2X4)
                                                          0.26       6.32 r
  producer/parallel_bank/generate_config_lane[0].analyzer/U3188/B (AND2X4)
                                                          0.00       6.32 r
  producer/parallel_bank/generate_config_lane[0].analyzer/U3188/Y (AND2X4)
                                                          0.18       6.50 r
  producer/parallel_bank/generate_config_lane[0].analyzer/U2800/A (NAND4X4)
                                                          0.00       6.50 r
  producer/parallel_bank/generate_config_lane[0].analyzer/U2800/Y (NAND4X4)
                                                          0.10       6.60 f
  producer/parallel_bank/generate_config_lane[0].analyzer/U2969/C (OR4X4)
                                                          0.00       6.60 f
  producer/parallel_bank/generate_config_lane[0].analyzer/U2969/Y (OR4X4)
                                                          0.41       7.01 f
  producer/parallel_bank/generate_config_lane[0].analyzer/U2966/D (OR4X4)
                                                          0.00       7.01 f
  producer/parallel_bank/generate_config_lane[0].analyzer/U2966/Y (OR4X4)
                                                          0.47       7.48 f
  producer/parallel_bank/generate_config_lane[0].analyzer/U345/B (NAND3BX4)
                                                          0.00       7.48 f
  producer/parallel_bank/generate_config_lane[0].analyzer/U345/Y (NAND3BX4)
                                                          0.24       7.73 r
  producer/parallel_bank/generate_config_lane[0].analyzer/U923/A (INVX8)
                                                          0.00       7.73 r
  producer/parallel_bank/generate_config_lane[0].analyzer/U923/Y (INVX8)
                                                          0.11       7.84 f
  producer/parallel_bank/generate_config_lane[0].analyzer/U1153/S0 (MXI2XL)
                                                          0.00       7.84 f
  producer/parallel_bank/generate_config_lane[0].analyzer/U1153/Y (MXI2XL)
                                                          0.35       8.19 r
  producer/parallel_bank/generate_config_lane[0].analyzer/U913/A (BUFX4)
                                                          0.00       8.19 r
  producer/parallel_bank/generate_config_lane[0].analyzer/U913/Y (BUFX4)
                                                          0.23       8.41 r
  producer/parallel_bank/generate_config_lane[0].analyzer/U230/A (XOR2XL)
                                                          0.00       8.41 r
  producer/parallel_bank/generate_config_lane[0].analyzer/U230/Y (XOR2XL)
                                                          0.44       8.85 r
  producer/parallel_bank/generate_config_lane[0].analyzer/U2936/A (NAND4X2)
                                                          0.00       8.85 r
  producer/parallel_bank/generate_config_lane[0].analyzer/U2936/Y (NAND4X2)
                                                          0.16       9.01 f
  producer/parallel_bank/generate_config_lane[0].analyzer/U3014/A (OR4X4)
                                                          0.00       9.01 f
  producer/parallel_bank/generate_config_lane[0].analyzer/U3014/Y (OR4X4)
                                                          0.33       9.34 f
  producer/parallel_bank/generate_config_lane[0].analyzer/U706/A (CLKINVX4)
                                                          0.00       9.34 f
  producer/parallel_bank/generate_config_lane[0].analyzer/U706/Y (CLKINVX4)
                                                          0.07       9.41 r
  producer/parallel_bank/generate_config_lane[0].analyzer/U3108/A (OR2X4)
                                                          0.00       9.41 r
  producer/parallel_bank/generate_config_lane[0].analyzer/U3108/Y (OR2X4)
                                                          0.18       9.59 r
  producer/parallel_bank/generate_config_lane[0].analyzer/U832/A (INVX8)
                                                          0.00       9.59 r
  producer/parallel_bank/generate_config_lane[0].analyzer/U832/Y (INVX8)
                                                          0.08       9.67 f
  producer/parallel_bank/generate_config_lane[0].analyzer/U831/B (NAND2X4)
                                                          0.00       9.67 f
  producer/parallel_bank/generate_config_lane[0].analyzer/U831/Y (NAND2X4)
                                                          0.13       9.80 r
  producer/parallel_bank/generate_config_lane[0].analyzer/U347/A (INVX8)
                                                          0.00       9.80 r
  producer/parallel_bank/generate_config_lane[0].analyzer/U347/Y (INVX8)
                                                          0.12       9.92 f
  producer/parallel_bank/generate_config_lane[0].analyzer/U745/S0 (MXI2X1)
                                                          0.00       9.92 f
  producer/parallel_bank/generate_config_lane[0].analyzer/U745/Y (MXI2X1)
                                                          0.42      10.34 r
  producer/parallel_bank/generate_config_lane[0].analyzer/U3728/A (XOR2X2)
                                                          0.00      10.34 r
  producer/parallel_bank/generate_config_lane[0].analyzer/U3728/Y (XOR2X2)
                                                          0.36      10.70 f
  producer/parallel_bank/generate_config_lane[0].analyzer/U3031/B (OR4X4)
                                                          0.00      10.70 f
  producer/parallel_bank/generate_config_lane[0].analyzer/U3031/Y (OR4X4)
                                                          0.40      11.09 f
  producer/parallel_bank/generate_config_lane[0].analyzer/U297/A (OR4X4)
                                                          0.00      11.09 f
  producer/parallel_bank/generate_config_lane[0].analyzer/U297/Y (OR4X4)
                                                          0.32      11.41 f
  producer/parallel_bank/generate_config_lane[0].analyzer/U2951/C (NAND3X4)
                                                          0.00      11.41 f
  producer/parallel_bank/generate_config_lane[0].analyzer/U2951/Y (NAND3X4)
                                                          0.27      11.68 r
  producer/parallel_bank/generate_config_lane[0].analyzer/U428/A (INVX8)
                                                          0.00      11.68 r
  producer/parallel_bank/generate_config_lane[0].analyzer/U428/Y (INVX8)
                                                          0.16      11.83 f
  producer/parallel_bank/generate_config_lane[0].analyzer/U545/S0 (MXI2X1)
                                                          0.00      11.83 f
  producer/parallel_bank/generate_config_lane[0].analyzer/U545/Y (MXI2X1)
                                                          0.27      12.11 f
  producer/parallel_bank/generate_config_lane[0].analyzer/U423/A (INVX4)
                                                          0.00      12.11 f
  producer/parallel_bank/generate_config_lane[0].analyzer/U423/Y (INVX4)
                                                          0.21      12.32 r
  producer/parallel_bank/generate_config_lane[0].analyzer/U18/B (XOR2X4)
                                                          0.00      12.32 r
  producer/parallel_bank/generate_config_lane[0].analyzer/U18/Y (XOR2X4)
                                                          0.25      12.57 r
  producer/parallel_bank/generate_config_lane[0].analyzer/U75/D (NAND4X2)
                                                          0.00      12.57 r
  producer/parallel_bank/generate_config_lane[0].analyzer/U75/Y (NAND4X2)
                                                          0.17      12.74 f
  producer/parallel_bank/generate_config_lane[0].analyzer/U192/B (OR4X4)
                                                          0.00      12.74 f
  producer/parallel_bank/generate_config_lane[0].analyzer/U192/Y (OR4X4)
                                                          0.40      13.14 f
  producer/parallel_bank/generate_config_lane[0].analyzer/U191/B (NAND4X2)
                                                          0.00      13.14 f
  producer/parallel_bank/generate_config_lane[0].analyzer/U191/Y (NAND4X2)
                                                          0.20      13.34 r
  producer/parallel_bank/generate_config_lane[0].analyzer/U95/A0N (OAI2BB1X2)
                                                          0.00      13.34 r
  producer/parallel_bank/generate_config_lane[0].analyzer/U95/Y (OAI2BB1X2)
                                                          0.29      13.63 r
  producer/parallel_bank/generate_config_lane[0].analyzer/U3219/A (INVX8)
                                                          0.00      13.63 r
  producer/parallel_bank/generate_config_lane[0].analyzer/U3219/Y (INVX8)
                                                          0.13      13.76 f
  producer/parallel_bank/generate_config_lane[0].analyzer/U97/B2 (AOI33X2)
                                                          0.00      13.76 f
  producer/parallel_bank/generate_config_lane[0].analyzer/U97/Y (AOI33X2)
                                                          0.43      14.19 r
  producer/parallel_bank/generate_config_lane[0].analyzer/U2483/A (NOR3X4)
                                                          0.00      14.19 r
  producer/parallel_bank/generate_config_lane[0].analyzer/U2483/Y (NOR3X4)
                                                          0.16      14.35 f
  producer/parallel_bank/generate_config_lane[0].analyzer/U3117/A (NAND4X4)
                                                          0.00      14.35 f
  producer/parallel_bank/generate_config_lane[0].analyzer/U3117/Y (NAND4X4)
                                                          0.15      14.50 r
  producer/parallel_bank/generate_config_lane[0].analyzer/U302/A (INVX8)
                                                          0.00      14.50 r
  producer/parallel_bank/generate_config_lane[0].analyzer/U302/Y (INVX8)
                                                          0.07      14.57 f
  producer/parallel_bank/generate_config_lane[0].analyzer/U3115/A (OR2X4)
                                                          0.00      14.57 f
  producer/parallel_bank/generate_config_lane[0].analyzer/U3115/Y (OR2X4)
                                                          0.26      14.83 f
  producer/parallel_bank/generate_config_lane[0].analyzer/U3142/B (OR2X4)
                                                          0.00      14.83 f
  producer/parallel_bank/generate_config_lane[0].analyzer/U3142/Y (OR2X4)
                                                          0.30      15.13 f
  producer/parallel_bank/generate_config_lane[0].analyzer/U2939/D (OR4X4)
                                                          0.00      15.13 f
  producer/parallel_bank/generate_config_lane[0].analyzer/U2939/Y (OR4X4)
                                                          0.49      15.62 f
  producer/parallel_bank/generate_config_lane[0].analyzer/U702/A (NAND3X4)
                                                          0.00      15.62 f
  producer/parallel_bank/generate_config_lane[0].analyzer/U702/Y (NAND3X4)
                                                          0.22      15.84 r
  producer/parallel_bank/generate_config_lane[0].analyzer/U134/A (CLKINVX2)
                                                          0.00      15.84 r
  producer/parallel_bank/generate_config_lane[0].analyzer/U134/Y (CLKINVX2)
                                                          0.13      15.97 f
  producer/parallel_bank/generate_config_lane[0].analyzer/U3213/A (OR2X4)
                                                          0.00      15.97 f
  producer/parallel_bank/generate_config_lane[0].analyzer/U3213/Y (OR2X4)
                                                          0.25      16.22 f
  producer/parallel_bank/generate_config_lane[0].analyzer/U3032/B1 (AOI222X2)
                                                          0.00      16.22 f
  producer/parallel_bank/generate_config_lane[0].analyzer/U3032/Y (AOI222X2)
                                                          0.40      16.62 r
  producer/parallel_bank/generate_config_lane[0].analyzer/U2628/A (AND4X4)
                                                          0.00      16.62 r
  producer/parallel_bank/generate_config_lane[0].analyzer/U2628/Y (AND4X4)
                                                          0.30      16.92 r
  producer/parallel_bank/generate_config_lane[0].analyzer/U2937/C0 (OAI221X4)
                                                          0.00      16.92 r
  producer/parallel_bank/generate_config_lane[0].analyzer/U2937/Y (OAI221X4)
                                                          0.35      17.28 f
  producer/parallel_bank/generate_config_lane[0].analyzer/U850/A (NOR4X4)
                                                          0.00      17.28 f
  producer/parallel_bank/generate_config_lane[0].analyzer/U850/Y (NOR4X4)
                                                          0.19      17.47 r
  producer/parallel_bank/generate_config_lane[0].analyzer/U848/C (NAND3X4)
                                                          0.00      17.47 r
  producer/parallel_bank/generate_config_lane[0].analyzer/U848/Y (NAND3X4)
                                                          0.14      17.61 f
  producer/parallel_bank/generate_config_lane[0].analyzer/U703/A (CLKINVX8)
                                                          0.00      17.61 f
  producer/parallel_bank/generate_config_lane[0].analyzer/U703/Y (CLKINVX8)
                                                          0.07      17.68 r
  producer/parallel_bank/generate_config_lane[0].analyzer/candidate_valid_o[2] (recam_shared_config_analyzer_ROW_ADDR_W9_PHYS_COL_ADDR_W13_WORD_COL_ADDR_W5_HYBRID_LINE_ADDR_W13_HYBRID_ENTRIES7_6)
                                                          0.00      17.68 r
  producer/parallel_bank/candidate_valid_flat_o[2] (recam_n2_preopt_parallel_config_bank_ROW_ADDR_W9_PHYS_COL_ADDR_W13_WORD_COL_ADDR_W5_HYBRID_LINE_ADDR_W13_HYBRID_ENTRIES7)
                                                          0.00      17.68 r
  producer/U318/A (NAND2X1)                               0.00      17.68 r
  producer/U318/Y (NAND2X1)                               0.23      17.91 f
  producer/U316/A (NAND2X4)                               0.00      17.91 f
  producer/U316/Y (NAND2X4)                               0.19      18.10 r
  producer/U315/A (NOR2X4)                                0.00      18.10 r
  producer/U315/Y (NOR2X4)                                0.07      18.17 f
  producer/U65/A (INVX4)                                  0.00      18.17 f
  producer/U65/Y (INVX4)                                  0.08      18.25 r
  producer/U314/A (NOR2X4)                                0.00      18.25 r
  producer/U314/Y (NOR2X4)                                0.07      18.32 f
  producer/U255/D (NAND4BX4)                              0.00      18.32 f
  producer/U255/Y (NAND4BX4)                              0.18      18.50 r
  producer/transition_adapter/candidate_valid_i (recam_dss_grid2x2_directional_rs2_cs2_m1_normalized_group_global_noscratch_candidate_transition_adapter)
                                                          0.00      18.50 r
  producer/transition_adapter/U3/A (AND2X4)               0.00      18.50 r
  producer/transition_adapter/U3/Y (AND2X4)               0.22      18.72 r
  producer/transition_adapter/actual_release_o (recam_dss_grid2x2_directional_rs2_cs2_m1_normalized_group_global_noscratch_candidate_transition_adapter)
                                                          0.00      18.72 r
  producer/U327/A (INVX8)                                 0.00      18.72 r
  producer/U327/Y (INVX8)                                 0.12      18.84 f
  producer/U154/B (OR2X2)                                 0.00      18.84 f
  producer/U154/Y (OR2X2)                                 0.31      19.15 f
  producer/U147/A (BUFX16)                                0.00      19.15 f
  producer/U147/Y (BUFX16)                                0.20      19.35 f
  producer/U1228/A0 (OAI32XL)                             0.00      19.35 f
  producer/U1228/Y (OAI32XL)                              0.44      19.79 r
  producer/candidate_release_q_reg[58]/D (DFFHQX1)        0.00      19.79 r
  data arrival time                                                 19.79

  clock recam_clk (rise edge)                            20.00      20.00
  clock network delay (ideal)                             0.00      20.00
  producer/candidate_release_q_reg[58]/CK (DFFHQX1)       0.00      20.00 r
  library setup time                                     -0.21      19.79
  data required time                                                19.79
  --------------------------------------------------------------------------
  data required time                                                19.79
  data arrival time                                                -19.79
  --------------------------------------------------------------------------
  slack (MET)                                                        0.00


  Startpoint: producer/sa_q_reg[0]
              (rising edge-triggered flip-flop clocked by recam_clk)
  Endpoint: producer/candidate_release_q_reg[158]
            (rising edge-triggered flip-flop clocked by recam_clk)
  Path Group: recam_clk
  Path Type: max

  Des/Clust/Port     Wire Load Model       Library
  ------------------------------------------------
  recam_n2_preopt_group_top
                     tsmc18_wl10           slow

  Point                                                   Incr       Path
  --------------------------------------------------------------------------
  clock recam_clk (rise edge)                             0.00       0.00
  clock network delay (ideal)                             0.00       0.00
  producer/sa_q_reg[0]/CK (DFFHQX4)                       0.00 #     0.00 r
  producer/sa_q_reg[0]/Q (DFFHQX4)                        0.26       0.26 f
  producer/U336/B (OR2X4)                                 0.00       0.26 f
  producer/U336/Y (OR2X4)                                 0.27       0.53 f
  producer/U214/A (INVX8)                                 0.00       0.53 f
  producer/U214/Y (INVX8)                                 0.10       0.63 r
  producer/U335/A (INVX8)                                 0.00       0.63 r
  producer/U335/Y (INVX8)                                 0.08       0.71 f
  producer/U127/A (CLKINVX8)                              0.00       0.71 f
  producer/U127/Y (CLKINVX8)                              0.12       0.84 r
  producer/U63/A (CLKINVX8)                               0.00       0.84 r
  producer/U63/Y (CLKINVX8)                               0.12       0.96 f
  producer/U535/A (CLKINVX8)                              0.00       0.96 f
  producer/U535/Y (CLKINVX8)                              0.12       1.08 r
  producer/U171/B1 (AOI2BB2X4)                            0.00       1.08 r
  producer/U171/Y (AOI2BB2X4)                             0.11       1.19 f
  producer/U2179/B (NAND2X4)                              0.00       1.19 f
  producer/U2179/Y (NAND2X4)                              0.24       1.43 r
  producer/parallel_bank/pivot_valid_i[1] (recam_n2_preopt_parallel_config_bank_ROW_ADDR_W9_PHYS_COL_ADDR_W13_WORD_COL_ADDR_W5_HYBRID_LINE_ADDR_W13_HYBRID_ENTRIES7)
                                                          0.00       1.43 r
  producer/parallel_bank/U244/A (BUFX12)                  0.00       1.43 r
  producer/parallel_bank/U244/Y (BUFX12)                  0.19       1.62 r
  producer/parallel_bank/generate_config_lane[0].analyzer/pivot_valid_i[1] (recam_shared_config_analyzer_ROW_ADDR_W9_PHYS_COL_ADDR_W13_WORD_COL_ADDR_W5_HYBRID_LINE_ADDR_W13_HYBRID_ENTRIES7_6)
                                                          0.00       1.62 r
  producer/parallel_bank/generate_config_lane[0].analyzer/U3231/A (INVX8)
                                                          0.00       1.62 r
  producer/parallel_bank/generate_config_lane[0].analyzer/U3231/Y (INVX8)
                                                          0.06       1.68 f
  producer/parallel_bank/generate_config_lane[0].analyzer/U2882/B2 (OAI33X4)
                                                          0.00       1.68 f
  producer/parallel_bank/generate_config_lane[0].analyzer/U2882/Y (OAI33X4)
                                                          0.68       2.36 r
  producer/parallel_bank/generate_config_lane[0].analyzer/U3217/A (INVX4)
                                                          0.00       2.36 r
  producer/parallel_bank/generate_config_lane[0].analyzer/U3217/Y (INVX4)
                                                          0.05       2.41 f
  producer/parallel_bank/generate_config_lane[0].analyzer/U3216/A (OR2X4)
                                                          0.00       2.41 f
  producer/parallel_bank/generate_config_lane[0].analyzer/U3216/Y (OR2X4)
                                                          0.23       2.64 f
  producer/parallel_bank/generate_config_lane[0].analyzer/U685/A (CLKINVX4)
                                                          0.00       2.64 f
  producer/parallel_bank/generate_config_lane[0].analyzer/U685/Y (CLKINVX4)
                                                          0.06       2.70 r
  producer/parallel_bank/generate_config_lane[0].analyzer/U3214/A (OR2X4)
                                                          0.00       2.70 r
  producer/parallel_bank/generate_config_lane[0].analyzer/U3214/Y (OR2X4)
                                                          0.16       2.87 r
  producer/parallel_bank/generate_config_lane[0].analyzer/U3135/A (XOR2X4)
                                                          0.00       2.87 r
  producer/parallel_bank/generate_config_lane[0].analyzer/U3135/Y (XOR2X4)
                                                          0.28       3.14 r
  producer/parallel_bank/generate_config_lane[0].analyzer/U621/A (INVX4)
                                                          0.00       3.14 r
  producer/parallel_bank/generate_config_lane[0].analyzer/U621/Y (INVX4)
                                                          0.06       3.20 f
  producer/parallel_bank/generate_config_lane[0].analyzer/U833/B (NOR2X4)
                                                          0.00       3.20 f
  producer/parallel_bank/generate_config_lane[0].analyzer/U833/Y (NOR2X4)
                                                          0.15       3.35 r
  producer/parallel_bank/generate_config_lane[0].analyzer/U3239/B (OR2X4)
                                                          0.00       3.35 r
  producer/parallel_bank/generate_config_lane[0].analyzer/U3239/Y (OR2X4)
                                                          0.37       3.71 r
  producer/parallel_bank/generate_config_lane[0].analyzer/U623/A (INVX8)
                                                          0.00       3.71 r
  producer/parallel_bank/generate_config_lane[0].analyzer/U623/Y (INVX8)
                                                          0.06       3.77 f
  producer/parallel_bank/generate_config_lane[0].analyzer/U3060/A (BUFX20)
                                                          0.00       3.77 f
  producer/parallel_bank/generate_config_lane[0].analyzer/U3060/Y (BUFX20)
                                                          0.15       3.93 f
  producer/parallel_bank/generate_config_lane[0].analyzer/U434/A (OR2X2)
                                                          0.00       3.93 f
  producer/parallel_bank/generate_config_lane[0].analyzer/U434/Y (OR2X2)
                                                          0.24       4.17 f
  producer/parallel_bank/generate_config_lane[0].analyzer/U904/A (BUFX8)
                                                          0.00       4.17 f
  producer/parallel_bank/generate_config_lane[0].analyzer/U904/Y (BUFX8)
                                                          0.17       4.34 f
  producer/parallel_bank/generate_config_lane[0].analyzer/U575/A (INVX8)
                                                          0.00       4.34 f
  producer/parallel_bank/generate_config_lane[0].analyzer/U575/Y (INVX8)
                                                          0.07       4.41 r
  producer/parallel_bank/generate_config_lane[0].analyzer/U3186/C (OR4X4)
                                                          0.00       4.41 r
  producer/parallel_bank/generate_config_lane[0].analyzer/U3186/Y (OR4X4)
                                                          0.21       4.62 r
  producer/parallel_bank/generate_config_lane[0].analyzer/U3653/C0 (OAI211X2)
                                                          0.00       4.62 r
  producer/parallel_bank/generate_config_lane[0].analyzer/U3653/Y (OAI211X2)
                                                          0.16       4.78 f
  producer/parallel_bank/generate_config_lane[0].analyzer/U2968/A (INVX4)
                                                          0.00       4.78 f
  producer/parallel_bank/generate_config_lane[0].analyzer/U2968/Y (INVX4)
                                                          0.12       4.90 r
  producer/parallel_bank/generate_config_lane[0].analyzer/U586/A (INVX8)
                                                          0.00       4.90 r
  producer/parallel_bank/generate_config_lane[0].analyzer/U586/Y (INVX8)
                                                          0.07       4.98 f
  producer/parallel_bank/generate_config_lane[0].analyzer/U585/B (OR2X4)
                                                          0.00       4.98 f
  producer/parallel_bank/generate_config_lane[0].analyzer/U585/Y (OR2X4)
                                                          0.33       5.31 f
  producer/parallel_bank/generate_config_lane[0].analyzer/U3230/A (CLKINVX8)
                                                          0.00       5.31 f
  producer/parallel_bank/generate_config_lane[0].analyzer/U3230/Y (CLKINVX8)
                                                          0.21       5.51 r
  producer/parallel_bank/generate_config_lane[0].analyzer/U109/A (OR2X2)
                                                          0.00       5.51 r
  producer/parallel_bank/generate_config_lane[0].analyzer/U109/Y (OR2X2)
                                                          0.55       6.06 r
  producer/parallel_bank/generate_config_lane[0].analyzer/U3058/B (OR2X4)
                                                          0.00       6.06 r
  producer/parallel_bank/generate_config_lane[0].analyzer/U3058/Y (OR2X4)
                                                          0.26       6.32 r
  producer/parallel_bank/generate_config_lane[0].analyzer/U3188/B (AND2X4)
                                                          0.00       6.32 r
  producer/parallel_bank/generate_config_lane[0].analyzer/U3188/Y (AND2X4)
                                                          0.18       6.50 r
  producer/parallel_bank/generate_config_lane[0].analyzer/U2800/A (NAND4X4)
                                                          0.00       6.50 r
  producer/parallel_bank/generate_config_lane[0].analyzer/U2800/Y (NAND4X4)
                                                          0.10       6.60 f
  producer/parallel_bank/generate_config_lane[0].analyzer/U2969/C (OR4X4)
                                                          0.00       6.60 f
  producer/parallel_bank/generate_config_lane[0].analyzer/U2969/Y (OR4X4)
                                                          0.41       7.01 f
  producer/parallel_bank/generate_config_lane[0].analyzer/U2966/D (OR4X4)
                                                          0.00       7.01 f
  producer/parallel_bank/generate_config_lane[0].analyzer/U2966/Y (OR4X4)
                                                          0.47       7.48 f
  producer/parallel_bank/generate_config_lane[0].analyzer/U345/B (NAND3BX4)
                                                          0.00       7.48 f
  producer/parallel_bank/generate_config_lane[0].analyzer/U345/Y (NAND3BX4)
                                                          0.24       7.73 r
  producer/parallel_bank/generate_config_lane[0].analyzer/U923/A (INVX8)
                                                          0.00       7.73 r
  producer/parallel_bank/generate_config_lane[0].analyzer/U923/Y (INVX8)
                                                          0.11       7.84 f
  producer/parallel_bank/generate_config_lane[0].analyzer/U1153/S0 (MXI2XL)
                                                          0.00       7.84 f
  producer/parallel_bank/generate_config_lane[0].analyzer/U1153/Y (MXI2XL)
                                                          0.35       8.19 r
  producer/parallel_bank/generate_config_lane[0].analyzer/U913/A (BUFX4)
                                                          0.00       8.19 r
  producer/parallel_bank/generate_config_lane[0].analyzer/U913/Y (BUFX4)
                                                          0.23       8.41 r
  producer/parallel_bank/generate_config_lane[0].analyzer/U230/A (XOR2XL)
                                                          0.00       8.41 r
  producer/parallel_bank/generate_config_lane[0].analyzer/U230/Y (XOR2XL)
                                                          0.44       8.85 r
  producer/parallel_bank/generate_config_lane[0].analyzer/U2936/A (NAND4X2)
                                                          0.00       8.85 r
  producer/parallel_bank/generate_config_lane[0].analyzer/U2936/Y (NAND4X2)
                                                          0.16       9.01 f
  producer/parallel_bank/generate_config_lane[0].analyzer/U3014/A (OR4X4)
                                                          0.00       9.01 f
  producer/parallel_bank/generate_config_lane[0].analyzer/U3014/Y (OR4X4)
                                                          0.33       9.34 f
  producer/parallel_bank/generate_config_lane[0].analyzer/U706/A (CLKINVX4)
                                                          0.00       9.34 f
  producer/parallel_bank/generate_config_lane[0].analyzer/U706/Y (CLKINVX4)
                                                          0.07       9.41 r
  producer/parallel_bank/generate_config_lane[0].analyzer/U3108/A (OR2X4)
                                                          0.00       9.41 r
  producer/parallel_bank/generate_config_lane[0].analyzer/U3108/Y (OR2X4)
                                                          0.18       9.59 r
  producer/parallel_bank/generate_config_lane[0].analyzer/U832/A (INVX8)
                                                          0.00       9.59 r
  producer/parallel_bank/generate_config_lane[0].analyzer/U832/Y (INVX8)
                                                          0.08       9.67 f
  producer/parallel_bank/generate_config_lane[0].analyzer/U831/B (NAND2X4)
                                                          0.00       9.67 f
  producer/parallel_bank/generate_config_lane[0].analyzer/U831/Y (NAND2X4)
                                                          0.13       9.80 r
  producer/parallel_bank/generate_config_lane[0].analyzer/U347/A (INVX8)
                                                          0.00       9.80 r
  producer/parallel_bank/generate_config_lane[0].analyzer/U347/Y (INVX8)
                                                          0.12       9.92 f
  producer/parallel_bank/generate_config_lane[0].analyzer/U745/S0 (MXI2X1)
                                                          0.00       9.92 f
  producer/parallel_bank/generate_config_lane[0].analyzer/U745/Y (MXI2X1)
                                                          0.42      10.34 r
  producer/parallel_bank/generate_config_lane[0].analyzer/U3728/A (XOR2X2)
                                                          0.00      10.34 r
  producer/parallel_bank/generate_config_lane[0].analyzer/U3728/Y (XOR2X2)
                                                          0.36      10.70 f
  producer/parallel_bank/generate_config_lane[0].analyzer/U3031/B (OR4X4)
                                                          0.00      10.70 f
  producer/parallel_bank/generate_config_lane[0].analyzer/U3031/Y (OR4X4)
                                                          0.40      11.09 f
  producer/parallel_bank/generate_config_lane[0].analyzer/U297/A (OR4X4)
                                                          0.00      11.09 f
  producer/parallel_bank/generate_config_lane[0].analyzer/U297/Y (OR4X4)
                                                          0.32      11.41 f
  producer/parallel_bank/generate_config_lane[0].analyzer/U2951/C (NAND3X4)
                                                          0.00      11.41 f
  producer/parallel_bank/generate_config_lane[0].analyzer/U2951/Y (NAND3X4)
                                                          0.27      11.68 r
  producer/parallel_bank/generate_config_lane[0].analyzer/U428/A (INVX8)
                                                          0.00      11.68 r
  producer/parallel_bank/generate_config_lane[0].analyzer/U428/Y (INVX8)
                                                          0.16      11.83 f
  producer/parallel_bank/generate_config_lane[0].analyzer/U545/S0 (MXI2X1)
                                                          0.00      11.83 f
  producer/parallel_bank/generate_config_lane[0].analyzer/U545/Y (MXI2X1)
                                                          0.27      12.11 f
  producer/parallel_bank/generate_config_lane[0].analyzer/U423/A (INVX4)
                                                          0.00      12.11 f
  producer/parallel_bank/generate_config_lane[0].analyzer/U423/Y (INVX4)
                                                          0.21      12.32 r
  producer/parallel_bank/generate_config_lane[0].analyzer/U18/B (XOR2X4)
                                                          0.00      12.32 r
  producer/parallel_bank/generate_config_lane[0].analyzer/U18/Y (XOR2X4)
                                                          0.25      12.57 r
  producer/parallel_bank/generate_config_lane[0].analyzer/U75/D (NAND4X2)
                                                          0.00      12.57 r
  producer/parallel_bank/generate_config_lane[0].analyzer/U75/Y (NAND4X2)
                                                          0.17      12.74 f
  producer/parallel_bank/generate_config_lane[0].analyzer/U192/B (OR4X4)
                                                          0.00      12.74 f
  producer/parallel_bank/generate_config_lane[0].analyzer/U192/Y (OR4X4)
                                                          0.40      13.14 f
  producer/parallel_bank/generate_config_lane[0].analyzer/U191/B (NAND4X2)
                                                          0.00      13.14 f
  producer/parallel_bank/generate_config_lane[0].analyzer/U191/Y (NAND4X2)
                                                          0.20      13.34 r
  producer/parallel_bank/generate_config_lane[0].analyzer/U95/A0N (OAI2BB1X2)
                                                          0.00      13.34 r
  producer/parallel_bank/generate_config_lane[0].analyzer/U95/Y (OAI2BB1X2)
                                                          0.29      13.63 r
  producer/parallel_bank/generate_config_lane[0].analyzer/U3219/A (INVX8)
                                                          0.00      13.63 r
  producer/parallel_bank/generate_config_lane[0].analyzer/U3219/Y (INVX8)
                                                          0.13      13.76 f
  producer/parallel_bank/generate_config_lane[0].analyzer/U97/B2 (AOI33X2)
                                                          0.00      13.76 f
  producer/parallel_bank/generate_config_lane[0].analyzer/U97/Y (AOI33X2)
                                                          0.43      14.19 r
  producer/parallel_bank/generate_config_lane[0].analyzer/U2483/A (NOR3X4)
                                                          0.00      14.19 r
  producer/parallel_bank/generate_config_lane[0].analyzer/U2483/Y (NOR3X4)
                                                          0.16      14.35 f
  producer/parallel_bank/generate_config_lane[0].analyzer/U3117/A (NAND4X4)
                                                          0.00      14.35 f
  producer/parallel_bank/generate_config_lane[0].analyzer/U3117/Y (NAND4X4)
                                                          0.15      14.50 r
  producer/parallel_bank/generate_config_lane[0].analyzer/U302/A (INVX8)
                                                          0.00      14.50 r
  producer/parallel_bank/generate_config_lane[0].analyzer/U302/Y (INVX8)
                                                          0.07      14.57 f
  producer/parallel_bank/generate_config_lane[0].analyzer/U3115/A (OR2X4)
                                                          0.00      14.57 f
  producer/parallel_bank/generate_config_lane[0].analyzer/U3115/Y (OR2X4)
                                                          0.26      14.83 f
  producer/parallel_bank/generate_config_lane[0].analyzer/U3142/B (OR2X4)
                                                          0.00      14.83 f
  producer/parallel_bank/generate_config_lane[0].analyzer/U3142/Y (OR2X4)
                                                          0.30      15.13 f
  producer/parallel_bank/generate_config_lane[0].analyzer/U2939/D (OR4X4)
                                                          0.00      15.13 f
  producer/parallel_bank/generate_config_lane[0].analyzer/U2939/Y (OR4X4)
                                                          0.49      15.62 f
  producer/parallel_bank/generate_config_lane[0].analyzer/U702/A (NAND3X4)
                                                          0.00      15.62 f
  producer/parallel_bank/generate_config_lane[0].analyzer/U702/Y (NAND3X4)
                                                          0.22      15.84 r
  producer/parallel_bank/generate_config_lane[0].analyzer/U134/A (CLKINVX2)
                                                          0.00      15.84 r
  producer/parallel_bank/generate_config_lane[0].analyzer/U134/Y (CLKINVX2)
                                                          0.13      15.97 f
  producer/parallel_bank/generate_config_lane[0].analyzer/U3213/A (OR2X4)
                                                          0.00      15.97 f
  producer/parallel_bank/generate_config_lane[0].analyzer/U3213/Y (OR2X4)
                                                          0.25      16.22 f
  producer/parallel_bank/generate_config_lane[0].analyzer/U3032/B1 (AOI222X2)
                                                          0.00      16.22 f
  producer/parallel_bank/generate_config_lane[0].analyzer/U3032/Y (AOI222X2)
                                                          0.40      16.62 r
  producer/parallel_bank/generate_config_lane[0].analyzer/U2628/A (AND4X4)
                                                          0.00      16.62 r
  producer/parallel_bank/generate_config_lane[0].analyzer/U2628/Y (AND4X4)
                                                          0.30      16.92 r
  producer/parallel_bank/generate_config_lane[0].analyzer/U2937/C0 (OAI221X4)
                                                          0.00      16.92 r
  producer/parallel_bank/generate_config_lane[0].analyzer/U2937/Y (OAI221X4)
                                                          0.35      17.28 f
  producer/parallel_bank/generate_config_lane[0].analyzer/U850/A (NOR4X4)
                                                          0.00      17.28 f
  producer/parallel_bank/generate_config_lane[0].analyzer/U850/Y (NOR4X4)
                                                          0.19      17.47 r
  producer/parallel_bank/generate_config_lane[0].analyzer/U848/C (NAND3X4)
                                                          0.00      17.47 r
  producer/parallel_bank/generate_config_lane[0].analyzer/U848/Y (NAND3X4)
                                                          0.14      17.61 f
  producer/parallel_bank/generate_config_lane[0].analyzer/U703/A (CLKINVX8)
                                                          0.00      17.61 f
  producer/parallel_bank/generate_config_lane[0].analyzer/U703/Y (CLKINVX8)
                                                          0.07      17.68 r
  producer/parallel_bank/generate_config_lane[0].analyzer/candidate_valid_o[2] (recam_shared_config_analyzer_ROW_ADDR_W9_PHYS_COL_ADDR_W13_WORD_COL_ADDR_W5_HYBRID_LINE_ADDR_W13_HYBRID_ENTRIES7_6)
                                                          0.00      17.68 r
  producer/parallel_bank/candidate_valid_flat_o[2] (recam_n2_preopt_parallel_config_bank_ROW_ADDR_W9_PHYS_COL_ADDR_W13_WORD_COL_ADDR_W5_HYBRID_LINE_ADDR_W13_HYBRID_ENTRIES7)
                                                          0.00      17.68 r
  producer/U318/A (NAND2X1)                               0.00      17.68 r
  producer/U318/Y (NAND2X1)                               0.23      17.91 f
  producer/U316/A (NAND2X4)                               0.00      17.91 f
  producer/U316/Y (NAND2X4)                               0.19      18.10 r
  producer/U315/A (NOR2X4)                                0.00      18.10 r
  producer/U315/Y (NOR2X4)                                0.07      18.17 f
  producer/U65/A (INVX4)                                  0.00      18.17 f
  producer/U65/Y (INVX4)                                  0.08      18.25 r
  producer/U314/A (NOR2X4)                                0.00      18.25 r
  producer/U314/Y (NOR2X4)                                0.07      18.32 f
  producer/U255/D (NAND4BX4)                              0.00      18.32 f
  producer/U255/Y (NAND4BX4)                              0.18      18.50 r
  producer/transition_adapter/candidate_valid_i (recam_dss_grid2x2_directional_rs2_cs2_m1_normalized_group_global_noscratch_candidate_transition_adapter)
                                                          0.00      18.50 r
  producer/transition_adapter/U3/A (AND2X4)               0.00      18.50 r
  producer/transition_adapter/U3/Y (AND2X4)               0.22      18.72 r
  producer/transition_adapter/actual_release_o (recam_dss_grid2x2_directional_rs2_cs2_m1_normalized_group_global_noscratch_candidate_transition_adapter)
                                                          0.00      18.72 r
  producer/U327/A (INVX8)                                 0.00      18.72 r
  producer/U327/Y (INVX8)                                 0.12      18.84 f
  producer/U154/B (OR2X2)                                 0.00      18.84 f
  producer/U154/Y (OR2X2)                                 0.31      19.15 f
  producer/U147/A (BUFX16)                                0.00      19.15 f
  producer/U147/Y (BUFX16)                                0.20      19.35 f
  producer/U1304/A0 (OAI32XL)                             0.00      19.35 f
  producer/U1304/Y (OAI32XL)                              0.44      19.79 r
  producer/candidate_release_q_reg[158]/D (DFFHQX1)       0.00      19.79 r
  data arrival time                                                 19.79

  clock recam_clk (rise edge)                            20.00      20.00
  clock network delay (ideal)                             0.00      20.00
  producer/candidate_release_q_reg[158]/CK (DFFHQX1)      0.00      20.00 r
  library setup time                                     -0.21      19.79
  data required time                                                19.79
  --------------------------------------------------------------------------
  data required time                                                19.79
  data arrival time                                                -19.79
  --------------------------------------------------------------------------
  slack (MET)                                                        0.00


1
