 
****************************************
check_design summary:
Version:     W-2024.09-SP2
Date:        Wed Sep  9 14:45:09 2026
****************************************

                   Name                                            Total
--------------------------------------------------------------------------------
Inputs/Outputs                                                    155
    Shorted outputs (LINT-31)                                      84
    Constant outputs (LINT-52)                                     71

Cells                                                             623
    Cells do not drive (LINT-1)                                   609
    Connected to power or ground (LINT-32)                         11
    Nets connected to multiple pins on same cell (LINT-33)          3

Nets                                                              260
    Unloaded nets (LINT-2)                                        260
--------------------------------------------------------------------------------

Warning: In design 'dss_analyzer_top_PARALLEL_ORIENTATION0', cell 'C3920' does not drive any nets. (LINT-1)
Warning: In design 'shared_fault_collector_ROW_W10_COL_W10_MAX_FAULTS12_MAX_K5_NUM_CFG7_HYBRID_SHARED_ENTRIES14_CAM_REUSE_ENTRIES12', cell 'C355' does not drive any nets. (LINT-1)
Warning: In design 'shared_fault_collector_ROW_W10_COL_W10_MAX_FAULTS12_MAX_K5_NUM_CFG7_HYBRID_SHARED_ENTRIES14_CAM_REUSE_ENTRIES12', cell 'C365' does not drive any nets. (LINT-1)
Warning: In design 'shared_fault_collector_ROW_W10_COL_W10_MAX_FAULTS12_MAX_K5_NUM_CFG7_HYBRID_SHARED_ENTRIES14_CAM_REUSE_ENTRIES12', cell 'C377' does not drive any nets. (LINT-1)
Warning: In design 'shared_fault_collector_ROW_W10_COL_W10_MAX_FAULTS12_MAX_K5_NUM_CFG7_HYBRID_SHARED_ENTRIES14_CAM_REUSE_ENTRIES12', cell 'C389' does not drive any nets. (LINT-1)
Warning: In design 'shared_fault_collector_ROW_W10_COL_W10_MAX_FAULTS12_MAX_K5_NUM_CFG7_HYBRID_SHARED_ENTRIES14_CAM_REUSE_ENTRIES12', cell 'C401' does not drive any nets. (LINT-1)
Warning: In design 'shared_fault_collector_ROW_W10_COL_W10_MAX_FAULTS12_MAX_K5_NUM_CFG7_HYBRID_SHARED_ENTRIES14_CAM_REUSE_ENTRIES12', cell 'C471' does not drive any nets. (LINT-1)
Warning: In design 'config_must_view_MAX_K5_NUM_CFG7_ENTRY_NUM12_ROW_W10_COL_W10_COUNT_W4', cell 'B_125' does not drive any nets. (LINT-1)
Warning: In design 'config_must_view_MAX_K5_NUM_CFG7_ENTRY_NUM12_ROW_W10_COL_W10_COUNT_W4', cell 'B_126' does not drive any nets. (LINT-1)
Warning: In design 'config_must_view_MAX_K5_NUM_CFG7_ENTRY_NUM12_ROW_W10_COL_W10_COUNT_W4', cell 'B_127' does not drive any nets. (LINT-1)
Warning: In design 'config_must_view_MAX_K5_NUM_CFG7_ENTRY_NUM12_ROW_W10_COL_W10_COUNT_W4', cell 'B_128' does not drive any nets. (LINT-1)
Warning: In design 'config_must_view_MAX_K5_NUM_CFG7_ENTRY_NUM12_ROW_W10_COL_W10_COUNT_W4', cell 'B_129' does not drive any nets. (LINT-1)
Warning: In design 'multi_config_analyzer_area_engine_MAX_K5_NUM_CFG7_HYBRID_ENTRY_NUM14_ADDR_W10_PATTERN_ID_W4', cell 'C2036' does not drive any nets. (LINT-1)
Warning: In design 'multi_config_analyzer_area_engine_MAX_K5_NUM_CFG7_HYBRID_ENTRY_NUM14_ADDR_W10_PATTERN_ID_W4', cell 'C2050' does not drive any nets. (LINT-1)
Warning: In design 'multi_config_analyzer_area_engine_MAX_K5_NUM_CFG7_HYBRID_ENTRY_NUM14_ADDR_W10_PATTERN_ID_W4', cell 'C2051' does not drive any nets. (LINT-1)
Warning: In design 'multi_config_analyzer_area_engine_MAX_K5_NUM_CFG7_HYBRID_ENTRY_NUM14_ADDR_W10_PATTERN_ID_W4', cell 'C2054' does not drive any nets. (LINT-1)
Warning: In design 'multi_config_analyzer_area_engine_MAX_K5_NUM_CFG7_HYBRID_ENTRY_NUM14_ADDR_W10_PATTERN_ID_W4', cell 'C2055' does not drive any nets. (LINT-1)
Warning: In design 'multi_config_analyzer_area_engine_MAX_K5_NUM_CFG7_HYBRID_ENTRY_NUM14_ADDR_W10_PATTERN_ID_W4', cell 'C2061' does not drive any nets. (LINT-1)
Warning: In design 'multi_config_analyzer_area_engine_MAX_K5_NUM_CFG7_HYBRID_ENTRY_NUM14_ADDR_W10_PATTERN_ID_W4', cell 'C2064' does not drive any nets. (LINT-1)
Warning: In design 'multi_config_early_selector_NUM_SA4_NUM_CFG7_PATTERN_ID_W4_SHARED_ROWS1_SHARED_COLS1_MAX_BORROWS3', cell 'B_135' does not drive any nets. (LINT-1)
Warning: In design 'multi_config_early_selector_NUM_SA4_NUM_CFG7_PATTERN_ID_W4_SHARED_ROWS1_SHARED_COLS1_MAX_BORROWS3', cell 'B_136' does not drive any nets. (LINT-1)
Warning: In design 'multi_config_early_selector_NUM_SA4_NUM_CFG7_PATTERN_ID_W4_SHARED_ROWS1_SHARED_COLS1_MAX_BORROWS3', cell 'B_137' does not drive any nets. (LINT-1)
Warning: In design 'multi_config_early_selector_NUM_SA4_NUM_CFG7_PATTERN_ID_W4_SHARED_ROWS1_SHARED_COLS1_MAX_BORROWS3', cell 'B_138' does not drive any nets. (LINT-1)
Warning: In design 'multi_config_early_selector_NUM_SA4_NUM_CFG7_PATTERN_ID_W4_SHARED_ROWS1_SHARED_COLS1_MAX_BORROWS3', cell 'B_139' does not drive any nets. (LINT-1)
Warning: In design 'multi_config_early_selector_NUM_SA4_NUM_CFG7_PATTERN_ID_W4_SHARED_ROWS1_SHARED_COLS1_MAX_BORROWS3', cell 'C1483' does not drive any nets. (LINT-1)
Warning: In design 'multi_config_group_selector_NUM_SA4_NUM_CFG7_PATTERN_ID_W4_SHARED_ROWS1_SHARED_COLS1_MAX_BORROWS3', cell 'B_148' does not drive any nets. (LINT-1)
Warning: In design 'multi_config_group_selector_NUM_SA4_NUM_CFG7_PATTERN_ID_W4_SHARED_ROWS1_SHARED_COLS1_MAX_BORROWS3', cell 'B_149' does not drive any nets. (LINT-1)
Warning: In design 'multi_config_group_selector_NUM_SA4_NUM_CFG7_PATTERN_ID_W4_SHARED_ROWS1_SHARED_COLS1_MAX_BORROWS3', cell 'B_151' does not drive any nets. (LINT-1)
Warning: In design 'multi_config_group_selector_NUM_SA4_NUM_CFG7_PATTERN_ID_W4_SHARED_ROWS1_SHARED_COLS1_MAX_BORROWS3', cell 'B_152' does not drive any nets. (LINT-1)
Warning: In design 'multi_config_group_selector_NUM_SA4_NUM_CFG7_PATTERN_ID_W4_SHARED_ROWS1_SHARED_COLS1_MAX_BORROWS3', cell 'B_154' does not drive any nets. (LINT-1)
Warning: In design 'multi_config_group_selector_NUM_SA4_NUM_CFG7_PATTERN_ID_W4_SHARED_ROWS1_SHARED_COLS1_MAX_BORROWS3', cell 'B_155' does not drive any nets. (LINT-1)
Warning: In design 'multi_config_group_selector_NUM_SA4_NUM_CFG7_PATTERN_ID_W4_SHARED_ROWS1_SHARED_COLS1_MAX_BORROWS3', cell 'B_157' does not drive any nets. (LINT-1)
Warning: In design 'multi_config_group_selector_NUM_SA4_NUM_CFG7_PATTERN_ID_W4_SHARED_ROWS1_SHARED_COLS1_MAX_BORROWS3', cell 'B_158' does not drive any nets. (LINT-1)
Warning: In design 'multi_config_group_selector_NUM_SA4_NUM_CFG7_PATTERN_ID_W4_SHARED_ROWS1_SHARED_COLS1_MAX_BORROWS3', cell 'B_159' does not drive any nets. (LINT-1)
Warning: In design 'multi_config_group_selector_NUM_SA4_NUM_CFG7_PATTERN_ID_W4_SHARED_ROWS1_SHARED_COLS1_MAX_BORROWS3', cell 'B_160' does not drive any nets. (LINT-1)
Warning: In design 'multi_config_group_selector_NUM_SA4_NUM_CFG7_PATTERN_ID_W4_SHARED_ROWS1_SHARED_COLS1_MAX_BORROWS3', cell 'B_161' does not drive any nets. (LINT-1)
Warning: In design 'multi_config_group_selector_NUM_SA4_NUM_CFG7_PATTERN_ID_W4_SHARED_ROWS1_SHARED_COLS1_MAX_BORROWS3', cell 'B_162' does not drive any nets. (LINT-1)
Warning: In design 'multi_config_group_selector_NUM_SA4_NUM_CFG7_PATTERN_ID_W4_SHARED_ROWS1_SHARED_COLS1_MAX_BORROWS3', cell 'C2504' does not drive any nets. (LINT-1)
Warning: In design 'multi_config_group_selector_NUM_SA4_NUM_CFG7_PATTERN_ID_W4_SHARED_ROWS1_SHARED_COLS1_MAX_BORROWS3', cell 'C2514' does not drive any nets. (LINT-1)
Warning: In design 'multi_config_group_selector_NUM_SA4_NUM_CFG7_PATTERN_ID_W4_SHARED_ROWS1_SHARED_COLS1_MAX_BORROWS3', cell 'C2518' does not drive any nets. (LINT-1)
Warning: In design 'multi_config_group_selector_NUM_SA4_NUM_CFG7_PATTERN_ID_W4_SHARED_ROWS1_SHARED_COLS1_MAX_BORROWS3', cell 'C2519' does not drive any nets. (LINT-1)
Warning: In design 'multi_config_group_selector_NUM_SA4_NUM_CFG7_PATTERN_ID_W4_SHARED_ROWS1_SHARED_COLS1_MAX_BORROWS3', cell 'C2526' does not drive any nets. (LINT-1)
Warning: In design 'multi_config_group_selector_NUM_SA4_NUM_CFG7_PATTERN_ID_W4_SHARED_ROWS1_SHARED_COLS1_MAX_BORROWS3', cell 'C2528' does not drive any nets. (LINT-1)
Warning: In design 'repair_decode_area_engine_NUM_SA4_MAX_K5_NUM_CFG7_ENTRY_NUM14_ROW_W10_COL_W10_PATTERN_ID_W4', cell 'C1911' does not drive any nets. (LINT-1)
Warning: In design 'shared_pivot_cam_ROW_W10_COL_W10_MAX_K5_NUM_CFG7', cell 'C537' does not drive any nets. (LINT-1)
Warning: In design 'shared_fault_counter_ENTRY_NUM12_ROW_W10_COL_W10_COUNT_W4', cell 'C4969' does not drive any nets. (LINT-1)
Warning: In design 'shared_fault_counter_ENTRY_NUM12_ROW_W10_COL_W10_COUNT_W4', cell 'C4974' does not drive any nets. (LINT-1)
Warning: In design 'shared_fault_counter_ENTRY_NUM12_ROW_W10_COL_W10_COUNT_W4', cell 'C4977' does not drive any nets. (LINT-1)
Warning: In design 'tagged_hybrid_store_ENTRY_NUM14_FAULT_REF_W4_ROW_W10_COL_W10_PIVOT_PTR_W3_NUM_CFG7', cell 'C2271' does not drive any nets. (LINT-1)
Warning: In design 'cam_reuse_temp_buffer_ENTRY_NUM12_ROW_W10_COL_W10_NUM_CFG7', cell 'C1517' does not drive any nets. (LINT-1)
Warning: In design 'config_logical_view_MAX_K5_NUM_CFG7_HYBRID_ENTRY_NUM14_ADDR_W10_PTR_W3', cell 'C8016' does not drive any nets. (LINT-1)
Warning: In design 'config_logical_view_MAX_K5_NUM_CFG7_HYBRID_ENTRY_NUM14_ADDR_W10_PTR_W3', cell 'C8017' does not drive any nets. (LINT-1)
Warning: In design 'config_logical_view_MAX_K5_NUM_CFG7_HYBRID_ENTRY_NUM14_ADDR_W10_PTR_W3', cell 'C8027' does not drive any nets. (LINT-1)
Warning: In design 'config_logical_view_MAX_K5_NUM_CFG7_HYBRID_ENTRY_NUM14_ADDR_W10_PTR_W3', cell 'C8028' does not drive any nets. (LINT-1)
Warning: In design 'config_logical_view_MAX_K5_NUM_CFG7_HYBRID_ENTRY_NUM14_ADDR_W10_PTR_W3', cell 'C8038' does not drive any nets. (LINT-1)
Warning: In design 'config_logical_view_MAX_K5_NUM_CFG7_HYBRID_ENTRY_NUM14_ADDR_W10_PTR_W3', cell 'C8039' does not drive any nets. (LINT-1)
Warning: In design 'config_logical_view_MAX_K5_NUM_CFG7_HYBRID_ENTRY_NUM14_ADDR_W10_PTR_W3', cell 'C8049' does not drive any nets. (LINT-1)
Warning: In design 'config_logical_view_MAX_K5_NUM_CFG7_HYBRID_ENTRY_NUM14_ADDR_W10_PTR_W3', cell 'C8050' does not drive any nets. (LINT-1)
Warning: In design 'config_logical_view_MAX_K5_NUM_CFG7_HYBRID_ENTRY_NUM14_ADDR_W10_PTR_W3', cell 'C8060' does not drive any nets. (LINT-1)
Warning: In design 'config_logical_view_MAX_K5_NUM_CFG7_HYBRID_ENTRY_NUM14_ADDR_W10_PTR_W3', cell 'C8061' does not drive any nets. (LINT-1)
Warning: In design 'config_logical_view_MAX_K5_NUM_CFG7_HYBRID_ENTRY_NUM14_ADDR_W10_PTR_W3', cell 'C8071' does not drive any nets. (LINT-1)
Warning: In design 'config_logical_view_MAX_K5_NUM_CFG7_HYBRID_ENTRY_NUM14_ADDR_W10_PTR_W3', cell 'C8072' does not drive any nets. (LINT-1)
Warning: In design 'config_logical_view_MAX_K5_NUM_CFG7_HYBRID_ENTRY_NUM14_ADDR_W10_PTR_W3', cell 'C8082' does not drive any nets. (LINT-1)
Warning: In design 'config_logical_view_MAX_K5_NUM_CFG7_HYBRID_ENTRY_NUM14_ADDR_W10_PTR_W3', cell 'C8083' does not drive any nets. (LINT-1)
Warning: In design 'config_logical_view_MAX_K5_NUM_CFG7_HYBRID_ENTRY_NUM14_ADDR_W10_PTR_W3', cell 'C8093' does not drive any nets. (LINT-1)
Warning: In design 'config_logical_view_MAX_K5_NUM_CFG7_HYBRID_ENTRY_NUM14_ADDR_W10_PTR_W3', cell 'C8094' does not drive any nets. (LINT-1)
Warning: In design 'config_logical_view_MAX_K5_NUM_CFG7_HYBRID_ENTRY_NUM14_ADDR_W10_PTR_W3', cell 'C8104' does not drive any nets. (LINT-1)
Warning: In design 'config_logical_view_MAX_K5_NUM_CFG7_HYBRID_ENTRY_NUM14_ADDR_W10_PTR_W3', cell 'C8105' does not drive any nets. (LINT-1)
Warning: In design 'config_logical_view_MAX_K5_NUM_CFG7_HYBRID_ENTRY_NUM14_ADDR_W10_PTR_W3', cell 'C8115' does not drive any nets. (LINT-1)
Warning: In design 'config_logical_view_MAX_K5_NUM_CFG7_HYBRID_ENTRY_NUM14_ADDR_W10_PTR_W3', cell 'C8116' does not drive any nets. (LINT-1)
Warning: In design 'config_logical_view_MAX_K5_NUM_CFG7_HYBRID_ENTRY_NUM14_ADDR_W10_PTR_W3', cell 'C8126' does not drive any nets. (LINT-1)
Warning: In design 'config_logical_view_MAX_K5_NUM_CFG7_HYBRID_ENTRY_NUM14_ADDR_W10_PTR_W3', cell 'C8127' does not drive any nets. (LINT-1)
Warning: In design 'config_logical_view_MAX_K5_NUM_CFG7_HYBRID_ENTRY_NUM14_ADDR_W10_PTR_W3', cell 'C8137' does not drive any nets. (LINT-1)
Warning: In design 'config_logical_view_MAX_K5_NUM_CFG7_HYBRID_ENTRY_NUM14_ADDR_W10_PTR_W3', cell 'C8138' does not drive any nets. (LINT-1)
Warning: In design 'config_logical_view_MAX_K5_NUM_CFG7_HYBRID_ENTRY_NUM14_ADDR_W10_PTR_W3', cell 'C8149' does not drive any nets. (LINT-1)
Warning: In design 'config_logical_view_MAX_K5_NUM_CFG7_HYBRID_ENTRY_NUM14_ADDR_W10_PTR_W3', cell 'C8150' does not drive any nets. (LINT-1)
Warning: In design 'config_logical_view_MAX_K5_NUM_CFG7_HYBRID_ENTRY_NUM14_ADDR_W10_PTR_W3', cell 'C8161' does not drive any nets. (LINT-1)
Warning: In design 'config_logical_view_MAX_K5_NUM_CFG7_HYBRID_ENTRY_NUM14_ADDR_W10_PTR_W3', cell 'C8162' does not drive any nets. (LINT-1)
Warning: In design 'config_candidate_evaluator_MAX_K5_HYBRID_ENTRY_NUM14_ROW_W10_COL_W10_CANDIDATE_W4', cell 'B_1646' does not drive any nets. (LINT-1)
Warning: In design 'config_candidate_evaluator_MAX_K5_HYBRID_ENTRY_NUM14_ROW_W10_COL_W10_CANDIDATE_W4', cell 'B_1647' does not drive any nets. (LINT-1)
Warning: In design 'config_candidate_evaluator_MAX_K5_HYBRID_ENTRY_NUM14_ROW_W10_COL_W10_CANDIDATE_W4', cell 'B_1648' does not drive any nets. (LINT-1)
Warning: In design 'config_candidate_evaluator_MAX_K5_HYBRID_ENTRY_NUM14_ROW_W10_COL_W10_CANDIDATE_W4', cell 'B_1649' does not drive any nets. (LINT-1)
Warning: In design 'config_candidate_evaluator_MAX_K5_HYBRID_ENTRY_NUM14_ROW_W10_COL_W10_CANDIDATE_W4', cell 'B_1650' does not drive any nets. (LINT-1)
Warning: In design 'config_candidate_evaluator_MAX_K5_HYBRID_ENTRY_NUM14_ROW_W10_COL_W10_CANDIDATE_W4', cell 'B_1651' does not drive any nets. (LINT-1)
Warning: In design 'config_candidate_evaluator_MAX_K5_HYBRID_ENTRY_NUM14_ROW_W10_COL_W10_CANDIDATE_W4', cell 'B_1652' does not drive any nets. (LINT-1)
Warning: In design 'config_candidate_evaluator_MAX_K5_HYBRID_ENTRY_NUM14_ROW_W10_COL_W10_CANDIDATE_W4', cell 'B_1653' does not drive any nets. (LINT-1)
Warning: In design 'config_candidate_evaluator_MAX_K5_HYBRID_ENTRY_NUM14_ROW_W10_COL_W10_CANDIDATE_W4', cell 'B_1654' does not drive any nets. (LINT-1)
Warning: In design 'config_candidate_evaluator_MAX_K5_HYBRID_ENTRY_NUM14_ROW_W10_COL_W10_CANDIDATE_W4', cell 'B_1655' does not drive any nets. (LINT-1)
Warning: In design 'config_candidate_evaluator_MAX_K5_HYBRID_ENTRY_NUM14_ROW_W10_COL_W10_CANDIDATE_W4', cell 'B_1656' does not drive any nets. (LINT-1)
Warning: In design 'config_candidate_evaluator_MAX_K5_HYBRID_ENTRY_NUM14_ROW_W10_COL_W10_CANDIDATE_W4', cell 'B_1657' does not drive any nets. (LINT-1)
Warning: In design 'config_candidate_evaluator_MAX_K5_HYBRID_ENTRY_NUM14_ROW_W10_COL_W10_CANDIDATE_W4', cell 'B_1658' does not drive any nets. (LINT-1)
Warning: In design 'config_candidate_evaluator_MAX_K5_HYBRID_ENTRY_NUM14_ROW_W10_COL_W10_CANDIDATE_W4', cell 'B_1659' does not drive any nets. (LINT-1)
Warning: In design 'config_candidate_evaluator_MAX_K5_HYBRID_ENTRY_NUM14_ROW_W10_COL_W10_CANDIDATE_W4', cell 'B_1660' does not drive any nets. (LINT-1)
Warning: In design 'config_candidate_evaluator_MAX_K5_HYBRID_ENTRY_NUM14_ROW_W10_COL_W10_CANDIDATE_W4', cell 'B_1661' does not drive any nets. (LINT-1)
Warning: In design 'config_candidate_evaluator_MAX_K5_HYBRID_ENTRY_NUM14_ROW_W10_COL_W10_CANDIDATE_W4', cell 'B_1662' does not drive any nets. (LINT-1)
Warning: In design 'config_candidate_evaluator_MAX_K5_HYBRID_ENTRY_NUM14_ROW_W10_COL_W10_CANDIDATE_W4', cell 'B_1663' does not drive any nets. (LINT-1)
Warning: In design 'config_candidate_evaluator_MAX_K5_HYBRID_ENTRY_NUM14_ROW_W10_COL_W10_CANDIDATE_W4', cell 'B_1664' does not drive any nets. (LINT-1)
Warning: In design 'config_candidate_evaluator_MAX_K5_HYBRID_ENTRY_NUM14_ROW_W10_COL_W10_CANDIDATE_W4', cell 'B_1665' does not drive any nets. (LINT-1)
Warning: In design 'config_candidate_evaluator_MAX_K5_HYBRID_ENTRY_NUM14_ROW_W10_COL_W10_CANDIDATE_W4', cell 'B_1666' does not drive any nets. (LINT-1)
Warning: In design 'config_candidate_evaluator_MAX_K5_HYBRID_ENTRY_NUM14_ROW_W10_COL_W10_CANDIDATE_W4', cell 'C31979' does not drive any nets. (LINT-1)
Warning: In design 'config_candidate_evaluator_MAX_K5_HYBRID_ENTRY_NUM14_ROW_W10_COL_W10_CANDIDATE_W4', cell 'C31983' does not drive any nets. (LINT-1)
Warning: In design 'config_candidate_evaluator_MAX_K5_HYBRID_ENTRY_NUM14_ROW_W10_COL_W10_CANDIDATE_W4', cell 'C31987' does not drive any nets. (LINT-1)
Warning: In design 'config_candidate_evaluator_MAX_K5_HYBRID_ENTRY_NUM14_ROW_W10_COL_W10_CANDIDATE_W4', cell 'C31991' does not drive any nets. (LINT-1)
Warning: In design 'config_candidate_evaluator_MAX_K5_HYBRID_ENTRY_NUM14_ROW_W10_COL_W10_CANDIDATE_W4', cell 'C31993' does not drive any nets. (LINT-1)
Warning: In design 'config_candidate_evaluator_MAX_K5_HYBRID_ENTRY_NUM14_ROW_W10_COL_W10_CANDIDATE_W4', cell 'C31996' does not drive any nets. (LINT-1)
Warning: In design 'config_candidate_evaluator_MAX_K5_HYBRID_ENTRY_NUM14_ROW_W10_COL_W10_CANDIDATE_W4', cell 'C32002' does not drive any nets. (LINT-1)
Warning: In design 'config_candidate_evaluator_MAX_K5_HYBRID_ENTRY_NUM14_ROW_W10_COL_W10_CANDIDATE_W4', cell 'C32006' does not drive any nets. (LINT-1)
Warning: In design 'config_candidate_evaluator_MAX_K5_HYBRID_ENTRY_NUM14_ROW_W10_COL_W10_CANDIDATE_W4', cell 'C32010' does not drive any nets. (LINT-1)
Warning: In design 'config_candidate_evaluator_MAX_K5_HYBRID_ENTRY_NUM14_ROW_W10_COL_W10_CANDIDATE_W4', cell 'C32014' does not drive any nets. (LINT-1)
Warning: In design 'config_candidate_evaluator_MAX_K5_HYBRID_ENTRY_NUM14_ROW_W10_COL_W10_CANDIDATE_W4', cell 'C32016' does not drive any nets. (LINT-1)
Warning: In design 'config_candidate_evaluator_MAX_K5_HYBRID_ENTRY_NUM14_ROW_W10_COL_W10_CANDIDATE_W4', cell 'C32019' does not drive any nets. (LINT-1)
Warning: In design 'config_candidate_evaluator_MAX_K5_HYBRID_ENTRY_NUM14_ROW_W10_COL_W10_CANDIDATE_W4', cell 'C32025' does not drive any nets. (LINT-1)
Warning: In design 'config_candidate_evaluator_MAX_K5_HYBRID_ENTRY_NUM14_ROW_W10_COL_W10_CANDIDATE_W4', cell 'C32029' does not drive any nets. (LINT-1)
Warning: In design 'config_candidate_evaluator_MAX_K5_HYBRID_ENTRY_NUM14_ROW_W10_COL_W10_CANDIDATE_W4', cell 'C32033' does not drive any nets. (LINT-1)
Warning: In design 'config_candidate_evaluator_MAX_K5_HYBRID_ENTRY_NUM14_ROW_W10_COL_W10_CANDIDATE_W4', cell 'C32037' does not drive any nets. (LINT-1)
Warning: In design 'config_candidate_evaluator_MAX_K5_HYBRID_ENTRY_NUM14_ROW_W10_COL_W10_CANDIDATE_W4', cell 'C32039' does not drive any nets. (LINT-1)
Warning: In design 'config_candidate_evaluator_MAX_K5_HYBRID_ENTRY_NUM14_ROW_W10_COL_W10_CANDIDATE_W4', cell 'C32042' does not drive any nets. (LINT-1)
Warning: In design 'config_candidate_evaluator_MAX_K5_HYBRID_ENTRY_NUM14_ROW_W10_COL_W10_CANDIDATE_W4', cell 'C32048' does not drive any nets. (LINT-1)
Warning: In design 'config_candidate_evaluator_MAX_K5_HYBRID_ENTRY_NUM14_ROW_W10_COL_W10_CANDIDATE_W4', cell 'C32052' does not drive any nets. (LINT-1)
Warning: In design 'config_candidate_evaluator_MAX_K5_HYBRID_ENTRY_NUM14_ROW_W10_COL_W10_CANDIDATE_W4', cell 'C32056' does not drive any nets. (LINT-1)
Warning: In design 'config_candidate_evaluator_MAX_K5_HYBRID_ENTRY_NUM14_ROW_W10_COL_W10_CANDIDATE_W4', cell 'C32060' does not drive any nets. (LINT-1)
Warning: In design 'config_candidate_evaluator_MAX_K5_HYBRID_ENTRY_NUM14_ROW_W10_COL_W10_CANDIDATE_W4', cell 'C32062' does not drive any nets. (LINT-1)
Warning: In design 'config_candidate_evaluator_MAX_K5_HYBRID_ENTRY_NUM14_ROW_W10_COL_W10_CANDIDATE_W4', cell 'C32065' does not drive any nets. (LINT-1)
Warning: In design 'config_candidate_evaluator_MAX_K5_HYBRID_ENTRY_NUM14_ROW_W10_COL_W10_CANDIDATE_W4', cell 'C32071' does not drive any nets. (LINT-1)
Warning: In design 'config_candidate_evaluator_MAX_K5_HYBRID_ENTRY_NUM14_ROW_W10_COL_W10_CANDIDATE_W4', cell 'C32075' does not drive any nets. (LINT-1)
Warning: In design 'config_candidate_evaluator_MAX_K5_HYBRID_ENTRY_NUM14_ROW_W10_COL_W10_CANDIDATE_W4', cell 'C32079' does not drive any nets. (LINT-1)
Warning: In design 'config_candidate_evaluator_MAX_K5_HYBRID_ENTRY_NUM14_ROW_W10_COL_W10_CANDIDATE_W4', cell 'C32083' does not drive any nets. (LINT-1)
Warning: In design 'config_candidate_evaluator_MAX_K5_HYBRID_ENTRY_NUM14_ROW_W10_COL_W10_CANDIDATE_W4', cell 'C32085' does not drive any nets. (LINT-1)
Warning: In design 'config_candidate_evaluator_MAX_K5_HYBRID_ENTRY_NUM14_ROW_W10_COL_W10_CANDIDATE_W4', cell 'C32088' does not drive any nets. (LINT-1)
Warning: In design 'config_candidate_evaluator_MAX_K5_HYBRID_ENTRY_NUM14_ROW_W10_COL_W10_CANDIDATE_W4', cell 'C32094' does not drive any nets. (LINT-1)
Warning: In design 'config_candidate_evaluator_MAX_K5_HYBRID_ENTRY_NUM14_ROW_W10_COL_W10_CANDIDATE_W4', cell 'C32098' does not drive any nets. (LINT-1)
Warning: In design 'config_candidate_evaluator_MAX_K5_HYBRID_ENTRY_NUM14_ROW_W10_COL_W10_CANDIDATE_W4', cell 'C32102' does not drive any nets. (LINT-1)
Warning: In design 'config_candidate_evaluator_MAX_K5_HYBRID_ENTRY_NUM14_ROW_W10_COL_W10_CANDIDATE_W4', cell 'C32106' does not drive any nets. (LINT-1)
Warning: In design 'config_candidate_evaluator_MAX_K5_HYBRID_ENTRY_NUM14_ROW_W10_COL_W10_CANDIDATE_W4', cell 'C32108' does not drive any nets. (LINT-1)
Warning: In design 'config_candidate_evaluator_MAX_K5_HYBRID_ENTRY_NUM14_ROW_W10_COL_W10_CANDIDATE_W4', cell 'C32111' does not drive any nets. (LINT-1)
Warning: In design 'config_candidate_evaluator_MAX_K5_HYBRID_ENTRY_NUM14_ROW_W10_COL_W10_CANDIDATE_W4', cell 'C32117' does not drive any nets. (LINT-1)
Warning: In design 'config_candidate_evaluator_MAX_K5_HYBRID_ENTRY_NUM14_ROW_W10_COL_W10_CANDIDATE_W4', cell 'C32121' does not drive any nets. (LINT-1)
Warning: In design 'config_candidate_evaluator_MAX_K5_HYBRID_ENTRY_NUM14_ROW_W10_COL_W10_CANDIDATE_W4', cell 'C32125' does not drive any nets. (LINT-1)
Warning: In design 'config_candidate_evaluator_MAX_K5_HYBRID_ENTRY_NUM14_ROW_W10_COL_W10_CANDIDATE_W4', cell 'C32129' does not drive any nets. (LINT-1)
Warning: In design 'config_candidate_evaluator_MAX_K5_HYBRID_ENTRY_NUM14_ROW_W10_COL_W10_CANDIDATE_W4', cell 'C32131' does not drive any nets. (LINT-1)
Warning: In design 'config_candidate_evaluator_MAX_K5_HYBRID_ENTRY_NUM14_ROW_W10_COL_W10_CANDIDATE_W4', cell 'C32134' does not drive any nets. (LINT-1)
Warning: In design 'config_candidate_evaluator_MAX_K5_HYBRID_ENTRY_NUM14_ROW_W10_COL_W10_CANDIDATE_W4', cell 'C32140' does not drive any nets. (LINT-1)
Warning: In design 'config_candidate_evaluator_MAX_K5_HYBRID_ENTRY_NUM14_ROW_W10_COL_W10_CANDIDATE_W4', cell 'C32144' does not drive any nets. (LINT-1)
Warning: In design 'config_candidate_evaluator_MAX_K5_HYBRID_ENTRY_NUM14_ROW_W10_COL_W10_CANDIDATE_W4', cell 'C32148' does not drive any nets. (LINT-1)
Warning: In design 'config_candidate_evaluator_MAX_K5_HYBRID_ENTRY_NUM14_ROW_W10_COL_W10_CANDIDATE_W4', cell 'C32152' does not drive any nets. (LINT-1)
Warning: In design 'config_candidate_evaluator_MAX_K5_HYBRID_ENTRY_NUM14_ROW_W10_COL_W10_CANDIDATE_W4', cell 'C32154' does not drive any nets. (LINT-1)
Warning: In design 'config_candidate_evaluator_MAX_K5_HYBRID_ENTRY_NUM14_ROW_W10_COL_W10_CANDIDATE_W4', cell 'C32157' does not drive any nets. (LINT-1)
Warning: In design 'config_candidate_evaluator_MAX_K5_HYBRID_ENTRY_NUM14_ROW_W10_COL_W10_CANDIDATE_W4', cell 'C32163' does not drive any nets. (LINT-1)
Warning: In design 'config_candidate_evaluator_MAX_K5_HYBRID_ENTRY_NUM14_ROW_W10_COL_W10_CANDIDATE_W4', cell 'C32167' does not drive any nets. (LINT-1)
Warning: In design 'config_candidate_evaluator_MAX_K5_HYBRID_ENTRY_NUM14_ROW_W10_COL_W10_CANDIDATE_W4', cell 'C32171' does not drive any nets. (LINT-1)
Warning: In design 'config_candidate_evaluator_MAX_K5_HYBRID_ENTRY_NUM14_ROW_W10_COL_W10_CANDIDATE_W4', cell 'C32175' does not drive any nets. (LINT-1)
Warning: In design 'config_candidate_evaluator_MAX_K5_HYBRID_ENTRY_NUM14_ROW_W10_COL_W10_CANDIDATE_W4', cell 'C32177' does not drive any nets. (LINT-1)
Warning: In design 'config_candidate_evaluator_MAX_K5_HYBRID_ENTRY_NUM14_ROW_W10_COL_W10_CANDIDATE_W4', cell 'C32180' does not drive any nets. (LINT-1)
Warning: In design 'config_candidate_evaluator_MAX_K5_HYBRID_ENTRY_NUM14_ROW_W10_COL_W10_CANDIDATE_W4', cell 'C32186' does not drive any nets. (LINT-1)
Warning: In design 'config_candidate_evaluator_MAX_K5_HYBRID_ENTRY_NUM14_ROW_W10_COL_W10_CANDIDATE_W4', cell 'C32190' does not drive any nets. (LINT-1)
Warning: In design 'config_candidate_evaluator_MAX_K5_HYBRID_ENTRY_NUM14_ROW_W10_COL_W10_CANDIDATE_W4', cell 'C32194' does not drive any nets. (LINT-1)
Warning: In design 'config_candidate_evaluator_MAX_K5_HYBRID_ENTRY_NUM14_ROW_W10_COL_W10_CANDIDATE_W4', cell 'C32198' does not drive any nets. (LINT-1)
Warning: In design 'config_candidate_evaluator_MAX_K5_HYBRID_ENTRY_NUM14_ROW_W10_COL_W10_CANDIDATE_W4', cell 'C32200' does not drive any nets. (LINT-1)
Warning: In design 'config_candidate_evaluator_MAX_K5_HYBRID_ENTRY_NUM14_ROW_W10_COL_W10_CANDIDATE_W4', cell 'C32203' does not drive any nets. (LINT-1)
Warning: In design 'config_candidate_evaluator_MAX_K5_HYBRID_ENTRY_NUM14_ROW_W10_COL_W10_CANDIDATE_W4', cell 'C32209' does not drive any nets. (LINT-1)
Warning: In design 'config_candidate_evaluator_MAX_K5_HYBRID_ENTRY_NUM14_ROW_W10_COL_W10_CANDIDATE_W4', cell 'C32213' does not drive any nets. (LINT-1)
Warning: In design 'config_candidate_evaluator_MAX_K5_HYBRID_ENTRY_NUM14_ROW_W10_COL_W10_CANDIDATE_W4', cell 'C32217' does not drive any nets. (LINT-1)
Warning: In design 'config_candidate_evaluator_MAX_K5_HYBRID_ENTRY_NUM14_ROW_W10_COL_W10_CANDIDATE_W4', cell 'C32221' does not drive any nets. (LINT-1)
Warning: In design 'config_candidate_evaluator_MAX_K5_HYBRID_ENTRY_NUM14_ROW_W10_COL_W10_CANDIDATE_W4', cell 'C32223' does not drive any nets. (LINT-1)
Warning: In design 'config_candidate_evaluator_MAX_K5_HYBRID_ENTRY_NUM14_ROW_W10_COL_W10_CANDIDATE_W4', cell 'C32226' does not drive any nets. (LINT-1)
Warning: In design 'config_candidate_evaluator_MAX_K5_HYBRID_ENTRY_NUM14_ROW_W10_COL_W10_CANDIDATE_W4', cell 'C32232' does not drive any nets. (LINT-1)
Warning: In design 'config_candidate_evaluator_MAX_K5_HYBRID_ENTRY_NUM14_ROW_W10_COL_W10_CANDIDATE_W4', cell 'C32236' does not drive any nets. (LINT-1)
Warning: In design 'config_candidate_evaluator_MAX_K5_HYBRID_ENTRY_NUM14_ROW_W10_COL_W10_CANDIDATE_W4', cell 'C32240' does not drive any nets. (LINT-1)
Warning: In design 'config_candidate_evaluator_MAX_K5_HYBRID_ENTRY_NUM14_ROW_W10_COL_W10_CANDIDATE_W4', cell 'C32244' does not drive any nets. (LINT-1)
Warning: In design 'config_candidate_evaluator_MAX_K5_HYBRID_ENTRY_NUM14_ROW_W10_COL_W10_CANDIDATE_W4', cell 'C32246' does not drive any nets. (LINT-1)
Warning: In design 'config_candidate_evaluator_MAX_K5_HYBRID_ENTRY_NUM14_ROW_W10_COL_W10_CANDIDATE_W4', cell 'C32249' does not drive any nets. (LINT-1)
Warning: In design 'config_candidate_evaluator_MAX_K5_HYBRID_ENTRY_NUM14_ROW_W10_COL_W10_CANDIDATE_W4', cell 'C32255' does not drive any nets. (LINT-1)
Warning: In design 'config_candidate_evaluator_MAX_K5_HYBRID_ENTRY_NUM14_ROW_W10_COL_W10_CANDIDATE_W4', cell 'C32259' does not drive any nets. (LINT-1)
Warning: In design 'config_candidate_evaluator_MAX_K5_HYBRID_ENTRY_NUM14_ROW_W10_COL_W10_CANDIDATE_W4', cell 'C32263' does not drive any nets. (LINT-1)
Warning: In design 'config_candidate_evaluator_MAX_K5_HYBRID_ENTRY_NUM14_ROW_W10_COL_W10_CANDIDATE_W4', cell 'C32267' does not drive any nets. (LINT-1)
Warning: In design 'config_candidate_evaluator_MAX_K5_HYBRID_ENTRY_NUM14_ROW_W10_COL_W10_CANDIDATE_W4', cell 'C32269' does not drive any nets. (LINT-1)
Warning: In design 'config_candidate_evaluator_MAX_K5_HYBRID_ENTRY_NUM14_ROW_W10_COL_W10_CANDIDATE_W4', cell 'C32272' does not drive any nets. (LINT-1)
Warning: In design 'config_candidate_evaluator_MAX_K5_HYBRID_ENTRY_NUM14_ROW_W10_COL_W10_CANDIDATE_W4', cell 'C32284' does not drive any nets. (LINT-1)
Warning: In design 'config_candidate_evaluator_MAX_K5_HYBRID_ENTRY_NUM14_ROW_W10_COL_W10_CANDIDATE_W4', cell 'C32288' does not drive any nets. (LINT-1)
Warning: In design 'config_candidate_evaluator_MAX_K5_HYBRID_ENTRY_NUM14_ROW_W10_COL_W10_CANDIDATE_W4', cell 'C32290' does not drive any nets. (LINT-1)
Warning: In design 'config_candidate_evaluator_MAX_K5_HYBRID_ENTRY_NUM14_ROW_W10_COL_W10_CANDIDATE_W4', cell 'C32293' does not drive any nets. (LINT-1)
Warning: In design 'config_candidate_evaluator_MAX_K5_HYBRID_ENTRY_NUM14_ROW_W10_COL_W10_CANDIDATE_W4', cell 'C32294' does not drive any nets. (LINT-1)
Warning: In design 'config_candidate_evaluator_MAX_K5_HYBRID_ENTRY_NUM14_ROW_W10_COL_W10_CANDIDATE_W4', cell 'C32295' does not drive any nets. (LINT-1)
Warning: In design 'config_candidate_evaluator_MAX_K5_HYBRID_ENTRY_NUM14_ROW_W10_COL_W10_CANDIDATE_W4', cell 'C32296' does not drive any nets. (LINT-1)
Warning: In design 'resource_tracker_RS2_CS2_SHARED_ROWS1_SHARED_COLS1_MAX_BORROWS3_TOPOLOGY1_SPARE_WIDTH3_8', cell 'B_11' does not drive any nets. (LINT-1)
Warning: In design 'resource_tracker_RS2_CS2_SHARED_ROWS1_SHARED_COLS1_MAX_BORROWS3_TOPOLOGY1_SPARE_WIDTH3_8', cell 'B_12' does not drive any nets. (LINT-1)
Warning: In design 'resource_tracker_RS2_CS2_SHARED_ROWS1_SHARED_COLS1_MAX_BORROWS3_TOPOLOGY1_SPARE_WIDTH3_8', cell 'B_13' does not drive any nets. (LINT-1)
Warning: In design 'resource_tracker_RS2_CS2_SHARED_ROWS1_SHARED_COLS1_MAX_BORROWS3_TOPOLOGY1_SPARE_WIDTH3_8', cell 'B_14' does not drive any nets. (LINT-1)
Warning: In design 'resource_tracker_RS2_CS2_SHARED_ROWS1_SHARED_COLS1_MAX_BORROWS3_TOPOLOGY1_SPARE_WIDTH3_8', cell 'B_15' does not drive any nets. (LINT-1)
Warning: In design 'resource_tracker_RS2_CS2_SHARED_ROWS1_SHARED_COLS1_MAX_BORROWS3_TOPOLOGY1_SPARE_WIDTH3_8', cell 'B_16' does not drive any nets. (LINT-1)
Warning: In design 'resource_tracker_RS2_CS2_SHARED_ROWS1_SHARED_COLS1_MAX_BORROWS3_TOPOLOGY1_SPARE_WIDTH3_8', cell 'B_17' does not drive any nets. (LINT-1)
Warning: In design 'resource_tracker_RS2_CS2_SHARED_ROWS1_SHARED_COLS1_MAX_BORROWS3_TOPOLOGY1_SPARE_WIDTH3_8', cell 'B_18' does not drive any nets. (LINT-1)
Warning: In design 'repair_decode_with_hybrid_MAX_K5_NUM_CFG7_ENTRY_NUM14_ROW_W10_COL_W10_PATTERN_ID_W4', cell 'B_1657' does not drive any nets. (LINT-1)
Warning: In design 'repair_decode_with_hybrid_MAX_K5_NUM_CFG7_ENTRY_NUM14_ROW_W10_COL_W10_PATTERN_ID_W4', cell 'B_1658' does not drive any nets. (LINT-1)
Warning: In design 'repair_decode_with_hybrid_MAX_K5_NUM_CFG7_ENTRY_NUM14_ROW_W10_COL_W10_PATTERN_ID_W4', cell 'B_1659' does not drive any nets. (LINT-1)
Warning: In design 'repair_decode_with_hybrid_MAX_K5_NUM_CFG7_ENTRY_NUM14_ROW_W10_COL_W10_PATTERN_ID_W4', cell 'C18504' does not drive any nets. (LINT-1)
Warning: In design 'repair_decode_with_hybrid_MAX_K5_NUM_CFG7_ENTRY_NUM14_ROW_W10_COL_W10_PATTERN_ID_W4', cell 'C18510' does not drive any nets. (LINT-1)
Warning: In design 'repair_decode_with_hybrid_MAX_K5_NUM_CFG7_ENTRY_NUM14_ROW_W10_COL_W10_PATTERN_ID_W4', cell 'B_1678' does not drive any nets. (LINT-1)
Warning: In design 'repair_decode_with_hybrid_MAX_K5_NUM_CFG7_ENTRY_NUM14_ROW_W10_COL_W10_PATTERN_ID_W4', cell 'B_1679' does not drive any nets. (LINT-1)
Warning: In design 'repair_decode_with_hybrid_MAX_K5_NUM_CFG7_ENTRY_NUM14_ROW_W10_COL_W10_PATTERN_ID_W4', cell 'C18590' does not drive any nets. (LINT-1)
Warning: In design 'repair_decode_with_hybrid_MAX_K5_NUM_CFG7_ENTRY_NUM14_ROW_W10_COL_W10_PATTERN_ID_W4', cell 'C18596' does not drive any nets. (LINT-1)
Warning: In design 'repair_decode_with_hybrid_MAX_K5_NUM_CFG7_ENTRY_NUM14_ROW_W10_COL_W10_PATTERN_ID_W4', cell 'B_1696' does not drive any nets. (LINT-1)
Warning: In design 'repair_decode_with_hybrid_MAX_K5_NUM_CFG7_ENTRY_NUM14_ROW_W10_COL_W10_PATTERN_ID_W4', cell 'B_1697' does not drive any nets. (LINT-1)
Warning: In design 'repair_decode_with_hybrid_MAX_K5_NUM_CFG7_ENTRY_NUM14_ROW_W10_COL_W10_PATTERN_ID_W4', cell 'C18676' does not drive any nets. (LINT-1)
Warning: In design 'repair_decode_with_hybrid_MAX_K5_NUM_CFG7_ENTRY_NUM14_ROW_W10_COL_W10_PATTERN_ID_W4', cell 'C18682' does not drive any nets. (LINT-1)
Warning: In design 'repair_decode_with_hybrid_MAX_K5_NUM_CFG7_ENTRY_NUM14_ROW_W10_COL_W10_PATTERN_ID_W4', cell 'B_1714' does not drive any nets. (LINT-1)
Warning: In design 'repair_decode_with_hybrid_MAX_K5_NUM_CFG7_ENTRY_NUM14_ROW_W10_COL_W10_PATTERN_ID_W4', cell 'B_1715' does not drive any nets. (LINT-1)
Warning: In design 'repair_decode_with_hybrid_MAX_K5_NUM_CFG7_ENTRY_NUM14_ROW_W10_COL_W10_PATTERN_ID_W4', cell 'C18762' does not drive any nets. (LINT-1)
Warning: In design 'repair_decode_with_hybrid_MAX_K5_NUM_CFG7_ENTRY_NUM14_ROW_W10_COL_W10_PATTERN_ID_W4', cell 'C18768' does not drive any nets. (LINT-1)
Warning: In design 'repair_decode_with_hybrid_MAX_K5_NUM_CFG7_ENTRY_NUM14_ROW_W10_COL_W10_PATTERN_ID_W4', cell 'B_1732' does not drive any nets. (LINT-1)
Warning: In design 'repair_decode_with_hybrid_MAX_K5_NUM_CFG7_ENTRY_NUM14_ROW_W10_COL_W10_PATTERN_ID_W4', cell 'B_1733' does not drive any nets. (LINT-1)
Warning: In design 'repair_decode_with_hybrid_MAX_K5_NUM_CFG7_ENTRY_NUM14_ROW_W10_COL_W10_PATTERN_ID_W4', cell 'C18848' does not drive any nets. (LINT-1)
Warning: In design 'repair_decode_with_hybrid_MAX_K5_NUM_CFG7_ENTRY_NUM14_ROW_W10_COL_W10_PATTERN_ID_W4', cell 'C18854' does not drive any nets. (LINT-1)
Warning: In design 'repair_decode_with_hybrid_MAX_K5_NUM_CFG7_ENTRY_NUM14_ROW_W10_COL_W10_PATTERN_ID_W4', cell 'B_1750' does not drive any nets. (LINT-1)
Warning: In design 'repair_decode_with_hybrid_MAX_K5_NUM_CFG7_ENTRY_NUM14_ROW_W10_COL_W10_PATTERN_ID_W4', cell 'B_1751' does not drive any nets. (LINT-1)
Warning: In design 'repair_decode_with_hybrid_MAX_K5_NUM_CFG7_ENTRY_NUM14_ROW_W10_COL_W10_PATTERN_ID_W4', cell 'C18934' does not drive any nets. (LINT-1)
Warning: In design 'repair_decode_with_hybrid_MAX_K5_NUM_CFG7_ENTRY_NUM14_ROW_W10_COL_W10_PATTERN_ID_W4', cell 'C18940' does not drive any nets. (LINT-1)
Warning: In design 'repair_decode_with_hybrid_MAX_K5_NUM_CFG7_ENTRY_NUM14_ROW_W10_COL_W10_PATTERN_ID_W4', cell 'B_1768' does not drive any nets. (LINT-1)
Warning: In design 'repair_decode_with_hybrid_MAX_K5_NUM_CFG7_ENTRY_NUM14_ROW_W10_COL_W10_PATTERN_ID_W4', cell 'B_1769' does not drive any nets. (LINT-1)
Warning: In design 'repair_decode_with_hybrid_MAX_K5_NUM_CFG7_ENTRY_NUM14_ROW_W10_COL_W10_PATTERN_ID_W4', cell 'C19020' does not drive any nets. (LINT-1)
Warning: In design 'repair_decode_with_hybrid_MAX_K5_NUM_CFG7_ENTRY_NUM14_ROW_W10_COL_W10_PATTERN_ID_W4', cell 'C19026' does not drive any nets. (LINT-1)
Warning: In design 'repair_decode_with_hybrid_MAX_K5_NUM_CFG7_ENTRY_NUM14_ROW_W10_COL_W10_PATTERN_ID_W4', cell 'B_1786' does not drive any nets. (LINT-1)
Warning: In design 'repair_decode_with_hybrid_MAX_K5_NUM_CFG7_ENTRY_NUM14_ROW_W10_COL_W10_PATTERN_ID_W4', cell 'B_1787' does not drive any nets. (LINT-1)
Warning: In design 'repair_decode_with_hybrid_MAX_K5_NUM_CFG7_ENTRY_NUM14_ROW_W10_COL_W10_PATTERN_ID_W4', cell 'C19106' does not drive any nets. (LINT-1)
Warning: In design 'repair_decode_with_hybrid_MAX_K5_NUM_CFG7_ENTRY_NUM14_ROW_W10_COL_W10_PATTERN_ID_W4', cell 'C19112' does not drive any nets. (LINT-1)
Warning: In design 'repair_decode_with_hybrid_MAX_K5_NUM_CFG7_ENTRY_NUM14_ROW_W10_COL_W10_PATTERN_ID_W4', cell 'B_1804' does not drive any nets. (LINT-1)
Warning: In design 'repair_decode_with_hybrid_MAX_K5_NUM_CFG7_ENTRY_NUM14_ROW_W10_COL_W10_PATTERN_ID_W4', cell 'B_1805' does not drive any nets. (LINT-1)
Warning: In design 'repair_decode_with_hybrid_MAX_K5_NUM_CFG7_ENTRY_NUM14_ROW_W10_COL_W10_PATTERN_ID_W4', cell 'C19192' does not drive any nets. (LINT-1)
Warning: In design 'repair_decode_with_hybrid_MAX_K5_NUM_CFG7_ENTRY_NUM14_ROW_W10_COL_W10_PATTERN_ID_W4', cell 'C19198' does not drive any nets. (LINT-1)
Warning: In design 'repair_decode_with_hybrid_MAX_K5_NUM_CFG7_ENTRY_NUM14_ROW_W10_COL_W10_PATTERN_ID_W4', cell 'B_1822' does not drive any nets. (LINT-1)
Warning: In design 'repair_decode_with_hybrid_MAX_K5_NUM_CFG7_ENTRY_NUM14_ROW_W10_COL_W10_PATTERN_ID_W4', cell 'B_1823' does not drive any nets. (LINT-1)
Warning: In design 'repair_decode_with_hybrid_MAX_K5_NUM_CFG7_ENTRY_NUM14_ROW_W10_COL_W10_PATTERN_ID_W4', cell 'C19278' does not drive any nets. (LINT-1)
Warning: In design 'repair_decode_with_hybrid_MAX_K5_NUM_CFG7_ENTRY_NUM14_ROW_W10_COL_W10_PATTERN_ID_W4', cell 'C19284' does not drive any nets. (LINT-1)
Warning: In design 'repair_decode_with_hybrid_MAX_K5_NUM_CFG7_ENTRY_NUM14_ROW_W10_COL_W10_PATTERN_ID_W4', cell 'B_1840' does not drive any nets. (LINT-1)
Warning: In design 'repair_decode_with_hybrid_MAX_K5_NUM_CFG7_ENTRY_NUM14_ROW_W10_COL_W10_PATTERN_ID_W4', cell 'B_1841' does not drive any nets. (LINT-1)
Warning: In design 'repair_decode_with_hybrid_MAX_K5_NUM_CFG7_ENTRY_NUM14_ROW_W10_COL_W10_PATTERN_ID_W4', cell 'C19364' does not drive any nets. (LINT-1)
Warning: In design 'repair_decode_with_hybrid_MAX_K5_NUM_CFG7_ENTRY_NUM14_ROW_W10_COL_W10_PATTERN_ID_W4', cell 'C19370' does not drive any nets. (LINT-1)
Warning: In design 'repair_decode_with_hybrid_MAX_K5_NUM_CFG7_ENTRY_NUM14_ROW_W10_COL_W10_PATTERN_ID_W4', cell 'B_1858' does not drive any nets. (LINT-1)
Warning: In design 'repair_decode_with_hybrid_MAX_K5_NUM_CFG7_ENTRY_NUM14_ROW_W10_COL_W10_PATTERN_ID_W4', cell 'B_1859' does not drive any nets. (LINT-1)
Warning: In design 'repair_decode_with_hybrid_MAX_K5_NUM_CFG7_ENTRY_NUM14_ROW_W10_COL_W10_PATTERN_ID_W4', cell 'C19450' does not drive any nets. (LINT-1)
Warning: In design 'repair_decode_with_hybrid_MAX_K5_NUM_CFG7_ENTRY_NUM14_ROW_W10_COL_W10_PATTERN_ID_W4', cell 'C19456' does not drive any nets. (LINT-1)
Warning: In design 'repair_decode_with_hybrid_MAX_K5_NUM_CFG7_ENTRY_NUM14_ROW_W10_COL_W10_PATTERN_ID_W4', cell 'B_1876' does not drive any nets. (LINT-1)
Warning: In design 'repair_decode_with_hybrid_MAX_K5_NUM_CFG7_ENTRY_NUM14_ROW_W10_COL_W10_PATTERN_ID_W4', cell 'B_1877' does not drive any nets. (LINT-1)
Warning: In design 'repair_decode_with_hybrid_MAX_K5_NUM_CFG7_ENTRY_NUM14_ROW_W10_COL_W10_PATTERN_ID_W4', cell 'C19544' does not drive any nets. (LINT-1)
Warning: In design 'repair_decode_with_hybrid_MAX_K5_NUM_CFG7_ENTRY_NUM14_ROW_W10_COL_W10_PATTERN_ID_W4', cell 'C19550' does not drive any nets. (LINT-1)
Warning: In design 'repair_decode_with_hybrid_MAX_K5_NUM_CFG7_ENTRY_NUM14_ROW_W10_COL_W10_PATTERN_ID_W4', cell 'B_1894' does not drive any nets. (LINT-1)
Warning: In design 'repair_decode_with_hybrid_MAX_K5_NUM_CFG7_ENTRY_NUM14_ROW_W10_COL_W10_PATTERN_ID_W4', cell 'B_1895' does not drive any nets. (LINT-1)
Warning: In design 'repair_decode_with_hybrid_MAX_K5_NUM_CFG7_ENTRY_NUM14_ROW_W10_COL_W10_PATTERN_ID_W4', cell 'C19637' does not drive any nets. (LINT-1)
Warning: In design 'repair_decode_with_hybrid_MAX_K5_NUM_CFG7_ENTRY_NUM14_ROW_W10_COL_W10_PATTERN_ID_W4', cell 'C19643' does not drive any nets. (LINT-1)
Warning: In design 'repair_decode_with_hybrid_MAX_K5_NUM_CFG7_ENTRY_NUM14_ROW_W10_COL_W10_PATTERN_ID_W4', cell 'C19679' does not drive any nets. (LINT-1)
Warning: In design 'repair_decode_with_hybrid_MAX_K5_NUM_CFG7_ENTRY_NUM14_ROW_W10_COL_W10_PATTERN_ID_W4', cell 'C19682' does not drive any nets. (LINT-1)
Warning: In design 'repair_decode_with_hybrid_MAX_K5_NUM_CFG7_ENTRY_NUM14_ROW_W10_COL_W10_PATTERN_ID_W4', cell 'C19685' does not drive any nets. (LINT-1)
Warning: In design 'repair_decode_with_hybrid_MAX_K5_NUM_CFG7_ENTRY_NUM14_ROW_W10_COL_W10_PATTERN_ID_W4', cell 'C19688' does not drive any nets. (LINT-1)
Warning: In design 'repair_decode_with_hybrid_MAX_K5_NUM_CFG7_ENTRY_NUM14_ROW_W10_COL_W10_PATTERN_ID_W4', cell 'C19691' does not drive any nets. (LINT-1)
Warning: In design 'repair_decode_with_hybrid_MAX_K5_NUM_CFG7_ENTRY_NUM14_ROW_W10_COL_W10_PATTERN_ID_W4', cell 'C19721' does not drive any nets. (LINT-1)
Warning: In design 'repair_decode_with_hybrid_MAX_K5_NUM_CFG7_ENTRY_NUM14_ROW_W10_COL_W10_PATTERN_ID_W4', cell 'C19724' does not drive any nets. (LINT-1)
Warning: In design 'repair_decode_with_hybrid_MAX_K5_NUM_CFG7_ENTRY_NUM14_ROW_W10_COL_W10_PATTERN_ID_W4', cell 'C19727' does not drive any nets. (LINT-1)
Warning: In design 'repair_decode_with_hybrid_MAX_K5_NUM_CFG7_ENTRY_NUM14_ROW_W10_COL_W10_PATTERN_ID_W4', cell 'C19730' does not drive any nets. (LINT-1)
Warning: In design 'repair_decode_with_hybrid_MAX_K5_NUM_CFG7_ENTRY_NUM14_ROW_W10_COL_W10_PATTERN_ID_W4', cell 'C19733' does not drive any nets. (LINT-1)
Warning: In design 'repair_decode_with_hybrid_MAX_K5_NUM_CFG7_ENTRY_NUM14_ROW_W10_COL_W10_PATTERN_ID_W4', cell 'C19763' does not drive any nets. (LINT-1)
Warning: In design 'repair_decode_with_hybrid_MAX_K5_NUM_CFG7_ENTRY_NUM14_ROW_W10_COL_W10_PATTERN_ID_W4', cell 'C19766' does not drive any nets. (LINT-1)
Warning: In design 'repair_decode_with_hybrid_MAX_K5_NUM_CFG7_ENTRY_NUM14_ROW_W10_COL_W10_PATTERN_ID_W4', cell 'C19769' does not drive any nets. (LINT-1)
Warning: In design 'repair_decode_with_hybrid_MAX_K5_NUM_CFG7_ENTRY_NUM14_ROW_W10_COL_W10_PATTERN_ID_W4', cell 'C19772' does not drive any nets. (LINT-1)
Warning: In design 'repair_decode_with_hybrid_MAX_K5_NUM_CFG7_ENTRY_NUM14_ROW_W10_COL_W10_PATTERN_ID_W4', cell 'C19775' does not drive any nets. (LINT-1)
Warning: In design 'repair_decode_with_hybrid_MAX_K5_NUM_CFG7_ENTRY_NUM14_ROW_W10_COL_W10_PATTERN_ID_W4', cell 'C19805' does not drive any nets. (LINT-1)
Warning: In design 'repair_decode_with_hybrid_MAX_K5_NUM_CFG7_ENTRY_NUM14_ROW_W10_COL_W10_PATTERN_ID_W4', cell 'C19808' does not drive any nets. (LINT-1)
Warning: In design 'repair_decode_with_hybrid_MAX_K5_NUM_CFG7_ENTRY_NUM14_ROW_W10_COL_W10_PATTERN_ID_W4', cell 'C19811' does not drive any nets. (LINT-1)
Warning: In design 'repair_decode_with_hybrid_MAX_K5_NUM_CFG7_ENTRY_NUM14_ROW_W10_COL_W10_PATTERN_ID_W4', cell 'C19814' does not drive any nets. (LINT-1)
Warning: In design 'repair_decode_with_hybrid_MAX_K5_NUM_CFG7_ENTRY_NUM14_ROW_W10_COL_W10_PATTERN_ID_W4', cell 'C19817' does not drive any nets. (LINT-1)
Warning: In design 'repair_decode_with_hybrid_MAX_K5_NUM_CFG7_ENTRY_NUM14_ROW_W10_COL_W10_PATTERN_ID_W4', cell 'C19847' does not drive any nets. (LINT-1)
Warning: In design 'repair_decode_with_hybrid_MAX_K5_NUM_CFG7_ENTRY_NUM14_ROW_W10_COL_W10_PATTERN_ID_W4', cell 'C19850' does not drive any nets. (LINT-1)
Warning: In design 'repair_decode_with_hybrid_MAX_K5_NUM_CFG7_ENTRY_NUM14_ROW_W10_COL_W10_PATTERN_ID_W4', cell 'C19853' does not drive any nets. (LINT-1)
Warning: In design 'repair_decode_with_hybrid_MAX_K5_NUM_CFG7_ENTRY_NUM14_ROW_W10_COL_W10_PATTERN_ID_W4', cell 'C19856' does not drive any nets. (LINT-1)
Warning: In design 'repair_decode_with_hybrid_MAX_K5_NUM_CFG7_ENTRY_NUM14_ROW_W10_COL_W10_PATTERN_ID_W4', cell 'C19859' does not drive any nets. (LINT-1)
Warning: In design 'repair_decode_with_hybrid_MAX_K5_NUM_CFG7_ENTRY_NUM14_ROW_W10_COL_W10_PATTERN_ID_W4', cell 'C19889' does not drive any nets. (LINT-1)
Warning: In design 'repair_decode_with_hybrid_MAX_K5_NUM_CFG7_ENTRY_NUM14_ROW_W10_COL_W10_PATTERN_ID_W4', cell 'C19892' does not drive any nets. (LINT-1)
Warning: In design 'repair_decode_with_hybrid_MAX_K5_NUM_CFG7_ENTRY_NUM14_ROW_W10_COL_W10_PATTERN_ID_W4', cell 'C19895' does not drive any nets. (LINT-1)
Warning: In design 'repair_decode_with_hybrid_MAX_K5_NUM_CFG7_ENTRY_NUM14_ROW_W10_COL_W10_PATTERN_ID_W4', cell 'C19898' does not drive any nets. (LINT-1)
Warning: In design 'repair_decode_with_hybrid_MAX_K5_NUM_CFG7_ENTRY_NUM14_ROW_W10_COL_W10_PATTERN_ID_W4', cell 'C19901' does not drive any nets. (LINT-1)
Warning: In design 'repair_decode_with_hybrid_MAX_K5_NUM_CFG7_ENTRY_NUM14_ROW_W10_COL_W10_PATTERN_ID_W4', cell 'C19931' does not drive any nets. (LINT-1)
Warning: In design 'repair_decode_with_hybrid_MAX_K5_NUM_CFG7_ENTRY_NUM14_ROW_W10_COL_W10_PATTERN_ID_W4', cell 'C19934' does not drive any nets. (LINT-1)
Warning: In design 'repair_decode_with_hybrid_MAX_K5_NUM_CFG7_ENTRY_NUM14_ROW_W10_COL_W10_PATTERN_ID_W4', cell 'C19937' does not drive any nets. (LINT-1)
Warning: In design 'repair_decode_with_hybrid_MAX_K5_NUM_CFG7_ENTRY_NUM14_ROW_W10_COL_W10_PATTERN_ID_W4', cell 'C19940' does not drive any nets. (LINT-1)
Warning: In design 'repair_decode_with_hybrid_MAX_K5_NUM_CFG7_ENTRY_NUM14_ROW_W10_COL_W10_PATTERN_ID_W4', cell 'C19943' does not drive any nets. (LINT-1)
Warning: In design 'repair_decode_with_hybrid_MAX_K5_NUM_CFG7_ENTRY_NUM14_ROW_W10_COL_W10_PATTERN_ID_W4', cell 'C19973' does not drive any nets. (LINT-1)
Warning: In design 'repair_decode_with_hybrid_MAX_K5_NUM_CFG7_ENTRY_NUM14_ROW_W10_COL_W10_PATTERN_ID_W4', cell 'C19976' does not drive any nets. (LINT-1)
Warning: In design 'repair_decode_with_hybrid_MAX_K5_NUM_CFG7_ENTRY_NUM14_ROW_W10_COL_W10_PATTERN_ID_W4', cell 'C19979' does not drive any nets. (LINT-1)
Warning: In design 'repair_decode_with_hybrid_MAX_K5_NUM_CFG7_ENTRY_NUM14_ROW_W10_COL_W10_PATTERN_ID_W4', cell 'C19982' does not drive any nets. (LINT-1)
Warning: In design 'repair_decode_with_hybrid_MAX_K5_NUM_CFG7_ENTRY_NUM14_ROW_W10_COL_W10_PATTERN_ID_W4', cell 'C19985' does not drive any nets. (LINT-1)
Warning: In design 'repair_decode_with_hybrid_MAX_K5_NUM_CFG7_ENTRY_NUM14_ROW_W10_COL_W10_PATTERN_ID_W4', cell 'C20015' does not drive any nets. (LINT-1)
Warning: In design 'repair_decode_with_hybrid_MAX_K5_NUM_CFG7_ENTRY_NUM14_ROW_W10_COL_W10_PATTERN_ID_W4', cell 'C20018' does not drive any nets. (LINT-1)
Warning: In design 'repair_decode_with_hybrid_MAX_K5_NUM_CFG7_ENTRY_NUM14_ROW_W10_COL_W10_PATTERN_ID_W4', cell 'C20021' does not drive any nets. (LINT-1)
Warning: In design 'repair_decode_with_hybrid_MAX_K5_NUM_CFG7_ENTRY_NUM14_ROW_W10_COL_W10_PATTERN_ID_W4', cell 'C20024' does not drive any nets. (LINT-1)
Warning: In design 'repair_decode_with_hybrid_MAX_K5_NUM_CFG7_ENTRY_NUM14_ROW_W10_COL_W10_PATTERN_ID_W4', cell 'C20027' does not drive any nets. (LINT-1)
Warning: In design 'repair_decode_with_hybrid_MAX_K5_NUM_CFG7_ENTRY_NUM14_ROW_W10_COL_W10_PATTERN_ID_W4', cell 'C20057' does not drive any nets. (LINT-1)
Warning: In design 'repair_decode_with_hybrid_MAX_K5_NUM_CFG7_ENTRY_NUM14_ROW_W10_COL_W10_PATTERN_ID_W4', cell 'C20060' does not drive any nets. (LINT-1)
Warning: In design 'repair_decode_with_hybrid_MAX_K5_NUM_CFG7_ENTRY_NUM14_ROW_W10_COL_W10_PATTERN_ID_W4', cell 'C20063' does not drive any nets. (LINT-1)
Warning: In design 'repair_decode_with_hybrid_MAX_K5_NUM_CFG7_ENTRY_NUM14_ROW_W10_COL_W10_PATTERN_ID_W4', cell 'C20066' does not drive any nets. (LINT-1)
Warning: In design 'repair_decode_with_hybrid_MAX_K5_NUM_CFG7_ENTRY_NUM14_ROW_W10_COL_W10_PATTERN_ID_W4', cell 'C20069' does not drive any nets. (LINT-1)
Warning: In design 'repair_decode_with_hybrid_MAX_K5_NUM_CFG7_ENTRY_NUM14_ROW_W10_COL_W10_PATTERN_ID_W4', cell 'C20099' does not drive any nets. (LINT-1)
Warning: In design 'repair_decode_with_hybrid_MAX_K5_NUM_CFG7_ENTRY_NUM14_ROW_W10_COL_W10_PATTERN_ID_W4', cell 'C20102' does not drive any nets. (LINT-1)
Warning: In design 'repair_decode_with_hybrid_MAX_K5_NUM_CFG7_ENTRY_NUM14_ROW_W10_COL_W10_PATTERN_ID_W4', cell 'C20105' does not drive any nets. (LINT-1)
Warning: In design 'repair_decode_with_hybrid_MAX_K5_NUM_CFG7_ENTRY_NUM14_ROW_W10_COL_W10_PATTERN_ID_W4', cell 'C20108' does not drive any nets. (LINT-1)
Warning: In design 'repair_decode_with_hybrid_MAX_K5_NUM_CFG7_ENTRY_NUM14_ROW_W10_COL_W10_PATTERN_ID_W4', cell 'C20111' does not drive any nets. (LINT-1)
Warning: In design 'repair_decode_with_hybrid_MAX_K5_NUM_CFG7_ENTRY_NUM14_ROW_W10_COL_W10_PATTERN_ID_W4', cell 'C20141' does not drive any nets. (LINT-1)
Warning: In design 'repair_decode_with_hybrid_MAX_K5_NUM_CFG7_ENTRY_NUM14_ROW_W10_COL_W10_PATTERN_ID_W4', cell 'C20144' does not drive any nets. (LINT-1)
Warning: In design 'repair_decode_with_hybrid_MAX_K5_NUM_CFG7_ENTRY_NUM14_ROW_W10_COL_W10_PATTERN_ID_W4', cell 'C20147' does not drive any nets. (LINT-1)
Warning: In design 'repair_decode_with_hybrid_MAX_K5_NUM_CFG7_ENTRY_NUM14_ROW_W10_COL_W10_PATTERN_ID_W4', cell 'C20150' does not drive any nets. (LINT-1)
Warning: In design 'repair_decode_with_hybrid_MAX_K5_NUM_CFG7_ENTRY_NUM14_ROW_W10_COL_W10_PATTERN_ID_W4', cell 'C20153' does not drive any nets. (LINT-1)
Warning: In design 'repair_decode_with_hybrid_MAX_K5_NUM_CFG7_ENTRY_NUM14_ROW_W10_COL_W10_PATTERN_ID_W4', cell 'C20183' does not drive any nets. (LINT-1)
Warning: In design 'repair_decode_with_hybrid_MAX_K5_NUM_CFG7_ENTRY_NUM14_ROW_W10_COL_W10_PATTERN_ID_W4', cell 'C20186' does not drive any nets. (LINT-1)
Warning: In design 'repair_decode_with_hybrid_MAX_K5_NUM_CFG7_ENTRY_NUM14_ROW_W10_COL_W10_PATTERN_ID_W4', cell 'C20189' does not drive any nets. (LINT-1)
Warning: In design 'repair_decode_with_hybrid_MAX_K5_NUM_CFG7_ENTRY_NUM14_ROW_W10_COL_W10_PATTERN_ID_W4', cell 'C20192' does not drive any nets. (LINT-1)
Warning: In design 'repair_decode_with_hybrid_MAX_K5_NUM_CFG7_ENTRY_NUM14_ROW_W10_COL_W10_PATTERN_ID_W4', cell 'C20195' does not drive any nets. (LINT-1)
Warning: In design 'repair_decode_with_hybrid_MAX_K5_NUM_CFG7_ENTRY_NUM14_ROW_W10_COL_W10_PATTERN_ID_W4', cell 'C20225' does not drive any nets. (LINT-1)
Warning: In design 'repair_decode_with_hybrid_MAX_K5_NUM_CFG7_ENTRY_NUM14_ROW_W10_COL_W10_PATTERN_ID_W4', cell 'C20228' does not drive any nets. (LINT-1)
Warning: In design 'repair_decode_with_hybrid_MAX_K5_NUM_CFG7_ENTRY_NUM14_ROW_W10_COL_W10_PATTERN_ID_W4', cell 'C20231' does not drive any nets. (LINT-1)
Warning: In design 'repair_decode_with_hybrid_MAX_K5_NUM_CFG7_ENTRY_NUM14_ROW_W10_COL_W10_PATTERN_ID_W4', cell 'C20234' does not drive any nets. (LINT-1)
Warning: In design 'repair_decode_with_hybrid_MAX_K5_NUM_CFG7_ENTRY_NUM14_ROW_W10_COL_W10_PATTERN_ID_W4', cell 'C20237' does not drive any nets. (LINT-1)
Warning: In design 'repair_decode_with_hybrid_MAX_K5_NUM_CFG7_ENTRY_NUM14_ROW_W10_COL_W10_PATTERN_ID_W4', cell 'C20267' does not drive any nets. (LINT-1)
Warning: In design 'repair_decode_with_hybrid_MAX_K5_NUM_CFG7_ENTRY_NUM14_ROW_W10_COL_W10_PATTERN_ID_W4', cell 'C20270' does not drive any nets. (LINT-1)
Warning: In design 'repair_decode_with_hybrid_MAX_K5_NUM_CFG7_ENTRY_NUM14_ROW_W10_COL_W10_PATTERN_ID_W4', cell 'C20273' does not drive any nets. (LINT-1)
Warning: In design 'repair_decode_with_hybrid_MAX_K5_NUM_CFG7_ENTRY_NUM14_ROW_W10_COL_W10_PATTERN_ID_W4', cell 'C20276' does not drive any nets. (LINT-1)
Warning: In design 'repair_decode_with_hybrid_MAX_K5_NUM_CFG7_ENTRY_NUM14_ROW_W10_COL_W10_PATTERN_ID_W4', cell 'C20279' does not drive any nets. (LINT-1)
Warning: In design 'repair_decode_with_hybrid_MAX_K5_NUM_CFG7_ENTRY_NUM14_ROW_W10_COL_W10_PATTERN_ID_W4', cell 'C20309' does not drive any nets. (LINT-1)
Warning: In design 'repair_decode_with_hybrid_MAX_K5_NUM_CFG7_ENTRY_NUM14_ROW_W10_COL_W10_PATTERN_ID_W4', cell 'C20312' does not drive any nets. (LINT-1)
Warning: In design 'repair_decode_with_hybrid_MAX_K5_NUM_CFG7_ENTRY_NUM14_ROW_W10_COL_W10_PATTERN_ID_W4', cell 'C20315' does not drive any nets. (LINT-1)
Warning: In design 'repair_decode_with_hybrid_MAX_K5_NUM_CFG7_ENTRY_NUM14_ROW_W10_COL_W10_PATTERN_ID_W4', cell 'C20318' does not drive any nets. (LINT-1)
Warning: In design 'repair_decode_with_hybrid_MAX_K5_NUM_CFG7_ENTRY_NUM14_ROW_W10_COL_W10_PATTERN_ID_W4', cell 'C20321' does not drive any nets. (LINT-1)
Warning: In design 'repair_decode_with_hybrid_MAX_K5_NUM_CFG7_ENTRY_NUM14_ROW_W10_COL_W10_PATTERN_ID_W4', cell 'C20351' does not drive any nets. (LINT-1)
Warning: In design 'repair_decode_with_hybrid_MAX_K5_NUM_CFG7_ENTRY_NUM14_ROW_W10_COL_W10_PATTERN_ID_W4', cell 'C20354' does not drive any nets. (LINT-1)
Warning: In design 'repair_decode_with_hybrid_MAX_K5_NUM_CFG7_ENTRY_NUM14_ROW_W10_COL_W10_PATTERN_ID_W4', cell 'C20357' does not drive any nets. (LINT-1)
Warning: In design 'repair_decode_with_hybrid_MAX_K5_NUM_CFG7_ENTRY_NUM14_ROW_W10_COL_W10_PATTERN_ID_W4', cell 'C20360' does not drive any nets. (LINT-1)
Warning: In design 'repair_decode_with_hybrid_MAX_K5_NUM_CFG7_ENTRY_NUM14_ROW_W10_COL_W10_PATTERN_ID_W4', cell 'C20363' does not drive any nets. (LINT-1)
Warning: In design 'repair_decode_with_hybrid_MAX_K5_NUM_CFG7_ENTRY_NUM14_ROW_W10_COL_W10_PATTERN_ID_W4', cell 'C20393' does not drive any nets. (LINT-1)
Warning: In design 'repair_decode_with_hybrid_MAX_K5_NUM_CFG7_ENTRY_NUM14_ROW_W10_COL_W10_PATTERN_ID_W4', cell 'C20396' does not drive any nets. (LINT-1)
Warning: In design 'repair_decode_with_hybrid_MAX_K5_NUM_CFG7_ENTRY_NUM14_ROW_W10_COL_W10_PATTERN_ID_W4', cell 'C20399' does not drive any nets. (LINT-1)
Warning: In design 'repair_decode_with_hybrid_MAX_K5_NUM_CFG7_ENTRY_NUM14_ROW_W10_COL_W10_PATTERN_ID_W4', cell 'C20402' does not drive any nets. (LINT-1)
Warning: In design 'repair_decode_with_hybrid_MAX_K5_NUM_CFG7_ENTRY_NUM14_ROW_W10_COL_W10_PATTERN_ID_W4', cell 'C20405' does not drive any nets. (LINT-1)
Warning: In design 'repair_decode_with_hybrid_MAX_K5_NUM_CFG7_ENTRY_NUM14_ROW_W10_COL_W10_PATTERN_ID_W4', cell 'C20435' does not drive any nets. (LINT-1)
Warning: In design 'repair_decode_with_hybrid_MAX_K5_NUM_CFG7_ENTRY_NUM14_ROW_W10_COL_W10_PATTERN_ID_W4', cell 'C20438' does not drive any nets. (LINT-1)
Warning: In design 'repair_decode_with_hybrid_MAX_K5_NUM_CFG7_ENTRY_NUM14_ROW_W10_COL_W10_PATTERN_ID_W4', cell 'C20441' does not drive any nets. (LINT-1)
Warning: In design 'repair_decode_with_hybrid_MAX_K5_NUM_CFG7_ENTRY_NUM14_ROW_W10_COL_W10_PATTERN_ID_W4', cell 'C20444' does not drive any nets. (LINT-1)
Warning: In design 'repair_decode_with_hybrid_MAX_K5_NUM_CFG7_ENTRY_NUM14_ROW_W10_COL_W10_PATTERN_ID_W4', cell 'C20447' does not drive any nets. (LINT-1)
Warning: In design 'repair_decode_with_hybrid_MAX_K5_NUM_CFG7_ENTRY_NUM14_ROW_W10_COL_W10_PATTERN_ID_W4', cell 'C20477' does not drive any nets. (LINT-1)
Warning: In design 'repair_decode_with_hybrid_MAX_K5_NUM_CFG7_ENTRY_NUM14_ROW_W10_COL_W10_PATTERN_ID_W4', cell 'C20480' does not drive any nets. (LINT-1)
Warning: In design 'repair_decode_with_hybrid_MAX_K5_NUM_CFG7_ENTRY_NUM14_ROW_W10_COL_W10_PATTERN_ID_W4', cell 'C20483' does not drive any nets. (LINT-1)
Warning: In design 'repair_decode_with_hybrid_MAX_K5_NUM_CFG7_ENTRY_NUM14_ROW_W10_COL_W10_PATTERN_ID_W4', cell 'C20486' does not drive any nets. (LINT-1)
Warning: In design 'repair_decode_with_hybrid_MAX_K5_NUM_CFG7_ENTRY_NUM14_ROW_W10_COL_W10_PATTERN_ID_W4', cell 'C20489' does not drive any nets. (LINT-1)
Warning: In design 'repair_decode_with_hybrid_MAX_K5_NUM_CFG7_ENTRY_NUM14_ROW_W10_COL_W10_PATTERN_ID_W4', cell 'C20519' does not drive any nets. (LINT-1)
Warning: In design 'repair_decode_with_hybrid_MAX_K5_NUM_CFG7_ENTRY_NUM14_ROW_W10_COL_W10_PATTERN_ID_W4', cell 'C20522' does not drive any nets. (LINT-1)
Warning: In design 'repair_decode_with_hybrid_MAX_K5_NUM_CFG7_ENTRY_NUM14_ROW_W10_COL_W10_PATTERN_ID_W4', cell 'C20525' does not drive any nets. (LINT-1)
Warning: In design 'repair_decode_with_hybrid_MAX_K5_NUM_CFG7_ENTRY_NUM14_ROW_W10_COL_W10_PATTERN_ID_W4', cell 'C20528' does not drive any nets. (LINT-1)
Warning: In design 'repair_decode_with_hybrid_MAX_K5_NUM_CFG7_ENTRY_NUM14_ROW_W10_COL_W10_PATTERN_ID_W4', cell 'C20531' does not drive any nets. (LINT-1)
Warning: In design 'repair_decode_with_hybrid_MAX_K5_NUM_CFG7_ENTRY_NUM14_ROW_W10_COL_W10_PATTERN_ID_W4', cell 'C20561' does not drive any nets. (LINT-1)
Warning: In design 'repair_decode_with_hybrid_MAX_K5_NUM_CFG7_ENTRY_NUM14_ROW_W10_COL_W10_PATTERN_ID_W4', cell 'C20564' does not drive any nets. (LINT-1)
Warning: In design 'repair_decode_with_hybrid_MAX_K5_NUM_CFG7_ENTRY_NUM14_ROW_W10_COL_W10_PATTERN_ID_W4', cell 'C20567' does not drive any nets. (LINT-1)
Warning: In design 'repair_decode_with_hybrid_MAX_K5_NUM_CFG7_ENTRY_NUM14_ROW_W10_COL_W10_PATTERN_ID_W4', cell 'C20570' does not drive any nets. (LINT-1)
Warning: In design 'repair_decode_with_hybrid_MAX_K5_NUM_CFG7_ENTRY_NUM14_ROW_W10_COL_W10_PATTERN_ID_W4', cell 'C20573' does not drive any nets. (LINT-1)
Warning: In design 'repair_decode_with_hybrid_MAX_K5_NUM_CFG7_ENTRY_NUM14_ROW_W10_COL_W10_PATTERN_ID_W4', cell 'C20603' does not drive any nets. (LINT-1)
Warning: In design 'repair_decode_with_hybrid_MAX_K5_NUM_CFG7_ENTRY_NUM14_ROW_W10_COL_W10_PATTERN_ID_W4', cell 'C20606' does not drive any nets. (LINT-1)
Warning: In design 'repair_decode_with_hybrid_MAX_K5_NUM_CFG7_ENTRY_NUM14_ROW_W10_COL_W10_PATTERN_ID_W4', cell 'C20609' does not drive any nets. (LINT-1)
Warning: In design 'repair_decode_with_hybrid_MAX_K5_NUM_CFG7_ENTRY_NUM14_ROW_W10_COL_W10_PATTERN_ID_W4', cell 'C20612' does not drive any nets. (LINT-1)
Warning: In design 'repair_decode_with_hybrid_MAX_K5_NUM_CFG7_ENTRY_NUM14_ROW_W10_COL_W10_PATTERN_ID_W4', cell 'C20615' does not drive any nets. (LINT-1)
Warning: In design 'repair_decode_with_hybrid_MAX_K5_NUM_CFG7_ENTRY_NUM14_ROW_W10_COL_W10_PATTERN_ID_W4', cell 'C20645' does not drive any nets. (LINT-1)
Warning: In design 'repair_decode_with_hybrid_MAX_K5_NUM_CFG7_ENTRY_NUM14_ROW_W10_COL_W10_PATTERN_ID_W4', cell 'C20648' does not drive any nets. (LINT-1)
Warning: In design 'repair_decode_with_hybrid_MAX_K5_NUM_CFG7_ENTRY_NUM14_ROW_W10_COL_W10_PATTERN_ID_W4', cell 'C20651' does not drive any nets. (LINT-1)
Warning: In design 'repair_decode_with_hybrid_MAX_K5_NUM_CFG7_ENTRY_NUM14_ROW_W10_COL_W10_PATTERN_ID_W4', cell 'C20654' does not drive any nets. (LINT-1)
Warning: In design 'repair_decode_with_hybrid_MAX_K5_NUM_CFG7_ENTRY_NUM14_ROW_W10_COL_W10_PATTERN_ID_W4', cell 'C20657' does not drive any nets. (LINT-1)
Warning: In design 'repair_decode_with_hybrid_MAX_K5_NUM_CFG7_ENTRY_NUM14_ROW_W10_COL_W10_PATTERN_ID_W4', cell 'C20687' does not drive any nets. (LINT-1)
Warning: In design 'repair_decode_with_hybrid_MAX_K5_NUM_CFG7_ENTRY_NUM14_ROW_W10_COL_W10_PATTERN_ID_W4', cell 'C20690' does not drive any nets. (LINT-1)
Warning: In design 'repair_decode_with_hybrid_MAX_K5_NUM_CFG7_ENTRY_NUM14_ROW_W10_COL_W10_PATTERN_ID_W4', cell 'C20693' does not drive any nets. (LINT-1)
Warning: In design 'repair_decode_with_hybrid_MAX_K5_NUM_CFG7_ENTRY_NUM14_ROW_W10_COL_W10_PATTERN_ID_W4', cell 'C20696' does not drive any nets. (LINT-1)
Warning: In design 'repair_decode_with_hybrid_MAX_K5_NUM_CFG7_ENTRY_NUM14_ROW_W10_COL_W10_PATTERN_ID_W4', cell 'C20699' does not drive any nets. (LINT-1)
Warning: In design 'repair_decode_with_hybrid_MAX_K5_NUM_CFG7_ENTRY_NUM14_ROW_W10_COL_W10_PATTERN_ID_W4', cell 'C20729' does not drive any nets. (LINT-1)
Warning: In design 'repair_decode_with_hybrid_MAX_K5_NUM_CFG7_ENTRY_NUM14_ROW_W10_COL_W10_PATTERN_ID_W4', cell 'C20732' does not drive any nets. (LINT-1)
Warning: In design 'repair_decode_with_hybrid_MAX_K5_NUM_CFG7_ENTRY_NUM14_ROW_W10_COL_W10_PATTERN_ID_W4', cell 'C20735' does not drive any nets. (LINT-1)
Warning: In design 'repair_decode_with_hybrid_MAX_K5_NUM_CFG7_ENTRY_NUM14_ROW_W10_COL_W10_PATTERN_ID_W4', cell 'C20738' does not drive any nets. (LINT-1)
Warning: In design 'repair_decode_with_hybrid_MAX_K5_NUM_CFG7_ENTRY_NUM14_ROW_W10_COL_W10_PATTERN_ID_W4', cell 'C20741' does not drive any nets. (LINT-1)
Warning: In design 'repair_decode_with_hybrid_MAX_K5_NUM_CFG7_ENTRY_NUM14_ROW_W10_COL_W10_PATTERN_ID_W4', cell 'C20771' does not drive any nets. (LINT-1)
Warning: In design 'repair_decode_with_hybrid_MAX_K5_NUM_CFG7_ENTRY_NUM14_ROW_W10_COL_W10_PATTERN_ID_W4', cell 'C20774' does not drive any nets. (LINT-1)
Warning: In design 'repair_decode_with_hybrid_MAX_K5_NUM_CFG7_ENTRY_NUM14_ROW_W10_COL_W10_PATTERN_ID_W4', cell 'C20777' does not drive any nets. (LINT-1)
Warning: In design 'repair_decode_with_hybrid_MAX_K5_NUM_CFG7_ENTRY_NUM14_ROW_W10_COL_W10_PATTERN_ID_W4', cell 'C20780' does not drive any nets. (LINT-1)
Warning: In design 'repair_decode_with_hybrid_MAX_K5_NUM_CFG7_ENTRY_NUM14_ROW_W10_COL_W10_PATTERN_ID_W4', cell 'C20783' does not drive any nets. (LINT-1)
Warning: In design 'repair_decode_with_hybrid_MAX_K5_NUM_CFG7_ENTRY_NUM14_ROW_W10_COL_W10_PATTERN_ID_W4', cell 'C20813' does not drive any nets. (LINT-1)
Warning: In design 'repair_decode_with_hybrid_MAX_K5_NUM_CFG7_ENTRY_NUM14_ROW_W10_COL_W10_PATTERN_ID_W4', cell 'C20816' does not drive any nets. (LINT-1)
Warning: In design 'repair_decode_with_hybrid_MAX_K5_NUM_CFG7_ENTRY_NUM14_ROW_W10_COL_W10_PATTERN_ID_W4', cell 'C20819' does not drive any nets. (LINT-1)
Warning: In design 'repair_decode_with_hybrid_MAX_K5_NUM_CFG7_ENTRY_NUM14_ROW_W10_COL_W10_PATTERN_ID_W4', cell 'C20822' does not drive any nets. (LINT-1)
Warning: In design 'repair_decode_with_hybrid_MAX_K5_NUM_CFG7_ENTRY_NUM14_ROW_W10_COL_W10_PATTERN_ID_W4', cell 'C20825' does not drive any nets. (LINT-1)
Warning: In design 'repair_decode_with_hybrid_MAX_K5_NUM_CFG7_ENTRY_NUM14_ROW_W10_COL_W10_PATTERN_ID_W4', cell 'C20855' does not drive any nets. (LINT-1)
Warning: In design 'repair_decode_with_hybrid_MAX_K5_NUM_CFG7_ENTRY_NUM14_ROW_W10_COL_W10_PATTERN_ID_W4', cell 'C20858' does not drive any nets. (LINT-1)
Warning: In design 'repair_decode_with_hybrid_MAX_K5_NUM_CFG7_ENTRY_NUM14_ROW_W10_COL_W10_PATTERN_ID_W4', cell 'C20861' does not drive any nets. (LINT-1)
Warning: In design 'repair_decode_with_hybrid_MAX_K5_NUM_CFG7_ENTRY_NUM14_ROW_W10_COL_W10_PATTERN_ID_W4', cell 'C20864' does not drive any nets. (LINT-1)
Warning: In design 'repair_decode_with_hybrid_MAX_K5_NUM_CFG7_ENTRY_NUM14_ROW_W10_COL_W10_PATTERN_ID_W4', cell 'C20867' does not drive any nets. (LINT-1)
Warning: In design 'repair_decode_with_hybrid_MAX_K5_NUM_CFG7_ENTRY_NUM14_ROW_W10_COL_W10_PATTERN_ID_W4', cell 'C20897' does not drive any nets. (LINT-1)
Warning: In design 'repair_decode_with_hybrid_MAX_K5_NUM_CFG7_ENTRY_NUM14_ROW_W10_COL_W10_PATTERN_ID_W4', cell 'C20900' does not drive any nets. (LINT-1)
Warning: In design 'repair_decode_with_hybrid_MAX_K5_NUM_CFG7_ENTRY_NUM14_ROW_W10_COL_W10_PATTERN_ID_W4', cell 'C20903' does not drive any nets. (LINT-1)
Warning: In design 'repair_decode_with_hybrid_MAX_K5_NUM_CFG7_ENTRY_NUM14_ROW_W10_COL_W10_PATTERN_ID_W4', cell 'C20906' does not drive any nets. (LINT-1)
Warning: In design 'repair_decode_with_hybrid_MAX_K5_NUM_CFG7_ENTRY_NUM14_ROW_W10_COL_W10_PATTERN_ID_W4', cell 'C20909' does not drive any nets. (LINT-1)
Warning: In design 'repair_decode_with_hybrid_MAX_K5_NUM_CFG7_ENTRY_NUM14_ROW_W10_COL_W10_PATTERN_ID_W4', cell 'C20939' does not drive any nets. (LINT-1)
Warning: In design 'repair_decode_with_hybrid_MAX_K5_NUM_CFG7_ENTRY_NUM14_ROW_W10_COL_W10_PATTERN_ID_W4', cell 'C20942' does not drive any nets. (LINT-1)
Warning: In design 'repair_decode_with_hybrid_MAX_K5_NUM_CFG7_ENTRY_NUM14_ROW_W10_COL_W10_PATTERN_ID_W4', cell 'C20945' does not drive any nets. (LINT-1)
Warning: In design 'repair_decode_with_hybrid_MAX_K5_NUM_CFG7_ENTRY_NUM14_ROW_W10_COL_W10_PATTERN_ID_W4', cell 'C20948' does not drive any nets. (LINT-1)
Warning: In design 'repair_decode_with_hybrid_MAX_K5_NUM_CFG7_ENTRY_NUM14_ROW_W10_COL_W10_PATTERN_ID_W4', cell 'C20951' does not drive any nets. (LINT-1)
Warning: In design 'repair_decode_with_hybrid_MAX_K5_NUM_CFG7_ENTRY_NUM14_ROW_W10_COL_W10_PATTERN_ID_W4', cell 'C20981' does not drive any nets. (LINT-1)
Warning: In design 'repair_decode_with_hybrid_MAX_K5_NUM_CFG7_ENTRY_NUM14_ROW_W10_COL_W10_PATTERN_ID_W4', cell 'C20984' does not drive any nets. (LINT-1)
Warning: In design 'repair_decode_with_hybrid_MAX_K5_NUM_CFG7_ENTRY_NUM14_ROW_W10_COL_W10_PATTERN_ID_W4', cell 'C20987' does not drive any nets. (LINT-1)
Warning: In design 'repair_decode_with_hybrid_MAX_K5_NUM_CFG7_ENTRY_NUM14_ROW_W10_COL_W10_PATTERN_ID_W4', cell 'C20990' does not drive any nets. (LINT-1)
Warning: In design 'repair_decode_with_hybrid_MAX_K5_NUM_CFG7_ENTRY_NUM14_ROW_W10_COL_W10_PATTERN_ID_W4', cell 'C20993' does not drive any nets. (LINT-1)
Warning: In design 'repair_decode_with_hybrid_MAX_K5_NUM_CFG7_ENTRY_NUM14_ROW_W10_COL_W10_PATTERN_ID_W4', cell 'C21004' does not drive any nets. (LINT-1)
Warning: In design 'repair_decode_with_hybrid_MAX_K5_NUM_CFG7_ENTRY_NUM14_ROW_W10_COL_W10_PATTERN_ID_W4', cell 'C21018' does not drive any nets. (LINT-1)
Warning: In design 'repair_decode_with_hybrid_MAX_K5_NUM_CFG7_ENTRY_NUM14_ROW_W10_COL_W10_PATTERN_ID_W4', cell 'C21032' does not drive any nets. (LINT-1)
Warning: In design 'repair_decode_with_hybrid_MAX_K5_NUM_CFG7_ENTRY_NUM14_ROW_W10_COL_W10_PATTERN_ID_W4', cell 'C21046' does not drive any nets. (LINT-1)
Warning: In design 'repair_decode_with_hybrid_MAX_K5_NUM_CFG7_ENTRY_NUM14_ROW_W10_COL_W10_PATTERN_ID_W4', cell 'C21060' does not drive any nets. (LINT-1)
Warning: In design 'repair_decode_with_hybrid_MAX_K5_NUM_CFG7_ENTRY_NUM14_ROW_W10_COL_W10_PATTERN_ID_W4', cell 'C21065' does not drive any nets. (LINT-1)
Warning: In design 'repair_decode_with_hybrid_MAX_K5_NUM_CFG7_ENTRY_NUM14_ROW_W10_COL_W10_PATTERN_ID_W4', cell 'C21066' does not drive any nets. (LINT-1)
Warning: In design 'repair_decode_with_hybrid_MAX_K5_NUM_CFG7_ENTRY_NUM14_ROW_W10_COL_W10_PATTERN_ID_W4', cell 'C21067' does not drive any nets. (LINT-1)
Warning: In design 'repair_decode_with_hybrid_MAX_K5_NUM_CFG7_ENTRY_NUM14_ROW_W10_COL_W10_PATTERN_ID_W4', cell 'C21068' does not drive any nets. (LINT-1)
Warning: In design 'repair_decode_with_hybrid_MAX_K5_NUM_CFG7_ENTRY_NUM14_ROW_W10_COL_W10_PATTERN_ID_W4', cell 'C21069' does not drive any nets. (LINT-1)
Warning: In design 'repair_decode_with_hybrid_MAX_K5_NUM_CFG7_ENTRY_NUM14_ROW_W10_COL_W10_PATTERN_ID_W4', cell 'C21070' does not drive any nets. (LINT-1)
Warning: In design 'repair_decode_with_hybrid_MAX_K5_NUM_CFG7_ENTRY_NUM14_ROW_W10_COL_W10_PATTERN_ID_W4', cell 'C21071' does not drive any nets. (LINT-1)
Warning: In design 'repair_decode_with_hybrid_MAX_K5_NUM_CFG7_ENTRY_NUM14_ROW_W10_COL_W10_PATTERN_ID_W4', cell 'C21072' does not drive any nets. (LINT-1)
Warning: In design 'repair_decode_with_hybrid_MAX_K5_NUM_CFG7_ENTRY_NUM14_ROW_W10_COL_W10_PATTERN_ID_W4', cell 'C21073' does not drive any nets. (LINT-1)
Warning: In design 'repair_decode_with_hybrid_MAX_K5_NUM_CFG7_ENTRY_NUM14_ROW_W10_COL_W10_PATTERN_ID_W4', cell 'C21074' does not drive any nets. (LINT-1)
Warning: In design 'repair_decode_with_hybrid_MAX_K5_NUM_CFG7_ENTRY_NUM14_ROW_W10_COL_W10_PATTERN_ID_W4', cell 'C21075' does not drive any nets. (LINT-1)
Warning: In design 'repair_decode_with_hybrid_MAX_K5_NUM_CFG7_ENTRY_NUM14_ROW_W10_COL_W10_PATTERN_ID_W4', cell 'C21076' does not drive any nets. (LINT-1)
Warning: In design 'repair_decode_with_hybrid_MAX_K5_NUM_CFG7_ENTRY_NUM14_ROW_W10_COL_W10_PATTERN_ID_W4', cell 'C21077' does not drive any nets. (LINT-1)
Warning: In design 'repair_decode_with_hybrid_MAX_K5_NUM_CFG7_ENTRY_NUM14_ROW_W10_COL_W10_PATTERN_ID_W4', cell 'C21078' does not drive any nets. (LINT-1)
Warning: In design 'repair_decode_with_hybrid_MAX_K5_NUM_CFG7_ENTRY_NUM14_ROW_W10_COL_W10_PATTERN_ID_W4', cell 'C21079' does not drive any nets. (LINT-1)
Warning: In design 'repair_decode_with_hybrid_MAX_K5_NUM_CFG7_ENTRY_NUM14_ROW_W10_COL_W10_PATTERN_ID_W4', cell 'C21080' does not drive any nets. (LINT-1)
Warning: In design 'repair_decode_with_hybrid_MAX_K5_NUM_CFG7_ENTRY_NUM14_ROW_W10_COL_W10_PATTERN_ID_W4', cell 'C21081' does not drive any nets. (LINT-1)
Warning: In design 'repair_decode_with_hybrid_MAX_K5_NUM_CFG7_ENTRY_NUM14_ROW_W10_COL_W10_PATTERN_ID_W4', cell 'C21082' does not drive any nets. (LINT-1)
Warning: In design 'repair_decode_with_hybrid_MAX_K5_NUM_CFG7_ENTRY_NUM14_ROW_W10_COL_W10_PATTERN_ID_W4', cell 'C21083' does not drive any nets. (LINT-1)
Warning: In design 'repair_decode_with_hybrid_MAX_K5_NUM_CFG7_ENTRY_NUM14_ROW_W10_COL_W10_PATTERN_ID_W4', cell 'C21084' does not drive any nets. (LINT-1)
Warning: In design 'repair_decode_with_hybrid_MAX_K5_NUM_CFG7_ENTRY_NUM14_ROW_W10_COL_W10_PATTERN_ID_W4', cell 'C21085' does not drive any nets. (LINT-1)
Warning: In design 'repair_decode_with_hybrid_MAX_K5_NUM_CFG7_ENTRY_NUM14_ROW_W10_COL_W10_PATTERN_ID_W4', cell 'C21086' does not drive any nets. (LINT-1)
Warning: In design 'repair_decode_with_hybrid_MAX_K5_NUM_CFG7_ENTRY_NUM14_ROW_W10_COL_W10_PATTERN_ID_W4', cell 'C21087' does not drive any nets. (LINT-1)
Warning: In design 'repair_decode_with_hybrid_MAX_K5_NUM_CFG7_ENTRY_NUM14_ROW_W10_COL_W10_PATTERN_ID_W4', cell 'C21088' does not drive any nets. (LINT-1)
Warning: In design 'repair_decode_with_hybrid_MAX_K5_NUM_CFG7_ENTRY_NUM14_ROW_W10_COL_W10_PATTERN_ID_W4', cell 'C21089' does not drive any nets. (LINT-1)
Warning: In design 'repair_decode_with_hybrid_MAX_K5_NUM_CFG7_ENTRY_NUM14_ROW_W10_COL_W10_PATTERN_ID_W4', cell 'C21090' does not drive any nets. (LINT-1)
Warning: In design 'repair_decode_with_hybrid_MAX_K5_NUM_CFG7_ENTRY_NUM14_ROW_W10_COL_W10_PATTERN_ID_W4', cell 'C21091' does not drive any nets. (LINT-1)
Warning: In design 'repair_decode_with_hybrid_MAX_K5_NUM_CFG7_ENTRY_NUM14_ROW_W10_COL_W10_PATTERN_ID_W4', cell 'C21092' does not drive any nets. (LINT-1)
Warning: In design 'repair_decode_with_hybrid_MAX_K5_NUM_CFG7_ENTRY_NUM14_ROW_W10_COL_W10_PATTERN_ID_W4', cell 'C21093' does not drive any nets. (LINT-1)
Warning: In design 'repair_decode_with_hybrid_MAX_K5_NUM_CFG7_ENTRY_NUM14_ROW_W10_COL_W10_PATTERN_ID_W4', cell 'C21094' does not drive any nets. (LINT-1)
Warning: In design 'repair_decode_with_hybrid_MAX_K5_NUM_CFG7_ENTRY_NUM14_ROW_W10_COL_W10_PATTERN_ID_W4', cell 'C21095' does not drive any nets. (LINT-1)
Warning: In design 'repair_decode_with_hybrid_MAX_K5_NUM_CFG7_ENTRY_NUM14_ROW_W10_COL_W10_PATTERN_ID_W4', cell 'C21096' does not drive any nets. (LINT-1)
Warning: In design 'repair_decode_with_hybrid_MAX_K5_NUM_CFG7_ENTRY_NUM14_ROW_W10_COL_W10_PATTERN_ID_W4', cell 'C21097' does not drive any nets. (LINT-1)
Warning: In design 'repair_decode_with_hybrid_MAX_K5_NUM_CFG7_ENTRY_NUM14_ROW_W10_COL_W10_PATTERN_ID_W4', cell 'C21098' does not drive any nets. (LINT-1)
Warning: In design 'repair_decode_with_hybrid_MAX_K5_NUM_CFG7_ENTRY_NUM14_ROW_W10_COL_W10_PATTERN_ID_W4', cell 'C21099' does not drive any nets. (LINT-1)
Warning: In design 'repair_decode_with_hybrid_MAX_K5_NUM_CFG7_ENTRY_NUM14_ROW_W10_COL_W10_PATTERN_ID_W4', cell 'C21100' does not drive any nets. (LINT-1)
Warning: In design 'repair_decode_with_hybrid_MAX_K5_NUM_CFG7_ENTRY_NUM14_ROW_W10_COL_W10_PATTERN_ID_W4', cell 'C21101' does not drive any nets. (LINT-1)
Warning: In design 'repair_decode_with_hybrid_MAX_K5_NUM_CFG7_ENTRY_NUM14_ROW_W10_COL_W10_PATTERN_ID_W4', cell 'C21102' does not drive any nets. (LINT-1)
Warning: In design 'repair_decode_with_hybrid_MAX_K5_NUM_CFG7_ENTRY_NUM14_ROW_W10_COL_W10_PATTERN_ID_W4', cell 'C21103' does not drive any nets. (LINT-1)
Warning: In design 'repair_decode_with_hybrid_MAX_K5_NUM_CFG7_ENTRY_NUM14_ROW_W10_COL_W10_PATTERN_ID_W4', cell 'C21104' does not drive any nets. (LINT-1)
Warning: In design 'repair_decode_with_hybrid_MAX_K5_NUM_CFG7_ENTRY_NUM14_ROW_W10_COL_W10_PATTERN_ID_W4', cell 'C21105' does not drive any nets. (LINT-1)
Warning: In design 'repair_decode_with_hybrid_MAX_K5_NUM_CFG7_ENTRY_NUM14_ROW_W10_COL_W10_PATTERN_ID_W4', cell 'C21106' does not drive any nets. (LINT-1)
Warning: In design 'repair_decode_with_hybrid_MAX_K5_NUM_CFG7_ENTRY_NUM14_ROW_W10_COL_W10_PATTERN_ID_W4', cell 'C21107' does not drive any nets. (LINT-1)
Warning: In design 'repair_decode_with_hybrid_MAX_K5_NUM_CFG7_ENTRY_NUM14_ROW_W10_COL_W10_PATTERN_ID_W4', cell 'C21108' does not drive any nets. (LINT-1)
Warning: In design 'repair_decode_with_hybrid_MAX_K5_NUM_CFG7_ENTRY_NUM14_ROW_W10_COL_W10_PATTERN_ID_W4', cell 'C21109' does not drive any nets. (LINT-1)
Warning: In design 'repair_decode_with_hybrid_MAX_K5_NUM_CFG7_ENTRY_NUM14_ROW_W10_COL_W10_PATTERN_ID_W4', cell 'C21110' does not drive any nets. (LINT-1)
Warning: In design 'repair_decode_with_hybrid_MAX_K5_NUM_CFG7_ENTRY_NUM14_ROW_W10_COL_W10_PATTERN_ID_W4', cell 'C21111' does not drive any nets. (LINT-1)
Warning: In design 'repair_decode_with_hybrid_MAX_K5_NUM_CFG7_ENTRY_NUM14_ROW_W10_COL_W10_PATTERN_ID_W4', cell 'C21112' does not drive any nets. (LINT-1)
Warning: In design 'repair_decode_with_hybrid_MAX_K5_NUM_CFG7_ENTRY_NUM14_ROW_W10_COL_W10_PATTERN_ID_W4', cell 'C21113' does not drive any nets. (LINT-1)
Warning: In design 'repair_decode_with_hybrid_MAX_K5_NUM_CFG7_ENTRY_NUM14_ROW_W10_COL_W10_PATTERN_ID_W4', cell 'C21114' does not drive any nets. (LINT-1)
Warning: In design 'repair_decode_with_hybrid_MAX_K5_NUM_CFG7_ENTRY_NUM14_ROW_W10_COL_W10_PATTERN_ID_W4', cell 'C21115' does not drive any nets. (LINT-1)
Warning: In design 'repair_decode_with_hybrid_MAX_K5_NUM_CFG7_ENTRY_NUM14_ROW_W10_COL_W10_PATTERN_ID_W4', cell 'C21116' does not drive any nets. (LINT-1)
Warning: In design 'repair_decode_with_hybrid_MAX_K5_NUM_CFG7_ENTRY_NUM14_ROW_W10_COL_W10_PATTERN_ID_W4', cell 'C21117' does not drive any nets. (LINT-1)
Warning: In design 'repair_decode_with_hybrid_MAX_K5_NUM_CFG7_ENTRY_NUM14_ROW_W10_COL_W10_PATTERN_ID_W4', cell 'C21118' does not drive any nets. (LINT-1)
Warning: In design 'repair_decode_with_hybrid_MAX_K5_NUM_CFG7_ENTRY_NUM14_ROW_W10_COL_W10_PATTERN_ID_W4', cell 'C21119' does not drive any nets. (LINT-1)
Warning: In design 'repair_decode_with_hybrid_MAX_K5_NUM_CFG7_ENTRY_NUM14_ROW_W10_COL_W10_PATTERN_ID_W4', cell 'C21120' does not drive any nets. (LINT-1)
Warning: In design 'repair_decode_with_hybrid_MAX_K5_NUM_CFG7_ENTRY_NUM14_ROW_W10_COL_W10_PATTERN_ID_W4', cell 'C21121' does not drive any nets. (LINT-1)
Warning: In design 'repair_decode_with_hybrid_MAX_K5_NUM_CFG7_ENTRY_NUM14_ROW_W10_COL_W10_PATTERN_ID_W4', cell 'C21122' does not drive any nets. (LINT-1)
Warning: In design 'repair_decode_with_hybrid_MAX_K5_NUM_CFG7_ENTRY_NUM14_ROW_W10_COL_W10_PATTERN_ID_W4', cell 'C21123' does not drive any nets. (LINT-1)
Warning: In design 'repair_decode_with_hybrid_MAX_K5_NUM_CFG7_ENTRY_NUM14_ROW_W10_COL_W10_PATTERN_ID_W4', cell 'C21124' does not drive any nets. (LINT-1)
Warning: In design 'repair_decode_with_hybrid_MAX_K5_NUM_CFG7_ENTRY_NUM14_ROW_W10_COL_W10_PATTERN_ID_W4', cell 'C21125' does not drive any nets. (LINT-1)
Warning: In design 'repair_decode_with_hybrid_MAX_K5_NUM_CFG7_ENTRY_NUM14_ROW_W10_COL_W10_PATTERN_ID_W4', cell 'C21126' does not drive any nets. (LINT-1)
Warning: In design 'repair_decode_with_hybrid_MAX_K5_NUM_CFG7_ENTRY_NUM14_ROW_W10_COL_W10_PATTERN_ID_W4', cell 'C21127' does not drive any nets. (LINT-1)
Warning: In design 'repair_decode_with_hybrid_MAX_K5_NUM_CFG7_ENTRY_NUM14_ROW_W10_COL_W10_PATTERN_ID_W4', cell 'C21128' does not drive any nets. (LINT-1)
Warning: In design 'repair_decode_with_hybrid_MAX_K5_NUM_CFG7_ENTRY_NUM14_ROW_W10_COL_W10_PATTERN_ID_W4', cell 'C21129' does not drive any nets. (LINT-1)
Warning: In design 'repair_decode_with_hybrid_MAX_K5_NUM_CFG7_ENTRY_NUM14_ROW_W10_COL_W10_PATTERN_ID_W4', cell 'C21130' does not drive any nets. (LINT-1)
Warning: In design 'repair_decode_with_hybrid_MAX_K5_NUM_CFG7_ENTRY_NUM14_ROW_W10_COL_W10_PATTERN_ID_W4', cell 'C21131' does not drive any nets. (LINT-1)
Warning: In design 'repair_decode_with_hybrid_MAX_K5_NUM_CFG7_ENTRY_NUM14_ROW_W10_COL_W10_PATTERN_ID_W4', cell 'C21132' does not drive any nets. (LINT-1)
Warning: In design 'repair_decode_with_hybrid_MAX_K5_NUM_CFG7_ENTRY_NUM14_ROW_W10_COL_W10_PATTERN_ID_W4', cell 'C21133' does not drive any nets. (LINT-1)
Warning: In design 'repair_decode_with_hybrid_MAX_K5_NUM_CFG7_ENTRY_NUM14_ROW_W10_COL_W10_PATTERN_ID_W4', cell 'C21134' does not drive any nets. (LINT-1)
Warning: In design 'repair_decode_with_hybrid_MAX_K5_NUM_CFG7_ENTRY_NUM14_ROW_W10_COL_W10_PATTERN_ID_W4', cell 'C21135' does not drive any nets. (LINT-1)
Warning: In design 'repair_decode_with_hybrid_MAX_K5_NUM_CFG7_ENTRY_NUM14_ROW_W10_COL_W10_PATTERN_ID_W4', cell 'C21136' does not drive any nets. (LINT-1)
Warning: In design 'repair_decode_with_hybrid_MAX_K5_NUM_CFG7_ENTRY_NUM14_ROW_W10_COL_W10_PATTERN_ID_W4', cell 'C21137' does not drive any nets. (LINT-1)
Warning: In design 'repair_decode_with_hybrid_MAX_K5_NUM_CFG7_ENTRY_NUM14_ROW_W10_COL_W10_PATTERN_ID_W4', cell 'C21138' does not drive any nets. (LINT-1)
Warning: In design 'repair_decode_with_hybrid_MAX_K5_NUM_CFG7_ENTRY_NUM14_ROW_W10_COL_W10_PATTERN_ID_W4', cell 'C21139' does not drive any nets. (LINT-1)
Warning: In design 'repair_decode_with_hybrid_MAX_K5_NUM_CFG7_ENTRY_NUM14_ROW_W10_COL_W10_PATTERN_ID_W4', cell 'C21140' does not drive any nets. (LINT-1)
Warning: In design 'repair_decode_with_hybrid_MAX_K5_NUM_CFG7_ENTRY_NUM14_ROW_W10_COL_W10_PATTERN_ID_W4', cell 'C21141' does not drive any nets. (LINT-1)
Warning: In design 'repair_decode_with_hybrid_MAX_K5_NUM_CFG7_ENTRY_NUM14_ROW_W10_COL_W10_PATTERN_ID_W4', cell 'C21142' does not drive any nets. (LINT-1)
Warning: In design 'repair_decode_with_hybrid_MAX_K5_NUM_CFG7_ENTRY_NUM14_ROW_W10_COL_W10_PATTERN_ID_W4', cell 'C21143' does not drive any nets. (LINT-1)
Warning: In design 'repair_decode_with_hybrid_MAX_K5_NUM_CFG7_ENTRY_NUM14_ROW_W10_COL_W10_PATTERN_ID_W4', cell 'C21144' does not drive any nets. (LINT-1)
Warning: In design 'repair_decode_with_hybrid_MAX_K5_NUM_CFG7_ENTRY_NUM14_ROW_W10_COL_W10_PATTERN_ID_W4', cell 'C21145' does not drive any nets. (LINT-1)
Warning: In design 'repair_decode_with_hybrid_MAX_K5_NUM_CFG7_ENTRY_NUM14_ROW_W10_COL_W10_PATTERN_ID_W4', cell 'C21146' does not drive any nets. (LINT-1)
Warning: In design 'repair_decode_with_hybrid_MAX_K5_NUM_CFG7_ENTRY_NUM14_ROW_W10_COL_W10_PATTERN_ID_W4', cell 'C21147' does not drive any nets. (LINT-1)
Warning: In design 'repair_decode_with_hybrid_MAX_K5_NUM_CFG7_ENTRY_NUM14_ROW_W10_COL_W10_PATTERN_ID_W4', cell 'C21148' does not drive any nets. (LINT-1)
Warning: In design 'repair_decode_with_hybrid_MAX_K5_NUM_CFG7_ENTRY_NUM14_ROW_W10_COL_W10_PATTERN_ID_W4', cell 'C21149' does not drive any nets. (LINT-1)
Warning: In design 'repair_decode_with_hybrid_MAX_K5_NUM_CFG7_ENTRY_NUM14_ROW_W10_COL_W10_PATTERN_ID_W4', cell 'C21150' does not drive any nets. (LINT-1)
Warning: In design 'repair_decode_with_hybrid_MAX_K5_NUM_CFG7_ENTRY_NUM14_ROW_W10_COL_W10_PATTERN_ID_W4', cell 'C21151' does not drive any nets. (LINT-1)
Warning: In design 'repair_decode_with_hybrid_MAX_K5_NUM_CFG7_ENTRY_NUM14_ROW_W10_COL_W10_PATTERN_ID_W4', cell 'C21152' does not drive any nets. (LINT-1)
Warning: In design 'repair_decode_with_hybrid_MAX_K5_NUM_CFG7_ENTRY_NUM14_ROW_W10_COL_W10_PATTERN_ID_W4', cell 'C21153' does not drive any nets. (LINT-1)
Warning: In design 'repair_decode_with_hybrid_MAX_K5_NUM_CFG7_ENTRY_NUM14_ROW_W10_COL_W10_PATTERN_ID_W4', cell 'C21154' does not drive any nets. (LINT-1)
Warning: In design 'repair_decode_with_hybrid_MAX_K5_NUM_CFG7_ENTRY_NUM14_ROW_W10_COL_W10_PATTERN_ID_W4', cell 'C21155' does not drive any nets. (LINT-1)
Warning: In design 'repair_decode_with_hybrid_MAX_K5_NUM_CFG7_ENTRY_NUM14_ROW_W10_COL_W10_PATTERN_ID_W4', cell 'C21156' does not drive any nets. (LINT-1)
Warning: In design 'repair_decode_with_hybrid_MAX_K5_NUM_CFG7_ENTRY_NUM14_ROW_W10_COL_W10_PATTERN_ID_W4', cell 'C21157' does not drive any nets. (LINT-1)
Warning: In design 'repair_decode_with_hybrid_MAX_K5_NUM_CFG7_ENTRY_NUM14_ROW_W10_COL_W10_PATTERN_ID_W4', cell 'C21158' does not drive any nets. (LINT-1)
Warning: In design 'repair_decode_with_hybrid_MAX_K5_NUM_CFG7_ENTRY_NUM14_ROW_W10_COL_W10_PATTERN_ID_W4', cell 'C21159' does not drive any nets. (LINT-1)
Warning: In design 'repair_decode_with_hybrid_MAX_K5_NUM_CFG7_ENTRY_NUM14_ROW_W10_COL_W10_PATTERN_ID_W4', cell 'C21160' does not drive any nets. (LINT-1)
Warning: In design 'repair_decode_with_hybrid_MAX_K5_NUM_CFG7_ENTRY_NUM14_ROW_W10_COL_W10_PATTERN_ID_W4', cell 'C21161' does not drive any nets. (LINT-1)
Warning: In design 'repair_decode_with_hybrid_MAX_K5_NUM_CFG7_ENTRY_NUM14_ROW_W10_COL_W10_PATTERN_ID_W4', cell 'C21162' does not drive any nets. (LINT-1)
Warning: In design 'repair_decode_with_hybrid_MAX_K5_NUM_CFG7_ENTRY_NUM14_ROW_W10_COL_W10_PATTERN_ID_W4', cell 'C21163' does not drive any nets. (LINT-1)
Warning: In design 'repair_decode_with_hybrid_MAX_K5_NUM_CFG7_ENTRY_NUM14_ROW_W10_COL_W10_PATTERN_ID_W4', cell 'C21164' does not drive any nets. (LINT-1)
Warning: In design 'repair_decode_with_hybrid_MAX_K5_NUM_CFG7_ENTRY_NUM14_ROW_W10_COL_W10_PATTERN_ID_W4', cell 'C21165' does not drive any nets. (LINT-1)
Warning: In design 'repair_decode_with_hybrid_MAX_K5_NUM_CFG7_ENTRY_NUM14_ROW_W10_COL_W10_PATTERN_ID_W4', cell 'C21166' does not drive any nets. (LINT-1)
Warning: In design 'repair_decode_with_hybrid_MAX_K5_NUM_CFG7_ENTRY_NUM14_ROW_W10_COL_W10_PATTERN_ID_W4', cell 'C21167' does not drive any nets. (LINT-1)
Warning: In design 'repair_decode_with_hybrid_MAX_K5_NUM_CFG7_ENTRY_NUM14_ROW_W10_COL_W10_PATTERN_ID_W4', cell 'C21168' does not drive any nets. (LINT-1)
Warning: In design 'repair_decode_with_hybrid_MAX_K5_NUM_CFG7_ENTRY_NUM14_ROW_W10_COL_W10_PATTERN_ID_W4', cell 'C21169' does not drive any nets. (LINT-1)
Warning: In design 'repair_decode_with_hybrid_MAX_K5_NUM_CFG7_ENTRY_NUM14_ROW_W10_COL_W10_PATTERN_ID_W4', cell 'C21170' does not drive any nets. (LINT-1)
Warning: In design 'repair_decode_with_hybrid_MAX_K5_NUM_CFG7_ENTRY_NUM14_ROW_W10_COL_W10_PATTERN_ID_W4', cell 'C21171' does not drive any nets. (LINT-1)
Warning: In design 'repair_decode_with_hybrid_MAX_K5_NUM_CFG7_ENTRY_NUM14_ROW_W10_COL_W10_PATTERN_ID_W4', cell 'C21172' does not drive any nets. (LINT-1)
Warning: In design 'repair_decode_with_hybrid_MAX_K5_NUM_CFG7_ENTRY_NUM14_ROW_W10_COL_W10_PATTERN_ID_W4', cell 'C21173' does not drive any nets. (LINT-1)
Warning: In design 'repair_decode_with_hybrid_MAX_K5_NUM_CFG7_ENTRY_NUM14_ROW_W10_COL_W10_PATTERN_ID_W4', cell 'C21174' does not drive any nets. (LINT-1)
Warning: In design 'repair_decode_with_hybrid_MAX_K5_NUM_CFG7_ENTRY_NUM14_ROW_W10_COL_W10_PATTERN_ID_W4', cell 'C21175' does not drive any nets. (LINT-1)
Warning: In design 'repair_decode_with_hybrid_MAX_K5_NUM_CFG7_ENTRY_NUM14_ROW_W10_COL_W10_PATTERN_ID_W4', cell 'C21176' does not drive any nets. (LINT-1)
Warning: In design 'repair_decode_with_hybrid_MAX_K5_NUM_CFG7_ENTRY_NUM14_ROW_W10_COL_W10_PATTERN_ID_W4', cell 'C21177' does not drive any nets. (LINT-1)
Warning: In design 'repair_decode_with_hybrid_MAX_K5_NUM_CFG7_ENTRY_NUM14_ROW_W10_COL_W10_PATTERN_ID_W4', cell 'C21178' does not drive any nets. (LINT-1)
Warning: In design 'repair_decode_with_hybrid_MAX_K5_NUM_CFG7_ENTRY_NUM14_ROW_W10_COL_W10_PATTERN_ID_W4', cell 'C21179' does not drive any nets. (LINT-1)
Warning: In design 'repair_decode_with_hybrid_MAX_K5_NUM_CFG7_ENTRY_NUM14_ROW_W10_COL_W10_PATTERN_ID_W4', cell 'C21180' does not drive any nets. (LINT-1)
Warning: In design 'repair_decode_with_hybrid_MAX_K5_NUM_CFG7_ENTRY_NUM14_ROW_W10_COL_W10_PATTERN_ID_W4', cell 'C21181' does not drive any nets. (LINT-1)
Warning: In design 'repair_decode_with_hybrid_MAX_K5_NUM_CFG7_ENTRY_NUM14_ROW_W10_COL_W10_PATTERN_ID_W4', cell 'C21182' does not drive any nets. (LINT-1)
Warning: In design 'repair_decode_with_hybrid_MAX_K5_NUM_CFG7_ENTRY_NUM14_ROW_W10_COL_W10_PATTERN_ID_W4', cell 'C21183' does not drive any nets. (LINT-1)
Warning: In design 'repair_decode_with_hybrid_MAX_K5_NUM_CFG7_ENTRY_NUM14_ROW_W10_COL_W10_PATTERN_ID_W4', cell 'C21184' does not drive any nets. (LINT-1)
Warning: In design 'repair_decode_with_hybrid_MAX_K5_NUM_CFG7_ENTRY_NUM14_ROW_W10_COL_W10_PATTERN_ID_W4', cell 'C21185' does not drive any nets. (LINT-1)
Warning: In design 'repair_decode_with_hybrid_MAX_K5_NUM_CFG7_ENTRY_NUM14_ROW_W10_COL_W10_PATTERN_ID_W4', cell 'C21186' does not drive any nets. (LINT-1)
Warning: In design 'repair_decode_with_hybrid_MAX_K5_NUM_CFG7_ENTRY_NUM14_ROW_W10_COL_W10_PATTERN_ID_W4', cell 'C21187' does not drive any nets. (LINT-1)
Warning: In design 'repair_decode_with_hybrid_MAX_K5_NUM_CFG7_ENTRY_NUM14_ROW_W10_COL_W10_PATTERN_ID_W4', cell 'C21188' does not drive any nets. (LINT-1)
Warning: In design 'repair_decode_with_hybrid_MAX_K5_NUM_CFG7_ENTRY_NUM14_ROW_W10_COL_W10_PATTERN_ID_W4', cell 'C21189' does not drive any nets. (LINT-1)
Warning: In design 'repair_decode_with_hybrid_MAX_K5_NUM_CFG7_ENTRY_NUM14_ROW_W10_COL_W10_PATTERN_ID_W4', cell 'C21190' does not drive any nets. (LINT-1)
Warning: In design 'repair_decode_with_hybrid_MAX_K5_NUM_CFG7_ENTRY_NUM14_ROW_W10_COL_W10_PATTERN_ID_W4', cell 'C21191' does not drive any nets. (LINT-1)
Warning: In design 'repair_decode_with_hybrid_MAX_K5_NUM_CFG7_ENTRY_NUM14_ROW_W10_COL_W10_PATTERN_ID_W4', cell 'C21192' does not drive any nets. (LINT-1)
Warning: In design 'repair_decode_with_hybrid_MAX_K5_NUM_CFG7_ENTRY_NUM14_ROW_W10_COL_W10_PATTERN_ID_W4', cell 'C21193' does not drive any nets. (LINT-1)
Warning: In design 'repair_decode_with_hybrid_MAX_K5_NUM_CFG7_ENTRY_NUM14_ROW_W10_COL_W10_PATTERN_ID_W4', cell 'C21194' does not drive any nets. (LINT-1)
Warning: In design 'repair_decode_with_hybrid_MAX_K5_NUM_CFG7_ENTRY_NUM14_ROW_W10_COL_W10_PATTERN_ID_W4', cell 'C21195' does not drive any nets. (LINT-1)
Warning: In design 'resource_tracker_RS2_CS2_SHARED_ROWS1_SHARED_COLS1_MAX_BORROWS3_TOPOLOGY1_SPARE_WIDTH3_0', cell 'B_11' does not drive any nets. (LINT-1)
Warning: In design 'resource_tracker_RS2_CS2_SHARED_ROWS1_SHARED_COLS1_MAX_BORROWS3_TOPOLOGY1_SPARE_WIDTH3_0', cell 'B_12' does not drive any nets. (LINT-1)
Warning: In design 'resource_tracker_RS2_CS2_SHARED_ROWS1_SHARED_COLS1_MAX_BORROWS3_TOPOLOGY1_SPARE_WIDTH3_0', cell 'B_13' does not drive any nets. (LINT-1)
Warning: In design 'resource_tracker_RS2_CS2_SHARED_ROWS1_SHARED_COLS1_MAX_BORROWS3_TOPOLOGY1_SPARE_WIDTH3_0', cell 'B_14' does not drive any nets. (LINT-1)
Warning: In design 'resource_tracker_RS2_CS2_SHARED_ROWS1_SHARED_COLS1_MAX_BORROWS3_TOPOLOGY1_SPARE_WIDTH3_0', cell 'B_15' does not drive any nets. (LINT-1)
Warning: In design 'resource_tracker_RS2_CS2_SHARED_ROWS1_SHARED_COLS1_MAX_BORROWS3_TOPOLOGY1_SPARE_WIDTH3_0', cell 'B_16' does not drive any nets. (LINT-1)
Warning: In design 'resource_tracker_RS2_CS2_SHARED_ROWS1_SHARED_COLS1_MAX_BORROWS3_TOPOLOGY1_SPARE_WIDTH3_0', cell 'B_17' does not drive any nets. (LINT-1)
Warning: In design 'resource_tracker_RS2_CS2_SHARED_ROWS1_SHARED_COLS1_MAX_BORROWS3_TOPOLOGY1_SPARE_WIDTH3_0', cell 'B_18' does not drive any nets. (LINT-1)
Warning: In design 'resource_tracker_RS2_CS2_SHARED_ROWS1_SHARED_COLS1_MAX_BORROWS3_TOPOLOGY1_SPARE_WIDTH3_1', cell 'B_11' does not drive any nets. (LINT-1)
Warning: In design 'resource_tracker_RS2_CS2_SHARED_ROWS1_SHARED_COLS1_MAX_BORROWS3_TOPOLOGY1_SPARE_WIDTH3_1', cell 'B_12' does not drive any nets. (LINT-1)
Warning: In design 'resource_tracker_RS2_CS2_SHARED_ROWS1_SHARED_COLS1_MAX_BORROWS3_TOPOLOGY1_SPARE_WIDTH3_1', cell 'B_13' does not drive any nets. (LINT-1)
Warning: In design 'resource_tracker_RS2_CS2_SHARED_ROWS1_SHARED_COLS1_MAX_BORROWS3_TOPOLOGY1_SPARE_WIDTH3_1', cell 'B_14' does not drive any nets. (LINT-1)
Warning: In design 'resource_tracker_RS2_CS2_SHARED_ROWS1_SHARED_COLS1_MAX_BORROWS3_TOPOLOGY1_SPARE_WIDTH3_1', cell 'B_15' does not drive any nets. (LINT-1)
Warning: In design 'resource_tracker_RS2_CS2_SHARED_ROWS1_SHARED_COLS1_MAX_BORROWS3_TOPOLOGY1_SPARE_WIDTH3_1', cell 'B_16' does not drive any nets. (LINT-1)
Warning: In design 'resource_tracker_RS2_CS2_SHARED_ROWS1_SHARED_COLS1_MAX_BORROWS3_TOPOLOGY1_SPARE_WIDTH3_1', cell 'B_17' does not drive any nets. (LINT-1)
Warning: In design 'resource_tracker_RS2_CS2_SHARED_ROWS1_SHARED_COLS1_MAX_BORROWS3_TOPOLOGY1_SPARE_WIDTH3_1', cell 'B_18' does not drive any nets. (LINT-1)
Warning: In design 'resource_tracker_RS2_CS2_SHARED_ROWS1_SHARED_COLS1_MAX_BORROWS3_TOPOLOGY1_SPARE_WIDTH3_2', cell 'B_11' does not drive any nets. (LINT-1)
Warning: In design 'resource_tracker_RS2_CS2_SHARED_ROWS1_SHARED_COLS1_MAX_BORROWS3_TOPOLOGY1_SPARE_WIDTH3_2', cell 'B_12' does not drive any nets. (LINT-1)
Warning: In design 'resource_tracker_RS2_CS2_SHARED_ROWS1_SHARED_COLS1_MAX_BORROWS3_TOPOLOGY1_SPARE_WIDTH3_2', cell 'B_13' does not drive any nets. (LINT-1)
Warning: In design 'resource_tracker_RS2_CS2_SHARED_ROWS1_SHARED_COLS1_MAX_BORROWS3_TOPOLOGY1_SPARE_WIDTH3_2', cell 'B_14' does not drive any nets. (LINT-1)
Warning: In design 'resource_tracker_RS2_CS2_SHARED_ROWS1_SHARED_COLS1_MAX_BORROWS3_TOPOLOGY1_SPARE_WIDTH3_2', cell 'B_15' does not drive any nets. (LINT-1)
Warning: In design 'resource_tracker_RS2_CS2_SHARED_ROWS1_SHARED_COLS1_MAX_BORROWS3_TOPOLOGY1_SPARE_WIDTH3_2', cell 'B_16' does not drive any nets. (LINT-1)
Warning: In design 'resource_tracker_RS2_CS2_SHARED_ROWS1_SHARED_COLS1_MAX_BORROWS3_TOPOLOGY1_SPARE_WIDTH3_2', cell 'B_17' does not drive any nets. (LINT-1)
Warning: In design 'resource_tracker_RS2_CS2_SHARED_ROWS1_SHARED_COLS1_MAX_BORROWS3_TOPOLOGY1_SPARE_WIDTH3_2', cell 'B_18' does not drive any nets. (LINT-1)
Warning: In design 'resource_tracker_RS2_CS2_SHARED_ROWS1_SHARED_COLS1_MAX_BORROWS3_TOPOLOGY1_SPARE_WIDTH3_3', cell 'B_11' does not drive any nets. (LINT-1)
Warning: In design 'resource_tracker_RS2_CS2_SHARED_ROWS1_SHARED_COLS1_MAX_BORROWS3_TOPOLOGY1_SPARE_WIDTH3_3', cell 'B_12' does not drive any nets. (LINT-1)
Warning: In design 'resource_tracker_RS2_CS2_SHARED_ROWS1_SHARED_COLS1_MAX_BORROWS3_TOPOLOGY1_SPARE_WIDTH3_3', cell 'B_13' does not drive any nets. (LINT-1)
Warning: In design 'resource_tracker_RS2_CS2_SHARED_ROWS1_SHARED_COLS1_MAX_BORROWS3_TOPOLOGY1_SPARE_WIDTH3_3', cell 'B_14' does not drive any nets. (LINT-1)
Warning: In design 'resource_tracker_RS2_CS2_SHARED_ROWS1_SHARED_COLS1_MAX_BORROWS3_TOPOLOGY1_SPARE_WIDTH3_3', cell 'B_15' does not drive any nets. (LINT-1)
Warning: In design 'resource_tracker_RS2_CS2_SHARED_ROWS1_SHARED_COLS1_MAX_BORROWS3_TOPOLOGY1_SPARE_WIDTH3_3', cell 'B_16' does not drive any nets. (LINT-1)
Warning: In design 'resource_tracker_RS2_CS2_SHARED_ROWS1_SHARED_COLS1_MAX_BORROWS3_TOPOLOGY1_SPARE_WIDTH3_3', cell 'B_17' does not drive any nets. (LINT-1)
Warning: In design 'resource_tracker_RS2_CS2_SHARED_ROWS1_SHARED_COLS1_MAX_BORROWS3_TOPOLOGY1_SPARE_WIDTH3_3', cell 'B_18' does not drive any nets. (LINT-1)
Warning: In design 'resource_tracker_RS2_CS2_SHARED_ROWS1_SHARED_COLS1_MAX_BORROWS3_TOPOLOGY1_SPARE_WIDTH3_4', cell 'B_11' does not drive any nets. (LINT-1)
Warning: In design 'resource_tracker_RS2_CS2_SHARED_ROWS1_SHARED_COLS1_MAX_BORROWS3_TOPOLOGY1_SPARE_WIDTH3_4', cell 'B_12' does not drive any nets. (LINT-1)
Warning: In design 'resource_tracker_RS2_CS2_SHARED_ROWS1_SHARED_COLS1_MAX_BORROWS3_TOPOLOGY1_SPARE_WIDTH3_4', cell 'B_13' does not drive any nets. (LINT-1)
Warning: In design 'resource_tracker_RS2_CS2_SHARED_ROWS1_SHARED_COLS1_MAX_BORROWS3_TOPOLOGY1_SPARE_WIDTH3_4', cell 'B_14' does not drive any nets. (LINT-1)
Warning: In design 'resource_tracker_RS2_CS2_SHARED_ROWS1_SHARED_COLS1_MAX_BORROWS3_TOPOLOGY1_SPARE_WIDTH3_4', cell 'B_15' does not drive any nets. (LINT-1)
Warning: In design 'resource_tracker_RS2_CS2_SHARED_ROWS1_SHARED_COLS1_MAX_BORROWS3_TOPOLOGY1_SPARE_WIDTH3_4', cell 'B_16' does not drive any nets. (LINT-1)
Warning: In design 'resource_tracker_RS2_CS2_SHARED_ROWS1_SHARED_COLS1_MAX_BORROWS3_TOPOLOGY1_SPARE_WIDTH3_4', cell 'B_17' does not drive any nets. (LINT-1)
Warning: In design 'resource_tracker_RS2_CS2_SHARED_ROWS1_SHARED_COLS1_MAX_BORROWS3_TOPOLOGY1_SPARE_WIDTH3_4', cell 'B_18' does not drive any nets. (LINT-1)
Warning: In design 'resource_tracker_RS2_CS2_SHARED_ROWS1_SHARED_COLS1_MAX_BORROWS3_TOPOLOGY1_SPARE_WIDTH3_5', cell 'B_11' does not drive any nets. (LINT-1)
Warning: In design 'resource_tracker_RS2_CS2_SHARED_ROWS1_SHARED_COLS1_MAX_BORROWS3_TOPOLOGY1_SPARE_WIDTH3_5', cell 'B_12' does not drive any nets. (LINT-1)
Warning: In design 'resource_tracker_RS2_CS2_SHARED_ROWS1_SHARED_COLS1_MAX_BORROWS3_TOPOLOGY1_SPARE_WIDTH3_5', cell 'B_13' does not drive any nets. (LINT-1)
Warning: In design 'resource_tracker_RS2_CS2_SHARED_ROWS1_SHARED_COLS1_MAX_BORROWS3_TOPOLOGY1_SPARE_WIDTH3_5', cell 'B_14' does not drive any nets. (LINT-1)
Warning: In design 'resource_tracker_RS2_CS2_SHARED_ROWS1_SHARED_COLS1_MAX_BORROWS3_TOPOLOGY1_SPARE_WIDTH3_5', cell 'B_15' does not drive any nets. (LINT-1)
Warning: In design 'resource_tracker_RS2_CS2_SHARED_ROWS1_SHARED_COLS1_MAX_BORROWS3_TOPOLOGY1_SPARE_WIDTH3_5', cell 'B_16' does not drive any nets. (LINT-1)
Warning: In design 'resource_tracker_RS2_CS2_SHARED_ROWS1_SHARED_COLS1_MAX_BORROWS3_TOPOLOGY1_SPARE_WIDTH3_5', cell 'B_17' does not drive any nets. (LINT-1)
Warning: In design 'resource_tracker_RS2_CS2_SHARED_ROWS1_SHARED_COLS1_MAX_BORROWS3_TOPOLOGY1_SPARE_WIDTH3_5', cell 'B_18' does not drive any nets. (LINT-1)
Warning: In design 'resource_tracker_RS2_CS2_SHARED_ROWS1_SHARED_COLS1_MAX_BORROWS3_TOPOLOGY1_SPARE_WIDTH3_6', cell 'B_11' does not drive any nets. (LINT-1)
Warning: In design 'resource_tracker_RS2_CS2_SHARED_ROWS1_SHARED_COLS1_MAX_BORROWS3_TOPOLOGY1_SPARE_WIDTH3_6', cell 'B_12' does not drive any nets. (LINT-1)
Warning: In design 'resource_tracker_RS2_CS2_SHARED_ROWS1_SHARED_COLS1_MAX_BORROWS3_TOPOLOGY1_SPARE_WIDTH3_6', cell 'B_13' does not drive any nets. (LINT-1)
Warning: In design 'resource_tracker_RS2_CS2_SHARED_ROWS1_SHARED_COLS1_MAX_BORROWS3_TOPOLOGY1_SPARE_WIDTH3_6', cell 'B_14' does not drive any nets. (LINT-1)
Warning: In design 'resource_tracker_RS2_CS2_SHARED_ROWS1_SHARED_COLS1_MAX_BORROWS3_TOPOLOGY1_SPARE_WIDTH3_6', cell 'B_15' does not drive any nets. (LINT-1)
Warning: In design 'resource_tracker_RS2_CS2_SHARED_ROWS1_SHARED_COLS1_MAX_BORROWS3_TOPOLOGY1_SPARE_WIDTH3_6', cell 'B_16' does not drive any nets. (LINT-1)
Warning: In design 'resource_tracker_RS2_CS2_SHARED_ROWS1_SHARED_COLS1_MAX_BORROWS3_TOPOLOGY1_SPARE_WIDTH3_6', cell 'B_17' does not drive any nets. (LINT-1)
Warning: In design 'resource_tracker_RS2_CS2_SHARED_ROWS1_SHARED_COLS1_MAX_BORROWS3_TOPOLOGY1_SPARE_WIDTH3_6', cell 'B_18' does not drive any nets. (LINT-1)
Warning: In design 'resource_tracker_RS2_CS2_SHARED_ROWS1_SHARED_COLS1_MAX_BORROWS3_TOPOLOGY1_SPARE_WIDTH3_7', cell 'B_11' does not drive any nets. (LINT-1)
Warning: In design 'resource_tracker_RS2_CS2_SHARED_ROWS1_SHARED_COLS1_MAX_BORROWS3_TOPOLOGY1_SPARE_WIDTH3_7', cell 'B_12' does not drive any nets. (LINT-1)
Warning: In design 'resource_tracker_RS2_CS2_SHARED_ROWS1_SHARED_COLS1_MAX_BORROWS3_TOPOLOGY1_SPARE_WIDTH3_7', cell 'B_13' does not drive any nets. (LINT-1)
Warning: In design 'resource_tracker_RS2_CS2_SHARED_ROWS1_SHARED_COLS1_MAX_BORROWS3_TOPOLOGY1_SPARE_WIDTH3_7', cell 'B_14' does not drive any nets. (LINT-1)
Warning: In design 'resource_tracker_RS2_CS2_SHARED_ROWS1_SHARED_COLS1_MAX_BORROWS3_TOPOLOGY1_SPARE_WIDTH3_7', cell 'B_15' does not drive any nets. (LINT-1)
Warning: In design 'resource_tracker_RS2_CS2_SHARED_ROWS1_SHARED_COLS1_MAX_BORROWS3_TOPOLOGY1_SPARE_WIDTH3_7', cell 'B_16' does not drive any nets. (LINT-1)
Warning: In design 'resource_tracker_RS2_CS2_SHARED_ROWS1_SHARED_COLS1_MAX_BORROWS3_TOPOLOGY1_SPARE_WIDTH3_7', cell 'B_17' does not drive any nets. (LINT-1)
Warning: In design 'resource_tracker_RS2_CS2_SHARED_ROWS1_SHARED_COLS1_MAX_BORROWS3_TOPOLOGY1_SPARE_WIDTH3_7', cell 'B_18' does not drive any nets. (LINT-1)
Warning: In design 'dss_analyzer_top_PARALLEL_ORIENTATION0', net 'unused_decode_busy' driven by pin 'final_decode/busy_o' has no loads. (LINT-2)
Warning: In design 'dss_analyzer_top_PARALLEL_ORIENTATION0', net 'unused_borrow_cols_by_sa[0]' driven by pin 'final_ledger/borrowed_cols_by_sa_o[0]' has no loads. (LINT-2)
Warning: In design 'dss_analyzer_top_PARALLEL_ORIENTATION0', net 'unused_borrow_cols_by_sa[1]' driven by pin 'final_ledger/borrowed_cols_by_sa_o[1]' has no loads. (LINT-2)
Warning: In design 'dss_analyzer_top_PARALLEL_ORIENTATION0', net 'unused_borrow_cols_by_sa[2]' driven by pin 'final_ledger/borrowed_cols_by_sa_o[2]' has no loads. (LINT-2)
Warning: In design 'dss_analyzer_top_PARALLEL_ORIENTATION0', net 'unused_borrow_cols_by_sa[3]' driven by pin 'final_ledger/borrowed_cols_by_sa_o[3]' has no loads. (LINT-2)
Warning: In design 'dss_analyzer_top_PARALLEL_ORIENTATION0', net 'unused_borrow_cols_by_sa[4]' driven by pin 'final_ledger/borrowed_cols_by_sa_o[4]' has no loads. (LINT-2)
Warning: In design 'dss_analyzer_top_PARALLEL_ORIENTATION0', net 'unused_borrow_cols_by_sa[5]' driven by pin 'final_ledger/borrowed_cols_by_sa_o[5]' has no loads. (LINT-2)
Warning: In design 'dss_analyzer_top_PARALLEL_ORIENTATION0', net 'unused_borrow_cols_by_sa[6]' driven by pin 'final_ledger/borrowed_cols_by_sa_o[6]' has no loads. (LINT-2)
Warning: In design 'dss_analyzer_top_PARALLEL_ORIENTATION0', net 'unused_borrow_cols_by_sa[7]' driven by pin 'final_ledger/borrowed_cols_by_sa_o[7]' has no loads. (LINT-2)
Warning: In design 'dss_analyzer_top_PARALLEL_ORIENTATION0', net 'unused_borrow_cols_by_sa[8]' driven by pin 'final_ledger/borrowed_cols_by_sa_o[8]' has no loads. (LINT-2)
Warning: In design 'dss_analyzer_top_PARALLEL_ORIENTATION0', net 'unused_borrow_cols_by_sa[9]' driven by pin 'final_ledger/borrowed_cols_by_sa_o[9]' has no loads. (LINT-2)
Warning: In design 'dss_analyzer_top_PARALLEL_ORIENTATION0', net 'unused_borrow_cols_by_sa[10]' driven by pin 'final_ledger/borrowed_cols_by_sa_o[10]' has no loads. (LINT-2)
Warning: In design 'dss_analyzer_top_PARALLEL_ORIENTATION0', net 'unused_borrow_cols_by_sa[11]' driven by pin 'final_ledger/borrowed_cols_by_sa_o[11]' has no loads. (LINT-2)
Warning: In design 'dss_analyzer_top_PARALLEL_ORIENTATION0', net 'unused_borrow_rows_by_sa[0]' driven by pin 'final_ledger/borrowed_rows_by_sa_o[0]' has no loads. (LINT-2)
Warning: In design 'dss_analyzer_top_PARALLEL_ORIENTATION0', net 'unused_borrow_rows_by_sa[1]' driven by pin 'final_ledger/borrowed_rows_by_sa_o[1]' has no loads. (LINT-2)
Warning: In design 'dss_analyzer_top_PARALLEL_ORIENTATION0', net 'unused_borrow_rows_by_sa[2]' driven by pin 'final_ledger/borrowed_rows_by_sa_o[2]' has no loads. (LINT-2)
Warning: In design 'dss_analyzer_top_PARALLEL_ORIENTATION0', net 'unused_borrow_rows_by_sa[3]' driven by pin 'final_ledger/borrowed_rows_by_sa_o[3]' has no loads. (LINT-2)
Warning: In design 'dss_analyzer_top_PARALLEL_ORIENTATION0', net 'unused_borrow_rows_by_sa[4]' driven by pin 'final_ledger/borrowed_rows_by_sa_o[4]' has no loads. (LINT-2)
Warning: In design 'dss_analyzer_top_PARALLEL_ORIENTATION0', net 'unused_borrow_rows_by_sa[5]' driven by pin 'final_ledger/borrowed_rows_by_sa_o[5]' has no loads. (LINT-2)
Warning: In design 'dss_analyzer_top_PARALLEL_ORIENTATION0', net 'unused_borrow_rows_by_sa[6]' driven by pin 'final_ledger/borrowed_rows_by_sa_o[6]' has no loads. (LINT-2)
Warning: In design 'dss_analyzer_top_PARALLEL_ORIENTATION0', net 'unused_borrow_rows_by_sa[7]' driven by pin 'final_ledger/borrowed_rows_by_sa_o[7]' has no loads. (LINT-2)
Warning: In design 'dss_analyzer_top_PARALLEL_ORIENTATION0', net 'unused_borrow_rows_by_sa[8]' driven by pin 'final_ledger/borrowed_rows_by_sa_o[8]' has no loads. (LINT-2)
Warning: In design 'dss_analyzer_top_PARALLEL_ORIENTATION0', net 'unused_borrow_rows_by_sa[9]' driven by pin 'final_ledger/borrowed_rows_by_sa_o[9]' has no loads. (LINT-2)
Warning: In design 'dss_analyzer_top_PARALLEL_ORIENTATION0', net 'unused_borrow_rows_by_sa[10]' driven by pin 'final_ledger/borrowed_rows_by_sa_o[10]' has no loads. (LINT-2)
Warning: In design 'dss_analyzer_top_PARALLEL_ORIENTATION0', net 'unused_borrow_rows_by_sa[11]' driven by pin 'final_ledger/borrowed_rows_by_sa_o[11]' has no loads. (LINT-2)
Warning: In design 'dss_analyzer_top_PARALLEL_ORIENTATION0', net 'unused_final_feasible' driven by pin 'final_ledger/feasible_o' has no loads. (LINT-2)
Warning: In design 'dss_analyzer_top_PARALLEL_ORIENTATION0', net 'subarray_results_valid[0]' driven by pin 'result_bank/subarray_valid_o[0]' has no loads. (LINT-2)
Warning: In design 'dss_analyzer_top_PARALLEL_ORIENTATION0', net 'subarray_results_valid[1]' driven by pin 'result_bank/subarray_valid_o[1]' has no loads. (LINT-2)
Warning: In design 'dss_analyzer_top_PARALLEL_ORIENTATION0', net 'subarray_results_valid[2]' driven by pin 'result_bank/subarray_valid_o[2]' has no loads. (LINT-2)
Warning: In design 'dss_analyzer_top_PARALLEL_ORIENTATION0', net 'subarray_results_valid[3]' driven by pin 'result_bank/subarray_valid_o[3]' has no loads. (LINT-2)
Warning: In design 'dss_analyzer_top_PARALLEL_ORIENTATION0', net 'unused_config_valid[0]' driven by pin 'g_area_orientation.analyzers/config_valid_o[0]' has no loads. (LINT-2)
Warning: In design 'dss_analyzer_top_PARALLEL_ORIENTATION0', net 'unused_config_valid[1]' driven by pin 'g_area_orientation.analyzers/config_valid_o[1]' has no loads. (LINT-2)
Warning: In design 'dss_analyzer_top_PARALLEL_ORIENTATION0', net 'unused_config_valid[2]' driven by pin 'g_area_orientation.analyzers/config_valid_o[2]' has no loads. (LINT-2)
Warning: In design 'dss_analyzer_top_PARALLEL_ORIENTATION0', net 'unused_config_valid[3]' driven by pin 'g_area_orientation.analyzers/config_valid_o[3]' has no loads. (LINT-2)
Warning: In design 'dss_analyzer_top_PARALLEL_ORIENTATION0', net 'unused_config_valid[4]' driven by pin 'g_area_orientation.analyzers/config_valid_o[4]' has no loads. (LINT-2)
Warning: In design 'dss_analyzer_top_PARALLEL_ORIENTATION0', net 'unused_config_valid[5]' driven by pin 'g_area_orientation.analyzers/config_valid_o[5]' has no loads. (LINT-2)
Warning: In design 'dss_analyzer_top_PARALLEL_ORIENTATION0', net 'unused_config_valid[6]' driven by pin 'g_area_orientation.analyzers/config_valid_o[6]' has no loads. (LINT-2)
Warning: In design 'dss_analyzer_top_PARALLEL_ORIENTATION0', net 'unused_pivot_col_counts[0]' driven by pin 'must_view/pivot_col_counts_o[0]' has no loads. (LINT-2)
Warning: In design 'dss_analyzer_top_PARALLEL_ORIENTATION0', net 'unused_pivot_col_counts[1]' driven by pin 'must_view/pivot_col_counts_o[1]' has no loads. (LINT-2)
Warning: In design 'dss_analyzer_top_PARALLEL_ORIENTATION0', net 'unused_pivot_col_counts[2]' driven by pin 'must_view/pivot_col_counts_o[2]' has no loads. (LINT-2)
Warning: In design 'dss_analyzer_top_PARALLEL_ORIENTATION0', net 'unused_pivot_col_counts[3]' driven by pin 'must_view/pivot_col_counts_o[3]' has no loads. (LINT-2)
Warning: In design 'dss_analyzer_top_PARALLEL_ORIENTATION0', net 'unused_pivot_col_counts[4]' driven by pin 'must_view/pivot_col_counts_o[4]' has no loads. (LINT-2)
Warning: In design 'dss_analyzer_top_PARALLEL_ORIENTATION0', net 'unused_pivot_col_counts[5]' driven by pin 'must_view/pivot_col_counts_o[5]' has no loads. (LINT-2)
Warning: In design 'dss_analyzer_top_PARALLEL_ORIENTATION0', net 'unused_pivot_col_counts[6]' driven by pin 'must_view/pivot_col_counts_o[6]' has no loads. (LINT-2)
Warning: In design 'dss_analyzer_top_PARALLEL_ORIENTATION0', net 'unused_pivot_col_counts[7]' driven by pin 'must_view/pivot_col_counts_o[7]' has no loads. (LINT-2)
Warning: In design 'dss_analyzer_top_PARALLEL_ORIENTATION0', net 'unused_pivot_col_counts[8]' driven by pin 'must_view/pivot_col_counts_o[8]' has no loads. (LINT-2)
Warning: In design 'dss_analyzer_top_PARALLEL_ORIENTATION0', net 'unused_pivot_col_counts[9]' driven by pin 'must_view/pivot_col_counts_o[9]' has no loads. (LINT-2)
Warning: In design 'dss_analyzer_top_PARALLEL_ORIENTATION0', net 'unused_pivot_col_counts[10]' driven by pin 'must_view/pivot_col_counts_o[10]' has no loads. (LINT-2)
Warning: In design 'dss_analyzer_top_PARALLEL_ORIENTATION0', net 'unused_pivot_col_counts[11]' driven by pin 'must_view/pivot_col_counts_o[11]' has no loads. (LINT-2)
Warning: In design 'dss_analyzer_top_PARALLEL_ORIENTATION0', net 'unused_pivot_col_counts[12]' driven by pin 'must_view/pivot_col_counts_o[12]' has no loads. (LINT-2)
Warning: In design 'dss_analyzer_top_PARALLEL_ORIENTATION0', net 'unused_pivot_col_counts[13]' driven by pin 'must_view/pivot_col_counts_o[13]' has no loads. (LINT-2)
Warning: In design 'dss_analyzer_top_PARALLEL_ORIENTATION0', net 'unused_pivot_col_counts[14]' driven by pin 'must_view/pivot_col_counts_o[14]' has no loads. (LINT-2)
Warning: In design 'dss_analyzer_top_PARALLEL_ORIENTATION0', net 'unused_pivot_col_counts[15]' driven by pin 'must_view/pivot_col_counts_o[15]' has no loads. (LINT-2)
Warning: In design 'dss_analyzer_top_PARALLEL_ORIENTATION0', net 'unused_pivot_col_counts[16]' driven by pin 'must_view/pivot_col_counts_o[16]' has no loads. (LINT-2)
Warning: In design 'dss_analyzer_top_PARALLEL_ORIENTATION0', net 'unused_pivot_col_counts[17]' driven by pin 'must_view/pivot_col_counts_o[17]' has no loads. (LINT-2)
Warning: In design 'dss_analyzer_top_PARALLEL_ORIENTATION0', net 'unused_pivot_col_counts[18]' driven by pin 'must_view/pivot_col_counts_o[18]' has no loads. (LINT-2)
Warning: In design 'dss_analyzer_top_PARALLEL_ORIENTATION0', net 'unused_pivot_col_counts[19]' driven by pin 'must_view/pivot_col_counts_o[19]' has no loads. (LINT-2)
Warning: In design 'dss_analyzer_top_PARALLEL_ORIENTATION0', net 'unused_pivot_row_counts[0]' driven by pin 'must_view/pivot_row_counts_o[0]' has no loads. (LINT-2)
Warning: In design 'dss_analyzer_top_PARALLEL_ORIENTATION0', net 'unused_pivot_row_counts[1]' driven by pin 'must_view/pivot_row_counts_o[1]' has no loads. (LINT-2)
Warning: In design 'dss_analyzer_top_PARALLEL_ORIENTATION0', net 'unused_pivot_row_counts[2]' driven by pin 'must_view/pivot_row_counts_o[2]' has no loads. (LINT-2)
Warning: In design 'dss_analyzer_top_PARALLEL_ORIENTATION0', net 'unused_pivot_row_counts[3]' driven by pin 'must_view/pivot_row_counts_o[3]' has no loads. (LINT-2)
Warning: In design 'dss_analyzer_top_PARALLEL_ORIENTATION0', net 'unused_pivot_row_counts[4]' driven by pin 'must_view/pivot_row_counts_o[4]' has no loads. (LINT-2)
Warning: In design 'dss_analyzer_top_PARALLEL_ORIENTATION0', net 'unused_pivot_row_counts[5]' driven by pin 'must_view/pivot_row_counts_o[5]' has no loads. (LINT-2)
Warning: In design 'dss_analyzer_top_PARALLEL_ORIENTATION0', net 'unused_pivot_row_counts[6]' driven by pin 'must_view/pivot_row_counts_o[6]' has no loads. (LINT-2)
Warning: In design 'dss_analyzer_top_PARALLEL_ORIENTATION0', net 'unused_pivot_row_counts[7]' driven by pin 'must_view/pivot_row_counts_o[7]' has no loads. (LINT-2)
Warning: In design 'dss_analyzer_top_PARALLEL_ORIENTATION0', net 'unused_pivot_row_counts[8]' driven by pin 'must_view/pivot_row_counts_o[8]' has no loads. (LINT-2)
Warning: In design 'dss_analyzer_top_PARALLEL_ORIENTATION0', net 'unused_pivot_row_counts[9]' driven by pin 'must_view/pivot_row_counts_o[9]' has no loads. (LINT-2)
Warning: In design 'dss_analyzer_top_PARALLEL_ORIENTATION0', net 'unused_pivot_row_counts[10]' driven by pin 'must_view/pivot_row_counts_o[10]' has no loads. (LINT-2)
Warning: In design 'dss_analyzer_top_PARALLEL_ORIENTATION0', net 'unused_pivot_row_counts[11]' driven by pin 'must_view/pivot_row_counts_o[11]' has no loads. (LINT-2)
Warning: In design 'dss_analyzer_top_PARALLEL_ORIENTATION0', net 'unused_pivot_row_counts[12]' driven by pin 'must_view/pivot_row_counts_o[12]' has no loads. (LINT-2)
Warning: In design 'dss_analyzer_top_PARALLEL_ORIENTATION0', net 'unused_pivot_row_counts[13]' driven by pin 'must_view/pivot_row_counts_o[13]' has no loads. (LINT-2)
Warning: In design 'dss_analyzer_top_PARALLEL_ORIENTATION0', net 'unused_pivot_row_counts[14]' driven by pin 'must_view/pivot_row_counts_o[14]' has no loads. (LINT-2)
Warning: In design 'dss_analyzer_top_PARALLEL_ORIENTATION0', net 'unused_pivot_row_counts[15]' driven by pin 'must_view/pivot_row_counts_o[15]' has no loads. (LINT-2)
Warning: In design 'dss_analyzer_top_PARALLEL_ORIENTATION0', net 'unused_pivot_row_counts[16]' driven by pin 'must_view/pivot_row_counts_o[16]' has no loads. (LINT-2)
Warning: In design 'dss_analyzer_top_PARALLEL_ORIENTATION0', net 'unused_pivot_row_counts[17]' driven by pin 'must_view/pivot_row_counts_o[17]' has no loads. (LINT-2)
Warning: In design 'dss_analyzer_top_PARALLEL_ORIENTATION0', net 'unused_pivot_row_counts[18]' driven by pin 'must_view/pivot_row_counts_o[18]' has no loads. (LINT-2)
Warning: In design 'dss_analyzer_top_PARALLEL_ORIENTATION0', net 'unused_pivot_row_counts[19]' driven by pin 'must_view/pivot_row_counts_o[19]' has no loads. (LINT-2)
Warning: In design 'dss_analyzer_top_PARALLEL_ORIENTATION0', net 'unused_fault_count[0]' driven by pin 'collector/fault_count_o[0]' has no loads. (LINT-2)
Warning: In design 'dss_analyzer_top_PARALLEL_ORIENTATION0', net 'unused_fault_count[1]' driven by pin 'collector/fault_count_o[1]' has no loads. (LINT-2)
Warning: In design 'dss_analyzer_top_PARALLEL_ORIENTATION0', net 'unused_fault_count[2]' driven by pin 'collector/fault_count_o[2]' has no loads. (LINT-2)
Warning: In design 'dss_analyzer_top_PARALLEL_ORIENTATION0', net 'unused_fault_count[3]' driven by pin 'collector/fault_count_o[3]' has no loads. (LINT-2)
Warning: In design 'dss_analyzer_top_PARALLEL_ORIENTATION0', net 'collector/reuse_full' driven by pin 'collector/reuse/full_o' has no loads. (LINT-2)
Warning: In design 'dss_analyzer_top_PARALLEL_ORIENTATION0', net 'collector/hybrid_full' driven by pin 'collector/hybrids/full_o' has no loads. (LINT-2)
Warning: In design 'dss_analyzer_top_PARALLEL_ORIENTATION0', net 'collector/pivot_store_overflow' driven by pin 'collector/pivots/overflow_o' has no loads. (LINT-2)
Warning: In design 'dss_analyzer_top_PARALLEL_ORIENTATION0', net 'early/g_candidate[6].uuc[0]' driven by pin 'early/g_candidate[6].ledger/used_cols_o[0]' has no loads. (LINT-2)
Warning: In design 'dss_analyzer_top_PARALLEL_ORIENTATION0', net 'early/g_candidate[6].uuc[1]' driven by pin 'early/g_candidate[6].ledger/used_cols_o[1]' has no loads. (LINT-2)
Warning: In design 'dss_analyzer_top_PARALLEL_ORIENTATION0', net 'early/g_candidate[6].uuc[2]' driven by pin 'early/g_candidate[6].ledger/used_cols_o[2]' has no loads. (LINT-2)
Warning: In design 'dss_analyzer_top_PARALLEL_ORIENTATION0', net 'early/g_candidate[6].uuc[3]' driven by pin 'early/g_candidate[6].ledger/used_cols_o[3]' has no loads. (LINT-2)
Warning: In design 'dss_analyzer_top_PARALLEL_ORIENTATION0', net 'early/g_candidate[6].uuc[4]' driven by pin 'early/g_candidate[6].ledger/used_cols_o[4]' has no loads. (LINT-2)
Warning: In design 'dss_analyzer_top_PARALLEL_ORIENTATION0', net 'early/g_candidate[6].uuc[5]' driven by pin 'early/g_candidate[6].ledger/used_cols_o[5]' has no loads. (LINT-2)
Warning: In design 'dss_analyzer_top_PARALLEL_ORIENTATION0', net 'early/g_candidate[6].uuc[6]' driven by pin 'early/g_candidate[6].ledger/used_cols_o[6]' has no loads. (LINT-2)
Warning: In design 'dss_analyzer_top_PARALLEL_ORIENTATION0', net 'early/g_candidate[6].uuc[7]' driven by pin 'early/g_candidate[6].ledger/used_cols_o[7]' has no loads. (LINT-2)
Warning: In design 'dss_analyzer_top_PARALLEL_ORIENTATION0', net 'early/g_candidate[6].uur[5]' driven by pin 'early/g_candidate[6].ledger/used_rows_o[5]' has no loads. (LINT-2)
Warning: In design 'dss_analyzer_top_PARALLEL_ORIENTATION0', net 'early/g_candidate[6].uur[6]' driven by pin 'early/g_candidate[6].ledger/used_rows_o[6]' has no loads. (LINT-2)
Warning: In design 'dss_analyzer_top_PARALLEL_ORIENTATION0', net 'early/g_candidate[6].uur[7]' driven by pin 'early/g_candidate[6].ledger/used_rows_o[7]' has no loads. (LINT-2)
Warning: In design 'dss_analyzer_top_PARALLEL_ORIENTATION0', net 'early/g_candidate[6].uur[0]' driven by pin 'early/g_candidate[6].ledger/used_rows_o[0]' has no loads. (LINT-2)
Warning: In design 'dss_analyzer_top_PARALLEL_ORIENTATION0', net 'early/g_candidate[6].uur[1]' driven by pin 'early/g_candidate[6].ledger/used_rows_o[1]' has no loads. (LINT-2)
Warning: In design 'dss_analyzer_top_PARALLEL_ORIENTATION0', net 'early/g_candidate[6].uur[2]' driven by pin 'early/g_candidate[6].ledger/used_rows_o[2]' has no loads. (LINT-2)
Warning: In design 'dss_analyzer_top_PARALLEL_ORIENTATION0', net 'early/g_candidate[6].uur[3]' driven by pin 'early/g_candidate[6].ledger/used_rows_o[3]' has no loads. (LINT-2)
Warning: In design 'dss_analyzer_top_PARALLEL_ORIENTATION0', net 'early/g_candidate[6].uur[4]' driven by pin 'early/g_candidate[6].ledger/used_rows_o[4]' has no loads. (LINT-2)
Warning: In design 'dss_analyzer_top_PARALLEL_ORIENTATION0', net 'early/g_candidate[6].ubc[0]' driven by pin 'early/g_candidate[6].ledger/borrowed_cols_o[0]' has no loads. (LINT-2)
Warning: In design 'dss_analyzer_top_PARALLEL_ORIENTATION0', net 'early/g_candidate[6].ubc[1]' driven by pin 'early/g_candidate[6].ledger/borrowed_cols_o[1]' has no loads. (LINT-2)
Warning: In design 'dss_analyzer_top_PARALLEL_ORIENTATION0', net 'early/g_candidate[6].ubc[2]' driven by pin 'early/g_candidate[6].ledger/borrowed_cols_o[2]' has no loads. (LINT-2)
Warning: In design 'dss_analyzer_top_PARALLEL_ORIENTATION0', net 'early/g_candidate[6].ubr[0]' driven by pin 'early/g_candidate[6].ledger/borrowed_rows_o[0]' has no loads. (LINT-2)
Warning: In design 'dss_analyzer_top_PARALLEL_ORIENTATION0', net 'early/g_candidate[6].ubr[1]' driven by pin 'early/g_candidate[6].ledger/borrowed_rows_o[1]' has no loads. (LINT-2)
Warning: In design 'dss_analyzer_top_PARALLEL_ORIENTATION0', net 'early/g_candidate[6].ubr[2]' driven by pin 'early/g_candidate[6].ledger/borrowed_rows_o[2]' has no loads. (LINT-2)
Warning: In design 'dss_analyzer_top_PARALLEL_ORIENTATION0', net 'early/g_candidate[5].uuc[0]' driven by pin 'early/g_candidate[5].ledger/used_cols_o[0]' has no loads. (LINT-2)
Warning: In design 'dss_analyzer_top_PARALLEL_ORIENTATION0', net 'early/g_candidate[5].uuc[1]' driven by pin 'early/g_candidate[5].ledger/used_cols_o[1]' has no loads. (LINT-2)
Warning: In design 'dss_analyzer_top_PARALLEL_ORIENTATION0', net 'early/g_candidate[5].uuc[2]' driven by pin 'early/g_candidate[5].ledger/used_cols_o[2]' has no loads. (LINT-2)
Warning: In design 'dss_analyzer_top_PARALLEL_ORIENTATION0', net 'early/g_candidate[5].uuc[3]' driven by pin 'early/g_candidate[5].ledger/used_cols_o[3]' has no loads. (LINT-2)
Warning: In design 'dss_analyzer_top_PARALLEL_ORIENTATION0', net 'early/g_candidate[5].uuc[4]' driven by pin 'early/g_candidate[5].ledger/used_cols_o[4]' has no loads. (LINT-2)
Warning: In design 'dss_analyzer_top_PARALLEL_ORIENTATION0', net 'early/g_candidate[5].uuc[5]' driven by pin 'early/g_candidate[5].ledger/used_cols_o[5]' has no loads. (LINT-2)
Warning: In design 'dss_analyzer_top_PARALLEL_ORIENTATION0', net 'early/g_candidate[5].uuc[6]' driven by pin 'early/g_candidate[5].ledger/used_cols_o[6]' has no loads. (LINT-2)
Warning: In design 'dss_analyzer_top_PARALLEL_ORIENTATION0', net 'early/g_candidate[5].uuc[7]' driven by pin 'early/g_candidate[5].ledger/used_cols_o[7]' has no loads. (LINT-2)
Warning: In design 'dss_analyzer_top_PARALLEL_ORIENTATION0', net 'early/g_candidate[5].uur[5]' driven by pin 'early/g_candidate[5].ledger/used_rows_o[5]' has no loads. (LINT-2)
Warning: In design 'dss_analyzer_top_PARALLEL_ORIENTATION0', net 'early/g_candidate[5].uur[6]' driven by pin 'early/g_candidate[5].ledger/used_rows_o[6]' has no loads. (LINT-2)
Warning: In design 'dss_analyzer_top_PARALLEL_ORIENTATION0', net 'early/g_candidate[5].uur[7]' driven by pin 'early/g_candidate[5].ledger/used_rows_o[7]' has no loads. (LINT-2)
Warning: In design 'dss_analyzer_top_PARALLEL_ORIENTATION0', net 'early/g_candidate[5].uur[0]' driven by pin 'early/g_candidate[5].ledger/used_rows_o[0]' has no loads. (LINT-2)
Warning: In design 'dss_analyzer_top_PARALLEL_ORIENTATION0', net 'early/g_candidate[5].uur[1]' driven by pin 'early/g_candidate[5].ledger/used_rows_o[1]' has no loads. (LINT-2)
Warning: In design 'dss_analyzer_top_PARALLEL_ORIENTATION0', net 'early/g_candidate[5].uur[2]' driven by pin 'early/g_candidate[5].ledger/used_rows_o[2]' has no loads. (LINT-2)
Warning: In design 'dss_analyzer_top_PARALLEL_ORIENTATION0', net 'early/g_candidate[5].uur[3]' driven by pin 'early/g_candidate[5].ledger/used_rows_o[3]' has no loads. (LINT-2)
Warning: In design 'dss_analyzer_top_PARALLEL_ORIENTATION0', net 'early/g_candidate[5].uur[4]' driven by pin 'early/g_candidate[5].ledger/used_rows_o[4]' has no loads. (LINT-2)
Warning: In design 'dss_analyzer_top_PARALLEL_ORIENTATION0', net 'early/g_candidate[5].ubc[0]' driven by pin 'early/g_candidate[5].ledger/borrowed_cols_o[0]' has no loads. (LINT-2)
Warning: In design 'dss_analyzer_top_PARALLEL_ORIENTATION0', net 'early/g_candidate[5].ubc[1]' driven by pin 'early/g_candidate[5].ledger/borrowed_cols_o[1]' has no loads. (LINT-2)
Warning: In design 'dss_analyzer_top_PARALLEL_ORIENTATION0', net 'early/g_candidate[5].ubc[2]' driven by pin 'early/g_candidate[5].ledger/borrowed_cols_o[2]' has no loads. (LINT-2)
Warning: In design 'dss_analyzer_top_PARALLEL_ORIENTATION0', net 'early/g_candidate[5].ubr[0]' driven by pin 'early/g_candidate[5].ledger/borrowed_rows_o[0]' has no loads. (LINT-2)
Warning: In design 'dss_analyzer_top_PARALLEL_ORIENTATION0', net 'early/g_candidate[5].ubr[1]' driven by pin 'early/g_candidate[5].ledger/borrowed_rows_o[1]' has no loads. (LINT-2)
Warning: In design 'dss_analyzer_top_PARALLEL_ORIENTATION0', net 'early/g_candidate[5].ubr[2]' driven by pin 'early/g_candidate[5].ledger/borrowed_rows_o[2]' has no loads. (LINT-2)
Warning: In design 'dss_analyzer_top_PARALLEL_ORIENTATION0', net 'early/g_candidate[4].uuc[0]' driven by pin 'early/g_candidate[4].ledger/used_cols_o[0]' has no loads. (LINT-2)
Warning: In design 'dss_analyzer_top_PARALLEL_ORIENTATION0', net 'early/g_candidate[4].uuc[1]' driven by pin 'early/g_candidate[4].ledger/used_cols_o[1]' has no loads. (LINT-2)
Warning: In design 'dss_analyzer_top_PARALLEL_ORIENTATION0', net 'early/g_candidate[4].uuc[2]' driven by pin 'early/g_candidate[4].ledger/used_cols_o[2]' has no loads. (LINT-2)
Warning: In design 'dss_analyzer_top_PARALLEL_ORIENTATION0', net 'early/g_candidate[4].uuc[3]' driven by pin 'early/g_candidate[4].ledger/used_cols_o[3]' has no loads. (LINT-2)
Warning: In design 'dss_analyzer_top_PARALLEL_ORIENTATION0', net 'early/g_candidate[4].uuc[4]' driven by pin 'early/g_candidate[4].ledger/used_cols_o[4]' has no loads. (LINT-2)
Warning: In design 'dss_analyzer_top_PARALLEL_ORIENTATION0', net 'early/g_candidate[4].uuc[5]' driven by pin 'early/g_candidate[4].ledger/used_cols_o[5]' has no loads. (LINT-2)
Warning: In design 'dss_analyzer_top_PARALLEL_ORIENTATION0', net 'early/g_candidate[4].uuc[6]' driven by pin 'early/g_candidate[4].ledger/used_cols_o[6]' has no loads. (LINT-2)
Warning: In design 'dss_analyzer_top_PARALLEL_ORIENTATION0', net 'early/g_candidate[4].uuc[7]' driven by pin 'early/g_candidate[4].ledger/used_cols_o[7]' has no loads. (LINT-2)
Warning: In design 'dss_analyzer_top_PARALLEL_ORIENTATION0', net 'early/g_candidate[4].uur[5]' driven by pin 'early/g_candidate[4].ledger/used_rows_o[5]' has no loads. (LINT-2)
Warning: In design 'dss_analyzer_top_PARALLEL_ORIENTATION0', net 'early/g_candidate[4].uur[6]' driven by pin 'early/g_candidate[4].ledger/used_rows_o[6]' has no loads. (LINT-2)
Warning: In design 'dss_analyzer_top_PARALLEL_ORIENTATION0', net 'early/g_candidate[4].uur[7]' driven by pin 'early/g_candidate[4].ledger/used_rows_o[7]' has no loads. (LINT-2)
Warning: In design 'dss_analyzer_top_PARALLEL_ORIENTATION0', net 'early/g_candidate[4].uur[0]' driven by pin 'early/g_candidate[4].ledger/used_rows_o[0]' has no loads. (LINT-2)
Warning: In design 'dss_analyzer_top_PARALLEL_ORIENTATION0', net 'early/g_candidate[4].uur[1]' driven by pin 'early/g_candidate[4].ledger/used_rows_o[1]' has no loads. (LINT-2)
Warning: In design 'dss_analyzer_top_PARALLEL_ORIENTATION0', net 'early/g_candidate[4].uur[2]' driven by pin 'early/g_candidate[4].ledger/used_rows_o[2]' has no loads. (LINT-2)
Warning: In design 'dss_analyzer_top_PARALLEL_ORIENTATION0', net 'early/g_candidate[4].uur[3]' driven by pin 'early/g_candidate[4].ledger/used_rows_o[3]' has no loads. (LINT-2)
Warning: In design 'dss_analyzer_top_PARALLEL_ORIENTATION0', net 'early/g_candidate[4].uur[4]' driven by pin 'early/g_candidate[4].ledger/used_rows_o[4]' has no loads. (LINT-2)
Warning: In design 'dss_analyzer_top_PARALLEL_ORIENTATION0', net 'early/g_candidate[4].ubc[0]' driven by pin 'early/g_candidate[4].ledger/borrowed_cols_o[0]' has no loads. (LINT-2)
Warning: In design 'dss_analyzer_top_PARALLEL_ORIENTATION0', net 'early/g_candidate[4].ubc[1]' driven by pin 'early/g_candidate[4].ledger/borrowed_cols_o[1]' has no loads. (LINT-2)
Warning: In design 'dss_analyzer_top_PARALLEL_ORIENTATION0', net 'early/g_candidate[4].ubc[2]' driven by pin 'early/g_candidate[4].ledger/borrowed_cols_o[2]' has no loads. (LINT-2)
Warning: In design 'dss_analyzer_top_PARALLEL_ORIENTATION0', net 'early/g_candidate[4].ubr[0]' driven by pin 'early/g_candidate[4].ledger/borrowed_rows_o[0]' has no loads. (LINT-2)
Warning: In design 'dss_analyzer_top_PARALLEL_ORIENTATION0', net 'early/g_candidate[4].ubr[1]' driven by pin 'early/g_candidate[4].ledger/borrowed_rows_o[1]' has no loads. (LINT-2)
Warning: In design 'dss_analyzer_top_PARALLEL_ORIENTATION0', net 'early/g_candidate[4].ubr[2]' driven by pin 'early/g_candidate[4].ledger/borrowed_rows_o[2]' has no loads. (LINT-2)
Warning: In design 'dss_analyzer_top_PARALLEL_ORIENTATION0', net 'early/g_candidate[3].uuc[0]' driven by pin 'early/g_candidate[3].ledger/used_cols_o[0]' has no loads. (LINT-2)
Warning: In design 'dss_analyzer_top_PARALLEL_ORIENTATION0', net 'early/g_candidate[3].uuc[1]' driven by pin 'early/g_candidate[3].ledger/used_cols_o[1]' has no loads. (LINT-2)
Warning: In design 'dss_analyzer_top_PARALLEL_ORIENTATION0', net 'early/g_candidate[3].uuc[2]' driven by pin 'early/g_candidate[3].ledger/used_cols_o[2]' has no loads. (LINT-2)
Warning: In design 'dss_analyzer_top_PARALLEL_ORIENTATION0', net 'early/g_candidate[3].uuc[3]' driven by pin 'early/g_candidate[3].ledger/used_cols_o[3]' has no loads. (LINT-2)
Warning: In design 'dss_analyzer_top_PARALLEL_ORIENTATION0', net 'early/g_candidate[3].uuc[4]' driven by pin 'early/g_candidate[3].ledger/used_cols_o[4]' has no loads. (LINT-2)
Warning: In design 'dss_analyzer_top_PARALLEL_ORIENTATION0', net 'early/g_candidate[3].uuc[5]' driven by pin 'early/g_candidate[3].ledger/used_cols_o[5]' has no loads. (LINT-2)
Warning: In design 'dss_analyzer_top_PARALLEL_ORIENTATION0', net 'early/g_candidate[3].uuc[6]' driven by pin 'early/g_candidate[3].ledger/used_cols_o[6]' has no loads. (LINT-2)
Warning: In design 'dss_analyzer_top_PARALLEL_ORIENTATION0', net 'early/g_candidate[3].uuc[7]' driven by pin 'early/g_candidate[3].ledger/used_cols_o[7]' has no loads. (LINT-2)
Warning: In design 'dss_analyzer_top_PARALLEL_ORIENTATION0', net 'early/g_candidate[3].uur[5]' driven by pin 'early/g_candidate[3].ledger/used_rows_o[5]' has no loads. (LINT-2)
Warning: In design 'dss_analyzer_top_PARALLEL_ORIENTATION0', net 'early/g_candidate[3].uur[6]' driven by pin 'early/g_candidate[3].ledger/used_rows_o[6]' has no loads. (LINT-2)
Warning: In design 'dss_analyzer_top_PARALLEL_ORIENTATION0', net 'early/g_candidate[3].uur[7]' driven by pin 'early/g_candidate[3].ledger/used_rows_o[7]' has no loads. (LINT-2)
Warning: In design 'dss_analyzer_top_PARALLEL_ORIENTATION0', net 'early/g_candidate[3].uur[0]' driven by pin 'early/g_candidate[3].ledger/used_rows_o[0]' has no loads. (LINT-2)
Warning: In design 'dss_analyzer_top_PARALLEL_ORIENTATION0', net 'early/g_candidate[3].uur[1]' driven by pin 'early/g_candidate[3].ledger/used_rows_o[1]' has no loads. (LINT-2)
Warning: In design 'dss_analyzer_top_PARALLEL_ORIENTATION0', net 'early/g_candidate[3].uur[2]' driven by pin 'early/g_candidate[3].ledger/used_rows_o[2]' has no loads. (LINT-2)
Warning: In design 'dss_analyzer_top_PARALLEL_ORIENTATION0', net 'early/g_candidate[3].uur[3]' driven by pin 'early/g_candidate[3].ledger/used_rows_o[3]' has no loads. (LINT-2)
Warning: In design 'dss_analyzer_top_PARALLEL_ORIENTATION0', net 'early/g_candidate[3].uur[4]' driven by pin 'early/g_candidate[3].ledger/used_rows_o[4]' has no loads. (LINT-2)
Warning: In design 'dss_analyzer_top_PARALLEL_ORIENTATION0', net 'early/g_candidate[3].ubc[0]' driven by pin 'early/g_candidate[3].ledger/borrowed_cols_o[0]' has no loads. (LINT-2)
Warning: In design 'dss_analyzer_top_PARALLEL_ORIENTATION0', net 'early/g_candidate[3].ubc[1]' driven by pin 'early/g_candidate[3].ledger/borrowed_cols_o[1]' has no loads. (LINT-2)
Warning: In design 'dss_analyzer_top_PARALLEL_ORIENTATION0', net 'early/g_candidate[3].ubc[2]' driven by pin 'early/g_candidate[3].ledger/borrowed_cols_o[2]' has no loads. (LINT-2)
Warning: In design 'dss_analyzer_top_PARALLEL_ORIENTATION0', net 'early/g_candidate[3].ubr[0]' driven by pin 'early/g_candidate[3].ledger/borrowed_rows_o[0]' has no loads. (LINT-2)
Warning: In design 'dss_analyzer_top_PARALLEL_ORIENTATION0', net 'early/g_candidate[3].ubr[1]' driven by pin 'early/g_candidate[3].ledger/borrowed_rows_o[1]' has no loads. (LINT-2)
Warning: In design 'dss_analyzer_top_PARALLEL_ORIENTATION0', net 'early/g_candidate[3].ubr[2]' driven by pin 'early/g_candidate[3].ledger/borrowed_rows_o[2]' has no loads. (LINT-2)
Warning: In design 'dss_analyzer_top_PARALLEL_ORIENTATION0', net 'early/g_candidate[2].uuc[0]' driven by pin 'early/g_candidate[2].ledger/used_cols_o[0]' has no loads. (LINT-2)
Warning: In design 'dss_analyzer_top_PARALLEL_ORIENTATION0', net 'early/g_candidate[2].uuc[1]' driven by pin 'early/g_candidate[2].ledger/used_cols_o[1]' has no loads. (LINT-2)
Warning: In design 'dss_analyzer_top_PARALLEL_ORIENTATION0', net 'early/g_candidate[2].uuc[2]' driven by pin 'early/g_candidate[2].ledger/used_cols_o[2]' has no loads. (LINT-2)
Warning: In design 'dss_analyzer_top_PARALLEL_ORIENTATION0', net 'early/g_candidate[2].uuc[3]' driven by pin 'early/g_candidate[2].ledger/used_cols_o[3]' has no loads. (LINT-2)
Warning: In design 'dss_analyzer_top_PARALLEL_ORIENTATION0', net 'early/g_candidate[2].uuc[4]' driven by pin 'early/g_candidate[2].ledger/used_cols_o[4]' has no loads. (LINT-2)
Warning: In design 'dss_analyzer_top_PARALLEL_ORIENTATION0', net 'early/g_candidate[2].uuc[5]' driven by pin 'early/g_candidate[2].ledger/used_cols_o[5]' has no loads. (LINT-2)
Warning: In design 'dss_analyzer_top_PARALLEL_ORIENTATION0', net 'early/g_candidate[2].uuc[6]' driven by pin 'early/g_candidate[2].ledger/used_cols_o[6]' has no loads. (LINT-2)
Warning: In design 'dss_analyzer_top_PARALLEL_ORIENTATION0', net 'early/g_candidate[2].uuc[7]' driven by pin 'early/g_candidate[2].ledger/used_cols_o[7]' has no loads. (LINT-2)
Warning: In design 'dss_analyzer_top_PARALLEL_ORIENTATION0', net 'early/g_candidate[2].uur[5]' driven by pin 'early/g_candidate[2].ledger/used_rows_o[5]' has no loads. (LINT-2)
Warning: In design 'dss_analyzer_top_PARALLEL_ORIENTATION0', net 'early/g_candidate[2].uur[6]' driven by pin 'early/g_candidate[2].ledger/used_rows_o[6]' has no loads. (LINT-2)
Warning: In design 'dss_analyzer_top_PARALLEL_ORIENTATION0', net 'early/g_candidate[2].uur[7]' driven by pin 'early/g_candidate[2].ledger/used_rows_o[7]' has no loads. (LINT-2)
Warning: In design 'dss_analyzer_top_PARALLEL_ORIENTATION0', net 'early/g_candidate[2].uur[0]' driven by pin 'early/g_candidate[2].ledger/used_rows_o[0]' has no loads. (LINT-2)
Warning: In design 'dss_analyzer_top_PARALLEL_ORIENTATION0', net 'early/g_candidate[2].uur[1]' driven by pin 'early/g_candidate[2].ledger/used_rows_o[1]' has no loads. (LINT-2)
Warning: In design 'dss_analyzer_top_PARALLEL_ORIENTATION0', net 'early/g_candidate[2].uur[2]' driven by pin 'early/g_candidate[2].ledger/used_rows_o[2]' has no loads. (LINT-2)
Warning: In design 'dss_analyzer_top_PARALLEL_ORIENTATION0', net 'early/g_candidate[2].uur[3]' driven by pin 'early/g_candidate[2].ledger/used_rows_o[3]' has no loads. (LINT-2)
Warning: In design 'dss_analyzer_top_PARALLEL_ORIENTATION0', net 'early/g_candidate[2].uur[4]' driven by pin 'early/g_candidate[2].ledger/used_rows_o[4]' has no loads. (LINT-2)
Warning: In design 'dss_analyzer_top_PARALLEL_ORIENTATION0', net 'early/g_candidate[2].ubc[0]' driven by pin 'early/g_candidate[2].ledger/borrowed_cols_o[0]' has no loads. (LINT-2)
Warning: In design 'dss_analyzer_top_PARALLEL_ORIENTATION0', net 'early/g_candidate[2].ubc[1]' driven by pin 'early/g_candidate[2].ledger/borrowed_cols_o[1]' has no loads. (LINT-2)
Warning: In design 'dss_analyzer_top_PARALLEL_ORIENTATION0', net 'early/g_candidate[2].ubc[2]' driven by pin 'early/g_candidate[2].ledger/borrowed_cols_o[2]' has no loads. (LINT-2)
Warning: In design 'dss_analyzer_top_PARALLEL_ORIENTATION0', net 'early/g_candidate[2].ubr[0]' driven by pin 'early/g_candidate[2].ledger/borrowed_rows_o[0]' has no loads. (LINT-2)
Warning: In design 'dss_analyzer_top_PARALLEL_ORIENTATION0', net 'early/g_candidate[2].ubr[1]' driven by pin 'early/g_candidate[2].ledger/borrowed_rows_o[1]' has no loads. (LINT-2)
Warning: In design 'dss_analyzer_top_PARALLEL_ORIENTATION0', net 'early/g_candidate[2].ubr[2]' driven by pin 'early/g_candidate[2].ledger/borrowed_rows_o[2]' has no loads. (LINT-2)
Warning: In design 'dss_analyzer_top_PARALLEL_ORIENTATION0', net 'early/g_candidate[1].uuc[0]' driven by pin 'early/g_candidate[1].ledger/used_cols_o[0]' has no loads. (LINT-2)
Warning: In design 'dss_analyzer_top_PARALLEL_ORIENTATION0', net 'early/g_candidate[1].uuc[1]' driven by pin 'early/g_candidate[1].ledger/used_cols_o[1]' has no loads. (LINT-2)
Warning: In design 'dss_analyzer_top_PARALLEL_ORIENTATION0', net 'early/g_candidate[1].uuc[2]' driven by pin 'early/g_candidate[1].ledger/used_cols_o[2]' has no loads. (LINT-2)
Warning: In design 'dss_analyzer_top_PARALLEL_ORIENTATION0', net 'early/g_candidate[1].uuc[3]' driven by pin 'early/g_candidate[1].ledger/used_cols_o[3]' has no loads. (LINT-2)
Warning: In design 'dss_analyzer_top_PARALLEL_ORIENTATION0', net 'early/g_candidate[1].uuc[4]' driven by pin 'early/g_candidate[1].ledger/used_cols_o[4]' has no loads. (LINT-2)
Warning: In design 'dss_analyzer_top_PARALLEL_ORIENTATION0', net 'early/g_candidate[1].uuc[5]' driven by pin 'early/g_candidate[1].ledger/used_cols_o[5]' has no loads. (LINT-2)
Warning: In design 'dss_analyzer_top_PARALLEL_ORIENTATION0', net 'early/g_candidate[1].uuc[6]' driven by pin 'early/g_candidate[1].ledger/used_cols_o[6]' has no loads. (LINT-2)
Warning: In design 'dss_analyzer_top_PARALLEL_ORIENTATION0', net 'early/g_candidate[1].uuc[7]' driven by pin 'early/g_candidate[1].ledger/used_cols_o[7]' has no loads. (LINT-2)
Warning: In design 'dss_analyzer_top_PARALLEL_ORIENTATION0', net 'early/g_candidate[1].uur[5]' driven by pin 'early/g_candidate[1].ledger/used_rows_o[5]' has no loads. (LINT-2)
Warning: In design 'dss_analyzer_top_PARALLEL_ORIENTATION0', net 'early/g_candidate[1].uur[6]' driven by pin 'early/g_candidate[1].ledger/used_rows_o[6]' has no loads. (LINT-2)
Warning: In design 'dss_analyzer_top_PARALLEL_ORIENTATION0', net 'early/g_candidate[1].uur[7]' driven by pin 'early/g_candidate[1].ledger/used_rows_o[7]' has no loads. (LINT-2)
Warning: In design 'dss_analyzer_top_PARALLEL_ORIENTATION0', net 'early/g_candidate[1].uur[0]' driven by pin 'early/g_candidate[1].ledger/used_rows_o[0]' has no loads. (LINT-2)
Warning: In design 'dss_analyzer_top_PARALLEL_ORIENTATION0', net 'early/g_candidate[1].uur[1]' driven by pin 'early/g_candidate[1].ledger/used_rows_o[1]' has no loads. (LINT-2)
Warning: In design 'dss_analyzer_top_PARALLEL_ORIENTATION0', net 'early/g_candidate[1].uur[2]' driven by pin 'early/g_candidate[1].ledger/used_rows_o[2]' has no loads. (LINT-2)
Warning: In design 'dss_analyzer_top_PARALLEL_ORIENTATION0', net 'early/g_candidate[1].uur[3]' driven by pin 'early/g_candidate[1].ledger/used_rows_o[3]' has no loads. (LINT-2)
Warning: In design 'dss_analyzer_top_PARALLEL_ORIENTATION0', net 'early/g_candidate[1].uur[4]' driven by pin 'early/g_candidate[1].ledger/used_rows_o[4]' has no loads. (LINT-2)
Warning: In design 'dss_analyzer_top_PARALLEL_ORIENTATION0', net 'early/g_candidate[1].ubc[0]' driven by pin 'early/g_candidate[1].ledger/borrowed_cols_o[0]' has no loads. (LINT-2)
Warning: In design 'dss_analyzer_top_PARALLEL_ORIENTATION0', net 'early/g_candidate[1].ubc[1]' driven by pin 'early/g_candidate[1].ledger/borrowed_cols_o[1]' has no loads. (LINT-2)
Warning: In design 'dss_analyzer_top_PARALLEL_ORIENTATION0', net 'early/g_candidate[1].ubc[2]' driven by pin 'early/g_candidate[1].ledger/borrowed_cols_o[2]' has no loads. (LINT-2)
Warning: In design 'dss_analyzer_top_PARALLEL_ORIENTATION0', net 'early/g_candidate[1].ubr[0]' driven by pin 'early/g_candidate[1].ledger/borrowed_rows_o[0]' has no loads. (LINT-2)
Warning: In design 'dss_analyzer_top_PARALLEL_ORIENTATION0', net 'early/g_candidate[1].ubr[1]' driven by pin 'early/g_candidate[1].ledger/borrowed_rows_o[1]' has no loads. (LINT-2)
Warning: In design 'dss_analyzer_top_PARALLEL_ORIENTATION0', net 'early/g_candidate[1].ubr[2]' driven by pin 'early/g_candidate[1].ledger/borrowed_rows_o[2]' has no loads. (LINT-2)
Warning: In design 'dss_analyzer_top_PARALLEL_ORIENTATION0', net 'early/g_candidate[0].uuc[0]' driven by pin 'early/g_candidate[0].ledger/used_cols_o[0]' has no loads. (LINT-2)
Warning: In design 'dss_analyzer_top_PARALLEL_ORIENTATION0', net 'early/g_candidate[0].uuc[1]' driven by pin 'early/g_candidate[0].ledger/used_cols_o[1]' has no loads. (LINT-2)
Warning: In design 'dss_analyzer_top_PARALLEL_ORIENTATION0', net 'early/g_candidate[0].uuc[2]' driven by pin 'early/g_candidate[0].ledger/used_cols_o[2]' has no loads. (LINT-2)
Warning: In design 'dss_analyzer_top_PARALLEL_ORIENTATION0', net 'early/g_candidate[0].uuc[3]' driven by pin 'early/g_candidate[0].ledger/used_cols_o[3]' has no loads. (LINT-2)
Warning: In design 'dss_analyzer_top_PARALLEL_ORIENTATION0', net 'early/g_candidate[0].uuc[4]' driven by pin 'early/g_candidate[0].ledger/used_cols_o[4]' has no loads. (LINT-2)
Warning: In design 'dss_analyzer_top_PARALLEL_ORIENTATION0', net 'early/g_candidate[0].uuc[5]' driven by pin 'early/g_candidate[0].ledger/used_cols_o[5]' has no loads. (LINT-2)
Warning: In design 'dss_analyzer_top_PARALLEL_ORIENTATION0', net 'early/g_candidate[0].uuc[6]' driven by pin 'early/g_candidate[0].ledger/used_cols_o[6]' has no loads. (LINT-2)
Warning: In design 'dss_analyzer_top_PARALLEL_ORIENTATION0', net 'early/g_candidate[0].uuc[7]' driven by pin 'early/g_candidate[0].ledger/used_cols_o[7]' has no loads. (LINT-2)
Warning: In design 'dss_analyzer_top_PARALLEL_ORIENTATION0', net 'early/g_candidate[0].uur[5]' driven by pin 'early/g_candidate[0].ledger/used_rows_o[5]' has no loads. (LINT-2)
Warning: In design 'dss_analyzer_top_PARALLEL_ORIENTATION0', net 'early/g_candidate[0].uur[6]' driven by pin 'early/g_candidate[0].ledger/used_rows_o[6]' has no loads. (LINT-2)
Warning: In design 'dss_analyzer_top_PARALLEL_ORIENTATION0', net 'early/g_candidate[0].uur[7]' driven by pin 'early/g_candidate[0].ledger/used_rows_o[7]' has no loads. (LINT-2)
Warning: In design 'dss_analyzer_top_PARALLEL_ORIENTATION0', net 'early/g_candidate[0].uur[0]' driven by pin 'early/g_candidate[0].ledger/used_rows_o[0]' has no loads. (LINT-2)
Warning: In design 'dss_analyzer_top_PARALLEL_ORIENTATION0', net 'early/g_candidate[0].uur[1]' driven by pin 'early/g_candidate[0].ledger/used_rows_o[1]' has no loads. (LINT-2)
Warning: In design 'dss_analyzer_top_PARALLEL_ORIENTATION0', net 'early/g_candidate[0].uur[2]' driven by pin 'early/g_candidate[0].ledger/used_rows_o[2]' has no loads. (LINT-2)
Warning: In design 'dss_analyzer_top_PARALLEL_ORIENTATION0', net 'early/g_candidate[0].uur[3]' driven by pin 'early/g_candidate[0].ledger/used_rows_o[3]' has no loads. (LINT-2)
Warning: In design 'dss_analyzer_top_PARALLEL_ORIENTATION0', net 'early/g_candidate[0].uur[4]' driven by pin 'early/g_candidate[0].ledger/used_rows_o[4]' has no loads. (LINT-2)
Warning: In design 'dss_analyzer_top_PARALLEL_ORIENTATION0', net 'early/g_candidate[0].ubc[0]' driven by pin 'early/g_candidate[0].ledger/borrowed_cols_o[0]' has no loads. (LINT-2)
Warning: In design 'dss_analyzer_top_PARALLEL_ORIENTATION0', net 'early/g_candidate[0].ubc[1]' driven by pin 'early/g_candidate[0].ledger/borrowed_cols_o[1]' has no loads. (LINT-2)
Warning: In design 'dss_analyzer_top_PARALLEL_ORIENTATION0', net 'early/g_candidate[0].ubc[2]' driven by pin 'early/g_candidate[0].ledger/borrowed_cols_o[2]' has no loads. (LINT-2)
Warning: In design 'dss_analyzer_top_PARALLEL_ORIENTATION0', net 'early/g_candidate[0].ubr[0]' driven by pin 'early/g_candidate[0].ledger/borrowed_rows_o[0]' has no loads. (LINT-2)
Warning: In design 'dss_analyzer_top_PARALLEL_ORIENTATION0', net 'early/g_candidate[0].ubr[1]' driven by pin 'early/g_candidate[0].ledger/borrowed_rows_o[1]' has no loads. (LINT-2)
Warning: In design 'dss_analyzer_top_PARALLEL_ORIENTATION0', net 'early/g_candidate[0].ubr[2]' driven by pin 'early/g_candidate[0].ledger/borrowed_rows_o[2]' has no loads. (LINT-2)
Warning: In design 'dss_analyzer_top_PARALLEL_ORIENTATION0', net 'group_search/unused_uc[0]' driven by pin 'group_search/ledger/used_cols_o[0]' has no loads. (LINT-2)
Warning: In design 'dss_analyzer_top_PARALLEL_ORIENTATION0', net 'group_search/unused_uc[1]' driven by pin 'group_search/ledger/used_cols_o[1]' has no loads. (LINT-2)
Warning: In design 'dss_analyzer_top_PARALLEL_ORIENTATION0', net 'group_search/unused_uc[2]' driven by pin 'group_search/ledger/used_cols_o[2]' has no loads. (LINT-2)
Warning: In design 'dss_analyzer_top_PARALLEL_ORIENTATION0', net 'group_search/unused_uc[3]' driven by pin 'group_search/ledger/used_cols_o[3]' has no loads. (LINT-2)
Warning: In design 'dss_analyzer_top_PARALLEL_ORIENTATION0', net 'group_search/unused_uc[4]' driven by pin 'group_search/ledger/used_cols_o[4]' has no loads. (LINT-2)
Warning: In design 'dss_analyzer_top_PARALLEL_ORIENTATION0', net 'group_search/unused_uc[5]' driven by pin 'group_search/ledger/used_cols_o[5]' has no loads. (LINT-2)
Warning: In design 'dss_analyzer_top_PARALLEL_ORIENTATION0', net 'group_search/unused_uc[6]' driven by pin 'group_search/ledger/used_cols_o[6]' has no loads. (LINT-2)
Warning: In design 'dss_analyzer_top_PARALLEL_ORIENTATION0', net 'group_search/unused_uc[7]' driven by pin 'group_search/ledger/used_cols_o[7]' has no loads. (LINT-2)
Warning: In design 'dss_analyzer_top_PARALLEL_ORIENTATION0', net 'group_search/unused_ur[5]' driven by pin 'group_search/ledger/used_rows_o[5]' has no loads. (LINT-2)
Warning: In design 'dss_analyzer_top_PARALLEL_ORIENTATION0', net 'group_search/unused_ur[6]' driven by pin 'group_search/ledger/used_rows_o[6]' has no loads. (LINT-2)
Warning: In design 'dss_analyzer_top_PARALLEL_ORIENTATION0', net 'group_search/unused_ur[7]' driven by pin 'group_search/ledger/used_rows_o[7]' has no loads. (LINT-2)
Warning: In design 'dss_analyzer_top_PARALLEL_ORIENTATION0', net 'group_search/unused_ur[0]' driven by pin 'group_search/ledger/used_rows_o[0]' has no loads. (LINT-2)
Warning: In design 'dss_analyzer_top_PARALLEL_ORIENTATION0', net 'group_search/unused_ur[1]' driven by pin 'group_search/ledger/used_rows_o[1]' has no loads. (LINT-2)
Warning: In design 'dss_analyzer_top_PARALLEL_ORIENTATION0', net 'group_search/unused_ur[2]' driven by pin 'group_search/ledger/used_rows_o[2]' has no loads. (LINT-2)
Warning: In design 'dss_analyzer_top_PARALLEL_ORIENTATION0', net 'group_search/unused_ur[3]' driven by pin 'group_search/ledger/used_rows_o[3]' has no loads. (LINT-2)
Warning: In design 'dss_analyzer_top_PARALLEL_ORIENTATION0', net 'group_search/unused_ur[4]' driven by pin 'group_search/ledger/used_rows_o[4]' has no loads. (LINT-2)
Warning: In design 'dss_analyzer_top_PARALLEL_ORIENTATION0', net 'group_search/unused_bc[0]' driven by pin 'group_search/ledger/borrowed_cols_o[0]' has no loads. (LINT-2)
Warning: In design 'dss_analyzer_top_PARALLEL_ORIENTATION0', net 'group_search/unused_bc[1]' driven by pin 'group_search/ledger/borrowed_cols_o[1]' has no loads. (LINT-2)
Warning: In design 'dss_analyzer_top_PARALLEL_ORIENTATION0', net 'group_search/unused_bc[2]' driven by pin 'group_search/ledger/borrowed_cols_o[2]' has no loads. (LINT-2)
Warning: In design 'dss_analyzer_top_PARALLEL_ORIENTATION0', net 'group_search/unused_br[0]' driven by pin 'group_search/ledger/borrowed_rows_o[0]' has no loads. (LINT-2)
Warning: In design 'dss_analyzer_top_PARALLEL_ORIENTATION0', net 'group_search/unused_br[1]' driven by pin 'group_search/ledger/borrowed_rows_o[1]' has no loads. (LINT-2)
Warning: In design 'dss_analyzer_top_PARALLEL_ORIENTATION0', net 'group_search/unused_br[2]' driven by pin 'group_search/ledger/borrowed_rows_o[2]' has no loads. (LINT-2)
Warning: In design 'dss_analyzer_top_PARALLEL_ORIENTATION0', output port 'pending_repair_occupancy_o[1]' is connected directly to output port 'pending_repair_occupancy_o[0]'. (LINT-31)
Warning: In design 'config_resource_decode_3', output port 'rows_o[2]' is connected directly to output port 'cols_o[2]'. (LINT-31)
Warning: In design 'shared_pivot_cam_ROW_W10_COL_W10_MAX_K5_NUM_CFG7', output port 'valid_o[4]' is connected directly to output port 'cfg_entry_valid_o[33]'. (LINT-31)
Warning: In design 'shared_pivot_cam_ROW_W10_COL_W10_MAX_K5_NUM_CFG7', output port 'valid_o[4]' is connected directly to output port 'cfg_entry_valid_o[30]'. (LINT-31)
Warning: In design 'shared_pivot_cam_ROW_W10_COL_W10_MAX_K5_NUM_CFG7', output port 'valid_o[3]' is connected directly to output port 'cfg_entry_valid_o[27]'. (LINT-31)
Warning: In design 'shared_pivot_cam_ROW_W10_COL_W10_MAX_K5_NUM_CFG7', output port 'valid_o[3]' is connected directly to output port 'cfg_entry_valid_o[26]'. (LINT-31)
Warning: In design 'shared_pivot_cam_ROW_W10_COL_W10_MAX_K5_NUM_CFG7', output port 'valid_o[3]' is connected directly to output port 'cfg_entry_valid_o[24]'. (LINT-31)
Warning: In design 'shared_pivot_cam_ROW_W10_COL_W10_MAX_K5_NUM_CFG7', output port 'valid_o[3]' is connected directly to output port 'cfg_entry_valid_o[23]'. (LINT-31)
Warning: In design 'shared_pivot_cam_ROW_W10_COL_W10_MAX_K5_NUM_CFG7', output port 'valid_o[3]' is connected directly to output port 'cfg_entry_valid_o[21]'. (LINT-31)
Warning: In design 'shared_pivot_cam_ROW_W10_COL_W10_MAX_K5_NUM_CFG7', output port 'valid_o[2]' is connected directly to output port 'cfg_entry_valid_o[20]'. (LINT-31)
Warning: In design 'shared_pivot_cam_ROW_W10_COL_W10_MAX_K5_NUM_CFG7', output port 'valid_o[2]' is connected directly to output port 'cfg_entry_valid_o[19]'. (LINT-31)
Warning: In design 'shared_pivot_cam_ROW_W10_COL_W10_MAX_K5_NUM_CFG7', output port 'valid_o[2]' is connected directly to output port 'cfg_entry_valid_o[18]'. (LINT-31)
Warning: In design 'shared_pivot_cam_ROW_W10_COL_W10_MAX_K5_NUM_CFG7', output port 'valid_o[2]' is connected directly to output port 'cfg_entry_valid_o[17]'. (LINT-31)
Warning: In design 'shared_pivot_cam_ROW_W10_COL_W10_MAX_K5_NUM_CFG7', output port 'valid_o[2]' is connected directly to output port 'cfg_entry_valid_o[16]'. (LINT-31)
Warning: In design 'shared_pivot_cam_ROW_W10_COL_W10_MAX_K5_NUM_CFG7', output port 'valid_o[2]' is connected directly to output port 'cfg_entry_valid_o[15]'. (LINT-31)
Warning: In design 'shared_pivot_cam_ROW_W10_COL_W10_MAX_K5_NUM_CFG7', output port 'valid_o[2]' is connected directly to output port 'cfg_entry_valid_o[14]'. (LINT-31)
Warning: In design 'shared_pivot_cam_ROW_W10_COL_W10_MAX_K5_NUM_CFG7', output port 'valid_o[1]' is connected directly to output port 'cfg_entry_valid_o[13]'. (LINT-31)
Warning: In design 'shared_pivot_cam_ROW_W10_COL_W10_MAX_K5_NUM_CFG7', output port 'valid_o[1]' is connected directly to output port 'cfg_entry_valid_o[12]'. (LINT-31)
Warning: In design 'shared_pivot_cam_ROW_W10_COL_W10_MAX_K5_NUM_CFG7', output port 'valid_o[1]' is connected directly to output port 'cfg_entry_valid_o[11]'. (LINT-31)
Warning: In design 'shared_pivot_cam_ROW_W10_COL_W10_MAX_K5_NUM_CFG7', output port 'valid_o[1]' is connected directly to output port 'cfg_entry_valid_o[10]'. (LINT-31)
Warning: In design 'shared_pivot_cam_ROW_W10_COL_W10_MAX_K5_NUM_CFG7', output port 'valid_o[1]' is connected directly to output port 'cfg_entry_valid_o[9]'. (LINT-31)
Warning: In design 'shared_pivot_cam_ROW_W10_COL_W10_MAX_K5_NUM_CFG7', output port 'valid_o[1]' is connected directly to output port 'cfg_entry_valid_o[8]'. (LINT-31)
Warning: In design 'shared_pivot_cam_ROW_W10_COL_W10_MAX_K5_NUM_CFG7', output port 'valid_o[1]' is connected directly to output port 'cfg_entry_valid_o[7]'. (LINT-31)
Warning: In design 'shared_pivot_cam_ROW_W10_COL_W10_MAX_K5_NUM_CFG7', output port 'valid_o[0]' is connected directly to output port 'cfg_entry_valid_o[6]'. (LINT-31)
Warning: In design 'shared_pivot_cam_ROW_W10_COL_W10_MAX_K5_NUM_CFG7', output port 'valid_o[0]' is connected directly to output port 'cfg_entry_valid_o[5]'. (LINT-31)
Warning: In design 'shared_pivot_cam_ROW_W10_COL_W10_MAX_K5_NUM_CFG7', output port 'valid_o[0]' is connected directly to output port 'cfg_entry_valid_o[4]'. (LINT-31)
Warning: In design 'shared_pivot_cam_ROW_W10_COL_W10_MAX_K5_NUM_CFG7', output port 'valid_o[0]' is connected directly to output port 'cfg_entry_valid_o[3]'. (LINT-31)
Warning: In design 'shared_pivot_cam_ROW_W10_COL_W10_MAX_K5_NUM_CFG7', output port 'valid_o[0]' is connected directly to output port 'cfg_entry_valid_o[2]'. (LINT-31)
Warning: In design 'shared_pivot_cam_ROW_W10_COL_W10_MAX_K5_NUM_CFG7', output port 'valid_o[0]' is connected directly to output port 'cfg_entry_valid_o[1]'. (LINT-31)
Warning: In design 'shared_pivot_cam_ROW_W10_COL_W10_MAX_K5_NUM_CFG7', output port 'valid_o[0]' is connected directly to output port 'cfg_entry_valid_o[0]'. (LINT-31)
Warning: In design 'shared_pivot_cam_ROW_W10_COL_W10_MAX_K5_NUM_CFG7', output port 'cfg_entry_valid_o[34]' is connected directly to output port 'cfg_entry_valid_o[32]'. (LINT-31)
Warning: In design 'shared_pivot_cam_ROW_W10_COL_W10_MAX_K5_NUM_CFG7', output port 'cfg_entry_valid_o[34]' is connected directly to output port 'cfg_entry_valid_o[31]'. (LINT-31)
Warning: In design 'shared_pivot_cam_ROW_W10_COL_W10_MAX_K5_NUM_CFG7', output port 'cfg_entry_valid_o[34]' is connected directly to output port 'cfg_entry_valid_o[29]'. (LINT-31)
Warning: In design 'shared_pivot_cam_ROW_W10_COL_W10_MAX_K5_NUM_CFG7', output port 'cfg_entry_valid_o[34]' is connected directly to output port 'cfg_entry_valid_o[28]'. (LINT-31)
Warning: In design 'shared_pivot_cam_ROW_W10_COL_W10_MAX_K5_NUM_CFG7', output port 'cfg_entry_valid_o[34]' is connected directly to output port 'cfg_entry_valid_o[25]'. (LINT-31)
Warning: In design 'shared_pivot_cam_ROW_W10_COL_W10_MAX_K5_NUM_CFG7', output port 'cfg_entry_valid_o[34]' is connected directly to output port 'cfg_entry_valid_o[22]'. (LINT-31)
Warning: In design 'resource_tracker_RS2_CS2_SHARED_ROWS1_SHARED_COLS1_MAX_BORROWS3_TOPOLOGY1_SPARE_WIDTH3_8', output port 'used_rows_o[7]' is connected directly to output port 'used_cols_o[5]'. (LINT-31)
Warning: In design 'resource_tracker_RS2_CS2_SHARED_ROWS1_SHARED_COLS1_MAX_BORROWS3_TOPOLOGY1_SPARE_WIDTH3_8', output port 'used_rows_o[7]' is connected directly to output port 'used_cols_o[6]'. (LINT-31)
Warning: In design 'resource_tracker_RS2_CS2_SHARED_ROWS1_SHARED_COLS1_MAX_BORROWS3_TOPOLOGY1_SPARE_WIDTH3_8', output port 'used_rows_o[7]' is connected directly to output port 'used_cols_o[7]'. (LINT-31)
Warning: In design 'resource_tracker_RS2_CS2_SHARED_ROWS1_SHARED_COLS1_MAX_BORROWS3_TOPOLOGY1_SPARE_WIDTH3_8', output port 'used_rows_o[7]' is connected directly to output port 'used_rows_o[5]'. (LINT-31)
Warning: In design 'resource_tracker_RS2_CS2_SHARED_ROWS1_SHARED_COLS1_MAX_BORROWS3_TOPOLOGY1_SPARE_WIDTH3_8', output port 'used_rows_o[7]' is connected directly to output port 'used_rows_o[6]'. (LINT-31)
Warning: In design 'config_resource_decode_0', output port 'rows_o[2]' is connected directly to output port 'cols_o[2]'. (LINT-31)
Warning: In design 'config_resource_decode_1', output port 'rows_o[2]' is connected directly to output port 'cols_o[2]'. (LINT-31)
Warning: In design 'config_resource_decode_2', output port 'rows_o[2]' is connected directly to output port 'cols_o[2]'. (LINT-31)
Warning: In design 'resource_tracker_RS2_CS2_SHARED_ROWS1_SHARED_COLS1_MAX_BORROWS3_TOPOLOGY1_SPARE_WIDTH3_0', output port 'used_rows_o[7]' is connected directly to output port 'used_cols_o[5]'. (LINT-31)
Warning: In design 'resource_tracker_RS2_CS2_SHARED_ROWS1_SHARED_COLS1_MAX_BORROWS3_TOPOLOGY1_SPARE_WIDTH3_0', output port 'used_rows_o[7]' is connected directly to output port 'used_cols_o[6]'. (LINT-31)
Warning: In design 'resource_tracker_RS2_CS2_SHARED_ROWS1_SHARED_COLS1_MAX_BORROWS3_TOPOLOGY1_SPARE_WIDTH3_0', output port 'used_rows_o[7]' is connected directly to output port 'used_cols_o[7]'. (LINT-31)
Warning: In design 'resource_tracker_RS2_CS2_SHARED_ROWS1_SHARED_COLS1_MAX_BORROWS3_TOPOLOGY1_SPARE_WIDTH3_0', output port 'used_rows_o[7]' is connected directly to output port 'used_rows_o[5]'. (LINT-31)
Warning: In design 'resource_tracker_RS2_CS2_SHARED_ROWS1_SHARED_COLS1_MAX_BORROWS3_TOPOLOGY1_SPARE_WIDTH3_0', output port 'used_rows_o[7]' is connected directly to output port 'used_rows_o[6]'. (LINT-31)
Warning: In design 'resource_tracker_RS2_CS2_SHARED_ROWS1_SHARED_COLS1_MAX_BORROWS3_TOPOLOGY1_SPARE_WIDTH3_1', output port 'used_rows_o[7]' is connected directly to output port 'used_cols_o[5]'. (LINT-31)
Warning: In design 'resource_tracker_RS2_CS2_SHARED_ROWS1_SHARED_COLS1_MAX_BORROWS3_TOPOLOGY1_SPARE_WIDTH3_1', output port 'used_rows_o[7]' is connected directly to output port 'used_cols_o[6]'. (LINT-31)
Warning: In design 'resource_tracker_RS2_CS2_SHARED_ROWS1_SHARED_COLS1_MAX_BORROWS3_TOPOLOGY1_SPARE_WIDTH3_1', output port 'used_rows_o[7]' is connected directly to output port 'used_cols_o[7]'. (LINT-31)
Warning: In design 'resource_tracker_RS2_CS2_SHARED_ROWS1_SHARED_COLS1_MAX_BORROWS3_TOPOLOGY1_SPARE_WIDTH3_1', output port 'used_rows_o[7]' is connected directly to output port 'used_rows_o[5]'. (LINT-31)
Warning: In design 'resource_tracker_RS2_CS2_SHARED_ROWS1_SHARED_COLS1_MAX_BORROWS3_TOPOLOGY1_SPARE_WIDTH3_1', output port 'used_rows_o[7]' is connected directly to output port 'used_rows_o[6]'. (LINT-31)
Warning: In design 'resource_tracker_RS2_CS2_SHARED_ROWS1_SHARED_COLS1_MAX_BORROWS3_TOPOLOGY1_SPARE_WIDTH3_2', output port 'used_rows_o[7]' is connected directly to output port 'used_cols_o[5]'. (LINT-31)
Warning: In design 'resource_tracker_RS2_CS2_SHARED_ROWS1_SHARED_COLS1_MAX_BORROWS3_TOPOLOGY1_SPARE_WIDTH3_2', output port 'used_rows_o[7]' is connected directly to output port 'used_cols_o[6]'. (LINT-31)
Warning: In design 'resource_tracker_RS2_CS2_SHARED_ROWS1_SHARED_COLS1_MAX_BORROWS3_TOPOLOGY1_SPARE_WIDTH3_2', output port 'used_rows_o[7]' is connected directly to output port 'used_cols_o[7]'. (LINT-31)
Warning: In design 'resource_tracker_RS2_CS2_SHARED_ROWS1_SHARED_COLS1_MAX_BORROWS3_TOPOLOGY1_SPARE_WIDTH3_2', output port 'used_rows_o[7]' is connected directly to output port 'used_rows_o[5]'. (LINT-31)
Warning: In design 'resource_tracker_RS2_CS2_SHARED_ROWS1_SHARED_COLS1_MAX_BORROWS3_TOPOLOGY1_SPARE_WIDTH3_2', output port 'used_rows_o[7]' is connected directly to output port 'used_rows_o[6]'. (LINT-31)
Warning: In design 'resource_tracker_RS2_CS2_SHARED_ROWS1_SHARED_COLS1_MAX_BORROWS3_TOPOLOGY1_SPARE_WIDTH3_3', output port 'used_rows_o[7]' is connected directly to output port 'used_cols_o[5]'. (LINT-31)
Warning: In design 'resource_tracker_RS2_CS2_SHARED_ROWS1_SHARED_COLS1_MAX_BORROWS3_TOPOLOGY1_SPARE_WIDTH3_3', output port 'used_rows_o[7]' is connected directly to output port 'used_cols_o[6]'. (LINT-31)
Warning: In design 'resource_tracker_RS2_CS2_SHARED_ROWS1_SHARED_COLS1_MAX_BORROWS3_TOPOLOGY1_SPARE_WIDTH3_3', output port 'used_rows_o[7]' is connected directly to output port 'used_cols_o[7]'. (LINT-31)
Warning: In design 'resource_tracker_RS2_CS2_SHARED_ROWS1_SHARED_COLS1_MAX_BORROWS3_TOPOLOGY1_SPARE_WIDTH3_3', output port 'used_rows_o[7]' is connected directly to output port 'used_rows_o[5]'. (LINT-31)
Warning: In design 'resource_tracker_RS2_CS2_SHARED_ROWS1_SHARED_COLS1_MAX_BORROWS3_TOPOLOGY1_SPARE_WIDTH3_3', output port 'used_rows_o[7]' is connected directly to output port 'used_rows_o[6]'. (LINT-31)
Warning: In design 'resource_tracker_RS2_CS2_SHARED_ROWS1_SHARED_COLS1_MAX_BORROWS3_TOPOLOGY1_SPARE_WIDTH3_4', output port 'used_rows_o[7]' is connected directly to output port 'used_cols_o[5]'. (LINT-31)
Warning: In design 'resource_tracker_RS2_CS2_SHARED_ROWS1_SHARED_COLS1_MAX_BORROWS3_TOPOLOGY1_SPARE_WIDTH3_4', output port 'used_rows_o[7]' is connected directly to output port 'used_cols_o[6]'. (LINT-31)
Warning: In design 'resource_tracker_RS2_CS2_SHARED_ROWS1_SHARED_COLS1_MAX_BORROWS3_TOPOLOGY1_SPARE_WIDTH3_4', output port 'used_rows_o[7]' is connected directly to output port 'used_cols_o[7]'. (LINT-31)
Warning: In design 'resource_tracker_RS2_CS2_SHARED_ROWS1_SHARED_COLS1_MAX_BORROWS3_TOPOLOGY1_SPARE_WIDTH3_4', output port 'used_rows_o[7]' is connected directly to output port 'used_rows_o[5]'. (LINT-31)
Warning: In design 'resource_tracker_RS2_CS2_SHARED_ROWS1_SHARED_COLS1_MAX_BORROWS3_TOPOLOGY1_SPARE_WIDTH3_4', output port 'used_rows_o[7]' is connected directly to output port 'used_rows_o[6]'. (LINT-31)
Warning: In design 'resource_tracker_RS2_CS2_SHARED_ROWS1_SHARED_COLS1_MAX_BORROWS3_TOPOLOGY1_SPARE_WIDTH3_5', output port 'used_rows_o[7]' is connected directly to output port 'used_cols_o[5]'. (LINT-31)
Warning: In design 'resource_tracker_RS2_CS2_SHARED_ROWS1_SHARED_COLS1_MAX_BORROWS3_TOPOLOGY1_SPARE_WIDTH3_5', output port 'used_rows_o[7]' is connected directly to output port 'used_cols_o[6]'. (LINT-31)
Warning: In design 'resource_tracker_RS2_CS2_SHARED_ROWS1_SHARED_COLS1_MAX_BORROWS3_TOPOLOGY1_SPARE_WIDTH3_5', output port 'used_rows_o[7]' is connected directly to output port 'used_cols_o[7]'. (LINT-31)
Warning: In design 'resource_tracker_RS2_CS2_SHARED_ROWS1_SHARED_COLS1_MAX_BORROWS3_TOPOLOGY1_SPARE_WIDTH3_5', output port 'used_rows_o[7]' is connected directly to output port 'used_rows_o[5]'. (LINT-31)
Warning: In design 'resource_tracker_RS2_CS2_SHARED_ROWS1_SHARED_COLS1_MAX_BORROWS3_TOPOLOGY1_SPARE_WIDTH3_5', output port 'used_rows_o[7]' is connected directly to output port 'used_rows_o[6]'. (LINT-31)
Warning: In design 'resource_tracker_RS2_CS2_SHARED_ROWS1_SHARED_COLS1_MAX_BORROWS3_TOPOLOGY1_SPARE_WIDTH3_6', output port 'used_rows_o[7]' is connected directly to output port 'used_cols_o[5]'. (LINT-31)
Warning: In design 'resource_tracker_RS2_CS2_SHARED_ROWS1_SHARED_COLS1_MAX_BORROWS3_TOPOLOGY1_SPARE_WIDTH3_6', output port 'used_rows_o[7]' is connected directly to output port 'used_cols_o[6]'. (LINT-31)
Warning: In design 'resource_tracker_RS2_CS2_SHARED_ROWS1_SHARED_COLS1_MAX_BORROWS3_TOPOLOGY1_SPARE_WIDTH3_6', output port 'used_rows_o[7]' is connected directly to output port 'used_cols_o[7]'. (LINT-31)
Warning: In design 'resource_tracker_RS2_CS2_SHARED_ROWS1_SHARED_COLS1_MAX_BORROWS3_TOPOLOGY1_SPARE_WIDTH3_6', output port 'used_rows_o[7]' is connected directly to output port 'used_rows_o[5]'. (LINT-31)
Warning: In design 'resource_tracker_RS2_CS2_SHARED_ROWS1_SHARED_COLS1_MAX_BORROWS3_TOPOLOGY1_SPARE_WIDTH3_6', output port 'used_rows_o[7]' is connected directly to output port 'used_rows_o[6]'. (LINT-31)
Warning: In design 'resource_tracker_RS2_CS2_SHARED_ROWS1_SHARED_COLS1_MAX_BORROWS3_TOPOLOGY1_SPARE_WIDTH3_7', output port 'used_rows_o[7]' is connected directly to output port 'used_cols_o[5]'. (LINT-31)
Warning: In design 'resource_tracker_RS2_CS2_SHARED_ROWS1_SHARED_COLS1_MAX_BORROWS3_TOPOLOGY1_SPARE_WIDTH3_7', output port 'used_rows_o[7]' is connected directly to output port 'used_cols_o[6]'. (LINT-31)
Warning: In design 'resource_tracker_RS2_CS2_SHARED_ROWS1_SHARED_COLS1_MAX_BORROWS3_TOPOLOGY1_SPARE_WIDTH3_7', output port 'used_rows_o[7]' is connected directly to output port 'used_cols_o[7]'. (LINT-31)
Warning: In design 'resource_tracker_RS2_CS2_SHARED_ROWS1_SHARED_COLS1_MAX_BORROWS3_TOPOLOGY1_SPARE_WIDTH3_7', output port 'used_rows_o[7]' is connected directly to output port 'used_rows_o[5]'. (LINT-31)
Warning: In design 'resource_tracker_RS2_CS2_SHARED_ROWS1_SHARED_COLS1_MAX_BORROWS3_TOPOLOGY1_SPARE_WIDTH3_7', output port 'used_rows_o[7]' is connected directly to output port 'used_rows_o[6]'. (LINT-31)
Warning: In design 'multi_config_analyzer_area_engine_MAX_K5_NUM_CFG7_HYBRID_ENTRY_NUM14_ADDR_W10_PATTERN_ID_W4', a pin on submodule 'analyzer' is connected to logic 1 or logic 0. (LINT-32)
   Pin 'active_rows_i[2]' is connected to logic 0. 
Warning: In design 'multi_config_analyzer_area_engine_MAX_K5_NUM_CFG7_HYBRID_ENTRY_NUM14_ADDR_W10_PATTERN_ID_W4', a pin on submodule 'analyzer' is connected to logic 1 or logic 0. (LINT-32)
   Pin 'active_rows_i[1]' is connected to logic 1. 
Warning: In design 'multi_config_analyzer_area_engine_MAX_K5_NUM_CFG7_HYBRID_ENTRY_NUM14_ADDR_W10_PATTERN_ID_W4', a pin on submodule 'analyzer' is connected to logic 1 or logic 0. (LINT-32)
   Pin 'active_cols_i[2]' is connected to logic 0. 
Warning: In design 'multi_config_group_selector_NUM_SA4_NUM_CFG7_PATTERN_ID_W4_SHARED_ROWS1_SHARED_COLS1_MAX_BORROWS3', a pin on submodule 'ledger' is connected to logic 1 or logic 0. (LINT-32)
   Pin 'demand_rows_i[11]' is connected to logic 0. 
Warning: In design 'multi_config_group_selector_NUM_SA4_NUM_CFG7_PATTERN_ID_W4_SHARED_ROWS1_SHARED_COLS1_MAX_BORROWS3', a pin on submodule 'ledger' is connected to logic 1 or logic 0. (LINT-32)
   Pin 'demand_rows_i[8]' is connected to logic 0. 
Warning: In design 'multi_config_group_selector_NUM_SA4_NUM_CFG7_PATTERN_ID_W4_SHARED_ROWS1_SHARED_COLS1_MAX_BORROWS3', a pin on submodule 'ledger' is connected to logic 1 or logic 0. (LINT-32)
   Pin 'demand_rows_i[5]' is connected to logic 0. 
Warning: In design 'multi_config_group_selector_NUM_SA4_NUM_CFG7_PATTERN_ID_W4_SHARED_ROWS1_SHARED_COLS1_MAX_BORROWS3', a pin on submodule 'ledger' is connected to logic 1 or logic 0. (LINT-32)
   Pin 'demand_rows_i[2]' is connected to logic 0. 
Warning: In design 'multi_config_group_selector_NUM_SA4_NUM_CFG7_PATTERN_ID_W4_SHARED_ROWS1_SHARED_COLS1_MAX_BORROWS3', a pin on submodule 'ledger' is connected to logic 1 or logic 0. (LINT-32)
   Pin 'demand_cols_i[11]' is connected to logic 0. 
Warning: In design 'multi_config_group_selector_NUM_SA4_NUM_CFG7_PATTERN_ID_W4_SHARED_ROWS1_SHARED_COLS1_MAX_BORROWS3', a pin on submodule 'ledger' is connected to logic 1 or logic 0. (LINT-32)
   Pin 'demand_cols_i[8]' is connected to logic 0. 
Warning: In design 'multi_config_group_selector_NUM_SA4_NUM_CFG7_PATTERN_ID_W4_SHARED_ROWS1_SHARED_COLS1_MAX_BORROWS3', a pin on submodule 'ledger' is connected to logic 1 or logic 0. (LINT-32)
   Pin 'demand_cols_i[5]' is connected to logic 0. 
Warning: In design 'multi_config_group_selector_NUM_SA4_NUM_CFG7_PATTERN_ID_W4_SHARED_ROWS1_SHARED_COLS1_MAX_BORROWS3', a pin on submodule 'ledger' is connected to logic 1 or logic 0. (LINT-32)
   Pin 'demand_cols_i[2]' is connected to logic 0. 
Warning: In design 'multi_config_analyzer_area_engine_MAX_K5_NUM_CFG7_HYBRID_ENTRY_NUM14_ADDR_W10_PATTERN_ID_W4', the same net is connected to more than one pin on submodule 'view'. (LINT-33)
   Net 'active_cfg[2]' is connected to pins 'config_id_i[2]', 'transpose_i''.
Warning: In design 'multi_config_analyzer_area_engine_MAX_K5_NUM_CFG7_HYBRID_ENTRY_NUM14_ADDR_W10_PATTERN_ID_W4', the same net is connected to more than one pin on submodule 'analyzer'. (LINT-33)
   Net '*Logic0*' is connected to pins 'active_rows_i[2]', 'active_cols_i[2]''.
Warning: In design 'multi_config_group_selector_NUM_SA4_NUM_CFG7_PATTERN_ID_W4_SHARED_ROWS1_SHARED_COLS1_MAX_BORROWS3', the same net is connected to more than one pin on submodule 'ledger'. (LINT-33)
   Net '*Logic0*' is connected to pins 'demand_rows_i[11]', 'demand_rows_i[8]'', 'demand_rows_i[5]', 'demand_rows_i[2]', 'demand_cols_i[11]', 'demand_cols_i[8]', 'demand_cols_i[5]', 'demand_cols_i[2]'.
Warning: In design 'dss_analyzer_top_PARALLEL_ORIENTATION0', output port 'pending_repair_occupancy_o[1]' is connected directly to 'logic 0'. (LINT-52)
Warning: In design 'dss_analyzer_top_PARALLEL_ORIENTATION0', output port 'pending_repair_occupancy_o[0]' is connected directly to 'logic 0'. (LINT-52)
Warning: In design 'config_resource_decode_3', output port 'rows_o[2]' is connected directly to 'logic 0'. (LINT-52)
Warning: In design 'config_resource_decode_3', output port 'cols_o[2]' is connected directly to 'logic 0'. (LINT-52)
Warning: In design 'shared_pivot_cam_ROW_W10_COL_W10_MAX_K5_NUM_CFG7', output port 'cfg_entry_valid_o[34]' is connected directly to 'logic 0'. (LINT-52)
Warning: In design 'shared_pivot_cam_ROW_W10_COL_W10_MAX_K5_NUM_CFG7', output port 'cfg_entry_valid_o[32]' is connected directly to 'logic 0'. (LINT-52)
Warning: In design 'shared_pivot_cam_ROW_W10_COL_W10_MAX_K5_NUM_CFG7', output port 'cfg_entry_valid_o[31]' is connected directly to 'logic 0'. (LINT-52)
Warning: In design 'shared_pivot_cam_ROW_W10_COL_W10_MAX_K5_NUM_CFG7', output port 'cfg_entry_valid_o[29]' is connected directly to 'logic 0'. (LINT-52)
Warning: In design 'shared_pivot_cam_ROW_W10_COL_W10_MAX_K5_NUM_CFG7', output port 'cfg_entry_valid_o[28]' is connected directly to 'logic 0'. (LINT-52)
Warning: In design 'shared_pivot_cam_ROW_W10_COL_W10_MAX_K5_NUM_CFG7', output port 'cfg_entry_valid_o[25]' is connected directly to 'logic 0'. (LINT-52)
Warning: In design 'shared_pivot_cam_ROW_W10_COL_W10_MAX_K5_NUM_CFG7', output port 'cfg_entry_valid_o[22]' is connected directly to 'logic 0'. (LINT-52)
Warning: In design 'resource_tracker_RS2_CS2_SHARED_ROWS1_SHARED_COLS1_MAX_BORROWS3_TOPOLOGY1_SPARE_WIDTH3_8', output port 'used_rows_o[7]' is connected directly to 'logic 0'. (LINT-52)
Warning: In design 'resource_tracker_RS2_CS2_SHARED_ROWS1_SHARED_COLS1_MAX_BORROWS3_TOPOLOGY1_SPARE_WIDTH3_8', output port 'used_rows_o[6]' is connected directly to 'logic 0'. (LINT-52)
Warning: In design 'resource_tracker_RS2_CS2_SHARED_ROWS1_SHARED_COLS1_MAX_BORROWS3_TOPOLOGY1_SPARE_WIDTH3_8', output port 'used_rows_o[5]' is connected directly to 'logic 0'. (LINT-52)
Warning: In design 'resource_tracker_RS2_CS2_SHARED_ROWS1_SHARED_COLS1_MAX_BORROWS3_TOPOLOGY1_SPARE_WIDTH3_8', output port 'used_cols_o[7]' is connected directly to 'logic 0'. (LINT-52)
Warning: In design 'resource_tracker_RS2_CS2_SHARED_ROWS1_SHARED_COLS1_MAX_BORROWS3_TOPOLOGY1_SPARE_WIDTH3_8', output port 'used_cols_o[6]' is connected directly to 'logic 0'. (LINT-52)
Warning: In design 'resource_tracker_RS2_CS2_SHARED_ROWS1_SHARED_COLS1_MAX_BORROWS3_TOPOLOGY1_SPARE_WIDTH3_8', output port 'used_cols_o[5]' is connected directly to 'logic 0'. (LINT-52)
Warning: In design 'config_resource_decode_0', output port 'rows_o[2]' is connected directly to 'logic 0'. (LINT-52)
Warning: In design 'config_resource_decode_0', output port 'cols_o[2]' is connected directly to 'logic 0'. (LINT-52)
Warning: In design 'config_resource_decode_1', output port 'rows_o[2]' is connected directly to 'logic 0'. (LINT-52)
Warning: In design 'config_resource_decode_1', output port 'cols_o[2]' is connected directly to 'logic 0'. (LINT-52)
Warning: In design 'config_resource_decode_2', output port 'rows_o[2]' is connected directly to 'logic 0'. (LINT-52)
Warning: In design 'config_resource_decode_2', output port 'cols_o[2]' is connected directly to 'logic 0'. (LINT-52)
Warning: In design 'resource_tracker_RS2_CS2_SHARED_ROWS1_SHARED_COLS1_MAX_BORROWS3_TOPOLOGY1_SPARE_WIDTH3_0', output port 'used_rows_o[7]' is connected directly to 'logic 0'. (LINT-52)
Warning: In design 'resource_tracker_RS2_CS2_SHARED_ROWS1_SHARED_COLS1_MAX_BORROWS3_TOPOLOGY1_SPARE_WIDTH3_0', output port 'used_rows_o[6]' is connected directly to 'logic 0'. (LINT-52)
Warning: In design 'resource_tracker_RS2_CS2_SHARED_ROWS1_SHARED_COLS1_MAX_BORROWS3_TOPOLOGY1_SPARE_WIDTH3_0', output port 'used_rows_o[5]' is connected directly to 'logic 0'. (LINT-52)
Warning: In design 'resource_tracker_RS2_CS2_SHARED_ROWS1_SHARED_COLS1_MAX_BORROWS3_TOPOLOGY1_SPARE_WIDTH3_0', output port 'used_cols_o[7]' is connected directly to 'logic 0'. (LINT-52)
Warning: In design 'resource_tracker_RS2_CS2_SHARED_ROWS1_SHARED_COLS1_MAX_BORROWS3_TOPOLOGY1_SPARE_WIDTH3_0', output port 'used_cols_o[6]' is connected directly to 'logic 0'. (LINT-52)
Warning: In design 'resource_tracker_RS2_CS2_SHARED_ROWS1_SHARED_COLS1_MAX_BORROWS3_TOPOLOGY1_SPARE_WIDTH3_0', output port 'used_cols_o[5]' is connected directly to 'logic 0'. (LINT-52)
Warning: In design 'resource_tracker_RS2_CS2_SHARED_ROWS1_SHARED_COLS1_MAX_BORROWS3_TOPOLOGY1_SPARE_WIDTH3_1', output port 'used_rows_o[7]' is connected directly to 'logic 0'. (LINT-52)
Warning: In design 'resource_tracker_RS2_CS2_SHARED_ROWS1_SHARED_COLS1_MAX_BORROWS3_TOPOLOGY1_SPARE_WIDTH3_1', output port 'used_rows_o[6]' is connected directly to 'logic 0'. (LINT-52)
Warning: In design 'resource_tracker_RS2_CS2_SHARED_ROWS1_SHARED_COLS1_MAX_BORROWS3_TOPOLOGY1_SPARE_WIDTH3_1', output port 'used_rows_o[5]' is connected directly to 'logic 0'. (LINT-52)
Warning: In design 'resource_tracker_RS2_CS2_SHARED_ROWS1_SHARED_COLS1_MAX_BORROWS3_TOPOLOGY1_SPARE_WIDTH3_1', output port 'used_cols_o[7]' is connected directly to 'logic 0'. (LINT-52)
Warning: In design 'resource_tracker_RS2_CS2_SHARED_ROWS1_SHARED_COLS1_MAX_BORROWS3_TOPOLOGY1_SPARE_WIDTH3_1', output port 'used_cols_o[6]' is connected directly to 'logic 0'. (LINT-52)
Warning: In design 'resource_tracker_RS2_CS2_SHARED_ROWS1_SHARED_COLS1_MAX_BORROWS3_TOPOLOGY1_SPARE_WIDTH3_1', output port 'used_cols_o[5]' is connected directly to 'logic 0'. (LINT-52)
Warning: In design 'resource_tracker_RS2_CS2_SHARED_ROWS1_SHARED_COLS1_MAX_BORROWS3_TOPOLOGY1_SPARE_WIDTH3_2', output port 'used_rows_o[7]' is connected directly to 'logic 0'. (LINT-52)
Warning: In design 'resource_tracker_RS2_CS2_SHARED_ROWS1_SHARED_COLS1_MAX_BORROWS3_TOPOLOGY1_SPARE_WIDTH3_2', output port 'used_rows_o[6]' is connected directly to 'logic 0'. (LINT-52)
Warning: In design 'resource_tracker_RS2_CS2_SHARED_ROWS1_SHARED_COLS1_MAX_BORROWS3_TOPOLOGY1_SPARE_WIDTH3_2', output port 'used_rows_o[5]' is connected directly to 'logic 0'. (LINT-52)
Warning: In design 'resource_tracker_RS2_CS2_SHARED_ROWS1_SHARED_COLS1_MAX_BORROWS3_TOPOLOGY1_SPARE_WIDTH3_2', output port 'used_cols_o[7]' is connected directly to 'logic 0'. (LINT-52)
Warning: In design 'resource_tracker_RS2_CS2_SHARED_ROWS1_SHARED_COLS1_MAX_BORROWS3_TOPOLOGY1_SPARE_WIDTH3_2', output port 'used_cols_o[6]' is connected directly to 'logic 0'. (LINT-52)
Warning: In design 'resource_tracker_RS2_CS2_SHARED_ROWS1_SHARED_COLS1_MAX_BORROWS3_TOPOLOGY1_SPARE_WIDTH3_2', output port 'used_cols_o[5]' is connected directly to 'logic 0'. (LINT-52)
Warning: In design 'resource_tracker_RS2_CS2_SHARED_ROWS1_SHARED_COLS1_MAX_BORROWS3_TOPOLOGY1_SPARE_WIDTH3_3', output port 'used_rows_o[7]' is connected directly to 'logic 0'. (LINT-52)
Warning: In design 'resource_tracker_RS2_CS2_SHARED_ROWS1_SHARED_COLS1_MAX_BORROWS3_TOPOLOGY1_SPARE_WIDTH3_3', output port 'used_rows_o[6]' is connected directly to 'logic 0'. (LINT-52)
Warning: In design 'resource_tracker_RS2_CS2_SHARED_ROWS1_SHARED_COLS1_MAX_BORROWS3_TOPOLOGY1_SPARE_WIDTH3_3', output port 'used_rows_o[5]' is connected directly to 'logic 0'. (LINT-52)
Warning: In design 'resource_tracker_RS2_CS2_SHARED_ROWS1_SHARED_COLS1_MAX_BORROWS3_TOPOLOGY1_SPARE_WIDTH3_3', output port 'used_cols_o[7]' is connected directly to 'logic 0'. (LINT-52)
Warning: In design 'resource_tracker_RS2_CS2_SHARED_ROWS1_SHARED_COLS1_MAX_BORROWS3_TOPOLOGY1_SPARE_WIDTH3_3', output port 'used_cols_o[6]' is connected directly to 'logic 0'. (LINT-52)
Warning: In design 'resource_tracker_RS2_CS2_SHARED_ROWS1_SHARED_COLS1_MAX_BORROWS3_TOPOLOGY1_SPARE_WIDTH3_3', output port 'used_cols_o[5]' is connected directly to 'logic 0'. (LINT-52)
Warning: In design 'resource_tracker_RS2_CS2_SHARED_ROWS1_SHARED_COLS1_MAX_BORROWS3_TOPOLOGY1_SPARE_WIDTH3_4', output port 'used_rows_o[7]' is connected directly to 'logic 0'. (LINT-52)
Warning: In design 'resource_tracker_RS2_CS2_SHARED_ROWS1_SHARED_COLS1_MAX_BORROWS3_TOPOLOGY1_SPARE_WIDTH3_4', output port 'used_rows_o[6]' is connected directly to 'logic 0'. (LINT-52)
Warning: In design 'resource_tracker_RS2_CS2_SHARED_ROWS1_SHARED_COLS1_MAX_BORROWS3_TOPOLOGY1_SPARE_WIDTH3_4', output port 'used_rows_o[5]' is connected directly to 'logic 0'. (LINT-52)
Warning: In design 'resource_tracker_RS2_CS2_SHARED_ROWS1_SHARED_COLS1_MAX_BORROWS3_TOPOLOGY1_SPARE_WIDTH3_4', output port 'used_cols_o[7]' is connected directly to 'logic 0'. (LINT-52)
Warning: In design 'resource_tracker_RS2_CS2_SHARED_ROWS1_SHARED_COLS1_MAX_BORROWS3_TOPOLOGY1_SPARE_WIDTH3_4', output port 'used_cols_o[6]' is connected directly to 'logic 0'. (LINT-52)
Warning: In design 'resource_tracker_RS2_CS2_SHARED_ROWS1_SHARED_COLS1_MAX_BORROWS3_TOPOLOGY1_SPARE_WIDTH3_4', output port 'used_cols_o[5]' is connected directly to 'logic 0'. (LINT-52)
Warning: In design 'resource_tracker_RS2_CS2_SHARED_ROWS1_SHARED_COLS1_MAX_BORROWS3_TOPOLOGY1_SPARE_WIDTH3_5', output port 'used_rows_o[7]' is connected directly to 'logic 0'. (LINT-52)
Warning: In design 'resource_tracker_RS2_CS2_SHARED_ROWS1_SHARED_COLS1_MAX_BORROWS3_TOPOLOGY1_SPARE_WIDTH3_5', output port 'used_rows_o[6]' is connected directly to 'logic 0'. (LINT-52)
Warning: In design 'resource_tracker_RS2_CS2_SHARED_ROWS1_SHARED_COLS1_MAX_BORROWS3_TOPOLOGY1_SPARE_WIDTH3_5', output port 'used_rows_o[5]' is connected directly to 'logic 0'. (LINT-52)
Warning: In design 'resource_tracker_RS2_CS2_SHARED_ROWS1_SHARED_COLS1_MAX_BORROWS3_TOPOLOGY1_SPARE_WIDTH3_5', output port 'used_cols_o[7]' is connected directly to 'logic 0'. (LINT-52)
Warning: In design 'resource_tracker_RS2_CS2_SHARED_ROWS1_SHARED_COLS1_MAX_BORROWS3_TOPOLOGY1_SPARE_WIDTH3_5', output port 'used_cols_o[6]' is connected directly to 'logic 0'. (LINT-52)
Warning: In design 'resource_tracker_RS2_CS2_SHARED_ROWS1_SHARED_COLS1_MAX_BORROWS3_TOPOLOGY1_SPARE_WIDTH3_5', output port 'used_cols_o[5]' is connected directly to 'logic 0'. (LINT-52)
Warning: In design 'resource_tracker_RS2_CS2_SHARED_ROWS1_SHARED_COLS1_MAX_BORROWS3_TOPOLOGY1_SPARE_WIDTH3_6', output port 'used_rows_o[7]' is connected directly to 'logic 0'. (LINT-52)
Warning: In design 'resource_tracker_RS2_CS2_SHARED_ROWS1_SHARED_COLS1_MAX_BORROWS3_TOPOLOGY1_SPARE_WIDTH3_6', output port 'used_rows_o[6]' is connected directly to 'logic 0'. (LINT-52)
Warning: In design 'resource_tracker_RS2_CS2_SHARED_ROWS1_SHARED_COLS1_MAX_BORROWS3_TOPOLOGY1_SPARE_WIDTH3_6', output port 'used_rows_o[5]' is connected directly to 'logic 0'. (LINT-52)
Warning: In design 'resource_tracker_RS2_CS2_SHARED_ROWS1_SHARED_COLS1_MAX_BORROWS3_TOPOLOGY1_SPARE_WIDTH3_6', output port 'used_cols_o[7]' is connected directly to 'logic 0'. (LINT-52)
Warning: In design 'resource_tracker_RS2_CS2_SHARED_ROWS1_SHARED_COLS1_MAX_BORROWS3_TOPOLOGY1_SPARE_WIDTH3_6', output port 'used_cols_o[6]' is connected directly to 'logic 0'. (LINT-52)
Warning: In design 'resource_tracker_RS2_CS2_SHARED_ROWS1_SHARED_COLS1_MAX_BORROWS3_TOPOLOGY1_SPARE_WIDTH3_6', output port 'used_cols_o[5]' is connected directly to 'logic 0'. (LINT-52)
Warning: In design 'resource_tracker_RS2_CS2_SHARED_ROWS1_SHARED_COLS1_MAX_BORROWS3_TOPOLOGY1_SPARE_WIDTH3_7', output port 'used_rows_o[7]' is connected directly to 'logic 0'. (LINT-52)
Warning: In design 'resource_tracker_RS2_CS2_SHARED_ROWS1_SHARED_COLS1_MAX_BORROWS3_TOPOLOGY1_SPARE_WIDTH3_7', output port 'used_rows_o[6]' is connected directly to 'logic 0'. (LINT-52)
Warning: In design 'resource_tracker_RS2_CS2_SHARED_ROWS1_SHARED_COLS1_MAX_BORROWS3_TOPOLOGY1_SPARE_WIDTH3_7', output port 'used_rows_o[5]' is connected directly to 'logic 0'. (LINT-52)
Warning: In design 'resource_tracker_RS2_CS2_SHARED_ROWS1_SHARED_COLS1_MAX_BORROWS3_TOPOLOGY1_SPARE_WIDTH3_7', output port 'used_cols_o[7]' is connected directly to 'logic 0'. (LINT-52)
Warning: In design 'resource_tracker_RS2_CS2_SHARED_ROWS1_SHARED_COLS1_MAX_BORROWS3_TOPOLOGY1_SPARE_WIDTH3_7', output port 'used_cols_o[6]' is connected directly to 'logic 0'. (LINT-52)
Warning: In design 'resource_tracker_RS2_CS2_SHARED_ROWS1_SHARED_COLS1_MAX_BORROWS3_TOPOLOGY1_SPARE_WIDTH3_7', output port 'used_cols_o[5]' is connected directly to 'logic 0'. (LINT-52)
1
