 
****************************************
Report : timing
        -path full
        -delay max
        -max_paths 10
Design : dss_analyzer_top_PARALLEL_ORIENTATION0
Version: W-2024.09-SP2
Date   : Wed Sep  9 14:47:15 2026
****************************************

 # A fanout number of 1000 was used for high fanout net computations.

Operating Conditions: slow   Library: slow
Wire Load Model Mode: top

  Startpoint: g_area_orientation.analyzers/active_cfg_reg[0]
              (rising edge-triggered flip-flop clocked by clk)
  Endpoint: g_area_orientation.analyzers/config_patterns_o_reg[0]
            (rising edge-triggered flip-flop clocked by clk)
  Path Group: clk
  Path Type: max

  Des/Clust/Port     Wire Load Model       Library
  ------------------------------------------------
  dss_analyzer_top_PARALLEL_ORIENTATION0
                     tsmc18_wl10           slow

  Point                                                   Incr       Path
  --------------------------------------------------------------------------
  clock clk (rise edge)                                   0.00       0.00
  clock network delay (ideal)                             0.00       0.00
  g_area_orientation.analyzers/active_cfg_reg[0]/CK (DFFHQX4)
                                                          0.00       0.00 r
  g_area_orientation.analyzers/active_cfg_reg[0]/Q (DFFHQX4)
                                                          0.59       0.59 r
  g_area_orientation.analyzers/view/config_id_i[0] (config_logical_view_MAX_K5_NUM_CFG7_HYBRID_ENTRY_NUM14_ADDR_W10_PTR_W3)
                                                          0.00       0.59 r
  g_area_orientation.analyzers/view/U2122/Y (INVX1)       1.80       2.39 f
  g_area_orientation.analyzers/view/U1506/Y (NOR3X1)      6.56       8.96 r
  g_area_orientation.analyzers/view/U88/Y (AOI22X1)       0.06       9.01 f
  g_area_orientation.analyzers/view/U87/Y (NAND4X1)       2.36      11.37 r
  g_area_orientation.analyzers/view/pivot_valid_o[0] (config_logical_view_MAX_K5_NUM_CFG7_HYBRID_ENTRY_NUM14_ADDR_W10_PTR_W3)
                                                          0.00      11.37 r
  g_area_orientation.analyzers/analyzer/pivot_valid_i[0] (config_candidate_evaluator_MAX_K5_HYBRID_ENTRY_NUM14_ROW_W10_COL_W10_CANDIDATE_W4)
                                                          0.00      11.37 r
  g_area_orientation.analyzers/analyzer/U6064/Y (XOR2X1)
                                                          1.09      12.46 r
  g_area_orientation.analyzers/analyzer/U6054/Y (XOR2X1)
                                                          0.51      12.97 r
  g_area_orientation.analyzers/analyzer/U6053/Y (NAND2X1)
                                                          0.30      13.27 f
  g_area_orientation.analyzers/analyzer/U6052/Y (OAI21XL)
                                                          1.42      14.68 r
  g_area_orientation.analyzers/analyzer/U6051/Y (INVX1)
                                                          0.80      15.49 f
  g_area_orientation.analyzers/analyzer/U6049/Y (NAND2X1)
                                                          2.00      17.49 r
  g_area_orientation.analyzers/analyzer/U6048/Y (INVX1)
                                                          0.66      18.15 f
  g_area_orientation.analyzers/analyzer/U6046/Y (NAND2X1)
                                                          0.56      18.71 r
  g_area_orientation.analyzers/analyzer/U6045/Y (INVX1)
                                                          0.27      18.98 f
  g_area_orientation.analyzers/analyzer/U5910/Y (NOR4BX1)
                                                          0.44      19.41 r
  g_area_orientation.analyzers/analyzer/U5909/Y (NAND4X1)
                                                          0.33      19.74 f
  g_area_orientation.analyzers/analyzer/U5901/Y (NAND4X1)
                                                          0.23      19.97 r
  g_area_orientation.analyzers/analyzer/U5881/Y (NAND4BXL)
                                                          0.45      20.42 r
  g_area_orientation.analyzers/analyzer/U5880/Y (NAND2X1)
                                                          0.41      20.83 f
  g_area_orientation.analyzers/analyzer/U5860/Y (NAND4BBX1)
                                                          0.42      21.25 f
  g_area_orientation.analyzers/analyzer/U5856/Y (OR4X1)
                                                          0.56      21.81 f
  g_area_orientation.analyzers/analyzer/U5840/Y (NAND2X1)
                                                          0.69      22.49 r
  g_area_orientation.analyzers/analyzer/U5838/Y (NOR4BX1)
                                                          0.26      22.76 f
  g_area_orientation.analyzers/analyzer/U5837/Y (NAND4X1)
                                                          0.44      23.20 r
  g_area_orientation.analyzers/analyzer/U5836/Y (INVX1)
                                                          0.38      23.58 f
  g_area_orientation.analyzers/analyzer/U5835/Y (NOR3X1)
                                                          1.13      24.71 r
  g_area_orientation.analyzers/analyzer/U5834/Y (INVX1)
                                                          0.35      25.06 f
  g_area_orientation.analyzers/analyzer/U5828/Y (NAND2X1)
                                                          0.63      25.69 r
  g_area_orientation.analyzers/analyzer/U5827/Y (NAND2X1)
                                                          0.37      26.06 f
  g_area_orientation.analyzers/analyzer/U5819/Y (NOR3X1)
                                                          1.15      27.21 r
  g_area_orientation.analyzers/analyzer/U5757/Y (INVX1)
                                                          0.35      27.56 f
  g_area_orientation.analyzers/analyzer/U5744/Y (OAI21XL)
                                                          2.26      29.82 r
  g_area_orientation.analyzers/analyzer/U5712/Y (OAI22X1)
                                                          0.30      30.12 f
  g_area_orientation.analyzers/analyzer/U5711/Y (INVX1)
                                                          0.40      30.52 r
  g_area_orientation.analyzers/analyzer/U5710/Y (XOR2X1)
                                                          0.40      30.92 r
  g_area_orientation.analyzers/analyzer/U5706/Y (NAND3X1)
                                                          0.17      31.09 f
  g_area_orientation.analyzers/analyzer/U5696/Y (NOR4X1)
                                                          0.34      31.42 r
  g_area_orientation.analyzers/analyzer/U5695/Y (NAND4X1)
                                                          0.32      31.74 f
  g_area_orientation.analyzers/analyzer/U5694/Y (INVX1)
                                                          0.43      32.17 r
  g_area_orientation.analyzers/analyzer/U5689/Y (NOR3X1)
                                                          0.21      32.38 f
  g_area_orientation.analyzers/analyzer/U5688/Y (NAND4X1)
                                                          0.39      32.77 r
  g_area_orientation.analyzers/analyzer/U5687/Y (INVX1)
                                                          0.23      33.00 f
  g_area_orientation.analyzers/analyzer/U5686/Y (NOR4BX1)
                                                          0.66      33.66 r
  g_area_orientation.analyzers/analyzer/U5654/Y (NAND2X1)
                                                          0.49      34.15 f
  g_area_orientation.analyzers/analyzer/U5497/Y (NAND2X1)
                                                          0.64      34.79 r
  g_area_orientation.analyzers/analyzer/U5496/Y (INVX1)
                                                          0.55      35.34 f
  g_area_orientation.analyzers/analyzer/U5495/Y (AOI211X1)
                                                          1.00      36.34 r
  g_area_orientation.analyzers/analyzer/U5494/Y (NAND2BX1)
                                                          0.80      37.15 f
  g_area_orientation.analyzers/analyzer/U5294/Y (NOR2X1)
                                                          0.68      37.83 r
  g_area_orientation.analyzers/analyzer/U5293/Y (NOR2BX1)
                                                          1.80      39.62 r
  g_area_orientation.analyzers/analyzer/U5292/Y (NOR2X1)
                                                          1.07      40.69 f
  g_area_orientation.analyzers/analyzer/U5268/Y (NAND2X1)
                                                          1.57      42.26 r
  g_area_orientation.analyzers/analyzer/U5267/Y (INVX1)
                                                          1.16      43.42 f
  g_area_orientation.analyzers/analyzer/U5230/Y (NOR2X1)
                                                          0.46      43.88 r
  g_area_orientation.analyzers/analyzer/U5203/Y (NAND4X1)
                                                          0.41      44.29 f
  g_area_orientation.analyzers/analyzer/U5176/Y (NOR4BX1)
                                                          0.43      44.72 f
  g_area_orientation.analyzers/analyzer/U5149/Y (NAND4X1)
                                                          0.51      45.23 r
  g_area_orientation.analyzers/analyzer/U5148/Y (NAND2X1)
                                                          0.49      45.72 f
  g_area_orientation.analyzers/analyzer/U5147/Y (NAND2X1)
                                                          0.50      46.22 r
  g_area_orientation.analyzers/analyzer/U5146/Y (INVX1)
                                                          0.58      46.80 f
  g_area_orientation.analyzers/analyzer/U5135/Y (AOI211X1)
                                                          1.00      47.79 r
  g_area_orientation.analyzers/analyzer/U5134/Y (NOR2BX1)
                                                          0.47      48.26 r
  g_area_orientation.analyzers/analyzer/U5133/Y (INVX1)
                                                          0.41      48.67 f
  g_area_orientation.analyzers/analyzer/U4928/Y (NOR2BX1)
                                                          0.61      49.28 r
  g_area_orientation.analyzers/analyzer/U4927/Y (NAND2X1)
                                                          0.97      50.24 f
  g_area_orientation.analyzers/analyzer/U4926/Y (NAND2X1)
                                                          0.94      51.18 r
  g_area_orientation.analyzers/analyzer/U4925/Y (INVX1)
                                                          0.52      51.70 f
  g_area_orientation.analyzers/analyzer/U4866/Y (NAND2X1)
                                                          1.43      53.13 r
  g_area_orientation.analyzers/analyzer/U4865/Y (INVX1)
                                                          1.22      54.35 f
  g_area_orientation.analyzers/analyzer/U4864/Y (NOR3X1)
                                                          0.48      54.83 r
  g_area_orientation.analyzers/analyzer/U4863/Y (NAND4X1)
                                                          0.40      55.23 f
  g_area_orientation.analyzers/analyzer/U4862/Y (OAI21XL)
                                                          0.31      55.54 r
  g_area_orientation.analyzers/analyzer/U4834/Y (NAND4BXL)
                                                          0.46      56.00 r
  g_area_orientation.analyzers/analyzer/U4832/Y (NAND3X1)
                                                          0.39      56.39 f
  g_area_orientation.analyzers/analyzer/U4831/Y (INVX1)
                                                          0.35      56.74 r
  g_area_orientation.analyzers/analyzer/U4830/Y (NAND3X1)
                                                          0.17      56.90 f
  g_area_orientation.analyzers/analyzer/U4784/Y (OR4X1)
                                                          0.74      57.64 f
  g_area_orientation.analyzers/analyzer/U4783/Y (NAND3X1)
                                                          0.51      58.15 r
  g_area_orientation.analyzers/analyzer/U4780/Y (NAND2X1)
                                                          0.34      58.49 f
  g_area_orientation.analyzers/analyzer/U4779/Y (INVX1)
                                                          0.81      59.30 r
  g_area_orientation.analyzers/analyzer/U4771/Y (AOI211X1)
                                                          0.44      59.74 f
  g_area_orientation.analyzers/analyzer/U4770/Y (INVX1)
                                                          0.56      60.30 r
  g_area_orientation.analyzers/analyzer/U4769/Y (OR2X1)
                                                          0.85      61.14 r
  g_area_orientation.analyzers/analyzer/U4595/Y (NOR2X1)
                                                          0.32      61.47 f
  g_area_orientation.analyzers/analyzer/U4594/Y (NAND2X1)
                                                          1.21      62.68 r
  g_area_orientation.analyzers/analyzer/U4593/Y (NAND2X1)
                                                          0.64      63.31 f
  g_area_orientation.analyzers/analyzer/U4592/Y (INVX1)
                                                          0.82      64.14 r
  g_area_orientation.analyzers/analyzer/U4518/Y (NAND2X1)
                                                          1.15      65.28 f
  g_area_orientation.analyzers/analyzer/U4517/Y (INVX1)
                                                          1.62      66.90 r
  g_area_orientation.analyzers/analyzer/U4516/Y (NOR3X1)
                                                          0.34      67.24 f
  g_area_orientation.analyzers/analyzer/U4515/Y (NAND4X1)
                                                          0.49      67.72 r
  g_area_orientation.analyzers/analyzer/U4514/Y (OAI21XL)
                                                          0.27      67.99 f
  g_area_orientation.analyzers/analyzer/U4487/Y (NAND4BXL)
                                                          0.54      68.53 f
  g_area_orientation.analyzers/analyzer/U4485/Y (NAND3X1)
                                                          0.44      68.97 r
  g_area_orientation.analyzers/analyzer/U4484/Y (INVX1)
                                                          0.25      69.21 f
  g_area_orientation.analyzers/analyzer/U4483/Y (NAND3X1)
                                                          0.22      69.43 r
  g_area_orientation.analyzers/analyzer/U4433/Y (OR4X1)
                                                          0.56      69.99 r
  g_area_orientation.analyzers/analyzer/U4432/Y (NAND3X1)
                                                          0.56      70.55 f
  g_area_orientation.analyzers/analyzer/U4431/Y (NAND2X1)
                                                          0.60      71.15 r
  g_area_orientation.analyzers/analyzer/U4430/Y (INVX1)
                                                          0.57      71.72 f
  g_area_orientation.analyzers/analyzer/U4417/Y (AOI211X1)
                                                          1.01      72.73 r
  g_area_orientation.analyzers/analyzer/U4416/Y (NAND2BX1)
                                                          0.66      73.39 f
  g_area_orientation.analyzers/analyzer/U4388/Y (NOR2BX1)
                                                          0.67      74.06 r
  g_area_orientation.analyzers/analyzer/U4387/Y (NAND2X1)
                                                          0.97      75.02 f
  g_area_orientation.analyzers/analyzer/U4386/Y (NAND2X1)
                                                          1.05      76.07 r
  g_area_orientation.analyzers/analyzer/U4346/Y (INVX1)
                                                          0.54      76.61 f
  g_area_orientation.analyzers/analyzer/U4340/Y (NAND2X1)
                                                          1.45      78.06 r
  g_area_orientation.analyzers/analyzer/U4339/Y (INVX1)
                                                          1.29      79.35 f
  g_area_orientation.analyzers/analyzer/U4338/Y (NOR3X1)
                                                          0.48      79.83 r
  g_area_orientation.analyzers/analyzer/U4337/Y (NAND4X1)
                                                          0.40      80.24 f
  g_area_orientation.analyzers/analyzer/U4336/Y (OAI21XL)
                                                          0.31      80.54 r
  g_area_orientation.analyzers/analyzer/U4308/Y (NAND4BXL)
                                                          0.46      81.00 r
  g_area_orientation.analyzers/analyzer/U4306/Y (NAND3X1)
                                                          0.39      81.39 f
  g_area_orientation.analyzers/analyzer/U4305/Y (INVX1)
                                                          0.35      81.74 r
  g_area_orientation.analyzers/analyzer/U4304/Y (NAND3X1)
                                                          0.17      81.91 f
  g_area_orientation.analyzers/analyzer/U4257/Y (OR4X1)
                                                          0.80      82.71 f
  g_area_orientation.analyzers/analyzer/U4256/Y (NAND3X1)
                                                          0.61      83.32 r
  g_area_orientation.analyzers/analyzer/U4084/Y (NAND2X1)
                                                          0.42      83.73 f
  g_area_orientation.analyzers/analyzer/U4083/Y (INVX1)
                                                          0.85      84.58 r
  g_area_orientation.analyzers/analyzer/U4075/Y (AOI211X1)
                                                          0.51      85.09 f
  g_area_orientation.analyzers/analyzer/U4071/Y (NOR2BX1)
                                                          0.52      85.61 f
  g_area_orientation.analyzers/analyzer/U4070/Y (INVX1)
                                                          0.59      86.20 r
  g_area_orientation.analyzers/analyzer/U4053/Y (NOR2BX1)
                                                          0.39      86.59 f
  g_area_orientation.analyzers/analyzer/U3847/Y (NAND2X1)
                                                          1.18      87.78 r
  g_area_orientation.analyzers/analyzer/U3846/Y (NAND2X1)
                                                          0.80      88.57 f
  g_area_orientation.analyzers/analyzer/U3804/Y (INVX1)
                                                          0.89      89.46 r
  g_area_orientation.analyzers/analyzer/U3801/Y (NAND2X1)
                                                          1.01      90.47 f
  g_area_orientation.analyzers/analyzer/U3800/Y (INVX1)
                                                          1.79      92.26 r
  g_area_orientation.analyzers/analyzer/U3799/Y (NOR3X1)
                                                          0.36      92.62 f
  g_area_orientation.analyzers/analyzer/U3798/Y (NAND4X1)
                                                          0.50      93.12 r
  g_area_orientation.analyzers/analyzer/U3797/Y (OAI21XL)
                                                          0.27      93.38 f
  g_area_orientation.analyzers/analyzer/U3770/Y (NAND4BXL)
                                                          0.55      93.93 f
  g_area_orientation.analyzers/analyzer/U3768/Y (NAND3X1)
                                                          0.44      94.37 r
  g_area_orientation.analyzers/analyzer/U3767/Y (INVX1)
                                                          0.25      94.62 f
  g_area_orientation.analyzers/analyzer/U3766/Y (NAND3X1)
                                                          0.22      94.84 r
  g_area_orientation.analyzers/analyzer/U3726/Y (OR4X1)
                                                          0.64      95.48 r
  g_area_orientation.analyzers/analyzer/U3725/Y (NAND3X1)
                                                          0.59      96.07 f
  g_area_orientation.analyzers/analyzer/U3724/Y (NAND2X1)
                                                          0.51      96.58 r
  g_area_orientation.analyzers/analyzer/U3723/Y (INVX1)
                                                          0.59      97.17 f
  g_area_orientation.analyzers/analyzer/U3715/Y (AOI211X1)
                                                          1.02      98.19 r
  g_area_orientation.analyzers/analyzer/U3714/Y (NAND2BX1)
                                                          0.67      98.86 f
  g_area_orientation.analyzers/analyzer/U3708/Y (NOR2X1)
                                                          0.64      99.50 r
  g_area_orientation.analyzers/analyzer/U3707/Y (AND2X1)
                                                          1.30     100.80 r
  g_area_orientation.analyzers/analyzer/U3706/Y (NOR2X1)
                                                          0.78     101.59 f
  g_area_orientation.analyzers/analyzer/U3679/Y (NAND2X1)
                                                          1.52     103.11 r
  g_area_orientation.analyzers/analyzer/U3649/Y (INVX1)
                                                          1.23     104.34 f
  g_area_orientation.analyzers/analyzer/U3648/Y (NAND2X1)
                                                          1.63     105.97 r
  g_area_orientation.analyzers/analyzer/U3644/Y (NAND4X1)
                                                          0.47     106.44 f
  g_area_orientation.analyzers/analyzer/U3643/Y (INVX1)
                                                          0.50     106.94 r
  g_area_orientation.analyzers/analyzer/U3642/Y (NOR2X1)
                                                          0.20     107.14 f
  g_area_orientation.analyzers/analyzer/U3615/Y (NAND4X1)
                                                          0.44     107.58 r
  g_area_orientation.analyzers/analyzer/U3590/Y (NOR4BX1)
                                                          0.68     108.26 r
  g_area_orientation.analyzers/analyzer/U3561/Y (NAND4X1)
                                                          0.67     108.93 f
  g_area_orientation.analyzers/analyzer/U3560/Y (NAND2X1)
                                                          0.58     109.50 r
  g_area_orientation.analyzers/analyzer/U3386/Y (NAND2X1)
                                                          0.43     109.93 f
  g_area_orientation.analyzers/analyzer/U3385/Y (INVX1)
                                                          0.84     110.77 r
  g_area_orientation.analyzers/analyzer/U3377/Y (AOI211X1)
                                                          0.35     111.12 f
  g_area_orientation.analyzers/analyzer/U3376/Y (INVX1)
                                                          0.47     111.59 r
  g_area_orientation.analyzers/analyzer/U3372/Y (NOR2X1)
                                                          0.26     111.84 f
  g_area_orientation.analyzers/analyzer/U3335/Y (INVX1)
                                                          0.66     112.51 r
  g_area_orientation.analyzers/analyzer/U3334/Y (NOR2X1)
                                                          0.23     112.73 f
  g_area_orientation.analyzers/analyzer/U3333/Y (MXI2X1)
                                                          0.51     113.24 r
  g_area_orientation.analyzers/analyzer/U3332/Y (MXI2X1)
                                                          0.59     113.83 f
  g_area_orientation.analyzers/analyzer/U3331/Y (INVX1)
                                                          0.64     114.47 r
  g_area_orientation.analyzers/analyzer/U3330/Y (NAND2X1)
                                                          0.97     115.44 f
  g_area_orientation.analyzers/analyzer/U3329/Y (INVX1)
                                                          1.68     117.11 r
  g_area_orientation.analyzers/analyzer/U3324/Y (NAND2X1)
                                                          1.44     118.56 f
  g_area_orientation.analyzers/analyzer/U3300/Y (NAND4X1)
                                                          0.66     119.22 r
  g_area_orientation.analyzers/analyzer/U3299/Y (INVX1)
                                                          0.33     119.55 f
  g_area_orientation.analyzers/analyzer/U3266/Y (NOR2X1)
                                                          0.28     119.83 r
  g_area_orientation.analyzers/analyzer/U3239/Y (NAND4X1)
                                                          0.41     120.24 f
  g_area_orientation.analyzers/analyzer/U3046/Y (NOR4BX1)
                                                          0.43     120.67 f
  g_area_orientation.analyzers/analyzer/U3018/Y (NAND4X1)
                                                          0.51     121.18 r
  g_area_orientation.analyzers/analyzer/U3017/Y (NAND2X1)
                                                          0.49     121.67 f
  g_area_orientation.analyzers/analyzer/U3016/Y (NAND2X1)
                                                          0.58     122.25 r
  g_area_orientation.analyzers/analyzer/U2993/Y (INVX1)
                                                          0.57     122.82 f
  g_area_orientation.analyzers/analyzer/U2983/Y (AOI211X1)
                                                          1.01     123.83 r
  g_area_orientation.analyzers/analyzer/U2982/Y (NAND2BX1)
                                                          0.73     124.56 f
  g_area_orientation.analyzers/analyzer/U2792/Y (NOR3X1)
                                                          2.32     126.88 r
  g_area_orientation.analyzers/analyzer/U2791/Y (NOR2X1)
                                                          1.17     128.05 f
  g_area_orientation.analyzers/analyzer/U2751/Y (NAND2X1)
                                                          1.80     129.85 r
  g_area_orientation.analyzers/analyzer/U2721/Y (NOR2X1)
                                                          1.28     131.13 f
  g_area_orientation.analyzers/analyzer/U2717/Y (NAND4BXL)
                                                          0.73     131.86 f
  g_area_orientation.analyzers/analyzer/U2716/Y (INVX1)
                                                          0.47     132.33 r
  g_area_orientation.analyzers/analyzer/U2715/Y (NOR2X1)
                                                          0.19     132.53 f
  g_area_orientation.analyzers/analyzer/U2687/Y (NAND4X1)
                                                          0.44     132.96 r
  g_area_orientation.analyzers/analyzer/U2661/Y (NOR4BX1)
                                                          0.68     133.64 r
  g_area_orientation.analyzers/analyzer/U2630/Y (NAND4X1)
                                                          0.68     134.32 f
  g_area_orientation.analyzers/analyzer/U2629/Y (NAND2X1)
                                                          0.76     135.07 r
  g_area_orientation.analyzers/analyzer/U2628/Y (NAND2X1)
                                                          0.51     135.58 f
  g_area_orientation.analyzers/analyzer/U2618/Y (NAND2X1)
                                                          0.59     136.17 r
  g_area_orientation.analyzers/analyzer/U2617/Y (NOR2BX1)
                                                          0.48     136.65 f
  g_area_orientation.analyzers/analyzer/U2614/Y (NAND2X1)
                                                          0.37     137.01 r
  g_area_orientation.analyzers/analyzer/U2346/Y (NAND2X1)
                                                          0.25     137.26 f
  g_area_orientation.analyzers/analyzer/U2345/Y (AOI21X1)
                                                          1.37     138.63 r
  g_area_orientation.analyzers/analyzer/U2340/Y (NAND2X1)
                                                          1.48     140.11 f
  g_area_orientation.analyzers/analyzer/U2302/Y (INVX1)
                                                          1.57     141.68 r
  g_area_orientation.analyzers/analyzer/U2301/Y (NAND2X1)
                                                          1.29     142.97 f
  g_area_orientation.analyzers/analyzer/U2300/Y (INVX1)
                                                          1.50     144.47 r
  g_area_orientation.analyzers/analyzer/U2299/Y (NOR2BX1)
                                                          0.28     144.75 f
  g_area_orientation.analyzers/analyzer/U2297/Y (NAND4X1)
                                                          0.55     145.30 r
  g_area_orientation.analyzers/analyzer/U2296/Y (NAND2X1)
                                                          0.20     145.50 f
  g_area_orientation.analyzers/analyzer/U2295/Y (AOI211X1)
                                                          0.40     145.90 r
  g_area_orientation.analyzers/analyzer/U2278/Y (NAND3X1)
                                                          0.38     146.27 f
  g_area_orientation.analyzers/analyzer/U2253/Y (NAND4BXL)
                                                          0.46     146.73 r
  g_area_orientation.analyzers/analyzer/U2246/Y (NOR3X1)
                                                          0.19     146.92 f
  g_area_orientation.analyzers/analyzer/U2225/Y (NAND4X1)
                                                          0.54     147.46 r
  g_area_orientation.analyzers/analyzer/U2224/Y (NAND2BX1)
                                                          0.43     147.89 f
  g_area_orientation.analyzers/analyzer/U2223/Y (NAND2X1)
                                                          0.65     148.55 r
  g_area_orientation.analyzers/analyzer/U2135/Y (NAND3X1)
                                                          0.32     148.87 f
  g_area_orientation.analyzers/analyzer/U2050/Y (NOR2X1)
                                                          0.43     149.30 r
  g_area_orientation.analyzers/analyzer/U2049/Y (INVX1)
                                                          0.48     149.78 f
  g_area_orientation.analyzers/analyzer/U2046/Y (NOR3X1)
                                                          2.24     152.02 r
  g_area_orientation.analyzers/analyzer/U2045/Y (NOR2X1)
                                                          1.26     153.28 f
  g_area_orientation.analyzers/analyzer/U2005/Y (NAND2X1)
                                                          1.65     154.93 r
  g_area_orientation.analyzers/analyzer/U1972/Y (INVX1)
                                                          1.22     156.15 f
  g_area_orientation.analyzers/analyzer/U1971/Y (NAND2X1)
                                                          1.62     157.78 r
  g_area_orientation.analyzers/analyzer/U1968/Y (NAND4X1)
                                                          0.47     158.25 f
  g_area_orientation.analyzers/analyzer/U1967/Y (INVX1)
                                                          0.50     158.75 r
  g_area_orientation.analyzers/analyzer/U1966/Y (NOR2X1)
                                                          0.20     158.95 f
  g_area_orientation.analyzers/analyzer/U1938/Y (NAND4X1)
                                                          0.44     159.39 r
  g_area_orientation.analyzers/analyzer/U1912/Y (NOR4BX1)
                                                          0.68     160.07 r
  g_area_orientation.analyzers/analyzer/U1884/Y (NAND4X1)
                                                          0.67     160.73 f
  g_area_orientation.analyzers/analyzer/U1883/Y (NAND2X1)
                                                          0.75     161.48 r
  g_area_orientation.analyzers/analyzer/U1851/Y (NAND2X1)
                                                          0.48     161.97 f
  g_area_orientation.analyzers/analyzer/U1844/Y (INVX1)
                                                          0.96     162.92 r
  g_area_orientation.analyzers/analyzer/U1835/Y (NOR3X1)
                                                          0.48     163.40 f
  g_area_orientation.analyzers/analyzer/U1834/Y (INVX1)
                                                          0.48     163.88 r
  g_area_orientation.analyzers/analyzer/U1832/Y (NOR2X1)
                                                          0.24     164.12 f
  g_area_orientation.analyzers/analyzer/U1675/Y (NOR2X1)
                                                          0.45     164.58 r
  g_area_orientation.analyzers/analyzer/U1674/Y (OAI21XL)
                                                          0.35     164.92 f
  g_area_orientation.analyzers/analyzer/U1673/Y (INVX1)
                                                          1.09     166.01 r
  g_area_orientation.analyzers/analyzer/U1610/Y (NAND2X1)
                                                          1.26     167.27 f
  g_area_orientation.analyzers/analyzer/U1582/Y (INVX1)
                                                          1.75     169.02 r
  g_area_orientation.analyzers/analyzer/U1577/Y (NOR2X1)
                                                          0.23     169.25 f
  g_area_orientation.analyzers/analyzer/U1550/Y (NAND4X1)
                                                          0.45     169.70 r
  g_area_orientation.analyzers/analyzer/U1523/Y (NOR4BX1)
                                                          0.68     170.38 r
  g_area_orientation.analyzers/analyzer/U1494/Y (NAND2X1)
                                                          0.65     171.03 f
  g_area_orientation.analyzers/analyzer/U1418/Y (AOI211X1)
                                                          0.46     171.49 r
  g_area_orientation.analyzers/analyzer/U1417/Y (OAI21XL)
                                                          0.58     172.07 f
  g_area_orientation.analyzers/analyzer/U1411/Y (NOR2X1)
                                                          0.96     173.03 r
  g_area_orientation.analyzers/analyzer/U1368/Y (INVX1)
                                                          0.44     173.47 f
  g_area_orientation.analyzers/analyzer/U1366/Y (NOR3X1)
                                                          2.25     175.72 r
  g_area_orientation.analyzers/analyzer/U1365/Y (NAND2BX1)
                                                          0.80     176.52 r
  g_area_orientation.analyzers/analyzer/U1322/Y (NOR2X1)
                                                          0.49     177.02 f
  g_area_orientation.analyzers/analyzer/U1295/Y (NOR3X1)
                                                          0.42     177.43 r
  g_area_orientation.analyzers/analyzer/U1294/Y (NAND4X1)
                                                          0.39     177.83 f
  g_area_orientation.analyzers/analyzer/U1292/Y (NAND4BXL)
                                                          0.35     178.17 r
  g_area_orientation.analyzers/analyzer/U1284/Y (OR4X1)
                                                          0.40     178.57 r
  g_area_orientation.analyzers/analyzer/U1258/Y (AND3X1)
                                                          0.54     179.11 r
  g_area_orientation.analyzers/analyzer/U1216/Y (NOR4BX1)
                                                          0.45     179.56 r
  g_area_orientation.analyzers/analyzer/U1215/Y (NAND3X1)
                                                          0.51     180.07 f
  g_area_orientation.analyzers/analyzer/U1214/Y (NAND3X1)
                                                          0.49     180.56 r
  g_area_orientation.analyzers/analyzer/U1062/Y (NAND2X1)
                                                          0.46     181.02 f
  g_area_orientation.analyzers/analyzer/U1058/Y (NAND2X1)
                                                          0.38     181.41 r
  g_area_orientation.analyzers/analyzer/U1057/Y (INVX1)
                                                          0.27     181.68 f
  g_area_orientation.analyzers/analyzer/U1047/Y (NAND2X1)
                                                          0.50     182.18 r
  g_area_orientation.analyzers/analyzer/U867/Y (INVX1)
                                                          0.28     182.46 f
  g_area_orientation.analyzers/analyzer/U524/Y (AOI221X1)
                                                          0.55     183.01 r
  g_area_orientation.analyzers/analyzer/U523/Y (OAI21XL)
                                                          0.56     183.57 f
  g_area_orientation.analyzers/analyzer/U522/Y (AOI22X1)
                                                          0.43     184.00 r
  g_area_orientation.analyzers/analyzer/U521/Y (INVX1)
                                                          0.15     184.14 f
  g_area_orientation.analyzers/analyzer/U520/Y (AOI222X1)
                                                          0.51     184.65 r
  g_area_orientation.analyzers/analyzer/U501/Y (NAND4BXL)
                                                          0.31     184.96 f
  g_area_orientation.analyzers/analyzer/U473/Y (OAI31X1)
                                                          0.39     185.35 r
  g_area_orientation.analyzers/analyzer/U424/Y (MXI2X1)
                                                          0.22     185.57 f
  g_area_orientation.analyzers/analyzer/U423/Y (NOR3X1)
                                                          0.35     185.93 r
  g_area_orientation.analyzers/analyzer/U3/Y (NOR4BX1)
                                                          0.64     186.57 r
  g_area_orientation.analyzers/analyzer/candidate_valid_o (config_candidate_evaluator_MAX_K5_HYBRID_ENTRY_NUM14_ROW_W10_COL_W10_CANDIDATE_W4)
                                                          0.00     186.57 r
  g_area_orientation.analyzers/U1728/Y (INVX1)            0.18     186.75 f
  g_area_orientation.analyzers/U1727/Y (AOI21X1)          0.96     187.71 r
  g_area_orientation.analyzers/U1707/Y (MXI2X1)           0.47     188.19 r
  g_area_orientation.analyzers/U1706/Y (NOR2BX1)          1.13     189.32 r
  g_area_orientation.analyzers/U1670/Y (MX2X1)            0.40     189.71 r
  g_area_orientation.analyzers/config_patterns_o_reg[0]/D (DFFHQX4)
                                                          0.00     189.71 r
  data arrival time                                                189.71

  clock clk (rise edge)                                  20.00      20.00
  clock network delay (ideal)                             0.00      20.00
  clock uncertainty                                      -0.10      19.90
  g_area_orientation.analyzers/config_patterns_o_reg[0]/CK (DFFHQX4)
                                                          0.00      19.90 r
  library setup time                                     -0.16      19.74
  data required time                                                19.74
  --------------------------------------------------------------------------
  data required time                                                19.74
  data arrival time                                               -189.71
  --------------------------------------------------------------------------
  slack (VIOLATED)                                                -169.97


  Startpoint: g_area_orientation.analyzers/active_cfg_reg[0]
              (rising edge-triggered flip-flop clocked by clk)
  Endpoint: g_area_orientation.analyzers/config_patterns_o_reg[24]
            (rising edge-triggered flip-flop clocked by clk)
  Path Group: clk
  Path Type: max

  Des/Clust/Port     Wire Load Model       Library
  ------------------------------------------------
  dss_analyzer_top_PARALLEL_ORIENTATION0
                     tsmc18_wl10           slow

  Point                                                   Incr       Path
  --------------------------------------------------------------------------
  clock clk (rise edge)                                   0.00       0.00
  clock network delay (ideal)                             0.00       0.00
  g_area_orientation.analyzers/active_cfg_reg[0]/CK (DFFHQX4)
                                                          0.00       0.00 r
  g_area_orientation.analyzers/active_cfg_reg[0]/Q (DFFHQX4)
                                                          0.59       0.59 r
  g_area_orientation.analyzers/view/config_id_i[0] (config_logical_view_MAX_K5_NUM_CFG7_HYBRID_ENTRY_NUM14_ADDR_W10_PTR_W3)
                                                          0.00       0.59 r
  g_area_orientation.analyzers/view/U2122/Y (INVX1)       1.80       2.39 f
  g_area_orientation.analyzers/view/U1506/Y (NOR3X1)      6.56       8.96 r
  g_area_orientation.analyzers/view/U88/Y (AOI22X1)       0.06       9.01 f
  g_area_orientation.analyzers/view/U87/Y (NAND4X1)       2.36      11.37 r
  g_area_orientation.analyzers/view/pivot_valid_o[0] (config_logical_view_MAX_K5_NUM_CFG7_HYBRID_ENTRY_NUM14_ADDR_W10_PTR_W3)
                                                          0.00      11.37 r
  g_area_orientation.analyzers/analyzer/pivot_valid_i[0] (config_candidate_evaluator_MAX_K5_HYBRID_ENTRY_NUM14_ROW_W10_COL_W10_CANDIDATE_W4)
                                                          0.00      11.37 r
  g_area_orientation.analyzers/analyzer/U6064/Y (XOR2X1)
                                                          1.09      12.46 r
  g_area_orientation.analyzers/analyzer/U6054/Y (XOR2X1)
                                                          0.51      12.97 r
  g_area_orientation.analyzers/analyzer/U6053/Y (NAND2X1)
                                                          0.30      13.27 f
  g_area_orientation.analyzers/analyzer/U6052/Y (OAI21XL)
                                                          1.42      14.68 r
  g_area_orientation.analyzers/analyzer/U6051/Y (INVX1)
                                                          0.80      15.49 f
  g_area_orientation.analyzers/analyzer/U6049/Y (NAND2X1)
                                                          2.00      17.49 r
  g_area_orientation.analyzers/analyzer/U6048/Y (INVX1)
                                                          0.66      18.15 f
  g_area_orientation.analyzers/analyzer/U6046/Y (NAND2X1)
                                                          0.56      18.71 r
  g_area_orientation.analyzers/analyzer/U6045/Y (INVX1)
                                                          0.27      18.98 f
  g_area_orientation.analyzers/analyzer/U5910/Y (NOR4BX1)
                                                          0.44      19.41 r
  g_area_orientation.analyzers/analyzer/U5909/Y (NAND4X1)
                                                          0.33      19.74 f
  g_area_orientation.analyzers/analyzer/U5901/Y (NAND4X1)
                                                          0.23      19.97 r
  g_area_orientation.analyzers/analyzer/U5881/Y (NAND4BXL)
                                                          0.45      20.42 r
  g_area_orientation.analyzers/analyzer/U5880/Y (NAND2X1)
                                                          0.41      20.83 f
  g_area_orientation.analyzers/analyzer/U5860/Y (NAND4BBX1)
                                                          0.42      21.25 f
  g_area_orientation.analyzers/analyzer/U5856/Y (OR4X1)
                                                          0.56      21.81 f
  g_area_orientation.analyzers/analyzer/U5840/Y (NAND2X1)
                                                          0.69      22.49 r
  g_area_orientation.analyzers/analyzer/U5838/Y (NOR4BX1)
                                                          0.26      22.76 f
  g_area_orientation.analyzers/analyzer/U5837/Y (NAND4X1)
                                                          0.44      23.20 r
  g_area_orientation.analyzers/analyzer/U5836/Y (INVX1)
                                                          0.38      23.58 f
  g_area_orientation.analyzers/analyzer/U5835/Y (NOR3X1)
                                                          1.13      24.71 r
  g_area_orientation.analyzers/analyzer/U5834/Y (INVX1)
                                                          0.35      25.06 f
  g_area_orientation.analyzers/analyzer/U5828/Y (NAND2X1)
                                                          0.63      25.69 r
  g_area_orientation.analyzers/analyzer/U5827/Y (NAND2X1)
                                                          0.37      26.06 f
  g_area_orientation.analyzers/analyzer/U5819/Y (NOR3X1)
                                                          1.15      27.21 r
  g_area_orientation.analyzers/analyzer/U5757/Y (INVX1)
                                                          0.35      27.56 f
  g_area_orientation.analyzers/analyzer/U5744/Y (OAI21XL)
                                                          2.26      29.82 r
  g_area_orientation.analyzers/analyzer/U5712/Y (OAI22X1)
                                                          0.30      30.12 f
  g_area_orientation.analyzers/analyzer/U5711/Y (INVX1)
                                                          0.40      30.52 r
  g_area_orientation.analyzers/analyzer/U5710/Y (XOR2X1)
                                                          0.40      30.92 r
  g_area_orientation.analyzers/analyzer/U5706/Y (NAND3X1)
                                                          0.17      31.09 f
  g_area_orientation.analyzers/analyzer/U5696/Y (NOR4X1)
                                                          0.34      31.42 r
  g_area_orientation.analyzers/analyzer/U5695/Y (NAND4X1)
                                                          0.32      31.74 f
  g_area_orientation.analyzers/analyzer/U5694/Y (INVX1)
                                                          0.43      32.17 r
  g_area_orientation.analyzers/analyzer/U5689/Y (NOR3X1)
                                                          0.21      32.38 f
  g_area_orientation.analyzers/analyzer/U5688/Y (NAND4X1)
                                                          0.39      32.77 r
  g_area_orientation.analyzers/analyzer/U5687/Y (INVX1)
                                                          0.23      33.00 f
  g_area_orientation.analyzers/analyzer/U5686/Y (NOR4BX1)
                                                          0.66      33.66 r
  g_area_orientation.analyzers/analyzer/U5654/Y (NAND2X1)
                                                          0.49      34.15 f
  g_area_orientation.analyzers/analyzer/U5497/Y (NAND2X1)
                                                          0.64      34.79 r
  g_area_orientation.analyzers/analyzer/U5496/Y (INVX1)
                                                          0.55      35.34 f
  g_area_orientation.analyzers/analyzer/U5495/Y (AOI211X1)
                                                          1.00      36.34 r
  g_area_orientation.analyzers/analyzer/U5494/Y (NAND2BX1)
                                                          0.80      37.15 f
  g_area_orientation.analyzers/analyzer/U5294/Y (NOR2X1)
                                                          0.68      37.83 r
  g_area_orientation.analyzers/analyzer/U5293/Y (NOR2BX1)
                                                          1.80      39.62 r
  g_area_orientation.analyzers/analyzer/U5292/Y (NOR2X1)
                                                          1.07      40.69 f
  g_area_orientation.analyzers/analyzer/U5268/Y (NAND2X1)
                                                          1.57      42.26 r
  g_area_orientation.analyzers/analyzer/U5267/Y (INVX1)
                                                          1.16      43.42 f
  g_area_orientation.analyzers/analyzer/U5230/Y (NOR2X1)
                                                          0.46      43.88 r
  g_area_orientation.analyzers/analyzer/U5203/Y (NAND4X1)
                                                          0.41      44.29 f
  g_area_orientation.analyzers/analyzer/U5176/Y (NOR4BX1)
                                                          0.43      44.72 f
  g_area_orientation.analyzers/analyzer/U5149/Y (NAND4X1)
                                                          0.51      45.23 r
  g_area_orientation.analyzers/analyzer/U5148/Y (NAND2X1)
                                                          0.49      45.72 f
  g_area_orientation.analyzers/analyzer/U5147/Y (NAND2X1)
                                                          0.50      46.22 r
  g_area_orientation.analyzers/analyzer/U5146/Y (INVX1)
                                                          0.58      46.80 f
  g_area_orientation.analyzers/analyzer/U5135/Y (AOI211X1)
                                                          1.00      47.79 r
  g_area_orientation.analyzers/analyzer/U5134/Y (NOR2BX1)
                                                          0.47      48.26 r
  g_area_orientation.analyzers/analyzer/U5133/Y (INVX1)
                                                          0.41      48.67 f
  g_area_orientation.analyzers/analyzer/U4928/Y (NOR2BX1)
                                                          0.61      49.28 r
  g_area_orientation.analyzers/analyzer/U4927/Y (NAND2X1)
                                                          0.97      50.24 f
  g_area_orientation.analyzers/analyzer/U4926/Y (NAND2X1)
                                                          0.94      51.18 r
  g_area_orientation.analyzers/analyzer/U4925/Y (INVX1)
                                                          0.52      51.70 f
  g_area_orientation.analyzers/analyzer/U4866/Y (NAND2X1)
                                                          1.43      53.13 r
  g_area_orientation.analyzers/analyzer/U4865/Y (INVX1)
                                                          1.22      54.35 f
  g_area_orientation.analyzers/analyzer/U4864/Y (NOR3X1)
                                                          0.48      54.83 r
  g_area_orientation.analyzers/analyzer/U4863/Y (NAND4X1)
                                                          0.40      55.23 f
  g_area_orientation.analyzers/analyzer/U4862/Y (OAI21XL)
                                                          0.31      55.54 r
  g_area_orientation.analyzers/analyzer/U4834/Y (NAND4BXL)
                                                          0.46      56.00 r
  g_area_orientation.analyzers/analyzer/U4832/Y (NAND3X1)
                                                          0.39      56.39 f
  g_area_orientation.analyzers/analyzer/U4831/Y (INVX1)
                                                          0.35      56.74 r
  g_area_orientation.analyzers/analyzer/U4830/Y (NAND3X1)
                                                          0.17      56.90 f
  g_area_orientation.analyzers/analyzer/U4784/Y (OR4X1)
                                                          0.74      57.64 f
  g_area_orientation.analyzers/analyzer/U4783/Y (NAND3X1)
                                                          0.51      58.15 r
  g_area_orientation.analyzers/analyzer/U4780/Y (NAND2X1)
                                                          0.34      58.49 f
  g_area_orientation.analyzers/analyzer/U4779/Y (INVX1)
                                                          0.81      59.30 r
  g_area_orientation.analyzers/analyzer/U4771/Y (AOI211X1)
                                                          0.44      59.74 f
  g_area_orientation.analyzers/analyzer/U4770/Y (INVX1)
                                                          0.56      60.30 r
  g_area_orientation.analyzers/analyzer/U4769/Y (OR2X1)
                                                          0.85      61.14 r
  g_area_orientation.analyzers/analyzer/U4595/Y (NOR2X1)
                                                          0.32      61.47 f
  g_area_orientation.analyzers/analyzer/U4594/Y (NAND2X1)
                                                          1.21      62.68 r
  g_area_orientation.analyzers/analyzer/U4593/Y (NAND2X1)
                                                          0.64      63.31 f
  g_area_orientation.analyzers/analyzer/U4592/Y (INVX1)
                                                          0.82      64.14 r
  g_area_orientation.analyzers/analyzer/U4518/Y (NAND2X1)
                                                          1.15      65.28 f
  g_area_orientation.analyzers/analyzer/U4517/Y (INVX1)
                                                          1.62      66.90 r
  g_area_orientation.analyzers/analyzer/U4516/Y (NOR3X1)
                                                          0.34      67.24 f
  g_area_orientation.analyzers/analyzer/U4515/Y (NAND4X1)
                                                          0.49      67.72 r
  g_area_orientation.analyzers/analyzer/U4514/Y (OAI21XL)
                                                          0.27      67.99 f
  g_area_orientation.analyzers/analyzer/U4487/Y (NAND4BXL)
                                                          0.54      68.53 f
  g_area_orientation.analyzers/analyzer/U4485/Y (NAND3X1)
                                                          0.44      68.97 r
  g_area_orientation.analyzers/analyzer/U4484/Y (INVX1)
                                                          0.25      69.21 f
  g_area_orientation.analyzers/analyzer/U4483/Y (NAND3X1)
                                                          0.22      69.43 r
  g_area_orientation.analyzers/analyzer/U4433/Y (OR4X1)
                                                          0.56      69.99 r
  g_area_orientation.analyzers/analyzer/U4432/Y (NAND3X1)
                                                          0.56      70.55 f
  g_area_orientation.analyzers/analyzer/U4431/Y (NAND2X1)
                                                          0.60      71.15 r
  g_area_orientation.analyzers/analyzer/U4430/Y (INVX1)
                                                          0.57      71.72 f
  g_area_orientation.analyzers/analyzer/U4417/Y (AOI211X1)
                                                          1.01      72.73 r
  g_area_orientation.analyzers/analyzer/U4416/Y (NAND2BX1)
                                                          0.66      73.39 f
  g_area_orientation.analyzers/analyzer/U4388/Y (NOR2BX1)
                                                          0.67      74.06 r
  g_area_orientation.analyzers/analyzer/U4387/Y (NAND2X1)
                                                          0.97      75.02 f
  g_area_orientation.analyzers/analyzer/U4386/Y (NAND2X1)
                                                          1.05      76.07 r
  g_area_orientation.analyzers/analyzer/U4346/Y (INVX1)
                                                          0.54      76.61 f
  g_area_orientation.analyzers/analyzer/U4340/Y (NAND2X1)
                                                          1.45      78.06 r
  g_area_orientation.analyzers/analyzer/U4339/Y (INVX1)
                                                          1.29      79.35 f
  g_area_orientation.analyzers/analyzer/U4338/Y (NOR3X1)
                                                          0.48      79.83 r
  g_area_orientation.analyzers/analyzer/U4337/Y (NAND4X1)
                                                          0.40      80.24 f
  g_area_orientation.analyzers/analyzer/U4336/Y (OAI21XL)
                                                          0.31      80.54 r
  g_area_orientation.analyzers/analyzer/U4308/Y (NAND4BXL)
                                                          0.46      81.00 r
  g_area_orientation.analyzers/analyzer/U4306/Y (NAND3X1)
                                                          0.39      81.39 f
  g_area_orientation.analyzers/analyzer/U4305/Y (INVX1)
                                                          0.35      81.74 r
  g_area_orientation.analyzers/analyzer/U4304/Y (NAND3X1)
                                                          0.17      81.91 f
  g_area_orientation.analyzers/analyzer/U4257/Y (OR4X1)
                                                          0.80      82.71 f
  g_area_orientation.analyzers/analyzer/U4256/Y (NAND3X1)
                                                          0.61      83.32 r
  g_area_orientation.analyzers/analyzer/U4084/Y (NAND2X1)
                                                          0.42      83.73 f
  g_area_orientation.analyzers/analyzer/U4083/Y (INVX1)
                                                          0.85      84.58 r
  g_area_orientation.analyzers/analyzer/U4075/Y (AOI211X1)
                                                          0.51      85.09 f
  g_area_orientation.analyzers/analyzer/U4071/Y (NOR2BX1)
                                                          0.52      85.61 f
  g_area_orientation.analyzers/analyzer/U4070/Y (INVX1)
                                                          0.59      86.20 r
  g_area_orientation.analyzers/analyzer/U4053/Y (NOR2BX1)
                                                          0.39      86.59 f
  g_area_orientation.analyzers/analyzer/U3847/Y (NAND2X1)
                                                          1.18      87.78 r
  g_area_orientation.analyzers/analyzer/U3846/Y (NAND2X1)
                                                          0.80      88.57 f
  g_area_orientation.analyzers/analyzer/U3804/Y (INVX1)
                                                          0.89      89.46 r
  g_area_orientation.analyzers/analyzer/U3801/Y (NAND2X1)
                                                          1.01      90.47 f
  g_area_orientation.analyzers/analyzer/U3800/Y (INVX1)
                                                          1.79      92.26 r
  g_area_orientation.analyzers/analyzer/U3799/Y (NOR3X1)
                                                          0.36      92.62 f
  g_area_orientation.analyzers/analyzer/U3798/Y (NAND4X1)
                                                          0.50      93.12 r
  g_area_orientation.analyzers/analyzer/U3797/Y (OAI21XL)
                                                          0.27      93.38 f
  g_area_orientation.analyzers/analyzer/U3770/Y (NAND4BXL)
                                                          0.55      93.93 f
  g_area_orientation.analyzers/analyzer/U3768/Y (NAND3X1)
                                                          0.44      94.37 r
  g_area_orientation.analyzers/analyzer/U3767/Y (INVX1)
                                                          0.25      94.62 f
  g_area_orientation.analyzers/analyzer/U3766/Y (NAND3X1)
                                                          0.22      94.84 r
  g_area_orientation.analyzers/analyzer/U3726/Y (OR4X1)
                                                          0.64      95.48 r
  g_area_orientation.analyzers/analyzer/U3725/Y (NAND3X1)
                                                          0.59      96.07 f
  g_area_orientation.analyzers/analyzer/U3724/Y (NAND2X1)
                                                          0.51      96.58 r
  g_area_orientation.analyzers/analyzer/U3723/Y (INVX1)
                                                          0.59      97.17 f
  g_area_orientation.analyzers/analyzer/U3715/Y (AOI211X1)
                                                          1.02      98.19 r
  g_area_orientation.analyzers/analyzer/U3714/Y (NAND2BX1)
                                                          0.67      98.86 f
  g_area_orientation.analyzers/analyzer/U3708/Y (NOR2X1)
                                                          0.64      99.50 r
  g_area_orientation.analyzers/analyzer/U3707/Y (AND2X1)
                                                          1.30     100.80 r
  g_area_orientation.analyzers/analyzer/U3706/Y (NOR2X1)
                                                          0.78     101.59 f
  g_area_orientation.analyzers/analyzer/U3679/Y (NAND2X1)
                                                          1.52     103.11 r
  g_area_orientation.analyzers/analyzer/U3649/Y (INVX1)
                                                          1.23     104.34 f
  g_area_orientation.analyzers/analyzer/U3648/Y (NAND2X1)
                                                          1.63     105.97 r
  g_area_orientation.analyzers/analyzer/U3644/Y (NAND4X1)
                                                          0.47     106.44 f
  g_area_orientation.analyzers/analyzer/U3643/Y (INVX1)
                                                          0.50     106.94 r
  g_area_orientation.analyzers/analyzer/U3642/Y (NOR2X1)
                                                          0.20     107.14 f
  g_area_orientation.analyzers/analyzer/U3615/Y (NAND4X1)
                                                          0.44     107.58 r
  g_area_orientation.analyzers/analyzer/U3590/Y (NOR4BX1)
                                                          0.68     108.26 r
  g_area_orientation.analyzers/analyzer/U3561/Y (NAND4X1)
                                                          0.67     108.93 f
  g_area_orientation.analyzers/analyzer/U3560/Y (NAND2X1)
                                                          0.58     109.50 r
  g_area_orientation.analyzers/analyzer/U3386/Y (NAND2X1)
                                                          0.43     109.93 f
  g_area_orientation.analyzers/analyzer/U3385/Y (INVX1)
                                                          0.84     110.77 r
  g_area_orientation.analyzers/analyzer/U3377/Y (AOI211X1)
                                                          0.35     111.12 f
  g_area_orientation.analyzers/analyzer/U3376/Y (INVX1)
                                                          0.47     111.59 r
  g_area_orientation.analyzers/analyzer/U3372/Y (NOR2X1)
                                                          0.26     111.84 f
  g_area_orientation.analyzers/analyzer/U3335/Y (INVX1)
                                                          0.66     112.51 r
  g_area_orientation.analyzers/analyzer/U3334/Y (NOR2X1)
                                                          0.23     112.73 f
  g_area_orientation.analyzers/analyzer/U3333/Y (MXI2X1)
                                                          0.51     113.24 r
  g_area_orientation.analyzers/analyzer/U3332/Y (MXI2X1)
                                                          0.59     113.83 f
  g_area_orientation.analyzers/analyzer/U3331/Y (INVX1)
                                                          0.64     114.47 r
  g_area_orientation.analyzers/analyzer/U3330/Y (NAND2X1)
                                                          0.97     115.44 f
  g_area_orientation.analyzers/analyzer/U3329/Y (INVX1)
                                                          1.68     117.11 r
  g_area_orientation.analyzers/analyzer/U3324/Y (NAND2X1)
                                                          1.44     118.56 f
  g_area_orientation.analyzers/analyzer/U3300/Y (NAND4X1)
                                                          0.66     119.22 r
  g_area_orientation.analyzers/analyzer/U3299/Y (INVX1)
                                                          0.33     119.55 f
  g_area_orientation.analyzers/analyzer/U3266/Y (NOR2X1)
                                                          0.28     119.83 r
  g_area_orientation.analyzers/analyzer/U3239/Y (NAND4X1)
                                                          0.41     120.24 f
  g_area_orientation.analyzers/analyzer/U3046/Y (NOR4BX1)
                                                          0.43     120.67 f
  g_area_orientation.analyzers/analyzer/U3018/Y (NAND4X1)
                                                          0.51     121.18 r
  g_area_orientation.analyzers/analyzer/U3017/Y (NAND2X1)
                                                          0.49     121.67 f
  g_area_orientation.analyzers/analyzer/U3016/Y (NAND2X1)
                                                          0.58     122.25 r
  g_area_orientation.analyzers/analyzer/U2993/Y (INVX1)
                                                          0.57     122.82 f
  g_area_orientation.analyzers/analyzer/U2983/Y (AOI211X1)
                                                          1.01     123.83 r
  g_area_orientation.analyzers/analyzer/U2982/Y (NAND2BX1)
                                                          0.73     124.56 f
  g_area_orientation.analyzers/analyzer/U2792/Y (NOR3X1)
                                                          2.32     126.88 r
  g_area_orientation.analyzers/analyzer/U2791/Y (NOR2X1)
                                                          1.17     128.05 f
  g_area_orientation.analyzers/analyzer/U2751/Y (NAND2X1)
                                                          1.80     129.85 r
  g_area_orientation.analyzers/analyzer/U2721/Y (NOR2X1)
                                                          1.28     131.13 f
  g_area_orientation.analyzers/analyzer/U2717/Y (NAND4BXL)
                                                          0.73     131.86 f
  g_area_orientation.analyzers/analyzer/U2716/Y (INVX1)
                                                          0.47     132.33 r
  g_area_orientation.analyzers/analyzer/U2715/Y (NOR2X1)
                                                          0.19     132.53 f
  g_area_orientation.analyzers/analyzer/U2687/Y (NAND4X1)
                                                          0.44     132.96 r
  g_area_orientation.analyzers/analyzer/U2661/Y (NOR4BX1)
                                                          0.68     133.64 r
  g_area_orientation.analyzers/analyzer/U2630/Y (NAND4X1)
                                                          0.68     134.32 f
  g_area_orientation.analyzers/analyzer/U2629/Y (NAND2X1)
                                                          0.76     135.07 r
  g_area_orientation.analyzers/analyzer/U2628/Y (NAND2X1)
                                                          0.51     135.58 f
  g_area_orientation.analyzers/analyzer/U2618/Y (NAND2X1)
                                                          0.59     136.17 r
  g_area_orientation.analyzers/analyzer/U2617/Y (NOR2BX1)
                                                          0.48     136.65 f
  g_area_orientation.analyzers/analyzer/U2614/Y (NAND2X1)
                                                          0.37     137.01 r
  g_area_orientation.analyzers/analyzer/U2346/Y (NAND2X1)
                                                          0.25     137.26 f
  g_area_orientation.analyzers/analyzer/U2345/Y (AOI21X1)
                                                          1.37     138.63 r
  g_area_orientation.analyzers/analyzer/U2340/Y (NAND2X1)
                                                          1.48     140.11 f
  g_area_orientation.analyzers/analyzer/U2302/Y (INVX1)
                                                          1.57     141.68 r
  g_area_orientation.analyzers/analyzer/U2301/Y (NAND2X1)
                                                          1.29     142.97 f
  g_area_orientation.analyzers/analyzer/U2300/Y (INVX1)
                                                          1.50     144.47 r
  g_area_orientation.analyzers/analyzer/U2299/Y (NOR2BX1)
                                                          0.28     144.75 f
  g_area_orientation.analyzers/analyzer/U2297/Y (NAND4X1)
                                                          0.55     145.30 r
  g_area_orientation.analyzers/analyzer/U2296/Y (NAND2X1)
                                                          0.20     145.50 f
  g_area_orientation.analyzers/analyzer/U2295/Y (AOI211X1)
                                                          0.40     145.90 r
  g_area_orientation.analyzers/analyzer/U2278/Y (NAND3X1)
                                                          0.38     146.27 f
  g_area_orientation.analyzers/analyzer/U2253/Y (NAND4BXL)
                                                          0.46     146.73 r
  g_area_orientation.analyzers/analyzer/U2246/Y (NOR3X1)
                                                          0.19     146.92 f
  g_area_orientation.analyzers/analyzer/U2225/Y (NAND4X1)
                                                          0.54     147.46 r
  g_area_orientation.analyzers/analyzer/U2224/Y (NAND2BX1)
                                                          0.43     147.89 f
  g_area_orientation.analyzers/analyzer/U2223/Y (NAND2X1)
                                                          0.65     148.55 r
  g_area_orientation.analyzers/analyzer/U2135/Y (NAND3X1)
                                                          0.32     148.87 f
  g_area_orientation.analyzers/analyzer/U2050/Y (NOR2X1)
                                                          0.43     149.30 r
  g_area_orientation.analyzers/analyzer/U2049/Y (INVX1)
                                                          0.48     149.78 f
  g_area_orientation.analyzers/analyzer/U2046/Y (NOR3X1)
                                                          2.24     152.02 r
  g_area_orientation.analyzers/analyzer/U2045/Y (NOR2X1)
                                                          1.26     153.28 f
  g_area_orientation.analyzers/analyzer/U2005/Y (NAND2X1)
                                                          1.65     154.93 r
  g_area_orientation.analyzers/analyzer/U1972/Y (INVX1)
                                                          1.22     156.15 f
  g_area_orientation.analyzers/analyzer/U1971/Y (NAND2X1)
                                                          1.62     157.78 r
  g_area_orientation.analyzers/analyzer/U1968/Y (NAND4X1)
                                                          0.47     158.25 f
  g_area_orientation.analyzers/analyzer/U1967/Y (INVX1)
                                                          0.50     158.75 r
  g_area_orientation.analyzers/analyzer/U1966/Y (NOR2X1)
                                                          0.20     158.95 f
  g_area_orientation.analyzers/analyzer/U1938/Y (NAND4X1)
                                                          0.44     159.39 r
  g_area_orientation.analyzers/analyzer/U1912/Y (NOR4BX1)
                                                          0.68     160.07 r
  g_area_orientation.analyzers/analyzer/U1884/Y (NAND4X1)
                                                          0.67     160.73 f
  g_area_orientation.analyzers/analyzer/U1883/Y (NAND2X1)
                                                          0.75     161.48 r
  g_area_orientation.analyzers/analyzer/U1851/Y (NAND2X1)
                                                          0.48     161.97 f
  g_area_orientation.analyzers/analyzer/U1844/Y (INVX1)
                                                          0.96     162.92 r
  g_area_orientation.analyzers/analyzer/U1835/Y (NOR3X1)
                                                          0.48     163.40 f
  g_area_orientation.analyzers/analyzer/U1834/Y (INVX1)
                                                          0.48     163.88 r
  g_area_orientation.analyzers/analyzer/U1832/Y (NOR2X1)
                                                          0.24     164.12 f
  g_area_orientation.analyzers/analyzer/U1675/Y (NOR2X1)
                                                          0.45     164.58 r
  g_area_orientation.analyzers/analyzer/U1674/Y (OAI21XL)
                                                          0.35     164.92 f
  g_area_orientation.analyzers/analyzer/U1673/Y (INVX1)
                                                          1.09     166.01 r
  g_area_orientation.analyzers/analyzer/U1610/Y (NAND2X1)
                                                          1.26     167.27 f
  g_area_orientation.analyzers/analyzer/U1582/Y (INVX1)
                                                          1.75     169.02 r
  g_area_orientation.analyzers/analyzer/U1577/Y (NOR2X1)
                                                          0.23     169.25 f
  g_area_orientation.analyzers/analyzer/U1550/Y (NAND4X1)
                                                          0.45     169.70 r
  g_area_orientation.analyzers/analyzer/U1523/Y (NOR4BX1)
                                                          0.68     170.38 r
  g_area_orientation.analyzers/analyzer/U1494/Y (NAND2X1)
                                                          0.65     171.03 f
  g_area_orientation.analyzers/analyzer/U1418/Y (AOI211X1)
                                                          0.46     171.49 r
  g_area_orientation.analyzers/analyzer/U1417/Y (OAI21XL)
                                                          0.58     172.07 f
  g_area_orientation.analyzers/analyzer/U1411/Y (NOR2X1)
                                                          0.96     173.03 r
  g_area_orientation.analyzers/analyzer/U1368/Y (INVX1)
                                                          0.44     173.47 f
  g_area_orientation.analyzers/analyzer/U1366/Y (NOR3X1)
                                                          2.25     175.72 r
  g_area_orientation.analyzers/analyzer/U1365/Y (NAND2BX1)
                                                          0.80     176.52 r
  g_area_orientation.analyzers/analyzer/U1322/Y (NOR2X1)
                                                          0.49     177.02 f
  g_area_orientation.analyzers/analyzer/U1295/Y (NOR3X1)
                                                          0.42     177.43 r
  g_area_orientation.analyzers/analyzer/U1294/Y (NAND4X1)
                                                          0.39     177.83 f
  g_area_orientation.analyzers/analyzer/U1292/Y (NAND4BXL)
                                                          0.35     178.17 r
  g_area_orientation.analyzers/analyzer/U1284/Y (OR4X1)
                                                          0.40     178.57 r
  g_area_orientation.analyzers/analyzer/U1258/Y (AND3X1)
                                                          0.54     179.11 r
  g_area_orientation.analyzers/analyzer/U1216/Y (NOR4BX1)
                                                          0.45     179.56 r
  g_area_orientation.analyzers/analyzer/U1215/Y (NAND3X1)
                                                          0.51     180.07 f
  g_area_orientation.analyzers/analyzer/U1214/Y (NAND3X1)
                                                          0.49     180.56 r
  g_area_orientation.analyzers/analyzer/U1062/Y (NAND2X1)
                                                          0.46     181.02 f
  g_area_orientation.analyzers/analyzer/U1058/Y (NAND2X1)
                                                          0.38     181.41 r
  g_area_orientation.analyzers/analyzer/U1057/Y (INVX1)
                                                          0.27     181.68 f
  g_area_orientation.analyzers/analyzer/U1047/Y (NAND2X1)
                                                          0.50     182.18 r
  g_area_orientation.analyzers/analyzer/U867/Y (INVX1)
                                                          0.28     182.46 f
  g_area_orientation.analyzers/analyzer/U524/Y (AOI221X1)
                                                          0.55     183.01 r
  g_area_orientation.analyzers/analyzer/U523/Y (OAI21XL)
                                                          0.56     183.57 f
  g_area_orientation.analyzers/analyzer/U522/Y (AOI22X1)
                                                          0.43     184.00 r
  g_area_orientation.analyzers/analyzer/U521/Y (INVX1)
                                                          0.15     184.14 f
  g_area_orientation.analyzers/analyzer/U520/Y (AOI222X1)
                                                          0.51     184.65 r
  g_area_orientation.analyzers/analyzer/U501/Y (NAND4BXL)
                                                          0.31     184.96 f
  g_area_orientation.analyzers/analyzer/U473/Y (OAI31X1)
                                                          0.39     185.35 r
  g_area_orientation.analyzers/analyzer/U424/Y (MXI2X1)
                                                          0.22     185.57 f
  g_area_orientation.analyzers/analyzer/U423/Y (NOR3X1)
                                                          0.35     185.93 r
  g_area_orientation.analyzers/analyzer/U3/Y (NOR4BX1)
                                                          0.64     186.57 r
  g_area_orientation.analyzers/analyzer/candidate_valid_o (config_candidate_evaluator_MAX_K5_HYBRID_ENTRY_NUM14_ROW_W10_COL_W10_CANDIDATE_W4)
                                                          0.00     186.57 r
  g_area_orientation.analyzers/U1728/Y (INVX1)            0.18     186.75 f
  g_area_orientation.analyzers/U1727/Y (AOI21X1)          0.96     187.71 r
  g_area_orientation.analyzers/U1707/Y (MXI2X1)           0.47     188.19 r
  g_area_orientation.analyzers/U1706/Y (NOR2BX1)          1.13     189.32 r
  g_area_orientation.analyzers/U1705/Y (MX2X1)            0.40     189.71 r
  g_area_orientation.analyzers/config_patterns_o_reg[24]/D (DFFHQX4)
                                                          0.00     189.71 r
  data arrival time                                                189.71

  clock clk (rise edge)                                  20.00      20.00
  clock network delay (ideal)                             0.00      20.00
  clock uncertainty                                      -0.10      19.90
  g_area_orientation.analyzers/config_patterns_o_reg[24]/CK (DFFHQX4)
                                                          0.00      19.90 r
  library setup time                                     -0.16      19.74
  data required time                                                19.74
  --------------------------------------------------------------------------
  data required time                                                19.74
  data arrival time                                               -189.71
  --------------------------------------------------------------------------
  slack (VIOLATED)                                                -169.97


  Startpoint: g_area_orientation.analyzers/active_cfg_reg[0]
              (rising edge-triggered flip-flop clocked by clk)
  Endpoint: g_area_orientation.analyzers/config_patterns_o_reg[4]
            (rising edge-triggered flip-flop clocked by clk)
  Path Group: clk
  Path Type: max

  Des/Clust/Port     Wire Load Model       Library
  ------------------------------------------------
  dss_analyzer_top_PARALLEL_ORIENTATION0
                     tsmc18_wl10           slow

  Point                                                   Incr       Path
  --------------------------------------------------------------------------
  clock clk (rise edge)                                   0.00       0.00
  clock network delay (ideal)                             0.00       0.00
  g_area_orientation.analyzers/active_cfg_reg[0]/CK (DFFHQX4)
                                                          0.00       0.00 r
  g_area_orientation.analyzers/active_cfg_reg[0]/Q (DFFHQX4)
                                                          0.59       0.59 r
  g_area_orientation.analyzers/view/config_id_i[0] (config_logical_view_MAX_K5_NUM_CFG7_HYBRID_ENTRY_NUM14_ADDR_W10_PTR_W3)
                                                          0.00       0.59 r
  g_area_orientation.analyzers/view/U2122/Y (INVX1)       1.80       2.39 f
  g_area_orientation.analyzers/view/U1506/Y (NOR3X1)      6.56       8.96 r
  g_area_orientation.analyzers/view/U88/Y (AOI22X1)       0.06       9.01 f
  g_area_orientation.analyzers/view/U87/Y (NAND4X1)       2.36      11.37 r
  g_area_orientation.analyzers/view/pivot_valid_o[0] (config_logical_view_MAX_K5_NUM_CFG7_HYBRID_ENTRY_NUM14_ADDR_W10_PTR_W3)
                                                          0.00      11.37 r
  g_area_orientation.analyzers/analyzer/pivot_valid_i[0] (config_candidate_evaluator_MAX_K5_HYBRID_ENTRY_NUM14_ROW_W10_COL_W10_CANDIDATE_W4)
                                                          0.00      11.37 r
  g_area_orientation.analyzers/analyzer/U6064/Y (XOR2X1)
                                                          1.09      12.46 r
  g_area_orientation.analyzers/analyzer/U6054/Y (XOR2X1)
                                                          0.51      12.97 r
  g_area_orientation.analyzers/analyzer/U6053/Y (NAND2X1)
                                                          0.30      13.27 f
  g_area_orientation.analyzers/analyzer/U6052/Y (OAI21XL)
                                                          1.42      14.68 r
  g_area_orientation.analyzers/analyzer/U6051/Y (INVX1)
                                                          0.80      15.49 f
  g_area_orientation.analyzers/analyzer/U6049/Y (NAND2X1)
                                                          2.00      17.49 r
  g_area_orientation.analyzers/analyzer/U6048/Y (INVX1)
                                                          0.66      18.15 f
  g_area_orientation.analyzers/analyzer/U6046/Y (NAND2X1)
                                                          0.56      18.71 r
  g_area_orientation.analyzers/analyzer/U6045/Y (INVX1)
                                                          0.27      18.98 f
  g_area_orientation.analyzers/analyzer/U5910/Y (NOR4BX1)
                                                          0.44      19.41 r
  g_area_orientation.analyzers/analyzer/U5909/Y (NAND4X1)
                                                          0.33      19.74 f
  g_area_orientation.analyzers/analyzer/U5901/Y (NAND4X1)
                                                          0.23      19.97 r
  g_area_orientation.analyzers/analyzer/U5881/Y (NAND4BXL)
                                                          0.45      20.42 r
  g_area_orientation.analyzers/analyzer/U5880/Y (NAND2X1)
                                                          0.41      20.83 f
  g_area_orientation.analyzers/analyzer/U5860/Y (NAND4BBX1)
                                                          0.42      21.25 f
  g_area_orientation.analyzers/analyzer/U5856/Y (OR4X1)
                                                          0.56      21.81 f
  g_area_orientation.analyzers/analyzer/U5840/Y (NAND2X1)
                                                          0.69      22.49 r
  g_area_orientation.analyzers/analyzer/U5838/Y (NOR4BX1)
                                                          0.26      22.76 f
  g_area_orientation.analyzers/analyzer/U5837/Y (NAND4X1)
                                                          0.44      23.20 r
  g_area_orientation.analyzers/analyzer/U5836/Y (INVX1)
                                                          0.38      23.58 f
  g_area_orientation.analyzers/analyzer/U5835/Y (NOR3X1)
                                                          1.13      24.71 r
  g_area_orientation.analyzers/analyzer/U5834/Y (INVX1)
                                                          0.35      25.06 f
  g_area_orientation.analyzers/analyzer/U5828/Y (NAND2X1)
                                                          0.63      25.69 r
  g_area_orientation.analyzers/analyzer/U5827/Y (NAND2X1)
                                                          0.37      26.06 f
  g_area_orientation.analyzers/analyzer/U5819/Y (NOR3X1)
                                                          1.15      27.21 r
  g_area_orientation.analyzers/analyzer/U5757/Y (INVX1)
                                                          0.35      27.56 f
  g_area_orientation.analyzers/analyzer/U5744/Y (OAI21XL)
                                                          2.26      29.82 r
  g_area_orientation.analyzers/analyzer/U5712/Y (OAI22X1)
                                                          0.30      30.12 f
  g_area_orientation.analyzers/analyzer/U5711/Y (INVX1)
                                                          0.40      30.52 r
  g_area_orientation.analyzers/analyzer/U5710/Y (XOR2X1)
                                                          0.40      30.92 r
  g_area_orientation.analyzers/analyzer/U5706/Y (NAND3X1)
                                                          0.17      31.09 f
  g_area_orientation.analyzers/analyzer/U5696/Y (NOR4X1)
                                                          0.34      31.42 r
  g_area_orientation.analyzers/analyzer/U5695/Y (NAND4X1)
                                                          0.32      31.74 f
  g_area_orientation.analyzers/analyzer/U5694/Y (INVX1)
                                                          0.43      32.17 r
  g_area_orientation.analyzers/analyzer/U5689/Y (NOR3X1)
                                                          0.21      32.38 f
  g_area_orientation.analyzers/analyzer/U5688/Y (NAND4X1)
                                                          0.39      32.77 r
  g_area_orientation.analyzers/analyzer/U5687/Y (INVX1)
                                                          0.23      33.00 f
  g_area_orientation.analyzers/analyzer/U5686/Y (NOR4BX1)
                                                          0.66      33.66 r
  g_area_orientation.analyzers/analyzer/U5654/Y (NAND2X1)
                                                          0.49      34.15 f
  g_area_orientation.analyzers/analyzer/U5497/Y (NAND2X1)
                                                          0.64      34.79 r
  g_area_orientation.analyzers/analyzer/U5496/Y (INVX1)
                                                          0.55      35.34 f
  g_area_orientation.analyzers/analyzer/U5495/Y (AOI211X1)
                                                          1.00      36.34 r
  g_area_orientation.analyzers/analyzer/U5494/Y (NAND2BX1)
                                                          0.80      37.15 f
  g_area_orientation.analyzers/analyzer/U5294/Y (NOR2X1)
                                                          0.68      37.83 r
  g_area_orientation.analyzers/analyzer/U5293/Y (NOR2BX1)
                                                          1.80      39.62 r
  g_area_orientation.analyzers/analyzer/U5292/Y (NOR2X1)
                                                          1.07      40.69 f
  g_area_orientation.analyzers/analyzer/U5268/Y (NAND2X1)
                                                          1.57      42.26 r
  g_area_orientation.analyzers/analyzer/U5267/Y (INVX1)
                                                          1.16      43.42 f
  g_area_orientation.analyzers/analyzer/U5230/Y (NOR2X1)
                                                          0.46      43.88 r
  g_area_orientation.analyzers/analyzer/U5203/Y (NAND4X1)
                                                          0.41      44.29 f
  g_area_orientation.analyzers/analyzer/U5176/Y (NOR4BX1)
                                                          0.43      44.72 f
  g_area_orientation.analyzers/analyzer/U5149/Y (NAND4X1)
                                                          0.51      45.23 r
  g_area_orientation.analyzers/analyzer/U5148/Y (NAND2X1)
                                                          0.49      45.72 f
  g_area_orientation.analyzers/analyzer/U5147/Y (NAND2X1)
                                                          0.50      46.22 r
  g_area_orientation.analyzers/analyzer/U5146/Y (INVX1)
                                                          0.58      46.80 f
  g_area_orientation.analyzers/analyzer/U5135/Y (AOI211X1)
                                                          1.00      47.79 r
  g_area_orientation.analyzers/analyzer/U5134/Y (NOR2BX1)
                                                          0.47      48.26 r
  g_area_orientation.analyzers/analyzer/U5133/Y (INVX1)
                                                          0.41      48.67 f
  g_area_orientation.analyzers/analyzer/U4928/Y (NOR2BX1)
                                                          0.61      49.28 r
  g_area_orientation.analyzers/analyzer/U4927/Y (NAND2X1)
                                                          0.97      50.24 f
  g_area_orientation.analyzers/analyzer/U4926/Y (NAND2X1)
                                                          0.94      51.18 r
  g_area_orientation.analyzers/analyzer/U4925/Y (INVX1)
                                                          0.52      51.70 f
  g_area_orientation.analyzers/analyzer/U4866/Y (NAND2X1)
                                                          1.43      53.13 r
  g_area_orientation.analyzers/analyzer/U4865/Y (INVX1)
                                                          1.22      54.35 f
  g_area_orientation.analyzers/analyzer/U4864/Y (NOR3X1)
                                                          0.48      54.83 r
  g_area_orientation.analyzers/analyzer/U4863/Y (NAND4X1)
                                                          0.40      55.23 f
  g_area_orientation.analyzers/analyzer/U4862/Y (OAI21XL)
                                                          0.31      55.54 r
  g_area_orientation.analyzers/analyzer/U4834/Y (NAND4BXL)
                                                          0.46      56.00 r
  g_area_orientation.analyzers/analyzer/U4832/Y (NAND3X1)
                                                          0.39      56.39 f
  g_area_orientation.analyzers/analyzer/U4831/Y (INVX1)
                                                          0.35      56.74 r
  g_area_orientation.analyzers/analyzer/U4830/Y (NAND3X1)
                                                          0.17      56.90 f
  g_area_orientation.analyzers/analyzer/U4784/Y (OR4X1)
                                                          0.74      57.64 f
  g_area_orientation.analyzers/analyzer/U4783/Y (NAND3X1)
                                                          0.51      58.15 r
  g_area_orientation.analyzers/analyzer/U4780/Y (NAND2X1)
                                                          0.34      58.49 f
  g_area_orientation.analyzers/analyzer/U4779/Y (INVX1)
                                                          0.81      59.30 r
  g_area_orientation.analyzers/analyzer/U4771/Y (AOI211X1)
                                                          0.44      59.74 f
  g_area_orientation.analyzers/analyzer/U4770/Y (INVX1)
                                                          0.56      60.30 r
  g_area_orientation.analyzers/analyzer/U4769/Y (OR2X1)
                                                          0.85      61.14 r
  g_area_orientation.analyzers/analyzer/U4595/Y (NOR2X1)
                                                          0.32      61.47 f
  g_area_orientation.analyzers/analyzer/U4594/Y (NAND2X1)
                                                          1.21      62.68 r
  g_area_orientation.analyzers/analyzer/U4593/Y (NAND2X1)
                                                          0.64      63.31 f
  g_area_orientation.analyzers/analyzer/U4592/Y (INVX1)
                                                          0.82      64.14 r
  g_area_orientation.analyzers/analyzer/U4518/Y (NAND2X1)
                                                          1.15      65.28 f
  g_area_orientation.analyzers/analyzer/U4517/Y (INVX1)
                                                          1.62      66.90 r
  g_area_orientation.analyzers/analyzer/U4516/Y (NOR3X1)
                                                          0.34      67.24 f
  g_area_orientation.analyzers/analyzer/U4515/Y (NAND4X1)
                                                          0.49      67.72 r
  g_area_orientation.analyzers/analyzer/U4514/Y (OAI21XL)
                                                          0.27      67.99 f
  g_area_orientation.analyzers/analyzer/U4487/Y (NAND4BXL)
                                                          0.54      68.53 f
  g_area_orientation.analyzers/analyzer/U4485/Y (NAND3X1)
                                                          0.44      68.97 r
  g_area_orientation.analyzers/analyzer/U4484/Y (INVX1)
                                                          0.25      69.21 f
  g_area_orientation.analyzers/analyzer/U4483/Y (NAND3X1)
                                                          0.22      69.43 r
  g_area_orientation.analyzers/analyzer/U4433/Y (OR4X1)
                                                          0.56      69.99 r
  g_area_orientation.analyzers/analyzer/U4432/Y (NAND3X1)
                                                          0.56      70.55 f
  g_area_orientation.analyzers/analyzer/U4431/Y (NAND2X1)
                                                          0.60      71.15 r
  g_area_orientation.analyzers/analyzer/U4430/Y (INVX1)
                                                          0.57      71.72 f
  g_area_orientation.analyzers/analyzer/U4417/Y (AOI211X1)
                                                          1.01      72.73 r
  g_area_orientation.analyzers/analyzer/U4416/Y (NAND2BX1)
                                                          0.66      73.39 f
  g_area_orientation.analyzers/analyzer/U4388/Y (NOR2BX1)
                                                          0.67      74.06 r
  g_area_orientation.analyzers/analyzer/U4387/Y (NAND2X1)
                                                          0.97      75.02 f
  g_area_orientation.analyzers/analyzer/U4386/Y (NAND2X1)
                                                          1.05      76.07 r
  g_area_orientation.analyzers/analyzer/U4346/Y (INVX1)
                                                          0.54      76.61 f
  g_area_orientation.analyzers/analyzer/U4340/Y (NAND2X1)
                                                          1.45      78.06 r
  g_area_orientation.analyzers/analyzer/U4339/Y (INVX1)
                                                          1.29      79.35 f
  g_area_orientation.analyzers/analyzer/U4338/Y (NOR3X1)
                                                          0.48      79.83 r
  g_area_orientation.analyzers/analyzer/U4337/Y (NAND4X1)
                                                          0.40      80.24 f
  g_area_orientation.analyzers/analyzer/U4336/Y (OAI21XL)
                                                          0.31      80.54 r
  g_area_orientation.analyzers/analyzer/U4308/Y (NAND4BXL)
                                                          0.46      81.00 r
  g_area_orientation.analyzers/analyzer/U4306/Y (NAND3X1)
                                                          0.39      81.39 f
  g_area_orientation.analyzers/analyzer/U4305/Y (INVX1)
                                                          0.35      81.74 r
  g_area_orientation.analyzers/analyzer/U4304/Y (NAND3X1)
                                                          0.17      81.91 f
  g_area_orientation.analyzers/analyzer/U4257/Y (OR4X1)
                                                          0.80      82.71 f
  g_area_orientation.analyzers/analyzer/U4256/Y (NAND3X1)
                                                          0.61      83.32 r
  g_area_orientation.analyzers/analyzer/U4084/Y (NAND2X1)
                                                          0.42      83.73 f
  g_area_orientation.analyzers/analyzer/U4083/Y (INVX1)
                                                          0.85      84.58 r
  g_area_orientation.analyzers/analyzer/U4075/Y (AOI211X1)
                                                          0.51      85.09 f
  g_area_orientation.analyzers/analyzer/U4071/Y (NOR2BX1)
                                                          0.52      85.61 f
  g_area_orientation.analyzers/analyzer/U4070/Y (INVX1)
                                                          0.59      86.20 r
  g_area_orientation.analyzers/analyzer/U4053/Y (NOR2BX1)
                                                          0.39      86.59 f
  g_area_orientation.analyzers/analyzer/U3847/Y (NAND2X1)
                                                          1.18      87.78 r
  g_area_orientation.analyzers/analyzer/U3846/Y (NAND2X1)
                                                          0.80      88.57 f
  g_area_orientation.analyzers/analyzer/U3804/Y (INVX1)
                                                          0.89      89.46 r
  g_area_orientation.analyzers/analyzer/U3801/Y (NAND2X1)
                                                          1.01      90.47 f
  g_area_orientation.analyzers/analyzer/U3800/Y (INVX1)
                                                          1.79      92.26 r
  g_area_orientation.analyzers/analyzer/U3799/Y (NOR3X1)
                                                          0.36      92.62 f
  g_area_orientation.analyzers/analyzer/U3798/Y (NAND4X1)
                                                          0.50      93.12 r
  g_area_orientation.analyzers/analyzer/U3797/Y (OAI21XL)
                                                          0.27      93.38 f
  g_area_orientation.analyzers/analyzer/U3770/Y (NAND4BXL)
                                                          0.55      93.93 f
  g_area_orientation.analyzers/analyzer/U3768/Y (NAND3X1)
                                                          0.44      94.37 r
  g_area_orientation.analyzers/analyzer/U3767/Y (INVX1)
                                                          0.25      94.62 f
  g_area_orientation.analyzers/analyzer/U3766/Y (NAND3X1)
                                                          0.22      94.84 r
  g_area_orientation.analyzers/analyzer/U3726/Y (OR4X1)
                                                          0.64      95.48 r
  g_area_orientation.analyzers/analyzer/U3725/Y (NAND3X1)
                                                          0.59      96.07 f
  g_area_orientation.analyzers/analyzer/U3724/Y (NAND2X1)
                                                          0.51      96.58 r
  g_area_orientation.analyzers/analyzer/U3723/Y (INVX1)
                                                          0.59      97.17 f
  g_area_orientation.analyzers/analyzer/U3715/Y (AOI211X1)
                                                          1.02      98.19 r
  g_area_orientation.analyzers/analyzer/U3714/Y (NAND2BX1)
                                                          0.67      98.86 f
  g_area_orientation.analyzers/analyzer/U3708/Y (NOR2X1)
                                                          0.64      99.50 r
  g_area_orientation.analyzers/analyzer/U3707/Y (AND2X1)
                                                          1.30     100.80 r
  g_area_orientation.analyzers/analyzer/U3706/Y (NOR2X1)
                                                          0.78     101.59 f
  g_area_orientation.analyzers/analyzer/U3679/Y (NAND2X1)
                                                          1.52     103.11 r
  g_area_orientation.analyzers/analyzer/U3649/Y (INVX1)
                                                          1.23     104.34 f
  g_area_orientation.analyzers/analyzer/U3648/Y (NAND2X1)
                                                          1.63     105.97 r
  g_area_orientation.analyzers/analyzer/U3644/Y (NAND4X1)
                                                          0.47     106.44 f
  g_area_orientation.analyzers/analyzer/U3643/Y (INVX1)
                                                          0.50     106.94 r
  g_area_orientation.analyzers/analyzer/U3642/Y (NOR2X1)
                                                          0.20     107.14 f
  g_area_orientation.analyzers/analyzer/U3615/Y (NAND4X1)
                                                          0.44     107.58 r
  g_area_orientation.analyzers/analyzer/U3590/Y (NOR4BX1)
                                                          0.68     108.26 r
  g_area_orientation.analyzers/analyzer/U3561/Y (NAND4X1)
                                                          0.67     108.93 f
  g_area_orientation.analyzers/analyzer/U3560/Y (NAND2X1)
                                                          0.58     109.50 r
  g_area_orientation.analyzers/analyzer/U3386/Y (NAND2X1)
                                                          0.43     109.93 f
  g_area_orientation.analyzers/analyzer/U3385/Y (INVX1)
                                                          0.84     110.77 r
  g_area_orientation.analyzers/analyzer/U3377/Y (AOI211X1)
                                                          0.35     111.12 f
  g_area_orientation.analyzers/analyzer/U3376/Y (INVX1)
                                                          0.47     111.59 r
  g_area_orientation.analyzers/analyzer/U3372/Y (NOR2X1)
                                                          0.26     111.84 f
  g_area_orientation.analyzers/analyzer/U3335/Y (INVX1)
                                                          0.66     112.51 r
  g_area_orientation.analyzers/analyzer/U3334/Y (NOR2X1)
                                                          0.23     112.73 f
  g_area_orientation.analyzers/analyzer/U3333/Y (MXI2X1)
                                                          0.51     113.24 r
  g_area_orientation.analyzers/analyzer/U3332/Y (MXI2X1)
                                                          0.59     113.83 f
  g_area_orientation.analyzers/analyzer/U3331/Y (INVX1)
                                                          0.64     114.47 r
  g_area_orientation.analyzers/analyzer/U3330/Y (NAND2X1)
                                                          0.97     115.44 f
  g_area_orientation.analyzers/analyzer/U3329/Y (INVX1)
                                                          1.68     117.11 r
  g_area_orientation.analyzers/analyzer/U3324/Y (NAND2X1)
                                                          1.44     118.56 f
  g_area_orientation.analyzers/analyzer/U3300/Y (NAND4X1)
                                                          0.66     119.22 r
  g_area_orientation.analyzers/analyzer/U3299/Y (INVX1)
                                                          0.33     119.55 f
  g_area_orientation.analyzers/analyzer/U3266/Y (NOR2X1)
                                                          0.28     119.83 r
  g_area_orientation.analyzers/analyzer/U3239/Y (NAND4X1)
                                                          0.41     120.24 f
  g_area_orientation.analyzers/analyzer/U3046/Y (NOR4BX1)
                                                          0.43     120.67 f
  g_area_orientation.analyzers/analyzer/U3018/Y (NAND4X1)
                                                          0.51     121.18 r
  g_area_orientation.analyzers/analyzer/U3017/Y (NAND2X1)
                                                          0.49     121.67 f
  g_area_orientation.analyzers/analyzer/U3016/Y (NAND2X1)
                                                          0.58     122.25 r
  g_area_orientation.analyzers/analyzer/U2993/Y (INVX1)
                                                          0.57     122.82 f
  g_area_orientation.analyzers/analyzer/U2983/Y (AOI211X1)
                                                          1.01     123.83 r
  g_area_orientation.analyzers/analyzer/U2982/Y (NAND2BX1)
                                                          0.73     124.56 f
  g_area_orientation.analyzers/analyzer/U2792/Y (NOR3X1)
                                                          2.32     126.88 r
  g_area_orientation.analyzers/analyzer/U2791/Y (NOR2X1)
                                                          1.17     128.05 f
  g_area_orientation.analyzers/analyzer/U2751/Y (NAND2X1)
                                                          1.80     129.85 r
  g_area_orientation.analyzers/analyzer/U2721/Y (NOR2X1)
                                                          1.28     131.13 f
  g_area_orientation.analyzers/analyzer/U2717/Y (NAND4BXL)
                                                          0.73     131.86 f
  g_area_orientation.analyzers/analyzer/U2716/Y (INVX1)
                                                          0.47     132.33 r
  g_area_orientation.analyzers/analyzer/U2715/Y (NOR2X1)
                                                          0.19     132.53 f
  g_area_orientation.analyzers/analyzer/U2687/Y (NAND4X1)
                                                          0.44     132.96 r
  g_area_orientation.analyzers/analyzer/U2661/Y (NOR4BX1)
                                                          0.68     133.64 r
  g_area_orientation.analyzers/analyzer/U2630/Y (NAND4X1)
                                                          0.68     134.32 f
  g_area_orientation.analyzers/analyzer/U2629/Y (NAND2X1)
                                                          0.76     135.07 r
  g_area_orientation.analyzers/analyzer/U2628/Y (NAND2X1)
                                                          0.51     135.58 f
  g_area_orientation.analyzers/analyzer/U2618/Y (NAND2X1)
                                                          0.59     136.17 r
  g_area_orientation.analyzers/analyzer/U2617/Y (NOR2BX1)
                                                          0.48     136.65 f
  g_area_orientation.analyzers/analyzer/U2614/Y (NAND2X1)
                                                          0.37     137.01 r
  g_area_orientation.analyzers/analyzer/U2346/Y (NAND2X1)
                                                          0.25     137.26 f
  g_area_orientation.analyzers/analyzer/U2345/Y (AOI21X1)
                                                          1.37     138.63 r
  g_area_orientation.analyzers/analyzer/U2340/Y (NAND2X1)
                                                          1.48     140.11 f
  g_area_orientation.analyzers/analyzer/U2302/Y (INVX1)
                                                          1.57     141.68 r
  g_area_orientation.analyzers/analyzer/U2301/Y (NAND2X1)
                                                          1.29     142.97 f
  g_area_orientation.analyzers/analyzer/U2300/Y (INVX1)
                                                          1.50     144.47 r
  g_area_orientation.analyzers/analyzer/U2299/Y (NOR2BX1)
                                                          0.28     144.75 f
  g_area_orientation.analyzers/analyzer/U2297/Y (NAND4X1)
                                                          0.55     145.30 r
  g_area_orientation.analyzers/analyzer/U2296/Y (NAND2X1)
                                                          0.20     145.50 f
  g_area_orientation.analyzers/analyzer/U2295/Y (AOI211X1)
                                                          0.40     145.90 r
  g_area_orientation.analyzers/analyzer/U2278/Y (NAND3X1)
                                                          0.38     146.27 f
  g_area_orientation.analyzers/analyzer/U2253/Y (NAND4BXL)
                                                          0.46     146.73 r
  g_area_orientation.analyzers/analyzer/U2246/Y (NOR3X1)
                                                          0.19     146.92 f
  g_area_orientation.analyzers/analyzer/U2225/Y (NAND4X1)
                                                          0.54     147.46 r
  g_area_orientation.analyzers/analyzer/U2224/Y (NAND2BX1)
                                                          0.43     147.89 f
  g_area_orientation.analyzers/analyzer/U2223/Y (NAND2X1)
                                                          0.65     148.55 r
  g_area_orientation.analyzers/analyzer/U2135/Y (NAND3X1)
                                                          0.32     148.87 f
  g_area_orientation.analyzers/analyzer/U2050/Y (NOR2X1)
                                                          0.43     149.30 r
  g_area_orientation.analyzers/analyzer/U2049/Y (INVX1)
                                                          0.48     149.78 f
  g_area_orientation.analyzers/analyzer/U2046/Y (NOR3X1)
                                                          2.24     152.02 r
  g_area_orientation.analyzers/analyzer/U2045/Y (NOR2X1)
                                                          1.26     153.28 f
  g_area_orientation.analyzers/analyzer/U2005/Y (NAND2X1)
                                                          1.65     154.93 r
  g_area_orientation.analyzers/analyzer/U1972/Y (INVX1)
                                                          1.22     156.15 f
  g_area_orientation.analyzers/analyzer/U1971/Y (NAND2X1)
                                                          1.62     157.78 r
  g_area_orientation.analyzers/analyzer/U1968/Y (NAND4X1)
                                                          0.47     158.25 f
  g_area_orientation.analyzers/analyzer/U1967/Y (INVX1)
                                                          0.50     158.75 r
  g_area_orientation.analyzers/analyzer/U1966/Y (NOR2X1)
                                                          0.20     158.95 f
  g_area_orientation.analyzers/analyzer/U1938/Y (NAND4X1)
                                                          0.44     159.39 r
  g_area_orientation.analyzers/analyzer/U1912/Y (NOR4BX1)
                                                          0.68     160.07 r
  g_area_orientation.analyzers/analyzer/U1884/Y (NAND4X1)
                                                          0.67     160.73 f
  g_area_orientation.analyzers/analyzer/U1883/Y (NAND2X1)
                                                          0.75     161.48 r
  g_area_orientation.analyzers/analyzer/U1851/Y (NAND2X1)
                                                          0.48     161.97 f
  g_area_orientation.analyzers/analyzer/U1844/Y (INVX1)
                                                          0.96     162.92 r
  g_area_orientation.analyzers/analyzer/U1835/Y (NOR3X1)
                                                          0.48     163.40 f
  g_area_orientation.analyzers/analyzer/U1834/Y (INVX1)
                                                          0.48     163.88 r
  g_area_orientation.analyzers/analyzer/U1832/Y (NOR2X1)
                                                          0.24     164.12 f
  g_area_orientation.analyzers/analyzer/U1675/Y (NOR2X1)
                                                          0.45     164.58 r
  g_area_orientation.analyzers/analyzer/U1674/Y (OAI21XL)
                                                          0.35     164.92 f
  g_area_orientation.analyzers/analyzer/U1673/Y (INVX1)
                                                          1.09     166.01 r
  g_area_orientation.analyzers/analyzer/U1610/Y (NAND2X1)
                                                          1.26     167.27 f
  g_area_orientation.analyzers/analyzer/U1582/Y (INVX1)
                                                          1.75     169.02 r
  g_area_orientation.analyzers/analyzer/U1577/Y (NOR2X1)
                                                          0.23     169.25 f
  g_area_orientation.analyzers/analyzer/U1550/Y (NAND4X1)
                                                          0.45     169.70 r
  g_area_orientation.analyzers/analyzer/U1523/Y (NOR4BX1)
                                                          0.68     170.38 r
  g_area_orientation.analyzers/analyzer/U1494/Y (NAND2X1)
                                                          0.65     171.03 f
  g_area_orientation.analyzers/analyzer/U1418/Y (AOI211X1)
                                                          0.46     171.49 r
  g_area_orientation.analyzers/analyzer/U1417/Y (OAI21XL)
                                                          0.58     172.07 f
  g_area_orientation.analyzers/analyzer/U1411/Y (NOR2X1)
                                                          0.96     173.03 r
  g_area_orientation.analyzers/analyzer/U1368/Y (INVX1)
                                                          0.44     173.47 f
  g_area_orientation.analyzers/analyzer/U1366/Y (NOR3X1)
                                                          2.25     175.72 r
  g_area_orientation.analyzers/analyzer/U1365/Y (NAND2BX1)
                                                          0.80     176.52 r
  g_area_orientation.analyzers/analyzer/U1322/Y (NOR2X1)
                                                          0.49     177.02 f
  g_area_orientation.analyzers/analyzer/U1295/Y (NOR3X1)
                                                          0.42     177.43 r
  g_area_orientation.analyzers/analyzer/U1294/Y (NAND4X1)
                                                          0.39     177.83 f
  g_area_orientation.analyzers/analyzer/U1292/Y (NAND4BXL)
                                                          0.35     178.17 r
  g_area_orientation.analyzers/analyzer/U1284/Y (OR4X1)
                                                          0.40     178.57 r
  g_area_orientation.analyzers/analyzer/U1258/Y (AND3X1)
                                                          0.54     179.11 r
  g_area_orientation.analyzers/analyzer/U1216/Y (NOR4BX1)
                                                          0.45     179.56 r
  g_area_orientation.analyzers/analyzer/U1215/Y (NAND3X1)
                                                          0.51     180.07 f
  g_area_orientation.analyzers/analyzer/U1214/Y (NAND3X1)
                                                          0.49     180.56 r
  g_area_orientation.analyzers/analyzer/U1062/Y (NAND2X1)
                                                          0.46     181.02 f
  g_area_orientation.analyzers/analyzer/U1058/Y (NAND2X1)
                                                          0.38     181.41 r
  g_area_orientation.analyzers/analyzer/U1057/Y (INVX1)
                                                          0.27     181.68 f
  g_area_orientation.analyzers/analyzer/U1047/Y (NAND2X1)
                                                          0.50     182.18 r
  g_area_orientation.analyzers/analyzer/U867/Y (INVX1)
                                                          0.28     182.46 f
  g_area_orientation.analyzers/analyzer/U524/Y (AOI221X1)
                                                          0.55     183.01 r
  g_area_orientation.analyzers/analyzer/U523/Y (OAI21XL)
                                                          0.56     183.57 f
  g_area_orientation.analyzers/analyzer/U522/Y (AOI22X1)
                                                          0.43     184.00 r
  g_area_orientation.analyzers/analyzer/U521/Y (INVX1)
                                                          0.15     184.14 f
  g_area_orientation.analyzers/analyzer/U520/Y (AOI222X1)
                                                          0.51     184.65 r
  g_area_orientation.analyzers/analyzer/U501/Y (NAND4BXL)
                                                          0.31     184.96 f
  g_area_orientation.analyzers/analyzer/U473/Y (OAI31X1)
                                                          0.39     185.35 r
  g_area_orientation.analyzers/analyzer/U424/Y (MXI2X1)
                                                          0.22     185.57 f
  g_area_orientation.analyzers/analyzer/U423/Y (NOR3X1)
                                                          0.35     185.93 r
  g_area_orientation.analyzers/analyzer/U3/Y (NOR4BX1)
                                                          0.64     186.57 r
  g_area_orientation.analyzers/analyzer/candidate_valid_o (config_candidate_evaluator_MAX_K5_HYBRID_ENTRY_NUM14_ROW_W10_COL_W10_CANDIDATE_W4)
                                                          0.00     186.57 r
  g_area_orientation.analyzers/U1728/Y (INVX1)            0.18     186.75 f
  g_area_orientation.analyzers/U1727/Y (AOI21X1)          0.96     187.71 r
  g_area_orientation.analyzers/U1707/Y (MXI2X1)           0.47     188.19 r
  g_area_orientation.analyzers/U1706/Y (NOR2BX1)          1.13     189.32 r
  g_area_orientation.analyzers/U1677/Y (MX2X1)            0.40     189.71 r
  g_area_orientation.analyzers/config_patterns_o_reg[4]/D (DFFHQX4)
                                                          0.00     189.71 r
  data arrival time                                                189.71

  clock clk (rise edge)                                  20.00      20.00
  clock network delay (ideal)                             0.00      20.00
  clock uncertainty                                      -0.10      19.90
  g_area_orientation.analyzers/config_patterns_o_reg[4]/CK (DFFHQX4)
                                                          0.00      19.90 r
  library setup time                                     -0.16      19.74
  data required time                                                19.74
  --------------------------------------------------------------------------
  data required time                                                19.74
  data arrival time                                               -189.71
  --------------------------------------------------------------------------
  slack (VIOLATED)                                                -169.97


  Startpoint: g_area_orientation.analyzers/active_cfg_reg[0]
              (rising edge-triggered flip-flop clocked by clk)
  Endpoint: g_area_orientation.analyzers/config_patterns_o_reg[20]
            (rising edge-triggered flip-flop clocked by clk)
  Path Group: clk
  Path Type: max

  Des/Clust/Port     Wire Load Model       Library
  ------------------------------------------------
  dss_analyzer_top_PARALLEL_ORIENTATION0
                     tsmc18_wl10           slow

  Point                                                   Incr       Path
  --------------------------------------------------------------------------
  clock clk (rise edge)                                   0.00       0.00
  clock network delay (ideal)                             0.00       0.00
  g_area_orientation.analyzers/active_cfg_reg[0]/CK (DFFHQX4)
                                                          0.00       0.00 r
  g_area_orientation.analyzers/active_cfg_reg[0]/Q (DFFHQX4)
                                                          0.59       0.59 r
  g_area_orientation.analyzers/view/config_id_i[0] (config_logical_view_MAX_K5_NUM_CFG7_HYBRID_ENTRY_NUM14_ADDR_W10_PTR_W3)
                                                          0.00       0.59 r
  g_area_orientation.analyzers/view/U2122/Y (INVX1)       1.80       2.39 f
  g_area_orientation.analyzers/view/U1506/Y (NOR3X1)      6.56       8.96 r
  g_area_orientation.analyzers/view/U88/Y (AOI22X1)       0.06       9.01 f
  g_area_orientation.analyzers/view/U87/Y (NAND4X1)       2.36      11.37 r
  g_area_orientation.analyzers/view/pivot_valid_o[0] (config_logical_view_MAX_K5_NUM_CFG7_HYBRID_ENTRY_NUM14_ADDR_W10_PTR_W3)
                                                          0.00      11.37 r
  g_area_orientation.analyzers/analyzer/pivot_valid_i[0] (config_candidate_evaluator_MAX_K5_HYBRID_ENTRY_NUM14_ROW_W10_COL_W10_CANDIDATE_W4)
                                                          0.00      11.37 r
  g_area_orientation.analyzers/analyzer/U6064/Y (XOR2X1)
                                                          1.09      12.46 r
  g_area_orientation.analyzers/analyzer/U6054/Y (XOR2X1)
                                                          0.51      12.97 r
  g_area_orientation.analyzers/analyzer/U6053/Y (NAND2X1)
                                                          0.30      13.27 f
  g_area_orientation.analyzers/analyzer/U6052/Y (OAI21XL)
                                                          1.42      14.68 r
  g_area_orientation.analyzers/analyzer/U6051/Y (INVX1)
                                                          0.80      15.49 f
  g_area_orientation.analyzers/analyzer/U6049/Y (NAND2X1)
                                                          2.00      17.49 r
  g_area_orientation.analyzers/analyzer/U6048/Y (INVX1)
                                                          0.66      18.15 f
  g_area_orientation.analyzers/analyzer/U6046/Y (NAND2X1)
                                                          0.56      18.71 r
  g_area_orientation.analyzers/analyzer/U6045/Y (INVX1)
                                                          0.27      18.98 f
  g_area_orientation.analyzers/analyzer/U5910/Y (NOR4BX1)
                                                          0.44      19.41 r
  g_area_orientation.analyzers/analyzer/U5909/Y (NAND4X1)
                                                          0.33      19.74 f
  g_area_orientation.analyzers/analyzer/U5901/Y (NAND4X1)
                                                          0.23      19.97 r
  g_area_orientation.analyzers/analyzer/U5881/Y (NAND4BXL)
                                                          0.45      20.42 r
  g_area_orientation.analyzers/analyzer/U5880/Y (NAND2X1)
                                                          0.41      20.83 f
  g_area_orientation.analyzers/analyzer/U5860/Y (NAND4BBX1)
                                                          0.42      21.25 f
  g_area_orientation.analyzers/analyzer/U5856/Y (OR4X1)
                                                          0.56      21.81 f
  g_area_orientation.analyzers/analyzer/U5840/Y (NAND2X1)
                                                          0.69      22.49 r
  g_area_orientation.analyzers/analyzer/U5838/Y (NOR4BX1)
                                                          0.26      22.76 f
  g_area_orientation.analyzers/analyzer/U5837/Y (NAND4X1)
                                                          0.44      23.20 r
  g_area_orientation.analyzers/analyzer/U5836/Y (INVX1)
                                                          0.38      23.58 f
  g_area_orientation.analyzers/analyzer/U5835/Y (NOR3X1)
                                                          1.13      24.71 r
  g_area_orientation.analyzers/analyzer/U5834/Y (INVX1)
                                                          0.35      25.06 f
  g_area_orientation.analyzers/analyzer/U5828/Y (NAND2X1)
                                                          0.63      25.69 r
  g_area_orientation.analyzers/analyzer/U5827/Y (NAND2X1)
                                                          0.37      26.06 f
  g_area_orientation.analyzers/analyzer/U5819/Y (NOR3X1)
                                                          1.15      27.21 r
  g_area_orientation.analyzers/analyzer/U5757/Y (INVX1)
                                                          0.35      27.56 f
  g_area_orientation.analyzers/analyzer/U5744/Y (OAI21XL)
                                                          2.26      29.82 r
  g_area_orientation.analyzers/analyzer/U5712/Y (OAI22X1)
                                                          0.30      30.12 f
  g_area_orientation.analyzers/analyzer/U5711/Y (INVX1)
                                                          0.40      30.52 r
  g_area_orientation.analyzers/analyzer/U5710/Y (XOR2X1)
                                                          0.40      30.92 r
  g_area_orientation.analyzers/analyzer/U5706/Y (NAND3X1)
                                                          0.17      31.09 f
  g_area_orientation.analyzers/analyzer/U5696/Y (NOR4X1)
                                                          0.34      31.42 r
  g_area_orientation.analyzers/analyzer/U5695/Y (NAND4X1)
                                                          0.32      31.74 f
  g_area_orientation.analyzers/analyzer/U5694/Y (INVX1)
                                                          0.43      32.17 r
  g_area_orientation.analyzers/analyzer/U5689/Y (NOR3X1)
                                                          0.21      32.38 f
  g_area_orientation.analyzers/analyzer/U5688/Y (NAND4X1)
                                                          0.39      32.77 r
  g_area_orientation.analyzers/analyzer/U5687/Y (INVX1)
                                                          0.23      33.00 f
  g_area_orientation.analyzers/analyzer/U5686/Y (NOR4BX1)
                                                          0.66      33.66 r
  g_area_orientation.analyzers/analyzer/U5654/Y (NAND2X1)
                                                          0.49      34.15 f
  g_area_orientation.analyzers/analyzer/U5497/Y (NAND2X1)
                                                          0.64      34.79 r
  g_area_orientation.analyzers/analyzer/U5496/Y (INVX1)
                                                          0.55      35.34 f
  g_area_orientation.analyzers/analyzer/U5495/Y (AOI211X1)
                                                          1.00      36.34 r
  g_area_orientation.analyzers/analyzer/U5494/Y (NAND2BX1)
                                                          0.80      37.15 f
  g_area_orientation.analyzers/analyzer/U5294/Y (NOR2X1)
                                                          0.68      37.83 r
  g_area_orientation.analyzers/analyzer/U5293/Y (NOR2BX1)
                                                          1.80      39.62 r
  g_area_orientation.analyzers/analyzer/U5292/Y (NOR2X1)
                                                          1.07      40.69 f
  g_area_orientation.analyzers/analyzer/U5268/Y (NAND2X1)
                                                          1.57      42.26 r
  g_area_orientation.analyzers/analyzer/U5267/Y (INVX1)
                                                          1.16      43.42 f
  g_area_orientation.analyzers/analyzer/U5230/Y (NOR2X1)
                                                          0.46      43.88 r
  g_area_orientation.analyzers/analyzer/U5203/Y (NAND4X1)
                                                          0.41      44.29 f
  g_area_orientation.analyzers/analyzer/U5176/Y (NOR4BX1)
                                                          0.43      44.72 f
  g_area_orientation.analyzers/analyzer/U5149/Y (NAND4X1)
                                                          0.51      45.23 r
  g_area_orientation.analyzers/analyzer/U5148/Y (NAND2X1)
                                                          0.49      45.72 f
  g_area_orientation.analyzers/analyzer/U5147/Y (NAND2X1)
                                                          0.50      46.22 r
  g_area_orientation.analyzers/analyzer/U5146/Y (INVX1)
                                                          0.58      46.80 f
  g_area_orientation.analyzers/analyzer/U5135/Y (AOI211X1)
                                                          1.00      47.79 r
  g_area_orientation.analyzers/analyzer/U5134/Y (NOR2BX1)
                                                          0.47      48.26 r
  g_area_orientation.analyzers/analyzer/U5133/Y (INVX1)
                                                          0.41      48.67 f
  g_area_orientation.analyzers/analyzer/U4928/Y (NOR2BX1)
                                                          0.61      49.28 r
  g_area_orientation.analyzers/analyzer/U4927/Y (NAND2X1)
                                                          0.97      50.24 f
  g_area_orientation.analyzers/analyzer/U4926/Y (NAND2X1)
                                                          0.94      51.18 r
  g_area_orientation.analyzers/analyzer/U4925/Y (INVX1)
                                                          0.52      51.70 f
  g_area_orientation.analyzers/analyzer/U4866/Y (NAND2X1)
                                                          1.43      53.13 r
  g_area_orientation.analyzers/analyzer/U4865/Y (INVX1)
                                                          1.22      54.35 f
  g_area_orientation.analyzers/analyzer/U4864/Y (NOR3X1)
                                                          0.48      54.83 r
  g_area_orientation.analyzers/analyzer/U4863/Y (NAND4X1)
                                                          0.40      55.23 f
  g_area_orientation.analyzers/analyzer/U4862/Y (OAI21XL)
                                                          0.31      55.54 r
  g_area_orientation.analyzers/analyzer/U4834/Y (NAND4BXL)
                                                          0.46      56.00 r
  g_area_orientation.analyzers/analyzer/U4832/Y (NAND3X1)
                                                          0.39      56.39 f
  g_area_orientation.analyzers/analyzer/U4831/Y (INVX1)
                                                          0.35      56.74 r
  g_area_orientation.analyzers/analyzer/U4830/Y (NAND3X1)
                                                          0.17      56.90 f
  g_area_orientation.analyzers/analyzer/U4784/Y (OR4X1)
                                                          0.74      57.64 f
  g_area_orientation.analyzers/analyzer/U4783/Y (NAND3X1)
                                                          0.51      58.15 r
  g_area_orientation.analyzers/analyzer/U4780/Y (NAND2X1)
                                                          0.34      58.49 f
  g_area_orientation.analyzers/analyzer/U4779/Y (INVX1)
                                                          0.81      59.30 r
  g_area_orientation.analyzers/analyzer/U4771/Y (AOI211X1)
                                                          0.44      59.74 f
  g_area_orientation.analyzers/analyzer/U4770/Y (INVX1)
                                                          0.56      60.30 r
  g_area_orientation.analyzers/analyzer/U4769/Y (OR2X1)
                                                          0.85      61.14 r
  g_area_orientation.analyzers/analyzer/U4595/Y (NOR2X1)
                                                          0.32      61.47 f
  g_area_orientation.analyzers/analyzer/U4594/Y (NAND2X1)
                                                          1.21      62.68 r
  g_area_orientation.analyzers/analyzer/U4593/Y (NAND2X1)
                                                          0.64      63.31 f
  g_area_orientation.analyzers/analyzer/U4592/Y (INVX1)
                                                          0.82      64.14 r
  g_area_orientation.analyzers/analyzer/U4518/Y (NAND2X1)
                                                          1.15      65.28 f
  g_area_orientation.analyzers/analyzer/U4517/Y (INVX1)
                                                          1.62      66.90 r
  g_area_orientation.analyzers/analyzer/U4516/Y (NOR3X1)
                                                          0.34      67.24 f
  g_area_orientation.analyzers/analyzer/U4515/Y (NAND4X1)
                                                          0.49      67.72 r
  g_area_orientation.analyzers/analyzer/U4514/Y (OAI21XL)
                                                          0.27      67.99 f
  g_area_orientation.analyzers/analyzer/U4487/Y (NAND4BXL)
                                                          0.54      68.53 f
  g_area_orientation.analyzers/analyzer/U4485/Y (NAND3X1)
                                                          0.44      68.97 r
  g_area_orientation.analyzers/analyzer/U4484/Y (INVX1)
                                                          0.25      69.21 f
  g_area_orientation.analyzers/analyzer/U4483/Y (NAND3X1)
                                                          0.22      69.43 r
  g_area_orientation.analyzers/analyzer/U4433/Y (OR4X1)
                                                          0.56      69.99 r
  g_area_orientation.analyzers/analyzer/U4432/Y (NAND3X1)
                                                          0.56      70.55 f
  g_area_orientation.analyzers/analyzer/U4431/Y (NAND2X1)
                                                          0.60      71.15 r
  g_area_orientation.analyzers/analyzer/U4430/Y (INVX1)
                                                          0.57      71.72 f
  g_area_orientation.analyzers/analyzer/U4417/Y (AOI211X1)
                                                          1.01      72.73 r
  g_area_orientation.analyzers/analyzer/U4416/Y (NAND2BX1)
                                                          0.66      73.39 f
  g_area_orientation.analyzers/analyzer/U4388/Y (NOR2BX1)
                                                          0.67      74.06 r
  g_area_orientation.analyzers/analyzer/U4387/Y (NAND2X1)
                                                          0.97      75.02 f
  g_area_orientation.analyzers/analyzer/U4386/Y (NAND2X1)
                                                          1.05      76.07 r
  g_area_orientation.analyzers/analyzer/U4346/Y (INVX1)
                                                          0.54      76.61 f
  g_area_orientation.analyzers/analyzer/U4340/Y (NAND2X1)
                                                          1.45      78.06 r
  g_area_orientation.analyzers/analyzer/U4339/Y (INVX1)
                                                          1.29      79.35 f
  g_area_orientation.analyzers/analyzer/U4338/Y (NOR3X1)
                                                          0.48      79.83 r
  g_area_orientation.analyzers/analyzer/U4337/Y (NAND4X1)
                                                          0.40      80.24 f
  g_area_orientation.analyzers/analyzer/U4336/Y (OAI21XL)
                                                          0.31      80.54 r
  g_area_orientation.analyzers/analyzer/U4308/Y (NAND4BXL)
                                                          0.46      81.00 r
  g_area_orientation.analyzers/analyzer/U4306/Y (NAND3X1)
                                                          0.39      81.39 f
  g_area_orientation.analyzers/analyzer/U4305/Y (INVX1)
                                                          0.35      81.74 r
  g_area_orientation.analyzers/analyzer/U4304/Y (NAND3X1)
                                                          0.17      81.91 f
  g_area_orientation.analyzers/analyzer/U4257/Y (OR4X1)
                                                          0.80      82.71 f
  g_area_orientation.analyzers/analyzer/U4256/Y (NAND3X1)
                                                          0.61      83.32 r
  g_area_orientation.analyzers/analyzer/U4084/Y (NAND2X1)
                                                          0.42      83.73 f
  g_area_orientation.analyzers/analyzer/U4083/Y (INVX1)
                                                          0.85      84.58 r
  g_area_orientation.analyzers/analyzer/U4075/Y (AOI211X1)
                                                          0.51      85.09 f
  g_area_orientation.analyzers/analyzer/U4071/Y (NOR2BX1)
                                                          0.52      85.61 f
  g_area_orientation.analyzers/analyzer/U4070/Y (INVX1)
                                                          0.59      86.20 r
  g_area_orientation.analyzers/analyzer/U4053/Y (NOR2BX1)
                                                          0.39      86.59 f
  g_area_orientation.analyzers/analyzer/U3847/Y (NAND2X1)
                                                          1.18      87.78 r
  g_area_orientation.analyzers/analyzer/U3846/Y (NAND2X1)
                                                          0.80      88.57 f
  g_area_orientation.analyzers/analyzer/U3804/Y (INVX1)
                                                          0.89      89.46 r
  g_area_orientation.analyzers/analyzer/U3801/Y (NAND2X1)
                                                          1.01      90.47 f
  g_area_orientation.analyzers/analyzer/U3800/Y (INVX1)
                                                          1.79      92.26 r
  g_area_orientation.analyzers/analyzer/U3799/Y (NOR3X1)
                                                          0.36      92.62 f
  g_area_orientation.analyzers/analyzer/U3798/Y (NAND4X1)
                                                          0.50      93.12 r
  g_area_orientation.analyzers/analyzer/U3797/Y (OAI21XL)
                                                          0.27      93.38 f
  g_area_orientation.analyzers/analyzer/U3770/Y (NAND4BXL)
                                                          0.55      93.93 f
  g_area_orientation.analyzers/analyzer/U3768/Y (NAND3X1)
                                                          0.44      94.37 r
  g_area_orientation.analyzers/analyzer/U3767/Y (INVX1)
                                                          0.25      94.62 f
  g_area_orientation.analyzers/analyzer/U3766/Y (NAND3X1)
                                                          0.22      94.84 r
  g_area_orientation.analyzers/analyzer/U3726/Y (OR4X1)
                                                          0.64      95.48 r
  g_area_orientation.analyzers/analyzer/U3725/Y (NAND3X1)
                                                          0.59      96.07 f
  g_area_orientation.analyzers/analyzer/U3724/Y (NAND2X1)
                                                          0.51      96.58 r
  g_area_orientation.analyzers/analyzer/U3723/Y (INVX1)
                                                          0.59      97.17 f
  g_area_orientation.analyzers/analyzer/U3715/Y (AOI211X1)
                                                          1.02      98.19 r
  g_area_orientation.analyzers/analyzer/U3714/Y (NAND2BX1)
                                                          0.67      98.86 f
  g_area_orientation.analyzers/analyzer/U3708/Y (NOR2X1)
                                                          0.64      99.50 r
  g_area_orientation.analyzers/analyzer/U3707/Y (AND2X1)
                                                          1.30     100.80 r
  g_area_orientation.analyzers/analyzer/U3706/Y (NOR2X1)
                                                          0.78     101.59 f
  g_area_orientation.analyzers/analyzer/U3679/Y (NAND2X1)
                                                          1.52     103.11 r
  g_area_orientation.analyzers/analyzer/U3649/Y (INVX1)
                                                          1.23     104.34 f
  g_area_orientation.analyzers/analyzer/U3648/Y (NAND2X1)
                                                          1.63     105.97 r
  g_area_orientation.analyzers/analyzer/U3644/Y (NAND4X1)
                                                          0.47     106.44 f
  g_area_orientation.analyzers/analyzer/U3643/Y (INVX1)
                                                          0.50     106.94 r
  g_area_orientation.analyzers/analyzer/U3642/Y (NOR2X1)
                                                          0.20     107.14 f
  g_area_orientation.analyzers/analyzer/U3615/Y (NAND4X1)
                                                          0.44     107.58 r
  g_area_orientation.analyzers/analyzer/U3590/Y (NOR4BX1)
                                                          0.68     108.26 r
  g_area_orientation.analyzers/analyzer/U3561/Y (NAND4X1)
                                                          0.67     108.93 f
  g_area_orientation.analyzers/analyzer/U3560/Y (NAND2X1)
                                                          0.58     109.50 r
  g_area_orientation.analyzers/analyzer/U3386/Y (NAND2X1)
                                                          0.43     109.93 f
  g_area_orientation.analyzers/analyzer/U3385/Y (INVX1)
                                                          0.84     110.77 r
  g_area_orientation.analyzers/analyzer/U3377/Y (AOI211X1)
                                                          0.35     111.12 f
  g_area_orientation.analyzers/analyzer/U3376/Y (INVX1)
                                                          0.47     111.59 r
  g_area_orientation.analyzers/analyzer/U3372/Y (NOR2X1)
                                                          0.26     111.84 f
  g_area_orientation.analyzers/analyzer/U3335/Y (INVX1)
                                                          0.66     112.51 r
  g_area_orientation.analyzers/analyzer/U3334/Y (NOR2X1)
                                                          0.23     112.73 f
  g_area_orientation.analyzers/analyzer/U3333/Y (MXI2X1)
                                                          0.51     113.24 r
  g_area_orientation.analyzers/analyzer/U3332/Y (MXI2X1)
                                                          0.59     113.83 f
  g_area_orientation.analyzers/analyzer/U3331/Y (INVX1)
                                                          0.64     114.47 r
  g_area_orientation.analyzers/analyzer/U3330/Y (NAND2X1)
                                                          0.97     115.44 f
  g_area_orientation.analyzers/analyzer/U3329/Y (INVX1)
                                                          1.68     117.11 r
  g_area_orientation.analyzers/analyzer/U3324/Y (NAND2X1)
                                                          1.44     118.56 f
  g_area_orientation.analyzers/analyzer/U3300/Y (NAND4X1)
                                                          0.66     119.22 r
  g_area_orientation.analyzers/analyzer/U3299/Y (INVX1)
                                                          0.33     119.55 f
  g_area_orientation.analyzers/analyzer/U3266/Y (NOR2X1)
                                                          0.28     119.83 r
  g_area_orientation.analyzers/analyzer/U3239/Y (NAND4X1)
                                                          0.41     120.24 f
  g_area_orientation.analyzers/analyzer/U3046/Y (NOR4BX1)
                                                          0.43     120.67 f
  g_area_orientation.analyzers/analyzer/U3018/Y (NAND4X1)
                                                          0.51     121.18 r
  g_area_orientation.analyzers/analyzer/U3017/Y (NAND2X1)
                                                          0.49     121.67 f
  g_area_orientation.analyzers/analyzer/U3016/Y (NAND2X1)
                                                          0.58     122.25 r
  g_area_orientation.analyzers/analyzer/U2993/Y (INVX1)
                                                          0.57     122.82 f
  g_area_orientation.analyzers/analyzer/U2983/Y (AOI211X1)
                                                          1.01     123.83 r
  g_area_orientation.analyzers/analyzer/U2982/Y (NAND2BX1)
                                                          0.73     124.56 f
  g_area_orientation.analyzers/analyzer/U2792/Y (NOR3X1)
                                                          2.32     126.88 r
  g_area_orientation.analyzers/analyzer/U2791/Y (NOR2X1)
                                                          1.17     128.05 f
  g_area_orientation.analyzers/analyzer/U2751/Y (NAND2X1)
                                                          1.80     129.85 r
  g_area_orientation.analyzers/analyzer/U2721/Y (NOR2X1)
                                                          1.28     131.13 f
  g_area_orientation.analyzers/analyzer/U2717/Y (NAND4BXL)
                                                          0.73     131.86 f
  g_area_orientation.analyzers/analyzer/U2716/Y (INVX1)
                                                          0.47     132.33 r
  g_area_orientation.analyzers/analyzer/U2715/Y (NOR2X1)
                                                          0.19     132.53 f
  g_area_orientation.analyzers/analyzer/U2687/Y (NAND4X1)
                                                          0.44     132.96 r
  g_area_orientation.analyzers/analyzer/U2661/Y (NOR4BX1)
                                                          0.68     133.64 r
  g_area_orientation.analyzers/analyzer/U2630/Y (NAND4X1)
                                                          0.68     134.32 f
  g_area_orientation.analyzers/analyzer/U2629/Y (NAND2X1)
                                                          0.76     135.07 r
  g_area_orientation.analyzers/analyzer/U2628/Y (NAND2X1)
                                                          0.51     135.58 f
  g_area_orientation.analyzers/analyzer/U2618/Y (NAND2X1)
                                                          0.59     136.17 r
  g_area_orientation.analyzers/analyzer/U2617/Y (NOR2BX1)
                                                          0.48     136.65 f
  g_area_orientation.analyzers/analyzer/U2614/Y (NAND2X1)
                                                          0.37     137.01 r
  g_area_orientation.analyzers/analyzer/U2346/Y (NAND2X1)
                                                          0.25     137.26 f
  g_area_orientation.analyzers/analyzer/U2345/Y (AOI21X1)
                                                          1.37     138.63 r
  g_area_orientation.analyzers/analyzer/U2340/Y (NAND2X1)
                                                          1.48     140.11 f
  g_area_orientation.analyzers/analyzer/U2302/Y (INVX1)
                                                          1.57     141.68 r
  g_area_orientation.analyzers/analyzer/U2301/Y (NAND2X1)
                                                          1.29     142.97 f
  g_area_orientation.analyzers/analyzer/U2300/Y (INVX1)
                                                          1.50     144.47 r
  g_area_orientation.analyzers/analyzer/U2299/Y (NOR2BX1)
                                                          0.28     144.75 f
  g_area_orientation.analyzers/analyzer/U2297/Y (NAND4X1)
                                                          0.55     145.30 r
  g_area_orientation.analyzers/analyzer/U2296/Y (NAND2X1)
                                                          0.20     145.50 f
  g_area_orientation.analyzers/analyzer/U2295/Y (AOI211X1)
                                                          0.40     145.90 r
  g_area_orientation.analyzers/analyzer/U2278/Y (NAND3X1)
                                                          0.38     146.27 f
  g_area_orientation.analyzers/analyzer/U2253/Y (NAND4BXL)
                                                          0.46     146.73 r
  g_area_orientation.analyzers/analyzer/U2246/Y (NOR3X1)
                                                          0.19     146.92 f
  g_area_orientation.analyzers/analyzer/U2225/Y (NAND4X1)
                                                          0.54     147.46 r
  g_area_orientation.analyzers/analyzer/U2224/Y (NAND2BX1)
                                                          0.43     147.89 f
  g_area_orientation.analyzers/analyzer/U2223/Y (NAND2X1)
                                                          0.65     148.55 r
  g_area_orientation.analyzers/analyzer/U2135/Y (NAND3X1)
                                                          0.32     148.87 f
  g_area_orientation.analyzers/analyzer/U2050/Y (NOR2X1)
                                                          0.43     149.30 r
  g_area_orientation.analyzers/analyzer/U2049/Y (INVX1)
                                                          0.48     149.78 f
  g_area_orientation.analyzers/analyzer/U2046/Y (NOR3X1)
                                                          2.24     152.02 r
  g_area_orientation.analyzers/analyzer/U2045/Y (NOR2X1)
                                                          1.26     153.28 f
  g_area_orientation.analyzers/analyzer/U2005/Y (NAND2X1)
                                                          1.65     154.93 r
  g_area_orientation.analyzers/analyzer/U1972/Y (INVX1)
                                                          1.22     156.15 f
  g_area_orientation.analyzers/analyzer/U1971/Y (NAND2X1)
                                                          1.62     157.78 r
  g_area_orientation.analyzers/analyzer/U1968/Y (NAND4X1)
                                                          0.47     158.25 f
  g_area_orientation.analyzers/analyzer/U1967/Y (INVX1)
                                                          0.50     158.75 r
  g_area_orientation.analyzers/analyzer/U1966/Y (NOR2X1)
                                                          0.20     158.95 f
  g_area_orientation.analyzers/analyzer/U1938/Y (NAND4X1)
                                                          0.44     159.39 r
  g_area_orientation.analyzers/analyzer/U1912/Y (NOR4BX1)
                                                          0.68     160.07 r
  g_area_orientation.analyzers/analyzer/U1884/Y (NAND4X1)
                                                          0.67     160.73 f
  g_area_orientation.analyzers/analyzer/U1883/Y (NAND2X1)
                                                          0.75     161.48 r
  g_area_orientation.analyzers/analyzer/U1851/Y (NAND2X1)
                                                          0.48     161.97 f
  g_area_orientation.analyzers/analyzer/U1844/Y (INVX1)
                                                          0.96     162.92 r
  g_area_orientation.analyzers/analyzer/U1835/Y (NOR3X1)
                                                          0.48     163.40 f
  g_area_orientation.analyzers/analyzer/U1834/Y (INVX1)
                                                          0.48     163.88 r
  g_area_orientation.analyzers/analyzer/U1832/Y (NOR2X1)
                                                          0.24     164.12 f
  g_area_orientation.analyzers/analyzer/U1675/Y (NOR2X1)
                                                          0.45     164.58 r
  g_area_orientation.analyzers/analyzer/U1674/Y (OAI21XL)
                                                          0.35     164.92 f
  g_area_orientation.analyzers/analyzer/U1673/Y (INVX1)
                                                          1.09     166.01 r
  g_area_orientation.analyzers/analyzer/U1610/Y (NAND2X1)
                                                          1.26     167.27 f
  g_area_orientation.analyzers/analyzer/U1582/Y (INVX1)
                                                          1.75     169.02 r
  g_area_orientation.analyzers/analyzer/U1577/Y (NOR2X1)
                                                          0.23     169.25 f
  g_area_orientation.analyzers/analyzer/U1550/Y (NAND4X1)
                                                          0.45     169.70 r
  g_area_orientation.analyzers/analyzer/U1523/Y (NOR4BX1)
                                                          0.68     170.38 r
  g_area_orientation.analyzers/analyzer/U1494/Y (NAND2X1)
                                                          0.65     171.03 f
  g_area_orientation.analyzers/analyzer/U1418/Y (AOI211X1)
                                                          0.46     171.49 r
  g_area_orientation.analyzers/analyzer/U1417/Y (OAI21XL)
                                                          0.58     172.07 f
  g_area_orientation.analyzers/analyzer/U1411/Y (NOR2X1)
                                                          0.96     173.03 r
  g_area_orientation.analyzers/analyzer/U1368/Y (INVX1)
                                                          0.44     173.47 f
  g_area_orientation.analyzers/analyzer/U1366/Y (NOR3X1)
                                                          2.25     175.72 r
  g_area_orientation.analyzers/analyzer/U1365/Y (NAND2BX1)
                                                          0.80     176.52 r
  g_area_orientation.analyzers/analyzer/U1322/Y (NOR2X1)
                                                          0.49     177.02 f
  g_area_orientation.analyzers/analyzer/U1295/Y (NOR3X1)
                                                          0.42     177.43 r
  g_area_orientation.analyzers/analyzer/U1294/Y (NAND4X1)
                                                          0.39     177.83 f
  g_area_orientation.analyzers/analyzer/U1292/Y (NAND4BXL)
                                                          0.35     178.17 r
  g_area_orientation.analyzers/analyzer/U1284/Y (OR4X1)
                                                          0.40     178.57 r
  g_area_orientation.analyzers/analyzer/U1258/Y (AND3X1)
                                                          0.54     179.11 r
  g_area_orientation.analyzers/analyzer/U1216/Y (NOR4BX1)
                                                          0.45     179.56 r
  g_area_orientation.analyzers/analyzer/U1215/Y (NAND3X1)
                                                          0.51     180.07 f
  g_area_orientation.analyzers/analyzer/U1214/Y (NAND3X1)
                                                          0.49     180.56 r
  g_area_orientation.analyzers/analyzer/U1062/Y (NAND2X1)
                                                          0.46     181.02 f
  g_area_orientation.analyzers/analyzer/U1058/Y (NAND2X1)
                                                          0.38     181.41 r
  g_area_orientation.analyzers/analyzer/U1057/Y (INVX1)
                                                          0.27     181.68 f
  g_area_orientation.analyzers/analyzer/U1047/Y (NAND2X1)
                                                          0.50     182.18 r
  g_area_orientation.analyzers/analyzer/U867/Y (INVX1)
                                                          0.28     182.46 f
  g_area_orientation.analyzers/analyzer/U524/Y (AOI221X1)
                                                          0.55     183.01 r
  g_area_orientation.analyzers/analyzer/U523/Y (OAI21XL)
                                                          0.56     183.57 f
  g_area_orientation.analyzers/analyzer/U522/Y (AOI22X1)
                                                          0.43     184.00 r
  g_area_orientation.analyzers/analyzer/U521/Y (INVX1)
                                                          0.15     184.14 f
  g_area_orientation.analyzers/analyzer/U520/Y (AOI222X1)
                                                          0.51     184.65 r
  g_area_orientation.analyzers/analyzer/U501/Y (NAND4BXL)
                                                          0.31     184.96 f
  g_area_orientation.analyzers/analyzer/U473/Y (OAI31X1)
                                                          0.39     185.35 r
  g_area_orientation.analyzers/analyzer/U424/Y (MXI2X1)
                                                          0.22     185.57 f
  g_area_orientation.analyzers/analyzer/U423/Y (NOR3X1)
                                                          0.35     185.93 r
  g_area_orientation.analyzers/analyzer/U3/Y (NOR4BX1)
                                                          0.64     186.57 r
  g_area_orientation.analyzers/analyzer/candidate_valid_o (config_candidate_evaluator_MAX_K5_HYBRID_ENTRY_NUM14_ROW_W10_COL_W10_CANDIDATE_W4)
                                                          0.00     186.57 r
  g_area_orientation.analyzers/U1728/Y (INVX1)            0.18     186.75 f
  g_area_orientation.analyzers/U1727/Y (AOI21X1)          0.96     187.71 r
  g_area_orientation.analyzers/U1707/Y (MXI2X1)           0.47     188.19 r
  g_area_orientation.analyzers/U1706/Y (NOR2BX1)          1.13     189.32 r
  g_area_orientation.analyzers/U1698/Y (MX2X1)            0.40     189.71 r
  g_area_orientation.analyzers/config_patterns_o_reg[20]/D (DFFHQX4)
                                                          0.00     189.71 r
  data arrival time                                                189.71

  clock clk (rise edge)                                  20.00      20.00
  clock network delay (ideal)                             0.00      20.00
  clock uncertainty                                      -0.10      19.90
  g_area_orientation.analyzers/config_patterns_o_reg[20]/CK (DFFHQX4)
                                                          0.00      19.90 r
  library setup time                                     -0.16      19.74
  data required time                                                19.74
  --------------------------------------------------------------------------
  data required time                                                19.74
  data arrival time                                               -189.71
  --------------------------------------------------------------------------
  slack (VIOLATED)                                                -169.97


  Startpoint: g_area_orientation.analyzers/active_cfg_reg[0]
              (rising edge-triggered flip-flop clocked by clk)
  Endpoint: g_area_orientation.analyzers/config_patterns_o_reg[16]
            (rising edge-triggered flip-flop clocked by clk)
  Path Group: clk
  Path Type: max

  Des/Clust/Port     Wire Load Model       Library
  ------------------------------------------------
  dss_analyzer_top_PARALLEL_ORIENTATION0
                     tsmc18_wl10           slow

  Point                                                   Incr       Path
  --------------------------------------------------------------------------
  clock clk (rise edge)                                   0.00       0.00
  clock network delay (ideal)                             0.00       0.00
  g_area_orientation.analyzers/active_cfg_reg[0]/CK (DFFHQX4)
                                                          0.00       0.00 r
  g_area_orientation.analyzers/active_cfg_reg[0]/Q (DFFHQX4)
                                                          0.59       0.59 r
  g_area_orientation.analyzers/view/config_id_i[0] (config_logical_view_MAX_K5_NUM_CFG7_HYBRID_ENTRY_NUM14_ADDR_W10_PTR_W3)
                                                          0.00       0.59 r
  g_area_orientation.analyzers/view/U2122/Y (INVX1)       1.80       2.39 f
  g_area_orientation.analyzers/view/U1506/Y (NOR3X1)      6.56       8.96 r
  g_area_orientation.analyzers/view/U88/Y (AOI22X1)       0.06       9.01 f
  g_area_orientation.analyzers/view/U87/Y (NAND4X1)       2.36      11.37 r
  g_area_orientation.analyzers/view/pivot_valid_o[0] (config_logical_view_MAX_K5_NUM_CFG7_HYBRID_ENTRY_NUM14_ADDR_W10_PTR_W3)
                                                          0.00      11.37 r
  g_area_orientation.analyzers/analyzer/pivot_valid_i[0] (config_candidate_evaluator_MAX_K5_HYBRID_ENTRY_NUM14_ROW_W10_COL_W10_CANDIDATE_W4)
                                                          0.00      11.37 r
  g_area_orientation.analyzers/analyzer/U6064/Y (XOR2X1)
                                                          1.09      12.46 r
  g_area_orientation.analyzers/analyzer/U6054/Y (XOR2X1)
                                                          0.51      12.97 r
  g_area_orientation.analyzers/analyzer/U6053/Y (NAND2X1)
                                                          0.30      13.27 f
  g_area_orientation.analyzers/analyzer/U6052/Y (OAI21XL)
                                                          1.42      14.68 r
  g_area_orientation.analyzers/analyzer/U6051/Y (INVX1)
                                                          0.80      15.49 f
  g_area_orientation.analyzers/analyzer/U6049/Y (NAND2X1)
                                                          2.00      17.49 r
  g_area_orientation.analyzers/analyzer/U6048/Y (INVX1)
                                                          0.66      18.15 f
  g_area_orientation.analyzers/analyzer/U6046/Y (NAND2X1)
                                                          0.56      18.71 r
  g_area_orientation.analyzers/analyzer/U6045/Y (INVX1)
                                                          0.27      18.98 f
  g_area_orientation.analyzers/analyzer/U5910/Y (NOR4BX1)
                                                          0.44      19.41 r
  g_area_orientation.analyzers/analyzer/U5909/Y (NAND4X1)
                                                          0.33      19.74 f
  g_area_orientation.analyzers/analyzer/U5901/Y (NAND4X1)
                                                          0.23      19.97 r
  g_area_orientation.analyzers/analyzer/U5881/Y (NAND4BXL)
                                                          0.45      20.42 r
  g_area_orientation.analyzers/analyzer/U5880/Y (NAND2X1)
                                                          0.41      20.83 f
  g_area_orientation.analyzers/analyzer/U5860/Y (NAND4BBX1)
                                                          0.42      21.25 f
  g_area_orientation.analyzers/analyzer/U5856/Y (OR4X1)
                                                          0.56      21.81 f
  g_area_orientation.analyzers/analyzer/U5840/Y (NAND2X1)
                                                          0.69      22.49 r
  g_area_orientation.analyzers/analyzer/U5838/Y (NOR4BX1)
                                                          0.26      22.76 f
  g_area_orientation.analyzers/analyzer/U5837/Y (NAND4X1)
                                                          0.44      23.20 r
  g_area_orientation.analyzers/analyzer/U5836/Y (INVX1)
                                                          0.38      23.58 f
  g_area_orientation.analyzers/analyzer/U5835/Y (NOR3X1)
                                                          1.13      24.71 r
  g_area_orientation.analyzers/analyzer/U5834/Y (INVX1)
                                                          0.35      25.06 f
  g_area_orientation.analyzers/analyzer/U5828/Y (NAND2X1)
                                                          0.63      25.69 r
  g_area_orientation.analyzers/analyzer/U5827/Y (NAND2X1)
                                                          0.37      26.06 f
  g_area_orientation.analyzers/analyzer/U5819/Y (NOR3X1)
                                                          1.15      27.21 r
  g_area_orientation.analyzers/analyzer/U5757/Y (INVX1)
                                                          0.35      27.56 f
  g_area_orientation.analyzers/analyzer/U5744/Y (OAI21XL)
                                                          2.26      29.82 r
  g_area_orientation.analyzers/analyzer/U5712/Y (OAI22X1)
                                                          0.30      30.12 f
  g_area_orientation.analyzers/analyzer/U5711/Y (INVX1)
                                                          0.40      30.52 r
  g_area_orientation.analyzers/analyzer/U5710/Y (XOR2X1)
                                                          0.40      30.92 r
  g_area_orientation.analyzers/analyzer/U5706/Y (NAND3X1)
                                                          0.17      31.09 f
  g_area_orientation.analyzers/analyzer/U5696/Y (NOR4X1)
                                                          0.34      31.42 r
  g_area_orientation.analyzers/analyzer/U5695/Y (NAND4X1)
                                                          0.32      31.74 f
  g_area_orientation.analyzers/analyzer/U5694/Y (INVX1)
                                                          0.43      32.17 r
  g_area_orientation.analyzers/analyzer/U5689/Y (NOR3X1)
                                                          0.21      32.38 f
  g_area_orientation.analyzers/analyzer/U5688/Y (NAND4X1)
                                                          0.39      32.77 r
  g_area_orientation.analyzers/analyzer/U5687/Y (INVX1)
                                                          0.23      33.00 f
  g_area_orientation.analyzers/analyzer/U5686/Y (NOR4BX1)
                                                          0.66      33.66 r
  g_area_orientation.analyzers/analyzer/U5654/Y (NAND2X1)
                                                          0.49      34.15 f
  g_area_orientation.analyzers/analyzer/U5497/Y (NAND2X1)
                                                          0.64      34.79 r
  g_area_orientation.analyzers/analyzer/U5496/Y (INVX1)
                                                          0.55      35.34 f
  g_area_orientation.analyzers/analyzer/U5495/Y (AOI211X1)
                                                          1.00      36.34 r
  g_area_orientation.analyzers/analyzer/U5494/Y (NAND2BX1)
                                                          0.80      37.15 f
  g_area_orientation.analyzers/analyzer/U5294/Y (NOR2X1)
                                                          0.68      37.83 r
  g_area_orientation.analyzers/analyzer/U5293/Y (NOR2BX1)
                                                          1.80      39.62 r
  g_area_orientation.analyzers/analyzer/U5292/Y (NOR2X1)
                                                          1.07      40.69 f
  g_area_orientation.analyzers/analyzer/U5268/Y (NAND2X1)
                                                          1.57      42.26 r
  g_area_orientation.analyzers/analyzer/U5267/Y (INVX1)
                                                          1.16      43.42 f
  g_area_orientation.analyzers/analyzer/U5230/Y (NOR2X1)
                                                          0.46      43.88 r
  g_area_orientation.analyzers/analyzer/U5203/Y (NAND4X1)
                                                          0.41      44.29 f
  g_area_orientation.analyzers/analyzer/U5176/Y (NOR4BX1)
                                                          0.43      44.72 f
  g_area_orientation.analyzers/analyzer/U5149/Y (NAND4X1)
                                                          0.51      45.23 r
  g_area_orientation.analyzers/analyzer/U5148/Y (NAND2X1)
                                                          0.49      45.72 f
  g_area_orientation.analyzers/analyzer/U5147/Y (NAND2X1)
                                                          0.50      46.22 r
  g_area_orientation.analyzers/analyzer/U5146/Y (INVX1)
                                                          0.58      46.80 f
  g_area_orientation.analyzers/analyzer/U5135/Y (AOI211X1)
                                                          1.00      47.79 r
  g_area_orientation.analyzers/analyzer/U5134/Y (NOR2BX1)
                                                          0.47      48.26 r
  g_area_orientation.analyzers/analyzer/U5133/Y (INVX1)
                                                          0.41      48.67 f
  g_area_orientation.analyzers/analyzer/U4928/Y (NOR2BX1)
                                                          0.61      49.28 r
  g_area_orientation.analyzers/analyzer/U4927/Y (NAND2X1)
                                                          0.97      50.24 f
  g_area_orientation.analyzers/analyzer/U4926/Y (NAND2X1)
                                                          0.94      51.18 r
  g_area_orientation.analyzers/analyzer/U4925/Y (INVX1)
                                                          0.52      51.70 f
  g_area_orientation.analyzers/analyzer/U4866/Y (NAND2X1)
                                                          1.43      53.13 r
  g_area_orientation.analyzers/analyzer/U4865/Y (INVX1)
                                                          1.22      54.35 f
  g_area_orientation.analyzers/analyzer/U4864/Y (NOR3X1)
                                                          0.48      54.83 r
  g_area_orientation.analyzers/analyzer/U4863/Y (NAND4X1)
                                                          0.40      55.23 f
  g_area_orientation.analyzers/analyzer/U4862/Y (OAI21XL)
                                                          0.31      55.54 r
  g_area_orientation.analyzers/analyzer/U4834/Y (NAND4BXL)
                                                          0.46      56.00 r
  g_area_orientation.analyzers/analyzer/U4832/Y (NAND3X1)
                                                          0.39      56.39 f
  g_area_orientation.analyzers/analyzer/U4831/Y (INVX1)
                                                          0.35      56.74 r
  g_area_orientation.analyzers/analyzer/U4830/Y (NAND3X1)
                                                          0.17      56.90 f
  g_area_orientation.analyzers/analyzer/U4784/Y (OR4X1)
                                                          0.74      57.64 f
  g_area_orientation.analyzers/analyzer/U4783/Y (NAND3X1)
                                                          0.51      58.15 r
  g_area_orientation.analyzers/analyzer/U4780/Y (NAND2X1)
                                                          0.34      58.49 f
  g_area_orientation.analyzers/analyzer/U4779/Y (INVX1)
                                                          0.81      59.30 r
  g_area_orientation.analyzers/analyzer/U4771/Y (AOI211X1)
                                                          0.44      59.74 f
  g_area_orientation.analyzers/analyzer/U4770/Y (INVX1)
                                                          0.56      60.30 r
  g_area_orientation.analyzers/analyzer/U4769/Y (OR2X1)
                                                          0.85      61.14 r
  g_area_orientation.analyzers/analyzer/U4595/Y (NOR2X1)
                                                          0.32      61.47 f
  g_area_orientation.analyzers/analyzer/U4594/Y (NAND2X1)
                                                          1.21      62.68 r
  g_area_orientation.analyzers/analyzer/U4593/Y (NAND2X1)
                                                          0.64      63.31 f
  g_area_orientation.analyzers/analyzer/U4592/Y (INVX1)
                                                          0.82      64.14 r
  g_area_orientation.analyzers/analyzer/U4518/Y (NAND2X1)
                                                          1.15      65.28 f
  g_area_orientation.analyzers/analyzer/U4517/Y (INVX1)
                                                          1.62      66.90 r
  g_area_orientation.analyzers/analyzer/U4516/Y (NOR3X1)
                                                          0.34      67.24 f
  g_area_orientation.analyzers/analyzer/U4515/Y (NAND4X1)
                                                          0.49      67.72 r
  g_area_orientation.analyzers/analyzer/U4514/Y (OAI21XL)
                                                          0.27      67.99 f
  g_area_orientation.analyzers/analyzer/U4487/Y (NAND4BXL)
                                                          0.54      68.53 f
  g_area_orientation.analyzers/analyzer/U4485/Y (NAND3X1)
                                                          0.44      68.97 r
  g_area_orientation.analyzers/analyzer/U4484/Y (INVX1)
                                                          0.25      69.21 f
  g_area_orientation.analyzers/analyzer/U4483/Y (NAND3X1)
                                                          0.22      69.43 r
  g_area_orientation.analyzers/analyzer/U4433/Y (OR4X1)
                                                          0.56      69.99 r
  g_area_orientation.analyzers/analyzer/U4432/Y (NAND3X1)
                                                          0.56      70.55 f
  g_area_orientation.analyzers/analyzer/U4431/Y (NAND2X1)
                                                          0.60      71.15 r
  g_area_orientation.analyzers/analyzer/U4430/Y (INVX1)
                                                          0.57      71.72 f
  g_area_orientation.analyzers/analyzer/U4417/Y (AOI211X1)
                                                          1.01      72.73 r
  g_area_orientation.analyzers/analyzer/U4416/Y (NAND2BX1)
                                                          0.66      73.39 f
  g_area_orientation.analyzers/analyzer/U4388/Y (NOR2BX1)
                                                          0.67      74.06 r
  g_area_orientation.analyzers/analyzer/U4387/Y (NAND2X1)
                                                          0.97      75.02 f
  g_area_orientation.analyzers/analyzer/U4386/Y (NAND2X1)
                                                          1.05      76.07 r
  g_area_orientation.analyzers/analyzer/U4346/Y (INVX1)
                                                          0.54      76.61 f
  g_area_orientation.analyzers/analyzer/U4340/Y (NAND2X1)
                                                          1.45      78.06 r
  g_area_orientation.analyzers/analyzer/U4339/Y (INVX1)
                                                          1.29      79.35 f
  g_area_orientation.analyzers/analyzer/U4338/Y (NOR3X1)
                                                          0.48      79.83 r
  g_area_orientation.analyzers/analyzer/U4337/Y (NAND4X1)
                                                          0.40      80.24 f
  g_area_orientation.analyzers/analyzer/U4336/Y (OAI21XL)
                                                          0.31      80.54 r
  g_area_orientation.analyzers/analyzer/U4308/Y (NAND4BXL)
                                                          0.46      81.00 r
  g_area_orientation.analyzers/analyzer/U4306/Y (NAND3X1)
                                                          0.39      81.39 f
  g_area_orientation.analyzers/analyzer/U4305/Y (INVX1)
                                                          0.35      81.74 r
  g_area_orientation.analyzers/analyzer/U4304/Y (NAND3X1)
                                                          0.17      81.91 f
  g_area_orientation.analyzers/analyzer/U4257/Y (OR4X1)
                                                          0.80      82.71 f
  g_area_orientation.analyzers/analyzer/U4256/Y (NAND3X1)
                                                          0.61      83.32 r
  g_area_orientation.analyzers/analyzer/U4084/Y (NAND2X1)
                                                          0.42      83.73 f
  g_area_orientation.analyzers/analyzer/U4083/Y (INVX1)
                                                          0.85      84.58 r
  g_area_orientation.analyzers/analyzer/U4075/Y (AOI211X1)
                                                          0.51      85.09 f
  g_area_orientation.analyzers/analyzer/U4071/Y (NOR2BX1)
                                                          0.52      85.61 f
  g_area_orientation.analyzers/analyzer/U4070/Y (INVX1)
                                                          0.59      86.20 r
  g_area_orientation.analyzers/analyzer/U4053/Y (NOR2BX1)
                                                          0.39      86.59 f
  g_area_orientation.analyzers/analyzer/U3847/Y (NAND2X1)
                                                          1.18      87.78 r
  g_area_orientation.analyzers/analyzer/U3846/Y (NAND2X1)
                                                          0.80      88.57 f
  g_area_orientation.analyzers/analyzer/U3804/Y (INVX1)
                                                          0.89      89.46 r
  g_area_orientation.analyzers/analyzer/U3801/Y (NAND2X1)
                                                          1.01      90.47 f
  g_area_orientation.analyzers/analyzer/U3800/Y (INVX1)
                                                          1.79      92.26 r
  g_area_orientation.analyzers/analyzer/U3799/Y (NOR3X1)
                                                          0.36      92.62 f
  g_area_orientation.analyzers/analyzer/U3798/Y (NAND4X1)
                                                          0.50      93.12 r
  g_area_orientation.analyzers/analyzer/U3797/Y (OAI21XL)
                                                          0.27      93.38 f
  g_area_orientation.analyzers/analyzer/U3770/Y (NAND4BXL)
                                                          0.55      93.93 f
  g_area_orientation.analyzers/analyzer/U3768/Y (NAND3X1)
                                                          0.44      94.37 r
  g_area_orientation.analyzers/analyzer/U3767/Y (INVX1)
                                                          0.25      94.62 f
  g_area_orientation.analyzers/analyzer/U3766/Y (NAND3X1)
                                                          0.22      94.84 r
  g_area_orientation.analyzers/analyzer/U3726/Y (OR4X1)
                                                          0.64      95.48 r
  g_area_orientation.analyzers/analyzer/U3725/Y (NAND3X1)
                                                          0.59      96.07 f
  g_area_orientation.analyzers/analyzer/U3724/Y (NAND2X1)
                                                          0.51      96.58 r
  g_area_orientation.analyzers/analyzer/U3723/Y (INVX1)
                                                          0.59      97.17 f
  g_area_orientation.analyzers/analyzer/U3715/Y (AOI211X1)
                                                          1.02      98.19 r
  g_area_orientation.analyzers/analyzer/U3714/Y (NAND2BX1)
                                                          0.67      98.86 f
  g_area_orientation.analyzers/analyzer/U3708/Y (NOR2X1)
                                                          0.64      99.50 r
  g_area_orientation.analyzers/analyzer/U3707/Y (AND2X1)
                                                          1.30     100.80 r
  g_area_orientation.analyzers/analyzer/U3706/Y (NOR2X1)
                                                          0.78     101.59 f
  g_area_orientation.analyzers/analyzer/U3679/Y (NAND2X1)
                                                          1.52     103.11 r
  g_area_orientation.analyzers/analyzer/U3649/Y (INVX1)
                                                          1.23     104.34 f
  g_area_orientation.analyzers/analyzer/U3648/Y (NAND2X1)
                                                          1.63     105.97 r
  g_area_orientation.analyzers/analyzer/U3644/Y (NAND4X1)
                                                          0.47     106.44 f
  g_area_orientation.analyzers/analyzer/U3643/Y (INVX1)
                                                          0.50     106.94 r
  g_area_orientation.analyzers/analyzer/U3642/Y (NOR2X1)
                                                          0.20     107.14 f
  g_area_orientation.analyzers/analyzer/U3615/Y (NAND4X1)
                                                          0.44     107.58 r
  g_area_orientation.analyzers/analyzer/U3590/Y (NOR4BX1)
                                                          0.68     108.26 r
  g_area_orientation.analyzers/analyzer/U3561/Y (NAND4X1)
                                                          0.67     108.93 f
  g_area_orientation.analyzers/analyzer/U3560/Y (NAND2X1)
                                                          0.58     109.50 r
  g_area_orientation.analyzers/analyzer/U3386/Y (NAND2X1)
                                                          0.43     109.93 f
  g_area_orientation.analyzers/analyzer/U3385/Y (INVX1)
                                                          0.84     110.77 r
  g_area_orientation.analyzers/analyzer/U3377/Y (AOI211X1)
                                                          0.35     111.12 f
  g_area_orientation.analyzers/analyzer/U3376/Y (INVX1)
                                                          0.47     111.59 r
  g_area_orientation.analyzers/analyzer/U3372/Y (NOR2X1)
                                                          0.26     111.84 f
  g_area_orientation.analyzers/analyzer/U3335/Y (INVX1)
                                                          0.66     112.51 r
  g_area_orientation.analyzers/analyzer/U3334/Y (NOR2X1)
                                                          0.23     112.73 f
  g_area_orientation.analyzers/analyzer/U3333/Y (MXI2X1)
                                                          0.51     113.24 r
  g_area_orientation.analyzers/analyzer/U3332/Y (MXI2X1)
                                                          0.59     113.83 f
  g_area_orientation.analyzers/analyzer/U3331/Y (INVX1)
                                                          0.64     114.47 r
  g_area_orientation.analyzers/analyzer/U3330/Y (NAND2X1)
                                                          0.97     115.44 f
  g_area_orientation.analyzers/analyzer/U3329/Y (INVX1)
                                                          1.68     117.11 r
  g_area_orientation.analyzers/analyzer/U3324/Y (NAND2X1)
                                                          1.44     118.56 f
  g_area_orientation.analyzers/analyzer/U3300/Y (NAND4X1)
                                                          0.66     119.22 r
  g_area_orientation.analyzers/analyzer/U3299/Y (INVX1)
                                                          0.33     119.55 f
  g_area_orientation.analyzers/analyzer/U3266/Y (NOR2X1)
                                                          0.28     119.83 r
  g_area_orientation.analyzers/analyzer/U3239/Y (NAND4X1)
                                                          0.41     120.24 f
  g_area_orientation.analyzers/analyzer/U3046/Y (NOR4BX1)
                                                          0.43     120.67 f
  g_area_orientation.analyzers/analyzer/U3018/Y (NAND4X1)
                                                          0.51     121.18 r
  g_area_orientation.analyzers/analyzer/U3017/Y (NAND2X1)
                                                          0.49     121.67 f
  g_area_orientation.analyzers/analyzer/U3016/Y (NAND2X1)
                                                          0.58     122.25 r
  g_area_orientation.analyzers/analyzer/U2993/Y (INVX1)
                                                          0.57     122.82 f
  g_area_orientation.analyzers/analyzer/U2983/Y (AOI211X1)
                                                          1.01     123.83 r
  g_area_orientation.analyzers/analyzer/U2982/Y (NAND2BX1)
                                                          0.73     124.56 f
  g_area_orientation.analyzers/analyzer/U2792/Y (NOR3X1)
                                                          2.32     126.88 r
  g_area_orientation.analyzers/analyzer/U2791/Y (NOR2X1)
                                                          1.17     128.05 f
  g_area_orientation.analyzers/analyzer/U2751/Y (NAND2X1)
                                                          1.80     129.85 r
  g_area_orientation.analyzers/analyzer/U2721/Y (NOR2X1)
                                                          1.28     131.13 f
  g_area_orientation.analyzers/analyzer/U2717/Y (NAND4BXL)
                                                          0.73     131.86 f
  g_area_orientation.analyzers/analyzer/U2716/Y (INVX1)
                                                          0.47     132.33 r
  g_area_orientation.analyzers/analyzer/U2715/Y (NOR2X1)
                                                          0.19     132.53 f
  g_area_orientation.analyzers/analyzer/U2687/Y (NAND4X1)
                                                          0.44     132.96 r
  g_area_orientation.analyzers/analyzer/U2661/Y (NOR4BX1)
                                                          0.68     133.64 r
  g_area_orientation.analyzers/analyzer/U2630/Y (NAND4X1)
                                                          0.68     134.32 f
  g_area_orientation.analyzers/analyzer/U2629/Y (NAND2X1)
                                                          0.76     135.07 r
  g_area_orientation.analyzers/analyzer/U2628/Y (NAND2X1)
                                                          0.51     135.58 f
  g_area_orientation.analyzers/analyzer/U2618/Y (NAND2X1)
                                                          0.59     136.17 r
  g_area_orientation.analyzers/analyzer/U2617/Y (NOR2BX1)
                                                          0.48     136.65 f
  g_area_orientation.analyzers/analyzer/U2614/Y (NAND2X1)
                                                          0.37     137.01 r
  g_area_orientation.analyzers/analyzer/U2346/Y (NAND2X1)
                                                          0.25     137.26 f
  g_area_orientation.analyzers/analyzer/U2345/Y (AOI21X1)
                                                          1.37     138.63 r
  g_area_orientation.analyzers/analyzer/U2340/Y (NAND2X1)
                                                          1.48     140.11 f
  g_area_orientation.analyzers/analyzer/U2302/Y (INVX1)
                                                          1.57     141.68 r
  g_area_orientation.analyzers/analyzer/U2301/Y (NAND2X1)
                                                          1.29     142.97 f
  g_area_orientation.analyzers/analyzer/U2300/Y (INVX1)
                                                          1.50     144.47 r
  g_area_orientation.analyzers/analyzer/U2299/Y (NOR2BX1)
                                                          0.28     144.75 f
  g_area_orientation.analyzers/analyzer/U2297/Y (NAND4X1)
                                                          0.55     145.30 r
  g_area_orientation.analyzers/analyzer/U2296/Y (NAND2X1)
                                                          0.20     145.50 f
  g_area_orientation.analyzers/analyzer/U2295/Y (AOI211X1)
                                                          0.40     145.90 r
  g_area_orientation.analyzers/analyzer/U2278/Y (NAND3X1)
                                                          0.38     146.27 f
  g_area_orientation.analyzers/analyzer/U2253/Y (NAND4BXL)
                                                          0.46     146.73 r
  g_area_orientation.analyzers/analyzer/U2246/Y (NOR3X1)
                                                          0.19     146.92 f
  g_area_orientation.analyzers/analyzer/U2225/Y (NAND4X1)
                                                          0.54     147.46 r
  g_area_orientation.analyzers/analyzer/U2224/Y (NAND2BX1)
                                                          0.43     147.89 f
  g_area_orientation.analyzers/analyzer/U2223/Y (NAND2X1)
                                                          0.65     148.55 r
  g_area_orientation.analyzers/analyzer/U2135/Y (NAND3X1)
                                                          0.32     148.87 f
  g_area_orientation.analyzers/analyzer/U2050/Y (NOR2X1)
                                                          0.43     149.30 r
  g_area_orientation.analyzers/analyzer/U2049/Y (INVX1)
                                                          0.48     149.78 f
  g_area_orientation.analyzers/analyzer/U2046/Y (NOR3X1)
                                                          2.24     152.02 r
  g_area_orientation.analyzers/analyzer/U2045/Y (NOR2X1)
                                                          1.26     153.28 f
  g_area_orientation.analyzers/analyzer/U2005/Y (NAND2X1)
                                                          1.65     154.93 r
  g_area_orientation.analyzers/analyzer/U1972/Y (INVX1)
                                                          1.22     156.15 f
  g_area_orientation.analyzers/analyzer/U1971/Y (NAND2X1)
                                                          1.62     157.78 r
  g_area_orientation.analyzers/analyzer/U1968/Y (NAND4X1)
                                                          0.47     158.25 f
  g_area_orientation.analyzers/analyzer/U1967/Y (INVX1)
                                                          0.50     158.75 r
  g_area_orientation.analyzers/analyzer/U1966/Y (NOR2X1)
                                                          0.20     158.95 f
  g_area_orientation.analyzers/analyzer/U1938/Y (NAND4X1)
                                                          0.44     159.39 r
  g_area_orientation.analyzers/analyzer/U1912/Y (NOR4BX1)
                                                          0.68     160.07 r
  g_area_orientation.analyzers/analyzer/U1884/Y (NAND4X1)
                                                          0.67     160.73 f
  g_area_orientation.analyzers/analyzer/U1883/Y (NAND2X1)
                                                          0.75     161.48 r
  g_area_orientation.analyzers/analyzer/U1851/Y (NAND2X1)
                                                          0.48     161.97 f
  g_area_orientation.analyzers/analyzer/U1844/Y (INVX1)
                                                          0.96     162.92 r
  g_area_orientation.analyzers/analyzer/U1835/Y (NOR3X1)
                                                          0.48     163.40 f
  g_area_orientation.analyzers/analyzer/U1834/Y (INVX1)
                                                          0.48     163.88 r
  g_area_orientation.analyzers/analyzer/U1832/Y (NOR2X1)
                                                          0.24     164.12 f
  g_area_orientation.analyzers/analyzer/U1675/Y (NOR2X1)
                                                          0.45     164.58 r
  g_area_orientation.analyzers/analyzer/U1674/Y (OAI21XL)
                                                          0.35     164.92 f
  g_area_orientation.analyzers/analyzer/U1673/Y (INVX1)
                                                          1.09     166.01 r
  g_area_orientation.analyzers/analyzer/U1610/Y (NAND2X1)
                                                          1.26     167.27 f
  g_area_orientation.analyzers/analyzer/U1582/Y (INVX1)
                                                          1.75     169.02 r
  g_area_orientation.analyzers/analyzer/U1577/Y (NOR2X1)
                                                          0.23     169.25 f
  g_area_orientation.analyzers/analyzer/U1550/Y (NAND4X1)
                                                          0.45     169.70 r
  g_area_orientation.analyzers/analyzer/U1523/Y (NOR4BX1)
                                                          0.68     170.38 r
  g_area_orientation.analyzers/analyzer/U1494/Y (NAND2X1)
                                                          0.65     171.03 f
  g_area_orientation.analyzers/analyzer/U1418/Y (AOI211X1)
                                                          0.46     171.49 r
  g_area_orientation.analyzers/analyzer/U1417/Y (OAI21XL)
                                                          0.58     172.07 f
  g_area_orientation.analyzers/analyzer/U1411/Y (NOR2X1)
                                                          0.96     173.03 r
  g_area_orientation.analyzers/analyzer/U1368/Y (INVX1)
                                                          0.44     173.47 f
  g_area_orientation.analyzers/analyzer/U1366/Y (NOR3X1)
                                                          2.25     175.72 r
  g_area_orientation.analyzers/analyzer/U1365/Y (NAND2BX1)
                                                          0.80     176.52 r
  g_area_orientation.analyzers/analyzer/U1322/Y (NOR2X1)
                                                          0.49     177.02 f
  g_area_orientation.analyzers/analyzer/U1295/Y (NOR3X1)
                                                          0.42     177.43 r
  g_area_orientation.analyzers/analyzer/U1294/Y (NAND4X1)
                                                          0.39     177.83 f
  g_area_orientation.analyzers/analyzer/U1292/Y (NAND4BXL)
                                                          0.35     178.17 r
  g_area_orientation.analyzers/analyzer/U1284/Y (OR4X1)
                                                          0.40     178.57 r
  g_area_orientation.analyzers/analyzer/U1258/Y (AND3X1)
                                                          0.54     179.11 r
  g_area_orientation.analyzers/analyzer/U1216/Y (NOR4BX1)
                                                          0.45     179.56 r
  g_area_orientation.analyzers/analyzer/U1215/Y (NAND3X1)
                                                          0.51     180.07 f
  g_area_orientation.analyzers/analyzer/U1214/Y (NAND3X1)
                                                          0.49     180.56 r
  g_area_orientation.analyzers/analyzer/U1062/Y (NAND2X1)
                                                          0.46     181.02 f
  g_area_orientation.analyzers/analyzer/U1058/Y (NAND2X1)
                                                          0.38     181.41 r
  g_area_orientation.analyzers/analyzer/U1057/Y (INVX1)
                                                          0.27     181.68 f
  g_area_orientation.analyzers/analyzer/U1047/Y (NAND2X1)
                                                          0.50     182.18 r
  g_area_orientation.analyzers/analyzer/U867/Y (INVX1)
                                                          0.28     182.46 f
  g_area_orientation.analyzers/analyzer/U524/Y (AOI221X1)
                                                          0.55     183.01 r
  g_area_orientation.analyzers/analyzer/U523/Y (OAI21XL)
                                                          0.56     183.57 f
  g_area_orientation.analyzers/analyzer/U522/Y (AOI22X1)
                                                          0.43     184.00 r
  g_area_orientation.analyzers/analyzer/U521/Y (INVX1)
                                                          0.15     184.14 f
  g_area_orientation.analyzers/analyzer/U520/Y (AOI222X1)
                                                          0.51     184.65 r
  g_area_orientation.analyzers/analyzer/U501/Y (NAND4BXL)
                                                          0.31     184.96 f
  g_area_orientation.analyzers/analyzer/U473/Y (OAI31X1)
                                                          0.39     185.35 r
  g_area_orientation.analyzers/analyzer/U424/Y (MXI2X1)
                                                          0.22     185.57 f
  g_area_orientation.analyzers/analyzer/U423/Y (NOR3X1)
                                                          0.35     185.93 r
  g_area_orientation.analyzers/analyzer/U3/Y (NOR4BX1)
                                                          0.64     186.57 r
  g_area_orientation.analyzers/analyzer/candidate_valid_o (config_candidate_evaluator_MAX_K5_HYBRID_ENTRY_NUM14_ROW_W10_COL_W10_CANDIDATE_W4)
                                                          0.00     186.57 r
  g_area_orientation.analyzers/U1728/Y (INVX1)            0.18     186.75 f
  g_area_orientation.analyzers/U1727/Y (AOI21X1)          0.96     187.71 r
  g_area_orientation.analyzers/U1707/Y (MXI2X1)           0.47     188.19 r
  g_area_orientation.analyzers/U1706/Y (NOR2BX1)          1.13     189.32 r
  g_area_orientation.analyzers/U1693/Y (MX2X1)            0.40     189.71 r
  g_area_orientation.analyzers/config_patterns_o_reg[16]/D (DFFHQX4)
                                                          0.00     189.71 r
  data arrival time                                                189.71

  clock clk (rise edge)                                  20.00      20.00
  clock network delay (ideal)                             0.00      20.00
  clock uncertainty                                      -0.10      19.90
  g_area_orientation.analyzers/config_patterns_o_reg[16]/CK (DFFHQX4)
                                                          0.00      19.90 r
  library setup time                                     -0.16      19.74
  data required time                                                19.74
  --------------------------------------------------------------------------
  data required time                                                19.74
  data arrival time                                               -189.71
  --------------------------------------------------------------------------
  slack (VIOLATED)                                                -169.97


  Startpoint: g_area_orientation.analyzers/active_cfg_reg[0]
              (rising edge-triggered flip-flop clocked by clk)
  Endpoint: g_area_orientation.analyzers/config_patterns_o_reg[12]
            (rising edge-triggered flip-flop clocked by clk)
  Path Group: clk
  Path Type: max

  Des/Clust/Port     Wire Load Model       Library
  ------------------------------------------------
  dss_analyzer_top_PARALLEL_ORIENTATION0
                     tsmc18_wl10           slow

  Point                                                   Incr       Path
  --------------------------------------------------------------------------
  clock clk (rise edge)                                   0.00       0.00
  clock network delay (ideal)                             0.00       0.00
  g_area_orientation.analyzers/active_cfg_reg[0]/CK (DFFHQX4)
                                                          0.00       0.00 r
  g_area_orientation.analyzers/active_cfg_reg[0]/Q (DFFHQX4)
                                                          0.59       0.59 r
  g_area_orientation.analyzers/view/config_id_i[0] (config_logical_view_MAX_K5_NUM_CFG7_HYBRID_ENTRY_NUM14_ADDR_W10_PTR_W3)
                                                          0.00       0.59 r
  g_area_orientation.analyzers/view/U2122/Y (INVX1)       1.80       2.39 f
  g_area_orientation.analyzers/view/U1506/Y (NOR3X1)      6.56       8.96 r
  g_area_orientation.analyzers/view/U88/Y (AOI22X1)       0.06       9.01 f
  g_area_orientation.analyzers/view/U87/Y (NAND4X1)       2.36      11.37 r
  g_area_orientation.analyzers/view/pivot_valid_o[0] (config_logical_view_MAX_K5_NUM_CFG7_HYBRID_ENTRY_NUM14_ADDR_W10_PTR_W3)
                                                          0.00      11.37 r
  g_area_orientation.analyzers/analyzer/pivot_valid_i[0] (config_candidate_evaluator_MAX_K5_HYBRID_ENTRY_NUM14_ROW_W10_COL_W10_CANDIDATE_W4)
                                                          0.00      11.37 r
  g_area_orientation.analyzers/analyzer/U6064/Y (XOR2X1)
                                                          1.09      12.46 r
  g_area_orientation.analyzers/analyzer/U6054/Y (XOR2X1)
                                                          0.51      12.97 r
  g_area_orientation.analyzers/analyzer/U6053/Y (NAND2X1)
                                                          0.30      13.27 f
  g_area_orientation.analyzers/analyzer/U6052/Y (OAI21XL)
                                                          1.42      14.68 r
  g_area_orientation.analyzers/analyzer/U6051/Y (INVX1)
                                                          0.80      15.49 f
  g_area_orientation.analyzers/analyzer/U6049/Y (NAND2X1)
                                                          2.00      17.49 r
  g_area_orientation.analyzers/analyzer/U6048/Y (INVX1)
                                                          0.66      18.15 f
  g_area_orientation.analyzers/analyzer/U6046/Y (NAND2X1)
                                                          0.56      18.71 r
  g_area_orientation.analyzers/analyzer/U6045/Y (INVX1)
                                                          0.27      18.98 f
  g_area_orientation.analyzers/analyzer/U5910/Y (NOR4BX1)
                                                          0.44      19.41 r
  g_area_orientation.analyzers/analyzer/U5909/Y (NAND4X1)
                                                          0.33      19.74 f
  g_area_orientation.analyzers/analyzer/U5901/Y (NAND4X1)
                                                          0.23      19.97 r
  g_area_orientation.analyzers/analyzer/U5881/Y (NAND4BXL)
                                                          0.45      20.42 r
  g_area_orientation.analyzers/analyzer/U5880/Y (NAND2X1)
                                                          0.41      20.83 f
  g_area_orientation.analyzers/analyzer/U5860/Y (NAND4BBX1)
                                                          0.42      21.25 f
  g_area_orientation.analyzers/analyzer/U5856/Y (OR4X1)
                                                          0.56      21.81 f
  g_area_orientation.analyzers/analyzer/U5840/Y (NAND2X1)
                                                          0.69      22.49 r
  g_area_orientation.analyzers/analyzer/U5838/Y (NOR4BX1)
                                                          0.26      22.76 f
  g_area_orientation.analyzers/analyzer/U5837/Y (NAND4X1)
                                                          0.44      23.20 r
  g_area_orientation.analyzers/analyzer/U5836/Y (INVX1)
                                                          0.38      23.58 f
  g_area_orientation.analyzers/analyzer/U5835/Y (NOR3X1)
                                                          1.13      24.71 r
  g_area_orientation.analyzers/analyzer/U5834/Y (INVX1)
                                                          0.35      25.06 f
  g_area_orientation.analyzers/analyzer/U5828/Y (NAND2X1)
                                                          0.63      25.69 r
  g_area_orientation.analyzers/analyzer/U5827/Y (NAND2X1)
                                                          0.37      26.06 f
  g_area_orientation.analyzers/analyzer/U5819/Y (NOR3X1)
                                                          1.15      27.21 r
  g_area_orientation.analyzers/analyzer/U5757/Y (INVX1)
                                                          0.35      27.56 f
  g_area_orientation.analyzers/analyzer/U5744/Y (OAI21XL)
                                                          2.26      29.82 r
  g_area_orientation.analyzers/analyzer/U5712/Y (OAI22X1)
                                                          0.30      30.12 f
  g_area_orientation.analyzers/analyzer/U5711/Y (INVX1)
                                                          0.40      30.52 r
  g_area_orientation.analyzers/analyzer/U5710/Y (XOR2X1)
                                                          0.40      30.92 r
  g_area_orientation.analyzers/analyzer/U5706/Y (NAND3X1)
                                                          0.17      31.09 f
  g_area_orientation.analyzers/analyzer/U5696/Y (NOR4X1)
                                                          0.34      31.42 r
  g_area_orientation.analyzers/analyzer/U5695/Y (NAND4X1)
                                                          0.32      31.74 f
  g_area_orientation.analyzers/analyzer/U5694/Y (INVX1)
                                                          0.43      32.17 r
  g_area_orientation.analyzers/analyzer/U5689/Y (NOR3X1)
                                                          0.21      32.38 f
  g_area_orientation.analyzers/analyzer/U5688/Y (NAND4X1)
                                                          0.39      32.77 r
  g_area_orientation.analyzers/analyzer/U5687/Y (INVX1)
                                                          0.23      33.00 f
  g_area_orientation.analyzers/analyzer/U5686/Y (NOR4BX1)
                                                          0.66      33.66 r
  g_area_orientation.analyzers/analyzer/U5654/Y (NAND2X1)
                                                          0.49      34.15 f
  g_area_orientation.analyzers/analyzer/U5497/Y (NAND2X1)
                                                          0.64      34.79 r
  g_area_orientation.analyzers/analyzer/U5496/Y (INVX1)
                                                          0.55      35.34 f
  g_area_orientation.analyzers/analyzer/U5495/Y (AOI211X1)
                                                          1.00      36.34 r
  g_area_orientation.analyzers/analyzer/U5494/Y (NAND2BX1)
                                                          0.80      37.15 f
  g_area_orientation.analyzers/analyzer/U5294/Y (NOR2X1)
                                                          0.68      37.83 r
  g_area_orientation.analyzers/analyzer/U5293/Y (NOR2BX1)
                                                          1.80      39.62 r
  g_area_orientation.analyzers/analyzer/U5292/Y (NOR2X1)
                                                          1.07      40.69 f
  g_area_orientation.analyzers/analyzer/U5268/Y (NAND2X1)
                                                          1.57      42.26 r
  g_area_orientation.analyzers/analyzer/U5267/Y (INVX1)
                                                          1.16      43.42 f
  g_area_orientation.analyzers/analyzer/U5230/Y (NOR2X1)
                                                          0.46      43.88 r
  g_area_orientation.analyzers/analyzer/U5203/Y (NAND4X1)
                                                          0.41      44.29 f
  g_area_orientation.analyzers/analyzer/U5176/Y (NOR4BX1)
                                                          0.43      44.72 f
  g_area_orientation.analyzers/analyzer/U5149/Y (NAND4X1)
                                                          0.51      45.23 r
  g_area_orientation.analyzers/analyzer/U5148/Y (NAND2X1)
                                                          0.49      45.72 f
  g_area_orientation.analyzers/analyzer/U5147/Y (NAND2X1)
                                                          0.50      46.22 r
  g_area_orientation.analyzers/analyzer/U5146/Y (INVX1)
                                                          0.58      46.80 f
  g_area_orientation.analyzers/analyzer/U5135/Y (AOI211X1)
                                                          1.00      47.79 r
  g_area_orientation.analyzers/analyzer/U5134/Y (NOR2BX1)
                                                          0.47      48.26 r
  g_area_orientation.analyzers/analyzer/U5133/Y (INVX1)
                                                          0.41      48.67 f
  g_area_orientation.analyzers/analyzer/U4928/Y (NOR2BX1)
                                                          0.61      49.28 r
  g_area_orientation.analyzers/analyzer/U4927/Y (NAND2X1)
                                                          0.97      50.24 f
  g_area_orientation.analyzers/analyzer/U4926/Y (NAND2X1)
                                                          0.94      51.18 r
  g_area_orientation.analyzers/analyzer/U4925/Y (INVX1)
                                                          0.52      51.70 f
  g_area_orientation.analyzers/analyzer/U4866/Y (NAND2X1)
                                                          1.43      53.13 r
  g_area_orientation.analyzers/analyzer/U4865/Y (INVX1)
                                                          1.22      54.35 f
  g_area_orientation.analyzers/analyzer/U4864/Y (NOR3X1)
                                                          0.48      54.83 r
  g_area_orientation.analyzers/analyzer/U4863/Y (NAND4X1)
                                                          0.40      55.23 f
  g_area_orientation.analyzers/analyzer/U4862/Y (OAI21XL)
                                                          0.31      55.54 r
  g_area_orientation.analyzers/analyzer/U4834/Y (NAND4BXL)
                                                          0.46      56.00 r
  g_area_orientation.analyzers/analyzer/U4832/Y (NAND3X1)
                                                          0.39      56.39 f
  g_area_orientation.analyzers/analyzer/U4831/Y (INVX1)
                                                          0.35      56.74 r
  g_area_orientation.analyzers/analyzer/U4830/Y (NAND3X1)
                                                          0.17      56.90 f
  g_area_orientation.analyzers/analyzer/U4784/Y (OR4X1)
                                                          0.74      57.64 f
  g_area_orientation.analyzers/analyzer/U4783/Y (NAND3X1)
                                                          0.51      58.15 r
  g_area_orientation.analyzers/analyzer/U4780/Y (NAND2X1)
                                                          0.34      58.49 f
  g_area_orientation.analyzers/analyzer/U4779/Y (INVX1)
                                                          0.81      59.30 r
  g_area_orientation.analyzers/analyzer/U4771/Y (AOI211X1)
                                                          0.44      59.74 f
  g_area_orientation.analyzers/analyzer/U4770/Y (INVX1)
                                                          0.56      60.30 r
  g_area_orientation.analyzers/analyzer/U4769/Y (OR2X1)
                                                          0.85      61.14 r
  g_area_orientation.analyzers/analyzer/U4595/Y (NOR2X1)
                                                          0.32      61.47 f
  g_area_orientation.analyzers/analyzer/U4594/Y (NAND2X1)
                                                          1.21      62.68 r
  g_area_orientation.analyzers/analyzer/U4593/Y (NAND2X1)
                                                          0.64      63.31 f
  g_area_orientation.analyzers/analyzer/U4592/Y (INVX1)
                                                          0.82      64.14 r
  g_area_orientation.analyzers/analyzer/U4518/Y (NAND2X1)
                                                          1.15      65.28 f
  g_area_orientation.analyzers/analyzer/U4517/Y (INVX1)
                                                          1.62      66.90 r
  g_area_orientation.analyzers/analyzer/U4516/Y (NOR3X1)
                                                          0.34      67.24 f
  g_area_orientation.analyzers/analyzer/U4515/Y (NAND4X1)
                                                          0.49      67.72 r
  g_area_orientation.analyzers/analyzer/U4514/Y (OAI21XL)
                                                          0.27      67.99 f
  g_area_orientation.analyzers/analyzer/U4487/Y (NAND4BXL)
                                                          0.54      68.53 f
  g_area_orientation.analyzers/analyzer/U4485/Y (NAND3X1)
                                                          0.44      68.97 r
  g_area_orientation.analyzers/analyzer/U4484/Y (INVX1)
                                                          0.25      69.21 f
  g_area_orientation.analyzers/analyzer/U4483/Y (NAND3X1)
                                                          0.22      69.43 r
  g_area_orientation.analyzers/analyzer/U4433/Y (OR4X1)
                                                          0.56      69.99 r
  g_area_orientation.analyzers/analyzer/U4432/Y (NAND3X1)
                                                          0.56      70.55 f
  g_area_orientation.analyzers/analyzer/U4431/Y (NAND2X1)
                                                          0.60      71.15 r
  g_area_orientation.analyzers/analyzer/U4430/Y (INVX1)
                                                          0.57      71.72 f
  g_area_orientation.analyzers/analyzer/U4417/Y (AOI211X1)
                                                          1.01      72.73 r
  g_area_orientation.analyzers/analyzer/U4416/Y (NAND2BX1)
                                                          0.66      73.39 f
  g_area_orientation.analyzers/analyzer/U4388/Y (NOR2BX1)
                                                          0.67      74.06 r
  g_area_orientation.analyzers/analyzer/U4387/Y (NAND2X1)
                                                          0.97      75.02 f
  g_area_orientation.analyzers/analyzer/U4386/Y (NAND2X1)
                                                          1.05      76.07 r
  g_area_orientation.analyzers/analyzer/U4346/Y (INVX1)
                                                          0.54      76.61 f
  g_area_orientation.analyzers/analyzer/U4340/Y (NAND2X1)
                                                          1.45      78.06 r
  g_area_orientation.analyzers/analyzer/U4339/Y (INVX1)
                                                          1.29      79.35 f
  g_area_orientation.analyzers/analyzer/U4338/Y (NOR3X1)
                                                          0.48      79.83 r
  g_area_orientation.analyzers/analyzer/U4337/Y (NAND4X1)
                                                          0.40      80.24 f
  g_area_orientation.analyzers/analyzer/U4336/Y (OAI21XL)
                                                          0.31      80.54 r
  g_area_orientation.analyzers/analyzer/U4308/Y (NAND4BXL)
                                                          0.46      81.00 r
  g_area_orientation.analyzers/analyzer/U4306/Y (NAND3X1)
                                                          0.39      81.39 f
  g_area_orientation.analyzers/analyzer/U4305/Y (INVX1)
                                                          0.35      81.74 r
  g_area_orientation.analyzers/analyzer/U4304/Y (NAND3X1)
                                                          0.17      81.91 f
  g_area_orientation.analyzers/analyzer/U4257/Y (OR4X1)
                                                          0.80      82.71 f
  g_area_orientation.analyzers/analyzer/U4256/Y (NAND3X1)
                                                          0.61      83.32 r
  g_area_orientation.analyzers/analyzer/U4084/Y (NAND2X1)
                                                          0.42      83.73 f
  g_area_orientation.analyzers/analyzer/U4083/Y (INVX1)
                                                          0.85      84.58 r
  g_area_orientation.analyzers/analyzer/U4075/Y (AOI211X1)
                                                          0.51      85.09 f
  g_area_orientation.analyzers/analyzer/U4071/Y (NOR2BX1)
                                                          0.52      85.61 f
  g_area_orientation.analyzers/analyzer/U4070/Y (INVX1)
                                                          0.59      86.20 r
  g_area_orientation.analyzers/analyzer/U4053/Y (NOR2BX1)
                                                          0.39      86.59 f
  g_area_orientation.analyzers/analyzer/U3847/Y (NAND2X1)
                                                          1.18      87.78 r
  g_area_orientation.analyzers/analyzer/U3846/Y (NAND2X1)
                                                          0.80      88.57 f
  g_area_orientation.analyzers/analyzer/U3804/Y (INVX1)
                                                          0.89      89.46 r
  g_area_orientation.analyzers/analyzer/U3801/Y (NAND2X1)
                                                          1.01      90.47 f
  g_area_orientation.analyzers/analyzer/U3800/Y (INVX1)
                                                          1.79      92.26 r
  g_area_orientation.analyzers/analyzer/U3799/Y (NOR3X1)
                                                          0.36      92.62 f
  g_area_orientation.analyzers/analyzer/U3798/Y (NAND4X1)
                                                          0.50      93.12 r
  g_area_orientation.analyzers/analyzer/U3797/Y (OAI21XL)
                                                          0.27      93.38 f
  g_area_orientation.analyzers/analyzer/U3770/Y (NAND4BXL)
                                                          0.55      93.93 f
  g_area_orientation.analyzers/analyzer/U3768/Y (NAND3X1)
                                                          0.44      94.37 r
  g_area_orientation.analyzers/analyzer/U3767/Y (INVX1)
                                                          0.25      94.62 f
  g_area_orientation.analyzers/analyzer/U3766/Y (NAND3X1)
                                                          0.22      94.84 r
  g_area_orientation.analyzers/analyzer/U3726/Y (OR4X1)
                                                          0.64      95.48 r
  g_area_orientation.analyzers/analyzer/U3725/Y (NAND3X1)
                                                          0.59      96.07 f
  g_area_orientation.analyzers/analyzer/U3724/Y (NAND2X1)
                                                          0.51      96.58 r
  g_area_orientation.analyzers/analyzer/U3723/Y (INVX1)
                                                          0.59      97.17 f
  g_area_orientation.analyzers/analyzer/U3715/Y (AOI211X1)
                                                          1.02      98.19 r
  g_area_orientation.analyzers/analyzer/U3714/Y (NAND2BX1)
                                                          0.67      98.86 f
  g_area_orientation.analyzers/analyzer/U3708/Y (NOR2X1)
                                                          0.64      99.50 r
  g_area_orientation.analyzers/analyzer/U3707/Y (AND2X1)
                                                          1.30     100.80 r
  g_area_orientation.analyzers/analyzer/U3706/Y (NOR2X1)
                                                          0.78     101.59 f
  g_area_orientation.analyzers/analyzer/U3679/Y (NAND2X1)
                                                          1.52     103.11 r
  g_area_orientation.analyzers/analyzer/U3649/Y (INVX1)
                                                          1.23     104.34 f
  g_area_orientation.analyzers/analyzer/U3648/Y (NAND2X1)
                                                          1.63     105.97 r
  g_area_orientation.analyzers/analyzer/U3644/Y (NAND4X1)
                                                          0.47     106.44 f
  g_area_orientation.analyzers/analyzer/U3643/Y (INVX1)
                                                          0.50     106.94 r
  g_area_orientation.analyzers/analyzer/U3642/Y (NOR2X1)
                                                          0.20     107.14 f
  g_area_orientation.analyzers/analyzer/U3615/Y (NAND4X1)
                                                          0.44     107.58 r
  g_area_orientation.analyzers/analyzer/U3590/Y (NOR4BX1)
                                                          0.68     108.26 r
  g_area_orientation.analyzers/analyzer/U3561/Y (NAND4X1)
                                                          0.67     108.93 f
  g_area_orientation.analyzers/analyzer/U3560/Y (NAND2X1)
                                                          0.58     109.50 r
  g_area_orientation.analyzers/analyzer/U3386/Y (NAND2X1)
                                                          0.43     109.93 f
  g_area_orientation.analyzers/analyzer/U3385/Y (INVX1)
                                                          0.84     110.77 r
  g_area_orientation.analyzers/analyzer/U3377/Y (AOI211X1)
                                                          0.35     111.12 f
  g_area_orientation.analyzers/analyzer/U3376/Y (INVX1)
                                                          0.47     111.59 r
  g_area_orientation.analyzers/analyzer/U3372/Y (NOR2X1)
                                                          0.26     111.84 f
  g_area_orientation.analyzers/analyzer/U3335/Y (INVX1)
                                                          0.66     112.51 r
  g_area_orientation.analyzers/analyzer/U3334/Y (NOR2X1)
                                                          0.23     112.73 f
  g_area_orientation.analyzers/analyzer/U3333/Y (MXI2X1)
                                                          0.51     113.24 r
  g_area_orientation.analyzers/analyzer/U3332/Y (MXI2X1)
                                                          0.59     113.83 f
  g_area_orientation.analyzers/analyzer/U3331/Y (INVX1)
                                                          0.64     114.47 r
  g_area_orientation.analyzers/analyzer/U3330/Y (NAND2X1)
                                                          0.97     115.44 f
  g_area_orientation.analyzers/analyzer/U3329/Y (INVX1)
                                                          1.68     117.11 r
  g_area_orientation.analyzers/analyzer/U3324/Y (NAND2X1)
                                                          1.44     118.56 f
  g_area_orientation.analyzers/analyzer/U3300/Y (NAND4X1)
                                                          0.66     119.22 r
  g_area_orientation.analyzers/analyzer/U3299/Y (INVX1)
                                                          0.33     119.55 f
  g_area_orientation.analyzers/analyzer/U3266/Y (NOR2X1)
                                                          0.28     119.83 r
  g_area_orientation.analyzers/analyzer/U3239/Y (NAND4X1)
                                                          0.41     120.24 f
  g_area_orientation.analyzers/analyzer/U3046/Y (NOR4BX1)
                                                          0.43     120.67 f
  g_area_orientation.analyzers/analyzer/U3018/Y (NAND4X1)
                                                          0.51     121.18 r
  g_area_orientation.analyzers/analyzer/U3017/Y (NAND2X1)
                                                          0.49     121.67 f
  g_area_orientation.analyzers/analyzer/U3016/Y (NAND2X1)
                                                          0.58     122.25 r
  g_area_orientation.analyzers/analyzer/U2993/Y (INVX1)
                                                          0.57     122.82 f
  g_area_orientation.analyzers/analyzer/U2983/Y (AOI211X1)
                                                          1.01     123.83 r
  g_area_orientation.analyzers/analyzer/U2982/Y (NAND2BX1)
                                                          0.73     124.56 f
  g_area_orientation.analyzers/analyzer/U2792/Y (NOR3X1)
                                                          2.32     126.88 r
  g_area_orientation.analyzers/analyzer/U2791/Y (NOR2X1)
                                                          1.17     128.05 f
  g_area_orientation.analyzers/analyzer/U2751/Y (NAND2X1)
                                                          1.80     129.85 r
  g_area_orientation.analyzers/analyzer/U2721/Y (NOR2X1)
                                                          1.28     131.13 f
  g_area_orientation.analyzers/analyzer/U2717/Y (NAND4BXL)
                                                          0.73     131.86 f
  g_area_orientation.analyzers/analyzer/U2716/Y (INVX1)
                                                          0.47     132.33 r
  g_area_orientation.analyzers/analyzer/U2715/Y (NOR2X1)
                                                          0.19     132.53 f
  g_area_orientation.analyzers/analyzer/U2687/Y (NAND4X1)
                                                          0.44     132.96 r
  g_area_orientation.analyzers/analyzer/U2661/Y (NOR4BX1)
                                                          0.68     133.64 r
  g_area_orientation.analyzers/analyzer/U2630/Y (NAND4X1)
                                                          0.68     134.32 f
  g_area_orientation.analyzers/analyzer/U2629/Y (NAND2X1)
                                                          0.76     135.07 r
  g_area_orientation.analyzers/analyzer/U2628/Y (NAND2X1)
                                                          0.51     135.58 f
  g_area_orientation.analyzers/analyzer/U2618/Y (NAND2X1)
                                                          0.59     136.17 r
  g_area_orientation.analyzers/analyzer/U2617/Y (NOR2BX1)
                                                          0.48     136.65 f
  g_area_orientation.analyzers/analyzer/U2614/Y (NAND2X1)
                                                          0.37     137.01 r
  g_area_orientation.analyzers/analyzer/U2346/Y (NAND2X1)
                                                          0.25     137.26 f
  g_area_orientation.analyzers/analyzer/U2345/Y (AOI21X1)
                                                          1.37     138.63 r
  g_area_orientation.analyzers/analyzer/U2340/Y (NAND2X1)
                                                          1.48     140.11 f
  g_area_orientation.analyzers/analyzer/U2302/Y (INVX1)
                                                          1.57     141.68 r
  g_area_orientation.analyzers/analyzer/U2301/Y (NAND2X1)
                                                          1.29     142.97 f
  g_area_orientation.analyzers/analyzer/U2300/Y (INVX1)
                                                          1.50     144.47 r
  g_area_orientation.analyzers/analyzer/U2299/Y (NOR2BX1)
                                                          0.28     144.75 f
  g_area_orientation.analyzers/analyzer/U2297/Y (NAND4X1)
                                                          0.55     145.30 r
  g_area_orientation.analyzers/analyzer/U2296/Y (NAND2X1)
                                                          0.20     145.50 f
  g_area_orientation.analyzers/analyzer/U2295/Y (AOI211X1)
                                                          0.40     145.90 r
  g_area_orientation.analyzers/analyzer/U2278/Y (NAND3X1)
                                                          0.38     146.27 f
  g_area_orientation.analyzers/analyzer/U2253/Y (NAND4BXL)
                                                          0.46     146.73 r
  g_area_orientation.analyzers/analyzer/U2246/Y (NOR3X1)
                                                          0.19     146.92 f
  g_area_orientation.analyzers/analyzer/U2225/Y (NAND4X1)
                                                          0.54     147.46 r
  g_area_orientation.analyzers/analyzer/U2224/Y (NAND2BX1)
                                                          0.43     147.89 f
  g_area_orientation.analyzers/analyzer/U2223/Y (NAND2X1)
                                                          0.65     148.55 r
  g_area_orientation.analyzers/analyzer/U2135/Y (NAND3X1)
                                                          0.32     148.87 f
  g_area_orientation.analyzers/analyzer/U2050/Y (NOR2X1)
                                                          0.43     149.30 r
  g_area_orientation.analyzers/analyzer/U2049/Y (INVX1)
                                                          0.48     149.78 f
  g_area_orientation.analyzers/analyzer/U2046/Y (NOR3X1)
                                                          2.24     152.02 r
  g_area_orientation.analyzers/analyzer/U2045/Y (NOR2X1)
                                                          1.26     153.28 f
  g_area_orientation.analyzers/analyzer/U2005/Y (NAND2X1)
                                                          1.65     154.93 r
  g_area_orientation.analyzers/analyzer/U1972/Y (INVX1)
                                                          1.22     156.15 f
  g_area_orientation.analyzers/analyzer/U1971/Y (NAND2X1)
                                                          1.62     157.78 r
  g_area_orientation.analyzers/analyzer/U1968/Y (NAND4X1)
                                                          0.47     158.25 f
  g_area_orientation.analyzers/analyzer/U1967/Y (INVX1)
                                                          0.50     158.75 r
  g_area_orientation.analyzers/analyzer/U1966/Y (NOR2X1)
                                                          0.20     158.95 f
  g_area_orientation.analyzers/analyzer/U1938/Y (NAND4X1)
                                                          0.44     159.39 r
  g_area_orientation.analyzers/analyzer/U1912/Y (NOR4BX1)
                                                          0.68     160.07 r
  g_area_orientation.analyzers/analyzer/U1884/Y (NAND4X1)
                                                          0.67     160.73 f
  g_area_orientation.analyzers/analyzer/U1883/Y (NAND2X1)
                                                          0.75     161.48 r
  g_area_orientation.analyzers/analyzer/U1851/Y (NAND2X1)
                                                          0.48     161.97 f
  g_area_orientation.analyzers/analyzer/U1844/Y (INVX1)
                                                          0.96     162.92 r
  g_area_orientation.analyzers/analyzer/U1835/Y (NOR3X1)
                                                          0.48     163.40 f
  g_area_orientation.analyzers/analyzer/U1834/Y (INVX1)
                                                          0.48     163.88 r
  g_area_orientation.analyzers/analyzer/U1832/Y (NOR2X1)
                                                          0.24     164.12 f
  g_area_orientation.analyzers/analyzer/U1675/Y (NOR2X1)
                                                          0.45     164.58 r
  g_area_orientation.analyzers/analyzer/U1674/Y (OAI21XL)
                                                          0.35     164.92 f
  g_area_orientation.analyzers/analyzer/U1673/Y (INVX1)
                                                          1.09     166.01 r
  g_area_orientation.analyzers/analyzer/U1610/Y (NAND2X1)
                                                          1.26     167.27 f
  g_area_orientation.analyzers/analyzer/U1582/Y (INVX1)
                                                          1.75     169.02 r
  g_area_orientation.analyzers/analyzer/U1577/Y (NOR2X1)
                                                          0.23     169.25 f
  g_area_orientation.analyzers/analyzer/U1550/Y (NAND4X1)
                                                          0.45     169.70 r
  g_area_orientation.analyzers/analyzer/U1523/Y (NOR4BX1)
                                                          0.68     170.38 r
  g_area_orientation.analyzers/analyzer/U1494/Y (NAND2X1)
                                                          0.65     171.03 f
  g_area_orientation.analyzers/analyzer/U1418/Y (AOI211X1)
                                                          0.46     171.49 r
  g_area_orientation.analyzers/analyzer/U1417/Y (OAI21XL)
                                                          0.58     172.07 f
  g_area_orientation.analyzers/analyzer/U1411/Y (NOR2X1)
                                                          0.96     173.03 r
  g_area_orientation.analyzers/analyzer/U1368/Y (INVX1)
                                                          0.44     173.47 f
  g_area_orientation.analyzers/analyzer/U1366/Y (NOR3X1)
                                                          2.25     175.72 r
  g_area_orientation.analyzers/analyzer/U1365/Y (NAND2BX1)
                                                          0.80     176.52 r
  g_area_orientation.analyzers/analyzer/U1322/Y (NOR2X1)
                                                          0.49     177.02 f
  g_area_orientation.analyzers/analyzer/U1295/Y (NOR3X1)
                                                          0.42     177.43 r
  g_area_orientation.analyzers/analyzer/U1294/Y (NAND4X1)
                                                          0.39     177.83 f
  g_area_orientation.analyzers/analyzer/U1292/Y (NAND4BXL)
                                                          0.35     178.17 r
  g_area_orientation.analyzers/analyzer/U1284/Y (OR4X1)
                                                          0.40     178.57 r
  g_area_orientation.analyzers/analyzer/U1258/Y (AND3X1)
                                                          0.54     179.11 r
  g_area_orientation.analyzers/analyzer/U1216/Y (NOR4BX1)
                                                          0.45     179.56 r
  g_area_orientation.analyzers/analyzer/U1215/Y (NAND3X1)
                                                          0.51     180.07 f
  g_area_orientation.analyzers/analyzer/U1214/Y (NAND3X1)
                                                          0.49     180.56 r
  g_area_orientation.analyzers/analyzer/U1062/Y (NAND2X1)
                                                          0.46     181.02 f
  g_area_orientation.analyzers/analyzer/U1058/Y (NAND2X1)
                                                          0.38     181.41 r
  g_area_orientation.analyzers/analyzer/U1057/Y (INVX1)
                                                          0.27     181.68 f
  g_area_orientation.analyzers/analyzer/U1047/Y (NAND2X1)
                                                          0.50     182.18 r
  g_area_orientation.analyzers/analyzer/U867/Y (INVX1)
                                                          0.28     182.46 f
  g_area_orientation.analyzers/analyzer/U524/Y (AOI221X1)
                                                          0.55     183.01 r
  g_area_orientation.analyzers/analyzer/U523/Y (OAI21XL)
                                                          0.56     183.57 f
  g_area_orientation.analyzers/analyzer/U522/Y (AOI22X1)
                                                          0.43     184.00 r
  g_area_orientation.analyzers/analyzer/U521/Y (INVX1)
                                                          0.15     184.14 f
  g_area_orientation.analyzers/analyzer/U520/Y (AOI222X1)
                                                          0.51     184.65 r
  g_area_orientation.analyzers/analyzer/U501/Y (NAND4BXL)
                                                          0.31     184.96 f
  g_area_orientation.analyzers/analyzer/U473/Y (OAI31X1)
                                                          0.39     185.35 r
  g_area_orientation.analyzers/analyzer/U424/Y (MXI2X1)
                                                          0.22     185.57 f
  g_area_orientation.analyzers/analyzer/U423/Y (NOR3X1)
                                                          0.35     185.93 r
  g_area_orientation.analyzers/analyzer/U3/Y (NOR4BX1)
                                                          0.64     186.57 r
  g_area_orientation.analyzers/analyzer/candidate_valid_o (config_candidate_evaluator_MAX_K5_HYBRID_ENTRY_NUM14_ROW_W10_COL_W10_CANDIDATE_W4)
                                                          0.00     186.57 r
  g_area_orientation.analyzers/U1728/Y (INVX1)            0.18     186.75 f
  g_area_orientation.analyzers/U1727/Y (AOI21X1)          0.96     187.71 r
  g_area_orientation.analyzers/U1707/Y (MXI2X1)           0.47     188.19 r
  g_area_orientation.analyzers/U1706/Y (NOR2BX1)          1.13     189.32 r
  g_area_orientation.analyzers/U1688/Y (MX2X1)            0.40     189.71 r
  g_area_orientation.analyzers/config_patterns_o_reg[12]/D (DFFHQX4)
                                                          0.00     189.71 r
  data arrival time                                                189.71

  clock clk (rise edge)                                  20.00      20.00
  clock network delay (ideal)                             0.00      20.00
  clock uncertainty                                      -0.10      19.90
  g_area_orientation.analyzers/config_patterns_o_reg[12]/CK (DFFHQX4)
                                                          0.00      19.90 r
  library setup time                                     -0.16      19.74
  data required time                                                19.74
  --------------------------------------------------------------------------
  data required time                                                19.74
  data arrival time                                               -189.71
  --------------------------------------------------------------------------
  slack (VIOLATED)                                                -169.97


  Startpoint: g_area_orientation.analyzers/active_cfg_reg[0]
              (rising edge-triggered flip-flop clocked by clk)
  Endpoint: g_area_orientation.analyzers/config_patterns_o_reg[8]
            (rising edge-triggered flip-flop clocked by clk)
  Path Group: clk
  Path Type: max

  Des/Clust/Port     Wire Load Model       Library
  ------------------------------------------------
  dss_analyzer_top_PARALLEL_ORIENTATION0
                     tsmc18_wl10           slow

  Point                                                   Incr       Path
  --------------------------------------------------------------------------
  clock clk (rise edge)                                   0.00       0.00
  clock network delay (ideal)                             0.00       0.00
  g_area_orientation.analyzers/active_cfg_reg[0]/CK (DFFHQX4)
                                                          0.00       0.00 r
  g_area_orientation.analyzers/active_cfg_reg[0]/Q (DFFHQX4)
                                                          0.59       0.59 r
  g_area_orientation.analyzers/view/config_id_i[0] (config_logical_view_MAX_K5_NUM_CFG7_HYBRID_ENTRY_NUM14_ADDR_W10_PTR_W3)
                                                          0.00       0.59 r
  g_area_orientation.analyzers/view/U2122/Y (INVX1)       1.80       2.39 f
  g_area_orientation.analyzers/view/U1506/Y (NOR3X1)      6.56       8.96 r
  g_area_orientation.analyzers/view/U88/Y (AOI22X1)       0.06       9.01 f
  g_area_orientation.analyzers/view/U87/Y (NAND4X1)       2.36      11.37 r
  g_area_orientation.analyzers/view/pivot_valid_o[0] (config_logical_view_MAX_K5_NUM_CFG7_HYBRID_ENTRY_NUM14_ADDR_W10_PTR_W3)
                                                          0.00      11.37 r
  g_area_orientation.analyzers/analyzer/pivot_valid_i[0] (config_candidate_evaluator_MAX_K5_HYBRID_ENTRY_NUM14_ROW_W10_COL_W10_CANDIDATE_W4)
                                                          0.00      11.37 r
  g_area_orientation.analyzers/analyzer/U6064/Y (XOR2X1)
                                                          1.09      12.46 r
  g_area_orientation.analyzers/analyzer/U6054/Y (XOR2X1)
                                                          0.51      12.97 r
  g_area_orientation.analyzers/analyzer/U6053/Y (NAND2X1)
                                                          0.30      13.27 f
  g_area_orientation.analyzers/analyzer/U6052/Y (OAI21XL)
                                                          1.42      14.68 r
  g_area_orientation.analyzers/analyzer/U6051/Y (INVX1)
                                                          0.80      15.49 f
  g_area_orientation.analyzers/analyzer/U6049/Y (NAND2X1)
                                                          2.00      17.49 r
  g_area_orientation.analyzers/analyzer/U6048/Y (INVX1)
                                                          0.66      18.15 f
  g_area_orientation.analyzers/analyzer/U6046/Y (NAND2X1)
                                                          0.56      18.71 r
  g_area_orientation.analyzers/analyzer/U6045/Y (INVX1)
                                                          0.27      18.98 f
  g_area_orientation.analyzers/analyzer/U5910/Y (NOR4BX1)
                                                          0.44      19.41 r
  g_area_orientation.analyzers/analyzer/U5909/Y (NAND4X1)
                                                          0.33      19.74 f
  g_area_orientation.analyzers/analyzer/U5901/Y (NAND4X1)
                                                          0.23      19.97 r
  g_area_orientation.analyzers/analyzer/U5881/Y (NAND4BXL)
                                                          0.45      20.42 r
  g_area_orientation.analyzers/analyzer/U5880/Y (NAND2X1)
                                                          0.41      20.83 f
  g_area_orientation.analyzers/analyzer/U5860/Y (NAND4BBX1)
                                                          0.42      21.25 f
  g_area_orientation.analyzers/analyzer/U5856/Y (OR4X1)
                                                          0.56      21.81 f
  g_area_orientation.analyzers/analyzer/U5840/Y (NAND2X1)
                                                          0.69      22.49 r
  g_area_orientation.analyzers/analyzer/U5838/Y (NOR4BX1)
                                                          0.26      22.76 f
  g_area_orientation.analyzers/analyzer/U5837/Y (NAND4X1)
                                                          0.44      23.20 r
  g_area_orientation.analyzers/analyzer/U5836/Y (INVX1)
                                                          0.38      23.58 f
  g_area_orientation.analyzers/analyzer/U5835/Y (NOR3X1)
                                                          1.13      24.71 r
  g_area_orientation.analyzers/analyzer/U5834/Y (INVX1)
                                                          0.35      25.06 f
  g_area_orientation.analyzers/analyzer/U5828/Y (NAND2X1)
                                                          0.63      25.69 r
  g_area_orientation.analyzers/analyzer/U5827/Y (NAND2X1)
                                                          0.37      26.06 f
  g_area_orientation.analyzers/analyzer/U5819/Y (NOR3X1)
                                                          1.15      27.21 r
  g_area_orientation.analyzers/analyzer/U5757/Y (INVX1)
                                                          0.35      27.56 f
  g_area_orientation.analyzers/analyzer/U5744/Y (OAI21XL)
                                                          2.26      29.82 r
  g_area_orientation.analyzers/analyzer/U5712/Y (OAI22X1)
                                                          0.30      30.12 f
  g_area_orientation.analyzers/analyzer/U5711/Y (INVX1)
                                                          0.40      30.52 r
  g_area_orientation.analyzers/analyzer/U5710/Y (XOR2X1)
                                                          0.40      30.92 r
  g_area_orientation.analyzers/analyzer/U5706/Y (NAND3X1)
                                                          0.17      31.09 f
  g_area_orientation.analyzers/analyzer/U5696/Y (NOR4X1)
                                                          0.34      31.42 r
  g_area_orientation.analyzers/analyzer/U5695/Y (NAND4X1)
                                                          0.32      31.74 f
  g_area_orientation.analyzers/analyzer/U5694/Y (INVX1)
                                                          0.43      32.17 r
  g_area_orientation.analyzers/analyzer/U5689/Y (NOR3X1)
                                                          0.21      32.38 f
  g_area_orientation.analyzers/analyzer/U5688/Y (NAND4X1)
                                                          0.39      32.77 r
  g_area_orientation.analyzers/analyzer/U5687/Y (INVX1)
                                                          0.23      33.00 f
  g_area_orientation.analyzers/analyzer/U5686/Y (NOR4BX1)
                                                          0.66      33.66 r
  g_area_orientation.analyzers/analyzer/U5654/Y (NAND2X1)
                                                          0.49      34.15 f
  g_area_orientation.analyzers/analyzer/U5497/Y (NAND2X1)
                                                          0.64      34.79 r
  g_area_orientation.analyzers/analyzer/U5496/Y (INVX1)
                                                          0.55      35.34 f
  g_area_orientation.analyzers/analyzer/U5495/Y (AOI211X1)
                                                          1.00      36.34 r
  g_area_orientation.analyzers/analyzer/U5494/Y (NAND2BX1)
                                                          0.80      37.15 f
  g_area_orientation.analyzers/analyzer/U5294/Y (NOR2X1)
                                                          0.68      37.83 r
  g_area_orientation.analyzers/analyzer/U5293/Y (NOR2BX1)
                                                          1.80      39.62 r
  g_area_orientation.analyzers/analyzer/U5292/Y (NOR2X1)
                                                          1.07      40.69 f
  g_area_orientation.analyzers/analyzer/U5268/Y (NAND2X1)
                                                          1.57      42.26 r
  g_area_orientation.analyzers/analyzer/U5267/Y (INVX1)
                                                          1.16      43.42 f
  g_area_orientation.analyzers/analyzer/U5230/Y (NOR2X1)
                                                          0.46      43.88 r
  g_area_orientation.analyzers/analyzer/U5203/Y (NAND4X1)
                                                          0.41      44.29 f
  g_area_orientation.analyzers/analyzer/U5176/Y (NOR4BX1)
                                                          0.43      44.72 f
  g_area_orientation.analyzers/analyzer/U5149/Y (NAND4X1)
                                                          0.51      45.23 r
  g_area_orientation.analyzers/analyzer/U5148/Y (NAND2X1)
                                                          0.49      45.72 f
  g_area_orientation.analyzers/analyzer/U5147/Y (NAND2X1)
                                                          0.50      46.22 r
  g_area_orientation.analyzers/analyzer/U5146/Y (INVX1)
                                                          0.58      46.80 f
  g_area_orientation.analyzers/analyzer/U5135/Y (AOI211X1)
                                                          1.00      47.79 r
  g_area_orientation.analyzers/analyzer/U5134/Y (NOR2BX1)
                                                          0.47      48.26 r
  g_area_orientation.analyzers/analyzer/U5133/Y (INVX1)
                                                          0.41      48.67 f
  g_area_orientation.analyzers/analyzer/U4928/Y (NOR2BX1)
                                                          0.61      49.28 r
  g_area_orientation.analyzers/analyzer/U4927/Y (NAND2X1)
                                                          0.97      50.24 f
  g_area_orientation.analyzers/analyzer/U4926/Y (NAND2X1)
                                                          0.94      51.18 r
  g_area_orientation.analyzers/analyzer/U4925/Y (INVX1)
                                                          0.52      51.70 f
  g_area_orientation.analyzers/analyzer/U4866/Y (NAND2X1)
                                                          1.43      53.13 r
  g_area_orientation.analyzers/analyzer/U4865/Y (INVX1)
                                                          1.22      54.35 f
  g_area_orientation.analyzers/analyzer/U4864/Y (NOR3X1)
                                                          0.48      54.83 r
  g_area_orientation.analyzers/analyzer/U4863/Y (NAND4X1)
                                                          0.40      55.23 f
  g_area_orientation.analyzers/analyzer/U4862/Y (OAI21XL)
                                                          0.31      55.54 r
  g_area_orientation.analyzers/analyzer/U4834/Y (NAND4BXL)
                                                          0.46      56.00 r
  g_area_orientation.analyzers/analyzer/U4832/Y (NAND3X1)
                                                          0.39      56.39 f
  g_area_orientation.analyzers/analyzer/U4831/Y (INVX1)
                                                          0.35      56.74 r
  g_area_orientation.analyzers/analyzer/U4830/Y (NAND3X1)
                                                          0.17      56.90 f
  g_area_orientation.analyzers/analyzer/U4784/Y (OR4X1)
                                                          0.74      57.64 f
  g_area_orientation.analyzers/analyzer/U4783/Y (NAND3X1)
                                                          0.51      58.15 r
  g_area_orientation.analyzers/analyzer/U4780/Y (NAND2X1)
                                                          0.34      58.49 f
  g_area_orientation.analyzers/analyzer/U4779/Y (INVX1)
                                                          0.81      59.30 r
  g_area_orientation.analyzers/analyzer/U4771/Y (AOI211X1)
                                                          0.44      59.74 f
  g_area_orientation.analyzers/analyzer/U4770/Y (INVX1)
                                                          0.56      60.30 r
  g_area_orientation.analyzers/analyzer/U4769/Y (OR2X1)
                                                          0.85      61.14 r
  g_area_orientation.analyzers/analyzer/U4595/Y (NOR2X1)
                                                          0.32      61.47 f
  g_area_orientation.analyzers/analyzer/U4594/Y (NAND2X1)
                                                          1.21      62.68 r
  g_area_orientation.analyzers/analyzer/U4593/Y (NAND2X1)
                                                          0.64      63.31 f
  g_area_orientation.analyzers/analyzer/U4592/Y (INVX1)
                                                          0.82      64.14 r
  g_area_orientation.analyzers/analyzer/U4518/Y (NAND2X1)
                                                          1.15      65.28 f
  g_area_orientation.analyzers/analyzer/U4517/Y (INVX1)
                                                          1.62      66.90 r
  g_area_orientation.analyzers/analyzer/U4516/Y (NOR3X1)
                                                          0.34      67.24 f
  g_area_orientation.analyzers/analyzer/U4515/Y (NAND4X1)
                                                          0.49      67.72 r
  g_area_orientation.analyzers/analyzer/U4514/Y (OAI21XL)
                                                          0.27      67.99 f
  g_area_orientation.analyzers/analyzer/U4487/Y (NAND4BXL)
                                                          0.54      68.53 f
  g_area_orientation.analyzers/analyzer/U4485/Y (NAND3X1)
                                                          0.44      68.97 r
  g_area_orientation.analyzers/analyzer/U4484/Y (INVX1)
                                                          0.25      69.21 f
  g_area_orientation.analyzers/analyzer/U4483/Y (NAND3X1)
                                                          0.22      69.43 r
  g_area_orientation.analyzers/analyzer/U4433/Y (OR4X1)
                                                          0.56      69.99 r
  g_area_orientation.analyzers/analyzer/U4432/Y (NAND3X1)
                                                          0.56      70.55 f
  g_area_orientation.analyzers/analyzer/U4431/Y (NAND2X1)
                                                          0.60      71.15 r
  g_area_orientation.analyzers/analyzer/U4430/Y (INVX1)
                                                          0.57      71.72 f
  g_area_orientation.analyzers/analyzer/U4417/Y (AOI211X1)
                                                          1.01      72.73 r
  g_area_orientation.analyzers/analyzer/U4416/Y (NAND2BX1)
                                                          0.66      73.39 f
  g_area_orientation.analyzers/analyzer/U4388/Y (NOR2BX1)
                                                          0.67      74.06 r
  g_area_orientation.analyzers/analyzer/U4387/Y (NAND2X1)
                                                          0.97      75.02 f
  g_area_orientation.analyzers/analyzer/U4386/Y (NAND2X1)
                                                          1.05      76.07 r
  g_area_orientation.analyzers/analyzer/U4346/Y (INVX1)
                                                          0.54      76.61 f
  g_area_orientation.analyzers/analyzer/U4340/Y (NAND2X1)
                                                          1.45      78.06 r
  g_area_orientation.analyzers/analyzer/U4339/Y (INVX1)
                                                          1.29      79.35 f
  g_area_orientation.analyzers/analyzer/U4338/Y (NOR3X1)
                                                          0.48      79.83 r
  g_area_orientation.analyzers/analyzer/U4337/Y (NAND4X1)
                                                          0.40      80.24 f
  g_area_orientation.analyzers/analyzer/U4336/Y (OAI21XL)
                                                          0.31      80.54 r
  g_area_orientation.analyzers/analyzer/U4308/Y (NAND4BXL)
                                                          0.46      81.00 r
  g_area_orientation.analyzers/analyzer/U4306/Y (NAND3X1)
                                                          0.39      81.39 f
  g_area_orientation.analyzers/analyzer/U4305/Y (INVX1)
                                                          0.35      81.74 r
  g_area_orientation.analyzers/analyzer/U4304/Y (NAND3X1)
                                                          0.17      81.91 f
  g_area_orientation.analyzers/analyzer/U4257/Y (OR4X1)
                                                          0.80      82.71 f
  g_area_orientation.analyzers/analyzer/U4256/Y (NAND3X1)
                                                          0.61      83.32 r
  g_area_orientation.analyzers/analyzer/U4084/Y (NAND2X1)
                                                          0.42      83.73 f
  g_area_orientation.analyzers/analyzer/U4083/Y (INVX1)
                                                          0.85      84.58 r
  g_area_orientation.analyzers/analyzer/U4075/Y (AOI211X1)
                                                          0.51      85.09 f
  g_area_orientation.analyzers/analyzer/U4071/Y (NOR2BX1)
                                                          0.52      85.61 f
  g_area_orientation.analyzers/analyzer/U4070/Y (INVX1)
                                                          0.59      86.20 r
  g_area_orientation.analyzers/analyzer/U4053/Y (NOR2BX1)
                                                          0.39      86.59 f
  g_area_orientation.analyzers/analyzer/U3847/Y (NAND2X1)
                                                          1.18      87.78 r
  g_area_orientation.analyzers/analyzer/U3846/Y (NAND2X1)
                                                          0.80      88.57 f
  g_area_orientation.analyzers/analyzer/U3804/Y (INVX1)
                                                          0.89      89.46 r
  g_area_orientation.analyzers/analyzer/U3801/Y (NAND2X1)
                                                          1.01      90.47 f
  g_area_orientation.analyzers/analyzer/U3800/Y (INVX1)
                                                          1.79      92.26 r
  g_area_orientation.analyzers/analyzer/U3799/Y (NOR3X1)
                                                          0.36      92.62 f
  g_area_orientation.analyzers/analyzer/U3798/Y (NAND4X1)
                                                          0.50      93.12 r
  g_area_orientation.analyzers/analyzer/U3797/Y (OAI21XL)
                                                          0.27      93.38 f
  g_area_orientation.analyzers/analyzer/U3770/Y (NAND4BXL)
                                                          0.55      93.93 f
  g_area_orientation.analyzers/analyzer/U3768/Y (NAND3X1)
                                                          0.44      94.37 r
  g_area_orientation.analyzers/analyzer/U3767/Y (INVX1)
                                                          0.25      94.62 f
  g_area_orientation.analyzers/analyzer/U3766/Y (NAND3X1)
                                                          0.22      94.84 r
  g_area_orientation.analyzers/analyzer/U3726/Y (OR4X1)
                                                          0.64      95.48 r
  g_area_orientation.analyzers/analyzer/U3725/Y (NAND3X1)
                                                          0.59      96.07 f
  g_area_orientation.analyzers/analyzer/U3724/Y (NAND2X1)
                                                          0.51      96.58 r
  g_area_orientation.analyzers/analyzer/U3723/Y (INVX1)
                                                          0.59      97.17 f
  g_area_orientation.analyzers/analyzer/U3715/Y (AOI211X1)
                                                          1.02      98.19 r
  g_area_orientation.analyzers/analyzer/U3714/Y (NAND2BX1)
                                                          0.67      98.86 f
  g_area_orientation.analyzers/analyzer/U3708/Y (NOR2X1)
                                                          0.64      99.50 r
  g_area_orientation.analyzers/analyzer/U3707/Y (AND2X1)
                                                          1.30     100.80 r
  g_area_orientation.analyzers/analyzer/U3706/Y (NOR2X1)
                                                          0.78     101.59 f
  g_area_orientation.analyzers/analyzer/U3679/Y (NAND2X1)
                                                          1.52     103.11 r
  g_area_orientation.analyzers/analyzer/U3649/Y (INVX1)
                                                          1.23     104.34 f
  g_area_orientation.analyzers/analyzer/U3648/Y (NAND2X1)
                                                          1.63     105.97 r
  g_area_orientation.analyzers/analyzer/U3644/Y (NAND4X1)
                                                          0.47     106.44 f
  g_area_orientation.analyzers/analyzer/U3643/Y (INVX1)
                                                          0.50     106.94 r
  g_area_orientation.analyzers/analyzer/U3642/Y (NOR2X1)
                                                          0.20     107.14 f
  g_area_orientation.analyzers/analyzer/U3615/Y (NAND4X1)
                                                          0.44     107.58 r
  g_area_orientation.analyzers/analyzer/U3590/Y (NOR4BX1)
                                                          0.68     108.26 r
  g_area_orientation.analyzers/analyzer/U3561/Y (NAND4X1)
                                                          0.67     108.93 f
  g_area_orientation.analyzers/analyzer/U3560/Y (NAND2X1)
                                                          0.58     109.50 r
  g_area_orientation.analyzers/analyzer/U3386/Y (NAND2X1)
                                                          0.43     109.93 f
  g_area_orientation.analyzers/analyzer/U3385/Y (INVX1)
                                                          0.84     110.77 r
  g_area_orientation.analyzers/analyzer/U3377/Y (AOI211X1)
                                                          0.35     111.12 f
  g_area_orientation.analyzers/analyzer/U3376/Y (INVX1)
                                                          0.47     111.59 r
  g_area_orientation.analyzers/analyzer/U3372/Y (NOR2X1)
                                                          0.26     111.84 f
  g_area_orientation.analyzers/analyzer/U3335/Y (INVX1)
                                                          0.66     112.51 r
  g_area_orientation.analyzers/analyzer/U3334/Y (NOR2X1)
                                                          0.23     112.73 f
  g_area_orientation.analyzers/analyzer/U3333/Y (MXI2X1)
                                                          0.51     113.24 r
  g_area_orientation.analyzers/analyzer/U3332/Y (MXI2X1)
                                                          0.59     113.83 f
  g_area_orientation.analyzers/analyzer/U3331/Y (INVX1)
                                                          0.64     114.47 r
  g_area_orientation.analyzers/analyzer/U3330/Y (NAND2X1)
                                                          0.97     115.44 f
  g_area_orientation.analyzers/analyzer/U3329/Y (INVX1)
                                                          1.68     117.11 r
  g_area_orientation.analyzers/analyzer/U3324/Y (NAND2X1)
                                                          1.44     118.56 f
  g_area_orientation.analyzers/analyzer/U3300/Y (NAND4X1)
                                                          0.66     119.22 r
  g_area_orientation.analyzers/analyzer/U3299/Y (INVX1)
                                                          0.33     119.55 f
  g_area_orientation.analyzers/analyzer/U3266/Y (NOR2X1)
                                                          0.28     119.83 r
  g_area_orientation.analyzers/analyzer/U3239/Y (NAND4X1)
                                                          0.41     120.24 f
  g_area_orientation.analyzers/analyzer/U3046/Y (NOR4BX1)
                                                          0.43     120.67 f
  g_area_orientation.analyzers/analyzer/U3018/Y (NAND4X1)
                                                          0.51     121.18 r
  g_area_orientation.analyzers/analyzer/U3017/Y (NAND2X1)
                                                          0.49     121.67 f
  g_area_orientation.analyzers/analyzer/U3016/Y (NAND2X1)
                                                          0.58     122.25 r
  g_area_orientation.analyzers/analyzer/U2993/Y (INVX1)
                                                          0.57     122.82 f
  g_area_orientation.analyzers/analyzer/U2983/Y (AOI211X1)
                                                          1.01     123.83 r
  g_area_orientation.analyzers/analyzer/U2982/Y (NAND2BX1)
                                                          0.73     124.56 f
  g_area_orientation.analyzers/analyzer/U2792/Y (NOR3X1)
                                                          2.32     126.88 r
  g_area_orientation.analyzers/analyzer/U2791/Y (NOR2X1)
                                                          1.17     128.05 f
  g_area_orientation.analyzers/analyzer/U2751/Y (NAND2X1)
                                                          1.80     129.85 r
  g_area_orientation.analyzers/analyzer/U2721/Y (NOR2X1)
                                                          1.28     131.13 f
  g_area_orientation.analyzers/analyzer/U2717/Y (NAND4BXL)
                                                          0.73     131.86 f
  g_area_orientation.analyzers/analyzer/U2716/Y (INVX1)
                                                          0.47     132.33 r
  g_area_orientation.analyzers/analyzer/U2715/Y (NOR2X1)
                                                          0.19     132.53 f
  g_area_orientation.analyzers/analyzer/U2687/Y (NAND4X1)
                                                          0.44     132.96 r
  g_area_orientation.analyzers/analyzer/U2661/Y (NOR4BX1)
                                                          0.68     133.64 r
  g_area_orientation.analyzers/analyzer/U2630/Y (NAND4X1)
                                                          0.68     134.32 f
  g_area_orientation.analyzers/analyzer/U2629/Y (NAND2X1)
                                                          0.76     135.07 r
  g_area_orientation.analyzers/analyzer/U2628/Y (NAND2X1)
                                                          0.51     135.58 f
  g_area_orientation.analyzers/analyzer/U2618/Y (NAND2X1)
                                                          0.59     136.17 r
  g_area_orientation.analyzers/analyzer/U2617/Y (NOR2BX1)
                                                          0.48     136.65 f
  g_area_orientation.analyzers/analyzer/U2614/Y (NAND2X1)
                                                          0.37     137.01 r
  g_area_orientation.analyzers/analyzer/U2346/Y (NAND2X1)
                                                          0.25     137.26 f
  g_area_orientation.analyzers/analyzer/U2345/Y (AOI21X1)
                                                          1.37     138.63 r
  g_area_orientation.analyzers/analyzer/U2340/Y (NAND2X1)
                                                          1.48     140.11 f
  g_area_orientation.analyzers/analyzer/U2302/Y (INVX1)
                                                          1.57     141.68 r
  g_area_orientation.analyzers/analyzer/U2301/Y (NAND2X1)
                                                          1.29     142.97 f
  g_area_orientation.analyzers/analyzer/U2300/Y (INVX1)
                                                          1.50     144.47 r
  g_area_orientation.analyzers/analyzer/U2299/Y (NOR2BX1)
                                                          0.28     144.75 f
  g_area_orientation.analyzers/analyzer/U2297/Y (NAND4X1)
                                                          0.55     145.30 r
  g_area_orientation.analyzers/analyzer/U2296/Y (NAND2X1)
                                                          0.20     145.50 f
  g_area_orientation.analyzers/analyzer/U2295/Y (AOI211X1)
                                                          0.40     145.90 r
  g_area_orientation.analyzers/analyzer/U2278/Y (NAND3X1)
                                                          0.38     146.27 f
  g_area_orientation.analyzers/analyzer/U2253/Y (NAND4BXL)
                                                          0.46     146.73 r
  g_area_orientation.analyzers/analyzer/U2246/Y (NOR3X1)
                                                          0.19     146.92 f
  g_area_orientation.analyzers/analyzer/U2225/Y (NAND4X1)
                                                          0.54     147.46 r
  g_area_orientation.analyzers/analyzer/U2224/Y (NAND2BX1)
                                                          0.43     147.89 f
  g_area_orientation.analyzers/analyzer/U2223/Y (NAND2X1)
                                                          0.65     148.55 r
  g_area_orientation.analyzers/analyzer/U2135/Y (NAND3X1)
                                                          0.32     148.87 f
  g_area_orientation.analyzers/analyzer/U2050/Y (NOR2X1)
                                                          0.43     149.30 r
  g_area_orientation.analyzers/analyzer/U2049/Y (INVX1)
                                                          0.48     149.78 f
  g_area_orientation.analyzers/analyzer/U2046/Y (NOR3X1)
                                                          2.24     152.02 r
  g_area_orientation.analyzers/analyzer/U2045/Y (NOR2X1)
                                                          1.26     153.28 f
  g_area_orientation.analyzers/analyzer/U2005/Y (NAND2X1)
                                                          1.65     154.93 r
  g_area_orientation.analyzers/analyzer/U1972/Y (INVX1)
                                                          1.22     156.15 f
  g_area_orientation.analyzers/analyzer/U1971/Y (NAND2X1)
                                                          1.62     157.78 r
  g_area_orientation.analyzers/analyzer/U1968/Y (NAND4X1)
                                                          0.47     158.25 f
  g_area_orientation.analyzers/analyzer/U1967/Y (INVX1)
                                                          0.50     158.75 r
  g_area_orientation.analyzers/analyzer/U1966/Y (NOR2X1)
                                                          0.20     158.95 f
  g_area_orientation.analyzers/analyzer/U1938/Y (NAND4X1)
                                                          0.44     159.39 r
  g_area_orientation.analyzers/analyzer/U1912/Y (NOR4BX1)
                                                          0.68     160.07 r
  g_area_orientation.analyzers/analyzer/U1884/Y (NAND4X1)
                                                          0.67     160.73 f
  g_area_orientation.analyzers/analyzer/U1883/Y (NAND2X1)
                                                          0.75     161.48 r
  g_area_orientation.analyzers/analyzer/U1851/Y (NAND2X1)
                                                          0.48     161.97 f
  g_area_orientation.analyzers/analyzer/U1844/Y (INVX1)
                                                          0.96     162.92 r
  g_area_orientation.analyzers/analyzer/U1835/Y (NOR3X1)
                                                          0.48     163.40 f
  g_area_orientation.analyzers/analyzer/U1834/Y (INVX1)
                                                          0.48     163.88 r
  g_area_orientation.analyzers/analyzer/U1832/Y (NOR2X1)
                                                          0.24     164.12 f
  g_area_orientation.analyzers/analyzer/U1675/Y (NOR2X1)
                                                          0.45     164.58 r
  g_area_orientation.analyzers/analyzer/U1674/Y (OAI21XL)
                                                          0.35     164.92 f
  g_area_orientation.analyzers/analyzer/U1673/Y (INVX1)
                                                          1.09     166.01 r
  g_area_orientation.analyzers/analyzer/U1610/Y (NAND2X1)
                                                          1.26     167.27 f
  g_area_orientation.analyzers/analyzer/U1582/Y (INVX1)
                                                          1.75     169.02 r
  g_area_orientation.analyzers/analyzer/U1577/Y (NOR2X1)
                                                          0.23     169.25 f
  g_area_orientation.analyzers/analyzer/U1550/Y (NAND4X1)
                                                          0.45     169.70 r
  g_area_orientation.analyzers/analyzer/U1523/Y (NOR4BX1)
                                                          0.68     170.38 r
  g_area_orientation.analyzers/analyzer/U1494/Y (NAND2X1)
                                                          0.65     171.03 f
  g_area_orientation.analyzers/analyzer/U1418/Y (AOI211X1)
                                                          0.46     171.49 r
  g_area_orientation.analyzers/analyzer/U1417/Y (OAI21XL)
                                                          0.58     172.07 f
  g_area_orientation.analyzers/analyzer/U1411/Y (NOR2X1)
                                                          0.96     173.03 r
  g_area_orientation.analyzers/analyzer/U1368/Y (INVX1)
                                                          0.44     173.47 f
  g_area_orientation.analyzers/analyzer/U1366/Y (NOR3X1)
                                                          2.25     175.72 r
  g_area_orientation.analyzers/analyzer/U1365/Y (NAND2BX1)
                                                          0.80     176.52 r
  g_area_orientation.analyzers/analyzer/U1322/Y (NOR2X1)
                                                          0.49     177.02 f
  g_area_orientation.analyzers/analyzer/U1295/Y (NOR3X1)
                                                          0.42     177.43 r
  g_area_orientation.analyzers/analyzer/U1294/Y (NAND4X1)
                                                          0.39     177.83 f
  g_area_orientation.analyzers/analyzer/U1292/Y (NAND4BXL)
                                                          0.35     178.17 r
  g_area_orientation.analyzers/analyzer/U1284/Y (OR4X1)
                                                          0.40     178.57 r
  g_area_orientation.analyzers/analyzer/U1258/Y (AND3X1)
                                                          0.54     179.11 r
  g_area_orientation.analyzers/analyzer/U1216/Y (NOR4BX1)
                                                          0.45     179.56 r
  g_area_orientation.analyzers/analyzer/U1215/Y (NAND3X1)
                                                          0.51     180.07 f
  g_area_orientation.analyzers/analyzer/U1214/Y (NAND3X1)
                                                          0.49     180.56 r
  g_area_orientation.analyzers/analyzer/U1062/Y (NAND2X1)
                                                          0.46     181.02 f
  g_area_orientation.analyzers/analyzer/U1058/Y (NAND2X1)
                                                          0.38     181.41 r
  g_area_orientation.analyzers/analyzer/U1057/Y (INVX1)
                                                          0.27     181.68 f
  g_area_orientation.analyzers/analyzer/U1047/Y (NAND2X1)
                                                          0.50     182.18 r
  g_area_orientation.analyzers/analyzer/U867/Y (INVX1)
                                                          0.28     182.46 f
  g_area_orientation.analyzers/analyzer/U524/Y (AOI221X1)
                                                          0.55     183.01 r
  g_area_orientation.analyzers/analyzer/U523/Y (OAI21XL)
                                                          0.56     183.57 f
  g_area_orientation.analyzers/analyzer/U522/Y (AOI22X1)
                                                          0.43     184.00 r
  g_area_orientation.analyzers/analyzer/U521/Y (INVX1)
                                                          0.15     184.14 f
  g_area_orientation.analyzers/analyzer/U520/Y (AOI222X1)
                                                          0.51     184.65 r
  g_area_orientation.analyzers/analyzer/U501/Y (NAND4BXL)
                                                          0.31     184.96 f
  g_area_orientation.analyzers/analyzer/U473/Y (OAI31X1)
                                                          0.39     185.35 r
  g_area_orientation.analyzers/analyzer/U424/Y (MXI2X1)
                                                          0.22     185.57 f
  g_area_orientation.analyzers/analyzer/U423/Y (NOR3X1)
                                                          0.35     185.93 r
  g_area_orientation.analyzers/analyzer/U3/Y (NOR4BX1)
                                                          0.64     186.57 r
  g_area_orientation.analyzers/analyzer/candidate_valid_o (config_candidate_evaluator_MAX_K5_HYBRID_ENTRY_NUM14_ROW_W10_COL_W10_CANDIDATE_W4)
                                                          0.00     186.57 r
  g_area_orientation.analyzers/U1728/Y (INVX1)            0.18     186.75 f
  g_area_orientation.analyzers/U1727/Y (AOI21X1)          0.96     187.71 r
  g_area_orientation.analyzers/U1707/Y (MXI2X1)           0.47     188.19 r
  g_area_orientation.analyzers/U1706/Y (NOR2BX1)          1.13     189.32 r
  g_area_orientation.analyzers/U1683/Y (MX2X1)            0.40     189.71 r
  g_area_orientation.analyzers/config_patterns_o_reg[8]/D (DFFHQX4)
                                                          0.00     189.71 r
  data arrival time                                                189.71

  clock clk (rise edge)                                  20.00      20.00
  clock network delay (ideal)                             0.00      20.00
  clock uncertainty                                      -0.10      19.90
  g_area_orientation.analyzers/config_patterns_o_reg[8]/CK (DFFHQX4)
                                                          0.00      19.90 r
  library setup time                                     -0.16      19.74
  data required time                                                19.74
  --------------------------------------------------------------------------
  data required time                                                19.74
  data arrival time                                               -189.71
  --------------------------------------------------------------------------
  slack (VIOLATED)                                                -169.97


  Startpoint: g_area_orientation.analyzers/active_cfg_reg[0]
              (rising edge-triggered flip-flop clocked by clk)
  Endpoint: g_area_orientation.analyzers/selected_pattern_reg[0]
            (rising edge-triggered flip-flop clocked by clk)
  Path Group: clk
  Path Type: max

  Des/Clust/Port     Wire Load Model       Library
  ------------------------------------------------
  dss_analyzer_top_PARALLEL_ORIENTATION0
                     tsmc18_wl10           slow

  Point                                                   Incr       Path
  --------------------------------------------------------------------------
  clock clk (rise edge)                                   0.00       0.00
  clock network delay (ideal)                             0.00       0.00
  g_area_orientation.analyzers/active_cfg_reg[0]/CK (DFFHQX4)
                                                          0.00       0.00 r
  g_area_orientation.analyzers/active_cfg_reg[0]/Q (DFFHQX4)
                                                          0.59       0.59 r
  g_area_orientation.analyzers/view/config_id_i[0] (config_logical_view_MAX_K5_NUM_CFG7_HYBRID_ENTRY_NUM14_ADDR_W10_PTR_W3)
                                                          0.00       0.59 r
  g_area_orientation.analyzers/view/U2122/Y (INVX1)       1.80       2.39 f
  g_area_orientation.analyzers/view/U1506/Y (NOR3X1)      6.56       8.96 r
  g_area_orientation.analyzers/view/U88/Y (AOI22X1)       0.06       9.01 f
  g_area_orientation.analyzers/view/U87/Y (NAND4X1)       2.36      11.37 r
  g_area_orientation.analyzers/view/pivot_valid_o[0] (config_logical_view_MAX_K5_NUM_CFG7_HYBRID_ENTRY_NUM14_ADDR_W10_PTR_W3)
                                                          0.00      11.37 r
  g_area_orientation.analyzers/analyzer/pivot_valid_i[0] (config_candidate_evaluator_MAX_K5_HYBRID_ENTRY_NUM14_ROW_W10_COL_W10_CANDIDATE_W4)
                                                          0.00      11.37 r
  g_area_orientation.analyzers/analyzer/U6064/Y (XOR2X1)
                                                          1.09      12.46 r
  g_area_orientation.analyzers/analyzer/U6054/Y (XOR2X1)
                                                          0.51      12.97 r
  g_area_orientation.analyzers/analyzer/U6053/Y (NAND2X1)
                                                          0.30      13.27 f
  g_area_orientation.analyzers/analyzer/U6052/Y (OAI21XL)
                                                          1.42      14.68 r
  g_area_orientation.analyzers/analyzer/U6051/Y (INVX1)
                                                          0.80      15.49 f
  g_area_orientation.analyzers/analyzer/U6049/Y (NAND2X1)
                                                          2.00      17.49 r
  g_area_orientation.analyzers/analyzer/U6048/Y (INVX1)
                                                          0.66      18.15 f
  g_area_orientation.analyzers/analyzer/U6046/Y (NAND2X1)
                                                          0.56      18.71 r
  g_area_orientation.analyzers/analyzer/U6045/Y (INVX1)
                                                          0.27      18.98 f
  g_area_orientation.analyzers/analyzer/U5910/Y (NOR4BX1)
                                                          0.44      19.41 r
  g_area_orientation.analyzers/analyzer/U5909/Y (NAND4X1)
                                                          0.33      19.74 f
  g_area_orientation.analyzers/analyzer/U5901/Y (NAND4X1)
                                                          0.23      19.97 r
  g_area_orientation.analyzers/analyzer/U5881/Y (NAND4BXL)
                                                          0.45      20.42 r
  g_area_orientation.analyzers/analyzer/U5880/Y (NAND2X1)
                                                          0.41      20.83 f
  g_area_orientation.analyzers/analyzer/U5860/Y (NAND4BBX1)
                                                          0.42      21.25 f
  g_area_orientation.analyzers/analyzer/U5856/Y (OR4X1)
                                                          0.56      21.81 f
  g_area_orientation.analyzers/analyzer/U5840/Y (NAND2X1)
                                                          0.69      22.49 r
  g_area_orientation.analyzers/analyzer/U5838/Y (NOR4BX1)
                                                          0.26      22.76 f
  g_area_orientation.analyzers/analyzer/U5837/Y (NAND4X1)
                                                          0.44      23.20 r
  g_area_orientation.analyzers/analyzer/U5836/Y (INVX1)
                                                          0.38      23.58 f
  g_area_orientation.analyzers/analyzer/U5835/Y (NOR3X1)
                                                          1.13      24.71 r
  g_area_orientation.analyzers/analyzer/U5834/Y (INVX1)
                                                          0.35      25.06 f
  g_area_orientation.analyzers/analyzer/U5828/Y (NAND2X1)
                                                          0.63      25.69 r
  g_area_orientation.analyzers/analyzer/U5827/Y (NAND2X1)
                                                          0.37      26.06 f
  g_area_orientation.analyzers/analyzer/U5819/Y (NOR3X1)
                                                          1.15      27.21 r
  g_area_orientation.analyzers/analyzer/U5757/Y (INVX1)
                                                          0.35      27.56 f
  g_area_orientation.analyzers/analyzer/U5744/Y (OAI21XL)
                                                          2.26      29.82 r
  g_area_orientation.analyzers/analyzer/U5712/Y (OAI22X1)
                                                          0.30      30.12 f
  g_area_orientation.analyzers/analyzer/U5711/Y (INVX1)
                                                          0.40      30.52 r
  g_area_orientation.analyzers/analyzer/U5710/Y (XOR2X1)
                                                          0.40      30.92 r
  g_area_orientation.analyzers/analyzer/U5706/Y (NAND3X1)
                                                          0.17      31.09 f
  g_area_orientation.analyzers/analyzer/U5696/Y (NOR4X1)
                                                          0.34      31.42 r
  g_area_orientation.analyzers/analyzer/U5695/Y (NAND4X1)
                                                          0.32      31.74 f
  g_area_orientation.analyzers/analyzer/U5694/Y (INVX1)
                                                          0.43      32.17 r
  g_area_orientation.analyzers/analyzer/U5689/Y (NOR3X1)
                                                          0.21      32.38 f
  g_area_orientation.analyzers/analyzer/U5688/Y (NAND4X1)
                                                          0.39      32.77 r
  g_area_orientation.analyzers/analyzer/U5687/Y (INVX1)
                                                          0.23      33.00 f
  g_area_orientation.analyzers/analyzer/U5686/Y (NOR4BX1)
                                                          0.66      33.66 r
  g_area_orientation.analyzers/analyzer/U5654/Y (NAND2X1)
                                                          0.49      34.15 f
  g_area_orientation.analyzers/analyzer/U5497/Y (NAND2X1)
                                                          0.64      34.79 r
  g_area_orientation.analyzers/analyzer/U5496/Y (INVX1)
                                                          0.55      35.34 f
  g_area_orientation.analyzers/analyzer/U5495/Y (AOI211X1)
                                                          1.00      36.34 r
  g_area_orientation.analyzers/analyzer/U5494/Y (NAND2BX1)
                                                          0.80      37.15 f
  g_area_orientation.analyzers/analyzer/U5294/Y (NOR2X1)
                                                          0.68      37.83 r
  g_area_orientation.analyzers/analyzer/U5293/Y (NOR2BX1)
                                                          1.80      39.62 r
  g_area_orientation.analyzers/analyzer/U5292/Y (NOR2X1)
                                                          1.07      40.69 f
  g_area_orientation.analyzers/analyzer/U5268/Y (NAND2X1)
                                                          1.57      42.26 r
  g_area_orientation.analyzers/analyzer/U5267/Y (INVX1)
                                                          1.16      43.42 f
  g_area_orientation.analyzers/analyzer/U5230/Y (NOR2X1)
                                                          0.46      43.88 r
  g_area_orientation.analyzers/analyzer/U5203/Y (NAND4X1)
                                                          0.41      44.29 f
  g_area_orientation.analyzers/analyzer/U5176/Y (NOR4BX1)
                                                          0.43      44.72 f
  g_area_orientation.analyzers/analyzer/U5149/Y (NAND4X1)
                                                          0.51      45.23 r
  g_area_orientation.analyzers/analyzer/U5148/Y (NAND2X1)
                                                          0.49      45.72 f
  g_area_orientation.analyzers/analyzer/U5147/Y (NAND2X1)
                                                          0.50      46.22 r
  g_area_orientation.analyzers/analyzer/U5146/Y (INVX1)
                                                          0.58      46.80 f
  g_area_orientation.analyzers/analyzer/U5135/Y (AOI211X1)
                                                          1.00      47.79 r
  g_area_orientation.analyzers/analyzer/U5134/Y (NOR2BX1)
                                                          0.47      48.26 r
  g_area_orientation.analyzers/analyzer/U5133/Y (INVX1)
                                                          0.41      48.67 f
  g_area_orientation.analyzers/analyzer/U4928/Y (NOR2BX1)
                                                          0.61      49.28 r
  g_area_orientation.analyzers/analyzer/U4927/Y (NAND2X1)
                                                          0.97      50.24 f
  g_area_orientation.analyzers/analyzer/U4926/Y (NAND2X1)
                                                          0.94      51.18 r
  g_area_orientation.analyzers/analyzer/U4925/Y (INVX1)
                                                          0.52      51.70 f
  g_area_orientation.analyzers/analyzer/U4866/Y (NAND2X1)
                                                          1.43      53.13 r
  g_area_orientation.analyzers/analyzer/U4865/Y (INVX1)
                                                          1.22      54.35 f
  g_area_orientation.analyzers/analyzer/U4864/Y (NOR3X1)
                                                          0.48      54.83 r
  g_area_orientation.analyzers/analyzer/U4863/Y (NAND4X1)
                                                          0.40      55.23 f
  g_area_orientation.analyzers/analyzer/U4862/Y (OAI21XL)
                                                          0.31      55.54 r
  g_area_orientation.analyzers/analyzer/U4834/Y (NAND4BXL)
                                                          0.46      56.00 r
  g_area_orientation.analyzers/analyzer/U4832/Y (NAND3X1)
                                                          0.39      56.39 f
  g_area_orientation.analyzers/analyzer/U4831/Y (INVX1)
                                                          0.35      56.74 r
  g_area_orientation.analyzers/analyzer/U4830/Y (NAND3X1)
                                                          0.17      56.90 f
  g_area_orientation.analyzers/analyzer/U4784/Y (OR4X1)
                                                          0.74      57.64 f
  g_area_orientation.analyzers/analyzer/U4783/Y (NAND3X1)
                                                          0.51      58.15 r
  g_area_orientation.analyzers/analyzer/U4780/Y (NAND2X1)
                                                          0.34      58.49 f
  g_area_orientation.analyzers/analyzer/U4779/Y (INVX1)
                                                          0.81      59.30 r
  g_area_orientation.analyzers/analyzer/U4771/Y (AOI211X1)
                                                          0.44      59.74 f
  g_area_orientation.analyzers/analyzer/U4770/Y (INVX1)
                                                          0.56      60.30 r
  g_area_orientation.analyzers/analyzer/U4769/Y (OR2X1)
                                                          0.85      61.14 r
  g_area_orientation.analyzers/analyzer/U4595/Y (NOR2X1)
                                                          0.32      61.47 f
  g_area_orientation.analyzers/analyzer/U4594/Y (NAND2X1)
                                                          1.21      62.68 r
  g_area_orientation.analyzers/analyzer/U4593/Y (NAND2X1)
                                                          0.64      63.31 f
  g_area_orientation.analyzers/analyzer/U4592/Y (INVX1)
                                                          0.82      64.14 r
  g_area_orientation.analyzers/analyzer/U4518/Y (NAND2X1)
                                                          1.15      65.28 f
  g_area_orientation.analyzers/analyzer/U4517/Y (INVX1)
                                                          1.62      66.90 r
  g_area_orientation.analyzers/analyzer/U4516/Y (NOR3X1)
                                                          0.34      67.24 f
  g_area_orientation.analyzers/analyzer/U4515/Y (NAND4X1)
                                                          0.49      67.72 r
  g_area_orientation.analyzers/analyzer/U4514/Y (OAI21XL)
                                                          0.27      67.99 f
  g_area_orientation.analyzers/analyzer/U4487/Y (NAND4BXL)
                                                          0.54      68.53 f
  g_area_orientation.analyzers/analyzer/U4485/Y (NAND3X1)
                                                          0.44      68.97 r
  g_area_orientation.analyzers/analyzer/U4484/Y (INVX1)
                                                          0.25      69.21 f
  g_area_orientation.analyzers/analyzer/U4483/Y (NAND3X1)
                                                          0.22      69.43 r
  g_area_orientation.analyzers/analyzer/U4433/Y (OR4X1)
                                                          0.56      69.99 r
  g_area_orientation.analyzers/analyzer/U4432/Y (NAND3X1)
                                                          0.56      70.55 f
  g_area_orientation.analyzers/analyzer/U4431/Y (NAND2X1)
                                                          0.60      71.15 r
  g_area_orientation.analyzers/analyzer/U4430/Y (INVX1)
                                                          0.57      71.72 f
  g_area_orientation.analyzers/analyzer/U4417/Y (AOI211X1)
                                                          1.01      72.73 r
  g_area_orientation.analyzers/analyzer/U4416/Y (NAND2BX1)
                                                          0.66      73.39 f
  g_area_orientation.analyzers/analyzer/U4388/Y (NOR2BX1)
                                                          0.67      74.06 r
  g_area_orientation.analyzers/analyzer/U4387/Y (NAND2X1)
                                                          0.97      75.02 f
  g_area_orientation.analyzers/analyzer/U4386/Y (NAND2X1)
                                                          1.05      76.07 r
  g_area_orientation.analyzers/analyzer/U4346/Y (INVX1)
                                                          0.54      76.61 f
  g_area_orientation.analyzers/analyzer/U4340/Y (NAND2X1)
                                                          1.45      78.06 r
  g_area_orientation.analyzers/analyzer/U4339/Y (INVX1)
                                                          1.29      79.35 f
  g_area_orientation.analyzers/analyzer/U4338/Y (NOR3X1)
                                                          0.48      79.83 r
  g_area_orientation.analyzers/analyzer/U4337/Y (NAND4X1)
                                                          0.40      80.24 f
  g_area_orientation.analyzers/analyzer/U4336/Y (OAI21XL)
                                                          0.31      80.54 r
  g_area_orientation.analyzers/analyzer/U4308/Y (NAND4BXL)
                                                          0.46      81.00 r
  g_area_orientation.analyzers/analyzer/U4306/Y (NAND3X1)
                                                          0.39      81.39 f
  g_area_orientation.analyzers/analyzer/U4305/Y (INVX1)
                                                          0.35      81.74 r
  g_area_orientation.analyzers/analyzer/U4304/Y (NAND3X1)
                                                          0.17      81.91 f
  g_area_orientation.analyzers/analyzer/U4257/Y (OR4X1)
                                                          0.80      82.71 f
  g_area_orientation.analyzers/analyzer/U4256/Y (NAND3X1)
                                                          0.61      83.32 r
  g_area_orientation.analyzers/analyzer/U4084/Y (NAND2X1)
                                                          0.42      83.73 f
  g_area_orientation.analyzers/analyzer/U4083/Y (INVX1)
                                                          0.85      84.58 r
  g_area_orientation.analyzers/analyzer/U4075/Y (AOI211X1)
                                                          0.51      85.09 f
  g_area_orientation.analyzers/analyzer/U4071/Y (NOR2BX1)
                                                          0.52      85.61 f
  g_area_orientation.analyzers/analyzer/U4070/Y (INVX1)
                                                          0.59      86.20 r
  g_area_orientation.analyzers/analyzer/U4053/Y (NOR2BX1)
                                                          0.39      86.59 f
  g_area_orientation.analyzers/analyzer/U3847/Y (NAND2X1)
                                                          1.18      87.78 r
  g_area_orientation.analyzers/analyzer/U3846/Y (NAND2X1)
                                                          0.80      88.57 f
  g_area_orientation.analyzers/analyzer/U3804/Y (INVX1)
                                                          0.89      89.46 r
  g_area_orientation.analyzers/analyzer/U3801/Y (NAND2X1)
                                                          1.01      90.47 f
  g_area_orientation.analyzers/analyzer/U3800/Y (INVX1)
                                                          1.79      92.26 r
  g_area_orientation.analyzers/analyzer/U3799/Y (NOR3X1)
                                                          0.36      92.62 f
  g_area_orientation.analyzers/analyzer/U3798/Y (NAND4X1)
                                                          0.50      93.12 r
  g_area_orientation.analyzers/analyzer/U3797/Y (OAI21XL)
                                                          0.27      93.38 f
  g_area_orientation.analyzers/analyzer/U3770/Y (NAND4BXL)
                                                          0.55      93.93 f
  g_area_orientation.analyzers/analyzer/U3768/Y (NAND3X1)
                                                          0.44      94.37 r
  g_area_orientation.analyzers/analyzer/U3767/Y (INVX1)
                                                          0.25      94.62 f
  g_area_orientation.analyzers/analyzer/U3766/Y (NAND3X1)
                                                          0.22      94.84 r
  g_area_orientation.analyzers/analyzer/U3726/Y (OR4X1)
                                                          0.64      95.48 r
  g_area_orientation.analyzers/analyzer/U3725/Y (NAND3X1)
                                                          0.59      96.07 f
  g_area_orientation.analyzers/analyzer/U3724/Y (NAND2X1)
                                                          0.51      96.58 r
  g_area_orientation.analyzers/analyzer/U3723/Y (INVX1)
                                                          0.59      97.17 f
  g_area_orientation.analyzers/analyzer/U3715/Y (AOI211X1)
                                                          1.02      98.19 r
  g_area_orientation.analyzers/analyzer/U3714/Y (NAND2BX1)
                                                          0.67      98.86 f
  g_area_orientation.analyzers/analyzer/U3708/Y (NOR2X1)
                                                          0.64      99.50 r
  g_area_orientation.analyzers/analyzer/U3707/Y (AND2X1)
                                                          1.30     100.80 r
  g_area_orientation.analyzers/analyzer/U3706/Y (NOR2X1)
                                                          0.78     101.59 f
  g_area_orientation.analyzers/analyzer/U3679/Y (NAND2X1)
                                                          1.52     103.11 r
  g_area_orientation.analyzers/analyzer/U3649/Y (INVX1)
                                                          1.23     104.34 f
  g_area_orientation.analyzers/analyzer/U3648/Y (NAND2X1)
                                                          1.63     105.97 r
  g_area_orientation.analyzers/analyzer/U3644/Y (NAND4X1)
                                                          0.47     106.44 f
  g_area_orientation.analyzers/analyzer/U3643/Y (INVX1)
                                                          0.50     106.94 r
  g_area_orientation.analyzers/analyzer/U3642/Y (NOR2X1)
                                                          0.20     107.14 f
  g_area_orientation.analyzers/analyzer/U3615/Y (NAND4X1)
                                                          0.44     107.58 r
  g_area_orientation.analyzers/analyzer/U3590/Y (NOR4BX1)
                                                          0.68     108.26 r
  g_area_orientation.analyzers/analyzer/U3561/Y (NAND4X1)
                                                          0.67     108.93 f
  g_area_orientation.analyzers/analyzer/U3560/Y (NAND2X1)
                                                          0.58     109.50 r
  g_area_orientation.analyzers/analyzer/U3386/Y (NAND2X1)
                                                          0.43     109.93 f
  g_area_orientation.analyzers/analyzer/U3385/Y (INVX1)
                                                          0.84     110.77 r
  g_area_orientation.analyzers/analyzer/U3377/Y (AOI211X1)
                                                          0.35     111.12 f
  g_area_orientation.analyzers/analyzer/U3376/Y (INVX1)
                                                          0.47     111.59 r
  g_area_orientation.analyzers/analyzer/U3372/Y (NOR2X1)
                                                          0.26     111.84 f
  g_area_orientation.analyzers/analyzer/U3335/Y (INVX1)
                                                          0.66     112.51 r
  g_area_orientation.analyzers/analyzer/U3334/Y (NOR2X1)
                                                          0.23     112.73 f
  g_area_orientation.analyzers/analyzer/U3333/Y (MXI2X1)
                                                          0.51     113.24 r
  g_area_orientation.analyzers/analyzer/U3332/Y (MXI2X1)
                                                          0.59     113.83 f
  g_area_orientation.analyzers/analyzer/U3331/Y (INVX1)
                                                          0.64     114.47 r
  g_area_orientation.analyzers/analyzer/U3330/Y (NAND2X1)
                                                          0.97     115.44 f
  g_area_orientation.analyzers/analyzer/U3329/Y (INVX1)
                                                          1.68     117.11 r
  g_area_orientation.analyzers/analyzer/U3324/Y (NAND2X1)
                                                          1.44     118.56 f
  g_area_orientation.analyzers/analyzer/U3300/Y (NAND4X1)
                                                          0.66     119.22 r
  g_area_orientation.analyzers/analyzer/U3299/Y (INVX1)
                                                          0.33     119.55 f
  g_area_orientation.analyzers/analyzer/U3266/Y (NOR2X1)
                                                          0.28     119.83 r
  g_area_orientation.analyzers/analyzer/U3239/Y (NAND4X1)
                                                          0.41     120.24 f
  g_area_orientation.analyzers/analyzer/U3046/Y (NOR4BX1)
                                                          0.43     120.67 f
  g_area_orientation.analyzers/analyzer/U3018/Y (NAND4X1)
                                                          0.51     121.18 r
  g_area_orientation.analyzers/analyzer/U3017/Y (NAND2X1)
                                                          0.49     121.67 f
  g_area_orientation.analyzers/analyzer/U3016/Y (NAND2X1)
                                                          0.58     122.25 r
  g_area_orientation.analyzers/analyzer/U2993/Y (INVX1)
                                                          0.57     122.82 f
  g_area_orientation.analyzers/analyzer/U2983/Y (AOI211X1)
                                                          1.01     123.83 r
  g_area_orientation.analyzers/analyzer/U2982/Y (NAND2BX1)
                                                          0.73     124.56 f
  g_area_orientation.analyzers/analyzer/U2792/Y (NOR3X1)
                                                          2.32     126.88 r
  g_area_orientation.analyzers/analyzer/U2791/Y (NOR2X1)
                                                          1.17     128.05 f
  g_area_orientation.analyzers/analyzer/U2751/Y (NAND2X1)
                                                          1.80     129.85 r
  g_area_orientation.analyzers/analyzer/U2721/Y (NOR2X1)
                                                          1.28     131.13 f
  g_area_orientation.analyzers/analyzer/U2717/Y (NAND4BXL)
                                                          0.73     131.86 f
  g_area_orientation.analyzers/analyzer/U2716/Y (INVX1)
                                                          0.47     132.33 r
  g_area_orientation.analyzers/analyzer/U2715/Y (NOR2X1)
                                                          0.19     132.53 f
  g_area_orientation.analyzers/analyzer/U2687/Y (NAND4X1)
                                                          0.44     132.96 r
  g_area_orientation.analyzers/analyzer/U2661/Y (NOR4BX1)
                                                          0.68     133.64 r
  g_area_orientation.analyzers/analyzer/U2630/Y (NAND4X1)
                                                          0.68     134.32 f
  g_area_orientation.analyzers/analyzer/U2629/Y (NAND2X1)
                                                          0.76     135.07 r
  g_area_orientation.analyzers/analyzer/U2628/Y (NAND2X1)
                                                          0.51     135.58 f
  g_area_orientation.analyzers/analyzer/U2618/Y (NAND2X1)
                                                          0.59     136.17 r
  g_area_orientation.analyzers/analyzer/U2617/Y (NOR2BX1)
                                                          0.48     136.65 f
  g_area_orientation.analyzers/analyzer/U2614/Y (NAND2X1)
                                                          0.37     137.01 r
  g_area_orientation.analyzers/analyzer/U2346/Y (NAND2X1)
                                                          0.25     137.26 f
  g_area_orientation.analyzers/analyzer/U2345/Y (AOI21X1)
                                                          1.37     138.63 r
  g_area_orientation.analyzers/analyzer/U2340/Y (NAND2X1)
                                                          1.48     140.11 f
  g_area_orientation.analyzers/analyzer/U2302/Y (INVX1)
                                                          1.57     141.68 r
  g_area_orientation.analyzers/analyzer/U2301/Y (NAND2X1)
                                                          1.29     142.97 f
  g_area_orientation.analyzers/analyzer/U2300/Y (INVX1)
                                                          1.50     144.47 r
  g_area_orientation.analyzers/analyzer/U2299/Y (NOR2BX1)
                                                          0.28     144.75 f
  g_area_orientation.analyzers/analyzer/U2297/Y (NAND4X1)
                                                          0.55     145.30 r
  g_area_orientation.analyzers/analyzer/U2296/Y (NAND2X1)
                                                          0.20     145.50 f
  g_area_orientation.analyzers/analyzer/U2295/Y (AOI211X1)
                                                          0.40     145.90 r
  g_area_orientation.analyzers/analyzer/U2278/Y (NAND3X1)
                                                          0.38     146.27 f
  g_area_orientation.analyzers/analyzer/U2253/Y (NAND4BXL)
                                                          0.46     146.73 r
  g_area_orientation.analyzers/analyzer/U2246/Y (NOR3X1)
                                                          0.19     146.92 f
  g_area_orientation.analyzers/analyzer/U2225/Y (NAND4X1)
                                                          0.54     147.46 r
  g_area_orientation.analyzers/analyzer/U2224/Y (NAND2BX1)
                                                          0.43     147.89 f
  g_area_orientation.analyzers/analyzer/U2223/Y (NAND2X1)
                                                          0.65     148.55 r
  g_area_orientation.analyzers/analyzer/U2135/Y (NAND3X1)
                                                          0.32     148.87 f
  g_area_orientation.analyzers/analyzer/U2050/Y (NOR2X1)
                                                          0.43     149.30 r
  g_area_orientation.analyzers/analyzer/U2049/Y (INVX1)
                                                          0.48     149.78 f
  g_area_orientation.analyzers/analyzer/U2046/Y (NOR3X1)
                                                          2.24     152.02 r
  g_area_orientation.analyzers/analyzer/U2045/Y (NOR2X1)
                                                          1.26     153.28 f
  g_area_orientation.analyzers/analyzer/U2005/Y (NAND2X1)
                                                          1.65     154.93 r
  g_area_orientation.analyzers/analyzer/U1972/Y (INVX1)
                                                          1.22     156.15 f
  g_area_orientation.analyzers/analyzer/U1971/Y (NAND2X1)
                                                          1.62     157.78 r
  g_area_orientation.analyzers/analyzer/U1968/Y (NAND4X1)
                                                          0.47     158.25 f
  g_area_orientation.analyzers/analyzer/U1967/Y (INVX1)
                                                          0.50     158.75 r
  g_area_orientation.analyzers/analyzer/U1966/Y (NOR2X1)
                                                          0.20     158.95 f
  g_area_orientation.analyzers/analyzer/U1938/Y (NAND4X1)
                                                          0.44     159.39 r
  g_area_orientation.analyzers/analyzer/U1912/Y (NOR4BX1)
                                                          0.68     160.07 r
  g_area_orientation.analyzers/analyzer/U1884/Y (NAND4X1)
                                                          0.67     160.73 f
  g_area_orientation.analyzers/analyzer/U1883/Y (NAND2X1)
                                                          0.75     161.48 r
  g_area_orientation.analyzers/analyzer/U1851/Y (NAND2X1)
                                                          0.48     161.97 f
  g_area_orientation.analyzers/analyzer/U1844/Y (INVX1)
                                                          0.96     162.92 r
  g_area_orientation.analyzers/analyzer/U1835/Y (NOR3X1)
                                                          0.48     163.40 f
  g_area_orientation.analyzers/analyzer/U1834/Y (INVX1)
                                                          0.48     163.88 r
  g_area_orientation.analyzers/analyzer/U1832/Y (NOR2X1)
                                                          0.24     164.12 f
  g_area_orientation.analyzers/analyzer/U1675/Y (NOR2X1)
                                                          0.45     164.58 r
  g_area_orientation.analyzers/analyzer/U1674/Y (OAI21XL)
                                                          0.35     164.92 f
  g_area_orientation.analyzers/analyzer/U1673/Y (INVX1)
                                                          1.09     166.01 r
  g_area_orientation.analyzers/analyzer/U1610/Y (NAND2X1)
                                                          1.26     167.27 f
  g_area_orientation.analyzers/analyzer/U1582/Y (INVX1)
                                                          1.75     169.02 r
  g_area_orientation.analyzers/analyzer/U1577/Y (NOR2X1)
                                                          0.23     169.25 f
  g_area_orientation.analyzers/analyzer/U1550/Y (NAND4X1)
                                                          0.45     169.70 r
  g_area_orientation.analyzers/analyzer/U1523/Y (NOR4BX1)
                                                          0.68     170.38 r
  g_area_orientation.analyzers/analyzer/U1494/Y (NAND2X1)
                                                          0.65     171.03 f
  g_area_orientation.analyzers/analyzer/U1418/Y (AOI211X1)
                                                          0.46     171.49 r
  g_area_orientation.analyzers/analyzer/U1417/Y (OAI21XL)
                                                          0.58     172.07 f
  g_area_orientation.analyzers/analyzer/U1411/Y (NOR2X1)
                                                          0.96     173.03 r
  g_area_orientation.analyzers/analyzer/U1368/Y (INVX1)
                                                          0.44     173.47 f
  g_area_orientation.analyzers/analyzer/U1366/Y (NOR3X1)
                                                          2.25     175.72 r
  g_area_orientation.analyzers/analyzer/U1365/Y (NAND2BX1)
                                                          0.80     176.52 r
  g_area_orientation.analyzers/analyzer/U1322/Y (NOR2X1)
                                                          0.49     177.02 f
  g_area_orientation.analyzers/analyzer/U1295/Y (NOR3X1)
                                                          0.42     177.43 r
  g_area_orientation.analyzers/analyzer/U1294/Y (NAND4X1)
                                                          0.39     177.83 f
  g_area_orientation.analyzers/analyzer/U1292/Y (NAND4BXL)
                                                          0.35     178.17 r
  g_area_orientation.analyzers/analyzer/U1284/Y (OR4X1)
                                                          0.40     178.57 r
  g_area_orientation.analyzers/analyzer/U1258/Y (AND3X1)
                                                          0.54     179.11 r
  g_area_orientation.analyzers/analyzer/U1216/Y (NOR4BX1)
                                                          0.45     179.56 r
  g_area_orientation.analyzers/analyzer/U1215/Y (NAND3X1)
                                                          0.51     180.07 f
  g_area_orientation.analyzers/analyzer/U1214/Y (NAND3X1)
                                                          0.49     180.56 r
  g_area_orientation.analyzers/analyzer/U1062/Y (NAND2X1)
                                                          0.46     181.02 f
  g_area_orientation.analyzers/analyzer/U1058/Y (NAND2X1)
                                                          0.38     181.41 r
  g_area_orientation.analyzers/analyzer/U1057/Y (INVX1)
                                                          0.27     181.68 f
  g_area_orientation.analyzers/analyzer/U1047/Y (NAND2X1)
                                                          0.50     182.18 r
  g_area_orientation.analyzers/analyzer/U867/Y (INVX1)
                                                          0.28     182.46 f
  g_area_orientation.analyzers/analyzer/U524/Y (AOI221X1)
                                                          0.55     183.01 r
  g_area_orientation.analyzers/analyzer/U523/Y (OAI21XL)
                                                          0.56     183.57 f
  g_area_orientation.analyzers/analyzer/U522/Y (AOI22X1)
                                                          0.43     184.00 r
  g_area_orientation.analyzers/analyzer/U521/Y (INVX1)
                                                          0.15     184.14 f
  g_area_orientation.analyzers/analyzer/U520/Y (AOI222X1)
                                                          0.51     184.65 r
  g_area_orientation.analyzers/analyzer/U501/Y (NAND4BXL)
                                                          0.31     184.96 f
  g_area_orientation.analyzers/analyzer/U473/Y (OAI31X1)
                                                          0.39     185.35 r
  g_area_orientation.analyzers/analyzer/U424/Y (MXI2X1)
                                                          0.22     185.57 f
  g_area_orientation.analyzers/analyzer/U423/Y (NOR3X1)
                                                          0.35     185.93 r
  g_area_orientation.analyzers/analyzer/U3/Y (NOR4BX1)
                                                          0.64     186.57 r
  g_area_orientation.analyzers/analyzer/candidate_valid_o (config_candidate_evaluator_MAX_K5_HYBRID_ENTRY_NUM14_ROW_W10_COL_W10_CANDIDATE_W4)
                                                          0.00     186.57 r
  g_area_orientation.analyzers/U1668/Y (NAND2X1)          0.40     186.96 f
  g_area_orientation.analyzers/U1667/Y (AOI21X1)          0.31     187.27 r
  g_area_orientation.analyzers/U1666/Y (NAND2BX1)         0.82     188.09 r
  g_area_orientation.analyzers/U1663/Y (NAND3X1)          0.57     188.66 f
  g_area_orientation.analyzers/U1648/Y (INVX1)            0.28     188.94 r
  g_area_orientation.analyzers/U1647/Y (AOI31X1)          0.13     189.07 f
  g_area_orientation.analyzers/U1646/Y (OAI222XL)         0.54     189.60 r
  g_area_orientation.analyzers/selected_pattern_reg[0]/D (DFFX4)
                                                          0.00     189.60 r
  data arrival time                                                189.60

  clock clk (rise edge)                                  20.00      20.00
  clock network delay (ideal)                             0.00      20.00
  clock uncertainty                                      -0.10      19.90
  g_area_orientation.analyzers/selected_pattern_reg[0]/CK (DFFX4)
                                                          0.00      19.90 r
  library setup time                                     -0.17      19.73
  data required time                                                19.73
  --------------------------------------------------------------------------
  data required time                                                19.73
  data arrival time                                               -189.60
  --------------------------------------------------------------------------
  slack (VIOLATED)                                                -169.88


  Startpoint: g_area_orientation.analyzers/active_cfg_reg[0]
              (rising edge-triggered flip-flop clocked by clk)
  Endpoint: g_area_orientation.analyzers/config_patterns_o_reg[2]
            (rising edge-triggered flip-flop clocked by clk)
  Path Group: clk
  Path Type: max

  Des/Clust/Port     Wire Load Model       Library
  ------------------------------------------------
  dss_analyzer_top_PARALLEL_ORIENTATION0
                     tsmc18_wl10           slow

  Point                                                   Incr       Path
  --------------------------------------------------------------------------
  clock clk (rise edge)                                   0.00       0.00
  clock network delay (ideal)                             0.00       0.00
  g_area_orientation.analyzers/active_cfg_reg[0]/CK (DFFHQX4)
                                                          0.00       0.00 r
  g_area_orientation.analyzers/active_cfg_reg[0]/Q (DFFHQX4)
                                                          0.59       0.59 r
  g_area_orientation.analyzers/view/config_id_i[0] (config_logical_view_MAX_K5_NUM_CFG7_HYBRID_ENTRY_NUM14_ADDR_W10_PTR_W3)
                                                          0.00       0.59 r
  g_area_orientation.analyzers/view/U2122/Y (INVX1)       1.80       2.39 f
  g_area_orientation.analyzers/view/U1506/Y (NOR3X1)      6.56       8.96 r
  g_area_orientation.analyzers/view/U88/Y (AOI22X1)       0.06       9.01 f
  g_area_orientation.analyzers/view/U87/Y (NAND4X1)       2.36      11.37 r
  g_area_orientation.analyzers/view/pivot_valid_o[0] (config_logical_view_MAX_K5_NUM_CFG7_HYBRID_ENTRY_NUM14_ADDR_W10_PTR_W3)
                                                          0.00      11.37 r
  g_area_orientation.analyzers/analyzer/pivot_valid_i[0] (config_candidate_evaluator_MAX_K5_HYBRID_ENTRY_NUM14_ROW_W10_COL_W10_CANDIDATE_W4)
                                                          0.00      11.37 r
  g_area_orientation.analyzers/analyzer/U6064/Y (XOR2X1)
                                                          1.09      12.46 r
  g_area_orientation.analyzers/analyzer/U6054/Y (XOR2X1)
                                                          0.51      12.97 r
  g_area_orientation.analyzers/analyzer/U6053/Y (NAND2X1)
                                                          0.30      13.27 f
  g_area_orientation.analyzers/analyzer/U6052/Y (OAI21XL)
                                                          1.42      14.68 r
  g_area_orientation.analyzers/analyzer/U6051/Y (INVX1)
                                                          0.80      15.49 f
  g_area_orientation.analyzers/analyzer/U6049/Y (NAND2X1)
                                                          2.00      17.49 r
  g_area_orientation.analyzers/analyzer/U6048/Y (INVX1)
                                                          0.66      18.15 f
  g_area_orientation.analyzers/analyzer/U6046/Y (NAND2X1)
                                                          0.56      18.71 r
  g_area_orientation.analyzers/analyzer/U6045/Y (INVX1)
                                                          0.27      18.98 f
  g_area_orientation.analyzers/analyzer/U5910/Y (NOR4BX1)
                                                          0.44      19.41 r
  g_area_orientation.analyzers/analyzer/U5909/Y (NAND4X1)
                                                          0.33      19.74 f
  g_area_orientation.analyzers/analyzer/U5901/Y (NAND4X1)
                                                          0.23      19.97 r
  g_area_orientation.analyzers/analyzer/U5881/Y (NAND4BXL)
                                                          0.45      20.42 r
  g_area_orientation.analyzers/analyzer/U5880/Y (NAND2X1)
                                                          0.41      20.83 f
  g_area_orientation.analyzers/analyzer/U5860/Y (NAND4BBX1)
                                                          0.42      21.25 f
  g_area_orientation.analyzers/analyzer/U5856/Y (OR4X1)
                                                          0.56      21.81 f
  g_area_orientation.analyzers/analyzer/U5840/Y (NAND2X1)
                                                          0.69      22.49 r
  g_area_orientation.analyzers/analyzer/U5838/Y (NOR4BX1)
                                                          0.26      22.76 f
  g_area_orientation.analyzers/analyzer/U5837/Y (NAND4X1)
                                                          0.44      23.20 r
  g_area_orientation.analyzers/analyzer/U5836/Y (INVX1)
                                                          0.38      23.58 f
  g_area_orientation.analyzers/analyzer/U5835/Y (NOR3X1)
                                                          1.13      24.71 r
  g_area_orientation.analyzers/analyzer/U5834/Y (INVX1)
                                                          0.35      25.06 f
  g_area_orientation.analyzers/analyzer/U5828/Y (NAND2X1)
                                                          0.63      25.69 r
  g_area_orientation.analyzers/analyzer/U5827/Y (NAND2X1)
                                                          0.37      26.06 f
  g_area_orientation.analyzers/analyzer/U5819/Y (NOR3X1)
                                                          1.15      27.21 r
  g_area_orientation.analyzers/analyzer/U5757/Y (INVX1)
                                                          0.35      27.56 f
  g_area_orientation.analyzers/analyzer/U5744/Y (OAI21XL)
                                                          2.26      29.82 r
  g_area_orientation.analyzers/analyzer/U5712/Y (OAI22X1)
                                                          0.30      30.12 f
  g_area_orientation.analyzers/analyzer/U5711/Y (INVX1)
                                                          0.40      30.52 r
  g_area_orientation.analyzers/analyzer/U5710/Y (XOR2X1)
                                                          0.40      30.92 r
  g_area_orientation.analyzers/analyzer/U5706/Y (NAND3X1)
                                                          0.17      31.09 f
  g_area_orientation.analyzers/analyzer/U5696/Y (NOR4X1)
                                                          0.34      31.42 r
  g_area_orientation.analyzers/analyzer/U5695/Y (NAND4X1)
                                                          0.32      31.74 f
  g_area_orientation.analyzers/analyzer/U5694/Y (INVX1)
                                                          0.43      32.17 r
  g_area_orientation.analyzers/analyzer/U5689/Y (NOR3X1)
                                                          0.21      32.38 f
  g_area_orientation.analyzers/analyzer/U5688/Y (NAND4X1)
                                                          0.39      32.77 r
  g_area_orientation.analyzers/analyzer/U5687/Y (INVX1)
                                                          0.23      33.00 f
  g_area_orientation.analyzers/analyzer/U5686/Y (NOR4BX1)
                                                          0.66      33.66 r
  g_area_orientation.analyzers/analyzer/U5654/Y (NAND2X1)
                                                          0.49      34.15 f
  g_area_orientation.analyzers/analyzer/U5497/Y (NAND2X1)
                                                          0.64      34.79 r
  g_area_orientation.analyzers/analyzer/U5496/Y (INVX1)
                                                          0.55      35.34 f
  g_area_orientation.analyzers/analyzer/U5495/Y (AOI211X1)
                                                          1.00      36.34 r
  g_area_orientation.analyzers/analyzer/U5494/Y (NAND2BX1)
                                                          0.80      37.15 f
  g_area_orientation.analyzers/analyzer/U5294/Y (NOR2X1)
                                                          0.68      37.83 r
  g_area_orientation.analyzers/analyzer/U5293/Y (NOR2BX1)
                                                          1.80      39.62 r
  g_area_orientation.analyzers/analyzer/U5292/Y (NOR2X1)
                                                          1.07      40.69 f
  g_area_orientation.analyzers/analyzer/U5268/Y (NAND2X1)
                                                          1.57      42.26 r
  g_area_orientation.analyzers/analyzer/U5267/Y (INVX1)
                                                          1.16      43.42 f
  g_area_orientation.analyzers/analyzer/U5230/Y (NOR2X1)
                                                          0.46      43.88 r
  g_area_orientation.analyzers/analyzer/U5203/Y (NAND4X1)
                                                          0.41      44.29 f
  g_area_orientation.analyzers/analyzer/U5176/Y (NOR4BX1)
                                                          0.43      44.72 f
  g_area_orientation.analyzers/analyzer/U5149/Y (NAND4X1)
                                                          0.51      45.23 r
  g_area_orientation.analyzers/analyzer/U5148/Y (NAND2X1)
                                                          0.49      45.72 f
  g_area_orientation.analyzers/analyzer/U5147/Y (NAND2X1)
                                                          0.50      46.22 r
  g_area_orientation.analyzers/analyzer/U5146/Y (INVX1)
                                                          0.58      46.80 f
  g_area_orientation.analyzers/analyzer/U5135/Y (AOI211X1)
                                                          1.00      47.79 r
  g_area_orientation.analyzers/analyzer/U5134/Y (NOR2BX1)
                                                          0.47      48.26 r
  g_area_orientation.analyzers/analyzer/U5133/Y (INVX1)
                                                          0.41      48.67 f
  g_area_orientation.analyzers/analyzer/U4928/Y (NOR2BX1)
                                                          0.61      49.28 r
  g_area_orientation.analyzers/analyzer/U4927/Y (NAND2X1)
                                                          0.97      50.24 f
  g_area_orientation.analyzers/analyzer/U4926/Y (NAND2X1)
                                                          0.94      51.18 r
  g_area_orientation.analyzers/analyzer/U4925/Y (INVX1)
                                                          0.52      51.70 f
  g_area_orientation.analyzers/analyzer/U4866/Y (NAND2X1)
                                                          1.43      53.13 r
  g_area_orientation.analyzers/analyzer/U4865/Y (INVX1)
                                                          1.22      54.35 f
  g_area_orientation.analyzers/analyzer/U4864/Y (NOR3X1)
                                                          0.48      54.83 r
  g_area_orientation.analyzers/analyzer/U4863/Y (NAND4X1)
                                                          0.40      55.23 f
  g_area_orientation.analyzers/analyzer/U4862/Y (OAI21XL)
                                                          0.31      55.54 r
  g_area_orientation.analyzers/analyzer/U4834/Y (NAND4BXL)
                                                          0.46      56.00 r
  g_area_orientation.analyzers/analyzer/U4832/Y (NAND3X1)
                                                          0.39      56.39 f
  g_area_orientation.analyzers/analyzer/U4831/Y (INVX1)
                                                          0.35      56.74 r
  g_area_orientation.analyzers/analyzer/U4830/Y (NAND3X1)
                                                          0.17      56.90 f
  g_area_orientation.analyzers/analyzer/U4784/Y (OR4X1)
                                                          0.74      57.64 f
  g_area_orientation.analyzers/analyzer/U4783/Y (NAND3X1)
                                                          0.51      58.15 r
  g_area_orientation.analyzers/analyzer/U4780/Y (NAND2X1)
                                                          0.34      58.49 f
  g_area_orientation.analyzers/analyzer/U4779/Y (INVX1)
                                                          0.81      59.30 r
  g_area_orientation.analyzers/analyzer/U4771/Y (AOI211X1)
                                                          0.44      59.74 f
  g_area_orientation.analyzers/analyzer/U4770/Y (INVX1)
                                                          0.56      60.30 r
  g_area_orientation.analyzers/analyzer/U4769/Y (OR2X1)
                                                          0.85      61.14 r
  g_area_orientation.analyzers/analyzer/U4595/Y (NOR2X1)
                                                          0.32      61.47 f
  g_area_orientation.analyzers/analyzer/U4594/Y (NAND2X1)
                                                          1.21      62.68 r
  g_area_orientation.analyzers/analyzer/U4593/Y (NAND2X1)
                                                          0.64      63.31 f
  g_area_orientation.analyzers/analyzer/U4592/Y (INVX1)
                                                          0.82      64.14 r
  g_area_orientation.analyzers/analyzer/U4518/Y (NAND2X1)
                                                          1.15      65.28 f
  g_area_orientation.analyzers/analyzer/U4517/Y (INVX1)
                                                          1.62      66.90 r
  g_area_orientation.analyzers/analyzer/U4516/Y (NOR3X1)
                                                          0.34      67.24 f
  g_area_orientation.analyzers/analyzer/U4515/Y (NAND4X1)
                                                          0.49      67.72 r
  g_area_orientation.analyzers/analyzer/U4514/Y (OAI21XL)
                                                          0.27      67.99 f
  g_area_orientation.analyzers/analyzer/U4487/Y (NAND4BXL)
                                                          0.54      68.53 f
  g_area_orientation.analyzers/analyzer/U4485/Y (NAND3X1)
                                                          0.44      68.97 r
  g_area_orientation.analyzers/analyzer/U4484/Y (INVX1)
                                                          0.25      69.21 f
  g_area_orientation.analyzers/analyzer/U4483/Y (NAND3X1)
                                                          0.22      69.43 r
  g_area_orientation.analyzers/analyzer/U4433/Y (OR4X1)
                                                          0.56      69.99 r
  g_area_orientation.analyzers/analyzer/U4432/Y (NAND3X1)
                                                          0.56      70.55 f
  g_area_orientation.analyzers/analyzer/U4431/Y (NAND2X1)
                                                          0.60      71.15 r
  g_area_orientation.analyzers/analyzer/U4430/Y (INVX1)
                                                          0.57      71.72 f
  g_area_orientation.analyzers/analyzer/U4417/Y (AOI211X1)
                                                          1.01      72.73 r
  g_area_orientation.analyzers/analyzer/U4416/Y (NAND2BX1)
                                                          0.66      73.39 f
  g_area_orientation.analyzers/analyzer/U4388/Y (NOR2BX1)
                                                          0.67      74.06 r
  g_area_orientation.analyzers/analyzer/U4387/Y (NAND2X1)
                                                          0.97      75.02 f
  g_area_orientation.analyzers/analyzer/U4386/Y (NAND2X1)
                                                          1.05      76.07 r
  g_area_orientation.analyzers/analyzer/U4346/Y (INVX1)
                                                          0.54      76.61 f
  g_area_orientation.analyzers/analyzer/U4340/Y (NAND2X1)
                                                          1.45      78.06 r
  g_area_orientation.analyzers/analyzer/U4339/Y (INVX1)
                                                          1.29      79.35 f
  g_area_orientation.analyzers/analyzer/U4338/Y (NOR3X1)
                                                          0.48      79.83 r
  g_area_orientation.analyzers/analyzer/U4337/Y (NAND4X1)
                                                          0.40      80.24 f
  g_area_orientation.analyzers/analyzer/U4336/Y (OAI21XL)
                                                          0.31      80.54 r
  g_area_orientation.analyzers/analyzer/U4308/Y (NAND4BXL)
                                                          0.46      81.00 r
  g_area_orientation.analyzers/analyzer/U4306/Y (NAND3X1)
                                                          0.39      81.39 f
  g_area_orientation.analyzers/analyzer/U4305/Y (INVX1)
                                                          0.35      81.74 r
  g_area_orientation.analyzers/analyzer/U4304/Y (NAND3X1)
                                                          0.17      81.91 f
  g_area_orientation.analyzers/analyzer/U4257/Y (OR4X1)
                                                          0.80      82.71 f
  g_area_orientation.analyzers/analyzer/U4256/Y (NAND3X1)
                                                          0.61      83.32 r
  g_area_orientation.analyzers/analyzer/U4084/Y (NAND2X1)
                                                          0.42      83.73 f
  g_area_orientation.analyzers/analyzer/U4083/Y (INVX1)
                                                          0.85      84.58 r
  g_area_orientation.analyzers/analyzer/U4075/Y (AOI211X1)
                                                          0.51      85.09 f
  g_area_orientation.analyzers/analyzer/U4071/Y (NOR2BX1)
                                                          0.52      85.61 f
  g_area_orientation.analyzers/analyzer/U4070/Y (INVX1)
                                                          0.59      86.20 r
  g_area_orientation.analyzers/analyzer/U4053/Y (NOR2BX1)
                                                          0.39      86.59 f
  g_area_orientation.analyzers/analyzer/U3847/Y (NAND2X1)
                                                          1.18      87.78 r
  g_area_orientation.analyzers/analyzer/U3846/Y (NAND2X1)
                                                          0.80      88.57 f
  g_area_orientation.analyzers/analyzer/U3804/Y (INVX1)
                                                          0.89      89.46 r
  g_area_orientation.analyzers/analyzer/U3801/Y (NAND2X1)
                                                          1.01      90.47 f
  g_area_orientation.analyzers/analyzer/U3800/Y (INVX1)
                                                          1.79      92.26 r
  g_area_orientation.analyzers/analyzer/U3799/Y (NOR3X1)
                                                          0.36      92.62 f
  g_area_orientation.analyzers/analyzer/U3798/Y (NAND4X1)
                                                          0.50      93.12 r
  g_area_orientation.analyzers/analyzer/U3797/Y (OAI21XL)
                                                          0.27      93.38 f
  g_area_orientation.analyzers/analyzer/U3770/Y (NAND4BXL)
                                                          0.55      93.93 f
  g_area_orientation.analyzers/analyzer/U3768/Y (NAND3X1)
                                                          0.44      94.37 r
  g_area_orientation.analyzers/analyzer/U3767/Y (INVX1)
                                                          0.25      94.62 f
  g_area_orientation.analyzers/analyzer/U3766/Y (NAND3X1)
                                                          0.22      94.84 r
  g_area_orientation.analyzers/analyzer/U3726/Y (OR4X1)
                                                          0.64      95.48 r
  g_area_orientation.analyzers/analyzer/U3725/Y (NAND3X1)
                                                          0.59      96.07 f
  g_area_orientation.analyzers/analyzer/U3724/Y (NAND2X1)
                                                          0.51      96.58 r
  g_area_orientation.analyzers/analyzer/U3723/Y (INVX1)
                                                          0.59      97.17 f
  g_area_orientation.analyzers/analyzer/U3715/Y (AOI211X1)
                                                          1.02      98.19 r
  g_area_orientation.analyzers/analyzer/U3714/Y (NAND2BX1)
                                                          0.67      98.86 f
  g_area_orientation.analyzers/analyzer/U3708/Y (NOR2X1)
                                                          0.64      99.50 r
  g_area_orientation.analyzers/analyzer/U3707/Y (AND2X1)
                                                          1.30     100.80 r
  g_area_orientation.analyzers/analyzer/U3706/Y (NOR2X1)
                                                          0.78     101.59 f
  g_area_orientation.analyzers/analyzer/U3679/Y (NAND2X1)
                                                          1.52     103.11 r
  g_area_orientation.analyzers/analyzer/U3649/Y (INVX1)
                                                          1.23     104.34 f
  g_area_orientation.analyzers/analyzer/U3648/Y (NAND2X1)
                                                          1.63     105.97 r
  g_area_orientation.analyzers/analyzer/U3644/Y (NAND4X1)
                                                          0.47     106.44 f
  g_area_orientation.analyzers/analyzer/U3643/Y (INVX1)
                                                          0.50     106.94 r
  g_area_orientation.analyzers/analyzer/U3642/Y (NOR2X1)
                                                          0.20     107.14 f
  g_area_orientation.analyzers/analyzer/U3615/Y (NAND4X1)
                                                          0.44     107.58 r
  g_area_orientation.analyzers/analyzer/U3590/Y (NOR4BX1)
                                                          0.68     108.26 r
  g_area_orientation.analyzers/analyzer/U3561/Y (NAND4X1)
                                                          0.67     108.93 f
  g_area_orientation.analyzers/analyzer/U3560/Y (NAND2X1)
                                                          0.58     109.50 r
  g_area_orientation.analyzers/analyzer/U3386/Y (NAND2X1)
                                                          0.43     109.93 f
  g_area_orientation.analyzers/analyzer/U3385/Y (INVX1)
                                                          0.84     110.77 r
  g_area_orientation.analyzers/analyzer/U3377/Y (AOI211X1)
                                                          0.35     111.12 f
  g_area_orientation.analyzers/analyzer/U3376/Y (INVX1)
                                                          0.47     111.59 r
  g_area_orientation.analyzers/analyzer/U3372/Y (NOR2X1)
                                                          0.26     111.84 f
  g_area_orientation.analyzers/analyzer/U3335/Y (INVX1)
                                                          0.66     112.51 r
  g_area_orientation.analyzers/analyzer/U3334/Y (NOR2X1)
                                                          0.23     112.73 f
  g_area_orientation.analyzers/analyzer/U3333/Y (MXI2X1)
                                                          0.51     113.24 r
  g_area_orientation.analyzers/analyzer/U3332/Y (MXI2X1)
                                                          0.59     113.83 f
  g_area_orientation.analyzers/analyzer/U3331/Y (INVX1)
                                                          0.64     114.47 r
  g_area_orientation.analyzers/analyzer/U3330/Y (NAND2X1)
                                                          0.97     115.44 f
  g_area_orientation.analyzers/analyzer/U3329/Y (INVX1)
                                                          1.68     117.11 r
  g_area_orientation.analyzers/analyzer/U3324/Y (NAND2X1)
                                                          1.44     118.56 f
  g_area_orientation.analyzers/analyzer/U3300/Y (NAND4X1)
                                                          0.66     119.22 r
  g_area_orientation.analyzers/analyzer/U3299/Y (INVX1)
                                                          0.33     119.55 f
  g_area_orientation.analyzers/analyzer/U3266/Y (NOR2X1)
                                                          0.28     119.83 r
  g_area_orientation.analyzers/analyzer/U3239/Y (NAND4X1)
                                                          0.41     120.24 f
  g_area_orientation.analyzers/analyzer/U3046/Y (NOR4BX1)
                                                          0.43     120.67 f
  g_area_orientation.analyzers/analyzer/U3018/Y (NAND4X1)
                                                          0.51     121.18 r
  g_area_orientation.analyzers/analyzer/U3017/Y (NAND2X1)
                                                          0.49     121.67 f
  g_area_orientation.analyzers/analyzer/U3016/Y (NAND2X1)
                                                          0.58     122.25 r
  g_area_orientation.analyzers/analyzer/U2993/Y (INVX1)
                                                          0.57     122.82 f
  g_area_orientation.analyzers/analyzer/U2983/Y (AOI211X1)
                                                          1.01     123.83 r
  g_area_orientation.analyzers/analyzer/U2982/Y (NAND2BX1)
                                                          0.73     124.56 f
  g_area_orientation.analyzers/analyzer/U2792/Y (NOR3X1)
                                                          2.32     126.88 r
  g_area_orientation.analyzers/analyzer/U2791/Y (NOR2X1)
                                                          1.17     128.05 f
  g_area_orientation.analyzers/analyzer/U2751/Y (NAND2X1)
                                                          1.80     129.85 r
  g_area_orientation.analyzers/analyzer/U2721/Y (NOR2X1)
                                                          1.28     131.13 f
  g_area_orientation.analyzers/analyzer/U2717/Y (NAND4BXL)
                                                          0.73     131.86 f
  g_area_orientation.analyzers/analyzer/U2716/Y (INVX1)
                                                          0.47     132.33 r
  g_area_orientation.analyzers/analyzer/U2715/Y (NOR2X1)
                                                          0.19     132.53 f
  g_area_orientation.analyzers/analyzer/U2687/Y (NAND4X1)
                                                          0.44     132.96 r
  g_area_orientation.analyzers/analyzer/U2661/Y (NOR4BX1)
                                                          0.68     133.64 r
  g_area_orientation.analyzers/analyzer/U2630/Y (NAND4X1)
                                                          0.68     134.32 f
  g_area_orientation.analyzers/analyzer/U2629/Y (NAND2X1)
                                                          0.76     135.07 r
  g_area_orientation.analyzers/analyzer/U2628/Y (NAND2X1)
                                                          0.51     135.58 f
  g_area_orientation.analyzers/analyzer/U2618/Y (NAND2X1)
                                                          0.59     136.17 r
  g_area_orientation.analyzers/analyzer/U2617/Y (NOR2BX1)
                                                          0.48     136.65 f
  g_area_orientation.analyzers/analyzer/U2614/Y (NAND2X1)
                                                          0.37     137.01 r
  g_area_orientation.analyzers/analyzer/U2346/Y (NAND2X1)
                                                          0.25     137.26 f
  g_area_orientation.analyzers/analyzer/U2345/Y (AOI21X1)
                                                          1.37     138.63 r
  g_area_orientation.analyzers/analyzer/U2340/Y (NAND2X1)
                                                          1.48     140.11 f
  g_area_orientation.analyzers/analyzer/U2302/Y (INVX1)
                                                          1.57     141.68 r
  g_area_orientation.analyzers/analyzer/U2301/Y (NAND2X1)
                                                          1.29     142.97 f
  g_area_orientation.analyzers/analyzer/U2300/Y (INVX1)
                                                          1.50     144.47 r
  g_area_orientation.analyzers/analyzer/U2299/Y (NOR2BX1)
                                                          0.28     144.75 f
  g_area_orientation.analyzers/analyzer/U2297/Y (NAND4X1)
                                                          0.55     145.30 r
  g_area_orientation.analyzers/analyzer/U2296/Y (NAND2X1)
                                                          0.20     145.50 f
  g_area_orientation.analyzers/analyzer/U2295/Y (AOI211X1)
                                                          0.40     145.90 r
  g_area_orientation.analyzers/analyzer/U2278/Y (NAND3X1)
                                                          0.38     146.27 f
  g_area_orientation.analyzers/analyzer/U2253/Y (NAND4BXL)
                                                          0.46     146.73 r
  g_area_orientation.analyzers/analyzer/U2246/Y (NOR3X1)
                                                          0.19     146.92 f
  g_area_orientation.analyzers/analyzer/U2225/Y (NAND4X1)
                                                          0.54     147.46 r
  g_area_orientation.analyzers/analyzer/U2224/Y (NAND2BX1)
                                                          0.43     147.89 f
  g_area_orientation.analyzers/analyzer/U2223/Y (NAND2X1)
                                                          0.65     148.55 r
  g_area_orientation.analyzers/analyzer/U2135/Y (NAND3X1)
                                                          0.32     148.87 f
  g_area_orientation.analyzers/analyzer/U2050/Y (NOR2X1)
                                                          0.43     149.30 r
  g_area_orientation.analyzers/analyzer/U2049/Y (INVX1)
                                                          0.48     149.78 f
  g_area_orientation.analyzers/analyzer/U2046/Y (NOR3X1)
                                                          2.24     152.02 r
  g_area_orientation.analyzers/analyzer/U2045/Y (NOR2X1)
                                                          1.26     153.28 f
  g_area_orientation.analyzers/analyzer/U2005/Y (NAND2X1)
                                                          1.65     154.93 r
  g_area_orientation.analyzers/analyzer/U1972/Y (INVX1)
                                                          1.22     156.15 f
  g_area_orientation.analyzers/analyzer/U1971/Y (NAND2X1)
                                                          1.62     157.78 r
  g_area_orientation.analyzers/analyzer/U1968/Y (NAND4X1)
                                                          0.47     158.25 f
  g_area_orientation.analyzers/analyzer/U1967/Y (INVX1)
                                                          0.50     158.75 r
  g_area_orientation.analyzers/analyzer/U1966/Y (NOR2X1)
                                                          0.20     158.95 f
  g_area_orientation.analyzers/analyzer/U1938/Y (NAND4X1)
                                                          0.44     159.39 r
  g_area_orientation.analyzers/analyzer/U1912/Y (NOR4BX1)
                                                          0.68     160.07 r
  g_area_orientation.analyzers/analyzer/U1884/Y (NAND4X1)
                                                          0.67     160.73 f
  g_area_orientation.analyzers/analyzer/U1883/Y (NAND2X1)
                                                          0.75     161.48 r
  g_area_orientation.analyzers/analyzer/U1851/Y (NAND2X1)
                                                          0.48     161.97 f
  g_area_orientation.analyzers/analyzer/U1844/Y (INVX1)
                                                          0.96     162.92 r
  g_area_orientation.analyzers/analyzer/U1835/Y (NOR3X1)
                                                          0.48     163.40 f
  g_area_orientation.analyzers/analyzer/U1834/Y (INVX1)
                                                          0.48     163.88 r
  g_area_orientation.analyzers/analyzer/U1832/Y (NOR2X1)
                                                          0.24     164.12 f
  g_area_orientation.analyzers/analyzer/U1675/Y (NOR2X1)
                                                          0.45     164.58 r
  g_area_orientation.analyzers/analyzer/U1674/Y (OAI21XL)
                                                          0.35     164.92 f
  g_area_orientation.analyzers/analyzer/U1673/Y (INVX1)
                                                          1.09     166.01 r
  g_area_orientation.analyzers/analyzer/U1610/Y (NAND2X1)
                                                          1.26     167.27 f
  g_area_orientation.analyzers/analyzer/U1582/Y (INVX1)
                                                          1.75     169.02 r
  g_area_orientation.analyzers/analyzer/U1577/Y (NOR2X1)
                                                          0.23     169.25 f
  g_area_orientation.analyzers/analyzer/U1550/Y (NAND4X1)
                                                          0.45     169.70 r
  g_area_orientation.analyzers/analyzer/U1523/Y (NOR4BX1)
                                                          0.68     170.38 r
  g_area_orientation.analyzers/analyzer/U1494/Y (NAND2X1)
                                                          0.65     171.03 f
  g_area_orientation.analyzers/analyzer/U1418/Y (AOI211X1)
                                                          0.46     171.49 r
  g_area_orientation.analyzers/analyzer/U1417/Y (OAI21XL)
                                                          0.58     172.07 f
  g_area_orientation.analyzers/analyzer/U1411/Y (NOR2X1)
                                                          0.96     173.03 r
  g_area_orientation.analyzers/analyzer/U1368/Y (INVX1)
                                                          0.44     173.47 f
  g_area_orientation.analyzers/analyzer/U1366/Y (NOR3X1)
                                                          2.25     175.72 r
  g_area_orientation.analyzers/analyzer/U1365/Y (NAND2BX1)
                                                          0.80     176.52 r
  g_area_orientation.analyzers/analyzer/U1322/Y (NOR2X1)
                                                          0.49     177.02 f
  g_area_orientation.analyzers/analyzer/U1295/Y (NOR3X1)
                                                          0.42     177.43 r
  g_area_orientation.analyzers/analyzer/U1294/Y (NAND4X1)
                                                          0.39     177.83 f
  g_area_orientation.analyzers/analyzer/U1292/Y (NAND4BXL)
                                                          0.35     178.17 r
  g_area_orientation.analyzers/analyzer/U1284/Y (OR4X1)
                                                          0.40     178.57 r
  g_area_orientation.analyzers/analyzer/U1258/Y (AND3X1)
                                                          0.54     179.11 r
  g_area_orientation.analyzers/analyzer/U1216/Y (NOR4BX1)
                                                          0.45     179.56 r
  g_area_orientation.analyzers/analyzer/U1215/Y (NAND3X1)
                                                          0.51     180.07 f
  g_area_orientation.analyzers/analyzer/U1214/Y (NAND3X1)
                                                          0.49     180.56 r
  g_area_orientation.analyzers/analyzer/U1062/Y (NAND2X1)
                                                          0.46     181.02 f
  g_area_orientation.analyzers/analyzer/U1058/Y (NAND2X1)
                                                          0.38     181.41 r
  g_area_orientation.analyzers/analyzer/U1057/Y (INVX1)
                                                          0.27     181.68 f
  g_area_orientation.analyzers/analyzer/U1047/Y (NAND2X1)
                                                          0.50     182.18 r
  g_area_orientation.analyzers/analyzer/U867/Y (INVX1)
                                                          0.28     182.46 f
  g_area_orientation.analyzers/analyzer/U524/Y (AOI221X1)
                                                          0.55     183.01 r
  g_area_orientation.analyzers/analyzer/U523/Y (OAI21XL)
                                                          0.56     183.57 f
  g_area_orientation.analyzers/analyzer/U522/Y (AOI22X1)
                                                          0.43     184.00 r
  g_area_orientation.analyzers/analyzer/U521/Y (INVX1)
                                                          0.15     184.14 f
  g_area_orientation.analyzers/analyzer/U520/Y (AOI222X1)
                                                          0.51     184.65 r
  g_area_orientation.analyzers/analyzer/U501/Y (NAND4BXL)
                                                          0.31     184.96 f
  g_area_orientation.analyzers/analyzer/U473/Y (OAI31X1)
                                                          0.39     185.35 r
  g_area_orientation.analyzers/analyzer/U424/Y (MXI2X1)
                                                          0.22     185.57 f
  g_area_orientation.analyzers/analyzer/U423/Y (NOR3X1)
                                                          0.35     185.93 r
  g_area_orientation.analyzers/analyzer/U3/Y (NOR4BX1)
                                                          0.64     186.57 r
  g_area_orientation.analyzers/analyzer/candidate_valid_o (config_candidate_evaluator_MAX_K5_HYBRID_ENTRY_NUM14_ROW_W10_COL_W10_CANDIDATE_W4)
                                                          0.00     186.57 r
  g_area_orientation.analyzers/U1728/Y (INVX1)            0.18     186.75 f
  g_area_orientation.analyzers/U1727/Y (AOI21X1)          0.96     187.71 r
  g_area_orientation.analyzers/U1717/Y (MXI2X1)           0.51     188.22 f
  g_area_orientation.analyzers/U1716/Y (AND2X1)           0.64     188.86 f
  g_area_orientation.analyzers/U1672/Y (MX2X1)            0.42     189.28 f
  g_area_orientation.analyzers/config_patterns_o_reg[2]/D (DFFHQX4)
                                                          0.00     189.28 f
  data arrival time                                                189.28

  clock clk (rise edge)                                  20.00      20.00
  clock network delay (ideal)                             0.00      20.00
  clock uncertainty                                      -0.10      19.90
  g_area_orientation.analyzers/config_patterns_o_reg[2]/CK (DFFHQX4)
                                                          0.00      19.90 r
  library setup time                                     -0.33      19.57
  data required time                                                19.57
  --------------------------------------------------------------------------
  data required time                                                19.57
  data arrival time                                               -189.28
  --------------------------------------------------------------------------
  slack (VIOLATED)                                                -169.71


  Startpoint: g_area_orientation.analyzers/active_cfg_reg[0]
              (rising edge-triggered flip-flop clocked by clk)
  Endpoint: g_area_orientation.analyzers/config_patterns_o_reg[1]
            (rising edge-triggered flip-flop clocked by clk)
  Path Group: clk
  Path Type: max

  Des/Clust/Port     Wire Load Model       Library
  ------------------------------------------------
  dss_analyzer_top_PARALLEL_ORIENTATION0
                     tsmc18_wl10           slow

  Point                                                   Incr       Path
  --------------------------------------------------------------------------
  clock clk (rise edge)                                   0.00       0.00
  clock network delay (ideal)                             0.00       0.00
  g_area_orientation.analyzers/active_cfg_reg[0]/CK (DFFHQX4)
                                                          0.00       0.00 r
  g_area_orientation.analyzers/active_cfg_reg[0]/Q (DFFHQX4)
                                                          0.59       0.59 r
  g_area_orientation.analyzers/view/config_id_i[0] (config_logical_view_MAX_K5_NUM_CFG7_HYBRID_ENTRY_NUM14_ADDR_W10_PTR_W3)
                                                          0.00       0.59 r
  g_area_orientation.analyzers/view/U2122/Y (INVX1)       1.80       2.39 f
  g_area_orientation.analyzers/view/U1506/Y (NOR3X1)      6.56       8.96 r
  g_area_orientation.analyzers/view/U88/Y (AOI22X1)       0.06       9.01 f
  g_area_orientation.analyzers/view/U87/Y (NAND4X1)       2.36      11.37 r
  g_area_orientation.analyzers/view/pivot_valid_o[0] (config_logical_view_MAX_K5_NUM_CFG7_HYBRID_ENTRY_NUM14_ADDR_W10_PTR_W3)
                                                          0.00      11.37 r
  g_area_orientation.analyzers/analyzer/pivot_valid_i[0] (config_candidate_evaluator_MAX_K5_HYBRID_ENTRY_NUM14_ROW_W10_COL_W10_CANDIDATE_W4)
                                                          0.00      11.37 r
  g_area_orientation.analyzers/analyzer/U6064/Y (XOR2X1)
                                                          1.09      12.46 r
  g_area_orientation.analyzers/analyzer/U6054/Y (XOR2X1)
                                                          0.51      12.97 r
  g_area_orientation.analyzers/analyzer/U6053/Y (NAND2X1)
                                                          0.30      13.27 f
  g_area_orientation.analyzers/analyzer/U6052/Y (OAI21XL)
                                                          1.42      14.68 r
  g_area_orientation.analyzers/analyzer/U6051/Y (INVX1)
                                                          0.80      15.49 f
  g_area_orientation.analyzers/analyzer/U6049/Y (NAND2X1)
                                                          2.00      17.49 r
  g_area_orientation.analyzers/analyzer/U6048/Y (INVX1)
                                                          0.66      18.15 f
  g_area_orientation.analyzers/analyzer/U6046/Y (NAND2X1)
                                                          0.56      18.71 r
  g_area_orientation.analyzers/analyzer/U6045/Y (INVX1)
                                                          0.27      18.98 f
  g_area_orientation.analyzers/analyzer/U5910/Y (NOR4BX1)
                                                          0.44      19.41 r
  g_area_orientation.analyzers/analyzer/U5909/Y (NAND4X1)
                                                          0.33      19.74 f
  g_area_orientation.analyzers/analyzer/U5901/Y (NAND4X1)
                                                          0.23      19.97 r
  g_area_orientation.analyzers/analyzer/U5881/Y (NAND4BXL)
                                                          0.45      20.42 r
  g_area_orientation.analyzers/analyzer/U5880/Y (NAND2X1)
                                                          0.41      20.83 f
  g_area_orientation.analyzers/analyzer/U5860/Y (NAND4BBX1)
                                                          0.42      21.25 f
  g_area_orientation.analyzers/analyzer/U5856/Y (OR4X1)
                                                          0.56      21.81 f
  g_area_orientation.analyzers/analyzer/U5840/Y (NAND2X1)
                                                          0.69      22.49 r
  g_area_orientation.analyzers/analyzer/U5838/Y (NOR4BX1)
                                                          0.26      22.76 f
  g_area_orientation.analyzers/analyzer/U5837/Y (NAND4X1)
                                                          0.44      23.20 r
  g_area_orientation.analyzers/analyzer/U5836/Y (INVX1)
                                                          0.38      23.58 f
  g_area_orientation.analyzers/analyzer/U5835/Y (NOR3X1)
                                                          1.13      24.71 r
  g_area_orientation.analyzers/analyzer/U5834/Y (INVX1)
                                                          0.35      25.06 f
  g_area_orientation.analyzers/analyzer/U5828/Y (NAND2X1)
                                                          0.63      25.69 r
  g_area_orientation.analyzers/analyzer/U5827/Y (NAND2X1)
                                                          0.37      26.06 f
  g_area_orientation.analyzers/analyzer/U5819/Y (NOR3X1)
                                                          1.15      27.21 r
  g_area_orientation.analyzers/analyzer/U5757/Y (INVX1)
                                                          0.35      27.56 f
  g_area_orientation.analyzers/analyzer/U5744/Y (OAI21XL)
                                                          2.26      29.82 r
  g_area_orientation.analyzers/analyzer/U5712/Y (OAI22X1)
                                                          0.30      30.12 f
  g_area_orientation.analyzers/analyzer/U5711/Y (INVX1)
                                                          0.40      30.52 r
  g_area_orientation.analyzers/analyzer/U5710/Y (XOR2X1)
                                                          0.40      30.92 r
  g_area_orientation.analyzers/analyzer/U5706/Y (NAND3X1)
                                                          0.17      31.09 f
  g_area_orientation.analyzers/analyzer/U5696/Y (NOR4X1)
                                                          0.34      31.42 r
  g_area_orientation.analyzers/analyzer/U5695/Y (NAND4X1)
                                                          0.32      31.74 f
  g_area_orientation.analyzers/analyzer/U5694/Y (INVX1)
                                                          0.43      32.17 r
  g_area_orientation.analyzers/analyzer/U5689/Y (NOR3X1)
                                                          0.21      32.38 f
  g_area_orientation.analyzers/analyzer/U5688/Y (NAND4X1)
                                                          0.39      32.77 r
  g_area_orientation.analyzers/analyzer/U5687/Y (INVX1)
                                                          0.23      33.00 f
  g_area_orientation.analyzers/analyzer/U5686/Y (NOR4BX1)
                                                          0.66      33.66 r
  g_area_orientation.analyzers/analyzer/U5654/Y (NAND2X1)
                                                          0.49      34.15 f
  g_area_orientation.analyzers/analyzer/U5497/Y (NAND2X1)
                                                          0.64      34.79 r
  g_area_orientation.analyzers/analyzer/U5496/Y (INVX1)
                                                          0.55      35.34 f
  g_area_orientation.analyzers/analyzer/U5495/Y (AOI211X1)
                                                          1.00      36.34 r
  g_area_orientation.analyzers/analyzer/U5494/Y (NAND2BX1)
                                                          0.80      37.15 f
  g_area_orientation.analyzers/analyzer/U5294/Y (NOR2X1)
                                                          0.68      37.83 r
  g_area_orientation.analyzers/analyzer/U5293/Y (NOR2BX1)
                                                          1.80      39.62 r
  g_area_orientation.analyzers/analyzer/U5292/Y (NOR2X1)
                                                          1.07      40.69 f
  g_area_orientation.analyzers/analyzer/U5268/Y (NAND2X1)
                                                          1.57      42.26 r
  g_area_orientation.analyzers/analyzer/U5267/Y (INVX1)
                                                          1.16      43.42 f
  g_area_orientation.analyzers/analyzer/U5230/Y (NOR2X1)
                                                          0.46      43.88 r
  g_area_orientation.analyzers/analyzer/U5203/Y (NAND4X1)
                                                          0.41      44.29 f
  g_area_orientation.analyzers/analyzer/U5176/Y (NOR4BX1)
                                                          0.43      44.72 f
  g_area_orientation.analyzers/analyzer/U5149/Y (NAND4X1)
                                                          0.51      45.23 r
  g_area_orientation.analyzers/analyzer/U5148/Y (NAND2X1)
                                                          0.49      45.72 f
  g_area_orientation.analyzers/analyzer/U5147/Y (NAND2X1)
                                                          0.50      46.22 r
  g_area_orientation.analyzers/analyzer/U5146/Y (INVX1)
                                                          0.58      46.80 f
  g_area_orientation.analyzers/analyzer/U5135/Y (AOI211X1)
                                                          1.00      47.79 r
  g_area_orientation.analyzers/analyzer/U5134/Y (NOR2BX1)
                                                          0.47      48.26 r
  g_area_orientation.analyzers/analyzer/U5133/Y (INVX1)
                                                          0.41      48.67 f
  g_area_orientation.analyzers/analyzer/U4928/Y (NOR2BX1)
                                                          0.61      49.28 r
  g_area_orientation.analyzers/analyzer/U4927/Y (NAND2X1)
                                                          0.97      50.24 f
  g_area_orientation.analyzers/analyzer/U4926/Y (NAND2X1)
                                                          0.94      51.18 r
  g_area_orientation.analyzers/analyzer/U4925/Y (INVX1)
                                                          0.52      51.70 f
  g_area_orientation.analyzers/analyzer/U4866/Y (NAND2X1)
                                                          1.43      53.13 r
  g_area_orientation.analyzers/analyzer/U4865/Y (INVX1)
                                                          1.22      54.35 f
  g_area_orientation.analyzers/analyzer/U4864/Y (NOR3X1)
                                                          0.48      54.83 r
  g_area_orientation.analyzers/analyzer/U4863/Y (NAND4X1)
                                                          0.40      55.23 f
  g_area_orientation.analyzers/analyzer/U4862/Y (OAI21XL)
                                                          0.31      55.54 r
  g_area_orientation.analyzers/analyzer/U4834/Y (NAND4BXL)
                                                          0.46      56.00 r
  g_area_orientation.analyzers/analyzer/U4832/Y (NAND3X1)
                                                          0.39      56.39 f
  g_area_orientation.analyzers/analyzer/U4831/Y (INVX1)
                                                          0.35      56.74 r
  g_area_orientation.analyzers/analyzer/U4830/Y (NAND3X1)
                                                          0.17      56.90 f
  g_area_orientation.analyzers/analyzer/U4784/Y (OR4X1)
                                                          0.74      57.64 f
  g_area_orientation.analyzers/analyzer/U4783/Y (NAND3X1)
                                                          0.51      58.15 r
  g_area_orientation.analyzers/analyzer/U4780/Y (NAND2X1)
                                                          0.34      58.49 f
  g_area_orientation.analyzers/analyzer/U4779/Y (INVX1)
                                                          0.81      59.30 r
  g_area_orientation.analyzers/analyzer/U4771/Y (AOI211X1)
                                                          0.44      59.74 f
  g_area_orientation.analyzers/analyzer/U4770/Y (INVX1)
                                                          0.56      60.30 r
  g_area_orientation.analyzers/analyzer/U4769/Y (OR2X1)
                                                          0.85      61.14 r
  g_area_orientation.analyzers/analyzer/U4595/Y (NOR2X1)
                                                          0.32      61.47 f
  g_area_orientation.analyzers/analyzer/U4594/Y (NAND2X1)
                                                          1.21      62.68 r
  g_area_orientation.analyzers/analyzer/U4593/Y (NAND2X1)
                                                          0.64      63.31 f
  g_area_orientation.analyzers/analyzer/U4592/Y (INVX1)
                                                          0.82      64.14 r
  g_area_orientation.analyzers/analyzer/U4518/Y (NAND2X1)
                                                          1.15      65.28 f
  g_area_orientation.analyzers/analyzer/U4517/Y (INVX1)
                                                          1.62      66.90 r
  g_area_orientation.analyzers/analyzer/U4516/Y (NOR3X1)
                                                          0.34      67.24 f
  g_area_orientation.analyzers/analyzer/U4515/Y (NAND4X1)
                                                          0.49      67.72 r
  g_area_orientation.analyzers/analyzer/U4514/Y (OAI21XL)
                                                          0.27      67.99 f
  g_area_orientation.analyzers/analyzer/U4487/Y (NAND4BXL)
                                                          0.54      68.53 f
  g_area_orientation.analyzers/analyzer/U4485/Y (NAND3X1)
                                                          0.44      68.97 r
  g_area_orientation.analyzers/analyzer/U4484/Y (INVX1)
                                                          0.25      69.21 f
  g_area_orientation.analyzers/analyzer/U4483/Y (NAND3X1)
                                                          0.22      69.43 r
  g_area_orientation.analyzers/analyzer/U4433/Y (OR4X1)
                                                          0.56      69.99 r
  g_area_orientation.analyzers/analyzer/U4432/Y (NAND3X1)
                                                          0.56      70.55 f
  g_area_orientation.analyzers/analyzer/U4431/Y (NAND2X1)
                                                          0.60      71.15 r
  g_area_orientation.analyzers/analyzer/U4430/Y (INVX1)
                                                          0.57      71.72 f
  g_area_orientation.analyzers/analyzer/U4417/Y (AOI211X1)
                                                          1.01      72.73 r
  g_area_orientation.analyzers/analyzer/U4416/Y (NAND2BX1)
                                                          0.66      73.39 f
  g_area_orientation.analyzers/analyzer/U4388/Y (NOR2BX1)
                                                          0.67      74.06 r
  g_area_orientation.analyzers/analyzer/U4387/Y (NAND2X1)
                                                          0.97      75.02 f
  g_area_orientation.analyzers/analyzer/U4386/Y (NAND2X1)
                                                          1.05      76.07 r
  g_area_orientation.analyzers/analyzer/U4346/Y (INVX1)
                                                          0.54      76.61 f
  g_area_orientation.analyzers/analyzer/U4340/Y (NAND2X1)
                                                          1.45      78.06 r
  g_area_orientation.analyzers/analyzer/U4339/Y (INVX1)
                                                          1.29      79.35 f
  g_area_orientation.analyzers/analyzer/U4338/Y (NOR3X1)
                                                          0.48      79.83 r
  g_area_orientation.analyzers/analyzer/U4337/Y (NAND4X1)
                                                          0.40      80.24 f
  g_area_orientation.analyzers/analyzer/U4336/Y (OAI21XL)
                                                          0.31      80.54 r
  g_area_orientation.analyzers/analyzer/U4308/Y (NAND4BXL)
                                                          0.46      81.00 r
  g_area_orientation.analyzers/analyzer/U4306/Y (NAND3X1)
                                                          0.39      81.39 f
  g_area_orientation.analyzers/analyzer/U4305/Y (INVX1)
                                                          0.35      81.74 r
  g_area_orientation.analyzers/analyzer/U4304/Y (NAND3X1)
                                                          0.17      81.91 f
  g_area_orientation.analyzers/analyzer/U4257/Y (OR4X1)
                                                          0.80      82.71 f
  g_area_orientation.analyzers/analyzer/U4256/Y (NAND3X1)
                                                          0.61      83.32 r
  g_area_orientation.analyzers/analyzer/U4084/Y (NAND2X1)
                                                          0.42      83.73 f
  g_area_orientation.analyzers/analyzer/U4083/Y (INVX1)
                                                          0.85      84.58 r
  g_area_orientation.analyzers/analyzer/U4075/Y (AOI211X1)
                                                          0.51      85.09 f
  g_area_orientation.analyzers/analyzer/U4071/Y (NOR2BX1)
                                                          0.52      85.61 f
  g_area_orientation.analyzers/analyzer/U4070/Y (INVX1)
                                                          0.59      86.20 r
  g_area_orientation.analyzers/analyzer/U4053/Y (NOR2BX1)
                                                          0.39      86.59 f
  g_area_orientation.analyzers/analyzer/U3847/Y (NAND2X1)
                                                          1.18      87.78 r
  g_area_orientation.analyzers/analyzer/U3846/Y (NAND2X1)
                                                          0.80      88.57 f
  g_area_orientation.analyzers/analyzer/U3804/Y (INVX1)
                                                          0.89      89.46 r
  g_area_orientation.analyzers/analyzer/U3801/Y (NAND2X1)
                                                          1.01      90.47 f
  g_area_orientation.analyzers/analyzer/U3800/Y (INVX1)
                                                          1.79      92.26 r
  g_area_orientation.analyzers/analyzer/U3799/Y (NOR3X1)
                                                          0.36      92.62 f
  g_area_orientation.analyzers/analyzer/U3798/Y (NAND4X1)
                                                          0.50      93.12 r
  g_area_orientation.analyzers/analyzer/U3797/Y (OAI21XL)
                                                          0.27      93.38 f
  g_area_orientation.analyzers/analyzer/U3770/Y (NAND4BXL)
                                                          0.55      93.93 f
  g_area_orientation.analyzers/analyzer/U3768/Y (NAND3X1)
                                                          0.44      94.37 r
  g_area_orientation.analyzers/analyzer/U3767/Y (INVX1)
                                                          0.25      94.62 f
  g_area_orientation.analyzers/analyzer/U3766/Y (NAND3X1)
                                                          0.22      94.84 r
  g_area_orientation.analyzers/analyzer/U3726/Y (OR4X1)
                                                          0.64      95.48 r
  g_area_orientation.analyzers/analyzer/U3725/Y (NAND3X1)
                                                          0.59      96.07 f
  g_area_orientation.analyzers/analyzer/U3724/Y (NAND2X1)
                                                          0.51      96.58 r
  g_area_orientation.analyzers/analyzer/U3723/Y (INVX1)
                                                          0.59      97.17 f
  g_area_orientation.analyzers/analyzer/U3715/Y (AOI211X1)
                                                          1.02      98.19 r
  g_area_orientation.analyzers/analyzer/U3714/Y (NAND2BX1)
                                                          0.67      98.86 f
  g_area_orientation.analyzers/analyzer/U3708/Y (NOR2X1)
                                                          0.64      99.50 r
  g_area_orientation.analyzers/analyzer/U3707/Y (AND2X1)
                                                          1.30     100.80 r
  g_area_orientation.analyzers/analyzer/U3706/Y (NOR2X1)
                                                          0.78     101.59 f
  g_area_orientation.analyzers/analyzer/U3679/Y (NAND2X1)
                                                          1.52     103.11 r
  g_area_orientation.analyzers/analyzer/U3649/Y (INVX1)
                                                          1.23     104.34 f
  g_area_orientation.analyzers/analyzer/U3648/Y (NAND2X1)
                                                          1.63     105.97 r
  g_area_orientation.analyzers/analyzer/U3644/Y (NAND4X1)
                                                          0.47     106.44 f
  g_area_orientation.analyzers/analyzer/U3643/Y (INVX1)
                                                          0.50     106.94 r
  g_area_orientation.analyzers/analyzer/U3642/Y (NOR2X1)
                                                          0.20     107.14 f
  g_area_orientation.analyzers/analyzer/U3615/Y (NAND4X1)
                                                          0.44     107.58 r
  g_area_orientation.analyzers/analyzer/U3590/Y (NOR4BX1)
                                                          0.68     108.26 r
  g_area_orientation.analyzers/analyzer/U3561/Y (NAND4X1)
                                                          0.67     108.93 f
  g_area_orientation.analyzers/analyzer/U3560/Y (NAND2X1)
                                                          0.58     109.50 r
  g_area_orientation.analyzers/analyzer/U3386/Y (NAND2X1)
                                                          0.43     109.93 f
  g_area_orientation.analyzers/analyzer/U3385/Y (INVX1)
                                                          0.84     110.77 r
  g_area_orientation.analyzers/analyzer/U3377/Y (AOI211X1)
                                                          0.35     111.12 f
  g_area_orientation.analyzers/analyzer/U3376/Y (INVX1)
                                                          0.47     111.59 r
  g_area_orientation.analyzers/analyzer/U3372/Y (NOR2X1)
                                                          0.26     111.84 f
  g_area_orientation.analyzers/analyzer/U3335/Y (INVX1)
                                                          0.66     112.51 r
  g_area_orientation.analyzers/analyzer/U3334/Y (NOR2X1)
                                                          0.23     112.73 f
  g_area_orientation.analyzers/analyzer/U3333/Y (MXI2X1)
                                                          0.51     113.24 r
  g_area_orientation.analyzers/analyzer/U3332/Y (MXI2X1)
                                                          0.59     113.83 f
  g_area_orientation.analyzers/analyzer/U3331/Y (INVX1)
                                                          0.64     114.47 r
  g_area_orientation.analyzers/analyzer/U3330/Y (NAND2X1)
                                                          0.97     115.44 f
  g_area_orientation.analyzers/analyzer/U3329/Y (INVX1)
                                                          1.68     117.11 r
  g_area_orientation.analyzers/analyzer/U3324/Y (NAND2X1)
                                                          1.44     118.56 f
  g_area_orientation.analyzers/analyzer/U3300/Y (NAND4X1)
                                                          0.66     119.22 r
  g_area_orientation.analyzers/analyzer/U3299/Y (INVX1)
                                                          0.33     119.55 f
  g_area_orientation.analyzers/analyzer/U3266/Y (NOR2X1)
                                                          0.28     119.83 r
  g_area_orientation.analyzers/analyzer/U3239/Y (NAND4X1)
                                                          0.41     120.24 f
  g_area_orientation.analyzers/analyzer/U3046/Y (NOR4BX1)
                                                          0.43     120.67 f
  g_area_orientation.analyzers/analyzer/U3018/Y (NAND4X1)
                                                          0.51     121.18 r
  g_area_orientation.analyzers/analyzer/U3017/Y (NAND2X1)
                                                          0.49     121.67 f
  g_area_orientation.analyzers/analyzer/U3016/Y (NAND2X1)
                                                          0.58     122.25 r
  g_area_orientation.analyzers/analyzer/U2993/Y (INVX1)
                                                          0.57     122.82 f
  g_area_orientation.analyzers/analyzer/U2983/Y (AOI211X1)
                                                          1.01     123.83 r
  g_area_orientation.analyzers/analyzer/U2982/Y (NAND2BX1)
                                                          0.73     124.56 f
  g_area_orientation.analyzers/analyzer/U2792/Y (NOR3X1)
                                                          2.32     126.88 r
  g_area_orientation.analyzers/analyzer/U2791/Y (NOR2X1)
                                                          1.17     128.05 f
  g_area_orientation.analyzers/analyzer/U2751/Y (NAND2X1)
                                                          1.80     129.85 r
  g_area_orientation.analyzers/analyzer/U2721/Y (NOR2X1)
                                                          1.28     131.13 f
  g_area_orientation.analyzers/analyzer/U2717/Y (NAND4BXL)
                                                          0.73     131.86 f
  g_area_orientation.analyzers/analyzer/U2716/Y (INVX1)
                                                          0.47     132.33 r
  g_area_orientation.analyzers/analyzer/U2715/Y (NOR2X1)
                                                          0.19     132.53 f
  g_area_orientation.analyzers/analyzer/U2687/Y (NAND4X1)
                                                          0.44     132.96 r
  g_area_orientation.analyzers/analyzer/U2661/Y (NOR4BX1)
                                                          0.68     133.64 r
  g_area_orientation.analyzers/analyzer/U2630/Y (NAND4X1)
                                                          0.68     134.32 f
  g_area_orientation.analyzers/analyzer/U2629/Y (NAND2X1)
                                                          0.76     135.07 r
  g_area_orientation.analyzers/analyzer/U2628/Y (NAND2X1)
                                                          0.51     135.58 f
  g_area_orientation.analyzers/analyzer/U2618/Y (NAND2X1)
                                                          0.59     136.17 r
  g_area_orientation.analyzers/analyzer/U2617/Y (NOR2BX1)
                                                          0.48     136.65 f
  g_area_orientation.analyzers/analyzer/U2614/Y (NAND2X1)
                                                          0.37     137.01 r
  g_area_orientation.analyzers/analyzer/U2346/Y (NAND2X1)
                                                          0.25     137.26 f
  g_area_orientation.analyzers/analyzer/U2345/Y (AOI21X1)
                                                          1.37     138.63 r
  g_area_orientation.analyzers/analyzer/U2340/Y (NAND2X1)
                                                          1.48     140.11 f
  g_area_orientation.analyzers/analyzer/U2302/Y (INVX1)
                                                          1.57     141.68 r
  g_area_orientation.analyzers/analyzer/U2301/Y (NAND2X1)
                                                          1.29     142.97 f
  g_area_orientation.analyzers/analyzer/U2300/Y (INVX1)
                                                          1.50     144.47 r
  g_area_orientation.analyzers/analyzer/U2299/Y (NOR2BX1)
                                                          0.28     144.75 f
  g_area_orientation.analyzers/analyzer/U2297/Y (NAND4X1)
                                                          0.55     145.30 r
  g_area_orientation.analyzers/analyzer/U2296/Y (NAND2X1)
                                                          0.20     145.50 f
  g_area_orientation.analyzers/analyzer/U2295/Y (AOI211X1)
                                                          0.40     145.90 r
  g_area_orientation.analyzers/analyzer/U2278/Y (NAND3X1)
                                                          0.38     146.27 f
  g_area_orientation.analyzers/analyzer/U2253/Y (NAND4BXL)
                                                          0.46     146.73 r
  g_area_orientation.analyzers/analyzer/U2246/Y (NOR3X1)
                                                          0.19     146.92 f
  g_area_orientation.analyzers/analyzer/U2225/Y (NAND4X1)
                                                          0.54     147.46 r
  g_area_orientation.analyzers/analyzer/U2224/Y (NAND2BX1)
                                                          0.43     147.89 f
  g_area_orientation.analyzers/analyzer/U2223/Y (NAND2X1)
                                                          0.65     148.55 r
  g_area_orientation.analyzers/analyzer/U2135/Y (NAND3X1)
                                                          0.32     148.87 f
  g_area_orientation.analyzers/analyzer/U2050/Y (NOR2X1)
                                                          0.43     149.30 r
  g_area_orientation.analyzers/analyzer/U2049/Y (INVX1)
                                                          0.48     149.78 f
  g_area_orientation.analyzers/analyzer/U2046/Y (NOR3X1)
                                                          2.24     152.02 r
  g_area_orientation.analyzers/analyzer/U2045/Y (NOR2X1)
                                                          1.26     153.28 f
  g_area_orientation.analyzers/analyzer/U2005/Y (NAND2X1)
                                                          1.65     154.93 r
  g_area_orientation.analyzers/analyzer/U1972/Y (INVX1)
                                                          1.22     156.15 f
  g_area_orientation.analyzers/analyzer/U1971/Y (NAND2X1)
                                                          1.62     157.78 r
  g_area_orientation.analyzers/analyzer/U1968/Y (NAND4X1)
                                                          0.47     158.25 f
  g_area_orientation.analyzers/analyzer/U1967/Y (INVX1)
                                                          0.50     158.75 r
  g_area_orientation.analyzers/analyzer/U1966/Y (NOR2X1)
                                                          0.20     158.95 f
  g_area_orientation.analyzers/analyzer/U1938/Y (NAND4X1)
                                                          0.44     159.39 r
  g_area_orientation.analyzers/analyzer/U1912/Y (NOR4BX1)
                                                          0.68     160.07 r
  g_area_orientation.analyzers/analyzer/U1884/Y (NAND4X1)
                                                          0.67     160.73 f
  g_area_orientation.analyzers/analyzer/U1883/Y (NAND2X1)
                                                          0.75     161.48 r
  g_area_orientation.analyzers/analyzer/U1851/Y (NAND2X1)
                                                          0.48     161.97 f
  g_area_orientation.analyzers/analyzer/U1844/Y (INVX1)
                                                          0.96     162.92 r
  g_area_orientation.analyzers/analyzer/U1835/Y (NOR3X1)
                                                          0.48     163.40 f
  g_area_orientation.analyzers/analyzer/U1834/Y (INVX1)
                                                          0.48     163.88 r
  g_area_orientation.analyzers/analyzer/U1832/Y (NOR2X1)
                                                          0.24     164.12 f
  g_area_orientation.analyzers/analyzer/U1675/Y (NOR2X1)
                                                          0.45     164.58 r
  g_area_orientation.analyzers/analyzer/U1674/Y (OAI21XL)
                                                          0.35     164.92 f
  g_area_orientation.analyzers/analyzer/U1673/Y (INVX1)
                                                          1.09     166.01 r
  g_area_orientation.analyzers/analyzer/U1610/Y (NAND2X1)
                                                          1.26     167.27 f
  g_area_orientation.analyzers/analyzer/U1582/Y (INVX1)
                                                          1.75     169.02 r
  g_area_orientation.analyzers/analyzer/U1577/Y (NOR2X1)
                                                          0.23     169.25 f
  g_area_orientation.analyzers/analyzer/U1550/Y (NAND4X1)
                                                          0.45     169.70 r
  g_area_orientation.analyzers/analyzer/U1523/Y (NOR4BX1)
                                                          0.68     170.38 r
  g_area_orientation.analyzers/analyzer/U1494/Y (NAND2X1)
                                                          0.65     171.03 f
  g_area_orientation.analyzers/analyzer/U1418/Y (AOI211X1)
                                                          0.46     171.49 r
  g_area_orientation.analyzers/analyzer/U1417/Y (OAI21XL)
                                                          0.58     172.07 f
  g_area_orientation.analyzers/analyzer/U1411/Y (NOR2X1)
                                                          0.96     173.03 r
  g_area_orientation.analyzers/analyzer/U1368/Y (INVX1)
                                                          0.44     173.47 f
  g_area_orientation.analyzers/analyzer/U1366/Y (NOR3X1)
                                                          2.25     175.72 r
  g_area_orientation.analyzers/analyzer/U1365/Y (NAND2BX1)
                                                          0.80     176.52 r
  g_area_orientation.analyzers/analyzer/U1322/Y (NOR2X1)
                                                          0.49     177.02 f
  g_area_orientation.analyzers/analyzer/U1295/Y (NOR3X1)
                                                          0.42     177.43 r
  g_area_orientation.analyzers/analyzer/U1294/Y (NAND4X1)
                                                          0.39     177.83 f
  g_area_orientation.analyzers/analyzer/U1292/Y (NAND4BXL)
                                                          0.35     178.17 r
  g_area_orientation.analyzers/analyzer/U1284/Y (OR4X1)
                                                          0.40     178.57 r
  g_area_orientation.analyzers/analyzer/U1258/Y (AND3X1)
                                                          0.54     179.11 r
  g_area_orientation.analyzers/analyzer/U1216/Y (NOR4BX1)
                                                          0.45     179.56 r
  g_area_orientation.analyzers/analyzer/U1215/Y (NAND3X1)
                                                          0.51     180.07 f
  g_area_orientation.analyzers/analyzer/U1214/Y (NAND3X1)
                                                          0.49     180.56 r
  g_area_orientation.analyzers/analyzer/U1062/Y (NAND2X1)
                                                          0.46     181.02 f
  g_area_orientation.analyzers/analyzer/U1058/Y (NAND2X1)
                                                          0.38     181.41 r
  g_area_orientation.analyzers/analyzer/U1057/Y (INVX1)
                                                          0.27     181.68 f
  g_area_orientation.analyzers/analyzer/U1047/Y (NAND2X1)
                                                          0.50     182.18 r
  g_area_orientation.analyzers/analyzer/U867/Y (INVX1)
                                                          0.28     182.46 f
  g_area_orientation.analyzers/analyzer/U524/Y (AOI221X1)
                                                          0.55     183.01 r
  g_area_orientation.analyzers/analyzer/U523/Y (OAI21XL)
                                                          0.56     183.57 f
  g_area_orientation.analyzers/analyzer/U522/Y (AOI22X1)
                                                          0.43     184.00 r
  g_area_orientation.analyzers/analyzer/U521/Y (INVX1)
                                                          0.15     184.14 f
  g_area_orientation.analyzers/analyzer/U520/Y (AOI222X1)
                                                          0.51     184.65 r
  g_area_orientation.analyzers/analyzer/U501/Y (NAND4BXL)
                                                          0.31     184.96 f
  g_area_orientation.analyzers/analyzer/U473/Y (OAI31X1)
                                                          0.39     185.35 r
  g_area_orientation.analyzers/analyzer/U424/Y (MXI2X1)
                                                          0.22     185.57 f
  g_area_orientation.analyzers/analyzer/U423/Y (NOR3X1)
                                                          0.35     185.93 r
  g_area_orientation.analyzers/analyzer/U3/Y (NOR4BX1)
                                                          0.64     186.57 r
  g_area_orientation.analyzers/analyzer/candidate_valid_o (config_candidate_evaluator_MAX_K5_HYBRID_ENTRY_NUM14_ROW_W10_COL_W10_CANDIDATE_W4)
                                                          0.00     186.57 r
  g_area_orientation.analyzers/U1728/Y (INVX1)            0.18     186.75 f
  g_area_orientation.analyzers/U1727/Y (AOI21X1)          0.96     187.71 r
  g_area_orientation.analyzers/U1712/Y (MXI2X1)           0.51     188.22 f
  g_area_orientation.analyzers/U1711/Y (AND2X1)           0.64     188.86 f
  g_area_orientation.analyzers/U1671/Y (MX2X1)            0.42     189.28 f
  g_area_orientation.analyzers/config_patterns_o_reg[1]/D (DFFHQX4)
                                                          0.00     189.28 f
  data arrival time                                                189.28

  clock clk (rise edge)                                  20.00      20.00
  clock network delay (ideal)                             0.00      20.00
  clock uncertainty                                      -0.10      19.90
  g_area_orientation.analyzers/config_patterns_o_reg[1]/CK (DFFHQX4)
                                                          0.00      19.90 r
  library setup time                                     -0.33      19.57
  data required time                                                19.57
  --------------------------------------------------------------------------
  data required time                                                19.57
  data arrival time                                               -189.28
  --------------------------------------------------------------------------
  slack (VIOLATED)                                                -169.71


1
