 
****************************************
Report : reference
Design : recam_n2_preopt_group_top
Version: W-2024.09-SP2
Date   : Thu Sep 24 10:54:55 2026
****************************************

Attributes:
    b - black box (unknown)
   bo - allows boundary optimization
    d - dont_touch
   mo - map_only
    h - hierarchical
    n - noncombinational
    r - removable
    s - synthetic operator
    u - contains unmapped logic

Reference          Library       Unit Area   Count    Total Area   Attributes
-----------------------------------------------------------------------------
AND2X2             slow          13.305600       7     93.139201  
AND3X2             slow          16.632000       4     66.528000  
AOI2BB2X1          slow          23.284800      88   2049.062363  
AOI21X1            slow          13.305600       3     39.916800  
AOI22X1            slow          16.632000     484   8049.887985  
AOI22XL            slow          16.632000      25    415.799999  
AOI211X1           slow          16.632000       1     16.632000  
AOI221X1           slow          23.284800       1     23.284800  
BUFX3              slow          13.305600       1     13.305600  
DFFHQX1            slow          53.222401     925  49230.720615  n
DFFHQX2            slow          66.528000       8    532.223999  n
DFFXL              slow          56.548801     220  12440.736313  n
DLY1X1             slow          19.958401       1     19.958401  
INVX1              slow           6.652800    1765  11742.192147  
NAND2X1            slow           9.979200       2     19.958401  
NAND2XL            slow           9.979200       2     19.958401  
NAND3X1            slow          13.305600      91   1210.809615  
NAND3X4            slow          33.264000       1     33.264000  
NOR2X1             slow           9.979200       8     79.833603  
NOR2XL             slow           9.979200       3     29.937601  
NOR3X1             slow          13.305600       2     26.611200  
NOR4BX1            slow          19.958401       1     19.958401  
OAI2BB1X1          slow          16.632000       1     16.632000  
OAI2BB2X1          slow          23.284800     653  15204.974123  
OAI21XL            slow          13.305600       1     13.305600  
OAI22X1            slow          19.958401       2     39.916801  
OAI31X1            slow          19.958401       2     39.916801  
OAI32X1            slow          23.284800       1     23.284800  
OAI221XL           slow          23.284800      23    535.550390  
OR2X2              slow          13.305600     178   2368.396830  
OR4X2              slow          19.958401       1     19.958401  
dss_group_pivot_address_regs_ROW_ADDR_W9_PHYS_COL_ADDR_W13
                              43988.314774       1  43988.314774  h, n
recam_dss_grid2x2_directional_rs2_cs2_m1_normalized_group_global_noscratch_atomic_group_commit
                               5774.630482       1   5774.630482  h, n
recam_dss_grid2x2_directional_rs2_cs2_m1_normalized_group_global_noscratch_opt1_classcollapsed_core
                              176651.800564
                                                 1  176651.800564 h, n
recam_n2_preopt_candidate_map_producer_ROW_ADDR_W9_PHYS_COL_ADDR_W13_WORD_COL_ADDR_W5_HYBRID_LINE_ADDR_W13_HYBRID_ENTRIES7
                              721173.505202
                                                 1  721173.505202 h, n
recam_n2_preopt_canonical_path_selector
                              14782.521698       1  14782.521698  h
-----------------------------------------------------------------------------
Total 36 references                                 1066806.427911

****************************************
Design: dss_group_pivot_address_regs_ROW_ADDR_W9_PHYS_COL_ADDR_W13 
****************************************
Reference          Library       Unit Area   Count    Total Area   Attributes
-----------------------------------------------------------------------------
AND2X2             slow          13.305600       7     93.139201  
AOI2BB1X1          slow          16.632000       3     49.896000  
AOI2BB2X1          slow          23.284800       4     93.139198  
AOI21X1            slow          13.305600       9    119.750401  
AOI21X2            slow          23.284800       1     23.284800  
AOI21XL            slow          13.305600       5     66.528001  
AOI22X1            slow          16.632000      10    166.320000  
AOI22XL            slow          16.632000       2     33.264000  
AOI32XL            slow          23.284800       3     69.854399  
AOI33XL            slow          26.611200       4    106.444801  
AOI222X1           slow          26.611200       1     26.611200  
DFFXL              slow          56.548801     440  24881.472626  n
INVX1              slow           6.652800     377   2508.105631  
INVXL              slow           6.652800      17    113.097601  
NAND2BX1           slow          13.305600       4     53.222401  
NAND2X1            slow           9.979200      39    389.188814  
NAND2XL            slow           9.979200       8     79.833603  
NAND3X1            slow          13.305600       6     79.833601  
NAND3XL            slow          13.305600       7     93.139201  
NOR2BX1            slow          13.305600       8    106.444801  
NOR2X1             slow           9.979200      21    209.563208  
NOR2XL             slow           9.979200      82    818.294430  
NOR3X1             slow          13.305600       5     66.528001  
OAI2BB1X1          slow          16.632000       1     16.632000  
OAI21XL            slow          13.305600      10    133.056002  
OAI22X1            slow          19.958401     440   8781.696320  
OAI22XL            slow          19.958401     180   3592.512131  
OAI31X1            slow          19.958401       2     39.916801  
OAI31X4            slow          29.937599       2     59.875198  
OAI32XL            slow          23.284800       9    209.563196  
OAI33XL            slow          26.611200       4    106.444801  
OAI221XL           slow          23.284800       7    162.993597  
XNOR2XL            slow          26.611200       4    106.444801  
XOR2X1             slow          26.611200      20    532.224007  
-----------------------------------------------------------------------------
Total 34 references                                 43988.314774

****************************************
Design: recam_dss_grid2x2_directional_rs2_cs2_m1_normalized_group_global_noscratch_atomic_group_commit 
****************************************
Reference          Library       Unit Area   Count    Total Area   Attributes
-----------------------------------------------------------------------------
AND4X2             slow          19.958401       1     19.958401  
AOI2BB1X1          slow          16.632000       1     16.632000  
AOI2BB2X4          slow          49.896000       1     49.896000  
AOI21X1            slow          13.305600       2     26.611200  
AOI21X2            slow          23.284800       1     23.284800  
AOI21XL            slow          13.305600       1     13.305600  
AOI22X1            slow          16.632000      13    216.216000  
AOI22X2            slow          29.937599       3     89.812798  
AOI22X4            slow          46.569599       2     93.139198  
AOI22XL            slow          16.632000       3     49.896000  
BUFX3              slow          13.305600       1     13.305600  
BUFX20             slow          53.222401       2    106.444801  
CLKINVX8           slow          19.958401       4     79.833603  
CLKINVX20          slow          96.465599       1     96.465599  
DFFHQX1            slow          53.222401      14    745.113609  n
DFFHQX2            slow          66.528000       2    133.056000  n
DFFHQXL            slow          53.222401       2    106.444801  n
DFFXL              slow          56.548801      26   1470.268837  n
INVX1              slow           6.652800      19    126.403202  
INVX4              slow          13.305600       1     13.305600  
INVX8              slow          19.958401       1     19.958401  
INVXL              slow           6.652800       5     33.264000  
NAND2X1            slow           9.979200       5     49.896002  
NAND2X2            slow          16.632000       2     33.264000  
NAND2X4            slow          23.284800       8    186.278397  
NAND2XL            slow           9.979200       5     49.896002  
NAND3BX1           slow          16.632000       1     16.632000  
NAND3X1            slow          13.305600       2     26.611200  
NAND3X4            slow          33.264000       1     33.264000  
NAND4X4            slow          56.548801       2    113.097603  
NOR2BX4            slow          26.611200       1     26.611200  
NOR2X1             slow           9.979200       8     79.833603  
NOR2X2             slow          16.632000       2     33.264000  
NOR2XL             slow           9.979200       4     39.916801  
NOR4X1             slow          19.958401       1     19.958401  
OAI2BB1X1          slow          16.632000       1     16.632000  
OAI2BB1X4          slow          33.264000       1     33.264000  
OAI2BB2XL          slow          23.284800       7    162.993597  
OAI21X2            slow          26.611200       3     79.833601  
OAI21X4            slow          36.590401       5    182.952003  
OAI21XL            slow          13.305600       3     39.916800  
OAI22X1            slow          19.958401      14    279.417610  
OAI22XL            slow          19.958401      14    279.417610  
OAI32X2            slow          36.590401       5    182.952003  
OAI32XL            slow          23.284800       1     23.284800  
OAI211X4           slow          29.937599       1     29.937599  
OAI222X1           slow          29.937599       2     59.875198  
OAI222X2           slow          49.896000       2     99.792000  
XOR2X1             slow          26.611200       1     26.611200  
XOR2XL             slow          26.611200       1     26.611200  
-----------------------------------------------------------------------------
Total 50 references                                  5774.630482

****************************************
Design: recam_dss_grid2x2_directional_rs2_cs2_m1_normalized_group_global_noscratch_opt1_classcollapsed_core 
****************************************
Reference          Library       Unit Area   Count    Total Area   Attributes
-----------------------------------------------------------------------------
AND4X2             slow          19.958401      32    638.668823  
AOI31X1            slow          16.632000      17    282.743999  
AOI31XL            slow          16.632000     231   3841.991993  
AOI33X1            slow          26.611200       4    106.444801  
AOI33X4            slow          36.590401       4    146.361603  
AOI33XL            slow          26.611200     296   7876.915298  
BUFX3              slow          13.305600     454   6040.742476  
CLKBUFXL           slow          13.305600       1     13.305600  
CLKINVXL           slow           9.979200      42    419.126415  
INVX1              slow           6.652800     219   1456.963218  
INVXL              slow           6.652800     254   1689.811221  
NAND3X1            slow          13.305600       8    106.444801  
NAND3XL            slow          13.305600      16    212.889603  
NAND4X1            slow          16.632000      80   1330.559998  
NAND4XL            slow          16.632000      16    266.112000  
NOR2X1             slow           9.979200      48    479.001617  
NOR2XL             slow           9.979200       8     79.833603  
NOR3X1             slow          13.305600      29    385.862405  
NOR3XL             slow          13.305600      11    146.361602  
NOR4BX1            slow          19.958401      32    638.668823  
NOR4BXL            slow          19.958401      16    319.334412  
OAI31XL            slow          19.958401       8    159.667206  
OAI33X1            slow          26.611200     220   5854.464073  
OAI33XL            slow          26.611200      92   2448.230431  
XNOR2X1            slow          26.611200     826  21980.851475  
XNOR2XL            slow          26.611200    2058  54765.850285  
XOR2X1             slow          26.611200      85   2261.952028  
XOR2XL             slow          26.611200      71   1889.395224  
recam_dss_canonical_global_noscratch_core
                              60813.245532       1  60813.245532  h, n
-----------------------------------------------------------------------------
Total 29 references                                 176651.800564

****************************************
Design: recam_dss_canonical_global_noscratch_core 
****************************************
Reference          Library       Unit Area   Count    Total Area   Attributes
-----------------------------------------------------------------------------
ADDFHX2            slow         113.097603       2    226.195206  r
ADDFX2             slow          69.854401       1     69.854401  r
ADDHXL             slow          36.590401      12    439.084808  r
AND2X1             slow          13.305600      25    332.640004  
AND2X2             slow          13.305600      40    532.224007  
AND3X1             slow          16.632000       4     66.528000  
AND4X1             slow          19.958401       2     39.916801  
AOI2BB1X1          slow          16.632000       4     66.528000  
AOI2BB2X1          slow          23.284800       1     23.284800  
AOI21X1            slow          13.305600       5     66.528001  
AOI21XL            slow          13.305600       2     26.611200  
AOI22X1            slow          16.632000     113   1879.415997  
AOI22XL            slow          16.632000       2     33.264000  
AOI31X1            slow          16.632000       2     33.264000  
AOI31X4            slow          29.937599       2     59.875198  
AOI211X1           slow          16.632000       1     16.632000  
AOI221X1           slow          23.284800       1     23.284800  
AOI222X1           slow          26.611200     116   3086.899239  
BUFX3              slow          13.305600      15    199.584002  
BUFX4              slow          16.632000       2     33.264000  
CLKINVX3           slow           9.979200       1      9.979200  
DFFHQX1            slow          53.222401      69   3672.345646  n
DFFX1              slow          56.548801       2    113.097603  n
DFFXL              slow          56.548801     545  30819.096775  n
INVX1              slow           6.652800     243   1616.630420  
INVX2              slow           9.979200       2     19.958401  
INVX16             slow          56.548801       1     56.548801  
INVXL              slow           6.652800       3     19.958400  
MX2X1              slow          26.611200       1     26.611200  
MX2XL              slow          26.611200       1     26.611200  
MXI2X1             slow          23.284800       3     69.854399  
MXI2XL             slow          23.284800       2     46.569599  
NAND2BX1           slow          13.305600       1     13.305600  
NAND2BX2           slow          19.958401       2     39.916801  
NAND2X1            slow           9.979200      18    179.625607  
NAND2X4            slow          23.284800       2     46.569599  
NAND2XL            slow           9.979200       1      9.979200  
NAND3BX1           slow          16.632000       1     16.632000  
NAND3X1            slow          13.305600       7     93.139201  
NAND4BXL           slow          19.958401       1     19.958401  
NAND4X1            slow          16.632000      49    814.967999  
NOR2BX1            slow          13.305600       1     13.305600  
NOR2X1             slow           9.979200      30    299.376011  
NOR2X2             slow          16.632000       2     33.264000  
NOR2XL             slow           9.979200       2     19.958401  
NOR3BX1            slow          19.958401       1     19.958401  
NOR3X1             slow          13.305600       6     79.833601  
NOR3X2             slow          23.284800       1     23.284800  
NOR4BX1            slow          19.958401       1     19.958401  
NOR4X1             slow          19.958401       6    119.750404  
OAI2BB1X1          slow          16.632000      10    166.320000  
OAI2BB2X1          slow          23.284800     555  12923.063765  
OAI2BB2XL          slow          23.284800       3     69.854399  
OAI21XL            slow          13.305600      15    199.584002  
OAI22X1            slow          19.958401      20    399.168015  
OAI31X1            slow          19.958401       2     39.916801  
OAI32X1            slow          23.284800       2     46.569599  
OAI221X1           slow          26.611200       3     79.833601  
OAI221X4           slow          36.590401       3    109.771202  
OAI221XL           slow          23.284800       5    116.423998  
OAI222XL           slow          26.611200      19    505.612806  
OR2XL              slow          13.305600       1     13.305600  
OR4X1              slow          19.958401       6    119.750404  
XNOR2X1            slow          26.611200       1     26.611200  
XOR2X1             slow          26.611200       8    212.889603  
XOR2X2             slow          33.264000       1     33.264000  
XOR2X4             slow          56.548801       1     56.548801  
XOR2XL             slow          26.611200       3     79.833601  
-----------------------------------------------------------------------------
Total 68 references                                 60813.245532

****************************************
Design: recam_n2_preopt_candidate_map_producer_ROW_ADDR_W9_PHYS_COL_ADDR_W13_WORD_COL_ADDR_W5_HYBRID_LINE_ADDR_W13_HYBRID_ENTRIES7 
****************************************
Reference          Library       Unit Area   Count    Total Area   Attributes
-----------------------------------------------------------------------------
AND2X1             slow          13.305600      44    585.446407  
AND2X2             slow          13.305600     314   4177.958452  
AND2X4             slow          16.632000      14    232.848000  
AND3X2             slow          16.632000       4     66.528000  
AND3X4             slow          19.958401       2     39.916801  
AND4X1             slow          19.958401       1     19.958401  
AND4X2             slow          19.958401       3     59.875202  
AND4X4             slow          36.590401       1     36.590401  
AOI2BB1X2          slow          23.284800       1     23.284800  
AOI2BB1XL          slow          16.632000       1     16.632000  
AOI2BB2X2          slow          29.937599       1     29.937599  
AOI2BB2X4          slow          49.896000       4    199.584000  
AOI22X1            slow          16.632000     189   3143.447994  
AOI22X2            slow          29.937599      36   1077.753571  
AOI22X4            slow          46.569599      83   3865.276730  
AOI22XL            slow          16.632000      52    864.863998  
AOI211X4           slow          33.264000       1     33.264000  
AOI222X1           slow          26.611200       2     53.222401  
BUFX1              slow          13.305600       1     13.305600  
BUFX2              slow          13.305600       1     13.305600  
BUFX3              slow          13.305600       4     53.222401  
BUFX8              slow          29.937599       4    119.750397  
BUFX12             slow          33.264000       1     33.264000  
BUFX16             slow          43.243198       5    216.215992  
BUFX20             slow          53.222401      12    638.668808  
CLKBUFX8           slow          23.284800       1     23.284800  
CLKBUFXL           slow          13.305600       1     13.305600  
CLKINVX1           slow           9.979200       5     49.896002  
CLKINVX2           slow           9.979200      17    169.646406  
CLKINVX3           slow           9.979200      60    598.752022  
CLKINVX4           slow          13.305600      13    172.972802  
CLKINVX8           slow          19.958401      43    858.211231  
CLKINVX20          slow          96.465599       7    675.259193  
CLKINVXL           slow           9.979200      12    119.750404  
DFFHQX1            slow          53.222401     176   9367.142517  n
DFFHQX2            slow          66.528000      32   2128.895996  n
DFFHQX4            slow          73.180801      37   2707.689651  n
DFFHQXL            slow          53.222401     208  11070.259338  n
DFFXL              slow          56.548801      33   1866.110447  n
DLY1X1             slow          19.958401       4     79.833603  
DLY4X1             slow          23.284800       1     23.284800  
INVX1              slow           6.652800     517   3439.497643  
INVX2              slow           9.979200      13    129.729605  
INVX3              slow          13.305600       7     93.139201  
INVX4              slow          13.305600      30    399.168005  
INVX8              slow          19.958401      42    838.252831  
INVX12             slow          43.243198      32   1383.782349  
INVX16             slow          56.548801       1     56.548801  
INVX20             slow          63.201599       3    189.604797  
INVXL              slow           6.652800     102    678.585608  
MXI2X1             slow          23.284800       1     23.284800  
MXI2XL             slow          23.284800       4     93.139198  
NAND2X1            slow           9.979200      84    838.252831  
NAND2X2            slow          16.632000      27    449.063999  
NAND2X4            slow          23.284800     109   2538.043154  
NAND2XL            slow           9.979200      17    169.646406  
NAND3BX4           slow          36.590401       1     36.590401  
NAND3X1            slow          13.305600       4     53.222401  
NAND3X4            slow          33.264000       5    166.320000  
NAND3XL            slow          13.305600       3     39.916800  
NAND4BX4           slow          59.875198       2    119.750397  
NAND4X1            slow          16.632000       5     83.160000  
NAND4X2            slow          29.937599       1     29.937599  
NAND4X4            slow          56.548801       2    113.097603  
NAND4XL            slow          16.632000       1     16.632000  
NOR2BX4            slow          26.611200       1     26.611200  
NOR2X1             slow           9.979200      41    409.147215  
NOR2X2             slow          16.632000       1     16.632000  
NOR2X4             slow          23.284800       5    116.423998  
NOR3X4             slow          33.264000       3     99.792000  
NOR4BX4            slow          59.875198       1     59.875198  
OAI2BB1X1          slow          16.632000      31    515.591999  
OAI2BB2X1          slow          23.284800      40    931.391983  
OAI2BB2X2          slow          33.264000       9    299.375999  
OAI21X2            slow          26.611200       1     26.611200  
OAI21X4            slow          36.590401       2     73.180801  
OAI21XL            slow          13.305600       4     53.222401  
OAI22X1            slow          19.958401     123   2454.883289  
OAI22X2            slow          29.937599      50   1496.879959  
OAI22X4            slow          46.569599       3    139.708797  
OAI22XL            slow          19.958401     195   3891.888142  
OAI32X1            slow          23.284800       4     93.139198  
OAI32X2            slow          36.590401       1     36.590401  
OAI32X4            slow          33.264000      14    465.695999  
OAI32XL            slow          23.284800      41    954.676783  
OAI211X4           slow          29.937599       1     29.937599  
OR2X2              slow          13.305600      73    971.308812  
OR2X4              slow          19.958401      65   1297.296047  
OR2XL              slow          13.305600       4     53.222401  
OR4X2              slow          19.958401      81   1616.630459  
OR4X4              slow          36.590401      11    402.494408  
XNOR2X1            slow          26.611200       1     26.611200  
XOR2X1             slow          26.611200       2     53.222401  
XOR2XL             slow          26.611200       1     26.611200  
XOR3X2             slow          59.875198       1     59.875198  
recam_dss_grid2x2_directional_rs2_cs2_m1_normalized_group_global_noscratch_candidate_transition_adapter
                                176.299201       1    176.299201  h
recam_n2_preopt_parallel_config_bank_ROW_ADDR_W9_PHYS_COL_ADDR_W13_WORD_COL_ADDR_W5_HYBRID_LINE_ADDR_W13_HYBRID_ENTRIES7
                              646781.894918
                                                 1  646781.894918 h
-----------------------------------------------------------------------------
Total 97 references                                 721173.505202

****************************************
Design: recam_dss_grid2x2_directional_rs2_cs2_m1_normalized_group_global_noscratch_candidate_transition_adapter 
****************************************
Reference          Library       Unit Area   Count    Total Area   Attributes
-----------------------------------------------------------------------------
AND2X4             slow          16.632000       2     33.264000  
AOI21X1            slow          13.305600       2     26.611200  
CLKINVXL           slow           9.979200       1      9.979200  
INVX1              slow           6.652800       1      6.652800  
MXI2X1             slow          23.284800       2     46.569599  
OR2X2              slow          13.305600       2     26.611200  
XOR2XL             slow          26.611200       1     26.611200  
-----------------------------------------------------------------------------
Total 7 references                                    176.299201

****************************************
Design: recam_n2_preopt_parallel_config_bank_ROW_ADDR_W9_PHYS_COL_ADDR_W13_WORD_COL_ADDR_W5_HYBRID_LINE_ADDR_W13_HYBRID_ENTRIES7 
****************************************
Reference          Library       Unit Area   Count    Total Area   Attributes
-----------------------------------------------------------------------------
BUFX1              slow          13.305600      85   1130.976014  
BUFX2              slow          13.305600       2     26.611200  
BUFX3              slow          13.305600       6     79.833601  
BUFX8              slow          29.937599       1     29.937599  
BUFX12             slow          33.264000       3     99.792000  
BUFX16             slow          43.243198       2     86.486397  
BUFX20             slow          53.222401       5    266.112003  
CLKBUFX2           slow          13.305600       2     26.611200  
CLKBUFX8           slow          23.284800       2     46.569599  
CLKINVX2           slow           9.979200       2     19.958401  
CLKINVX3           slow           9.979200      20    199.584007  
CLKINVX4           slow          13.305600       2     26.611200  
CLKINVX8           slow          19.958401       6    119.750404  
INVX1              slow           6.652800     170   1130.976014  
INVX2              slow           9.979200       7     69.854403  
INVX3              slow          13.305600       1     13.305600  
INVX4              slow          13.305600       6     79.833601  
INVX8              slow          19.958401      13    259.459209  
INVXL              slow           6.652800       3     19.958400  
recam_shared_config_analyzer_ROW_ADDR_W9_PHYS_COL_ADDR_W13_WORD_COL_ADDR_W5_HYBRID_LINE_ADDR_W13_HYBRID_ENTRIES7_0
                              90617.789543       1  90617.789543  h
recam_shared_config_analyzer_ROW_ADDR_W9_PHYS_COL_ADDR_W13_WORD_COL_ADDR_W5_HYBRID_LINE_ADDR_W13_HYBRID_ENTRIES7_1
                              92287.642303       1  92287.642303  h
recam_shared_config_analyzer_ROW_ADDR_W9_PHYS_COL_ADDR_W13_WORD_COL_ADDR_W5_HYBRID_LINE_ADDR_W13_HYBRID_ENTRIES7_2
                              95098.450459       1  95098.450459  h
recam_shared_config_analyzer_ROW_ADDR_W9_PHYS_COL_ADDR_W13_WORD_COL_ADDR_W5_HYBRID_LINE_ADDR_W13_HYBRID_ENTRIES7_3
                              90571.219924       1  90571.219924  h
recam_shared_config_analyzer_ROW_ADDR_W9_PHYS_COL_ADDR_W13_WORD_COL_ADDR_W5_HYBRID_LINE_ADDR_W13_HYBRID_ENTRIES7_4
                              90098.871134       1  90098.871134  h
recam_shared_config_analyzer_ROW_ADDR_W9_PHYS_COL_ADDR_W13_WORD_COL_ADDR_W5_HYBRID_LINE_ADDR_W13_HYBRID_ENTRIES7_5
                              91935.043937       1  91935.043937  h
recam_shared_config_analyzer_ROW_ADDR_W9_PHYS_COL_ADDR_W13_WORD_COL_ADDR_W5_HYBRID_LINE_ADDR_W13_HYBRID_ENTRIES7_6
                              92440.656764       1  92440.656764  h
-----------------------------------------------------------------------------
Total 26 references                                 646781.894918

****************************************
Design: recam_shared_config_analyzer_ROW_ADDR_W9_PHYS_COL_ADDR_W13_WORD_COL_ADDR_W5_HYBRID_LINE_ADDR_W13_HYBRID_ENTRIES7_0 
****************************************
Reference          Library       Unit Area   Count    Total Area   Attributes
-----------------------------------------------------------------------------
AND2X1             slow          13.305600       3     39.916800  
AND2X2             slow          13.305600      17    226.195203  
AND2X4             slow          16.632000       8    133.056000  
AND3X1             slow          16.632000       4     66.528000  
AND3X2             slow          16.632000      13    216.216000  
AND3X4             slow          19.958401      14    279.417610  
AND4X1             slow          19.958401       4     79.833603  
AND4X2             slow          19.958401      36    718.502426  
AND4X4             slow          36.590401      23    841.579216  
AOI2BB1X1          slow          16.632000       3     49.896000  
AOI2BB1X4          slow          36.590401       3    109.771202  
AOI2BB2X1          slow          23.284800      30    698.543987  
AOI2BB2X2          slow          29.937599       1     29.937599  
AOI2BB2XL          slow          23.284800       9    209.563196  
AOI21X1            slow          13.305600       1     13.305600  
AOI21X4            slow          33.264000       1     33.264000  
AOI22X1            slow          16.632000      28    465.695999  
AOI22XL            slow          16.632000       1     16.632000  
AOI31X1            slow          16.632000       2     33.264000  
AOI31X2            slow          29.937599       1     29.937599  
AOI32X1            slow          23.284800       2     46.569599  
AOI33X1            slow          26.611200       2     53.222401  
AOI211X1           slow          16.632000       4     66.528000  
AOI211X2           slow          29.937599       1     29.937599  
AOI221X1           slow          23.284800      11    256.132795  
AOI221X2           slow          39.916801       4    159.667206  
AOI221X4           slow          36.590401       3    109.771202  
AOI221XL           slow          23.284800       1     23.284800  
AOI222X1           slow          26.611200      28    745.113609  
AOI222X2           slow          46.569599       1     46.569599  
AOI222X4           slow          39.916801       2     79.833603  
AOI222XL           slow          26.611200       1     26.611200  
BUFX2              slow          13.305600       1     13.305600  
BUFX3              slow          13.305600      17    226.195203  
BUFX4              slow          16.632000      22    365.903999  
BUFX8              slow          29.937599      10    299.375992  
BUFX12             slow          33.264000       8    266.112000  
BUFX16             slow          43.243198       1     43.243198  
BUFX20             slow          53.222401      10    532.224007  
CLKBUFX20          slow          79.833603       4    319.334412  
CLKINVX1           slow           9.979200       9     89.812803  
CLKINVX2           slow           9.979200      10     99.792004  
CLKINVX3           slow           9.979200     191   1906.027269  
CLKINVX4           slow          13.305600      30    399.168005  
CLKINVX8           slow          19.958401      24    479.001617  
CLKINVX12          slow          63.201599       3    189.604797  
CLKINVX16          slow          83.160004       1     83.160004  
CLKINVX20          slow          96.465599      28   2701.036774  
CLKINVXL           slow           9.979200      49    488.980818  
DLY1X1             slow          19.958401      13    259.459209  
INVX1              slow           6.652800     628   4177.958452  
INVX2              slow           9.979200      41    409.147215  
INVX3              slow          13.305600      13    172.972802  
INVX4              slow          13.305600      80   1064.448013  
INVX8              slow          19.958401      53   1057.795238  
INVX12             slow          43.243198       6    259.459190  
INVX16             slow          56.548801       2    113.097603  
INVX20             slow          63.201599       8    505.612793  
INVXL              slow           6.652800      47    312.681604  
MX2X1              slow          26.611200     116   3086.899239  
MX2X2              slow          29.937599      10    299.375992  
MX2X4              slow          33.264000      12    399.167999  
MX2XL              slow          26.611200       4    106.444801  
MXI2X1             slow          23.284800      72   1676.505569  
MXI2X2             slow          26.611200      95   2528.064032  
MXI2X4             slow          46.569599      10    465.695992  
MXI2XL             slow          23.284800     202   4703.529514  
NAND2BX1           slow          13.305600       1     13.305600  
NAND2BXL           slow          13.305600       1     13.305600  
NAND2X1            slow           9.979200      30    299.376011  
NAND2X2            slow          16.632000      21    349.271999  
NAND2X4            slow          23.284800      32    745.113586  
NAND2XL            slow           9.979200       9     89.812803  
NAND3BX1           slow          16.632000       6     99.792000  
NAND3BX2           slow          26.611200       2     53.222401  
NAND3BX4           slow          36.590401       4    146.361603  
NAND3X1            slow          13.305600     170   2261.952028  
NAND3X2            slow          23.284800      25    582.119989  
NAND3X4            slow          33.264000      40   1330.559998  
NAND3XL            slow          13.305600      22    292.723204  
NAND4BBX1          slow          26.611200       1     26.611200  
NAND4BBX2          slow          36.590401       1     36.590401  
NAND4BBX4          slow          63.201599       3    189.604797  
NAND4BX1           slow          23.284800       1     23.284800  
NAND4BX2           slow          33.264000       1     33.264000  
NAND4BX4           slow          59.875198       8    479.001587  
NAND4BXL           slow          19.958401       5     99.792004  
NAND4X1            slow          16.632000     103   1713.095997  
NAND4X2            slow          29.937599      25    748.439980  
NAND4X4            slow          56.548801      39   2205.403255  
NAND4XL            slow          16.632000      17    282.743999  
NOR2BX1            slow          13.305600       2     26.611200  
NOR2BX4            slow          26.611200       2     53.222401  
NOR2X1             slow           9.979200      43    429.105616  
NOR2X2             slow          16.632000      12    199.584000  
NOR2X4             slow          23.284800      31    721.828787  
NOR2XL             slow           9.979200       8     79.833603  
NOR3BX1            slow          19.958401       1     19.958401  
NOR3BX4            slow          36.590401       2     73.180801  
NOR3X1             slow          13.305600       8    106.444801  
NOR3X4             slow          33.264000       6    199.584000  
NOR3XL             slow          13.305600       1     13.305600  
NOR4BX4            slow          59.875198       1     59.875198  
NOR4X1             slow          19.958401       1     19.958401  
NOR4X2             slow          29.937599       2     59.875198  
NOR4X4             slow          56.548801       5    282.744007  
NOR4XL             slow          19.958401       1     19.958401  
OAI2BB1X1          slow          16.632000      38    632.015999  
OAI2BB1X2          slow          23.284800      18    419.126392  
OAI2BB1X4          slow          33.264000      17    565.487999  
OAI2BB1XL          slow          16.632000       5     83.160000  
OAI21XL            slow          13.305600       7     93.139201  
OAI22X1            slow          19.958401      37    738.460827  
OAI22X2            slow          29.937599      18    538.876785  
OAI22X4            slow          46.569599       3    139.708797  
OAI22XL            slow          19.958401      32    638.668823  
OAI31X2            slow          29.937599       2     59.875198  
OAI31X4            slow          29.937599       1     29.937599  
OAI32X2            slow          36.590401       1     36.590401  
OAI32X4            slow          33.264000       5    166.320000  
OAI32XL            slow          23.284800       1     23.284800  
OAI33X2            slow          43.243198       1     43.243198  
OAI211X1           slow          19.958401       5     99.792004  
OAI211X2           slow          33.264000       8    266.112000  
OAI211X4           slow          29.937599      15    449.063988  
OAI211XL           slow          19.958401       1     19.958401  
OAI221X2           slow          43.243198       1     43.243198  
OAI221X4           slow          36.590401       1     36.590401  
OAI221XL           slow          23.284800       2     46.569599  
OAI222X2           slow          49.896000       4    199.584000  
OAI222X4           slow          39.916801       8    319.334412  
OAI222XL           slow          26.611200       1     26.611200  
OR2X1              slow          13.305600       5     66.528001  
OR2X2              slow          13.305600     242   3219.955240  
OR2X4              slow          19.958401      79   1576.713657  
OR2XL              slow          13.305600      35    465.696006  
OR3X4              slow          29.937599       1     29.937599  
OR3XL              slow          16.632000       4     66.528000  
OR4X1              slow          19.958401       2     39.916801  
OR4X2              slow          19.958401      39    778.377628  
OR4X4              slow          36.590401      22    804.988815  
XNOR2X1            slow          26.611200      29    771.724810  
XNOR2X2            slow          36.590401      15    548.856010  
XNOR2X4            slow          56.548801       4    226.195206  
XNOR2XL            slow          26.611200       3     79.833601  
XOR2X1             slow          26.611200     516  13731.379372  
XOR2X2             slow          33.264000     169   5621.615990  
XOR2X4             slow          56.548801      48   2714.342468  
XOR2XL             slow          26.611200     137   3645.734446  
-----------------------------------------------------------------------------
Total 149 references                                90617.789543

****************************************
Design: recam_shared_config_analyzer_ROW_ADDR_W9_PHYS_COL_ADDR_W13_WORD_COL_ADDR_W5_HYBRID_LINE_ADDR_W13_HYBRID_ENTRIES7_1 
****************************************
Reference          Library       Unit Area   Count    Total Area   Attributes
-----------------------------------------------------------------------------
AND2X1             slow          13.305600       7     93.139201  
AND2X2             slow          13.305600      21    279.417603  
AND2X4             slow          16.632000       9    149.688000  
AND3X1             slow          16.632000       6     99.792000  
AND3X2             slow          16.632000      13    216.216000  
AND3X4             slow          19.958401      10    199.584007  
AND4X1             slow          19.958401       3     59.875202  
AND4X2             slow          19.958401      43    858.211231  
AND4X4             slow          36.590401      22    804.988815  
AOI2BB1X1          slow          16.632000       1     16.632000  
AOI2BB1X2          slow          23.284800       1     23.284800  
AOI2BB1X4          slow          36.590401       2     73.180801  
AOI2BB2X1          slow          23.284800      19    442.411192  
AOI2BB2X2          slow          29.937599       8    239.500793  
AOI2BB2XL          slow          23.284800      10    232.847996  
AOI21X2            slow          23.284800       2     46.569599  
AOI22X1            slow          16.632000       9    149.688000  
AOI22X4            slow          46.569599       1     46.569599  
AOI31X1            slow          16.632000       2     33.264000  
AOI31X2            slow          29.937599       4    119.750397  
AOI31XL            slow          16.632000       1     16.632000  
AOI32X2            slow          36.590401       1     36.590401  
AOI33X1            slow          26.611200       2     53.222401  
AOI33X4            slow          36.590401       1     36.590401  
AOI211X1           slow          16.632000       5     83.160000  
AOI211X2           slow          29.937599       1     29.937599  
AOI221X1           slow          23.284800      12    279.417595  
AOI221X2           slow          39.916801       3    119.750404  
AOI221X4           slow          36.590401       5    182.952003  
AOI222X1           slow          26.611200      30    798.336010  
AOI222X2           slow          46.569599       7    325.987194  
BUFX2              slow          13.305600       1     13.305600  
BUFX3              slow          13.305600      35    465.696006  
BUFX4              slow          16.632000      20    332.639999  
BUFX8              slow          29.937599      11    329.313591  
BUFX12             slow          33.264000       3     99.792000  
BUFX16             slow          43.243198       2     86.486397  
BUFX20             slow          53.222401      15    798.336010  
CLKBUFX4           slow          16.632000       1     16.632000  
CLKBUFX8           slow          23.284800       1     23.284800  
CLKBUFX20          slow          79.833603       3    239.500809  
CLKBUFXL           slow          13.305600       1     13.305600  
CLKINVX1           slow           9.979200       3     29.937601  
CLKINVX2           slow           9.979200       7     69.854403  
CLKINVX3           slow           9.979200     224   2235.340881  
CLKINVX4           slow          13.305600      34    452.390406  
CLKINVX8           slow          19.958401      35    698.544025  
CLKINVX12          slow          63.201599       4    252.806396  
CLKINVX20          slow          96.465599      31   2990.433571  
CLKINVXL           slow           9.979200      51    508.939219  
DLY1X1             slow          19.958401       3     59.875202  
INVX1              slow           6.652800     627   4171.305652  
INVX2              slow           9.979200      52    518.918419  
INVX3              slow          13.305600      21    279.417603  
INVX4              slow          13.305600      52    691.891209  
INVX8              slow          19.958401      38    758.419228  
INVX12             slow          43.243198       8    345.945587  
INVX16             slow          56.548801       1     56.548801  
INVX20             slow          63.201599      13    821.620789  
INVXL              slow           6.652800      61    405.820805  
MX2X1              slow          26.611200     117   3113.510439  
MX2X2              slow          29.937599      10    299.375992  
MX2X4              slow          33.264000      12    399.167999  
MX2XL              slow          26.611200      13    345.945604  
MXI2X1             slow          23.284800      46   1071.100780  
MXI2X2             slow          26.611200      90   2395.008030  
MXI2X4             slow          46.569599      12    558.835190  
MXI2XL             slow          23.284800     224   5215.795105  
NAND2BX1           slow          13.305600       3     39.916800  
NAND2BX2           slow          19.958401       1     19.958401  
NAND2BX4           slow          26.611200       5    133.056002  
NAND2X1            slow           9.979200      35    349.272013  
NAND2X2            slow          16.632000      17    282.743999  
NAND2X4            slow          23.284800      20    465.695992  
NAND2XL            slow           9.979200       6     59.875202  
NAND3BX4           slow          36.590401       6    219.542404  
NAND3X1            slow          13.305600     165   2195.424027  
NAND3X2            slow          23.284800      22    512.265591  
NAND3X4            slow          33.264000      26    864.863998  
NAND3XL            slow          13.305600      24    319.334404  
NAND4BBX4          slow          63.201599       4    252.806396  
NAND4BX1           slow          23.284800       1     23.284800  
NAND4BX2           slow          33.264000       4    133.056000  
NAND4BX4           slow          59.875198       7    419.126389  
NAND4BXL           slow          19.958401       5     99.792004  
NAND4X1            slow          16.632000     102   1696.463997  
NAND4X2            slow          29.937599      36   1077.753571  
NAND4X4            slow          56.548801      34   1922.659248  
NAND4XL            slow          16.632000      19    316.007999  
NOR2BX1            slow          13.305600       1     13.305600  
NOR2BX4            slow          26.611200       2     53.222401  
NOR2BXL            slow          13.305600       1     13.305600  
NOR2X1             slow           9.979200      30    299.376011  
NOR2X2             slow          16.632000      15    249.480000  
NOR2X4             slow          23.284800      38    884.822384  
NOR2XL             slow           9.979200      13    129.729605  
NOR3BX4            slow          36.590401       1     36.590401  
NOR3X1             slow          13.305600       7     93.139201  
NOR3X2             slow          23.284800       3     69.854399  
NOR3X4             slow          33.264000       4    133.056000  
NOR3XL             slow          13.305600       1     13.305600  
NOR4BX4            slow          59.875198       1     59.875198  
NOR4X2             slow          29.937599       3     89.812798  
NOR4X4             slow          56.548801       3    169.646404  
OAI2BB1X1          slow          16.632000      40    665.279999  
OAI2BB1X2          slow          23.284800      20    465.695992  
OAI2BB1X4          slow          33.264000      20    665.279999  
OAI2BB1XL          slow          16.632000       5     83.160000  
OAI2BB2X4          slow          49.896000       1     49.896000  
OAI21X1            slow          16.632000       1     16.632000  
OAI21X2            slow          26.611200       3     79.833601  
OAI21X4            slow          36.590401       2     73.180801  
OAI21XL            slow          13.305600       1     13.305600  
OAI22X1            slow          19.958401      40    798.336029  
OAI22X2            slow          29.937599      13    389.188789  
OAI22X4            slow          46.569599       4    186.278397  
OAI22XL            slow          19.958401      39    778.377628  
OAI31X1            slow          19.958401       1     19.958401  
OAI31X2            slow          29.937599       5    149.687996  
OAI31X4            slow          29.937599       4    119.750397  
OAI32X1            slow          23.284800       2     46.569599  
OAI32X4            slow          33.264000      15    498.959999  
OAI32XL            slow          23.284800       1     23.284800  
OAI33X4            slow          36.590401       1     36.590401  
OAI211X1           slow          19.958401       5     99.792004  
OAI211X2           slow          33.264000       4    133.056000  
OAI211X4           slow          29.937599      19    568.814384  
OAI211XL           slow          19.958401       3     59.875202  
OAI221X2           slow          43.243198       1     43.243198  
OAI221X4           slow          36.590401       3    109.771202  
OAI221XL           slow          23.284800       4     93.139198  
OAI222X2           slow          49.896000       1     49.896000  
OAI222X4           slow          39.916801       3    119.750404  
OR2X1              slow          13.305600       3     39.916800  
OR2X2              slow          13.305600     233   3100.204839  
OR2X4              slow          19.958401     102   2035.756874  
OR2XL              slow          13.305600      33    439.084805  
OR3X2              slow          19.958401       1     19.958401  
OR3X4              slow          29.937599       4    119.750397  
OR3XL              slow          16.632000       4     66.528000  
OR4X1              slow          19.958401       1     19.958401  
OR4X2              slow          19.958401      36    718.502426  
OR4X4              slow          36.590401      29   1061.121620  
OR4XL              slow          19.958401       1     19.958401  
XNOR2X1            slow          26.611200      26    691.891209  
XNOR2X2            slow          36.590401      12    439.084808  
XNOR2X4            slow          56.548801       6    339.292809  
XNOR2XL            slow          26.611200       3     79.833601  
XOR2X1             slow          26.611200     529  14077.324976  
XOR2X2             slow          33.264000     170   5654.879990  
XOR2X4             slow          56.548801      37   2092.305653  
XOR2XL             slow          26.611200     141   3752.179247  
XOR3X2             slow          59.875198       1     59.875198  
-----------------------------------------------------------------------------
Total 153 references                                92287.642303

****************************************
Design: recam_shared_config_analyzer_ROW_ADDR_W9_PHYS_COL_ADDR_W13_WORD_COL_ADDR_W5_HYBRID_LINE_ADDR_W13_HYBRID_ENTRIES7_2 
****************************************
Reference          Library       Unit Area   Count    Total Area   Attributes
-----------------------------------------------------------------------------
AND2X1             slow          13.305600       7     93.139201  
AND2X2             slow          13.305600      10    133.056002  
AND2X4             slow          16.632000       4     66.528000  
AND3X1             slow          16.632000       4     66.528000  
AND3X2             slow          16.632000       7    116.424000  
AND3X4             slow          19.958401      17    339.292812  
AND4X1             slow          19.958401       1     19.958401  
AND4X2             slow          19.958401      36    718.502426  
AND4X4             slow          36.590401      13    475.675209  
AOI2BB1X1          slow          16.632000       7    116.424000  
AOI2BB2X1          slow          23.284800      62   1443.657574  
AOI2BB2X4          slow          49.896000       3    149.688000  
AOI2BB2XL          slow          23.284800      11    256.132795  
AOI21X1            slow          13.305600       2     26.611200  
AOI21X4            slow          33.264000       2     66.528000  
AOI21XL            slow          13.305600       1     13.305600  
AOI22X1            slow          16.632000      25    415.799999  
AOI22X4            slow          46.569599       1     46.569599  
AOI31X1            slow          16.632000       3     49.896000  
AOI31X2            slow          29.937599       4    119.750397  
AOI31X4            slow          29.937599       2     59.875198  
AOI31XL            slow          16.632000       1     16.632000  
AOI32X2            slow          36.590401       2     73.180801  
AOI33X1            slow          26.611200       2     53.222401  
AOI211X1           slow          16.632000       7    116.424000  
AOI221X1           slow          23.284800       7    162.993597  
AOI221X2           slow          39.916801       1     39.916801  
AOI221X4           slow          36.590401       4    146.361603  
AOI221XL           slow          23.284800       1     23.284800  
AOI222X1           slow          26.611200      22    585.446407  
AOI222X2           slow          46.569599       1     46.569599  
AOI222X4           slow          39.916801       2     79.833603  
BUFX3              slow          13.305600      23    306.028804  
BUFX4              slow          16.632000      13    216.216000  
BUFX8              slow          29.937599      10    299.375992  
BUFX12             slow          33.264000       4    133.056000  
BUFX16             slow          43.243198       1     43.243198  
BUFX20             slow          53.222401      12    638.668808  
CLKBUFX3           slow          13.305600       1     13.305600  
CLKBUFX8           slow          23.284800       2     46.569599  
CLKBUFX20          slow          79.833603      46   3672.345734  
CLKBUFXL           slow          13.305600       1     13.305600  
CLKINVX1           slow           9.979200       4     39.916801  
CLKINVX2           slow           9.979200       6     59.875202  
CLKINVX3           slow           9.979200     142   1417.046452  
CLKINVX4           slow          13.305600      47    625.363208  
CLKINVX8           slow          19.958401      49    977.961636  
CLKINVX12          slow          63.201599       3    189.604797  
CLKINVX20          slow          96.465599      21   2025.777580  
CLKINVXL           slow           9.979200      32    319.334412  
DLY1X1             slow          19.958401       7    139.708805  
INVX1              slow           6.652800     661   4397.500855  
INVX2              slow           9.979200      25    249.480009  
INVX3              slow          13.305600      11    146.361602  
INVX4              slow          13.305600      72    958.003212  
INVX8              slow          19.958401      55   1097.712040  
INVX12             slow          43.243198       8    345.945587  
INVX16             slow          56.548801       4    226.195206  
INVX20             slow          63.201599      15    948.023987  
INVXL              slow           6.652800      53    352.598404  
MX2X1              slow          26.611200     131   3486.067244  
MX2X2              slow          29.937599      14    419.126389  
MX2X4              slow          33.264000       4    133.056000  
MX2XL              slow          26.611200       6    159.667202  
MXI2X1             slow          23.284800      57   1327.233576  
MXI2X2             slow          26.611200     108   2874.009636  
MXI2X4             slow          46.569599      12    558.835190  
MXI2XL             slow          23.284800     191   4447.396719  
NAND2BX1           slow          13.305600       2     26.611200  
NAND2BX4           slow          26.611200      11    292.723204  
NAND2BXL           slow          13.305600       1     13.305600  
NAND2X1            slow           9.979200      40    399.168015  
NAND2X2            slow          16.632000      18    299.375999  
NAND2X4            slow          23.284800      38    884.822384  
NAND2XL            slow           9.979200      12    119.750404  
NAND3BX1           slow          16.632000       1     16.632000  
NAND3BX4           slow          36.590401       6    219.542404  
NAND3X1            slow          13.305600     156   2075.673626  
NAND3X2            slow          23.284800      25    582.119989  
NAND3X4            slow          33.264000      44   1463.615997  
NAND3XL            slow          13.305600      33    439.084805  
NAND4BBX1          slow          26.611200       1     26.611200  
NAND4BBX4          slow          63.201599       6    379.209595  
NAND4BX1           slow          23.284800       1     23.284800  
NAND4BX2           slow          33.264000       1     33.264000  
NAND4BX4           slow          59.875198      12    718.502380  
NAND4BXL           slow          19.958401       6    119.750404  
NAND4X1            slow          16.632000      98   1629.935997  
NAND4X2            slow          29.937599      25    748.439980  
NAND4X4            slow          56.548801      23   1300.622433  
NAND4XL            slow          16.632000      13    216.216000  
NOR2BX1            slow          13.305600       2     26.611200  
NOR2BX4            slow          26.611200       4    106.444801  
NOR2BXL            slow          13.305600       1     13.305600  
NOR2X1             slow           9.979200      50    498.960018  
NOR2X2             slow          16.632000      17    282.743999  
NOR2X4             slow          23.284800      49   1140.955179  
NOR2XL             slow           9.979200       9     89.812803  
NOR3X1             slow          13.305600      10    133.056002  
NOR3X2             slow          23.284800       1     23.284800  
NOR3X4             slow          33.264000      10    332.639999  
NOR3XL             slow          13.305600       2     26.611200  
NOR4BBX1           slow          26.611200       1     26.611200  
NOR4X1             slow          19.958401       2     39.916801  
NOR4X4             slow          56.548801       6    339.292809  
OAI2BB1X1          slow          16.632000      40    665.279999  
OAI2BB1X2          slow          23.284800      20    465.695992  
OAI2BB1X4          slow          33.264000      14    465.695999  
OAI2BB1XL          slow          16.632000       9    149.688000  
OAI2BB2X4          slow          49.896000       1     49.896000  
OAI21X4            slow          36.590401       2     73.180801  
OAI21XL            slow          13.305600       5     66.528001  
OAI22X1            slow          19.958401      42    838.252831  
OAI22X2            slow          29.937599      11    329.313591  
OAI22X4            slow          46.569599       8    372.556793  
OAI22XL            slow          19.958401      31    618.710423  
OAI211X1           slow          19.958401       9    179.625607  
OAI211X2           slow          33.264000       4    133.056000  
OAI211X4           slow          29.937599      18    538.876785  
OAI221X2           slow          43.243198       3    129.729595  
OAI221X4           slow          36.590401       2     73.180801  
OAI221XL           slow          23.284800       1     23.284800  
OAI222X4           slow          39.916801       7    279.417610  
OR2X1              slow          13.305600       2     26.611200  
OR2X2              slow          13.305600     201   2674.425633  
OR2X4              slow          19.958401      70   1397.088051  
OR2XL              slow          13.305600      38    505.612806  
OR3X4              slow          29.937599       3     89.812798  
OR3XL              slow          16.632000       4     66.528000  
OR4X2              slow          19.958401      40    798.336029  
OR4X4              slow          36.590401      23    841.579216  
XNOR2X1            slow          26.611200      26    691.891209  
XNOR2X2            slow          36.590401       7    256.132805  
XNOR2X4            slow          56.548801      12    678.585617  
XNOR2XL            slow          26.611200       8    212.889603  
XOR2X1             slow          26.611200     529  14077.324976  
XOR2X2             slow          33.264000     140   4656.959991  
XOR2X4             slow          56.548801      82   4637.001717  
XOR2XL             slow          26.611200     131   3486.067244  
-----------------------------------------------------------------------------
Total 139 references                                95098.450459

****************************************
Design: recam_shared_config_analyzer_ROW_ADDR_W9_PHYS_COL_ADDR_W13_WORD_COL_ADDR_W5_HYBRID_LINE_ADDR_W13_HYBRID_ENTRIES7_3 
****************************************
Reference          Library       Unit Area   Count    Total Area   Attributes
-----------------------------------------------------------------------------
AND2X1             slow          13.305600       5     66.528001  
AND2X2             slow          13.305600      21    279.417603  
AND2X4             slow          16.632000       5     83.160000  
AND3X1             slow          16.632000       4     66.528000  
AND3X2             slow          16.632000       7    116.424000  
AND3X4             slow          19.958401      16    319.334412  
AND4X1             slow          19.958401       1     19.958401  
AND4X2             slow          19.958401      36    718.502426  
AND4X4             slow          36.590401      24    878.169617  
AOI2BB1X1          slow          16.632000       5     83.160000  
AOI2BB1X2          slow          23.284800       3     69.854399  
AOI2BB2X1          slow          23.284800      38    884.822384  
AOI2BB2X2          slow          29.937599       4    119.750397  
AOI2BB2XL          slow          23.284800      12    279.417595  
AOI21X4            slow          33.264000       1     33.264000  
AOI21XL            slow          13.305600       1     13.305600  
AOI22X1            slow          16.632000      28    465.695999  
AOI31X1            slow          16.632000       2     33.264000  
AOI31X2            slow          29.937599       2     59.875198  
AOI32X1            slow          23.284800       2     46.569599  
AOI33X1            slow          26.611200       2     53.222401  
AOI211X1           slow          16.632000       4     66.528000  
AOI211X4           slow          33.264000       1     33.264000  
AOI221X1           slow          23.284800      11    256.132795  
AOI221X2           slow          39.916801       2     79.833603  
AOI221X4           slow          36.590401       2     73.180801  
AOI221XL           slow          23.284800       5    116.423998  
AOI222X1           slow          26.611200      24    638.668808  
BUFX2              slow          13.305600       1     13.305600  
BUFX3              slow          13.305600      23    306.028804  
BUFX4              slow          16.632000      31    515.591999  
BUFX8              slow          29.937599      13    389.188789  
BUFX12             slow          33.264000       8    266.112000  
BUFX16             slow          43.243198       6    259.459190  
BUFX20             slow          53.222401      12    638.668808  
CLKBUFX3           slow          13.305600       2     26.611200  
CLKBUFX8           slow          23.284800       5    116.423998  
CLKBUFX20          slow          79.833603       5    399.168015  
CLKINVX1           slow           9.979200       5     49.896002  
CLKINVX2           slow           9.979200      15    149.688005  
CLKINVX3           slow           9.979200     211   2105.611277  
CLKINVX4           slow          13.305600      29    385.862405  
CLKINVX8           slow          19.958401      39    778.377628  
CLKINVX12          slow          63.201599       2    126.403198  
CLKINVX20          slow          96.465599      22   2122.243179  
CLKINVXL           slow           9.979200      49    488.980818  
DLY1X1             slow          19.958401       8    159.667206  
INVX1              slow           6.652800     628   4177.958452  
INVX2              slow           9.979200      33    329.313612  
INVX3              slow          13.305600       7     93.139201  
INVX4              slow          13.305600      47    625.363208  
INVX8              slow          19.958401      62   1237.420845  
INVX12             slow          43.243198       8    345.945587  
INVX16             slow          56.548801       3    169.646404  
INVX20             slow          63.201599       6    379.209595  
INVXL              slow           6.652800      35    232.848003  
MX2X1              slow          26.611200     152   4044.902451  
MX2X2              slow          29.937599      12    359.251190  
MX2X4              slow          33.264000      10    332.639999  
MX2XL              slow          26.611200      19    505.612806  
MXI2X1             slow          23.284800      44   1024.531181  
MXI2X2             slow          26.611200      77   2049.062426  
MXI2X4             slow          46.569599      13    605.404789  
MXI2XL             slow          23.284800     195   4540.535917  
NAND2BX1           slow          13.305600       2     26.611200  
NAND2BX4           slow          26.611200       1     26.611200  
NAND2X1            slow           9.979200      32    319.334412  
NAND2X2            slow          16.632000      16    266.112000  
NAND2X4            slow          23.284800       7    162.993597  
NAND2XL            slow           9.979200       9     89.812803  
NAND3BX1           slow          16.632000       1     16.632000  
NAND3BX2           slow          26.611200       1     26.611200  
NAND3BX4           slow          36.590401       4    146.361603  
NAND3X1            slow          13.305600     169   2248.646428  
NAND3X2            slow          23.284800      29    675.259188  
NAND3X4            slow          33.264000      33   1097.711998  
NAND3XL            slow          13.305600      31    412.473605  
NAND4BBX1          slow          26.611200       1     26.611200  
NAND4BBX4          slow          63.201599       2    126.403198  
NAND4BX1           slow          23.284800       2     46.569599  
NAND4BX4           slow          59.875198       6    359.251190  
NAND4BXL           slow          19.958401       6    119.750404  
NAND4X1            slow          16.632000     115   1912.679996  
NAND4X2            slow          29.937599      31    928.065575  
NAND4X4            slow          56.548801      22   1244.073631  
NAND4XL            slow          16.632000      17    282.743999  
NOR2BX1            slow          13.305600       1     13.305600  
NOR2X1             slow           9.979200      35    349.272013  
NOR2X2             slow          16.632000      15    249.480000  
NOR2X4             slow          23.284800      29    675.259188  
NOR2XL             slow           9.979200      12    119.750404  
NOR3BX4            slow          36.590401       1     36.590401  
NOR3X1             slow          13.305600       5     66.528001  
NOR3X4             slow          33.264000       7    232.848000  
NOR4X1             slow          19.958401       3     59.875202  
NOR4X2             slow          29.937599       2     59.875198  
NOR4X4             slow          56.548801       2    113.097603  
OAI2BB1X1          slow          16.632000      38    632.015999  
OAI2BB1X2          slow          23.284800      14    325.987194  
OAI2BB1X4          slow          33.264000      24    798.335999  
OAI2BB1XL          slow          16.632000       3     49.896000  
OAI21X4            slow          36.590401       2     73.180801  
OAI21XL            slow          13.305600       4     53.222401  
OAI22X1            slow          19.958401      18    359.251213  
OAI22X2            slow          29.937599      19    568.814384  
OAI22X4            slow          46.569599      21    977.961582  
OAI22XL            slow          19.958401      26    518.918419  
OAI31X2            slow          29.937599       3     89.812798  
OAI31X4            slow          29.937599       1     29.937599  
OAI32X1            slow          23.284800       1     23.284800  
OAI32X2            slow          36.590401       3    109.771202  
OAI32X4            slow          33.264000      15    498.959999  
OAI33X2            slow          43.243198       1     43.243198  
OAI211X1           slow          19.958401       3     59.875202  
OAI211X2           slow          33.264000       6    199.584000  
OAI211X4           slow          29.937599      18    538.876785  
OAI211XL           slow          19.958401       3     59.875202  
OAI221X2           slow          43.243198       1     43.243198  
OAI221X4           slow          36.590401       2     73.180801  
OAI221XL           slow          23.284800       3     69.854399  
OAI222X1           slow          29.937599       1     29.937599  
OAI222X2           slow          49.896000       3    149.688000  
OAI222X4           slow          39.916801       5    199.584007  
OR2X1              slow          13.305600       5     66.528001  
OR2X2              slow          13.305600     259   3446.150443  
OR2X4              slow          19.958401      93   1856.131268  
OR2XL              slow          13.305600      34    452.390406  
OR3XL              slow          16.632000       4     66.528000  
OR4X1              slow          19.958401       1     19.958401  
OR4X2              slow          19.958401      44    878.169632  
OR4X4              slow          36.590401      29   1061.121620  
XNOR2X1            slow          26.611200      32    851.558411  
XNOR2X2            slow          36.590401      20    731.808014  
XNOR2X4            slow          56.548801      13    735.134418  
XNOR2XL            slow          26.611200       4    106.444801  
XOR2X1             slow          26.611200     521  13864.435373  
XOR2X2             slow          33.264000     152   5056.127991  
XOR2X4             slow          56.548801      40   2261.952057  
XOR2XL             slow          26.611200     139   3698.956846  
-----------------------------------------------------------------------------
Total 139 references                                90571.219924

****************************************
Design: recam_shared_config_analyzer_ROW_ADDR_W9_PHYS_COL_ADDR_W13_WORD_COL_ADDR_W5_HYBRID_LINE_ADDR_W13_HYBRID_ENTRIES7_4 
****************************************
Reference          Library       Unit Area   Count    Total Area   Attributes
-----------------------------------------------------------------------------
AND2X1             slow          13.305600       5     66.528001  
AND2X2             slow          13.305600      15    199.584002  
AND2X4             slow          16.632000       8    133.056000  
AND3X1             slow          16.632000       7    116.424000  
AND3X2             slow          16.632000       9    149.688000  
AND3X4             slow          19.958401      10    199.584007  
AND4X2             slow          19.958401      42    838.252831  
AND4X4             slow          36.590401      23    841.579216  
AOI2BB1X1          slow          16.632000       2     33.264000  
AOI2BB1X2          slow          23.284800       4     93.139198  
AOI2BB1X4          slow          36.590401       3    109.771202  
AOI2BB1XL          slow          16.632000       1     16.632000  
AOI2BB2X1          slow          23.284800      15    349.271994  
AOI2BB2X2          slow          29.937599       2     59.875198  
AOI2BB2XL          slow          23.284800       9    209.563196  
AOI21X1            slow          13.305600       1     13.305600  
AOI21XL            slow          13.305600       1     13.305600  
AOI22X1            slow          16.632000       9    149.688000  
AOI31X1            slow          16.632000       1     16.632000  
AOI31X2            slow          29.937599       4    119.750397  
AOI31X4            slow          29.937599       4    119.750397  
AOI32X4            slow          33.264000       2     66.528000  
AOI33X1            slow          26.611200       3     79.833601  
AOI211X1           slow          16.632000       3     49.896000  
AOI211X2           slow          29.937599       2     59.875198  
AOI221X1           slow          23.284800      13    302.702394  
AOI221X2           slow          39.916801       3    119.750404  
AOI221X4           slow          36.590401       5    182.952003  
AOI222X1           slow          26.611200      35    931.392012  
AOI222X2           slow          46.569599       7    325.987194  
BUFX1              slow          13.305600       1     13.305600  
BUFX2              slow          13.305600       1     13.305600  
BUFX3              slow          13.305600      25    332.640004  
BUFX4              slow          16.632000      21    349.271999  
BUFX8              slow          29.937599      20    598.751984  
BUFX12             slow          33.264000       8    266.112000  
BUFX16             slow          43.243198       1     43.243198  
BUFX20             slow          53.222401      11    585.446407  
CLKBUFX4           slow          16.632000       1     16.632000  
CLKBUFX8           slow          23.284800       1     23.284800  
CLKBUFX20          slow          79.833603       3    239.500809  
CLKINVX1           slow           9.979200       6     59.875202  
CLKINVX2           slow           9.979200       9     89.812803  
CLKINVX3           slow           9.979200     217   2165.486479  
CLKINVX4           slow          13.305600      25    332.640004  
CLKINVX8           slow          19.958401      31    618.710423  
CLKINVX12          slow          63.201599       2    126.403198  
CLKINVX20          slow          96.465599       7    675.259193  
CLKINVXL           slow           9.979200      30    299.376011  
DLY1X1             slow          19.958401       3     59.875202  
INVX1              slow           6.652800     656   4364.236855  
INVX2              slow           9.979200      40    399.168015  
INVX3              slow          13.305600      11    146.361602  
INVX4              slow          13.305600      71    944.697612  
INVX8              slow          19.958401      46    918.086433  
INVX12             slow          43.243198       3    129.729595  
INVX16             slow          56.548801       5    282.744007  
INVX20             slow          63.201599       8    505.612793  
INVXL              slow           6.652800      62    412.473605  
MX2X1              slow          26.611200     124   3299.788841  
MX2X2              slow          29.937599      15    449.063988  
MX2X4              slow          33.264000       9    299.375999  
MX2XL              slow          26.611200       9    239.500803  
MXI2X1             slow          23.284800      75   1746.359968  
MXI2X2             slow          26.611200      90   2395.008030  
MXI2X4             slow          46.569599      22   1024.531181  
MXI2XL             slow          23.284800     179   4167.979124  
NAND2BX1           slow          13.305600       3     39.916800  
NAND2BX2           slow          19.958401       1     19.958401  
NAND2BX4           slow          26.611200       1     26.611200  
NAND2BXL           slow          13.305600       1     13.305600  
NAND2X1            slow           9.979200      32    319.334412  
NAND2X2            slow          16.632000      19    316.007999  
NAND2X4            slow          23.284800      20    465.695992  
NAND2XL            slow           9.979200       8     79.833603  
NAND3BX1           slow          16.632000       2     33.264000  
NAND3BX2           slow          26.611200       1     26.611200  
NAND3BX4           slow          36.590401      12    439.084808  
NAND3X1            slow          13.305600     168   2235.340828  
NAND3X2            slow          23.284800      28    651.974388  
NAND3X4            slow          33.264000      29    964.655998  
NAND3XL            slow          13.305600      32    425.779205  
NAND4BBX2          slow          36.590401       1     36.590401  
NAND4BBX4          slow          63.201599       3    189.604797  
NAND4BX1           slow          23.284800       1     23.284800  
NAND4BX2           slow          33.264000       3     99.792000  
NAND4BX4           slow          59.875198       4    239.500793  
NAND4BXL           slow          19.958401       5     99.792004  
NAND4X1            slow          16.632000      97   1613.303997  
NAND4X2            slow          29.937599      31    928.065575  
NAND4X4            slow          56.548801      28   1583.366440  
NAND4XL            slow          16.632000      23    382.535999  
NOR2BX1            slow          13.305600       3     39.916800  
NOR2BX2            slow          19.958401       1     19.958401  
NOR2BX4            slow          26.611200       2     53.222401  
NOR2BXL            slow          13.305600       1     13.305600  
NOR2X1             slow           9.979200      29    289.396811  
NOR2X2             slow          16.632000      12    199.584000  
NOR2X4             slow          23.284800      21    488.980791  
NOR2XL             slow           9.979200      16    159.667206  
NOR3BX4            slow          36.590401       1     36.590401  
NOR3X1             slow          13.305600       7     93.139201  
NOR3X2             slow          23.284800       2     46.569599  
NOR3X4             slow          33.264000      11    365.903999  
NOR3XL             slow          13.305600       4     53.222401  
NOR4X1             slow          19.958401       2     39.916801  
NOR4X2             slow          29.937599       1     29.937599  
NOR4X4             slow          56.548801       3    169.646404  
OAI2BB1X1          slow          16.632000      45    748.439999  
OAI2BB1X2          slow          23.284800      14    325.987194  
OAI2BB1X4          slow          33.264000      21    698.543999  
OAI2BB1XL          slow          16.632000       4     66.528000  
OAI21X2            slow          26.611200       1     26.611200  
OAI21X4            slow          36.590401       1     36.590401  
OAI21XL            slow          13.305600       2     26.611200  
OAI22X1            slow          19.958401      38    758.419228  
OAI22X2            slow          29.937599      34   1017.878372  
OAI22X4            slow          46.569599       7    325.987194  
OAI22XL            slow          19.958401      26    518.918419  
OAI31X1            slow          19.958401       1     19.958401  
OAI31X2            slow          29.937599       3     89.812798  
OAI31X4            slow          29.937599       3     89.812798  
OAI32X1            slow          23.284800       1     23.284800  
OAI32X4            slow          33.264000      11    365.903999  
OAI33X4            slow          36.590401       1     36.590401  
OAI211X1           slow          19.958401       8    159.667206  
OAI211X2           slow          33.264000       9    299.375999  
OAI211X4           slow          29.937599      20    598.751984  
OAI211XL           slow          19.958401       1     19.958401  
OAI221X2           slow          43.243198       2     86.486397  
OAI221X4           slow          36.590401       2     73.180801  
OAI221XL           slow          23.284800       3     69.854399  
OAI222X2           slow          49.896000       5    249.480000  
OAI222X4           slow          39.916801       3    119.750404  
OR2X1              slow          13.305600       5     66.528001  
OR2X2              slow          13.305600     236   3140.121639  
OR2X4              slow          19.958401     100   1995.840073  
OR2XL              slow          13.305600      35    465.696006  
OR3X4              slow          29.937599       1     29.937599  
OR3XL              slow          16.632000       4     66.528000  
OR4X1              slow          19.958401       1     19.958401  
OR4X2              slow          19.958401      37    738.460827  
OR4X4              slow          36.590401      24    878.169617  
XNOR2X1            slow          26.611200      30    798.336010  
XNOR2X2            slow          36.590401      11    402.494408  
XNOR2X4            slow          56.548801      10    565.488014  
XNOR2XL            slow          26.611200       3     79.833601  
XOR2X1             slow          26.611200     541  14396.659380  
XOR2X2             slow          33.264000     174   5787.935989  
XOR2X4             slow          56.548801      50   2827.440071  
XOR2XL             slow          26.611200     114   3033.676838  
-----------------------------------------------------------------------------
Total 151 references                                90098.871134

****************************************
Design: recam_shared_config_analyzer_ROW_ADDR_W9_PHYS_COL_ADDR_W13_WORD_COL_ADDR_W5_HYBRID_LINE_ADDR_W13_HYBRID_ENTRIES7_5 
****************************************
Reference          Library       Unit Area   Count    Total Area   Attributes
-----------------------------------------------------------------------------
AND2X1             slow          13.305600       3     39.916800  
AND2X2             slow          13.305600      24    319.334404  
AND2X4             slow          16.632000       3     49.896000  
AND3X1             slow          16.632000       3     49.896000  
AND3X2             slow          16.632000       6     99.792000  
AND3X4             slow          19.958401      10    199.584007  
AND4X1             slow          19.958401       1     19.958401  
AND4X2             slow          19.958401      31    618.710423  
AND4X4             slow          36.590401      12    439.084808  
AOI2BB1X1          slow          16.632000       6     99.792000  
AOI2BB2X1          slow          23.284800      55   1280.663977  
AOI2BB2X2          slow          29.937599       2     59.875198  
AOI2BB2X4          slow          49.896000       2     99.792000  
AOI2BB2XL          slow          23.284800      12    279.417595  
AOI21X1            slow          13.305600       1     13.305600  
AOI21X2            slow          23.284800       1     23.284800  
AOI21X4            slow          33.264000       2     66.528000  
AOI22X1            slow          16.632000      25    415.799999  
AOI22X4            slow          46.569599       2     93.139198  
AOI31X1            slow          16.632000       3     49.896000  
AOI31X2            slow          29.937599       3     89.812798  
AOI31XL            slow          16.632000       1     16.632000  
AOI32X2            slow          36.590401       1     36.590401  
AOI33X1            slow          26.611200       2     53.222401  
AOI211X1           slow          16.632000       7    116.424000  
AOI211X2           slow          29.937599       3     89.812798  
AOI221X1           slow          23.284800       5    116.423998  
AOI221X2           slow          39.916801       5    199.584007  
AOI221X4           slow          36.590401       5    182.952003  
AOI222X1           slow          26.611200      21    558.835207  
AOI222X2           slow          46.569599       1     46.569599  
AOI222X4           slow          39.916801       1     39.916801  
BUFX1              slow          13.305600       1     13.305600  
BUFX3              slow          13.305600      17    226.195203  
BUFX4              slow          16.632000      15    249.480000  
BUFX8              slow          29.937599       8    239.500793  
BUFX12             slow          33.264000       2     66.528000  
BUFX16             slow          43.243198       3    129.729595  
BUFX20             slow          53.222401      13    691.891209  
CLKBUFX20          slow          79.833603       3    239.500809  
CLKBUFXL           slow          13.305600       1     13.305600  
CLKINVX1           slow           9.979200       5     49.896002  
CLKINVX2           slow           9.979200       4     39.916801  
CLKINVX3           slow           9.979200     190   1896.048069  
CLKINVX4           slow          13.305600      28    372.556805  
CLKINVX8           slow          19.958401      25    498.960018  
CLKINVX12          slow          63.201599       2    126.403198  
CLKINVX20          slow          96.465599      30   2893.967972  
CLKINVXL           slow           9.979200      66    658.627224  
DLY1X1             slow          19.958401      12    239.500809  
INVX1              slow           6.652800     620   4124.736052  
INVX2              slow           9.979200      37    369.230413  
INVX3              slow          13.305600       9    119.750401  
INVX4              slow          13.305600      69    918.086411  
INVX8              slow          19.958401      50    997.920036  
INVX12             slow          43.243198      10    432.431984  
INVX16             slow          56.548801      10    565.488014  
INVX20             slow          63.201599      12    758.419189  
INVXL              slow           6.652800      48    319.334404  
MX2X1              slow          26.611200     125   3326.400042  
MX2X2              slow          29.937599      18    538.876785  
MX2X4              slow          33.264000       7    232.848000  
MX2XL              slow          26.611200      16    425.779205  
MXI2X1             slow          23.284800      38    884.822384  
MXI2X2             slow          26.611200     109   2900.620836  
MXI2X4             slow          46.569599      20    931.391983  
MXI2XL             slow          23.284800     188   4377.542320  
NAND2BX1           slow          13.305600       2     26.611200  
NAND2BX4           slow          26.611200       3     79.833601  
NAND2X1            slow           9.979200      39    389.188814  
NAND2X2            slow          16.632000      13    216.216000  
NAND2X4            slow          23.284800      16    372.556793  
NAND2XL            slow           9.979200       7     69.854403  
NAND3BX1           slow          16.632000       3     49.896000  
NAND3BX2           slow          26.611200       2     53.222401  
NAND3BX4           slow          36.590401       8    292.723206  
NAND3X1            slow          13.305600     162   2155.507227  
NAND3X2            slow          23.284800      26    605.404789  
NAND3X4            slow          33.264000      35   1164.239998  
NAND3XL            slow          13.305600      28    372.556805  
NAND4BBX2          slow          36.590401       2     73.180801  
NAND4BX1           slow          23.284800       3     69.854399  
NAND4BX2           slow          33.264000       3     99.792000  
NAND4BX4           slow          59.875198      10    598.751984  
NAND4BXL           slow          19.958401       3     59.875202  
NAND4X1            slow          16.632000     112   1862.783997  
NAND4X2            slow          29.937599      36   1077.753571  
NAND4X4            slow          56.548801      16    904.780823  
NAND4XL            slow          16.632000      22    365.903999  
NOR2BX1            slow          13.305600       1     13.305600  
NOR2X1             slow           9.979200      62    618.710423  
NOR2X2             slow          16.632000      19    316.007999  
NOR2X4             slow          23.284800      27    628.689589  
NOR2XL             slow           9.979200      10     99.792004  
NOR3X1             slow          13.305600       6     79.833601  
NOR3X2             slow          23.284800       4     93.139198  
NOR3X4             slow          33.264000      10    332.639999  
NOR4BBX1           slow          26.611200       1     26.611200  
NOR4BX4            slow          59.875198       2    119.750397  
NOR4X1             slow          19.958401       2     39.916801  
NOR4X4             slow          56.548801       8    452.390411  
OAI2BB1X1          slow          16.632000      46    765.071999  
OAI2BB1X2          slow          23.284800      12    279.417595  
OAI2BB1X4          slow          33.264000      19    632.015999  
OAI2BB1XL          slow          16.632000       8    133.056000  
OAI2BB2X4          slow          49.896000       2     99.792000  
OAI21X4            slow          36.590401       4    146.361603  
OAI21XL            slow          13.305600       5     66.528001  
OAI22X1            slow          19.958401      38    758.419228  
OAI22X2            slow          29.937599       7    209.563194  
OAI22X4            slow          46.569599       4    186.278397  
OAI22XL            slow          19.958401      35    698.544025  
OAI31X2            slow          29.937599       1     29.937599  
OAI31X4            slow          29.937599       1     29.937599  
OAI31XL            slow          19.958401       1     19.958401  
OAI32X1            slow          23.284800       2     46.569599  
OAI32X2            slow          36.590401       6    219.542404  
OAI32X4            slow          33.264000       3     99.792000  
OAI33X2            slow          43.243198       1     43.243198  
OAI211X1           slow          19.958401       4     79.833603  
OAI211X2           slow          33.264000       5    166.320000  
OAI211X4           slow          29.937599      17    508.939186  
OAI211XL           slow          19.958401       1     19.958401  
OAI221X4           slow          36.590401       3    109.771202  
OAI221XL           slow          23.284800       4     93.139198  
OAI222X2           slow          49.896000       1     49.896000  
OAI222X4           slow          39.916801       6    239.500809  
OR2X1              slow          13.305600       7     93.139201  
OR2X2              slow          13.305600     233   3100.204839  
OR2X4              slow          19.958401      81   1616.630459  
OR2XL              slow          13.305600      30    399.168005  
OR3X2              slow          19.958401       2     39.916801  
OR3XL              slow          16.632000       4     66.528000  
OR4X2              slow          19.958401      43    858.211231  
OR4X4              slow          36.590401      25    914.760017  
XNOR2X1            slow          26.611200      30    798.336010  
XNOR2X2            slow          36.590401      11    402.494408  
XNOR2X4            slow          56.548801       5    282.744007  
XNOR2XL            slow          26.611200       2     53.222401  
XOR2X1             slow          26.611200     484  12879.820961  
XOR2X2             slow          33.264000     199   6619.535988  
XOR2X4             slow          56.548801      74   4184.611305  
XOR2XL             slow          26.611200     127   3379.622442  
-----------------------------------------------------------------------------
Total 143 references                                91935.043937

****************************************
Design: recam_shared_config_analyzer_ROW_ADDR_W9_PHYS_COL_ADDR_W13_WORD_COL_ADDR_W5_HYBRID_LINE_ADDR_W13_HYBRID_ENTRIES7_6 
****************************************
Reference          Library       Unit Area   Count    Total Area   Attributes
-----------------------------------------------------------------------------
AND2X1             slow          13.305600       6     79.833601  
AND2X2             slow          13.305600      25    332.640004  
AND2X4             slow          16.632000       6     99.792000  
AND3X1             slow          16.632000       4     66.528000  
AND3X2             slow          16.632000       6     99.792000  
AND3X4             slow          19.958401      15    299.376011  
AND4X1             slow          19.958401       1     19.958401  
AND4X2             slow          19.958401      38    758.419228  
AND4X4             slow          36.590401      24    878.169617  
AOI2BB1X1          slow          16.632000       7    116.424000  
AOI2BB1X2          slow          23.284800       3     69.854399  
AOI2BB2X1          slow          23.284800      23    535.550390  
AOI2BB2X2          slow          29.937599       2     59.875198  
AOI2BB2XL          slow          23.284800      13    302.702394  
AOI21X2            slow          23.284800       1     23.284800  
AOI21X4            slow          33.264000       1     33.264000  
AOI22X1            slow          16.632000      28    465.695999  
AOI31X1            slow          16.632000       3     49.896000  
AOI31X2            slow          29.937599       4    119.750397  
AOI31XL            slow          16.632000       1     16.632000  
AOI32X1            slow          23.284800       2     46.569599  
AOI32X4            slow          33.264000       1     33.264000  
AOI33X1            slow          26.611200       2     53.222401  
AOI33X2            slow          43.243198       1     43.243198  
AOI33X4            slow          36.590401       1     36.590401  
AOI211X1           slow          16.632000       5     83.160000  
AOI211X2           slow          29.937599       2     59.875198  
AOI221X1           slow          23.284800      11    256.132795  
AOI221X2           slow          39.916801       1     39.916801  
AOI221X4           slow          36.590401       5    182.952003  
AOI222X1           slow          26.611200      28    745.113609  
AOI222X2           slow          46.569599       2     93.139198  
AOI222X4           slow          39.916801       1     39.916801  
AOI222XL           slow          26.611200       1     26.611200  
BUFX3              slow          13.305600      14    186.278402  
BUFX4              slow          16.632000      26    432.431999  
BUFX8              slow          29.937599      10    299.375992  
BUFX12             slow          33.264000       2     66.528000  
BUFX20             slow          53.222401       8    425.779205  
CLKBUFX4           slow          16.632000       1     16.632000  
CLKBUFX8           slow          23.284800       2     46.569599  
CLKBUFX20          slow          79.833603       7    558.835220  
CLKINVX1           slow           9.979200       4     39.916801  
CLKINVX2           slow           9.979200       8     79.833603  
CLKINVX3           slow           9.979200     236   2355.091286  
CLKINVX4           slow          13.305600      39    518.918406  
CLKINVX8           slow          19.958401      36    718.502426  
CLKINVX12          slow          63.201599       1     63.201599  
CLKINVX20          slow          96.465599      20   1929.311981  
CLKINVXL           slow           9.979200      42    419.126415  
DLY1X1             slow          19.958401       4     79.833603  
INVX1              slow           6.652800     662   4404.153655  
INVX2              slow           9.979200      37    369.230413  
INVX3              slow          13.305600       7     93.139201  
INVX4              slow          13.305600      61    811.641610  
INVX8              slow          19.958401      64   1277.337646  
INVX12             slow          43.243198      12    518.918381  
INVX16             slow          56.548801       4    226.195206  
INVX20             slow          63.201599       8    505.612793  
INVXL              slow           6.652800      39    259.459203  
MX2X1              slow          26.611200     118   3140.121639  
MX2X2              slow          29.937599      10    299.375992  
MX2X4              slow          33.264000      12    399.167999  
MX2XL              slow          26.611200       5    133.056002  
MXI2X1             slow          23.284800      83   1932.638365  
MXI2X2             slow          26.611200     103   2740.953634  
MXI2X4             slow          46.569599      17    791.683186  
MXI2XL             slow          23.284800     171   3981.700727  
NAND2BX1           slow          13.305600       2     26.611200  
NAND2X1            slow           9.979200      30    299.376011  
NAND2X2            slow          16.632000      16    266.112000  
NAND2X4            slow          23.284800      21    488.980791  
NAND2XL            slow           9.979200       9     89.812803  
NAND3BX1           slow          16.632000       1     16.632000  
NAND3BX2           slow          26.611200       1     26.611200  
NAND3BX4           slow          36.590401       5    182.952003  
NAND3X1            slow          13.305600     180   2395.008030  
NAND3X2            slow          23.284800      27    628.689589  
NAND3X4            slow          33.264000      51   1696.463997  
NAND3XL            slow          13.305600      23    306.028804  
NAND4BBX1          slow          26.611200       3     79.833601  
NAND4BBX4          slow          63.201599       4    252.806396  
NAND4BX1           slow          23.284800       1     23.284800  
NAND4BX2           slow          33.264000       2     66.528000  
NAND4BX4           slow          59.875198       3    179.625595  
NAND4BXL           slow          19.958401       2     39.916801  
NAND4X1            slow          16.632000     101   1679.831997  
NAND4X2            slow          29.937599      31    928.065575  
NAND4X4            slow          56.548801      32   1809.561646  
NAND4XL            slow          16.632000      18    299.375999  
NOR2BX1            slow          13.305600       1     13.305600  
NOR2X1             slow           9.979200      46    459.043217  
NOR2X2             slow          16.632000       7    116.424000  
NOR2X4             slow          23.284800      18    419.126392  
NOR2XL             slow           9.979200      12    119.750404  
NOR3BX4            slow          36.590401       1     36.590401  
NOR3X1             slow          13.305600       1     13.305600  
NOR3X4             slow          33.264000       6    199.584000  
NOR3XL             slow          13.305600       3     39.916800  
NOR4X4             slow          56.548801       3    169.646404  
NOR4XL             slow          19.958401       1     19.958401  
OAI2BB1X1          slow          16.632000      37    615.383999  
OAI2BB1X2          slow          23.284800      25    582.119989  
OAI2BB1X4          slow          33.264000      11    365.903999  
OAI2BB1XL          slow          16.632000       2     33.264000  
OAI21X4            slow          36.590401       2     73.180801  
OAI21XL            slow          13.305600       3     39.916800  
OAI22X1            slow          19.958401      24    479.001617  
OAI22X2            slow          29.937599      28    838.252777  
OAI22X4            slow          46.569599       7    325.987194  
OAI22XL            slow          19.958401      33    658.627224  
OAI31X2            slow          29.937599       3     89.812798  
OAI31X4            slow          29.937599       3     89.812798  
OAI32X1            slow          23.284800       1     23.284800  
OAI32X2            slow          36.590401       2     73.180801  
OAI32X4            slow          33.264000       6    199.584000  
OAI33X4            slow          36.590401       1     36.590401  
OAI211X1           slow          19.958401       3     59.875202  
OAI211X2           slow          33.264000       3     99.792000  
OAI211X4           slow          29.937599      24    718.502380  
OAI221X2           slow          43.243198       2     86.486397  
OAI221X4           slow          36.590401       5    182.952003  
OAI221XL           slow          23.284800       1     23.284800  
OAI222X1           slow          29.937599       1     29.937599  
OAI222X2           slow          49.896000       5    249.480000  
OAI222X4           slow          39.916801       2     79.833603  
OR2X1              slow          13.305600       3     39.916800  
OR2X2              slow          13.305600     262   3486.067244  
OR2X4              slow          19.958401     100   1995.840073  
OR2XL              slow          13.305600      40    532.224007  
OR3XL              slow          16.632000       5     83.160000  
OR4X1              slow          19.958401       4     79.833603  
OR4X2              slow          19.958401      42    838.252831  
OR4X4              slow          36.590401      34   1244.073624  
XNOR2X1            slow          26.611200      28    745.113609  
XNOR2X2            slow          36.590401       9    329.313606  
XNOR2X4            slow          56.548801      11    622.036816  
XNOR2XL            slow          26.611200       1     26.611200  
XOR2X1             slow          26.611200     465  12374.208155  
XOR2X2             slow          33.264000     219   7284.815987  
XOR2X4             slow          56.548801      65   3675.672092  
XOR2XL             slow          26.611200     126   3353.011242  
-----------------------------------------------------------------------------
Total 142 references                                92440.656764

****************************************
Design: recam_n2_preopt_canonical_path_selector 
****************************************
Reference          Library       Unit Area   Count    Total Area   Attributes
-----------------------------------------------------------------------------
AND2X1             slow          13.305600       1     13.305600  
AND2X2             slow          13.305600      44    585.446407  
AND2X4             slow          16.632000      21    349.271999  
AND3X2             slow          16.632000      10    166.320000  
AND3X4             slow          19.958401       7    139.708805  
BUFX8              slow          29.937599       1     29.937599  
BUFX12             slow          33.264000       1     33.264000  
CLKINVX1           slow           9.979200       1      9.979200  
CLKINVX2           slow           9.979200       1      9.979200  
CLKINVX3           slow           9.979200       7     69.854403  
CLKINVX4           slow          13.305600       3     39.916800  
CLKINVX8           slow          19.958401       3     59.875202  
CLKINVX20          slow          96.465599       5    482.327995  
CLKINVXL           slow           9.979200       2     19.958401  
DLY1X1             slow          19.958401       3     59.875202  
INVX1              slow           6.652800      26    172.972802  
INVX2              slow           9.979200       3     29.937601  
INVX4              slow          13.305600      10    133.056002  
INVX8              slow          19.958401       4     79.833603  
INVX12             slow          43.243198       3    129.729595  
INVX16             slow          56.548801       1     56.548801  
INVXL              slow           6.652800      17    113.097601  
NAND2BX4           slow          26.611200       2     53.222401  
NAND2X1            slow           9.979200       3     29.937601  
NAND2X2            slow          16.632000       4     66.528000  
NAND2X4            slow          23.284800      16    372.556793  
NAND2XL            slow           9.979200       7     69.854403  
NAND3BX4           slow          36.590401       1     36.590401  
NAND3X1            slow          13.305600      28    372.556805  
NAND3X2            slow          23.284800      18    419.126392  
NAND3X4            slow          33.264000      58   1929.311996  
NAND3XL            slow          13.305600      21    279.417603  
NAND4BBX2          slow          36.590401       2     73.180801  
NAND4BXL           slow          19.958401      16    319.334412  
NAND4X1            slow          16.632000       4     66.528000  
NAND4X2            slow          29.937599       9    269.438393  
NAND4XL            slow          16.632000       1     16.632000  
NOR2X1             slow           9.979200       2     19.958401  
NOR2X2             slow          16.632000       3     49.896000  
NOR2X4             slow          23.284800       7    162.993597  
NOR2XL             slow           9.979200       4     39.916801  
OAI21XL            slow          13.305600      16    212.889603  
OAI211X1           slow          19.958401       3     59.875202  
OAI211X4           slow          29.937599       2     59.875198  
OAI211XL           slow          19.958401      11    219.542408  
OR3X4              slow          29.937599       1     29.937599  
recam_dss_hyp02_static_selector
                               6769.224068       1   6769.224068  h
-----------------------------------------------------------------------------
Total 47 references                                 14782.521698

****************************************
Design: recam_dss_hyp02_static_selector 
****************************************
Reference          Library       Unit Area   Count    Total Area   Attributes
-----------------------------------------------------------------------------
AND2X1             slow          13.305600       6     79.833601  
AND2X2             slow          13.305600      12    159.667202  
AND2X4             slow          16.632000       8    133.056000  
AND2XL             slow          13.305600       1     13.305600  
AND3X1             slow          16.632000       1     16.632000  
AND3X2             slow          16.632000       2     33.264000  
AND3X4             slow          19.958401      25    498.960018  
AOI21XL            slow          13.305600       2     26.611200  
AOI22X1            slow          16.632000      13    216.216000  
AOI22X2            slow          29.937599       5    149.687996  
AOI22X4            slow          46.569599       3    139.708797  
AOI22XL            slow          16.632000      12    199.584000  
AOI211X4           slow          33.264000       3     99.792000  
AOI221X4           slow          36.590401       1     36.590401  
BUFX3              slow          13.305600       2     26.611200  
BUFX12             slow          33.264000       2     66.528000  
BUFX20             slow          53.222401       1     53.222401  
CLKBUFX20          slow          79.833603       1     79.833603  
CLKINVX4           slow          13.305600       2     26.611200  
CLKINVX8           slow          19.958401       2     39.916801  
CLKINVXL           slow           9.979200       2     19.958401  
DLY1X1             slow          19.958401       2     39.916801  
INVX1              slow           6.652800      17    113.097601  
INVX2              slow           9.979200       1      9.979200  
INVX8              slow          19.958401       1     19.958401  
INVXL              slow           6.652800       1      6.652800  
NAND2BXL           slow          13.305600      12    159.667202  
NAND2X1            slow           9.979200      34    339.292812  
NAND2X2            slow          16.632000       6     99.792000  
NAND2X4            slow          23.284800      12    279.417595  
NAND2XL            slow           9.979200      26    259.459209  
NAND3BX1           slow          16.632000       6     99.792000  
NAND3BX2           slow          26.611200       2     53.222401  
NAND3BX4           slow          36.590401       7    256.132805  
NAND3BXL           slow          16.632000      12    199.584000  
NAND3X1            slow          13.305600       9    119.750401  
NAND3X2            slow          23.284800       2     46.569599  
NAND3X4            slow          33.264000       8    266.112000  
NAND3XL            slow          13.305600      10    133.056002  
NAND4BX2           slow          33.264000       1     33.264000  
NAND4BX4           slow          59.875198       4    239.500793  
NAND4BXL           slow          19.958401       3     59.875202  
NAND4X1            slow          16.632000       2     33.264000  
NAND4X2            slow          29.937599       2     59.875198  
NAND4X4            slow          56.548801       2    113.097603  
NOR2BX1            slow          13.305600      18    239.500803  
NOR2BX4            slow          26.611200       1     26.611200  
NOR2BXL            slow          13.305600       4     53.222401  
NOR2X1             slow           9.979200       4     39.916801  
NOR2XL             slow           9.979200      20    199.584007  
NOR3BX1            slow          19.958401       1     19.958401  
NOR3BX4            slow          36.590401       5    182.952003  
NOR3BXL            slow          19.958401       1     19.958401  
NOR3X1             slow          13.305600       8    106.444801  
NOR3X4             slow          33.264000       1     33.264000  
NOR3XL             slow          13.305600       7     93.139201  
NOR4BX1            slow          19.958401       3     59.875202  
NOR4BX2            slow          33.264000       1     33.264000  
NOR4BX4            slow          59.875198       3    179.625595  
NOR4X1             slow          19.958401       2     39.916801  
OAI21X2            slow          26.611200       1     26.611200  
OAI21XL            slow          13.305600       3     39.916800  
OAI211X4           slow          29.937599       1     29.937599  
OR2XL              slow          13.305600       1     13.305600  
OR3X2              slow          19.958401       1     19.958401  
OR3X4              slow          29.937599       1     29.937599  
OR3XL              slow          16.632000       3     49.896000  
OR4X2              slow          19.958401       2     39.916801  
OR4X4              slow          36.590401       1     36.590401  
-----------------------------------------------------------------------------
Total 69 references                                  6769.224068
1
