vector_id,seed,early_repairable,group_repairable,early_start_cycle,early_first_commit_cycle,early_final_commit_cycle,early_done_cycle,early_l_first_commit,early_l_final_commit,early_l_done,early_commit_count,group_start_cycle,group_done_cycle,group_l_done,delta_done,early_selected_config_flat,early_selected_pattern_flat,group_selected_config_flat,group_selected_pattern_flat
0,20260922,0,0,0,NA,NA,4,NA,NA,4,0,0,17,17,13,0,0,0,0
1,20260922,1,1,0,1,4,4,1,4,4,4,0,17,17,13,2124,4369,0,4369
2,20260922,0,0,0,NA,NA,4,NA,NA,4,0,0,17,17,13,0,0,0,0
3,20260922,0,0,0,3,NA,7,3,NA,7,1,0,17,17,10,6,1,0,0
4,20260922,1,1,0,2,8,8,2,8,8,4,0,17,17,9,0,13107,0,13107
5,20260922,0,0,0,NA,NA,4,NA,NA,4,0,0,17,17,13,0,0,0,0
6,20260922,1,1,0,3,12,12,3,12,12,4,0,17,17,5,3294,4369,3294,4369
7,20260922,1,1,0,1,4,4,1,4,4,4,0,17,17,13,2124,4369,0,4369
8,20260922,0,0,0,NA,NA,4,NA,NA,4,0,0,17,17,13,0,0,0,0
9,20260922,1,1,0,1,4,4,1,4,4,4,0,17,17,13,2124,4369,0,4369
10,20260922,1,1,0,1,6,6,1,6,6,4,0,17,17,11,2052,5729,0,26214
11,20260922,0,0,0,NA,NA,4,NA,NA,4,0,0,17,17,13,0,0,0,0
12,20260922,0,0,0,4,NA,8,4,NA,8,1,0,17,17,9,5,7,0,0
13,20260922,0,0,0,NA,NA,4,NA,NA,4,0,0,17,17,13,0,0,0,0
14,20260922,1,1,0,2,8,8,2,8,8,4,0,17,17,9,0,26214,0,26214
15,20260922,0,0,0,NA,NA,4,NA,NA,4,0,0,17,17,13,0,0,0,0
16,20260922,1,1,0,1,4,4,1,4,4,4,0,17,17,13,2124,4369,0,4369
17,20260922,0,0,0,4,NA,8,4,NA,8,1,0,17,17,9,5,2,0,0
18,20260922,0,0,0,NA,NA,4,NA,NA,4,0,0,17,17,13,0,0,0,0
19,20260922,0,0,0,NA,NA,4,NA,NA,4,0,0,17,17,13,0,0,0,0
20,20260922,0,0,0,NA,NA,4,NA,NA,4,0,0,17,17,13,0,0,0,0
21,20260922,1,1,0,3,12,12,3,12,12,4,0,17,17,5,3294,4369,3294,4369
22,20260922,0,0,0,3,NA,7,3,NA,7,1,0,17,17,10,6,1,0,0
23,20260922,1,1,0,1,4,4,1,4,4,4,0,17,17,13,2124,4369,0,4369
24,20260922,0,0,0,NA,NA,4,NA,NA,4,0,0,17,17,13,0,0,0,0
25,20260922,1,1,0,1,4,4,1,4,4,4,0,17,17,13,2124,4369,0,4369
26,20260922,1,1,0,1,4,4,1,4,4,4,0,17,17,13,2124,4369,0,4369
27,20260922,0,0,0,4,NA,11,4,NA,11,2,0,17,17,6,29,20,0,0
28,20260922,0,0,0,NA,NA,4,NA,NA,4,0,0,17,17,13,0,0,0,0
29,20260922,0,0,0,NA,NA,4,NA,NA,4,0,0,17,17,13,0,0,0,0
30,20260922,1,1,0,3,12,12,3,12,12,4,0,17,17,5,3294,4369,3294,4369
31,20260922,0,0,0,3,NA,7,3,NA,7,1,0,17,17,10,6,1,0,0
32,20260922,0,0,0,4,NA,8,4,NA,8,1,0,17,17,9,5,7,0,0
33,20260922,1,1,0,1,4,4,1,4,4,4,0,17,17,13,2124,4369,0,4369
34,20260922,1,1,0,1,4,4,1,4,4,4,0,17,17,13,2124,4369,0,4369
35,20260922,1,1,0,1,4,4,1,4,4,4,0,17,17,13,2124,4369,0,4369
36,20260922,1,1,0,1,4,4,1,4,4,4,0,17,17,13,2124,4369,0,4369
37,20260922,1,1,0,4,10,10,4,10,10,4,0,17,17,7,2637,41242,2637,41242
38,20260922,0,0,0,4,NA,8,4,NA,8,1,0,17,17,9,5,4,0,0
39,20260922,1,1,0,3,12,12,3,12,12,4,0,17,17,5,3294,4369,3294,4369
40,20260922,1,1,0,1,4,4,1,4,4,4,0,17,17,13,2124,4369,0,4369
41,20260922,0,0,0,NA,NA,4,NA,NA,4,0,0,17,17,13,0,0,0,0
42,20260922,1,1,0,1,4,4,1,4,4,4,0,17,17,13,2124,4369,0,4369
43,20260922,1,1,0,2,6,6,2,6,6,4,0,17,17,11,72,4369,0,4369
44,20260922,0,0,0,NA,NA,4,NA,NA,4,0,0,17,17,13,0,0,0,0
45,20260922,0,0,0,NA,NA,4,NA,NA,4,0,0,17,17,13,0,0,0,0
46,20260922,1,1,0,1,4,4,1,4,4,4,0,17,17,13,2124,4369,0,4369
47,20260922,1,1,0,1,4,4,1,4,4,4,0,17,17,13,2124,4369,0,4369
48,20260922,0,0,0,NA,NA,4,NA,NA,4,0,0,17,17,13,0,0,0,0
49,20260922,0,0,0,NA,NA,4,NA,NA,4,0,0,17,17,13,0,0,0,0
50,20260922,0,0,0,NA,NA,4,NA,NA,4,0,0,17,17,13,0,0,0,0
51,20260922,0,0,0,4,NA,8,4,NA,8,1,0,17,17,9,5,10,0,0
52,20260922,0,0,0,NA,NA,4,NA,NA,4,0,0,17,17,13,0,0,0,0
53,20260922,0,0,0,NA,NA,4,NA,NA,4,0,0,17,17,13,0,0,0,0
54,20260922,0,0,0,NA,NA,4,NA,NA,4,0,0,17,17,13,0,0,0,0
55,20260922,0,0,0,NA,NA,4,NA,NA,4,0,0,17,17,13,0,0,0,0
56,20260922,0,0,0,NA,NA,4,NA,NA,4,0,0,17,17,13,0,0,0,0
57,20260922,0,0,0,NA,NA,4,NA,NA,4,0,0,17,17,13,0,0,0,0
58,20260922,0,0,0,NA,NA,4,NA,NA,4,0,0,17,17,13,0,0,0,0
59,20260922,1,1,0,1,4,4,1,4,4,4,0,17,17,13,2124,4369,0,4369
60,20260922,1,1,0,3,12,12,3,12,12,4,0,17,17,5,3294,4369,3294,4369
61,20260922,0,0,0,4,NA,8,4,NA,8,1,0,17,17,9,5,9,0,0
62,20260922,1,1,0,1,4,4,1,4,4,4,0,17,17,13,2124,4369,0,4369
63,20260922,0,0,0,4,NA,8,4,NA,8,1,0,17,17,9,5,9,0,0
64,20260922,0,0,0,3,NA,7,3,NA,7,1,0,17,17,10,6,1,0,0
65,20260922,0,0,0,NA,NA,4,NA,NA,4,0,0,17,17,13,0,0,0,0
66,20260922,1,1,0,1,4,4,1,4,4,4,0,17,17,13,2124,4369,0,4369
67,20260922,1,1,0,3,12,12,3,12,12,4,0,17,17,5,3294,4369,3294,4369
68,20260922,0,0,0,NA,NA,4,NA,NA,4,0,0,17,17,13,0,0,0,0
69,20260922,1,1,0,1,4,4,1,4,4,4,0,17,17,13,2124,4369,0,4369
70,20260922,1,1,0,1,4,4,1,4,4,4,0,17,17,13,2124,4369,0,4369
71,20260922,1,1,0,2,6,6,2,6,6,4,0,17,17,11,72,4369,0,4369
72,20260922,0,0,0,NA,NA,4,NA,NA,4,0,0,17,17,13,0,0,0,0
73,20260922,1,1,0,1,4,4,1,4,4,4,0,17,17,13,2124,4369,0,4369
74,20260922,0,0,0,NA,NA,4,NA,NA,4,0,0,17,17,13,0,0,0,0
75,20260922,0,0,0,3,NA,7,3,NA,7,1,0,17,17,10,6,3,0,0
76,20260922,1,1,0,1,4,4,1,4,4,4,0,17,17,13,2124,12563,0,4369
77,20260922,1,1,0,3,12,12,3,12,12,4,0,17,17,5,3294,4369,3294,4369
78,20260922,1,1,0,1,4,4,1,4,4,4,0,17,17,13,2124,4369,0,4369
79,20260922,1,1,0,3,12,12,3,12,12,4,0,17,17,5,3294,4369,3294,4369
80,20260922,1,1,0,1,6,6,1,6,6,4,0,17,17,11,2052,5729,0,26214
81,20260922,0,0,0,NA,NA,4,NA,NA,4,0,0,17,17,13,0,0,0,0
82,20260922,1,1,0,1,4,4,1,4,4,4,0,17,17,13,2124,4369,0,4369
83,20260922,1,1,0,1,4,4,1,4,4,4,0,17,17,13,2124,4369,0,4369
84,20260922,0,0,0,NA,NA,4,NA,NA,4,0,0,17,17,13,0,0,0,0
85,20260922,1,1,0,2,6,6,2,6,6,4,0,17,17,11,72,4369,0,4369
86,20260922,1,1,0,1,4,4,1,4,4,4,0,17,17,13,2124,4369,0,4369
87,20260922,0,0,0,NA,NA,4,NA,NA,4,0,0,17,17,13,0,0,0,0
88,20260922,1,1,0,2,6,6,2,6,6,4,0,17,17,11,72,4369,0,4369
89,20260922,0,0,0,3,NA,7,3,NA,7,1,0,17,17,10,6,1,0,0
90,20260922,1,1,0,2,6,6,2,6,6,4,0,17,17,11,72,4369,0,4369
91,20260922,1,1,0,3,12,12,3,12,12,4,0,17,17,5,3294,4369,3294,4369
92,20260922,1,1,0,3,12,12,3,12,12,4,0,17,17,5,3294,4369,3294,4369
93,20260922,1,1,0,1,4,4,1,4,4,4,0,17,17,13,2124,4369,0,4369
94,20260922,0,0,0,NA,NA,4,NA,NA,4,0,0,17,17,13,0,0,0,0
95,20260922,1,1,0,1,4,4,1,4,4,4,0,17,17,13,2124,4913,0,17476
96,20260922,1,1,0,1,4,4,1,4,4,4,0,17,17,13,2124,4369,0,4369
97,20260922,0,0,0,NA,NA,4,NA,NA,4,0,0,17,17,13,0,0,0,0
98,20260922,0,0,0,4,NA,8,4,NA,8,1,0,17,17,9,5,2,0,0
99,20260922,0,0,0,NA,NA,4,NA,NA,4,0,0,17,17,13,0,0,0,0
100,20260922,1,1,0,3,12,12,3,12,12,4,0,17,17,5,3294,5185,3294,5185
101,20260922,1,1,0,1,4,4,1,4,4,4,0,17,17,13,2124,4369,0,4369
102,20260922,1,1,0,1,4,4,1,4,4,4,0,17,17,13,2124,4369,0,4369
103,20260922,1,1,0,1,6,6,1,6,6,4,0,17,17,11,2052,5729,0,26214
104,20260922,1,1,0,1,4,4,1,4,4,4,0,17,17,13,2124,4369,0,4369
105,20260922,0,0,0,NA,NA,4,NA,NA,4,0,0,17,17,13,0,0,0,0
106,20260922,1,1,0,1,4,4,1,4,4,4,0,17,17,13,2124,4641,2124,4641
107,20260922,1,1,0,1,6,6,1,6,6,4,0,17,17,11,2052,5185,0,17476
108,20260922,0,0,0,3,NA,7,3,NA,7,1,0,17,17,10,6,1,0,0
109,20260922,0,0,0,NA,NA,4,NA,NA,4,0,0,17,17,13,0,0,0,0
110,20260922,1,1,0,1,4,4,1,4,4,4,0,17,17,13,2124,4369,0,4369
111,20260922,1,1,0,3,12,12,3,12,12,4,0,17,17,5,3294,4369,3294,4369
112,20260922,0,0,0,NA,NA,4,NA,NA,4,0,0,17,17,13,0,0,0,0
113,20260922,0,0,0,NA,NA,4,NA,NA,4,0,0,17,17,13,0,0,0,0
114,20260922,1,1,0,3,12,12,3,12,12,4,0,17,17,5,3294,4369,3294,4369
115,20260922,1,1,0,3,12,12,3,12,12,4,0,17,17,5,3294,4369,3294,4369
116,20260922,0,0,0,NA,NA,4,NA,NA,4,0,0,17,17,13,0,0,0,0
117,20260922,1,1,0,1,4,4,1,4,4,4,0,17,17,13,2124,4369,0,4369
118,20260922,0,0,0,NA,NA,4,NA,NA,4,0,0,17,17,13,0,0,0,0
119,20260922,1,1,0,1,4,4,1,4,4,4,0,17,17,13,2124,4369,0,4369
120,20260922,1,1,0,2,6,6,2,6,6,4,0,17,17,11,72,4369,0,4369
121,20260922,0,0,0,NA,NA,4,NA,NA,4,0,0,17,17,13,0,0,0,0
122,20260922,0,0,0,NA,NA,4,NA,NA,4,0,0,17,17,13,0,0,0,0
123,20260922,0,0,0,3,NA,7,3,NA,7,1,0,17,17,10,6,1,0,0
124,20260922,1,1,0,1,4,4,1,4,4,4,0,17,17,13,2124,4369,0,4369
125,20260922,0,0,0,NA,NA,4,NA,NA,4,0,0,17,17,13,0,0,0,0
126,20260922,0,0,0,NA,NA,4,NA,NA,4,0,0,17,17,13,0,0,0,0
127,20260922,0,0,0,NA,NA,4,NA,NA,4,0,0,17,17,13,0,0,0,0
128,20260922,1,1,0,1,4,4,1,4,4,4,0,17,17,13,2124,4369,0,4369
129,20260922,1,1,0,1,4,4,1,4,4,4,0,17,17,13,2124,4369,0,4369
130,20260922,0,0,0,NA,NA,4,NA,NA,4,0,0,17,17,13,0,0,0,0
131,20260922,1,1,0,1,4,4,1,4,4,4,0,17,17,13,2124,4369,0,4369
132,20260922,0,0,0,NA,NA,4,NA,NA,4,0,0,17,17,13,0,0,0,0
133,20260922,1,1,0,1,4,4,1,4,4,4,0,17,17,13,2124,4369,0,4369
134,20260922,0,0,0,NA,NA,4,NA,NA,4,0,0,17,17,13,0,0,0,0
135,20260922,0,0,0,NA,NA,4,NA,NA,4,0,0,17,17,13,0,0,0,0
136,20260922,0,0,0,NA,NA,4,NA,NA,4,0,0,17,17,13,0,0,0,0
137,20260922,1,1,0,1,4,4,1,4,4,4,0,17,17,13,2124,4369,0,4369
138,20260922,0,0,0,NA,NA,4,NA,NA,4,0,0,17,17,13,0,0,0,0
139,20260922,0,0,0,3,NA,7,3,NA,7,1,0,17,17,10,6,1,0,0
140,20260922,0,0,0,NA,NA,4,NA,NA,4,0,0,17,17,13,0,0,0,0
141,20260922,0,0,0,NA,NA,4,NA,NA,4,0,0,17,17,13,0,0,0,0
142,20260922,1,1,0,2,6,6,2,6,6,4,0,17,17,11,72,4369,0,4369
143,20260922,1,1,0,1,4,4,1,4,4,4,0,17,17,13,2124,12563,0,4369
144,20260922,1,1,0,1,4,4,1,4,4,4,0,17,17,13,2124,12563,0,4369
145,20260922,0,0,0,NA,NA,4,NA,NA,4,0,0,17,17,13,0,0,0,0
146,20260922,1,1,0,1,4,4,1,4,4,4,0,17,17,13,2124,4913,0,17476
147,20260922,0,0,0,NA,NA,4,NA,NA,4,0,0,17,17,13,0,0,0,0
148,20260922,0,0,0,NA,NA,4,NA,NA,4,0,0,17,17,13,0,0,0,0
149,20260922,1,1,0,1,4,4,1,4,4,4,0,17,17,13,2124,12563,0,4369
150,20260922,1,1,0,2,6,6,2,6,6,4,0,17,17,11,72,8738,0,8738
151,20260922,1,1,0,3,12,12,3,12,12,4,0,17,17,5,3294,4369,3294,4369
152,20260922,0,0,0,NA,NA,4,NA,NA,4,0,0,17,17,13,0,0,0,0
153,20260922,0,0,0,NA,NA,4,NA,NA,4,0,0,17,17,13,0,0,0,0
154,20260922,0,0,0,NA,NA,4,NA,NA,4,0,0,17,17,13,0,0,0,0
155,20260922,1,1,0,1,4,4,1,4,4,4,0,17,17,13,2124,4913,0,17476
156,20260922,1,1,0,2,8,8,2,8,8,4,0,17,17,9,0,13107,0,13107
157,20260922,0,0,0,NA,NA,4,NA,NA,4,0,0,17,17,13,0,0,0,0
158,20260922,1,1,0,1,4,4,1,4,4,4,0,17,17,13,2124,4369,0,4369
159,20260922,0,0,0,NA,NA,4,NA,NA,4,0,0,17,17,13,0,0,0,0
160,20260922,0,0,0,3,NA,7,3,NA,7,1,0,17,17,10,6,1,0,0
161,20260922,0,0,0,NA,NA,4,NA,NA,4,0,0,17,17,13,0,0,0,0
162,20260922,0,0,0,3,NA,7,3,NA,7,1,0,17,17,10,6,1,0,0
163,20260922,0,0,0,3,NA,7,3,NA,7,1,0,17,17,10,6,1,0,0
164,20260922,1,1,0,2,8,8,2,8,8,4,0,17,17,9,0,4369,0,4369
165,20260922,0,0,0,NA,NA,4,NA,NA,4,0,0,17,17,13,0,0,0,0
166,20260922,0,0,0,NA,NA,4,NA,NA,4,0,0,17,17,13,0,0,0,0
167,20260922,0,0,0,NA,NA,4,NA,NA,4,0,0,17,17,13,0,0,0,0
168,20260922,0,0,0,NA,NA,4,NA,NA,4,0,0,17,17,13,0,0,0,0
169,20260922,1,1,0,3,12,12,3,12,12,4,0,17,17,5,3294,4369,3294,4369
170,20260922,0,0,0,NA,NA,4,NA,NA,4,0,0,17,17,13,0,0,0,0
171,20260922,1,1,0,2,8,8,2,8,8,4,0,17,17,9,0,17476,0,17476
172,20260922,1,1,0,1,6,6,1,6,6,4,0,17,17,11,2052,5185,0,17476
173,20260922,1,1,0,2,6,6,2,6,6,4,0,17,17,11,72,4369,0,4369
174,20260922,0,0,0,NA,NA,4,NA,NA,4,0,0,17,17,13,0,0,0,0
175,20260922,1,1,0,1,4,4,1,4,4,4,0,17,17,13,2124,4369,0,4369
176,20260922,0,0,0,NA,NA,4,NA,NA,4,0,0,17,17,13,0,0,0,0
177,20260922,0,0,0,NA,NA,4,NA,NA,4,0,0,17,17,13,0,0,0,0
178,20260922,0,0,0,NA,NA,4,NA,NA,4,0,0,17,17,13,0,0,0,0
179,20260922,0,0,0,NA,NA,4,NA,NA,4,0,0,17,17,13,0,0,0,0
180,20260922,1,1,0,1,4,4,1,4,4,4,0,17,17,13,2124,4369,0,4369
181,20260922,1,1,0,1,6,6,1,6,6,4,0,17,17,11,2052,9554,0,21845
182,20260922,0,0,0,NA,NA,4,NA,NA,4,0,0,17,17,13,0,0,0,0
183,20260922,0,0,0,NA,NA,4,NA,NA,4,0,0,17,17,13,0,0,0,0
184,20260922,0,0,0,4,NA,8,4,NA,8,1,0,17,17,9,5,3,0,0
185,20260922,0,0,0,3,NA,7,3,NA,7,1,0,17,17,10,6,2,0,0
186,20260922,0,0,0,3,NA,7,3,NA,7,1,0,17,17,10,6,4,0,0
187,20260922,1,1,0,1,4,4,1,4,4,4,0,17,17,13,2124,4913,0,17476
188,20260922,0,0,0,NA,NA,4,NA,NA,4,0,0,17,17,13,0,0,0,0
189,20260922,1,1,0,3,12,12,3,12,12,4,0,17,17,5,3294,4369,3294,4369
190,20260922,1,1,0,3,12,12,3,12,12,4,0,17,17,5,3294,4369,3294,4369
191,20260922,0,0,0,NA,NA,4,NA,NA,4,0,0,17,17,13,0,0,0,0
192,20260922,1,1,0,1,6,6,1,6,6,4,0,17,17,11,2052,4641,0,8738
193,20260922,0,0,0,NA,NA,4,NA,NA,4,0,0,17,17,13,0,0,0,0
194,20260922,0,0,0,NA,NA,4,NA,NA,4,0,0,17,17,13,0,0,0,0
195,20260922,1,1,0,1,4,4,1,4,4,4,0,17,17,13,2124,4369,0,4369
196,20260922,0,0,0,NA,NA,4,NA,NA,4,0,0,17,17,13,0,0,0,0
197,20260922,0,0,0,NA,NA,4,NA,NA,4,0,0,17,17,13,0,0,0,0
198,20260922,1,1,0,1,6,6,1,6,6,4,0,17,17,11,2052,5729,0,26214
199,20260922,0,0,0,NA,NA,4,NA,NA,4,0,0,17,17,13,0,0,0,0
200,20260922,0,0,0,NA,NA,4,NA,NA,4,0,0,17,17,13,0,0,0,0
201,20260922,0,0,0,NA,NA,4,NA,NA,4,0,0,17,17,13,0,0,0,0
202,20260922,0,0,0,3,NA,7,3,NA,7,1,0,17,17,10,6,1,0,0
203,20260922,0,0,0,NA,NA,4,NA,NA,4,0,0,17,17,13,0,0,0,0
204,20260922,1,1,0,1,4,4,1,4,4,4,0,17,17,13,2124,12563,0,4369
205,20260922,1,1,0,2,6,6,2,6,6,4,0,17,17,11,72,4369,0,4369
206,20260922,1,1,0,1,4,4,1,4,4,4,0,17,17,13,2124,4369,0,4369
207,20260922,1,1,0,1,4,4,1,4,4,4,0,17,17,13,2124,4369,0,4369
208,20260922,1,1,0,1,4,4,1,4,4,4,0,17,17,13,2124,4369,0,4369
209,20260922,1,1,0,1,4,4,1,4,4,4,0,17,17,13,2124,4369,0,4369
210,20260922,0,0,0,4,NA,11,4,NA,11,2,0,17,17,6,29,18,0,0
211,20260922,0,0,0,NA,NA,4,NA,NA,4,0,0,17,17,13,0,0,0,0
212,20260922,1,1,0,1,6,6,1,6,6,4,0,17,17,11,2052,5185,0,17476
213,20260922,0,0,0,3,NA,7,3,NA,7,1,0,17,17,10,6,1,0,0
214,20260922,1,1,0,2,6,6,2,6,6,4,0,17,17,11,72,4369,0,4369
215,20260922,1,1,0,1,4,4,1,4,4,4,0,17,17,13,2124,12563,0,4369
216,20260922,1,1,0,2,6,6,2,6,6,4,0,17,17,11,72,4369,0,4369
217,20260922,1,1,0,1,6,6,1,6,6,4,0,17,17,11,2052,5185,0,17476
218,20260922,1,1,0,1,4,4,1,4,4,4,0,17,17,13,2124,4369,0,4369
219,20260922,0,0,0,NA,NA,4,NA,NA,4,0,0,17,17,13,0,0,0,0
220,20260922,0,0,0,NA,NA,4,NA,NA,4,0,0,17,17,13,0,0,0,0
221,20260922,0,0,0,NA,NA,4,NA,NA,4,0,0,17,17,13,0,0,0,0
222,20260922,0,0,0,NA,NA,4,NA,NA,4,0,0,17,17,13,0,0,0,0
223,20260922,0,0,0,4,NA,8,4,NA,8,1,0,17,17,9,5,1,0,0
224,20260922,1,1,0,2,8,8,2,8,8,4,0,17,17,9,0,26214,0,26214
225,20260922,1,1,0,2,6,6,2,6,6,4,0,17,17,11,72,8738,0,8738
226,20260922,1,1,0,1,6,6,1,6,6,4,0,17,17,11,2052,5729,0,26214
227,20260922,0,0,0,NA,NA,4,NA,NA,4,0,0,17,17,13,0,0,0,0
228,20260922,1,1,0,2,6,6,2,6,6,4,0,17,17,11,72,4369,0,4369
229,20260922,1,1,0,3,12,12,3,12,12,4,0,17,17,5,3294,4369,3294,4369
230,20260922,1,1,0,1,4,4,1,4,4,4,0,17,17,13,2124,4369,0,4369
231,20260922,0,0,0,3,NA,7,3,NA,7,1,0,17,17,10,6,1,0,0
232,20260922,0,0,0,NA,NA,4,NA,NA,4,0,0,17,17,13,0,0,0,0
233,20260922,1,1,0,2,6,6,2,6,6,4,0,17,17,11,72,4369,0,4369
234,20260922,0,0,0,NA,NA,4,NA,NA,4,0,0,17,17,13,0,0,0,0
235,20260922,0,0,0,NA,NA,4,NA,NA,4,0,0,17,17,13,0,0,0,0
236,20260922,1,1,0,1,4,4,1,4,4,4,0,17,17,13,2124,4369,0,4369
237,20260922,0,0,0,NA,NA,4,NA,NA,4,0,0,17,17,13,0,0,0,0
238,20260922,1,1,0,1,4,4,1,4,4,4,0,17,17,13,2124,4369,0,4369
239,20260922,1,1,0,2,8,8,2,8,8,4,0,17,17,9,0,4369,0,4369
240,20260922,0,0,0,NA,NA,4,NA,NA,4,0,0,17,17,13,0,0,0,0
241,20260922,1,1,0,1,4,4,1,4,4,4,0,17,17,13,2124,4913,0,17476
242,20260922,1,1,0,2,8,8,2,8,8,4,0,17,17,9,0,21845,0,21845
243,20260922,0,0,0,3,NA,7,3,NA,7,1,0,17,17,10,6,1,0,0
244,20260922,1,1,0,1,4,4,1,4,4,4,0,17,17,13,2124,12563,0,4369
245,20260922,1,1,0,1,4,4,1,4,4,4,0,17,17,13,2124,4369,0,4369
246,20260922,0,0,0,NA,NA,4,NA,NA,4,0,0,17,17,13,0,0,0,0
247,20260922,0,0,0,3,NA,7,3,NA,7,1,0,17,17,10,6,1,0,0
248,20260922,0,0,0,NA,NA,4,NA,NA,4,0,0,17,17,13,0,0,0,0
249,20260922,0,0,0,NA,NA,4,NA,NA,4,0,0,17,17,13,0,0,0,0
250,20260922,0,0,0,NA,NA,4,NA,NA,4,0,0,17,17,13,0,0,0,0
251,20260922,0,0,0,NA,NA,4,NA,NA,4,0,0,17,17,13,0,0,0,0
252,20260922,0,0,0,NA,NA,4,NA,NA,4,0,0,17,17,13,0,0,0,0
253,20260922,0,0,0,NA,NA,4,NA,NA,4,0,0,17,17,13,0,0,0,0
254,20260922,1,1,0,1,4,4,1,4,4,4,0,17,17,13,2124,4369,0,4369
255,20260922,1,1,0,1,4,4,1,4,4,4,0,17,17,13,2124,4369,0,4369
256,20260922,1,1,0,1,4,4,1,4,4,4,0,17,17,13,2124,4369,0,4369
257,20260922,0,0,0,NA,NA,4,NA,NA,4,0,0,17,17,13,0,0,0,0
258,20260922,1,1,0,1,4,4,1,4,4,4,0,17,17,13,2124,4369,0,4369
259,20260922,0,0,0,3,NA,7,3,NA,7,1,0,17,17,10,6,1,0,0
260,20260922,1,1,0,1,4,4,1,4,4,4,0,17,17,13,2124,4369,0,4369
261,20260922,0,0,0,NA,NA,4,NA,NA,4,0,0,17,17,13,0,0,0,0
262,20260922,0,0,0,4,NA,8,4,NA,8,1,0,17,17,9,5,4,0,0
263,20260922,0,0,0,NA,NA,4,NA,NA,4,0,0,17,17,13,0,0,0,0
264,20260922,1,1,0,1,4,4,1,4,4,4,0,17,17,13,2124,4369,0,4369
265,20260922,0,0,0,3,NA,7,3,NA,7,1,0,17,17,10,6,1,0,0
266,20260922,0,0,0,NA,NA,4,NA,NA,4,0,0,17,17,13,0,0,0,0
267,20260922,0,0,0,NA,NA,4,NA,NA,4,0,0,17,17,13,0,0,0,0
268,20260922,0,0,0,NA,NA,4,NA,NA,4,0,0,17,17,13,0,0,0,0
269,20260922,0,0,0,3,NA,7,3,NA,7,1,0,17,17,10,6,2,0,0
270,20260922,0,0,0,NA,NA,4,NA,NA,4,0,0,17,17,13,0,0,0,0
271,20260922,1,1,0,1,4,4,1,4,4,4,0,17,17,13,2124,4369,0,4369
272,20260922,0,0,0,3,NA,7,3,NA,7,1,0,17,17,10,6,1,0,0
273,20260922,1,1,0,1,4,4,1,4,4,4,0,17,17,13,2124,4369,0,4369
274,20260922,1,1,0,1,4,4,1,4,4,4,0,17,17,13,2124,4369,0,4369
275,20260922,1,1,0,1,4,4,1,4,4,4,0,17,17,13,2124,4369,0,4369
276,20260922,0,0,0,NA,NA,4,NA,NA,4,0,0,17,17,13,0,0,0,0
277,20260922,0,0,0,NA,NA,4,NA,NA,4,0,0,17,17,13,0,0,0,0
278,20260922,1,1,0,3,12,12,3,12,12,4,0,17,17,5,3294,4369,3294,4369
279,20260922,0,0,0,NA,NA,4,NA,NA,4,0,0,17,17,13,0,0,0,0
280,20260922,0,0,0,NA,NA,4,NA,NA,4,0,0,17,17,13,0,0,0,0
281,20260922,1,1,0,1,4,4,1,4,4,4,0,17,17,13,2124,4369,0,4369
282,20260922,0,0,0,NA,NA,4,NA,NA,4,0,0,17,17,13,0,0,0,0
283,20260922,1,1,0,2,6,6,2,6,6,4,0,17,17,11,72,4369,0,4369
284,20260922,1,1,0,3,8,8,3,8,8,4,0,17,17,9,3150,9010,2637,9010
285,20260922,0,0,0,NA,NA,4,NA,NA,4,0,0,17,17,13,0,0,0,0
286,20260922,0,0,0,NA,NA,4,NA,NA,4,0,0,17,17,13,0,0,0,0
287,20260922,0,0,0,3,NA,7,3,NA,7,1,0,17,17,10,6,1,0,0
288,20260922,1,1,0,1,4,4,1,4,4,4,0,17,17,13,2124,4913,0,17476
289,20260922,1,1,0,3,12,12,3,12,12,4,0,17,17,5,3294,4369,3294,4369
290,20260922,0,0,0,NA,NA,4,NA,NA,4,0,0,17,17,13,0,0,0,0
291,20260922,0,0,0,NA,NA,4,NA,NA,4,0,0,17,17,13,0,0,0,0
292,20260922,0,0,0,NA,NA,4,NA,NA,4,0,0,17,17,13,0,0,0,0
293,20260922,1,1,0,1,4,4,1,4,4,4,0,17,17,13,2124,4369,0,4369
294,20260922,1,1,0,1,4,4,1,4,4,4,0,17,17,13,2124,4369,0,4369
295,20260922,1,1,0,1,4,4,1,4,4,4,0,17,17,13,2124,4369,0,4369
296,20260922,0,0,0,NA,NA,4,NA,NA,4,0,0,17,17,13,0,0,0,0
297,20260922,1,1,0,1,4,4,1,4,4,4,0,17,17,13,2124,4369,0,4369
298,20260922,0,0,0,NA,NA,4,NA,NA,4,0,0,17,17,13,0,0,0,0
299,20260922,1,1,0,2,6,6,2,6,6,4,0,17,17,11,72,17204,0,17476
300,20260922,1,1,0,1,6,6,1,6,6,4,0,17,17,11,2052,5185,0,17476
301,20260922,1,1,0,1,4,4,1,4,4,4,0,17,17,13,2124,4369,0,4369
302,20260922,0,0,0,3,NA,7,3,NA,7,1,0,17,17,10,6,1,0,0
303,20260922,1,1,0,1,4,4,1,4,4,4,0,17,17,13,2124,4369,0,4369
304,20260922,0,0,0,NA,NA,4,NA,NA,4,0,0,17,17,13,0,0,0,0
305,20260922,1,1,0,2,8,8,2,8,8,4,0,17,17,9,0,8738,0,8738
306,20260922,0,0,0,NA,NA,4,NA,NA,4,0,0,17,17,13,0,0,0,0
307,20260922,1,1,0,2,6,6,2,6,6,4,0,17,17,11,72,21301,0,21845
308,20260922,0,0,0,NA,NA,4,NA,NA,4,0,0,17,17,13,0,0,0,0
309,20260922,0,0,0,4,NA,8,4,NA,8,1,0,17,17,9,5,3,0,0
310,20260922,0,0,0,NA,NA,4,NA,NA,4,0,0,17,17,13,0,0,0,0
311,20260922,1,1,0,1,4,4,1,4,4,4,0,17,17,13,2124,4369,0,4369
312,20260922,0,0,0,NA,NA,4,NA,NA,4,0,0,17,17,13,0,0,0,0
313,20260922,0,0,0,3,NA,7,3,NA,7,1,0,17,17,10,6,1,0,0
314,20260922,1,1,0,2,6,6,2,6,6,4,0,17,17,11,72,4369,0,4369
315,20260922,1,1,0,2,6,6,2,6,6,4,0,17,17,11,72,8738,0,8738
316,20260922,0,0,0,NA,NA,4,NA,NA,4,0,0,17,17,13,0,0,0,0
317,20260922,0,0,0,NA,NA,4,NA,NA,4,0,0,17,17,13,0,0,0,0
318,20260922,1,1,0,3,12,12,3,12,12,4,0,17,17,5,3294,4369,3294,4369
319,20260922,0,0,0,NA,NA,4,NA,NA,4,0,0,17,17,13,0,0,0,0
320,20260922,1,1,0,1,4,4,1,4,4,4,0,17,17,13,2124,4369,0,4369
321,20260922,1,1,0,2,6,6,2,6,6,4,0,17,17,11,72,4369,0,4369
322,20260922,1,1,0,1,4,4,1,4,4,4,0,17,17,13,2124,4369,0,4369
323,20260922,0,0,0,NA,NA,4,NA,NA,4,0,0,17,17,13,0,0,0,0
324,20260922,1,1,0,1,4,4,1,4,4,4,0,17,17,13,2124,4369,0,4369
325,20260922,1,1,0,1,4,4,1,4,4,4,0,17,17,13,2124,4369,0,4369
326,20260922,1,1,0,1,4,4,1,4,4,4,0,17,17,13,2124,12563,0,4369
327,20260922,1,1,0,1,4,4,1,4,4,4,0,17,17,13,2124,4913,0,17476
328,20260922,0,0,0,NA,NA,4,NA,NA,4,0,0,17,17,13,0,0,0,0
329,20260922,0,0,0,NA,NA,4,NA,NA,4,0,0,17,17,13,0,0,0,0
330,20260922,0,0,0,NA,NA,4,NA,NA,4,0,0,17,17,13,0,0,0,0
331,20260922,0,0,0,NA,NA,4,NA,NA,4,0,0,17,17,13,0,0,0,0
332,20260922,0,0,0,NA,NA,4,NA,NA,4,0,0,17,17,13,0,0,0,0
333,20260922,1,1,0,1,6,6,1,6,6,4,0,17,17,11,2052,5185,0,17476
334,20260922,0,0,0,NA,NA,4,NA,NA,4,0,0,17,17,13,0,0,0,0
335,20260922,1,1,0,1,6,6,1,6,6,4,0,17,17,11,2052,8466,0,4369
336,20260922,1,1,0,2,6,6,2,6,6,4,0,17,17,11,72,4369,0,4369
337,20260922,0,0,0,NA,NA,4,NA,NA,4,0,0,17,17,13,0,0,0,0
338,20260922,1,1,0,2,6,6,2,6,6,4,0,17,17,11,72,4369,0,4369
339,20260922,1,1,0,2,6,6,2,6,6,4,0,17,17,11,72,4369,0,4369
340,20260922,1,1,0,1,4,4,1,4,4,4,0,17,17,13,2124,4369,0,4369
341,20260922,0,0,0,NA,NA,4,NA,NA,4,0,0,17,17,13,0,0,0,0
342,20260922,0,0,0,3,NA,7,3,NA,7,1,0,17,17,10,6,1,0,0
343,20260922,1,1,0,1,6,6,1,6,6,4,0,17,17,11,2052,5729,0,26214
344,20260922,0,0,0,NA,NA,4,NA,NA,4,0,0,17,17,13,0,0,0,0
345,20260922,0,0,0,NA,NA,4,NA,NA,4,0,0,17,17,13,0,0,0,0
346,20260922,1,1,0,1,4,4,1,4,4,4,0,17,17,13,2124,12563,0,4369
347,20260922,1,1,0,1,4,4,1,4,4,4,0,17,17,13,2124,4369,0,4369
348,20260922,0,0,0,NA,NA,4,NA,NA,4,0,0,17,17,13,0,0,0,0
349,20260922,0,0,0,NA,NA,4,NA,NA,4,0,0,17,17,13,0,0,0,0
350,20260922,1,1,0,1,4,4,1,4,4,4,0,17,17,13,2124,4369,0,4369
351,20260922,1,1,0,1,4,4,1,4,4,4,0,17,17,13,2124,4369,0,4369
352,20260922,0,0,0,NA,NA,4,NA,NA,4,0,0,17,17,13,0,0,0,0
353,20260922,0,0,0,NA,NA,4,NA,NA,4,0,0,17,17,13,0,0,0,0
354,20260922,1,1,0,1,4,4,1,4,4,4,0,17,17,13,2124,4369,0,4369
355,20260922,0,0,0,3,NA,7,3,NA,7,1,0,17,17,10,6,2,0,0
356,20260922,1,1,0,1,6,6,1,6,6,4,0,17,17,11,2052,9554,0,21845
357,20260922,1,1,0,1,4,4,1,4,4,4,0,17,17,13,2124,4369,0,4369
358,20260922,1,1,0,1,6,6,1,6,6,4,0,17,17,11,2052,5729,0,26214
359,20260922,1,1,0,1,6,6,1,6,6,4,0,17,17,11,2052,5729,0,26214
360,20260922,0,0,0,4,NA,8,4,NA,8,1,0,17,17,9,5,3,0,0
361,20260922,0,0,0,3,NA,7,3,NA,7,1,0,17,17,10,6,1,0,0
362,20260922,1,1,0,2,6,6,2,6,6,4,0,17,17,11,72,4369,0,4369
363,20260922,1,1,0,1,4,4,1,4,4,4,0,17,17,13,2124,4369,0,4369
364,20260922,0,0,0,NA,NA,4,NA,NA,4,0,0,17,17,13,0,0,0,0
365,20260922,1,1,0,1,6,6,1,6,6,4,0,17,17,11,2052,5729,0,26214
366,20260922,0,0,0,NA,NA,4,NA,NA,4,0,0,17,17,13,0,0,0,0
367,20260922,0,0,0,4,NA,8,4,NA,8,1,0,17,17,9,5,2,0,0
368,20260922,0,0,0,NA,NA,4,NA,NA,4,0,0,17,17,13,0,0,0,0
369,20260922,1,1,0,1,4,4,1,4,4,4,0,17,17,13,2124,4369,0,4369
370,20260922,1,1,0,1,4,4,1,4,4,4,0,17,17,13,2124,4369,0,4369
371,20260922,0,0,0,NA,NA,4,NA,NA,4,0,0,17,17,13,0,0,0,0
372,20260922,0,0,0,3,NA,7,3,NA,7,1,0,17,17,10,6,1,0,0
373,20260922,0,0,0,3,NA,7,3,NA,7,1,0,17,17,10,6,1,0,0
374,20260922,1,1,0,1,4,4,1,4,4,4,0,17,17,13,2124,4369,0,4369
375,20260922,1,1,0,2,6,6,2,6,6,4,0,17,17,11,72,4369,0,4369
376,20260922,1,1,0,2,6,6,2,6,6,4,0,17,17,11,72,4369,0,4369
377,20260922,0,0,0,NA,NA,4,NA,NA,4,0,0,17,17,13,0,0,0,0
378,20260922,0,0,0,NA,NA,4,NA,NA,4,0,0,17,17,13,0,0,0,0
379,20260922,1,1,0,1,4,4,1,4,4,4,0,17,17,13,2124,4369,0,4369
380,20260922,0,0,0,4,NA,8,4,NA,8,1,0,17,17,9,5,10,0,0
381,20260922,0,0,0,NA,NA,4,NA,NA,4,0,0,17,17,13,0,0,0,0
382,20260922,0,0,0,NA,NA,4,NA,NA,4,0,0,17,17,13,0,0,0,0
383,20260922,1,1,0,3,12,12,3,12,12,4,0,17,17,5,3294,4369,3294,4369
384,20260922,0,0,0,4,NA,8,4,NA,8,1,0,17,17,9,5,10,0,0
385,20260922,1,1,0,1,6,6,1,6,6,4,0,17,17,11,2052,5729,0,26214
386,20260922,0,0,0,NA,NA,4,NA,NA,4,0,0,17,17,13,0,0,0,0
387,20260922,1,1,0,1,4,4,1,4,4,4,0,17,17,13,2124,4369,0,4369
388,20260922,1,1,0,1,6,6,1,6,6,4,0,17,17,11,2052,5729,0,26214
389,20260922,0,0,0,NA,NA,4,NA,NA,4,0,0,17,17,13,0,0,0,0
390,20260922,0,0,0,NA,NA,4,NA,NA,4,0,0,17,17,13,0,0,0,0
391,20260922,0,0,0,3,NA,7,3,NA,7,1,0,17,17,10,6,1,0,0
392,20260922,0,0,0,NA,NA,4,NA,NA,4,0,0,17,17,13,0,0,0,0
393,20260922,0,0,0,NA,NA,4,NA,NA,4,0,0,17,17,13,0,0,0,0
394,20260922,1,1,0,1,4,4,1,4,4,4,0,17,17,13,2124,4369,0,4369
395,20260922,0,0,0,NA,NA,4,NA,NA,4,0,0,17,17,13,0,0,0,0
396,20260922,0,0,0,NA,NA,4,NA,NA,4,0,0,17,17,13,0,0,0,0
397,20260922,0,0,0,4,NA,11,4,NA,11,2,0,17,17,6,29,23,0,0
398,20260922,0,0,0,NA,NA,4,NA,NA,4,0,0,17,17,13,0,0,0,0
399,20260922,0,0,0,NA,NA,4,NA,NA,4,0,0,17,17,13,0,0,0,0
400,20260922,0,0,0,3,NA,7,3,NA,7,1,0,17,17,10,6,1,0,0
401,20260922,1,1,0,2,6,6,2,6,6,4,0,17,17,11,72,4369,0,4369
402,20260922,1,1,0,2,6,6,2,6,6,4,0,17,17,11,72,4369,0,4369
403,20260922,1,1,0,1,4,4,1,4,4,4,0,17,17,13,2124,4369,0,4369
404,20260922,1,1,0,1,4,4,1,4,4,4,0,17,17,13,2124,4369,0,4369
405,20260922,1,1,0,1,4,4,1,4,4,4,0,17,17,13,2124,4369,0,4369
406,20260922,0,0,0,NA,NA,4,NA,NA,4,0,0,17,17,13,0,0,0,0
407,20260922,1,1,0,3,12,12,3,12,12,4,0,17,17,5,3294,4369,3294,4369
408,20260922,1,1,0,3,12,12,3,12,12,4,0,17,17,5,3294,4369,3294,4369
409,20260922,1,1,0,3,12,12,3,12,12,4,0,17,17,5,3294,8466,3294,8466
410,20260922,1,1,0,1,4,4,1,4,4,4,0,17,17,13,2124,4369,0,4369
411,20260922,1,1,0,1,6,6,1,6,6,4,0,17,17,11,2052,5185,0,17476
412,20260922,0,0,0,NA,NA,4,NA,NA,4,0,0,17,17,13,0,0,0,0
413,20260922,0,0,0,NA,NA,4,NA,NA,4,0,0,17,17,13,0,0,0,0
414,20260922,0,0,0,NA,NA,4,NA,NA,4,0,0,17,17,13,0,0,0,0
415,20260922,1,1,0,1,4,4,1,4,4,4,0,17,17,13,2124,4369,0,4369
416,20260922,0,0,0,NA,NA,4,NA,NA,4,0,0,17,17,13,0,0,0,0
417,20260922,0,0,0,NA,NA,4,NA,NA,4,0,0,17,17,13,0,0,0,0
418,20260922,1,1,0,1,4,4,1,4,4,4,0,17,17,13,2124,12563,0,4369
419,20260922,0,0,0,3,NA,7,3,NA,7,1,0,17,17,10,6,1,0,0
420,20260922,0,0,0,3,NA,7,3,NA,7,1,0,17,17,10,6,1,0,0
421,20260922,0,0,0,NA,NA,4,NA,NA,4,0,0,17,17,13,0,0,0,0
422,20260922,1,1,0,1,6,6,1,6,6,4,0,17,17,11,2052,5729,0,26214
423,20260922,1,1,0,1,6,6,1,6,6,4,0,17,17,11,2052,5729,0,26214
424,20260922,0,0,0,NA,NA,4,NA,NA,4,0,0,17,17,13,0,0,0,0
425,20260922,0,0,0,NA,NA,4,NA,NA,4,0,0,17,17,13,0,0,0,0
426,20260922,0,0,0,3,NA,7,3,NA,7,1,0,17,17,10,6,1,0,0
427,20260922,1,1,0,1,4,4,1,4,4,4,0,17,17,13,2124,4913,0,17476
428,20260922,0,0,0,4,NA,8,4,NA,8,1,0,17,17,9,5,9,0,0
429,20260922,0,0,0,NA,NA,4,NA,NA,4,0,0,17,17,13,0,0,0,0
430,20260922,0,0,0,3,NA,7,3,NA,7,1,0,17,17,10,6,1,0,0
431,20260922,0,0,0,4,NA,11,4,NA,11,2,0,17,17,6,29,25,0,0
432,20260922,1,1,0,1,4,4,1,4,4,4,0,17,17,13,2124,4369,0,4369
433,20260922,1,1,0,3,12,12,3,12,12,4,0,17,17,5,3294,4369,3294,4369
434,20260922,1,1,0,1,4,4,1,4,4,4,0,17,17,13,2124,4369,0,4369
435,20260922,0,0,0,NA,NA,4,NA,NA,4,0,0,17,17,13,0,0,0,0
436,20260922,1,1,0,1,4,4,1,4,4,4,0,17,17,13,2124,4369,0,4369
437,20260922,0,0,0,4,NA,11,4,NA,11,2,0,17,17,6,29,66,0,0
438,20260922,1,1,0,1,6,6,1,6,6,4,0,17,17,11,2052,5729,0,26214
439,20260922,1,1,0,1,4,4,1,4,4,4,0,17,17,13,2124,4369,0,4369
440,20260922,0,0,0,3,NA,7,3,NA,7,1,0,17,17,10,6,1,0,0
441,20260922,0,0,0,NA,NA,4,NA,NA,4,0,0,17,17,13,0,0,0,0
442,20260922,0,0,0,NA,NA,4,NA,NA,4,0,0,17,17,13,0,0,0,0
443,20260922,1,1,0,2,6,6,2,6,6,4,0,17,17,11,72,4369,0,4369
444,20260922,0,0,0,NA,NA,4,NA,NA,4,0,0,17,17,13,0,0,0,0
445,20260922,1,1,0,1,4,4,1,4,4,4,0,17,17,13,2124,12563,0,4369
446,20260922,1,1,0,1,4,4,1,4,4,4,0,17,17,13,2124,4369,0,4369
447,20260922,1,1,0,1,4,4,1,4,4,4,0,17,17,13,2124,9010,0,17476
448,20260922,0,0,0,NA,NA,4,NA,NA,4,0,0,17,17,13,0,0,0,0
449,20260922,0,0,0,NA,NA,4,NA,NA,4,0,0,17,17,13,0,0,0,0
450,20260922,0,0,0,NA,NA,4,NA,NA,4,0,0,17,17,13,0,0,0,0
451,20260922,0,0,0,3,NA,7,3,NA,7,1,0,17,17,10,6,1,0,0
452,20260922,1,1,0,1,4,4,1,4,4,4,0,17,17,13,2124,4369,0,4369
453,20260922,1,1,0,1,4,4,1,4,4,4,0,17,17,13,2124,4369,0,4369
454,20260922,1,1,0,1,4,4,1,4,4,4,0,17,17,13,2124,4369,0,4369
455,20260922,0,0,0,NA,NA,4,NA,NA,4,0,0,17,17,13,0,0,0,0
456,20260922,1,1,0,1,4,4,1,4,4,4,0,17,17,13,2124,4913,0,17476
457,20260922,1,1,0,1,6,6,1,6,6,4,0,17,17,11,2052,5185,0,17476
458,20260922,1,1,0,1,4,4,1,4,4,4,0,17,17,13,2124,4369,0,4369
459,20260922,0,0,0,3,NA,7,3,NA,7,1,0,17,17,10,6,1,0,0
460,20260922,0,0,0,NA,NA,4,NA,NA,4,0,0,17,17,13,0,0,0,0
461,20260922,0,0,0,3,NA,7,3,NA,7,1,0,17,17,10,6,1,0,0
462,20260922,1,1,0,2,6,6,2,6,6,4,0,17,17,11,72,17204,0,17476
463,20260922,1,1,0,2,6,6,2,6,6,4,0,17,17,11,72,4369,0,4369
464,20260922,0,0,0,NA,NA,4,NA,NA,4,0,0,17,17,13,0,0,0,0
465,20260922,0,0,0,NA,NA,4,NA,NA,4,0,0,17,17,13,0,0,0,0
466,20260922,0,0,0,3,NA,7,3,NA,7,1,0,17,17,10,6,4,0,0
467,20260922,1,1,0,1,4,4,1,4,4,4,0,17,17,13,2124,12563,0,4369
468,20260922,1,1,0,1,4,4,1,4,4,4,0,17,17,13,2124,12835,0,8738
469,20260922,1,1,0,1,4,4,1,4,4,4,0,17,17,13,2124,4369,0,4369
470,20260922,0,0,0,NA,NA,4,NA,NA,4,0,0,17,17,13,0,0,0,0
471,20260922,1,1,0,1,4,4,1,4,4,4,0,17,17,13,2124,4369,0,4369
472,20260922,1,1,0,1,4,4,1,4,4,4,0,17,17,13,2124,4369,0,4369
473,20260922,1,1,0,1,4,4,1,4,4,4,0,17,17,13,2124,4369,0,4369
474,20260922,0,0,0,NA,NA,4,NA,NA,4,0,0,17,17,13,0,0,0,0
475,20260922,0,0,0,NA,NA,4,NA,NA,4,0,0,17,17,13,0,0,0,0
476,20260922,1,1,0,1,4,4,1,4,4,4,0,17,17,13,2124,4369,0,4369
477,20260922,0,0,0,NA,NA,4,NA,NA,4,0,0,17,17,13,0,0,0,0
478,20260922,1,1,0,3,12,12,3,12,12,4,0,17,17,5,3294,4369,3294,4369
479,20260922,1,1,0,3,12,12,3,12,12,4,0,17,17,5,3294,4369,3294,4369
480,20260922,1,1,0,1,4,4,1,4,4,4,0,17,17,13,2124,4913,0,17476
481,20260922,1,1,0,4,10,10,4,10,10,4,0,17,17,7,2637,25398,2637,25398
482,20260922,0,0,0,3,NA,7,3,NA,7,1,0,17,17,10,6,1,0,0
483,20260922,0,0,0,3,NA,7,3,NA,7,1,0,17,17,10,6,1,0,0
484,20260922,1,1,0,1,6,6,1,6,6,4,0,17,17,11,2052,5729,0,26214
485,20260922,1,1,0,1,4,4,1,4,4,4,0,17,17,13,2124,4369,0,4369
486,20260922,0,0,0,NA,NA,4,NA,NA,4,0,0,17,17,13,0,0,0,0
487,20260922,1,1,0,1,4,4,1,4,4,4,0,17,17,13,2124,4369,0,4369
488,20260922,1,1,0,1,6,6,1,6,6,4,0,17,17,11,2052,5729,0,26214
489,20260922,1,1,0,1,4,4,1,4,4,4,0,17,17,13,2124,4369,0,4369
490,20260922,0,0,0,3,NA,7,3,NA,7,1,0,17,17,10,6,1,0,0
491,20260922,1,1,0,3,12,12,3,12,12,4,0,17,17,5,3294,16932,3294,16932
492,20260922,0,0,0,NA,NA,4,NA,NA,4,0,0,17,17,13,0,0,0,0
493,20260922,0,0,0,NA,NA,4,NA,NA,4,0,0,17,17,13,0,0,0,0
494,20260922,1,1,0,1,4,4,1,4,4,4,0,17,17,13,2124,4369,0,4369
495,20260922,0,0,0,NA,NA,4,NA,NA,4,0,0,17,17,13,0,0,0,0
496,20260922,0,0,0,NA,NA,4,NA,NA,4,0,0,17,17,13,0,0,0,0
497,20260922,0,0,0,NA,NA,4,NA,NA,4,0,0,17,17,13,0,0,0,0
498,20260922,1,1,0,2,8,8,2,8,8,4,0,17,17,9,0,4369,0,4369
499,20260922,0,0,0,NA,NA,4,NA,NA,4,0,0,17,17,13,0,0,0,0
500,20260922,1,1,0,1,4,4,1,4,4,4,0,17,17,13,2124,4369,0,4369
501,20260922,0,0,0,3,NA,7,3,NA,7,1,0,17,17,10,6,1,0,0
502,20260922,1,1,0,3,12,12,3,12,12,4,0,17,17,5,3294,4369,3294,4369
503,20260922,0,0,0,NA,NA,4,NA,NA,4,0,0,17,17,13,0,0,0,0
504,20260922,0,0,0,3,NA,7,3,NA,7,1,0,17,17,10,6,1,0,0
505,20260922,1,1,0,1,4,4,1,4,4,4,0,17,17,13,2124,4369,0,4369
506,20260922,1,1,0,2,6,6,2,6,6,4,0,17,17,11,72,4369,0,4369
507,20260922,1,1,0,1,4,4,1,4,4,4,0,17,17,13,2124,4369,0,4369
508,20260922,1,1,0,3,12,12,3,12,12,4,0,17,17,5,3294,12835,3294,12835
509,20260922,1,1,0,2,8,8,2,8,8,4,0,17,17,9,0,26214,0,26214
510,20260922,1,1,0,1,4,4,1,4,4,4,0,17,17,13,2124,4369,0,4369
511,20260922,1,1,0,1,6,6,1,6,6,4,0,17,17,11,2052,9554,0,21845
512,20260922,0,0,0,NA,NA,4,NA,NA,4,0,0,17,17,13,0,0,0,0
513,20260922,0,0,0,3,NA,7,3,NA,7,1,0,17,17,10,6,1,0,0
514,20260922,1,1,0,1,4,4,1,4,4,4,0,17,17,13,2124,4369,0,4369
515,20260922,1,1,0,1,4,4,1,4,4,4,0,17,17,13,2124,4369,0,4369
516,20260922,1,1,0,1,6,6,1,6,6,4,0,17,17,11,2052,5729,0,26214
517,20260922,1,1,0,1,4,4,1,4,4,4,0,17,17,13,2124,4369,0,4369
518,20260922,1,1,0,1,4,4,1,4,4,4,0,17,17,13,2124,4913,0,17476
519,20260922,0,0,0,3,NA,7,3,NA,7,1,0,17,17,10,6,1,0,0
520,20260922,1,1,0,1,4,4,1,4,4,4,0,17,17,13,2124,12563,0,4369
521,20260922,1,1,0,1,4,4,1,4,4,4,0,17,17,13,2124,12563,0,4369
522,20260922,0,0,0,NA,NA,4,NA,NA,4,0,0,17,17,13,0,0,0,0
523,20260922,0,0,0,NA,NA,4,NA,NA,4,0,0,17,17,13,0,0,0,0
524,20260922,0,0,0,NA,NA,4,NA,NA,4,0,0,17,17,13,0,0,0,0
525,20260922,0,0,0,NA,NA,4,NA,NA,4,0,0,17,17,13,0,0,0,0
526,20260922,1,1,0,1,4,4,1,4,4,4,0,17,17,13,2124,4369,0,4369
527,20260922,0,0,0,3,NA,7,3,NA,7,1,0,17,17,10,6,1,0,0
528,20260922,0,0,0,NA,NA,4,NA,NA,4,0,0,17,17,13,0,0,0,0
529,20260922,1,1,0,1,4,4,1,4,4,4,0,17,17,13,2124,4369,0,4369
530,20260922,1,1,0,1,4,4,1,4,4,4,0,17,17,13,2124,4369,0,4369
531,20260922,0,0,0,NA,NA,4,NA,NA,4,0,0,17,17,13,0,0,0,0
532,20260922,0,0,0,NA,NA,4,NA,NA,4,0,0,17,17,13,0,0,0,0
533,20260922,1,1,0,1,4,4,1,4,4,4,0,17,17,13,2124,4369,0,4369
534,20260922,0,0,0,NA,NA,4,NA,NA,4,0,0,17,17,13,0,0,0,0
535,20260922,0,0,0,NA,NA,4,NA,NA,4,0,0,17,17,13,0,0,0,0
536,20260922,0,0,0,NA,NA,4,NA,NA,4,0,0,17,17,13,0,0,0,0
537,20260922,0,0,0,3,NA,7,3,NA,7,1,0,17,17,10,6,1,0,0
538,20260922,0,0,0,NA,NA,4,NA,NA,4,0,0,17,17,13,0,0,0,0
539,20260922,0,0,0,NA,NA,4,NA,NA,4,0,0,17,17,13,0,0,0,0
540,20260922,0,0,0,NA,NA,4,NA,NA,4,0,0,17,17,13,0,0,0,0
541,20260922,1,1,0,1,6,6,1,6,6,4,0,17,17,11,2052,5729,0,26214
542,20260922,0,0,0,4,NA,8,4,NA,8,1,0,17,17,9,5,4,0,0
543,20260922,0,0,0,4,NA,8,4,NA,8,1,0,17,17,9,5,7,0,0
544,20260922,1,1,0,1,4,4,1,4,4,4,0,17,17,13,2124,4913,0,17476
545,20260922,0,0,0,3,NA,7,3,NA,7,1,0,17,17,10,6,1,0,0
546,20260922,1,1,0,1,6,6,1,6,6,4,0,17,17,11,2052,5185,0,17476
547,20260922,1,1,0,1,4,4,1,4,4,4,0,17,17,13,2124,4369,0,4369
548,20260922,1,1,0,3,12,12,3,12,12,4,0,17,17,5,3294,4369,3294,4369
549,20260922,1,1,0,3,12,12,3,12,12,4,0,17,17,5,3294,4369,3294,4369
550,20260922,1,1,0,2,6,6,2,6,6,4,0,17,17,11,72,4369,0,4369
551,20260922,0,0,0,NA,NA,4,NA,NA,4,0,0,17,17,13,0,0,0,0
552,20260922,0,0,0,NA,NA,4,NA,NA,4,0,0,17,17,13,0,0,0,0
553,20260922,0,0,0,4,NA,8,4,NA,8,1,0,17,17,9,5,3,0,0
554,20260922,1,1,0,1,4,4,1,4,4,4,0,17,17,13,2124,4369,0,4369
555,20260922,1,1,0,1,6,6,1,6,6,4,0,17,17,11,2052,5185,0,17476
556,20260922,0,0,0,NA,NA,4,NA,NA,4,0,0,17,17,13,0,0,0,0
557,20260922,0,0,0,3,NA,7,3,NA,7,1,0,17,17,10,6,1,0,0
558,20260922,1,1,0,1,4,4,1,4,4,4,0,17,17,13,2124,4369,0,4369
559,20260922,0,0,0,NA,NA,4,NA,NA,4,0,0,17,17,13,0,0,0,0
560,20260922,0,0,0,3,NA,7,3,NA,7,1,0,17,17,10,6,1,0,0
561,20260922,1,1,0,1,6,6,1,6,6,4,0,17,17,11,2052,5729,0,26214
562,20260922,1,1,0,3,12,12,3,12,12,4,0,17,17,5,3294,16660,3294,16660
563,20260922,0,0,0,3,NA,7,3,NA,7,1,0,17,17,10,6,1,0,0
564,20260922,0,0,0,NA,NA,4,NA,NA,4,0,0,17,17,13,0,0,0,0
565,20260922,0,0,0,NA,NA,4,NA,NA,4,0,0,17,17,13,0,0,0,0
566,20260922,0,0,0,NA,NA,4,NA,NA,4,0,0,17,17,13,0,0,0,0
567,20260922,0,0,0,NA,NA,4,NA,NA,4,0,0,17,17,13,0,0,0,0
568,20260922,0,0,0,NA,NA,4,NA,NA,4,0,0,17,17,13,0,0,0,0
569,20260922,1,1,0,1,6,6,1,6,6,4,0,17,17,11,2052,5729,0,26214
570,20260922,1,1,0,1,4,4,1,4,4,4,0,17,17,13,2124,12563,0,4369
571,20260922,0,0,0,NA,NA,4,NA,NA,4,0,0,17,17,13,0,0,0,0
572,20260922,0,0,0,NA,NA,4,NA,NA,4,0,0,17,17,13,0,0,0,0
573,20260922,1,1,0,1,4,4,1,4,4,4,0,17,17,13,2124,4369,0,4369
574,20260922,1,1,0,2,8,8,2,8,8,4,0,17,17,9,0,21845,0,21845
575,20260922,1,1,0,1,6,6,1,6,6,4,0,17,17,11,2052,5185,0,17476
576,20260922,0,0,0,NA,NA,4,NA,NA,4,0,0,17,17,13,0,0,0,0
577,20260922,0,0,0,NA,NA,4,NA,NA,4,0,0,17,17,13,0,0,0,0
578,20260922,1,1,0,1,4,4,1,4,4,4,0,17,17,13,2124,12563,0,4369
579,20260922,1,1,0,1,4,4,1,4,4,4,0,17,17,13,2124,4369,0,4369
580,20260922,0,0,0,NA,NA,4,NA,NA,4,0,0,17,17,13,0,0,0,0
581,20260922,0,0,0,NA,NA,4,NA,NA,4,0,0,17,17,13,0,0,0,0
582,20260922,1,1,0,1,4,4,1,4,4,4,0,17,17,13,2124,4369,0,4369
583,20260922,0,0,0,NA,NA,4,NA,NA,4,0,0,17,17,13,0,0,0,0
584,20260922,0,0,0,3,NA,7,3,NA,7,1,0,17,17,10,6,1,0,0
585,20260922,0,0,0,NA,NA,4,NA,NA,4,0,0,17,17,13,0,0,0,0
586,20260922,0,0,0,NA,NA,4,NA,NA,4,0,0,17,17,13,0,0,0,0
587,20260922,1,1,0,1,4,4,1,4,4,4,0,17,17,13,2124,4369,0,4369
588,20260922,1,1,0,1,4,4,1,4,4,4,0,17,17,13,2124,4369,0,4369
589,20260922,1,1,0,2,6,6,2,6,6,4,0,17,17,11,72,8738,0,8738
590,20260922,0,0,0,4,NA,8,4,NA,8,1,0,17,17,9,5,9,0,0
591,20260922,0,0,0,NA,NA,4,NA,NA,4,0,0,17,17,13,0,0,0,0
592,20260922,0,0,0,NA,NA,4,NA,NA,4,0,0,17,17,13,0,0,0,0
593,20260922,1,1,0,1,4,4,1,4,4,4,0,17,17,13,2124,4369,0,4369
594,20260922,0,0,0,3,NA,7,3,NA,7,1,0,17,17,10,6,1,0,0
595,20260922,1,1,0,1,6,6,1,6,6,4,0,17,17,11,2052,5729,0,26214
596,20260922,0,0,0,4,NA,8,4,NA,8,1,0,17,17,9,5,2,0,0
597,20260922,1,1,0,1,4,4,1,4,4,4,0,17,17,13,2124,4369,0,4369
598,20260922,0,0,0,NA,NA,4,NA,NA,4,0,0,17,17,13,0,0,0,0
599,20260922,0,0,0,NA,NA,4,NA,NA,4,0,0,17,17,13,0,0,0,0
600,20260922,0,0,0,NA,NA,4,NA,NA,4,0,0,17,17,13,0,0,0,0
601,20260922,1,1,0,3,12,12,3,12,12,4,0,17,17,5,3294,4369,3294,4369
602,20260922,1,1,0,1,6,6,1,6,6,4,0,17,17,11,2052,8466,0,4369
603,20260922,1,1,0,1,4,4,1,4,4,4,0,17,17,13,2124,4369,0,4369
604,20260922,0,0,0,NA,NA,4,NA,NA,4,0,0,17,17,13,0,0,0,0
605,20260922,1,1,0,1,4,4,1,4,4,4,0,17,17,13,2124,4369,0,4369
606,20260922,0,0,0,NA,NA,4,NA,NA,4,0,0,17,17,13,0,0,0,0
607,20260922,0,0,0,NA,NA,4,NA,NA,4,0,0,17,17,13,0,0,0,0
608,20260922,0,0,0,NA,NA,4,NA,NA,4,0,0,17,17,13,0,0,0,0
609,20260922,0,0,0,NA,NA,4,NA,NA,4,0,0,17,17,13,0,0,0,0
610,20260922,1,1,0,3,12,12,3,12,12,4,0,17,17,5,3294,4369,3294,4369
611,20260922,0,0,0,NA,NA,4,NA,NA,4,0,0,17,17,13,0,0,0,0
612,20260922,0,0,0,NA,NA,4,NA,NA,4,0,0,17,17,13,0,0,0,0
613,20260922,0,0,0,4,NA,8,4,NA,8,1,0,17,17,9,5,2,0,0
614,20260922,0,0,0,NA,NA,4,NA,NA,4,0,0,17,17,13,0,0,0,0
615,20260922,0,0,0,3,NA,7,3,NA,7,1,0,17,17,10,6,1,0,0
616,20260922,1,1,0,1,4,4,1,4,4,4,0,17,17,13,2124,4369,0,4369
617,20260922,1,1,0,1,6,6,1,6,6,4,0,17,17,11,2052,9282,0,17476
618,20260922,0,0,0,NA,NA,4,NA,NA,4,0,0,17,17,13,0,0,0,0
619,20260922,1,1,0,1,4,4,1,4,4,4,0,17,17,13,2124,4369,0,4369
620,20260922,0,0,0,NA,NA,4,NA,NA,4,0,0,17,17,13,0,0,0,0
621,20260922,0,0,0,NA,NA,4,NA,NA,4,0,0,17,17,13,0,0,0,0
622,20260922,1,1,0,1,4,4,1,4,4,4,0,17,17,13,2124,4369,0,4369
623,20260922,0,0,0,NA,NA,4,NA,NA,4,0,0,17,17,13,0,0,0,0
624,20260922,0,0,0,4,NA,8,4,NA,8,1,0,17,17,9,5,1,0,0
625,20260922,1,1,0,1,4,4,1,4,4,4,0,17,17,13,2124,4369,0,4369
626,20260922,0,0,0,NA,NA,4,NA,NA,4,0,0,17,17,13,0,0,0,0
627,20260922,0,0,0,NA,NA,4,NA,NA,4,0,0,17,17,13,0,0,0,0
628,20260922,1,1,0,2,6,6,2,6,6,4,0,17,17,11,72,17204,0,17476
629,20260922,1,1,0,1,4,4,1,4,4,4,0,17,17,13,2124,4369,0,4369
630,20260922,0,0,0,NA,NA,4,NA,NA,4,0,0,17,17,13,0,0,0,0
631,20260922,0,0,0,NA,NA,4,NA,NA,4,0,0,17,17,13,0,0,0,0
632,20260922,1,1,0,1,4,4,1,4,4,4,0,17,17,13,2124,4369,0,4369
633,20260922,1,1,0,1,4,4,1,4,4,4,0,17,17,13,2124,4369,0,4369
634,20260922,0,0,0,4,NA,8,4,NA,8,1,0,17,17,9,5,1,0,0
635,20260922,0,0,0,NA,NA,4,NA,NA,4,0,0,17,17,13,0,0,0,0
636,20260922,1,1,0,1,4,4,1,4,4,4,0,17,17,13,2124,4369,0,4369
637,20260922,1,1,0,1,4,4,1,4,4,4,0,17,17,13,2124,4369,0,4369
638,20260922,0,0,0,NA,NA,4,NA,NA,4,0,0,17,17,13,0,0,0,0
639,20260922,0,0,0,4,NA,8,4,NA,8,1,0,17,17,9,5,1,0,0
640,20260922,0,0,0,NA,NA,4,NA,NA,4,0,0,17,17,13,0,0,0,0
641,20260922,0,0,0,NA,NA,4,NA,NA,4,0,0,17,17,13,0,0,0,0
642,20260922,0,0,0,NA,NA,4,NA,NA,4,0,0,17,17,13,0,0,0,0
643,20260922,1,1,0,1,4,4,1,4,4,4,0,17,17,13,2124,4369,0,4369
644,20260922,0,0,0,NA,NA,4,NA,NA,4,0,0,17,17,13,0,0,0,0
645,20260922,1,1,0,2,8,8,2,8,8,4,0,17,17,9,0,13107,0,13107
646,20260922,1,1,0,3,12,12,3,12,12,4,0,17,17,5,3294,4369,3294,4369
647,20260922,1,1,0,1,6,6,1,6,6,4,0,17,17,11,2052,5729,0,26214
648,20260922,1,1,0,1,6,6,1,6,6,4,0,17,17,11,2052,5185,0,17476
649,20260922,0,0,0,NA,NA,4,NA,NA,4,0,0,17,17,13,0,0,0,0
650,20260922,0,0,0,NA,NA,4,NA,NA,4,0,0,17,17,13,0,0,0,0
651,20260922,1,1,0,1,4,4,1,4,4,4,0,17,17,13,2124,4369,0,4369
652,20260922,0,0,0,4,NA,8,4,NA,8,1,0,17,17,9,5,4,0,0
653,20260922,0,0,0,NA,NA,4,NA,NA,4,0,0,17,17,13,0,0,0,0
654,20260922,0,0,0,NA,NA,4,NA,NA,4,0,0,17,17,13,0,0,0,0
655,20260922,0,0,0,NA,NA,4,NA,NA,4,0,0,17,17,13,0,0,0,0
656,20260922,0,0,0,3,NA,7,3,NA,7,1,0,17,17,10,6,1,0,0
657,20260922,0,0,0,NA,NA,4,NA,NA,4,0,0,17,17,13,0,0,0,0
658,20260922,0,0,0,NA,NA,4,NA,NA,4,0,0,17,17,13,0,0,0,0
659,20260922,0,0,0,NA,NA,4,NA,NA,4,0,0,17,17,13,0,0,0,0
660,20260922,1,1,0,1,4,4,1,4,4,4,0,17,17,13,2124,4369,0,4369
661,20260922,0,0,0,4,NA,8,4,NA,8,1,0,17,17,9,5,1,0,0
662,20260922,1,1,0,1,4,4,1,4,4,4,0,17,17,13,2124,4369,0,4369
663,20260922,1,1,0,1,4,4,1,4,4,4,0,17,17,13,2124,4369,0,4369
664,20260922,1,1,0,1,4,4,1,4,4,4,0,17,17,13,2124,4913,0,17476
665,20260922,0,0,0,3,NA,7,3,NA,7,1,0,17,17,10,6,1,0,0
666,20260922,0,0,0,4,NA,8,4,NA,8,1,0,17,17,9,5,3,0,0
667,20260922,0,0,0,NA,NA,4,NA,NA,4,0,0,17,17,13,0,0,0,0
668,20260922,0,0,0,NA,NA,4,NA,NA,4,0,0,17,17,13,0,0,0,0
669,20260922,1,1,0,1,6,6,1,6,6,4,0,17,17,11,2052,5185,0,17476
670,20260922,1,1,0,1,4,4,1,4,4,4,0,17,17,13,2124,4913,0,26214
671,20260922,0,0,0,NA,NA,4,NA,NA,4,0,0,17,17,13,0,0,0,0
672,20260922,1,1,0,3,12,12,3,12,12,4,0,17,17,5,3294,12563,3294,12563
673,20260922,0,0,0,4,NA,8,4,NA,8,1,0,17,17,9,5,4,0,0
674,20260922,0,0,0,NA,NA,4,NA,NA,4,0,0,17,17,13,0,0,0,0
675,20260922,1,1,0,2,6,6,2,6,6,4,0,17,17,11,72,4369,0,4369
676,20260922,0,0,0,3,NA,7,3,NA,7,1,0,17,17,10,6,1,0,0
677,20260922,1,1,0,1,6,6,1,6,6,4,0,17,17,11,2052,5729,0,26214
678,20260922,0,0,0,NA,NA,4,NA,NA,4,0,0,17,17,13,0,0,0,0
679,20260922,0,0,0,NA,NA,4,NA,NA,4,0,0,17,17,13,0,0,0,0
680,20260922,0,0,0,NA,NA,4,NA,NA,4,0,0,17,17,13,0,0,0,0
681,20260922,0,0,0,NA,NA,4,NA,NA,4,0,0,17,17,13,0,0,0,0
682,20260922,0,0,0,3,NA,7,3,NA,7,1,0,17,17,10,6,1,0,0
683,20260922,1,1,0,1,6,6,1,6,6,4,0,17,17,11,2052,5185,0,17476
684,20260922,1,1,0,2,6,6,2,6,6,4,0,17,17,11,72,8738,0,8738
685,20260922,0,0,0,NA,NA,4,NA,NA,4,0,0,17,17,13,0,0,0,0
686,20260922,0,0,0,NA,NA,4,NA,NA,4,0,0,17,17,13,0,0,0,0
687,20260922,1,1,0,2,6,6,2,6,6,4,0,17,17,11,72,4369,0,4369
688,20260922,1,1,0,1,4,4,1,4,4,4,0,17,17,13,2124,12563,0,4369
689,20260922,0,0,0,3,NA,7,3,NA,7,1,0,17,17,10,6,1,0,0
690,20260922,1,1,0,1,4,4,1,4,4,4,0,17,17,13,2124,4369,0,4369
691,20260922,0,0,0,NA,NA,4,NA,NA,4,0,0,17,17,13,0,0,0,0
692,20260922,1,1,0,2,6,6,2,6,6,4,0,17,17,11,72,4369,0,4369
693,20260922,0,0,0,NA,NA,4,NA,NA,4,0,0,17,17,13,0,0,0,0
694,20260922,1,1,0,2,6,6,2,6,6,4,0,17,17,11,72,4369,0,4369
695,20260922,0,0,0,NA,NA,4,NA,NA,4,0,0,17,17,13,0,0,0,0
696,20260922,0,0,0,NA,NA,4,NA,NA,4,0,0,17,17,13,0,0,0,0
697,20260922,0,0,0,NA,NA,4,NA,NA,4,0,0,17,17,13,0,0,0,0
698,20260922,0,0,0,4,NA,8,4,NA,8,1,0,17,17,9,5,2,0,0
699,20260922,1,1,0,2,8,8,2,8,8,4,0,17,17,9,0,8738,0,8738
700,20260922,0,0,0,NA,NA,4,NA,NA,4,0,0,17,17,13,0,0,0,0
701,20260922,0,0,0,NA,NA,4,NA,NA,4,0,0,17,17,13,0,0,0,0
702,20260922,0,0,0,NA,NA,4,NA,NA,4,0,0,17,17,13,0,0,0,0
703,20260922,0,0,0,NA,NA,4,NA,NA,4,0,0,17,17,13,0,0,0,0
704,20260922,1,1,0,1,4,4,1,4,4,4,0,17,17,13,2124,4369,0,4369
705,20260922,1,1,0,2,6,6,2,6,6,4,0,17,17,11,72,4369,0,4369
706,20260922,0,0,0,NA,NA,4,NA,NA,4,0,0,17,17,13,0,0,0,0
707,20260922,1,1,0,1,4,4,1,4,4,4,0,17,17,13,2124,4369,0,4369
708,20260922,0,0,0,NA,NA,4,NA,NA,4,0,0,17,17,13,0,0,0,0
709,20260922,0,0,0,NA,NA,4,NA,NA,4,0,0,17,17,13,0,0,0,0
710,20260922,0,0,0,NA,NA,4,NA,NA,4,0,0,17,17,13,0,0,0,0
711,20260922,0,0,0,NA,NA,4,NA,NA,4,0,0,17,17,13,0,0,0,0
712,20260922,0,0,0,3,NA,7,3,NA,7,1,0,17,17,10,6,1,0,0
713,20260922,1,1,0,1,6,6,1,6,6,4,0,17,17,11,2052,5729,0,26214
714,20260922,1,1,0,2,8,8,2,8,8,4,0,17,17,9,0,17476,0,17476
715,20260922,1,1,0,1,4,4,1,4,4,4,0,17,17,13,2124,4369,0,4369
716,20260922,0,0,0,3,NA,7,3,NA,7,1,0,17,17,10,6,1,0,0
717,20260922,0,0,0,NA,NA,4,NA,NA,4,0,0,17,17,13,0,0,0,0
718,20260922,1,1,0,2,8,8,2,8,8,4,0,17,17,9,0,4369,0,4369
719,20260922,1,1,0,1,6,6,1,6,6,4,0,17,17,11,2052,5729,0,26214
720,20260922,1,1,0,1,4,4,1,4,4,4,0,17,17,13,2124,4369,0,4369
721,20260922,1,1,0,1,4,4,1,4,4,4,0,17,17,13,2124,4369,0,4369
722,20260922,0,0,0,4,NA,8,4,NA,8,1,0,17,17,9,5,1,0,0
723,20260922,1,1,0,2,6,6,2,6,6,4,0,17,17,11,72,20757,0,21845
724,20260922,0,0,0,NA,NA,4,NA,NA,4,0,0,17,17,13,0,0,0,0
725,20260922,0,0,0,NA,NA,4,NA,NA,4,0,0,17,17,13,0,0,0,0
726,20260922,0,0,0,NA,NA,4,NA,NA,4,0,0,17,17,13,0,0,0,0
727,20260922,0,0,0,NA,NA,4,NA,NA,4,0,0,17,17,13,0,0,0,0
728,20260922,1,1,0,1,4,4,1,4,4,4,0,17,17,13,2124,4369,0,4369
729,20260922,0,0,0,3,NA,7,3,NA,7,1,0,17,17,10,6,1,0,0
730,20260922,1,1,0,1,4,4,1,4,4,4,0,17,17,13,2124,4913,0,17476
731,20260922,0,0,0,NA,NA,4,NA,NA,4,0,0,17,17,13,0,0,0,0
732,20260922,0,0,0,NA,NA,4,NA,NA,4,0,0,17,17,13,0,0,0,0
733,20260922,0,0,0,4,NA,11,4,NA,11,2,0,17,17,6,29,25,0,0
734,20260922,0,0,0,NA,NA,4,NA,NA,4,0,0,17,17,13,0,0,0,0
735,20260922,0,0,0,NA,NA,4,NA,NA,4,0,0,17,17,13,0,0,0,0
736,20260922,0,0,0,NA,NA,4,NA,NA,4,0,0,17,17,13,0,0,0,0
737,20260922,1,1,0,1,4,4,1,4,4,4,0,17,17,13,2124,4369,0,4369
738,20260922,1,1,0,2,6,6,2,6,6,4,0,17,17,11,72,4369,0,4369
739,20260922,0,0,0,NA,NA,4,NA,NA,4,0,0,17,17,13,0,0,0,0
740,20260922,0,0,0,NA,NA,4,NA,NA,4,0,0,17,17,13,0,0,0,0
741,20260922,1,1,0,1,4,4,1,4,4,4,0,17,17,13,2124,4369,0,4369
742,20260922,0,0,0,NA,NA,4,NA,NA,4,0,0,17,17,13,0,0,0,0
743,20260922,0,0,0,NA,NA,4,NA,NA,4,0,0,17,17,13,0,0,0,0
744,20260922,0,0,0,3,NA,7,3,NA,7,1,0,17,17,10,6,1,0,0
745,20260922,1,1,0,2,8,8,2,8,8,4,0,17,17,9,0,17476,0,17476
746,20260922,0,0,0,NA,NA,4,NA,NA,4,0,0,17,17,13,0,0,0,0
747,20260922,0,0,0,NA,NA,4,NA,NA,4,0,0,17,17,13,0,0,0,0
748,20260922,1,1,0,3,12,12,3,12,12,4,0,17,17,5,3294,4369,3294,4369
749,20260922,0,0,0,4,NA,8,4,NA,8,1,0,17,17,9,5,8,0,0
750,20260922,1,1,0,2,6,6,2,6,6,4,0,17,17,11,72,4369,0,4369
751,20260922,0,0,0,NA,NA,4,NA,NA,4,0,0,17,17,13,0,0,0,0
752,20260922,0,0,0,NA,NA,4,NA,NA,4,0,0,17,17,13,0,0,0,0
753,20260922,1,1,0,1,4,4,1,4,4,4,0,17,17,13,2124,4369,0,4369
754,20260922,0,0,0,NA,NA,4,NA,NA,4,0,0,17,17,13,0,0,0,0
755,20260922,0,0,0,NA,NA,4,NA,NA,4,0,0,17,17,13,0,0,0,0
756,20260922,0,0,0,3,NA,7,3,NA,7,1,0,17,17,10,6,1,0,0
757,20260922,1,1,0,1,4,4,1,4,4,4,0,17,17,13,2124,4369,0,4369
758,20260922,1,1,0,2,8,8,2,8,8,4,0,17,17,9,0,21845,0,21845
759,20260922,0,0,0,NA,NA,4,NA,NA,4,0,0,17,17,13,0,0,0,0
760,20260922,1,1,0,1,4,4,1,4,4,4,0,17,17,13,2124,4369,0,4369
761,20260922,1,1,0,1,6,6,1,6,6,4,0,17,17,11,2052,5185,0,17476
762,20260922,0,0,0,NA,NA,4,NA,NA,4,0,0,17,17,13,0,0,0,0
763,20260922,0,0,0,3,NA,7,3,NA,7,1,0,17,17,10,6,1,0,0
764,20260922,0,0,0,NA,NA,4,NA,NA,4,0,0,17,17,13,0,0,0,0
765,20260922,0,0,0,NA,NA,4,NA,NA,4,0,0,17,17,13,0,0,0,0
766,20260922,0,0,0,NA,NA,4,NA,NA,4,0,0,17,17,13,0,0,0,0
767,20260922,1,1,0,2,8,8,2,8,8,4,0,17,17,9,0,17476,0,17476
768,20260922,1,1,0,1,4,4,1,4,4,4,0,17,17,13,2124,4913,0,17476
769,20260922,0,0,0,NA,NA,4,NA,NA,4,0,0,17,17,13,0,0,0,0
770,20260922,0,0,0,NA,NA,4,NA,NA,4,0,0,17,17,13,0,0,0,0
771,20260922,0,0,0,3,NA,7,3,NA,7,1,0,17,17,10,6,4,0,0
772,20260922,0,0,0,NA,NA,4,NA,NA,4,0,0,17,17,13,0,0,0,0
773,20260922,0,0,0,3,NA,7,3,NA,7,1,0,17,17,10,6,1,0,0
774,20260922,1,1,0,1,4,4,1,4,4,4,0,17,17,13,2124,4369,0,4369
775,20260922,0,0,0,3,NA,7,3,NA,7,1,0,17,17,10,6,1,0,0
776,20260922,0,0,0,NA,NA,4,NA,NA,4,0,0,17,17,13,0,0,0,0
777,20260922,0,0,0,NA,NA,4,NA,NA,4,0,0,17,17,13,0,0,0,0
778,20260922,1,1,0,1,4,4,1,4,4,4,0,17,17,13,2124,4369,0,4369
779,20260922,0,0,0,NA,NA,4,NA,NA,4,0,0,17,17,13,0,0,0,0
780,20260922,0,0,0,NA,NA,4,NA,NA,4,0,0,17,17,13,0,0,0,0
781,20260922,0,0,0,4,NA,11,4,NA,11,2,0,17,17,6,29,20,0,0
782,20260922,1,1,0,1,4,4,1,4,4,4,0,17,17,13,2124,4913,0,17476
783,20260922,0,0,0,NA,NA,4,NA,NA,4,0,0,17,17,13,0,0,0,0
784,20260922,0,0,0,NA,NA,4,NA,NA,4,0,0,17,17,13,0,0,0,0
785,20260922,1,1,0,1,4,4,1,4,4,4,0,17,17,13,2124,4369,0,4369
786,20260922,1,1,0,1,4,4,1,4,4,4,0,17,17,13,2124,4369,0,4369
787,20260922,0,0,0,NA,NA,4,NA,NA,4,0,0,17,17,13,0,0,0,0
788,20260922,1,1,0,1,4,4,1,4,4,4,0,17,17,13,2124,4369,0,4369
789,20260922,0,0,0,NA,NA,4,NA,NA,4,0,0,17,17,13,0,0,0,0
790,20260922,1,1,0,1,4,4,1,4,4,4,0,17,17,13,2124,4369,0,4369
791,20260922,1,1,0,1,4,4,1,4,4,4,0,17,17,13,2124,4369,0,4369
792,20260922,0,0,0,NA,NA,4,NA,NA,4,0,0,17,17,13,0,0,0,0
793,20260922,1,1,0,2,6,6,2,6,6,4,0,17,17,11,72,4369,0,4369
794,20260922,1,1,0,1,4,4,1,4,4,4,0,17,17,13,2124,4369,0,4369
795,20260922,0,0,0,NA,NA,4,NA,NA,4,0,0,17,17,13,0,0,0,0
796,20260922,0,0,0,NA,NA,4,NA,NA,4,0,0,17,17,13,0,0,0,0
797,20260922,0,0,0,NA,NA,4,NA,NA,4,0,0,17,17,13,0,0,0,0
798,20260922,0,0,0,NA,NA,4,NA,NA,4,0,0,17,17,13,0,0,0,0
799,20260922,0,0,0,NA,NA,4,NA,NA,4,0,0,17,17,13,0,0,0,0
800,20260922,1,1,0,1,6,6,1,6,6,4,0,17,17,11,2052,5185,0,17476
801,20260922,1,1,0,1,4,4,1,4,4,4,0,17,17,13,2124,4369,0,4369
802,20260922,0,0,0,NA,NA,4,NA,NA,4,0,0,17,17,13,0,0,0,0
803,20260922,1,1,0,1,4,4,1,4,4,4,0,17,17,13,2124,4913,0,17476
804,20260922,0,0,0,NA,NA,4,NA,NA,4,0,0,17,17,13,0,0,0,0
805,20260922,0,0,0,NA,NA,4,NA,NA,4,0,0,17,17,13,0,0,0,0
806,20260922,1,1,0,1,4,4,1,4,4,4,0,17,17,13,2124,4369,0,4369
807,20260922,0,0,0,NA,NA,4,NA,NA,4,0,0,17,17,13,0,0,0,0
808,20260922,0,0,0,NA,NA,4,NA,NA,4,0,0,17,17,13,0,0,0,0
809,20260922,0,0,0,NA,NA,4,NA,NA,4,0,0,17,17,13,0,0,0,0
810,20260922,0,0,0,4,NA,8,4,NA,8,1,0,17,17,9,5,6,0,0
811,20260922,0,0,0,3,NA,7,3,NA,7,1,0,17,17,10,6,1,0,0
812,20260922,0,0,0,NA,NA,4,NA,NA,4,0,0,17,17,13,0,0,0,0
813,20260922,0,0,0,NA,NA,4,NA,NA,4,0,0,17,17,13,0,0,0,0
814,20260922,1,1,0,1,4,4,1,4,4,4,0,17,17,13,2124,4369,0,4369
815,20260922,0,0,0,4,NA,8,4,NA,8,1,0,17,17,9,5,7,0,0
816,20260922,0,0,0,NA,NA,4,NA,NA,4,0,0,17,17,13,0,0,0,0
817,20260922,0,0,0,NA,NA,4,NA,NA,4,0,0,17,17,13,0,0,0,0
818,20260922,0,0,0,NA,NA,4,NA,NA,4,0,0,17,17,13,0,0,0,0
819,20260922,1,1,0,1,4,4,1,4,4,4,0,17,17,13,2124,4369,0,4369
820,20260922,1,1,0,2,6,6,2,6,6,4,0,17,17,11,72,4369,0,4369
821,20260922,0,0,0,NA,NA,4,NA,NA,4,0,0,17,17,13,0,0,0,0
822,20260922,0,0,0,NA,NA,4,NA,NA,4,0,0,17,17,13,0,0,0,0
823,20260922,0,0,0,NA,NA,4,NA,NA,4,0,0,17,17,13,0,0,0,0
824,20260922,0,0,0,3,NA,7,3,NA,7,1,0,17,17,10,6,1,0,0
825,20260922,1,1,0,1,4,4,1,4,4,4,0,17,17,13,2124,4369,0,4369
826,20260922,1,1,0,1,4,4,1,4,4,4,0,17,17,13,2124,4369,0,4369
827,20260922,0,0,0,3,NA,7,3,NA,7,1,0,17,17,10,6,1,0,0
828,20260922,1,1,0,1,4,4,1,4,4,4,0,17,17,13,2124,4369,0,4369
829,20260922,0,0,0,NA,NA,4,NA,NA,4,0,0,17,17,13,0,0,0,0
830,20260922,1,1,0,1,6,6,1,6,6,4,0,17,17,11,2052,5185,0,17476
831,20260922,1,1,0,1,4,4,1,4,4,4,0,17,17,13,2124,4369,0,4369
832,20260922,1,1,0,1,4,4,1,4,4,4,0,17,17,13,2124,12563,0,4369
833,20260922,1,1,0,1,4,4,1,4,4,4,0,17,17,13,2124,4369,0,4369
834,20260922,1,1,0,1,4,4,1,4,4,4,0,17,17,13,2124,4369,0,4369
835,20260922,1,1,0,1,4,4,1,4,4,4,0,17,17,13,2124,9010,0,21845
836,20260922,0,0,0,NA,NA,4,NA,NA,4,0,0,17,17,13,0,0,0,0
837,20260922,0,0,0,4,NA,8,4,NA,8,1,0,17,17,9,5,7,0,0
838,20260922,0,0,0,NA,NA,4,NA,NA,4,0,0,17,17,13,0,0,0,0
839,20260922,0,0,0,NA,NA,4,NA,NA,4,0,0,17,17,13,0,0,0,0
840,20260922,1,1,0,1,4,4,1,4,4,4,0,17,17,13,2124,4913,0,17476
841,20260922,0,0,0,NA,NA,4,NA,NA,4,0,0,17,17,13,0,0,0,0
842,20260922,0,0,0,NA,NA,4,NA,NA,4,0,0,17,17,13,0,0,0,0
843,20260922,0,0,0,4,NA,8,4,NA,8,1,0,17,17,9,5,3,0,0
844,20260922,0,0,0,3,NA,7,3,NA,7,1,0,17,17,10,6,1,0,0
845,20260922,0,0,0,NA,NA,4,NA,NA,4,0,0,17,17,13,0,0,0,0
846,20260922,1,1,0,3,12,12,3,12,12,4,0,17,17,5,3294,4369,3294,4369
847,20260922,1,1,0,1,6,6,1,6,6,4,0,17,17,11,2052,5729,0,26214
848,20260922,1,1,0,2,6,6,2,6,6,4,0,17,17,11,72,4369,0,4369
849,20260922,0,0,0,NA,NA,4,NA,NA,4,0,0,17,17,13,0,0,0,0
850,20260922,1,1,0,1,4,4,1,4,4,4,0,17,17,13,2124,4369,0,4369
851,20260922,0,0,0,NA,NA,4,NA,NA,4,0,0,17,17,13,0,0,0,0
852,20260922,1,1,0,1,6,6,1,6,6,4,0,17,17,11,2052,9554,0,21845
853,20260922,0,0,0,4,NA,8,4,NA,8,1,0,17,17,9,5,7,0,0
854,20260922,0,0,0,NA,NA,4,NA,NA,4,0,0,17,17,13,0,0,0,0
855,20260922,1,1,0,1,6,6,1,6,6,4,0,17,17,11,2052,5185,0,17476
856,20260922,0,0,0,NA,NA,4,NA,NA,4,0,0,17,17,13,0,0,0,0
857,20260922,1,1,0,1,4,4,1,4,4,4,0,17,17,13,2124,4369,0,4369
858,20260922,1,1,0,1,4,4,1,4,4,4,0,17,17,13,2124,12563,0,4369
859,20260922,0,0,0,NA,NA,4,NA,NA,4,0,0,17,17,13,0,0,0,0
860,20260922,0,0,0,NA,NA,4,NA,NA,4,0,0,17,17,13,0,0,0,0
861,20260922,0,0,0,NA,NA,4,NA,NA,4,0,0,17,17,13,0,0,0,0
862,20260922,0,0,0,NA,NA,4,NA,NA,4,0,0,17,17,13,0,0,0,0
863,20260922,1,1,0,1,4,4,1,4,4,4,0,17,17,13,2124,4369,0,4369
864,20260922,0,0,0,NA,NA,4,NA,NA,4,0,0,17,17,13,0,0,0,0
865,20260922,1,1,0,1,4,4,1,4,4,4,0,17,17,13,2124,4369,0,4369
866,20260922,0,0,0,NA,NA,4,NA,NA,4,0,0,17,17,13,0,0,0,0
867,20260922,1,1,0,1,4,4,1,4,4,4,0,17,17,13,2124,4369,0,4369
868,20260922,0,0,0,NA,NA,4,NA,NA,4,0,0,17,17,13,0,0,0,0
869,20260922,0,0,0,NA,NA,4,NA,NA,4,0,0,17,17,13,0,0,0,0
870,20260922,0,0,0,NA,NA,4,NA,NA,4,0,0,17,17,13,0,0,0,0
871,20260922,0,0,0,3,NA,7,3,NA,7,1,0,17,17,10,6,1,0,0
872,20260922,1,1,0,1,4,4,1,4,4,4,0,17,17,13,2124,4369,0,4369
873,20260922,1,1,0,3,12,12,3,12,12,4,0,17,17,5,3294,4369,3294,4369
874,20260922,0,0,0,3,NA,7,3,NA,7,1,0,17,17,10,6,1,0,0
875,20260922,1,1,0,1,4,4,1,4,4,4,0,17,17,13,2124,4369,0,4369
876,20260922,1,1,0,1,4,4,1,4,4,4,0,17,17,13,2124,4369,0,4369
877,20260922,0,0,0,3,NA,7,3,NA,7,1,0,17,17,10,6,1,0,0
878,20260922,1,1,0,1,4,4,1,4,4,4,0,17,17,13,2124,4369,0,4369
879,20260922,0,0,0,3,NA,7,3,NA,7,1,0,17,17,10,6,1,0,0
880,20260922,0,0,0,NA,NA,4,NA,NA,4,0,0,17,17,13,0,0,0,0
881,20260922,0,0,0,NA,NA,4,NA,NA,4,0,0,17,17,13,0,0,0,0
882,20260922,1,1,0,1,4,4,1,4,4,4,0,17,17,13,2124,4369,0,4369
883,20260922,0,0,0,3,NA,7,3,NA,7,1,0,17,17,10,6,1,0,0
884,20260922,0,0,0,NA,NA,4,NA,NA,4,0,0,17,17,13,0,0,0,0
885,20260922,0,0,0,NA,NA,4,NA,NA,4,0,0,17,17,13,0,0,0,0
886,20260922,0,0,0,3,NA,7,3,NA,7,1,0,17,17,10,6,1,0,0
887,20260922,0,0,0,4,NA,8,4,NA,8,1,0,17,17,9,5,6,0,0
888,20260922,1,1,0,1,4,4,1,4,4,4,0,17,17,13,2124,4369,0,4369
889,20260922,1,1,0,1,4,4,1,4,4,4,0,17,17,13,2124,4369,0,4369
890,20260922,0,0,0,NA,NA,4,NA,NA,4,0,0,17,17,13,0,0,0,0
891,20260922,0,0,0,NA,NA,4,NA,NA,4,0,0,17,17,13,0,0,0,0
892,20260922,0,0,0,NA,NA,4,NA,NA,4,0,0,17,17,13,0,0,0,0
893,20260922,0,0,0,3,NA,7,3,NA,7,1,0,17,17,10,6,1,0,0
894,20260922,0,0,0,3,NA,7,3,NA,7,1,0,17,17,10,6,1,0,0
895,20260922,1,1,0,1,4,4,1,4,4,4,0,17,17,13,2124,4369,0,4369
896,20260922,0,0,0,NA,NA,4,NA,NA,4,0,0,17,17,13,0,0,0,0
897,20260922,0,0,0,NA,NA,4,NA,NA,4,0,0,17,17,13,0,0,0,0
898,20260922,1,1,0,3,12,12,3,12,12,4,0,17,17,5,3294,4369,3294,4369
899,20260922,0,0,0,NA,NA,4,NA,NA,4,0,0,17,17,13,0,0,0,0
900,20260922,0,0,0,NA,NA,4,NA,NA,4,0,0,17,17,13,0,0,0,0
901,20260922,1,1,0,2,6,6,2,6,6,4,0,17,17,11,72,4369,0,4369
902,20260922,1,1,0,1,4,4,1,4,4,4,0,17,17,13,2124,4369,0,4369
903,20260922,0,0,0,NA,NA,4,NA,NA,4,0,0,17,17,13,0,0,0,0
904,20260922,0,0,0,NA,NA,4,NA,NA,4,0,0,17,17,13,0,0,0,0
905,20260922,1,1,0,3,12,12,3,12,12,4,0,17,17,5,3294,4369,3294,4369
906,20260922,0,0,0,NA,NA,4,NA,NA,4,0,0,17,17,13,0,0,0,0
907,20260922,1,1,0,1,4,4,1,4,4,4,0,17,17,13,2124,4369,0,4369
908,20260922,1,1,0,1,4,4,1,4,4,4,0,17,17,13,2124,12563,0,4369
909,20260922,0,0,0,NA,NA,4,NA,NA,4,0,0,17,17,13,0,0,0,0
910,20260922,0,0,0,NA,NA,4,NA,NA,4,0,0,17,17,13,0,0,0,0
911,20260922,0,0,0,NA,NA,4,NA,NA,4,0,0,17,17,13,0,0,0,0
912,20260922,0,0,0,3,NA,7,3,NA,7,1,0,17,17,10,6,1,0,0
913,20260922,1,1,0,1,4,4,1,4,4,4,0,17,17,13,2124,4369,0,4369
914,20260922,1,1,0,1,4,4,1,4,4,4,0,17,17,13,2124,4369,0,4369
915,20260922,0,0,0,4,NA,8,4,NA,8,1,0,17,17,9,5,3,0,0
916,20260922,0,0,0,NA,NA,4,NA,NA,4,0,0,17,17,13,0,0,0,0
917,20260922,0,0,0,4,NA,8,4,NA,8,1,0,17,17,9,5,1,0,0
918,20260922,0,0,0,NA,NA,4,NA,NA,4,0,0,17,17,13,0,0,0,0
919,20260922,1,1,0,2,8,8,2,8,8,4,0,17,17,9,0,13107,0,13107
920,20260922,0,0,0,NA,NA,4,NA,NA,4,0,0,17,17,13,0,0,0,0
921,20260922,0,0,0,NA,NA,4,NA,NA,4,0,0,17,17,13,0,0,0,0
922,20260922,0,0,0,NA,NA,4,NA,NA,4,0,0,17,17,13,0,0,0,0
923,20260922,1,1,0,2,6,6,2,6,6,4,0,17,17,11,72,4369,0,4369
924,20260922,0,0,0,NA,NA,4,NA,NA,4,0,0,17,17,13,0,0,0,0
925,20260922,1,1,0,1,4,4,1,4,4,4,0,17,17,13,2124,4369,0,4369
926,20260922,0,0,0,NA,NA,4,NA,NA,4,0,0,17,17,13,0,0,0,0
927,20260922,0,0,0,NA,NA,4,NA,NA,4,0,0,17,17,13,0,0,0,0
928,20260922,0,0,0,NA,NA,4,NA,NA,4,0,0,17,17,13,0,0,0,0
929,20260922,0,0,0,NA,NA,4,NA,NA,4,0,0,17,17,13,0,0,0,0
930,20260922,0,0,0,3,NA,7,3,NA,7,1,0,17,17,10,6,1,0,0
931,20260922,1,1,0,1,4,4,1,4,4,4,0,17,17,13,2124,4369,0,4369
932,20260922,0,0,0,NA,NA,4,NA,NA,4,0,0,17,17,13,0,0,0,0
933,20260922,1,1,0,2,8,8,2,8,8,4,0,17,17,9,0,17476,0,17476
934,20260922,1,1,0,1,4,4,1,4,4,4,0,17,17,13,2124,4369,0,4369
935,20260922,0,0,0,NA,NA,4,NA,NA,4,0,0,17,17,13,0,0,0,0
936,20260922,0,0,0,NA,NA,4,NA,NA,4,0,0,17,17,13,0,0,0,0
937,20260922,1,1,0,2,8,8,2,8,8,4,0,17,17,9,0,17476,0,17476
938,20260922,0,0,0,NA,NA,4,NA,NA,4,0,0,17,17,13,0,0,0,0
939,20260922,0,0,0,4,NA,8,4,NA,8,1,0,17,17,9,5,9,0,0
940,20260922,0,0,0,3,NA,7,3,NA,7,1,0,17,17,10,6,1,0,0
941,20260922,1,1,0,1,6,6,1,6,6,4,0,17,17,11,2052,5185,0,17476
942,20260922,1,1,0,2,6,6,2,6,6,4,0,17,17,11,72,4369,0,4369
943,20260922,1,1,0,1,4,4,1,4,4,4,0,17,17,13,2124,4369,0,4369
944,20260922,0,0,0,3,NA,7,3,NA,7,1,0,17,17,10,6,1,0,0
945,20260922,0,0,0,3,NA,7,3,NA,7,1,0,17,17,10,6,1,0,0
946,20260922,1,1,0,1,10,10,1,10,10,4,0,17,17,7,2196,10370,2196,10370
947,20260922,1,1,0,1,4,4,1,4,4,4,0,17,17,13,2124,4369,0,4369
948,20260922,0,0,0,NA,NA,4,NA,NA,4,0,0,17,17,13,0,0,0,0
949,20260922,0,0,0,NA,NA,4,NA,NA,4,0,0,17,17,13,0,0,0,0
950,20260922,1,1,0,1,4,4,1,4,4,4,0,17,17,13,2124,4913,0,17476
951,20260922,0,0,0,NA,NA,4,NA,NA,4,0,0,17,17,13,0,0,0,0
952,20260922,1,1,0,1,4,4,1,4,4,4,0,17,17,13,2124,4369,0,4369
953,20260922,0,0,0,NA,NA,4,NA,NA,4,0,0,17,17,13,0,0,0,0
954,20260922,0,0,0,3,NA,7,3,NA,7,1,0,17,17,10,6,2,0,0
955,20260922,0,0,0,3,NA,7,3,NA,7,1,0,17,17,10,6,1,0,0
956,20260922,0,0,0,3,NA,7,3,NA,7,1,0,17,17,10,6,1,0,0
957,20260922,0,0,0,NA,NA,4,NA,NA,4,0,0,17,17,13,0,0,0,0
958,20260922,0,0,0,3,NA,7,3,NA,7,1,0,17,17,10,6,1,0,0
959,20260922,1,1,0,2,8,8,2,8,8,4,0,17,17,9,0,13107,0,13107
960,20260922,1,1,0,1,4,4,1,4,4,4,0,17,17,13,2124,4369,0,4369
961,20260922,0,0,0,3,NA,7,3,NA,7,1,0,17,17,10,6,1,0,0
962,20260922,1,1,0,2,6,6,2,6,6,4,0,17,17,11,72,4913,0,4369
963,20260922,0,0,0,NA,NA,4,NA,NA,4,0,0,17,17,13,0,0,0,0
964,20260922,1,1,0,2,6,6,2,6,6,4,0,17,17,11,72,8738,0,8738
965,20260922,1,1,0,1,6,6,1,6,6,4,0,17,17,11,2052,4641,0,8738
966,20260922,1,1,0,3,12,12,3,12,12,4,0,17,17,5,3294,4369,3294,4369
967,20260922,1,1,0,1,6,6,1,6,6,4,0,17,17,11,2052,9554,0,21845
968,20260922,0,0,0,NA,NA,4,NA,NA,4,0,0,17,17,13,0,0,0,0
969,20260922,1,1,0,1,4,4,1,4,4,4,0,17,17,13,2124,4369,0,4369
970,20260922,0,0,0,3,NA,7,3,NA,7,1,0,17,17,10,6,1,0,0
971,20260922,0,0,0,NA,NA,4,NA,NA,4,0,0,17,17,13,0,0,0,0
972,20260922,1,1,0,1,4,4,1,4,4,4,0,17,17,13,2124,4369,0,4369
973,20260922,0,0,0,NA,NA,4,NA,NA,4,0,0,17,17,13,0,0,0,0
974,20260922,0,0,0,3,NA,7,3,NA,7,1,0,17,17,10,6,1,0,0
975,20260922,0,0,0,NA,NA,4,NA,NA,4,0,0,17,17,13,0,0,0,0
976,20260922,0,0,0,NA,NA,4,NA,NA,4,0,0,17,17,13,0,0,0,0
977,20260922,0,0,0,4,NA,11,4,NA,11,2,0,17,17,6,29,20,0,0
978,20260922,0,0,0,3,NA,7,3,NA,7,1,0,17,17,10,6,1,0,0
979,20260922,1,1,0,1,4,4,1,4,4,4,0,17,17,13,2124,4369,0,4369
980,20260922,0,0,0,3,NA,7,3,NA,7,1,0,17,17,10,6,1,0,0
981,20260922,0,0,0,3,NA,7,3,NA,7,1,0,17,17,10,6,1,0,0
982,20260922,0,0,0,NA,NA,4,NA,NA,4,0,0,17,17,13,0,0,0,0
983,20260922,0,0,0,3,NA,7,3,NA,7,1,0,17,17,10,6,1,0,0
984,20260922,0,0,0,NA,NA,4,NA,NA,4,0,0,17,17,13,0,0,0,0
985,20260922,0,0,0,NA,NA,4,NA,NA,4,0,0,17,17,13,0,0,0,0
986,20260922,0,0,0,NA,NA,4,NA,NA,4,0,0,17,17,13,0,0,0,0
987,20260922,1,1,0,2,6,6,2,6,6,4,0,17,17,11,72,4369,0,4369
988,20260922,1,1,0,1,6,6,1,6,6,4,0,17,17,11,2052,5185,0,17476
989,20260922,1,1,0,1,4,4,1,4,4,4,0,17,17,13,2124,4369,0,4369
990,20260922,0,0,0,4,NA,8,4,NA,8,1,0,17,17,9,5,1,0,0
991,20260922,0,0,0,NA,NA,4,NA,NA,4,0,0,17,17,13,0,0,0,0
992,20260922,0,0,0,4,NA,8,4,NA,8,1,0,17,17,9,5,1,0,0
993,20260922,0,0,0,NA,NA,4,NA,NA,4,0,0,17,17,13,0,0,0,0
994,20260922,1,1,0,1,4,4,1,4,4,4,0,17,17,13,2124,4369,0,4369
995,20260922,0,0,0,NA,NA,4,NA,NA,4,0,0,17,17,13,0,0,0,0
996,20260922,0,0,0,NA,NA,4,NA,NA,4,0,0,17,17,13,0,0,0,0
997,20260922,0,0,0,4,NA,8,4,NA,8,1,0,17,17,9,5,10,0,0
998,20260922,1,1,0,1,4,4,1,4,4,4,0,17,17,13,2124,4369,0,4369
999,20260922,1,1,0,2,6,6,2,6,6,4,0,17,17,11,72,4369,0,4369
1000,20260922,0,0,0,NA,NA,4,NA,NA,4,0,0,17,17,13,0,0,0,0
1001,20260922,1,1,0,3,12,12,3,12,12,4,0,17,17,5,3294,4369,3294,4369
1002,20260922,1,1,0,3,12,12,3,12,12,4,0,17,17,5,3294,4369,3294,4369
1003,20260922,0,0,0,NA,NA,4,NA,NA,4,0,0,17,17,13,0,0,0,0
1004,20260922,1,1,0,1,6,6,1,6,6,4,0,17,17,11,2052,5729,0,26214
1005,20260922,1,1,0,1,6,6,1,6,6,4,0,17,17,11,2052,4641,0,8738
1006,20260922,0,0,0,NA,NA,4,NA,NA,4,0,0,17,17,13,0,0,0,0
1007,20260922,1,1,0,1,4,4,1,4,4,4,0,17,17,13,2124,4369,0,4369
1008,20260922,1,1,0,1,6,6,1,6,6,4,0,17,17,11,2052,5185,0,17476
1009,20260922,1,1,0,2,8,8,2,8,8,4,0,17,17,9,0,26214,0,26214
1010,20260922,1,1,0,1,4,4,1,4,4,4,0,17,17,13,2124,4369,0,4369
1011,20260922,1,1,0,2,6,6,2,6,6,4,0,17,17,11,72,4369,0,4369
1012,20260922,1,1,0,1,4,4,1,4,4,4,0,17,17,13,2124,4369,0,4369
1013,20260922,0,0,0,NA,NA,4,NA,NA,4,0,0,17,17,13,0,0,0,0
1014,20260922,0,0,0,NA,NA,4,NA,NA,4,0,0,17,17,13,0,0,0,0
1015,20260922,0,0,0,NA,NA,4,NA,NA,4,0,0,17,17,13,0,0,0,0
1016,20260922,1,1,0,2,8,8,2,8,8,4,0,17,17,9,0,13107,0,13107
1017,20260922,1,1,0,3,12,12,3,12,12,4,0,17,17,5,3294,4641,3294,4641
1018,20260922,0,0,0,NA,NA,4,NA,NA,4,0,0,17,17,13,0,0,0,0
1019,20260922,1,1,0,1,4,4,1,4,4,4,0,17,17,13,2124,4369,0,4369
1020,20260922,0,0,0,4,NA,11,4,NA,11,2,0,17,17,6,29,25,0,0
1021,20260922,1,1,0,1,4,4,1,4,4,4,0,17,17,13,2124,4369,0,4369
1022,20260922,1,1,0,2,8,8,2,8,8,4,0,17,17,9,0,13107,0,13107
1023,20260922,0,0,0,NA,NA,4,NA,NA,4,0,0,17,17,13,0,0,0,0
1024,20260922,0,0,0,NA,NA,4,NA,NA,4,0,0,17,17,13,0,0,0,0
1025,20260922,0,0,0,4,NA,8,4,NA,8,1,0,17,17,9,5,7,0,0
1026,20260922,0,0,0,NA,NA,4,NA,NA,4,0,0,17,17,13,0,0,0,0
1027,20260922,0,0,0,NA,NA,4,NA,NA,4,0,0,17,17,13,0,0,0,0
1028,20260922,1,1,0,1,4,4,1,4,4,4,0,17,17,13,2124,4369,0,4369
1029,20260922,0,0,0,NA,NA,4,NA,NA,4,0,0,17,17,13,0,0,0,0
1030,20260922,1,1,0,1,4,4,1,4,4,4,0,17,17,13,2124,4369,0,4369
1031,20260922,0,0,0,NA,NA,4,NA,NA,4,0,0,17,17,13,0,0,0,0
1032,20260922,1,1,0,1,4,4,1,4,4,4,0,17,17,13,2124,4369,0,4369
1033,20260922,1,1,0,1,6,6,1,6,6,4,0,17,17,11,2052,5185,0,17476
1034,20260922,0,0,0,NA,NA,4,NA,NA,4,0,0,17,17,13,0,0,0,0
1035,20260922,0,0,0,NA,NA,4,NA,NA,4,0,0,17,17,13,0,0,0,0
1036,20260922,0,0,0,NA,NA,4,NA,NA,4,0,0,17,17,13,0,0,0,0
1037,20260922,0,0,0,NA,NA,4,NA,NA,4,0,0,17,17,13,0,0,0,0
1038,20260922,1,1,0,2,6,6,2,6,6,4,0,17,17,11,72,4369,0,4369
1039,20260922,1,1,0,1,4,4,1,4,4,4,0,17,17,13,2124,4369,0,4369
1040,20260922,0,0,0,NA,NA,4,NA,NA,4,0,0,17,17,13,0,0,0,0
1041,20260922,1,1,0,2,6,6,2,6,6,4,0,17,17,11,72,4369,0,4369
1042,20260922,1,1,0,1,4,4,1,4,4,4,0,17,17,13,2124,12563,0,4369
1043,20260922,1,1,0,1,4,4,1,4,4,4,0,17,17,13,2124,4369,0,4369
1044,20260922,0,0,0,NA,NA,4,NA,NA,4,0,0,17,17,13,0,0,0,0
1045,20260922,0,0,0,NA,NA,4,NA,NA,4,0,0,17,17,13,0,0,0,0
1046,20260922,1,1,0,1,4,4,1,4,4,4,0,17,17,13,2124,4369,0,4369
1047,20260922,0,0,0,NA,NA,4,NA,NA,4,0,0,17,17,13,0,0,0,0
1048,20260922,0,0,0,3,NA,7,3,NA,7,1,0,17,17,10,6,1,0,0
1049,20260922,1,1,0,1,6,6,1,6,6,4,0,17,17,11,2052,12835,0,8738
1050,20260922,0,0,0,NA,NA,4,NA,NA,4,0,0,17,17,13,0,0,0,0
1051,20260922,0,0,0,NA,NA,4,NA,NA,4,0,0,17,17,13,0,0,0,0
1052,20260922,1,1,0,1,6,6,1,6,6,4,0,17,17,11,2052,5729,0,26214
1053,20260922,1,1,0,3,12,12,3,12,12,4,0,17,17,5,3294,4369,3294,4369
1054,20260922,0,0,0,3,NA,7,3,NA,7,1,0,17,17,10,6,2,0,0
1055,20260922,0,0,0,NA,NA,4,NA,NA,4,0,0,17,17,13,0,0,0,0
1056,20260922,0,0,0,NA,NA,4,NA,NA,4,0,0,17,17,13,0,0,0,0
1057,20260922,0,0,0,NA,NA,4,NA,NA,4,0,0,17,17,13,0,0,0,0
1058,20260922,0,0,0,4,NA,8,4,NA,8,1,0,17,17,9,5,1,0,0
1059,20260922,1,1,0,1,4,4,1,4,4,4,0,17,17,13,2124,8466,0,4369
1060,20260922,0,0,0,NA,NA,4,NA,NA,4,0,0,17,17,13,0,0,0,0
1061,20260922,0,0,0,NA,NA,4,NA,NA,4,0,0,17,17,13,0,0,0,0
1062,20260922,1,1,0,1,6,6,1,6,6,4,0,17,17,11,2052,5185,0,17476
1063,20260922,1,1,0,1,4,4,1,4,4,4,0,17,17,13,2124,4369,0,4369
1064,20260922,1,1,0,1,4,4,1,4,4,4,0,17,17,13,2124,4369,0,4369
1065,20260922,1,1,0,1,6,6,1,6,6,4,0,17,17,11,2052,9282,0,17476
1066,20260922,0,0,0,NA,NA,4,NA,NA,4,0,0,17,17,13,0,0,0,0
1067,20260922,1,1,0,1,4,4,1,4,4,4,0,17,17,13,2124,4369,0,4369
1068,20260922,1,1,0,1,4,4,1,4,4,4,0,17,17,13,2124,4369,0,4369
1069,20260922,1,1,0,1,6,6,1,6,6,4,0,17,17,11,2052,5729,0,26214
1070,20260922,0,0,0,NA,NA,4,NA,NA,4,0,0,17,17,13,0,0,0,0
1071,20260922,1,1,0,1,4,4,1,4,4,4,0,17,17,13,2124,4369,0,4369
1072,20260922,1,1,0,1,4,4,1,4,4,4,0,17,17,13,2124,4369,0,4369
1073,20260922,0,0,0,NA,NA,4,NA,NA,4,0,0,17,17,13,0,0,0,0
1074,20260922,1,1,0,2,8,8,2,8,8,4,0,17,17,9,0,8738,0,8738
1075,20260922,1,1,0,1,4,4,1,4,4,4,0,17,17,13,2124,4369,0,4369
1076,20260922,1,1,0,1,4,4,1,4,4,4,0,17,17,13,2124,4369,0,4369
1077,20260922,0,0,0,NA,NA,4,NA,NA,4,0,0,17,17,13,0,0,0,0
1078,20260922,0,0,0,NA,NA,4,NA,NA,4,0,0,17,17,13,0,0,0,0
1079,20260922,0,0,0,NA,NA,4,NA,NA,4,0,0,17,17,13,0,0,0,0
1080,20260922,1,1,0,1,4,4,1,4,4,4,0,17,17,13,2124,4369,0,4369
1081,20260922,1,1,0,1,4,4,1,4,4,4,0,17,17,13,2124,4913,0,17476
1082,20260922,0,0,0,NA,NA,4,NA,NA,4,0,0,17,17,13,0,0,0,0
1083,20260922,1,1,0,1,4,4,1,4,4,4,0,17,17,13,2124,4369,0,4369
1084,20260922,1,1,0,3,12,12,3,12,12,4,0,17,17,5,3294,4369,3294,4369
1085,20260922,1,1,0,1,6,6,1,6,6,4,0,17,17,11,2052,5185,0,17476
1086,20260922,0,0,0,NA,NA,4,NA,NA,4,0,0,17,17,13,0,0,0,0
1087,20260922,1,1,0,1,4,4,1,4,4,4,0,17,17,13,2124,4369,0,4369
1088,20260922,1,1,0,1,4,4,1,4,4,4,0,17,17,13,2124,4369,0,4369
1089,20260922,0,0,0,NA,NA,4,NA,NA,4,0,0,17,17,13,0,0,0,0
1090,20260922,0,0,0,3,NA,7,3,NA,7,1,0,17,17,10,6,1,0,0
1091,20260922,1,1,0,1,4,4,1,4,4,4,0,17,17,13,2124,4369,0,4369
1092,20260922,1,1,0,1,4,4,1,4,4,4,0,17,17,13,2124,4369,0,4369
1093,20260922,0,0,0,3,NA,7,3,NA,7,1,0,17,17,10,6,1,0,0
1094,20260922,0,0,0,NA,NA,4,NA,NA,4,0,0,17,17,13,0,0,0,0
1095,20260922,0,0,0,NA,NA,4,NA,NA,4,0,0,17,17,13,0,0,0,0
1096,20260922,0,0,0,NA,NA,4,NA,NA,4,0,0,17,17,13,0,0,0,0
1097,20260922,0,0,0,NA,NA,4,NA,NA,4,0,0,17,17,13,0,0,0,0
1098,20260922,0,0,0,NA,NA,4,NA,NA,4,0,0,17,17,13,0,0,0,0
1099,20260922,1,1,0,1,4,4,1,4,4,4,0,17,17,13,2124,4369,0,4369
1100,20260922,0,0,0,NA,NA,4,NA,NA,4,0,0,17,17,13,0,0,0,0
1101,20260922,0,0,0,NA,NA,4,NA,NA,4,0,0,17,17,13,0,0,0,0
1102,20260922,0,0,0,NA,NA,4,NA,NA,4,0,0,17,17,13,0,0,0,0
1103,20260922,0,0,0,NA,NA,4,NA,NA,4,0,0,17,17,13,0,0,0,0
1104,20260922,1,1,0,2,8,8,2,8,8,4,0,17,17,9,0,4369,0,4369
1105,20260922,0,0,0,3,NA,7,3,NA,7,1,0,17,17,10,6,1,0,0
1106,20260922,1,1,0,1,4,4,1,4,4,4,0,17,17,13,2124,4369,0,4369
1107,20260922,0,0,0,NA,NA,4,NA,NA,4,0,0,17,17,13,0,0,0,0
1108,20260922,0,0,0,NA,NA,4,NA,NA,4,0,0,17,17,13,0,0,0,0
1109,20260922,1,1,0,1,4,4,1,4,4,4,0,17,17,13,2124,4369,0,4369
1110,20260922,0,0,0,NA,NA,4,NA,NA,4,0,0,17,17,13,0,0,0,0
1111,20260922,1,1,0,1,4,4,1,4,4,4,0,17,17,13,2124,4369,0,4369
1112,20260922,0,0,0,4,NA,8,4,NA,8,1,0,17,17,9,5,2,0,0
1113,20260922,0,0,0,NA,NA,4,NA,NA,4,0,0,17,17,13,0,0,0,0
1114,20260922,1,1,0,1,4,4,1,4,4,4,0,17,17,13,2124,4369,0,4369
1115,20260922,0,0,0,NA,NA,4,NA,NA,4,0,0,17,17,13,0,0,0,0
1116,20260922,0,0,0,3,NA,7,3,NA,7,1,0,17,17,10,6,2,0,0
1117,20260922,1,1,0,1,4,4,1,4,4,4,0,17,17,13,2124,4369,0,4369
1118,20260922,0,0,0,NA,NA,4,NA,NA,4,0,0,17,17,13,0,0,0,0
1119,20260922,1,1,0,1,6,6,1,6,6,4,0,17,17,11,2052,5729,0,26214
1120,20260922,0,0,0,NA,NA,4,NA,NA,4,0,0,17,17,13,0,0,0,0
1121,20260922,0,0,0,3,NA,7,3,NA,7,1,0,17,17,10,6,1,0,0
1122,20260922,0,0,0,NA,NA,4,NA,NA,4,0,0,17,17,13,0,0,0,0
1123,20260922,1,1,0,1,6,6,1,6,6,4,0,17,17,11,2052,5185,0,17476
1124,20260922,1,1,0,1,4,4,1,4,4,4,0,17,17,13,2124,4369,0,4369
1125,20260922,1,1,0,3,12,12,3,12,12,4,0,17,17,5,3294,4369,3294,4369
1126,20260922,1,1,0,1,4,4,1,4,4,4,0,17,17,13,2124,4369,0,4369
1127,20260922,0,0,0,NA,NA,4,NA,NA,4,0,0,17,17,13,0,0,0,0
1128,20260922,0,0,0,NA,NA,4,NA,NA,4,0,0,17,17,13,0,0,0,0
1129,20260922,1,1,0,2,6,6,2,6,6,4,0,17,17,11,72,4369,0,4369
1130,20260922,0,0,0,NA,NA,4,NA,NA,4,0,0,17,17,13,0,0,0,0
1131,20260922,0,0,0,NA,NA,4,NA,NA,4,0,0,17,17,13,0,0,0,0
1132,20260922,0,0,0,4,NA,11,4,NA,11,2,0,17,17,6,29,36,0,0
1133,20260922,1,1,0,3,12,12,3,12,12,4,0,17,17,5,3294,4369,3294,4369
1134,20260922,1,1,0,1,4,4,1,4,4,4,0,17,17,13,2124,12563,0,4369
1135,20260922,0,0,0,NA,NA,4,NA,NA,4,0,0,17,17,13,0,0,0,0
1136,20260922,0,0,0,4,NA,8,4,NA,8,1,0,17,17,9,5,1,0,0
1137,20260922,0,0,0,NA,NA,4,NA,NA,4,0,0,17,17,13,0,0,0,0
1138,20260922,0,0,0,4,NA,8,4,NA,8,1,0,17,17,9,5,7,0,0
1139,20260922,1,1,0,2,6,6,2,6,6,4,0,17,17,11,72,4369,0,4369
1140,20260922,0,0,0,3,NA,7,3,NA,7,1,0,17,17,10,6,1,0,0
1141,20260922,1,1,0,1,4,4,1,4,4,4,0,17,17,13,2124,12563,0,4369
1142,20260922,1,1,0,1,4,4,1,4,4,4,0,17,17,13,2124,4369,0,4369
1143,20260922,1,1,0,1,4,4,1,4,4,4,0,17,17,13,2124,12563,0,4369
1144,20260922,1,1,0,1,6,6,1,6,6,4,0,17,17,11,2052,5185,0,17476
1145,20260922,0,0,0,4,NA,11,4,NA,11,2,0,17,17,6,29,18,0,0
1146,20260922,0,0,0,NA,NA,4,NA,NA,4,0,0,17,17,13,0,0,0,0
1147,20260922,0,0,0,NA,NA,4,NA,NA,4,0,0,17,17,13,0,0,0,0
1148,20260922,0,0,0,NA,NA,4,NA,NA,4,0,0,17,17,13,0,0,0,0
1149,20260922,1,1,0,1,4,4,1,4,4,4,0,17,17,13,2124,4369,0,4369
1150,20260922,1,1,0,1,4,4,1,4,4,4,0,17,17,13,2124,12563,0,4369
1151,20260922,0,0,0,3,NA,7,3,NA,7,1,0,17,17,10,6,1,0,0
1152,20260922,0,0,0,3,NA,7,3,NA,7,1,0,17,17,10,6,1,0,0
1153,20260922,1,1,0,3,12,12,3,12,12,4,0,17,17,5,3294,4369,3294,4369
1154,20260922,0,0,0,NA,NA,4,NA,NA,4,0,0,17,17,13,0,0,0,0
1155,20260922,0,0,0,4,NA,8,4,NA,8,1,0,17,17,9,5,6,0,0
1156,20260922,1,1,0,2,8,8,2,8,8,4,0,17,17,9,0,13107,0,13107
1157,20260922,0,0,0,NA,NA,4,NA,NA,4,0,0,17,17,13,0,0,0,0
1158,20260922,1,1,0,1,4,4,1,4,4,4,0,17,17,13,2124,4369,0,4369
1159,20260922,1,1,0,3,12,12,3,12,12,4,0,17,17,5,3294,4369,3294,4369
1160,20260922,0,0,0,NA,NA,4,NA,NA,4,0,0,17,17,13,0,0,0,0
1161,20260922,1,1,0,2,6,6,2,6,6,4,0,17,17,11,72,4369,0,4369
1162,20260922,0,0,0,NA,NA,4,NA,NA,4,0,0,17,17,13,0,0,0,0
1163,20260922,0,0,0,NA,NA,4,NA,NA,4,0,0,17,17,13,0,0,0,0
1164,20260922,1,1,0,1,4,4,1,4,4,4,0,17,17,13,2124,12563,0,4369
1165,20260922,0,0,0,NA,NA,4,NA,NA,4,0,0,17,17,13,0,0,0,0
1166,20260922,0,0,0,NA,NA,4,NA,NA,4,0,0,17,17,13,0,0,0,0
1167,20260922,1,1,0,2,6,6,2,6,6,4,0,17,17,11,72,4369,0,4369
1168,20260922,0,0,0,3,NA,7,3,NA,7,1,0,17,17,10,6,1,0,0
1169,20260922,0,0,0,NA,NA,4,NA,NA,4,0,0,17,17,13,0,0,0,0
1170,20260922,0,0,0,NA,NA,4,NA,NA,4,0,0,17,17,13,0,0,0,0
1171,20260922,1,1,0,1,4,4,1,4,4,4,0,17,17,13,2124,4369,0,4369
1172,20260922,0,0,0,NA,NA,4,NA,NA,4,0,0,17,17,13,0,0,0,0
1173,20260922,1,1,0,1,4,4,1,4,4,4,0,17,17,13,2124,4369,0,4369
1174,20260922,1,1,0,1,4,4,1,4,4,4,0,17,17,13,2124,4369,0,4369
1175,20260922,1,1,0,1,4,4,1,4,4,4,0,17,17,13,2124,4369,0,4369
1176,20260922,0,0,0,4,NA,11,4,NA,11,2,0,17,17,6,29,23,0,0
1177,20260922,0,0,0,NA,NA,4,NA,NA,4,0,0,17,17,13,0,0,0,0
1178,20260922,0,0,0,NA,NA,4,NA,NA,4,0,0,17,17,13,0,0,0,0
1179,20260922,1,1,0,1,4,4,1,4,4,4,0,17,17,13,2124,12563,0,4369
1180,20260922,1,1,0,1,4,4,1,4,4,4,0,17,17,13,2124,4369,0,4369
1181,20260922,0,0,0,NA,NA,4,NA,NA,4,0,0,17,17,13,0,0,0,0
1182,20260922,1,1,0,1,6,6,1,6,6,4,0,17,17,11,2052,5729,0,26214
1183,20260922,0,0,0,3,NA,7,3,NA,7,1,0,17,17,10,6,1,0,0
1184,20260922,1,1,0,1,4,4,1,4,4,4,0,17,17,13,2124,4369,0,4369
1185,20260922,1,1,0,1,4,4,1,4,4,4,0,17,17,13,2124,4369,0,4369
1186,20260922,1,1,0,1,6,6,1,6,6,4,0,17,17,11,2052,5185,0,17476
1187,20260922,1,1,0,2,6,6,2,6,6,4,0,17,17,11,72,17204,0,17476
1188,20260922,1,1,0,1,4,4,1,4,4,4,0,17,17,13,2124,12563,0,4369
1189,20260922,0,0,0,NA,NA,4,NA,NA,4,0,0,17,17,13,0,0,0,0
1190,20260922,0,0,0,NA,NA,4,NA,NA,4,0,0,17,17,13,0,0,0,0
1191,20260922,1,1,0,1,4,4,1,4,4,4,0,17,17,13,2124,4369,0,4369
1192,20260922,0,0,0,4,NA,8,4,NA,8,1,0,17,17,9,5,7,0,0
1193,20260922,0,0,0,NA,NA,4,NA,NA,4,0,0,17,17,13,0,0,0,0
1194,20260922,1,1,0,2,8,8,2,8,8,4,0,17,17,9,0,17476,0,17476
1195,20260922,0,0,0,3,NA,7,3,NA,7,1,0,17,17,10,6,1,0,0
1196,20260922,0,0,0,NA,NA,4,NA,NA,4,0,0,17,17,13,0,0,0,0
1197,20260922,0,0,0,NA,NA,4,NA,NA,4,0,0,17,17,13,0,0,0,0
1198,20260922,0,0,0,NA,NA,4,NA,NA,4,0,0,17,17,13,0,0,0,0
1199,20260922,1,1,0,2,8,8,2,8,8,4,0,17,17,9,0,17476,0,17476
1200,20260922,0,0,0,NA,NA,4,NA,NA,4,0,0,17,17,13,0,0,0,0
1201,20260922,0,0,0,NA,NA,4,NA,NA,4,0,0,17,17,13,0,0,0,0
1202,20260922,0,0,0,NA,NA,4,NA,NA,4,0,0,17,17,13,0,0,0,0
1203,20260922,1,1,0,1,4,4,1,4,4,4,0,17,17,13,2124,4369,0,4369
1204,20260922,1,1,0,1,6,6,1,6,6,4,0,17,17,11,2052,5729,0,26214
1205,20260922,0,0,0,NA,NA,4,NA,NA,4,0,0,17,17,13,0,0,0,0
1206,20260922,0,0,0,NA,NA,4,NA,NA,4,0,0,17,17,13,0,0,0,0
1207,20260922,1,1,0,1,4,4,1,4,4,4,0,17,17,13,2124,4369,0,4369
1208,20260922,0,0,0,NA,NA,4,NA,NA,4,0,0,17,17,13,0,0,0,0
1209,20260922,1,1,0,1,6,6,1,6,6,4,0,17,17,11,2052,5729,0,26214
1210,20260922,0,0,0,NA,NA,4,NA,NA,4,0,0,17,17,13,0,0,0,0
1211,20260922,0,0,0,3,NA,7,3,NA,7,1,0,17,17,10,6,1,0,0
1212,20260922,0,0,0,NA,NA,4,NA,NA,4,0,0,17,17,13,0,0,0,0
1213,20260922,0,0,0,4,NA,8,4,NA,8,1,0,17,17,9,5,8,0,0
1214,20260922,1,1,0,2,6,6,2,6,6,4,0,17,17,11,72,4369,0,4369
1215,20260922,1,1,0,1,4,4,1,4,4,4,0,17,17,13,2124,12563,0,4369
1216,20260922,1,1,0,1,4,4,1,4,4,4,0,17,17,13,2124,12563,0,4369
1217,20260922,1,1,0,2,6,6,2,6,6,4,0,17,17,11,72,4369,0,4369
1218,20260922,0,0,0,NA,NA,4,NA,NA,4,0,0,17,17,13,0,0,0,0
1219,20260922,1,1,0,1,4,4,1,4,4,4,0,17,17,13,2124,4369,0,4369
1220,20260922,0,0,0,NA,NA,4,NA,NA,4,0,0,17,17,13,0,0,0,0
1221,20260922,1,1,0,2,6,6,2,6,6,4,0,17,17,11,72,4369,0,4369
1222,20260922,0,0,0,NA,NA,4,NA,NA,4,0,0,17,17,13,0,0,0,0
1223,20260922,0,0,0,NA,NA,4,NA,NA,4,0,0,17,17,13,0,0,0,0
1224,20260922,1,1,0,2,8,8,2,8,8,4,0,17,17,9,0,17476,0,17476
1225,20260922,0,0,0,NA,NA,4,NA,NA,4,0,0,17,17,13,0,0,0,0
1226,20260922,0,0,0,3,NA,7,3,NA,7,1,0,17,17,10,6,1,0,0
1227,20260922,0,0,0,NA,NA,4,NA,NA,4,0,0,17,17,13,0,0,0,0
1228,20260922,1,1,0,3,12,12,3,12,12,4,0,17,17,5,3294,4369,3294,4369
1229,20260922,1,1,0,1,4,4,1,4,4,4,0,17,17,13,2124,12563,0,4369
1230,20260922,1,1,0,1,4,4,1,4,4,4,0,17,17,13,2124,4369,0,4369
1231,20260922,0,0,0,NA,NA,4,NA,NA,4,0,0,17,17,13,0,0,0,0
1232,20260922,0,0,0,NA,NA,4,NA,NA,4,0,0,17,17,13,0,0,0,0
1233,20260922,0,0,0,NA,NA,4,NA,NA,4,0,0,17,17,13,0,0,0,0
1234,20260922,0,0,0,NA,NA,4,NA,NA,4,0,0,17,17,13,0,0,0,0
1235,20260922,0,0,0,NA,NA,4,NA,NA,4,0,0,17,17,13,0,0,0,0
1236,20260922,0,0,0,NA,NA,4,NA,NA,4,0,0,17,17,13,0,0,0,0
1237,20260922,0,0,0,NA,NA,4,NA,NA,4,0,0,17,17,13,0,0,0,0
1238,20260922,1,1,0,1,6,6,1,6,6,4,0,17,17,11,2052,5729,0,26214
1239,20260922,0,0,0,NA,NA,4,NA,NA,4,0,0,17,17,13,0,0,0,0
1240,20260922,0,0,0,NA,NA,4,NA,NA,4,0,0,17,17,13,0,0,0,0
1241,20260922,1,1,0,1,6,6,1,6,6,4,0,17,17,11,2052,5729,0,26214
1242,20260922,1,1,0,2,8,8,2,8,8,4,0,17,17,9,0,4369,0,4369
1243,20260922,0,0,0,NA,NA,4,NA,NA,4,0,0,17,17,13,0,0,0,0
1244,20260922,1,1,0,1,4,4,1,4,4,4,0,17,17,13,2124,4369,0,4369
1245,20260922,0,0,0,NA,NA,4,NA,NA,4,0,0,17,17,13,0,0,0,0
1246,20260922,1,1,0,1,4,4,1,4,4,4,0,17,17,13,2124,4369,0,4369
1247,20260922,0,0,0,NA,NA,4,NA,NA,4,0,0,17,17,13,0,0,0,0
1248,20260922,0,0,0,4,NA,8,4,NA,8,1,0,17,17,9,5,2,0,0
1249,20260922,1,1,0,1,4,4,1,4,4,4,0,17,17,13,2124,4369,0,4369
1250,20260922,1,1,0,1,6,6,1,6,6,4,0,17,17,11,2052,5185,0,17476
1251,20260922,0,0,0,NA,NA,4,NA,NA,4,0,0,17,17,13,0,0,0,0
1252,20260922,0,0,0,NA,NA,4,NA,NA,4,0,0,17,17,13,0,0,0,0
1253,20260922,0,0,0,NA,NA,4,NA,NA,4,0,0,17,17,13,0,0,0,0
1254,20260922,0,0,0,NA,NA,4,NA,NA,4,0,0,17,17,13,0,0,0,0
1255,20260922,1,1,0,1,4,4,1,4,4,4,0,17,17,13,2124,4913,0,17476
1256,20260922,1,1,0,2,8,8,2,8,8,4,0,17,17,9,0,4369,0,4369
1257,20260922,0,0,0,1,NA,5,1,NA,5,1,0,17,17,12,4,1,0,0
1258,20260922,0,0,0,NA,NA,4,NA,NA,4,0,0,17,17,13,0,0,0,0
1259,20260922,0,0,0,4,NA,8,4,NA,8,1,0,17,17,9,5,3,0,0
1260,20260922,1,1,0,2,6,6,2,6,6,4,0,17,17,11,72,4369,0,4369
1261,20260922,0,0,0,NA,NA,4,NA,NA,4,0,0,17,17,13,0,0,0,0
1262,20260922,1,1,0,1,4,4,1,4,4,4,0,17,17,13,2124,4369,0,4369
1263,20260922,1,1,0,1,4,4,1,4,4,4,0,17,17,13,2124,4369,0,4369
1264,20260922,0,0,0,NA,NA,4,NA,NA,4,0,0,17,17,13,0,0,0,0
1265,20260922,1,1,0,3,12,12,3,12,12,4,0,17,17,5,3294,4369,3294,4369
1266,20260922,1,1,0,2,8,8,2,8,8,4,0,17,17,9,0,4369,0,4369
1267,20260922,0,0,0,NA,NA,4,NA,NA,4,0,0,17,17,13,0,0,0,0
1268,20260922,0,0,0,NA,NA,4,NA,NA,4,0,0,17,17,13,0,0,0,0
1269,20260922,1,1,0,2,6,6,2,6,6,4,0,17,17,11,72,4369,0,4369
1270,20260922,0,0,0,NA,NA,4,NA,NA,4,0,0,17,17,13,0,0,0,0
1271,20260922,0,0,0,NA,NA,4,NA,NA,4,0,0,17,17,13,0,0,0,0
1272,20260922,0,0,0,NA,NA,4,NA,NA,4,0,0,17,17,13,0,0,0,0
1273,20260922,0,0,0,NA,NA,4,NA,NA,4,0,0,17,17,13,0,0,0,0
1274,20260922,0,0,0,NA,NA,4,NA,NA,4,0,0,17,17,13,0,0,0,0
1275,20260922,0,0,0,NA,NA,4,NA,NA,4,0,0,17,17,13,0,0,0,0
1276,20260922,0,0,0,NA,NA,4,NA,NA,4,0,0,17,17,13,0,0,0,0
1277,20260922,1,1,0,2,6,6,2,6,6,4,0,17,17,11,72,4369,0,4369
1278,20260922,0,0,0,NA,NA,4,NA,NA,4,0,0,17,17,13,0,0,0,0
1279,20260922,0,0,0,NA,NA,4,NA,NA,4,0,0,17,17,13,0,0,0,0
1280,20260922,0,0,0,NA,NA,4,NA,NA,4,0,0,17,17,13,0,0,0,0
1281,20260922,0,0,0,NA,NA,4,NA,NA,4,0,0,17,17,13,0,0,0,0
1282,20260922,0,0,0,NA,NA,4,NA,NA,4,0,0,17,17,13,0,0,0,0
1283,20260922,0,0,0,NA,NA,4,NA,NA,4,0,0,17,17,13,0,0,0,0
1284,20260922,1,1,0,1,6,6,1,6,6,4,0,17,17,11,2052,5729,0,26214
1285,20260922,0,0,0,NA,NA,4,NA,NA,4,0,0,17,17,13,0,0,0,0
1286,20260922,1,1,0,1,4,4,1,4,4,4,0,17,17,13,2124,4369,0,4369
1287,20260922,1,1,0,1,4,4,1,4,4,4,0,17,17,13,2124,4913,0,17476
1288,20260922,1,1,0,1,4,4,1,4,4,4,0,17,17,13,2124,4369,0,4369
1289,20260922,0,0,0,NA,NA,4,NA,NA,4,0,0,17,17,13,0,0,0,0
1290,20260922,1,1,0,1,6,6,1,6,6,4,0,17,17,11,2052,5729,0,26214
1291,20260922,1,1,0,1,4,4,1,4,4,4,0,17,17,13,2124,4369,0,4369
1292,20260922,0,0,0,NA,NA,4,NA,NA,4,0,0,17,17,13,0,0,0,0
1293,20260922,0,0,0,NA,NA,4,NA,NA,4,0,0,17,17,13,0,0,0,0
1294,20260922,0,0,0,3,NA,7,3,NA,7,1,0,17,17,10,6,1,0,0
1295,20260922,0,0,0,NA,NA,4,NA,NA,4,0,0,17,17,13,0,0,0,0
1296,20260922,1,1,0,2,6,6,2,6,6,4,0,17,17,11,72,4369,0,4369
1297,20260922,1,1,0,1,4,4,1,4,4,4,0,17,17,13,2124,4369,0,4369
1298,20260922,1,1,0,1,4,4,1,4,4,4,0,17,17,13,2124,4641,0,4369
1299,20260922,0,0,0,NA,NA,4,NA,NA,4,0,0,17,17,13,0,0,0,0
1300,20260922,0,0,0,4,NA,8,4,NA,8,1,0,17,17,9,5,3,0,0
1301,20260922,1,1,0,1,4,4,1,4,4,4,0,17,17,13,2124,4369,0,4369
1302,20260922,0,0,0,3,NA,7,3,NA,7,1,0,17,17,10,6,1,0,0
1303,20260922,1,1,0,3,12,12,3,12,12,4,0,17,17,5,3294,4369,3294,4369
1304,20260922,0,0,0,3,NA,7,3,NA,7,1,0,17,17,10,6,1,0,0
1305,20260922,0,0,0,NA,NA,4,NA,NA,4,0,0,17,17,13,0,0,0,0
1306,20260922,0,0,0,NA,NA,4,NA,NA,4,0,0,17,17,13,0,0,0,0
1307,20260922,0,0,0,NA,NA,4,NA,NA,4,0,0,17,17,13,0,0,0,0
1308,20260922,0,0,0,NA,NA,4,NA,NA,4,0,0,17,17,13,0,0,0,0
1309,20260922,1,1,0,1,4,4,1,4,4,4,0,17,17,13,2124,12563,0,4369
1310,20260922,0,0,0,NA,NA,4,NA,NA,4,0,0,17,17,13,0,0,0,0
1311,20260922,1,1,0,1,6,6,1,6,6,4,0,17,17,11,2052,5185,0,17476
1312,20260922,0,0,0,3,NA,7,3,NA,7,1,0,17,17,10,6,1,0,0
1313,20260922,0,0,0,NA,NA,4,NA,NA,4,0,0,17,17,13,0,0,0,0
1314,20260922,0,0,0,NA,NA,4,NA,NA,4,0,0,17,17,13,0,0,0,0
1315,20260922,1,1,0,3,12,12,3,12,12,4,0,17,17,5,3294,4369,3294,4369
1316,20260922,1,1,0,3,12,12,3,12,12,4,0,17,17,5,3294,4369,3294,4369
1317,20260922,0,0,0,NA,NA,4,NA,NA,4,0,0,17,17,13,0,0,0,0
1318,20260922,0,0,0,NA,NA,4,NA,NA,4,0,0,17,17,13,0,0,0,0
1319,20260922,0,0,0,NA,NA,4,NA,NA,4,0,0,17,17,13,0,0,0,0
1320,20260922,1,1,0,1,4,4,1,4,4,4,0,17,17,13,2124,8466,0,4369
1321,20260922,0,0,0,NA,NA,4,NA,NA,4,0,0,17,17,13,0,0,0,0
1322,20260922,0,0,0,4,NA,8,4,NA,8,1,0,17,17,9,5,1,0,0
1323,20260922,1,1,0,1,4,4,1,4,4,4,0,17,17,13,2124,4369,0,4369
1324,20260922,1,1,0,1,4,4,1,4,4,4,0,17,17,13,2124,4369,0,4369
1325,20260922,1,1,0,1,4,4,1,4,4,4,0,17,17,13,2124,4369,0,4369
1326,20260922,0,0,0,3,NA,7,3,NA,7,1,0,17,17,10,6,1,0,0
1327,20260922,0,0,0,NA,NA,4,NA,NA,4,0,0,17,17,13,0,0,0,0
1328,20260922,0,0,0,4,NA,8,4,NA,8,1,0,17,17,9,5,6,0,0
1329,20260922,0,0,0,NA,NA,4,NA,NA,4,0,0,17,17,13,0,0,0,0
1330,20260922,1,1,0,3,12,12,3,12,12,4,0,17,17,5,3294,4369,3294,4369
1331,20260922,1,1,0,1,4,4,1,4,4,4,0,17,17,13,2124,12563,0,4369
1332,20260922,0,0,0,NA,NA,4,NA,NA,4,0,0,17,17,13,0,0,0,0
1333,20260922,1,1,0,1,4,4,1,4,4,4,0,17,17,13,2124,4369,0,4369
1334,20260922,0,0,0,NA,NA,4,NA,NA,4,0,0,17,17,13,0,0,0,0
1335,20260922,1,1,0,3,12,12,3,12,12,4,0,17,17,5,3294,13107,3294,13107
1336,20260922,1,1,0,3,12,12,3,12,12,4,0,17,17,5,3294,4369,3294,4369
1337,20260922,1,1,0,1,4,4,1,4,4,4,0,17,17,13,2124,4369,0,4369
1338,20260922,1,1,0,2,8,8,2,8,8,4,0,17,17,9,0,8738,0,8738
1339,20260922,1,1,0,1,4,4,1,4,4,4,0,17,17,13,2124,4369,0,4369
1340,20260922,0,0,0,NA,NA,4,NA,NA,4,0,0,17,17,13,0,0,0,0
1341,20260922,1,1,0,1,6,6,1,6,6,4,0,17,17,11,2052,5729,0,26214
1342,20260922,1,1,0,1,4,4,1,4,4,4,0,17,17,13,2124,4369,0,4369
1343,20260922,0,0,0,NA,NA,4,NA,NA,4,0,0,17,17,13,0,0,0,0
1344,20260922,0,0,0,NA,NA,4,NA,NA,4,0,0,17,17,13,0,0,0,0
1345,20260922,1,1,0,1,4,4,1,4,4,4,0,17,17,13,2124,4369,0,4369
1346,20260922,1,1,0,1,6,6,1,6,6,4,0,17,17,11,2052,5185,0,17476
1347,20260922,1,1,0,1,4,4,1,4,4,4,0,17,17,13,2124,4369,0,4369
1348,20260922,0,0,0,NA,NA,4,NA,NA,4,0,0,17,17,13,0,0,0,0
1349,20260922,0,0,0,NA,NA,4,NA,NA,4,0,0,17,17,13,0,0,0,0
1350,20260922,1,1,0,1,4,4,1,4,4,4,0,17,17,13,2124,4369,0,4369
1351,20260922,1,1,0,1,4,4,1,4,4,4,0,17,17,13,2124,4369,0,4369
1352,20260922,1,1,0,1,6,6,1,6,6,4,0,17,17,11,2052,5185,0,17476
1353,20260922,0,0,0,NA,NA,4,NA,NA,4,0,0,17,17,13,0,0,0,0
1354,20260922,0,0,0,NA,NA,4,NA,NA,4,0,0,17,17,13,0,0,0,0
1355,20260922,1,1,0,1,4,4,1,4,4,4,0,17,17,13,2124,4369,0,4369
1356,20260922,1,1,0,1,4,4,1,4,4,4,0,17,17,13,2124,4913,0,17476
1357,20260922,0,0,0,NA,NA,4,NA,NA,4,0,0,17,17,13,0,0,0,0
1358,20260922,0,0,0,NA,NA,4,NA,NA,4,0,0,17,17,13,0,0,0,0
1359,20260922,0,0,0,4,NA,8,4,NA,8,1,0,17,17,9,5,5,0,0
1360,20260922,0,0,0,NA,NA,4,NA,NA,4,0,0,17,17,13,0,0,0,0
1361,20260922,1,1,0,1,6,6,1,6,6,4,0,17,17,11,2052,5729,0,26214
1362,20260922,0,0,0,NA,NA,4,NA,NA,4,0,0,17,17,13,0,0,0,0
1363,20260922,0,0,0,NA,NA,4,NA,NA,4,0,0,17,17,13,0,0,0,0
1364,20260922,1,1,0,1,6,6,1,6,6,4,0,17,17,11,2052,5185,0,17476
1365,20260922,1,1,0,1,4,4,1,4,4,4,0,17,17,13,2124,4369,0,4369
1366,20260922,0,0,0,NA,NA,4,NA,NA,4,0,0,17,17,13,0,0,0,0
1367,20260922,1,1,0,1,4,4,1,4,4,4,0,17,17,13,2124,4369,0,4369
1368,20260922,0,0,0,NA,NA,4,NA,NA,4,0,0,17,17,13,0,0,0,0
1369,20260922,0,0,0,NA,NA,4,NA,NA,4,0,0,17,17,13,0,0,0,0
1370,20260922,0,0,0,NA,NA,4,NA,NA,4,0,0,17,17,13,0,0,0,0
1371,20260922,0,0,0,4,NA,8,4,NA,8,1,0,17,17,9,5,8,0,0
1372,20260922,0,0,0,3,NA,7,3,NA,7,1,0,17,17,10,6,1,0,0
1373,20260922,0,0,0,NA,NA,4,NA,NA,4,0,0,17,17,13,0,0,0,0
1374,20260922,0,0,0,NA,NA,4,NA,NA,4,0,0,17,17,13,0,0,0,0
1375,20260922,1,1,0,1,4,4,1,4,4,4,0,17,17,13,2124,12835,0,8738
1376,20260922,1,1,0,1,6,6,1,6,6,4,0,17,17,11,2052,12835,0,8738
1377,20260922,1,1,0,1,4,4,1,4,4,4,0,17,17,13,2124,4369,0,4369
1378,20260922,0,0,0,NA,NA,4,NA,NA,4,0,0,17,17,13,0,0,0,0
1379,20260922,0,0,0,NA,NA,4,NA,NA,4,0,0,17,17,13,0,0,0,0
1380,20260922,0,0,0,NA,NA,4,NA,NA,4,0,0,17,17,13,0,0,0,0
1381,20260922,1,1,0,2,6,6,2,6,6,4,0,17,17,11,72,4369,0,4369
1382,20260922,1,1,0,1,4,4,1,4,4,4,0,17,17,13,2124,4369,0,4369
1383,20260922,1,1,0,1,4,4,1,4,4,4,0,17,17,13,2124,4369,0,4369
1384,20260922,0,0,0,NA,NA,4,NA,NA,4,0,0,17,17,13,0,0,0,0
1385,20260922,0,0,0,NA,NA,4,NA,NA,4,0,0,17,17,13,0,0,0,0
1386,20260922,0,0,0,NA,NA,4,NA,NA,4,0,0,17,17,13,0,0,0,0
1387,20260922,0,0,0,NA,NA,4,NA,NA,4,0,0,17,17,13,0,0,0,0
1388,20260922,1,1,0,1,4,4,1,4,4,4,0,17,17,13,2124,4369,0,4369
1389,20260922,0,0,0,NA,NA,4,NA,NA,4,0,0,17,17,13,0,0,0,0
1390,20260922,1,1,0,1,4,4,1,4,4,4,0,17,17,13,2124,4369,0,4369
1391,20260922,1,1,0,1,4,4,1,4,4,4,0,17,17,13,2124,12835,0,8738
1392,20260922,0,0,0,NA,NA,4,NA,NA,4,0,0,17,17,13,0,0,0,0
1393,20260922,0,0,0,4,NA,8,4,NA,8,1,0,17,17,9,5,4,0,0
1394,20260922,1,1,0,1,4,4,1,4,4,4,0,17,17,13,2124,12563,0,4369
1395,20260922,1,1,0,1,4,4,1,4,4,4,0,17,17,13,2124,4369,0,4369
1396,20260922,1,1,0,1,4,4,1,4,4,4,0,17,17,13,2124,4369,0,4369
1397,20260922,1,1,0,1,6,6,1,6,6,4,0,17,17,11,2052,5185,0,17476
1398,20260922,0,0,0,NA,NA,4,NA,NA,4,0,0,17,17,13,0,0,0,0
1399,20260922,0,0,0,NA,NA,4,NA,NA,4,0,0,17,17,13,0,0,0,0
1400,20260922,1,1,0,1,4,4,1,4,4,4,0,17,17,13,2124,4369,0,4369
1401,20260922,0,0,0,3,NA,7,3,NA,7,1,0,17,17,10,6,1,0,0
1402,20260922,1,1,0,2,6,6,2,6,6,4,0,17,17,11,72,4369,0,4369
1403,20260922,1,1,0,1,4,4,1,4,4,4,0,17,17,13,2124,4369,0,4369
1404,20260922,1,1,0,2,8,8,2,8,8,4,0,17,17,9,0,13107,0,13107
1405,20260922,1,1,0,3,12,12,3,12,12,4,0,17,17,5,3294,4369,3294,4369
1406,20260922,0,0,0,4,NA,8,4,NA,8,1,0,17,17,9,5,8,0,0
1407,20260922,1,1,0,1,4,4,1,4,4,4,0,17,17,13,2124,4369,0,4369
1408,20260922,0,0,0,3,NA,7,3,NA,7,1,0,17,17,10,6,1,0,0
1409,20260922,1,1,0,1,6,6,1,6,6,4,0,17,17,11,2052,5729,0,26214
1410,20260922,1,1,0,1,4,4,1,4,4,4,0,17,17,13,2124,12563,0,4369
1411,20260922,1,1,0,3,12,12,3,12,12,4,0,17,17,5,3294,4369,3294,4369
1412,20260922,0,0,0,4,NA,8,4,NA,8,1,0,17,17,9,5,6,0,0
1413,20260922,1,1,0,1,4,4,1,4,4,4,0,17,17,13,2124,4369,0,4369
1414,20260922,0,0,0,3,NA,7,3,NA,7,1,0,17,17,10,6,1,0,0
1415,20260922,0,0,0,3,NA,7,3,NA,7,1,0,17,17,10,6,1,0,0
1416,20260922,0,0,0,3,NA,7,3,NA,7,1,0,17,17,10,6,1,0,0
1417,20260922,0,0,0,NA,NA,4,NA,NA,4,0,0,17,17,13,0,0,0,0
1418,20260922,0,0,0,NA,NA,4,NA,NA,4,0,0,17,17,13,0,0,0,0
1419,20260922,0,0,0,4,NA,8,4,NA,8,1,0,17,17,9,5,7,0,0
1420,20260922,1,1,0,1,4,4,1,4,4,4,0,17,17,13,2124,4369,0,4369
1421,20260922,0,0,0,NA,NA,4,NA,NA,4,0,0,17,17,13,0,0,0,0
1422,20260922,0,0,0,NA,NA,4,NA,NA,4,0,0,17,17,13,0,0,0,0
1423,20260922,1,1,0,1,4,4,1,4,4,4,0,17,17,13,2124,4369,0,4369
1424,20260922,1,1,0,1,4,4,1,4,4,4,0,17,17,13,2124,4369,0,4369
1425,20260922,0,0,0,NA,NA,4,NA,NA,4,0,0,17,17,13,0,0,0,0
1426,20260922,1,1,0,1,4,4,1,4,4,4,0,17,17,13,2124,4369,0,4369
1427,20260922,1,1,0,3,12,12,3,12,12,4,0,17,17,5,3294,4369,3294,4369
1428,20260922,1,1,0,1,4,4,1,4,4,4,0,17,17,13,2124,4369,0,4369
1429,20260922,0,0,0,NA,NA,4,NA,NA,4,0,0,17,17,13,0,0,0,0
1430,20260922,0,0,0,NA,NA,4,NA,NA,4,0,0,17,17,13,0,0,0,0
1431,20260922,1,1,0,1,4,4,1,4,4,4,0,17,17,13,2124,4369,0,4369
1432,20260922,1,1,0,1,4,4,1,4,4,4,0,17,17,13,2124,4369,0,4369
1433,20260922,1,1,0,3,12,12,3,12,12,4,0,17,17,5,3294,4369,3294,4369
1434,20260922,1,1,0,1,4,4,1,4,4,4,0,17,17,13,2124,4369,0,4369
1435,20260922,1,1,0,1,4,4,1,4,4,4,0,17,17,13,2124,4369,0,4369
1436,20260922,0,0,0,NA,NA,4,NA,NA,4,0,0,17,17,13,0,0,0,0
1437,20260922,1,1,0,1,4,4,1,4,4,4,0,17,17,13,2124,4369,0,4369
1438,20260922,0,0,0,NA,NA,4,NA,NA,4,0,0,17,17,13,0,0,0,0
1439,20260922,1,1,0,1,4,4,1,4,4,4,0,17,17,13,2124,4369,0,4369
1440,20260922,1,1,0,1,4,4,1,4,4,4,0,17,17,13,2124,4369,0,4369
1441,20260922,0,0,0,NA,NA,4,NA,NA,4,0,0,17,17,13,0,0,0,0
1442,20260922,0,0,0,NA,NA,4,NA,NA,4,0,0,17,17,13,0,0,0,0
1443,20260922,0,0,0,NA,NA,4,NA,NA,4,0,0,17,17,13,0,0,0,0
1444,20260922,0,0,0,NA,NA,4,NA,NA,4,0,0,17,17,13,0,0,0,0
1445,20260922,1,1,0,1,4,4,1,4,4,4,0,17,17,13,2124,4369,0,4369
1446,20260922,0,0,0,NA,NA,4,NA,NA,4,0,0,17,17,13,0,0,0,0
1447,20260922,0,0,0,3,NA,7,3,NA,7,1,0,17,17,10,6,1,0,0
1448,20260922,1,1,0,2,6,6,2,6,6,4,0,17,17,11,72,4369,0,4369
1449,20260922,0,0,0,NA,NA,4,NA,NA,4,0,0,17,17,13,0,0,0,0
1450,20260922,0,0,0,NA,NA,4,NA,NA,4,0,0,17,17,13,0,0,0,0
1451,20260922,0,0,0,NA,NA,4,NA,NA,4,0,0,17,17,13,0,0,0,0
1452,20260922,0,0,0,NA,NA,4,NA,NA,4,0,0,17,17,13,0,0,0,0
1453,20260922,1,1,0,2,6,6,2,6,6,4,0,17,17,11,72,4369,0,4369
1454,20260922,0,0,0,NA,NA,4,NA,NA,4,0,0,17,17,13,0,0,0,0
1455,20260922,0,0,0,NA,NA,4,NA,NA,4,0,0,17,17,13,0,0,0,0
1456,20260922,1,1,0,1,4,4,1,4,4,4,0,17,17,13,2124,4369,0,4369
1457,20260922,0,0,0,3,NA,7,3,NA,7,1,0,17,17,10,6,2,0,0
1458,20260922,1,1,0,2,6,6,2,6,6,4,0,17,17,11,72,4369,0,4369
1459,20260922,0,0,0,NA,NA,4,NA,NA,4,0,0,17,17,13,0,0,0,0
1460,20260922,0,0,0,NA,NA,4,NA,NA,4,0,0,17,17,13,0,0,0,0
1461,20260922,0,0,0,NA,NA,4,NA,NA,4,0,0,17,17,13,0,0,0,0
1462,20260922,0,0,0,NA,NA,4,NA,NA,4,0,0,17,17,13,0,0,0,0
1463,20260922,0,0,0,NA,NA,4,NA,NA,4,0,0,17,17,13,0,0,0,0
1464,20260922,1,1,0,1,4,4,1,4,4,4,0,17,17,13,2124,4369,0,4369
1465,20260922,1,1,0,2,8,8,2,8,8,4,0,17,17,9,0,21845,0,21845
1466,20260922,1,1,0,1,6,6,1,6,6,4,0,17,17,11,2052,5729,0,26214
1467,20260922,0,0,0,NA,NA,4,NA,NA,4,0,0,17,17,13,0,0,0,0
1468,20260922,0,0,0,4,NA,11,4,NA,11,2,0,17,17,6,29,55,0,0
1469,20260922,0,0,0,3,NA,7,3,NA,7,1,0,17,17,10,6,1,0,0
1470,20260922,0,0,0,NA,NA,4,NA,NA,4,0,0,17,17,13,0,0,0,0
1471,20260922,1,1,0,1,4,4,1,4,4,4,0,17,17,13,2124,4369,0,4369
1472,20260922,1,1,0,1,6,6,1,6,6,4,0,17,17,11,2052,5729,0,26214
1473,20260922,1,1,0,1,6,6,1,6,6,4,0,17,17,11,2052,13107,0,13107
1474,20260922,1,1,0,1,4,4,1,4,4,4,0,17,17,13,2124,4369,0,4369
1475,20260922,1,1,0,1,4,4,1,4,4,4,0,17,17,13,2124,4369,0,4369
1476,20260922,1,1,0,1,4,4,1,4,4,4,0,17,17,13,2124,12563,0,4369
1477,20260922,1,1,0,1,4,4,1,4,4,4,0,17,17,13,2124,4913,0,17476
1478,20260922,0,0,0,NA,NA,4,NA,NA,4,0,0,17,17,13,0,0,0,0
1479,20260922,0,0,0,NA,NA,4,NA,NA,4,0,0,17,17,13,0,0,0,0
1480,20260922,0,0,0,NA,NA,4,NA,NA,4,0,0,17,17,13,0,0,0,0
1481,20260922,1,1,0,1,4,4,1,4,4,4,0,17,17,13,2124,4913,0,17476
1482,20260922,1,1,0,1,4,4,1,4,4,4,0,17,17,13,2124,4369,0,4369
1483,20260922,0,0,0,3,NA,7,3,NA,7,1,0,17,17,10,6,1,0,0
1484,20260922,1,1,0,1,4,4,1,4,4,4,0,17,17,13,2124,4369,0,4369
1485,20260922,0,0,0,NA,NA,4,NA,NA,4,0,0,17,17,13,0,0,0,0
1486,20260922,1,1,0,1,4,4,1,4,4,4,0,17,17,13,2124,4369,0,4369
1487,20260922,1,1,0,2,6,6,2,6,6,4,0,17,17,11,72,4369,0,4369
1488,20260922,1,1,0,1,6,6,1,6,6,4,0,17,17,11,2052,5729,0,26214
1489,20260922,0,0,0,NA,NA,4,NA,NA,4,0,0,17,17,13,0,0,0,0
1490,20260922,0,0,0,NA,NA,4,NA,NA,4,0,0,17,17,13,0,0,0,0
1491,20260922,1,1,0,1,4,4,1,4,4,4,0,17,17,13,2124,4369,0,4369
1492,20260922,1,1,0,3,12,12,3,12,12,4,0,17,17,5,3294,4369,3294,4369
1493,20260922,0,0,0,NA,NA,4,NA,NA,4,0,0,17,17,13,0,0,0,0
1494,20260922,0,0,0,NA,NA,4,NA,NA,4,0,0,17,17,13,0,0,0,0
1495,20260922,0,0,0,NA,NA,4,NA,NA,4,0,0,17,17,13,0,0,0,0
1496,20260922,1,1,0,1,4,4,1,4,4,4,0,17,17,13,2124,4369,0,4369
1497,20260922,0,0,0,NA,NA,4,NA,NA,4,0,0,17,17,13,0,0,0,0
1498,20260922,1,1,0,2,8,8,2,8,8,4,0,17,17,9,0,17476,0,17476
1499,20260922,0,0,0,NA,NA,4,NA,NA,4,0,0,17,17,13,0,0,0,0
1500,20260922,0,0,0,NA,NA,4,NA,NA,4,0,0,17,17,13,0,0,0,0
1501,20260922,0,0,0,NA,NA,4,NA,NA,4,0,0,17,17,13,0,0,0,0
1502,20260922,1,1,0,1,6,6,1,6,6,4,0,17,17,11,2052,9554,0,21845
1503,20260922,1,1,0,1,6,6,1,6,6,4,0,17,17,11,2052,5185,0,17476
1504,20260922,0,0,0,NA,NA,4,NA,NA,4,0,0,17,17,13,0,0,0,0
1505,20260922,1,1,0,1,4,4,1,4,4,4,0,17,17,13,2124,4369,0,4369
1506,20260922,0,0,0,NA,NA,4,NA,NA,4,0,0,17,17,13,0,0,0,0
1507,20260922,1,1,0,1,4,4,1,4,4,4,0,17,17,13,2124,4369,0,4369
1508,20260922,0,0,0,NA,NA,4,NA,NA,4,0,0,17,17,13,0,0,0,0
1509,20260922,1,1,0,2,6,6,2,6,6,4,0,17,17,11,72,4369,0,4369
1510,20260922,0,0,0,NA,NA,4,NA,NA,4,0,0,17,17,13,0,0,0,0
1511,20260922,0,0,0,4,NA,8,4,NA,8,1,0,17,17,9,5,8,0,0
1512,20260922,1,1,0,2,6,6,2,6,6,4,0,17,17,11,72,4369,0,4369
1513,20260922,1,1,0,1,4,4,1,4,4,4,0,17,17,13,2124,4369,0,4369
1514,20260922,0,0,0,3,NA,7,3,NA,7,1,0,17,17,10,6,1,0,0
1515,20260922,1,1,0,1,4,4,1,4,4,4,0,17,17,13,2124,12835,0,8738
1516,20260922,1,1,0,1,4,4,1,4,4,4,0,17,17,13,2124,4369,0,4369
1517,20260922,0,0,0,3,NA,7,3,NA,7,1,0,17,17,10,6,1,0,0
1518,20260922,0,0,0,NA,NA,4,NA,NA,4,0,0,17,17,13,0,0,0,0
1519,20260922,1,1,0,1,4,4,1,4,4,4,0,17,17,13,2124,4369,0,4369
1520,20260922,1,1,0,1,4,4,1,4,4,4,0,17,17,13,2124,4369,0,4369
1521,20260922,1,1,0,3,12,12,3,12,12,4,0,17,17,5,3294,12563,3294,12563
1522,20260922,1,1,0,1,4,4,1,4,4,4,0,17,17,13,2124,4369,0,4369
1523,20260922,1,1,0,3,12,12,3,12,12,4,0,17,17,5,3294,8466,3294,8466
1524,20260922,0,0,0,NA,NA,4,NA,NA,4,0,0,17,17,13,0,0,0,0
1525,20260922,1,1,0,1,4,4,1,4,4,4,0,17,17,13,2124,4369,0,4369
1526,20260922,1,1,0,1,4,4,1,4,4,4,0,17,17,13,2124,4369,0,4369
1527,20260922,0,0,0,4,NA,8,4,NA,8,1,0,17,17,9,5,5,0,0
1528,20260922,0,0,0,NA,NA,4,NA,NA,4,0,0,17,17,13,0,0,0,0
1529,20260922,1,1,0,1,4,4,1,4,4,4,0,17,17,13,2124,4369,0,4369
1530,20260922,0,0,0,NA,NA,4,NA,NA,4,0,0,17,17,13,0,0,0,0
1531,20260922,1,1,0,1,4,4,1,4,4,4,0,17,17,13,2124,4369,0,4369
1532,20260922,1,1,0,1,4,4,1,4,4,4,0,17,17,13,2124,4369,0,4369
1533,20260922,0,0,0,4,NA,8,4,NA,8,1,0,17,17,9,5,9,0,0
1534,20260922,1,1,0,1,4,4,1,4,4,4,0,17,17,13,2124,4369,0,4369
1535,20260922,1,1,0,1,4,4,1,4,4,4,0,17,17,13,2124,4369,0,4369
1536,20260922,0,0,0,NA,NA,4,NA,NA,4,0,0,17,17,13,0,0,0,0
1537,20260922,0,0,0,NA,NA,4,NA,NA,4,0,0,17,17,13,0,0,0,0
1538,20260922,0,0,0,3,NA,7,3,NA,7,1,0,17,17,10,6,1,0,0
1539,20260922,1,1,0,1,4,4,1,4,4,4,0,17,17,13,2124,4369,0,4369
1540,20260922,0,0,0,4,NA,8,4,NA,8,1,0,17,17,9,5,5,0,0
1541,20260922,0,0,0,NA,NA,4,NA,NA,4,0,0,17,17,13,0,0,0,0
1542,20260922,0,0,0,3,NA,7,3,NA,7,1,0,17,17,10,6,1,0,0
1543,20260922,0,0,0,NA,NA,4,NA,NA,4,0,0,17,17,13,0,0,0,0
1544,20260922,0,0,0,NA,NA,4,NA,NA,4,0,0,17,17,13,0,0,0,0
1545,20260922,1,1,0,2,8,8,2,8,8,4,0,17,17,9,0,21845,0,21845
1546,20260922,0,0,0,NA,NA,4,NA,NA,4,0,0,17,17,13,0,0,0,0
1547,20260922,1,1,0,3,12,12,3,12,12,4,0,17,17,5,3294,4369,3294,4369
1548,20260922,1,1,0,1,4,4,1,4,4,4,0,17,17,13,2124,4369,0,4369
1549,20260922,1,1,0,2,6,6,2,6,6,4,0,17,17,11,72,4369,0,4369
1550,20260922,1,1,0,1,4,4,1,4,4,4,0,17,17,13,2124,4369,0,4369
1551,20260922,0,0,0,3,NA,7,3,NA,7,1,0,17,17,10,6,1,0,0
1552,20260922,0,0,0,3,NA,7,3,NA,7,1,0,17,17,10,6,1,0,0
1553,20260922,1,1,0,1,4,4,1,4,4,4,0,17,17,13,2124,4369,0,4369
1554,20260922,1,1,0,1,4,4,1,4,4,4,0,17,17,13,2124,4369,0,4369
1555,20260922,0,0,0,3,NA,7,3,NA,7,1,0,17,17,10,6,1,0,0
1556,20260922,1,1,0,2,8,8,2,8,8,4,0,17,17,9,0,21845,0,21845
1557,20260922,0,0,0,NA,NA,4,NA,NA,4,0,0,17,17,13,0,0,0,0
1558,20260922,1,1,0,2,8,8,2,8,8,4,0,17,17,9,0,21845,0,21845
1559,20260922,0,0,0,4,NA,8,4,NA,8,1,0,17,17,9,5,1,0,0
1560,20260922,0,0,0,3,NA,7,3,NA,7,1,0,17,17,10,6,1,0,0
1561,20260922,1,1,0,2,6,6,2,6,6,4,0,17,17,11,72,4369,0,4369
1562,20260922,1,1,0,1,6,6,1,6,6,4,0,17,17,11,2052,5729,0,26214
1563,20260922,1,1,0,1,6,6,1,6,6,4,0,17,17,11,2052,5729,0,26214
1564,20260922,1,1,0,1,4,4,1,4,4,4,0,17,17,13,2124,4369,0,4369
1565,20260922,1,1,0,1,4,4,1,4,4,4,0,17,17,13,2124,4369,0,4369
1566,20260922,0,0,0,NA,NA,4,NA,NA,4,0,0,17,17,13,0,0,0,0
1567,20260922,1,1,0,1,4,4,1,4,4,4,0,17,17,13,2124,4369,0,4369
1568,20260922,1,1,0,1,4,4,1,4,4,4,0,17,17,13,2124,4369,0,4369
1569,20260922,0,0,0,3,NA,7,3,NA,7,1,0,17,17,10,6,1,0,0
1570,20260922,0,0,0,NA,NA,4,NA,NA,4,0,0,17,17,13,0,0,0,0
1571,20260922,0,0,0,3,NA,7,3,NA,7,1,0,17,17,10,6,1,0,0
1572,20260922,1,1,0,1,4,4,1,4,4,4,0,17,17,13,2124,4369,0,4369
1573,20260922,1,1,0,1,4,4,1,4,4,4,0,17,17,13,2124,4369,0,4369
1574,20260922,1,1,0,1,6,6,1,6,6,4,0,17,17,11,2052,5185,0,17476
1575,20260922,1,1,0,1,6,6,1,6,6,4,0,17,17,11,2052,5729,0,26214
1576,20260922,1,1,0,1,4,4,1,4,4,4,0,17,17,13,2124,12563,0,4369
1577,20260922,1,1,0,1,4,4,1,4,4,4,0,17,17,13,2124,4913,0,17476
1578,20260922,1,1,0,1,6,6,1,6,6,4,0,17,17,11,2052,5729,0,26214
1579,20260922,1,1,0,2,8,8,2,8,8,4,0,17,17,9,0,4369,0,4369
1580,20260922,0,0,0,NA,NA,4,NA,NA,4,0,0,17,17,13,0,0,0,0
1581,20260922,1,1,0,1,4,4,1,4,4,4,0,17,17,13,2124,4369,0,4369
1582,20260922,0,0,0,3,NA,7,3,NA,7,1,0,17,17,10,6,1,0,0
1583,20260922,1,1,0,1,6,6,1,6,6,4,0,17,17,11,2052,5185,0,17476
1584,20260922,1,1,0,2,8,8,2,8,8,4,0,17,17,9,0,13107,0,13107
1585,20260922,1,1,0,3,12,12,3,12,12,4,0,17,17,5,3294,4369,3294,4369
1586,20260922,1,1,0,2,6,6,2,6,6,4,0,17,17,11,72,4369,0,4369
1587,20260922,1,1,0,3,12,12,3,12,12,4,0,17,17,5,3294,4369,3294,4369
1588,20260922,1,1,0,1,4,4,1,4,4,4,0,17,17,13,2124,4369,0,4369
1589,20260922,0,0,0,NA,NA,4,NA,NA,4,0,0,17,17,13,0,0,0,0
1590,20260922,0,0,0,NA,NA,4,NA,NA,4,0,0,17,17,13,0,0,0,0
1591,20260922,1,1,0,1,4,4,1,4,4,4,0,17,17,13,2124,12563,0,4369
1592,20260922,1,1,0,1,6,6,1,6,6,4,0,17,17,11,2052,5729,0,26214
1593,20260922,1,1,0,2,8,8,2,8,8,4,0,17,17,9,0,4369,0,4369
1594,20260922,0,0,0,3,NA,7,3,NA,7,1,0,17,17,10,6,1,0,0
1595,20260922,0,0,0,NA,NA,4,NA,NA,4,0,0,17,17,13,0,0,0,0
1596,20260922,0,0,0,NA,NA,4,NA,NA,4,0,0,17,17,13,0,0,0,0
1597,20260922,0,0,0,NA,NA,4,NA,NA,4,0,0,17,17,13,0,0,0,0
1598,20260922,1,1,0,1,4,4,1,4,4,4,0,17,17,13,2124,4369,0,4369
1599,20260922,0,0,0,3,NA,7,3,NA,7,1,0,17,17,10,6,1,0,0
1600,20260922,1,1,0,1,4,4,1,4,4,4,0,17,17,13,2124,4913,0,17476
1601,20260922,1,1,0,1,4,4,1,4,4,4,0,17,17,13,2124,4369,0,4369
1602,20260922,0,0,0,NA,NA,4,NA,NA,4,0,0,17,17,13,0,0,0,0
1603,20260922,0,0,0,NA,NA,4,NA,NA,4,0,0,17,17,13,0,0,0,0
1604,20260922,0,0,0,NA,NA,4,NA,NA,4,0,0,17,17,13,0,0,0,0
1605,20260922,1,1,0,1,4,4,1,4,4,4,0,17,17,13,2124,4913,0,17476
1606,20260922,1,1,0,1,4,4,1,4,4,4,0,17,17,13,2124,4369,0,4369
1607,20260922,1,1,0,1,4,4,1,4,4,4,0,17,17,13,2124,4369,0,4369
1608,20260922,0,0,0,4,NA,8,4,NA,8,1,0,17,17,9,5,3,0,0
1609,20260922,1,1,0,1,6,6,1,6,6,4,0,17,17,11,2052,5185,0,17476
1610,20260922,0,0,0,3,NA,7,3,NA,7,1,0,17,17,10,6,1,0,0
1611,20260922,1,1,0,1,4,4,1,4,4,4,0,17,17,13,2124,4369,0,4369
1612,20260922,0,0,0,NA,NA,4,NA,NA,4,0,0,17,17,13,0,0,0,0
1613,20260922,0,0,0,NA,NA,4,NA,NA,4,0,0,17,17,13,0,0,0,0
1614,20260922,0,0,0,NA,NA,4,NA,NA,4,0,0,17,17,13,0,0,0,0
1615,20260922,1,1,0,2,6,6,2,6,6,4,0,17,17,11,72,4369,0,4369
1616,20260922,0,0,0,NA,NA,4,NA,NA,4,0,0,17,17,13,0,0,0,0
1617,20260922,1,1,0,1,4,4,1,4,4,4,0,17,17,13,2124,4913,0,17476
1618,20260922,1,1,0,2,8,8,2,8,8,4,0,17,17,9,0,8738,0,8738
1619,20260922,1,1,0,1,4,4,1,4,4,4,0,17,17,13,2124,12563,0,4369
1620,20260922,0,0,0,NA,NA,4,NA,NA,4,0,0,17,17,13,0,0,0,0
1621,20260922,0,0,0,NA,NA,4,NA,NA,4,0,0,17,17,13,0,0,0,0
1622,20260922,1,1,0,1,4,4,1,4,4,4,0,17,17,13,2124,4641,0,8738
1623,20260922,1,1,0,1,4,4,1,4,4,4,0,17,17,13,2124,4369,0,4369
1624,20260922,0,0,0,NA,NA,4,NA,NA,4,0,0,17,17,13,0,0,0,0
1625,20260922,0,0,0,NA,NA,4,NA,NA,4,0,0,17,17,13,0,0,0,0
1626,20260922,0,0,0,NA,NA,4,NA,NA,4,0,0,17,17,13,0,0,0,0
1627,20260922,0,0,0,NA,NA,4,NA,NA,4,0,0,17,17,13,0,0,0,0
1628,20260922,0,0,0,NA,NA,4,NA,NA,4,0,0,17,17,13,0,0,0,0
1629,20260922,0,0,0,NA,NA,4,NA,NA,4,0,0,17,17,13,0,0,0,0
1630,20260922,1,1,0,1,4,4,1,4,4,4,0,17,17,13,2124,4369,0,4369
1631,20260922,0,0,0,4,NA,8,4,NA,8,1,0,17,17,9,5,1,0,0
1632,20260922,0,0,0,NA,NA,4,NA,NA,4,0,0,17,17,13,0,0,0,0
1633,20260922,0,0,0,NA,NA,4,NA,NA,4,0,0,17,17,13,0,0,0,0
1634,20260922,0,0,0,NA,NA,4,NA,NA,4,0,0,17,17,13,0,0,0,0
1635,20260922,0,0,0,NA,NA,4,NA,NA,4,0,0,17,17,13,0,0,0,0
1636,20260922,0,0,0,NA,NA,4,NA,NA,4,0,0,17,17,13,0,0,0,0
1637,20260922,1,1,0,1,10,10,1,10,10,4,0,17,17,7,2196,6817,2196,6817
1638,20260922,0,0,0,NA,NA,4,NA,NA,4,0,0,17,17,13,0,0,0,0
1639,20260922,1,1,0,1,4,4,1,4,4,4,0,17,17,13,2124,4369,0,4369
1640,20260922,1,1,0,3,12,12,3,12,12,4,0,17,17,5,3294,4369,3294,4369
1641,20260922,1,1,0,1,4,4,1,4,4,4,0,17,17,13,2124,4369,0,4369
1642,20260922,0,0,0,3,NA,7,3,NA,7,1,0,17,17,10,6,1,0,0
1643,20260922,0,0,0,NA,NA,4,NA,NA,4,0,0,17,17,13,0,0,0,0
1644,20260922,0,0,0,NA,NA,4,NA,NA,4,0,0,17,17,13,0,0,0,0
1645,20260922,1,1,0,1,4,4,1,4,4,4,0,17,17,13,2124,4369,0,4369
1646,20260922,0,0,0,3,NA,7,3,NA,7,1,0,17,17,10,6,1,0,0
1647,20260922,0,0,0,NA,NA,4,NA,NA,4,0,0,17,17,13,0,0,0,0
1648,20260922,1,1,0,1,4,4,1,4,4,4,0,17,17,13,2124,4369,0,4369
1649,20260922,0,0,0,NA,NA,4,NA,NA,4,0,0,17,17,13,0,0,0,0
1650,20260922,0,0,0,NA,NA,4,NA,NA,4,0,0,17,17,13,0,0,0,0
1651,20260922,1,1,0,1,4,4,1,4,4,4,0,17,17,13,2124,4369,0,4369
1652,20260922,1,1,0,1,4,4,1,4,4,4,0,17,17,13,2124,4369,0,4369
1653,20260922,0,0,0,NA,NA,4,NA,NA,4,0,0,17,17,13,0,0,0,0
1654,20260922,1,1,0,1,4,4,1,4,4,4,0,17,17,13,2124,4369,0,4369
1655,20260922,0,0,0,NA,NA,4,NA,NA,4,0,0,17,17,13,0,0,0,0
1656,20260922,0,0,0,NA,NA,4,NA,NA,4,0,0,17,17,13,0,0,0,0
1657,20260922,0,0,0,NA,NA,4,NA,NA,4,0,0,17,17,13,0,0,0,0
1658,20260922,1,1,0,1,4,4,1,4,4,4,0,17,17,13,2124,4369,0,4369
1659,20260922,1,1,0,1,4,4,1,4,4,4,0,17,17,13,2124,4913,0,17476
1660,20260922,1,1,0,1,4,4,1,4,4,4,0,17,17,13,2124,4369,0,4369
1661,20260922,0,0,0,NA,NA,4,NA,NA,4,0,0,17,17,13,0,0,0,0
1662,20260922,0,0,0,1,NA,5,1,NA,5,1,0,17,17,12,4,2,0,0
1663,20260922,0,0,0,4,NA,8,4,NA,8,1,0,17,17,9,5,2,0,0
1664,20260922,0,0,0,NA,NA,4,NA,NA,4,0,0,17,17,13,0,0,0,0
1665,20260922,1,1,0,1,4,4,1,4,4,4,0,17,17,13,2124,4369,0,4369
1666,20260922,1,1,0,3,12,12,3,12,12,4,0,17,17,5,3294,4369,3294,4369
1667,20260922,1,1,0,1,4,4,1,4,4,4,0,17,17,13,2124,4369,0,4369
1668,20260922,0,0,0,NA,NA,4,NA,NA,4,0,0,17,17,13,0,0,0,0
1669,20260922,0,0,0,3,NA,7,3,NA,7,1,0,17,17,10,6,3,0,0
1670,20260922,1,1,0,1,4,4,1,4,4,4,0,17,17,13,2124,4369,0,4369
1671,20260922,1,1,0,1,4,4,1,4,4,4,0,17,17,13,2124,4369,0,4369
1672,20260922,0,0,0,NA,NA,4,NA,NA,4,0,0,17,17,13,0,0,0,0
1673,20260922,1,1,0,2,6,6,2,6,6,4,0,17,17,11,72,4369,0,4369
1674,20260922,1,1,0,1,4,4,1,4,4,4,0,17,17,13,2124,4369,0,4369
1675,20260922,0,0,0,NA,NA,4,NA,NA,4,0,0,17,17,13,0,0,0,0
1676,20260922,0,0,0,NA,NA,4,NA,NA,4,0,0,17,17,13,0,0,0,0
1677,20260922,0,0,0,NA,NA,4,NA,NA,4,0,0,17,17,13,0,0,0,0
1678,20260922,1,1,0,1,6,6,1,6,6,4,0,17,17,11,2052,5729,0,26214
1679,20260922,0,0,0,4,NA,8,4,NA,8,1,0,17,17,9,5,4,0,0
1680,20260922,1,1,0,1,4,4,1,4,4,4,0,17,17,13,2124,4369,0,4369
1681,20260922,1,1,0,1,4,4,1,4,4,4,0,17,17,13,2124,4913,0,17476
1682,20260922,0,0,0,NA,NA,4,NA,NA,4,0,0,17,17,13,0,0,0,0
1683,20260922,1,1,0,1,4,4,1,4,4,4,0,17,17,13,2124,4369,0,4369
1684,20260922,1,1,0,1,4,4,1,4,4,4,0,17,17,13,2124,12563,0,4369
1685,20260922,1,1,0,3,12,12,3,12,12,4,0,17,17,5,3294,4369,3294,4369
1686,20260922,0,0,0,NA,NA,4,NA,NA,4,0,0,17,17,13,0,0,0,0
1687,20260922,0,0,0,NA,NA,4,NA,NA,4,0,0,17,17,13,0,0,0,0
1688,20260922,0,0,0,NA,NA,4,NA,NA,4,0,0,17,17,13,0,0,0,0
1689,20260922,0,0,0,NA,NA,4,NA,NA,4,0,0,17,17,13,0,0,0,0
1690,20260922,0,0,0,NA,NA,4,NA,NA,4,0,0,17,17,13,0,0,0,0
1691,20260922,1,1,0,1,4,4,1,4,4,4,0,17,17,13,2124,4369,0,4369
1692,20260922,0,0,0,4,NA,8,4,NA,8,1,0,17,17,9,5,3,0,0
1693,20260922,0,0,0,4,NA,8,4,NA,8,1,0,17,17,9,5,8,0,0
1694,20260922,0,0,0,NA,NA,4,NA,NA,4,0,0,17,17,13,0,0,0,0
1695,20260922,0,0,0,NA,NA,4,NA,NA,4,0,0,17,17,13,0,0,0,0
1696,20260922,1,1,0,1,6,6,1,6,6,4,0,17,17,11,2052,9554,0,21845
1697,20260922,1,1,0,1,4,4,1,4,4,4,0,17,17,13,2124,4369,0,4369
1698,20260922,0,0,0,4,NA,8,4,NA,8,1,0,17,17,9,5,6,0,0
1699,20260922,0,0,0,NA,NA,4,NA,NA,4,0,0,17,17,13,0,0,0,0
1700,20260922,0,0,0,NA,NA,4,NA,NA,4,0,0,17,17,13,0,0,0,0
1701,20260922,0,0,0,NA,NA,4,NA,NA,4,0,0,17,17,13,0,0,0,0
1702,20260922,0,0,0,NA,NA,4,NA,NA,4,0,0,17,17,13,0,0,0,0
1703,20260922,1,1,0,1,6,6,1,6,6,4,0,17,17,11,2052,5729,0,26214
1704,20260922,0,0,0,NA,NA,4,NA,NA,4,0,0,17,17,13,0,0,0,0
1705,20260922,0,0,0,NA,NA,4,NA,NA,4,0,0,17,17,13,0,0,0,0
1706,20260922,0,0,0,NA,NA,4,NA,NA,4,0,0,17,17,13,0,0,0,0
1707,20260922,0,0,0,3,NA,7,3,NA,7,1,0,17,17,10,6,1,0,0
1708,20260922,0,0,0,3,NA,7,3,NA,7,1,0,17,17,10,6,4,0,0
1709,20260922,0,0,0,NA,NA,4,NA,NA,4,0,0,17,17,13,0,0,0,0
1710,20260922,0,0,0,NA,NA,4,NA,NA,4,0,0,17,17,13,0,0,0,0
1711,20260922,0,0,0,NA,NA,4,NA,NA,4,0,0,17,17,13,0,0,0,0
1712,20260922,1,1,0,1,4,4,1,4,4,4,0,17,17,13,2124,4369,0,4369
1713,20260922,1,1,0,2,6,6,2,6,6,4,0,17,17,11,72,4369,0,4369
1714,20260922,0,0,0,3,NA,7,3,NA,7,1,0,17,17,10,6,1,0,0
1715,20260922,0,0,0,NA,NA,4,NA,NA,4,0,0,17,17,13,0,0,0,0
1716,20260922,0,0,0,NA,NA,4,NA,NA,4,0,0,17,17,13,0,0,0,0
1717,20260922,0,0,0,NA,NA,4,NA,NA,4,0,0,17,17,13,0,0,0,0
1718,20260922,1,1,0,2,8,8,2,8,8,4,0,17,17,9,0,13107,0,13107
1719,20260922,0,0,0,NA,NA,4,NA,NA,4,0,0,17,17,13,0,0,0,0
1720,20260922,1,1,0,1,6,6,1,6,6,4,0,17,17,11,2052,5729,0,26214
1721,20260922,0,0,0,3,NA,7,3,NA,7,1,0,17,17,10,6,1,0,0
1722,20260922,0,0,0,NA,NA,4,NA,NA,4,0,0,17,17,13,0,0,0,0
1723,20260922,1,1,0,1,4,4,1,4,4,4,0,17,17,13,2124,4913,0,17476
1724,20260922,0,0,0,NA,NA,4,NA,NA,4,0,0,17,17,13,0,0,0,0
1725,20260922,1,1,0,2,6,6,2,6,6,4,0,17,17,11,72,4369,0,4369
1726,20260922,0,0,0,NA,NA,4,NA,NA,4,0,0,17,17,13,0,0,0,0
1727,20260922,1,1,0,1,6,6,1,6,6,4,0,17,17,11,2052,5729,0,26214
1728,20260922,0,0,0,3,NA,7,3,NA,7,1,0,17,17,10,6,1,0,0
1729,20260922,1,1,0,3,12,12,3,12,12,4,0,17,17,5,3294,4369,3294,4369
1730,20260922,1,1,0,1,6,6,1,6,6,4,0,17,17,11,2052,5729,0,26214
1731,20260922,0,0,0,NA,NA,4,NA,NA,4,0,0,17,17,13,0,0,0,0
1732,20260922,0,0,0,4,NA,8,4,NA,8,1,0,17,17,9,5,6,0,0
1733,20260922,1,1,0,1,6,6,1,6,6,4,0,17,17,11,2052,5185,0,17476
1734,20260922,0,0,0,NA,NA,4,NA,NA,4,0,0,17,17,13,0,0,0,0
1735,20260922,1,1,0,1,4,4,1,4,4,4,0,17,17,13,2124,4369,0,4369
1736,20260922,1,1,0,1,6,6,1,6,6,4,0,17,17,11,2052,5729,0,26214
1737,20260922,1,1,0,2,8,8,2,8,8,4,0,17,17,9,0,13107,0,13107
1738,20260922,0,0,0,4,NA,8,4,NA,8,1,0,17,17,9,5,8,0,0
1739,20260922,0,0,0,NA,NA,4,NA,NA,4,0,0,17,17,13,0,0,0,0
1740,20260922,0,0,0,NA,NA,4,NA,NA,4,0,0,17,17,13,0,0,0,0
1741,20260922,1,1,0,1,4,4,1,4,4,4,0,17,17,13,2124,4369,0,4369
1742,20260922,1,1,0,2,8,8,2,8,8,4,0,17,17,9,0,17476,0,17476
1743,20260922,1,1,0,1,4,4,1,4,4,4,0,17,17,13,2124,4369,0,4369
1744,20260922,1,1,0,1,4,4,1,4,4,4,0,17,17,13,2124,4369,0,4369
1745,20260922,0,0,0,NA,NA,4,NA,NA,4,0,0,17,17,13,0,0,0,0
1746,20260922,1,1,0,2,6,6,2,6,6,4,0,17,17,11,72,4369,0,4369
1747,20260922,1,1,0,1,4,4,1,4,4,4,0,17,17,13,2124,4369,0,4369
1748,20260922,0,0,0,NA,NA,4,NA,NA,4,0,0,17,17,13,0,0,0,0
1749,20260922,0,0,0,4,NA,11,4,NA,11,2,0,17,17,6,29,23,0,0
1750,20260922,0,0,0,NA,NA,4,NA,NA,4,0,0,17,17,13,0,0,0,0
1751,20260922,0,0,0,NA,NA,4,NA,NA,4,0,0,17,17,13,0,0,0,0
1752,20260922,1,1,0,2,8,8,2,8,8,4,0,17,17,9,0,21845,0,21845
1753,20260922,0,0,0,3,NA,7,3,NA,7,1,0,17,17,10,6,1,0,0
1754,20260922,1,1,0,2,8,8,2,8,8,4,0,17,17,9,0,4369,0,4369
1755,20260922,0,0,0,3,NA,7,3,NA,7,1,0,17,17,10,6,1,0,0
1756,20260922,0,0,0,NA,NA,4,NA,NA,4,0,0,17,17,13,0,0,0,0
1757,20260922,1,1,0,2,8,8,2,8,8,4,0,17,17,9,0,26214,0,26214
1758,20260922,1,1,0,1,4,4,1,4,4,4,0,17,17,13,2124,12563,0,4369
1759,20260922,1,1,0,2,6,6,2,6,6,4,0,17,17,11,72,4369,0,4369
1760,20260922,0,0,0,4,NA,8,4,NA,8,1,0,17,17,9,5,4,0,0
1761,20260922,0,0,0,NA,NA,4,NA,NA,4,0,0,17,17,13,0,0,0,0
1762,20260922,1,1,0,1,4,4,1,4,4,4,0,17,17,13,2124,4369,0,4369
1763,20260922,1,1,0,3,12,12,3,12,12,4,0,17,17,5,3294,4369,3294,4369
1764,20260922,0,0,0,NA,NA,4,NA,NA,4,0,0,17,17,13,0,0,0,0
1765,20260922,1,1,0,1,4,4,1,4,4,4,0,17,17,13,2124,4369,0,4369
1766,20260922,0,0,0,NA,NA,4,NA,NA,4,0,0,17,17,13,0,0,0,0
1767,20260922,1,1,0,2,6,6,2,6,6,4,0,17,17,11,72,4369,0,4369
1768,20260922,1,1,0,1,4,4,1,4,4,4,0,17,17,13,2124,4913,0,17476
1769,20260922,0,0,0,NA,NA,4,NA,NA,4,0,0,17,17,13,0,0,0,0
1770,20260922,1,1,0,1,4,4,1,4,4,4,0,17,17,13,2124,4369,0,4369
1771,20260922,0,0,0,NA,NA,4,NA,NA,4,0,0,17,17,13,0,0,0,0
1772,20260922,1,1,0,3,12,12,3,12,12,4,0,17,17,5,3294,4369,3294,4369
1773,20260922,0,0,0,NA,NA,4,NA,NA,4,0,0,17,17,13,0,0,0,0
1774,20260922,1,1,0,1,4,4,1,4,4,4,0,17,17,13,2124,4913,0,17476
1775,20260922,0,0,0,NA,NA,4,NA,NA,4,0,0,17,17,13,0,0,0,0
1776,20260922,0,0,0,3,NA,7,3,NA,7,1,0,17,17,10,6,1,0,0
1777,20260922,1,1,0,3,12,12,3,12,12,4,0,17,17,5,3294,4369,3294,4369
1778,20260922,0,0,0,NA,NA,4,NA,NA,4,0,0,17,17,13,0,0,0,0
1779,20260922,0,0,0,NA,NA,4,NA,NA,4,0,0,17,17,13,0,0,0,0
1780,20260922,0,0,0,3,NA,7,3,NA,7,1,0,17,17,10,6,1,0,0
1781,20260922,0,0,0,NA,NA,4,NA,NA,4,0,0,17,17,13,0,0,0,0
1782,20260922,0,0,0,4,NA,8,4,NA,8,1,0,17,17,9,5,1,0,0
1783,20260922,0,0,0,NA,NA,4,NA,NA,4,0,0,17,17,13,0,0,0,0
1784,20260922,1,1,0,2,6,6,2,6,6,4,0,17,17,11,72,4369,0,4369
1785,20260922,1,1,0,1,4,4,1,4,4,4,0,17,17,13,2124,4369,0,4369
1786,20260922,1,1,0,1,4,4,1,4,4,4,0,17,17,13,2124,4369,0,4369
1787,20260922,0,0,0,NA,NA,4,NA,NA,4,0,0,17,17,13,0,0,0,0
1788,20260922,0,0,0,NA,NA,4,NA,NA,4,0,0,17,17,13,0,0,0,0
1789,20260922,1,1,0,1,4,4,1,4,4,4,0,17,17,13,2124,4369,0,4369
1790,20260922,0,0,0,NA,NA,4,NA,NA,4,0,0,17,17,13,0,0,0,0
1791,20260922,0,0,0,NA,NA,4,NA,NA,4,0,0,17,17,13,0,0,0,0
1792,20260922,0,0,0,NA,NA,4,NA,NA,4,0,0,17,17,13,0,0,0,0
1793,20260922,0,0,0,NA,NA,4,NA,NA,4,0,0,17,17,13,0,0,0,0
1794,20260922,1,1,0,1,4,4,1,4,4,4,0,17,17,13,2124,4369,0,4369
1795,20260922,0,0,0,NA,NA,4,NA,NA,4,0,0,17,17,13,0,0,0,0
1796,20260922,1,1,0,1,4,4,1,4,4,4,0,17,17,13,2124,4369,0,4369
1797,20260922,1,1,0,1,4,4,1,4,4,4,0,17,17,13,2124,4369,0,4369
1798,20260922,0,0,0,NA,NA,4,NA,NA,4,0,0,17,17,13,0,0,0,0
1799,20260922,0,0,0,NA,NA,4,NA,NA,4,0,0,17,17,13,0,0,0,0
1800,20260922,0,0,0,3,NA,7,3,NA,7,1,0,17,17,10,6,1,0,0
1801,20260922,0,0,0,NA,NA,4,NA,NA,4,0,0,17,17,13,0,0,0,0
1802,20260922,0,0,0,NA,NA,4,NA,NA,4,0,0,17,17,13,0,0,0,0
1803,20260922,1,1,0,2,6,6,2,6,6,4,0,17,17,11,72,8738,0,8738
1804,20260922,1,1,0,3,12,12,3,12,12,4,0,17,17,5,3294,4369,3294,4369
1805,20260922,0,0,0,NA,NA,4,NA,NA,4,0,0,17,17,13,0,0,0,0
1806,20260922,1,1,0,1,4,4,1,4,4,4,0,17,17,13,2124,4369,0,4369
1807,20260922,0,0,0,3,NA,7,3,NA,7,1,0,17,17,10,6,1,0,0
1808,20260922,0,0,0,NA,NA,4,NA,NA,4,0,0,17,17,13,0,0,0,0
1809,20260922,1,1,0,3,12,12,3,12,12,4,0,17,17,5,3294,4369,3294,4369
1810,20260922,0,0,0,NA,NA,4,NA,NA,4,0,0,17,17,13,0,0,0,0
1811,20260922,0,0,0,NA,NA,4,NA,NA,4,0,0,17,17,13,0,0,0,0
1812,20260922,0,0,0,NA,NA,4,NA,NA,4,0,0,17,17,13,0,0,0,0
1813,20260922,0,0,0,NA,NA,4,NA,NA,4,0,0,17,17,13,0,0,0,0
1814,20260922,1,1,0,1,4,4,1,4,4,4,0,17,17,13,2124,4369,0,4369
1815,20260922,0,0,0,NA,NA,4,NA,NA,4,0,0,17,17,13,0,0,0,0
1816,20260922,0,0,0,NA,NA,4,NA,NA,4,0,0,17,17,13,0,0,0,0
1817,20260922,0,0,0,NA,NA,4,NA,NA,4,0,0,17,17,13,0,0,0,0
1818,20260922,0,0,0,NA,NA,4,NA,NA,4,0,0,17,17,13,0,0,0,0
1819,20260922,1,1,0,1,4,4,1,4,4,4,0,17,17,13,2124,4369,0,4369
1820,20260922,1,1,0,1,4,4,1,4,4,4,0,17,17,13,2124,4369,0,4369
1821,20260922,1,1,0,1,4,4,1,4,4,4,0,17,17,13,2124,4369,0,4369
1822,20260922,1,1,0,1,4,4,1,4,4,4,0,17,17,13,2124,4369,0,4369
1823,20260922,1,1,0,1,4,4,1,4,4,4,0,17,17,13,2124,4369,0,4369
1824,20260922,0,0,0,4,NA,8,4,NA,8,1,0,17,17,9,5,2,0,0
1825,20260922,1,1,0,1,4,4,1,4,4,4,0,17,17,13,2124,4369,0,4369
1826,20260922,0,0,0,NA,NA,4,NA,NA,4,0,0,17,17,13,0,0,0,0
1827,20260922,0,0,0,NA,NA,4,NA,NA,4,0,0,17,17,13,0,0,0,0
1828,20260922,1,1,0,1,4,4,1,4,4,4,0,17,17,13,2124,4369,0,4369
1829,20260922,0,0,0,3,NA,7,3,NA,7,1,0,17,17,10,6,1,0,0
1830,20260922,1,1,0,1,6,6,1,6,6,4,0,17,17,11,2052,5729,0,26214
1831,20260922,0,0,0,NA,NA,4,NA,NA,4,0,0,17,17,13,0,0,0,0
1832,20260922,1,1,0,1,4,4,1,4,4,4,0,17,17,13,2124,12563,0,4369
1833,20260922,0,0,0,NA,NA,4,NA,NA,4,0,0,17,17,13,0,0,0,0
1834,20260922,0,0,0,3,NA,7,3,NA,7,1,0,17,17,10,6,1,0,0
1835,20260922,0,0,0,NA,NA,4,NA,NA,4,0,0,17,17,13,0,0,0,0
1836,20260922,1,1,0,1,4,4,1,4,4,4,0,17,17,13,2124,4369,0,4369
1837,20260922,0,0,0,NA,NA,4,NA,NA,4,0,0,17,17,13,0,0,0,0
1838,20260922,1,1,0,1,4,4,1,4,4,4,0,17,17,13,2124,4369,0,4369
1839,20260922,1,1,0,1,4,4,1,4,4,4,0,17,17,13,2124,12563,0,4369
1840,20260922,0,0,0,NA,NA,4,NA,NA,4,0,0,17,17,13,0,0,0,0
1841,20260922,1,1,0,1,4,4,1,4,4,4,0,17,17,13,2124,4369,0,4369
1842,20260922,0,0,0,3,NA,7,3,NA,7,1,0,17,17,10,6,1,0,0
1843,20260922,0,0,0,4,NA,8,4,NA,8,1,0,17,17,9,5,1,0,0
1844,20260922,0,0,0,NA,NA,4,NA,NA,4,0,0,17,17,13,0,0,0,0
1845,20260922,1,1,0,1,4,4,1,4,4,4,0,17,17,13,2124,4369,0,4369
1846,20260922,0,0,0,4,NA,8,4,NA,8,1,0,17,17,9,5,3,0,0
1847,20260922,1,1,0,1,6,6,1,6,6,4,0,17,17,11,2052,5729,0,26214
1848,20260922,1,1,0,1,4,4,1,4,4,4,0,17,17,13,2124,4369,0,4369
1849,20260922,0,0,0,NA,NA,4,NA,NA,4,0,0,17,17,13,0,0,0,0
1850,20260922,0,0,0,NA,NA,4,NA,NA,4,0,0,17,17,13,0,0,0,0
1851,20260922,0,0,0,NA,NA,4,NA,NA,4,0,0,17,17,13,0,0,0,0
1852,20260922,0,0,0,NA,NA,4,NA,NA,4,0,0,17,17,13,0,0,0,0
1853,20260922,1,1,0,3,12,12,3,12,12,4,0,17,17,5,3294,4369,3294,4369
1854,20260922,0,0,0,4,NA,8,4,NA,8,1,0,17,17,9,5,10,0,0
1855,20260922,1,1,0,2,6,6,2,6,6,4,0,17,17,11,72,4369,0,4369
1856,20260922,0,0,0,NA,NA,4,NA,NA,4,0,0,17,17,13,0,0,0,0
1857,20260922,1,1,0,1,4,4,1,4,4,4,0,17,17,13,2124,4369,0,4369
1858,20260922,1,1,0,2,8,8,2,8,8,4,0,17,17,9,0,13107,0,13107
1859,20260922,1,1,0,3,12,12,3,12,12,4,0,17,17,5,3294,4369,3294,4369
1860,20260922,0,0,0,NA,NA,4,NA,NA,4,0,0,17,17,13,0,0,0,0
1861,20260922,0,0,0,NA,NA,4,NA,NA,4,0,0,17,17,13,0,0,0,0
1862,20260922,0,0,0,NA,NA,4,NA,NA,4,0,0,17,17,13,0,0,0,0
1863,20260922,0,0,0,NA,NA,4,NA,NA,4,0,0,17,17,13,0,0,0,0
1864,20260922,0,0,0,NA,NA,4,NA,NA,4,0,0,17,17,13,0,0,0,0
1865,20260922,0,0,0,NA,NA,4,NA,NA,4,0,0,17,17,13,0,0,0,0
1866,20260922,1,1,0,2,6,6,2,6,6,4,0,17,17,11,72,4369,0,4369
1867,20260922,0,0,0,NA,NA,4,NA,NA,4,0,0,17,17,13,0,0,0,0
1868,20260922,1,1,0,1,4,4,1,4,4,4,0,17,17,13,2124,4369,0,4369
1869,20260922,0,0,0,NA,NA,4,NA,NA,4,0,0,17,17,13,0,0,0,0
1870,20260922,1,1,0,2,6,6,2,6,6,4,0,17,17,11,72,4369,0,4369
1871,20260922,1,1,0,1,4,4,1,4,4,4,0,17,17,13,2124,4369,0,4369
1872,20260922,0,0,0,NA,NA,4,NA,NA,4,0,0,17,17,13,0,0,0,0
1873,20260922,1,1,0,1,4,4,1,4,4,4,0,17,17,13,2124,4369,0,4369
1874,20260922,0,0,0,4,NA,8,4,NA,8,1,0,17,17,9,5,1,0,0
1875,20260922,0,0,0,NA,NA,4,NA,NA,4,0,0,17,17,13,0,0,0,0
1876,20260922,1,1,0,1,6,6,1,6,6,4,0,17,17,11,2052,5185,0,17476
1877,20260922,0,0,0,NA,NA,4,NA,NA,4,0,0,17,17,13,0,0,0,0
1878,20260922,1,1,0,1,4,4,1,4,4,4,0,17,17,13,2124,4369,0,4369
1879,20260922,0,0,0,NA,NA,4,NA,NA,4,0,0,17,17,13,0,0,0,0
1880,20260922,1,1,0,3,12,12,3,12,12,4,0,17,17,5,3294,4369,3294,4369
1881,20260922,0,0,0,NA,NA,4,NA,NA,4,0,0,17,17,13,0,0,0,0
1882,20260922,0,0,0,4,NA,8,4,NA,8,1,0,17,17,9,5,3,0,0
1883,20260922,0,0,0,NA,NA,4,NA,NA,4,0,0,17,17,13,0,0,0,0
1884,20260922,0,0,0,NA,NA,4,NA,NA,4,0,0,17,17,13,0,0,0,0
1885,20260922,0,0,0,NA,NA,4,NA,NA,4,0,0,17,17,13,0,0,0,0
1886,20260922,1,1,0,2,6,6,2,6,6,4,0,17,17,11,72,4369,0,4369
1887,20260922,1,1,0,1,4,4,1,4,4,4,0,17,17,13,2124,4369,0,4369
1888,20260922,1,1,0,2,6,6,2,6,6,4,0,17,17,11,72,4369,0,4369
1889,20260922,1,1,0,1,4,4,1,4,4,4,0,17,17,13,2124,4369,0,4369
1890,20260922,1,1,0,1,4,4,1,4,4,4,0,17,17,13,2124,4369,0,4369
1891,20260922,1,1,0,1,4,4,1,4,4,4,0,17,17,13,2124,4369,0,4369
1892,20260922,0,0,0,NA,NA,4,NA,NA,4,0,0,17,17,13,0,0,0,0
1893,20260922,0,0,0,NA,NA,4,NA,NA,4,0,0,17,17,13,0,0,0,0
1894,20260922,0,0,0,NA,NA,4,NA,NA,4,0,0,17,17,13,0,0,0,0
1895,20260922,0,0,0,3,NA,7,3,NA,7,1,0,17,17,10,6,1,0,0
1896,20260922,1,1,0,3,12,12,3,12,12,4,0,17,17,5,3294,4369,3294,4369
1897,20260922,0,0,0,NA,NA,4,NA,NA,4,0,0,17,17,13,0,0,0,0
1898,20260922,1,1,0,2,6,6,2,6,6,4,0,17,17,11,72,4369,0,4369
1899,20260922,1,1,0,1,4,4,1,4,4,4,0,17,17,13,2124,4369,0,4369
1900,20260922,0,0,0,NA,NA,4,NA,NA,4,0,0,17,17,13,0,0,0,0
1901,20260922,1,1,0,1,4,4,1,4,4,4,0,17,17,13,2124,4369,0,4369
1902,20260922,0,0,0,NA,NA,4,NA,NA,4,0,0,17,17,13,0,0,0,0
1903,20260922,1,1,0,1,4,4,1,4,4,4,0,17,17,13,2124,4369,0,4369
1904,20260922,1,1,0,1,6,6,1,6,6,4,0,17,17,11,2052,5185,0,17476
1905,20260922,1,1,0,2,8,8,2,8,8,4,0,17,17,9,0,8738,0,8738
1906,20260922,0,0,0,NA,NA,4,NA,NA,4,0,0,17,17,13,0,0,0,0
1907,20260922,1,1,0,1,4,4,1,4,4,4,0,17,17,13,2124,4369,0,4369
1908,20260922,0,0,0,NA,NA,4,NA,NA,4,0,0,17,17,13,0,0,0,0
1909,20260922,1,1,0,3,12,12,3,12,12,4,0,17,17,5,3294,4369,3294,4369
1910,20260922,0,0,0,NA,NA,4,NA,NA,4,0,0,17,17,13,0,0,0,0
1911,20260922,0,0,0,NA,NA,4,NA,NA,4,0,0,17,17,13,0,0,0,0
1912,20260922,1,1,0,1,6,6,1,6,6,4,0,17,17,11,2052,5729,0,26214
1913,20260922,1,1,0,1,4,4,1,4,4,4,0,17,17,13,2124,4369,0,4369
1914,20260922,0,0,0,NA,NA,4,NA,NA,4,0,0,17,17,13,0,0,0,0
1915,20260922,0,0,0,NA,NA,4,NA,NA,4,0,0,17,17,13,0,0,0,0
1916,20260922,0,0,0,NA,NA,4,NA,NA,4,0,0,17,17,13,0,0,0,0
1917,20260922,1,1,0,2,6,6,2,6,6,4,0,17,17,11,72,4369,0,4369
1918,20260922,1,1,0,1,6,6,1,6,6,4,0,17,17,11,2052,5729,0,26214
1919,20260922,0,0,0,1,NA,5,1,NA,5,1,0,17,17,12,4,3,0,0
1920,20260922,1,1,0,3,12,12,3,12,12,4,0,17,17,5,3294,4369,3294,4369
1921,20260922,1,1,0,1,4,4,1,4,4,4,0,17,17,13,2124,4369,0,4369
1922,20260922,0,0,0,4,NA,8,4,NA,8,1,0,17,17,9,5,1,0,0
1923,20260922,1,1,0,1,4,4,1,4,4,4,0,17,17,13,2124,4369,0,4369
1924,20260922,1,1,0,1,4,4,1,4,4,4,0,17,17,13,2124,4369,0,4369
1925,20260922,0,0,0,NA,NA,4,NA,NA,4,0,0,17,17,13,0,0,0,0
1926,20260922,0,0,0,NA,NA,4,NA,NA,4,0,0,17,17,13,0,0,0,0
1927,20260922,0,0,0,NA,NA,4,NA,NA,4,0,0,17,17,13,0,0,0,0
1928,20260922,1,1,0,1,4,4,1,4,4,4,0,17,17,13,2124,4369,0,4369
1929,20260922,0,0,0,NA,NA,4,NA,NA,4,0,0,17,17,13,0,0,0,0
1930,20260922,1,1,0,1,4,4,1,4,4,4,0,17,17,13,2124,4369,0,4369
1931,20260922,1,1,0,2,6,6,2,6,6,4,0,17,17,11,72,4369,0,4369
1932,20260922,0,0,0,NA,NA,4,NA,NA,4,0,0,17,17,13,0,0,0,0
1933,20260922,0,0,0,NA,NA,4,NA,NA,4,0,0,17,17,13,0,0,0,0
1934,20260922,1,1,0,2,6,6,2,6,6,4,0,17,17,11,72,4369,0,4369
1935,20260922,1,1,0,1,4,4,1,4,4,4,0,17,17,13,2124,4369,0,4369
1936,20260922,1,1,0,1,4,4,1,4,4,4,0,17,17,13,2124,4913,0,17476
1937,20260922,1,1,0,1,6,6,1,6,6,4,0,17,17,11,2052,5185,0,17476
1938,20260922,0,0,0,NA,NA,4,NA,NA,4,0,0,17,17,13,0,0,0,0
1939,20260922,0,0,0,3,NA,7,3,NA,7,1,0,17,17,10,6,1,0,0
1940,20260922,0,0,0,NA,NA,4,NA,NA,4,0,0,17,17,13,0,0,0,0
1941,20260922,1,1,0,2,6,6,2,6,6,4,0,17,17,11,72,4369,0,4369
1942,20260922,0,0,0,NA,NA,4,NA,NA,4,0,0,17,17,13,0,0,0,0
1943,20260922,0,0,0,NA,NA,4,NA,NA,4,0,0,17,17,13,0,0,0,0
1944,20260922,0,0,0,3,NA,7,3,NA,7,1,0,17,17,10,6,1,0,0
1945,20260922,0,0,0,NA,NA,4,NA,NA,4,0,0,17,17,13,0,0,0,0
1946,20260922,0,0,0,NA,NA,4,NA,NA,4,0,0,17,17,13,0,0,0,0
1947,20260922,0,0,0,3,NA,7,3,NA,7,1,0,17,17,10,6,1,0,0
1948,20260922,1,1,0,1,4,4,1,4,4,4,0,17,17,13,2124,4369,0,4369
1949,20260922,0,0,0,NA,NA,4,NA,NA,4,0,0,17,17,13,0,0,0,0
1950,20260922,0,0,0,NA,NA,4,NA,NA,4,0,0,17,17,13,0,0,0,0
1951,20260922,0,0,0,NA,NA,4,NA,NA,4,0,0,17,17,13,0,0,0,0
1952,20260922,1,1,0,1,4,4,1,4,4,4,0,17,17,13,2124,12563,0,4369
1953,20260922,0,0,0,NA,NA,4,NA,NA,4,0,0,17,17,13,0,0,0,0
1954,20260922,0,0,0,NA,NA,4,NA,NA,4,0,0,17,17,13,0,0,0,0
1955,20260922,1,1,0,1,4,4,1,4,4,4,0,17,17,13,2124,4369,0,4369
1956,20260922,0,0,0,NA,NA,4,NA,NA,4,0,0,17,17,13,0,0,0,0
1957,20260922,1,1,0,1,4,4,1,4,4,4,0,17,17,13,2124,4913,0,17476
1958,20260922,1,1,0,1,4,4,1,4,4,4,0,17,17,13,2124,4369,0,4369
1959,20260922,0,0,0,3,NA,7,3,NA,7,1,0,17,17,10,6,1,0,0
1960,20260922,0,0,0,NA,NA,4,NA,NA,4,0,0,17,17,13,0,0,0,0
1961,20260922,0,0,0,4,NA,8,4,NA,8,1,0,17,17,9,5,7,0,0
1962,20260922,0,0,0,NA,NA,4,NA,NA,4,0,0,17,17,13,0,0,0,0
1963,20260922,1,1,0,1,4,4,1,4,4,4,0,17,17,13,2124,4369,0,4369
1964,20260922,0,0,0,4,NA,8,4,NA,8,1,0,17,17,9,5,1,0,0
1965,20260922,1,1,0,3,12,12,3,12,12,4,0,17,17,5,3294,4369,3294,4369
1966,20260922,0,0,0,4,NA,8,4,NA,8,1,0,17,17,9,5,8,0,0
1967,20260922,1,1,0,1,4,4,1,4,4,4,0,17,17,13,2124,4369,0,4369
1968,20260922,0,0,0,NA,NA,4,NA,NA,4,0,0,17,17,13,0,0,0,0
1969,20260922,1,1,0,1,6,6,1,6,6,4,0,17,17,11,2052,5185,0,17476
1970,20260922,0,0,0,3,NA,7,3,NA,7,1,0,17,17,10,6,1,0,0
1971,20260922,0,0,0,NA,NA,4,NA,NA,4,0,0,17,17,13,0,0,0,0
1972,20260922,0,0,0,NA,NA,4,NA,NA,4,0,0,17,17,13,0,0,0,0
1973,20260922,0,0,0,NA,NA,4,NA,NA,4,0,0,17,17,13,0,0,0,0
1974,20260922,1,1,0,1,6,6,1,6,6,4,0,17,17,11,2052,5729,0,26214
1975,20260922,0,0,0,NA,NA,4,NA,NA,4,0,0,17,17,13,0,0,0,0
1976,20260922,0,0,0,NA,NA,4,NA,NA,4,0,0,17,17,13,0,0,0,0
1977,20260922,1,1,0,2,6,6,2,6,6,4,0,17,17,11,72,8738,0,8738
1978,20260922,0,0,0,NA,NA,4,NA,NA,4,0,0,17,17,13,0,0,0,0
1979,20260922,1,1,0,1,6,6,1,6,6,4,0,17,17,11,2052,9554,0,21845
1980,20260922,0,0,0,NA,NA,4,NA,NA,4,0,0,17,17,13,0,0,0,0
1981,20260922,1,1,0,1,4,4,1,4,4,4,0,17,17,13,2124,4369,0,4369
1982,20260922,0,0,0,NA,NA,4,NA,NA,4,0,0,17,17,13,0,0,0,0
1983,20260922,0,0,0,NA,NA,4,NA,NA,4,0,0,17,17,13,0,0,0,0
1984,20260922,0,0,0,3,NA,7,3,NA,7,1,0,17,17,10,6,1,0,0
1985,20260922,1,1,0,2,8,8,2,8,8,4,0,17,17,9,0,4369,0,4369
1986,20260922,0,0,0,NA,NA,4,NA,NA,4,0,0,17,17,13,0,0,0,0
1987,20260922,0,0,0,NA,NA,4,NA,NA,4,0,0,17,17,13,0,0,0,0
1988,20260922,1,1,0,1,4,4,1,4,4,4,0,17,17,13,2124,4369,0,4369
1989,20260922,0,0,0,4,NA,11,4,NA,11,2,0,17,17,6,29,23,0,0
1990,20260922,0,0,0,NA,NA,4,NA,NA,4,0,0,17,17,13,0,0,0,0
1991,20260922,0,0,0,4,NA,8,4,NA,8,1,0,17,17,9,5,10,0,0
1992,20260922,0,0,0,NA,NA,4,NA,NA,4,0,0,17,17,13,0,0,0,0
1993,20260922,1,1,0,1,4,4,1,4,4,4,0,17,17,13,2124,12563,0,4369
1994,20260922,1,1,0,1,4,4,1,4,4,4,0,17,17,13,2124,4369,0,4369
1995,20260922,0,0,0,NA,NA,4,NA,NA,4,0,0,17,17,13,0,0,0,0
1996,20260922,1,1,0,1,4,4,1,4,4,4,0,17,17,13,2124,4369,0,4369
1997,20260922,0,0,0,NA,NA,4,NA,NA,4,0,0,17,17,13,0,0,0,0
1998,20260922,1,1,0,1,4,4,1,4,4,4,0,17,17,13,2124,4913,0,17476
1999,20260922,1,1,0,1,4,4,1,4,4,4,0,17,17,13,2124,4369,0,4369
2000,20260922,1,1,0,2,6,6,2,6,6,4,0,17,17,11,72,4369,0,4369
2001,20260922,0,0,0,NA,NA,4,NA,NA,4,0,0,17,17,13,0,0,0,0
2002,20260922,0,0,0,NA,NA,4,NA,NA,4,0,0,17,17,13,0,0,0,0
2003,20260922,1,1,0,2,6,6,2,6,6,4,0,17,17,11,72,4369,0,4369
2004,20260922,0,0,0,NA,NA,4,NA,NA,4,0,0,17,17,13,0,0,0,0
2005,20260922,1,1,0,1,4,4,1,4,4,4,0,17,17,13,2124,4369,0,4369
2006,20260922,1,1,0,2,6,6,2,6,6,4,0,17,17,11,72,17204,0,17476
2007,20260922,0,0,0,3,NA,7,3,NA,7,1,0,17,17,10,6,3,0,0
2008,20260922,0,0,0,NA,NA,4,NA,NA,4,0,0,17,17,13,0,0,0,0
2009,20260922,1,1,0,1,4,4,1,4,4,4,0,17,17,13,2124,4369,0,4369
2010,20260922,0,0,0,NA,NA,4,NA,NA,4,0,0,17,17,13,0,0,0,0
2011,20260922,1,1,0,1,6,6,1,6,6,4,0,17,17,11,2052,5185,0,17476
2012,20260922,0,0,0,NA,NA,4,NA,NA,4,0,0,17,17,13,0,0,0,0
2013,20260922,0,0,0,4,NA,8,4,NA,8,1,0,17,17,9,5,2,0,0
2014,20260922,0,0,0,NA,NA,4,NA,NA,4,0,0,17,17,13,0,0,0,0
2015,20260922,0,0,0,4,NA,8,4,NA,8,1,0,17,17,9,5,3,0,0
2016,20260922,0,0,0,NA,NA,4,NA,NA,4,0,0,17,17,13,0,0,0,0
2017,20260922,1,1,0,1,4,4,1,4,4,4,0,17,17,13,2124,4913,0,17476
2018,20260922,1,1,0,1,4,4,1,4,4,4,0,17,17,13,2124,4369,0,4369
2019,20260922,0,0,0,NA,NA,4,NA,NA,4,0,0,17,17,13,0,0,0,0
2020,20260922,0,0,0,3,NA,7,3,NA,7,1,0,17,17,10,6,1,0,0
2021,20260922,0,0,0,NA,NA,4,NA,NA,4,0,0,17,17,13,0,0,0,0
2022,20260922,1,1,0,1,4,4,1,4,4,4,0,17,17,13,2124,4369,0,4369
2023,20260922,1,1,0,1,4,4,1,4,4,4,0,17,17,13,2124,4369,0,4369
2024,20260922,0,0,0,NA,NA,4,NA,NA,4,0,0,17,17,13,0,0,0,0
2025,20260922,0,0,0,NA,NA,4,NA,NA,4,0,0,17,17,13,0,0,0,0
2026,20260922,1,1,0,1,6,6,1,6,6,4,0,17,17,11,2052,5729,0,26214
2027,20260922,0,0,0,NA,NA,4,NA,NA,4,0,0,17,17,13,0,0,0,0
2028,20260922,1,1,0,2,6,6,2,6,6,4,0,17,17,11,72,4369,0,4369
2029,20260922,0,0,0,NA,NA,4,NA,NA,4,0,0,17,17,13,0,0,0,0
2030,20260922,0,0,0,NA,NA,4,NA,NA,4,0,0,17,17,13,0,0,0,0
2031,20260922,0,0,0,3,NA,7,3,NA,7,1,0,17,17,10,6,1,0,0
2032,20260922,1,1,0,1,4,4,1,4,4,4,0,17,17,13,2124,4913,0,17476
2033,20260922,0,0,0,NA,NA,4,NA,NA,4,0,0,17,17,13,0,0,0,0
2034,20260922,1,1,0,1,4,4,1,4,4,4,0,17,17,13,2124,12563,0,4369
2035,20260922,0,0,0,NA,NA,4,NA,NA,4,0,0,17,17,13,0,0,0,0
2036,20260922,1,1,0,1,4,4,1,4,4,4,0,17,17,13,2124,4369,0,4369
2037,20260922,0,0,0,4,NA,8,4,NA,8,1,0,17,17,9,5,10,0,0
2038,20260922,0,0,0,NA,NA,4,NA,NA,4,0,0,17,17,13,0,0,0,0
2039,20260922,0,0,0,NA,NA,4,NA,NA,4,0,0,17,17,13,0,0,0,0
2040,20260922,1,1,0,1,4,4,1,4,4,4,0,17,17,13,2124,4369,0,4369
2041,20260922,0,0,0,1,NA,5,1,NA,5,1,0,17,17,12,4,1,0,0
2042,20260922,1,1,0,1,4,4,1,4,4,4,0,17,17,13,2124,4369,0,4369
2043,20260922,1,1,0,1,4,4,1,4,4,4,0,17,17,13,2124,4369,0,4369
2044,20260922,0,0,0,NA,NA,4,NA,NA,4,0,0,17,17,13,0,0,0,0
2045,20260922,0,0,0,4,NA,11,4,NA,11,2,0,17,17,6,29,40,0,0
2046,20260922,0,0,0,NA,NA,4,NA,NA,4,0,0,17,17,13,0,0,0,0
2047,20260922,1,1,0,1,4,4,1,4,4,4,0,17,17,13,2124,4369,0,4369
2048,20260922,0,0,0,NA,NA,4,NA,NA,4,0,0,17,17,13,0,0,0,0
2049,20260922,0,0,0,NA,NA,4,NA,NA,4,0,0,17,17,13,0,0,0,0
2050,20260922,0,0,0,NA,NA,4,NA,NA,4,0,0,17,17,13,0,0,0,0
2051,20260922,1,1,0,1,4,4,1,4,4,4,0,17,17,13,2124,12563,0,4369
2052,20260922,1,1,0,2,6,6,2,6,6,4,0,17,17,11,72,4369,0,4369
2053,20260922,0,0,0,4,NA,8,4,NA,8,1,0,17,17,9,5,10,0,0
2054,20260922,0,0,0,NA,NA,4,NA,NA,4,0,0,17,17,13,0,0,0,0
2055,20260922,0,0,0,NA,NA,4,NA,NA,4,0,0,17,17,13,0,0,0,0
2056,20260922,1,1,0,1,4,4,1,4,4,4,0,17,17,13,2124,4369,0,4369
2057,20260922,1,1,0,2,6,6,2,6,6,4,0,17,17,11,72,4369,0,4369
2058,20260922,1,1,0,1,4,4,1,4,4,4,0,17,17,13,2124,4369,0,4369
2059,20260922,0,0,0,NA,NA,4,NA,NA,4,0,0,17,17,13,0,0,0,0
2060,20260922,0,0,0,3,NA,7,3,NA,7,1,0,17,17,10,6,1,0,0
2061,20260922,1,1,0,1,4,4,1,4,4,4,0,17,17,13,2124,4369,0,4369
2062,20260922,0,0,0,NA,NA,4,NA,NA,4,0,0,17,17,13,0,0,0,0
2063,20260922,1,1,0,2,8,8,2,8,8,4,0,17,17,9,0,17476,0,17476
2064,20260922,0,0,0,3,NA,7,3,NA,7,1,0,17,17,10,6,1,0,0
2065,20260922,1,1,0,1,4,4,1,4,4,4,0,17,17,13,2124,4369,0,4369
2066,20260922,1,1,0,1,6,6,1,6,6,4,0,17,17,11,2052,5729,0,26214
2067,20260922,0,0,0,4,NA,8,4,NA,8,1,0,17,17,9,5,3,0,0
2068,20260922,0,0,0,NA,NA,4,NA,NA,4,0,0,17,17,13,0,0,0,0
2069,20260922,1,1,0,1,4,4,1,4,4,4,0,17,17,13,2124,4369,0,4369
2070,20260922,0,0,0,NA,NA,4,NA,NA,4,0,0,17,17,13,0,0,0,0
2071,20260922,1,1,0,1,4,4,1,4,4,4,0,17,17,13,2124,4369,0,4369
2072,20260922,1,1,0,2,6,6,2,6,6,4,0,17,17,11,72,4369,0,4369
2073,20260922,0,0,0,3,NA,7,3,NA,7,1,0,17,17,10,6,1,0,0
2074,20260922,0,0,0,3,NA,7,3,NA,7,1,0,17,17,10,6,2,0,0
2075,20260922,0,0,0,NA,NA,4,NA,NA,4,0,0,17,17,13,0,0,0,0
2076,20260922,1,1,0,1,4,4,1,4,4,4,0,17,17,13,2124,4369,0,4369
2077,20260922,0,0,0,NA,NA,4,NA,NA,4,0,0,17,17,13,0,0,0,0
2078,20260922,0,0,0,3,NA,7,3,NA,7,1,0,17,17,10,6,1,0,0
2079,20260922,0,0,0,NA,NA,4,NA,NA,4,0,0,17,17,13,0,0,0,0
2080,20260922,1,1,0,1,4,4,1,4,4,4,0,17,17,13,2124,4913,0,17476
2081,20260922,0,0,0,NA,NA,4,NA,NA,4,0,0,17,17,13,0,0,0,0
2082,20260922,1,1,0,1,4,4,1,4,4,4,0,17,17,13,2124,4369,0,4369
2083,20260922,1,1,0,1,4,4,1,4,4,4,0,17,17,13,2124,4369,0,4369
2084,20260922,0,0,0,NA,NA,4,NA,NA,4,0,0,17,17,13,0,0,0,0
2085,20260922,0,0,0,NA,NA,4,NA,NA,4,0,0,17,17,13,0,0,0,0
2086,20260922,1,1,0,1,4,4,1,4,4,4,0,17,17,13,2124,12563,0,4369
2087,20260922,1,1,0,2,8,8,2,8,8,4,0,17,17,9,0,13107,0,13107
2088,20260922,0,0,0,NA,NA,4,NA,NA,4,0,0,17,17,13,0,0,0,0
2089,20260922,1,1,0,1,4,4,1,4,4,4,0,17,17,13,2124,4369,0,4369
2090,20260922,1,1,0,1,4,4,1,4,4,4,0,17,17,13,2124,4369,0,4369
2091,20260922,1,1,0,1,4,4,1,4,4,4,0,17,17,13,2124,12563,0,4369
2092,20260922,0,0,0,NA,NA,4,NA,NA,4,0,0,17,17,13,0,0,0,0
2093,20260922,1,1,0,3,12,12,3,12,12,4,0,17,17,5,3294,4369,3294,4369
2094,20260922,1,1,0,3,12,12,3,12,12,4,0,17,17,5,3294,4369,3294,4369
2095,20260922,0,0,0,NA,NA,4,NA,NA,4,0,0,17,17,13,0,0,0,0
2096,20260922,1,1,0,1,6,6,1,6,6,4,0,17,17,11,2052,5729,0,26214
2097,20260922,0,0,0,3,NA,7,3,NA,7,1,0,17,17,10,6,1,0,0
2098,20260922,1,1,0,1,6,6,1,6,6,4,0,17,17,11,2052,5185,0,17476
2099,20260922,1,1,0,1,4,4,1,4,4,4,0,17,17,13,2124,4369,0,4369
2100,20260922,0,0,0,NA,NA,4,NA,NA,4,0,0,17,17,13,0,0,0,0
2101,20260922,0,0,0,4,NA,8,4,NA,8,1,0,17,17,9,5,8,0,0
2102,20260922,0,0,0,NA,NA,4,NA,NA,4,0,0,17,17,13,0,0,0,0
2103,20260922,1,1,0,1,4,4,1,4,4,4,0,17,17,13,2124,4369,0,4369
2104,20260922,1,1,0,1,4,4,1,4,4,4,0,17,17,13,2124,12563,0,4369
2105,20260922,1,1,0,1,4,4,1,4,4,4,0,17,17,13,2124,4369,0,4369
2106,20260922,0,0,0,3,NA,7,3,NA,7,1,0,17,17,10,6,1,0,0
2107,20260922,0,0,0,NA,NA,4,NA,NA,4,0,0,17,17,13,0,0,0,0
2108,20260922,1,1,0,1,4,4,1,4,4,4,0,17,17,13,2124,4369,0,4369
2109,20260922,0,0,0,NA,NA,4,NA,NA,4,0,0,17,17,13,0,0,0,0
2110,20260922,1,1,0,2,8,8,2,8,8,4,0,17,17,9,0,17476,0,17476
2111,20260922,0,0,0,NA,NA,4,NA,NA,4,0,0,17,17,13,0,0,0,0
2112,20260922,0,0,0,NA,NA,4,NA,NA,4,0,0,17,17,13,0,0,0,0
2113,20260922,1,1,0,1,4,4,1,4,4,4,0,17,17,13,2124,4369,0,4369
2114,20260922,1,1,0,3,12,12,3,12,12,4,0,17,17,5,3294,4369,3294,4369
2115,20260922,1,1,0,2,6,6,2,6,6,4,0,17,17,11,72,4369,0,4369
2116,20260922,0,0,0,NA,NA,4,NA,NA,4,0,0,17,17,13,0,0,0,0
2117,20260922,0,0,0,NA,NA,4,NA,NA,4,0,0,17,17,13,0,0,0,0
2118,20260922,0,0,0,NA,NA,4,NA,NA,4,0,0,17,17,13,0,0,0,0
2119,20260922,0,0,0,NA,NA,4,NA,NA,4,0,0,17,17,13,0,0,0,0
2120,20260922,0,0,0,NA,NA,4,NA,NA,4,0,0,17,17,13,0,0,0,0
2121,20260922,1,1,0,1,4,4,1,4,4,4,0,17,17,13,2124,4369,0,4369
2122,20260922,0,0,0,3,NA,7,3,NA,7,1,0,17,17,10,6,4,0,0
2123,20260922,1,1,0,1,4,4,1,4,4,4,0,17,17,13,2124,4369,0,4369
2124,20260922,1,1,0,3,12,12,3,12,12,4,0,17,17,5,3294,4369,3294,4369
2125,20260922,0,0,0,NA,NA,4,NA,NA,4,0,0,17,17,13,0,0,0,0
2126,20260922,1,1,0,1,6,6,1,6,6,4,0,17,17,11,2052,5185,0,17476
2127,20260922,1,1,0,1,4,4,1,4,4,4,0,17,17,13,2124,4369,0,4369
2128,20260922,0,0,0,4,NA,8,4,NA,8,1,0,17,17,9,5,6,0,0
2129,20260922,1,1,0,2,6,6,2,6,6,4,0,17,17,11,72,4369,0,4369
2130,20260922,1,1,0,1,4,4,1,4,4,4,0,17,17,13,2124,12563,0,4369
2131,20260922,1,1,0,1,4,4,1,4,4,4,0,17,17,13,2124,4369,0,4369
2132,20260922,0,0,0,4,NA,8,4,NA,8,1,0,17,17,9,5,7,0,0
2133,20260922,1,1,0,1,6,6,1,6,6,4,0,17,17,11,2052,5185,0,17476
2134,20260922,1,1,0,2,6,6,2,6,6,4,0,17,17,11,72,4369,0,4369
2135,20260922,1,1,0,1,4,4,1,4,4,4,0,17,17,13,2124,4369,0,4369
2136,20260922,1,1,0,1,4,4,1,4,4,4,0,17,17,13,2124,4369,0,4369
2137,20260922,0,0,0,3,NA,7,3,NA,7,1,0,17,17,10,6,1,0,0
2138,20260922,0,0,0,NA,NA,4,NA,NA,4,0,0,17,17,13,0,0,0,0
2139,20260922,0,0,0,NA,NA,4,NA,NA,4,0,0,17,17,13,0,0,0,0
2140,20260922,1,1,0,1,4,4,1,4,4,4,0,17,17,13,2124,4369,0,4369
2141,20260922,1,1,0,2,8,8,2,8,8,4,0,17,17,9,0,17476,0,17476
2142,20260922,0,0,0,NA,NA,4,NA,NA,4,0,0,17,17,13,0,0,0,0
2143,20260922,0,0,0,NA,NA,4,NA,NA,4,0,0,17,17,13,0,0,0,0
2144,20260922,1,1,0,2,6,6,2,6,6,4,0,17,17,11,72,4369,0,4369
2145,20260922,1,1,0,1,4,4,1,4,4,4,0,17,17,13,2124,4369,0,4369
2146,20260922,0,0,0,NA,NA,4,NA,NA,4,0,0,17,17,13,0,0,0,0
2147,20260922,1,1,0,1,4,4,1,4,4,4,0,17,17,13,2124,4369,0,4369
2148,20260922,0,0,0,NA,NA,4,NA,NA,4,0,0,17,17,13,0,0,0,0
2149,20260922,0,0,0,NA,NA,4,NA,NA,4,0,0,17,17,13,0,0,0,0
2150,20260922,1,1,0,2,8,8,2,8,8,4,0,17,17,9,0,17476,0,17476
2151,20260922,0,0,0,NA,NA,4,NA,NA,4,0,0,17,17,13,0,0,0,0
2152,20260922,0,0,0,3,NA,7,3,NA,7,1,0,17,17,10,6,1,0,0
2153,20260922,0,0,0,4,NA,8,4,NA,8,1,0,17,17,9,5,4,0,0
2154,20260922,1,1,0,1,4,4,1,4,4,4,0,17,17,13,2124,4369,0,4369
2155,20260922,0,0,0,3,NA,7,3,NA,7,1,0,17,17,10,6,3,0,0
2156,20260922,1,1,0,1,6,6,1,6,6,4,0,17,17,11,2052,5185,0,17476
2157,20260922,1,1,0,2,8,8,2,8,8,4,0,17,17,9,0,8738,0,8738
2158,20260922,0,0,0,3,NA,7,3,NA,7,1,0,17,17,10,6,1,0,0
2159,20260922,0,0,0,NA,NA,4,NA,NA,4,0,0,17,17,13,0,0,0,0
2160,20260922,0,0,0,4,NA,8,4,NA,8,1,0,17,17,9,5,10,0,0
2161,20260922,0,0,0,NA,NA,4,NA,NA,4,0,0,17,17,13,0,0,0,0
2162,20260922,0,0,0,NA,NA,4,NA,NA,4,0,0,17,17,13,0,0,0,0
2163,20260922,0,0,0,NA,NA,4,NA,NA,4,0,0,17,17,13,0,0,0,0
2164,20260922,0,0,0,NA,NA,4,NA,NA,4,0,0,17,17,13,0,0,0,0
2165,20260922,0,0,0,NA,NA,4,NA,NA,4,0,0,17,17,13,0,0,0,0
2166,20260922,0,0,0,NA,NA,4,NA,NA,4,0,0,17,17,13,0,0,0,0
2167,20260922,0,0,0,NA,NA,4,NA,NA,4,0,0,17,17,13,0,0,0,0
2168,20260922,0,0,0,4,NA,8,4,NA,8,1,0,17,17,9,5,7,0,0
2169,20260922,1,1,0,1,4,4,1,4,4,4,0,17,17,13,2124,4369,0,4369
2170,20260922,0,0,0,4,NA,8,4,NA,8,1,0,17,17,9,5,4,0,0
2171,20260922,1,1,0,1,4,4,1,4,4,4,0,17,17,13,2124,4369,0,4369
2172,20260922,1,1,0,1,6,6,1,6,6,4,0,17,17,11,2052,13107,0,13107
2173,20260922,0,0,0,NA,NA,4,NA,NA,4,0,0,17,17,13,0,0,0,0
2174,20260922,0,0,0,NA,NA,4,NA,NA,4,0,0,17,17,13,0,0,0,0
2175,20260922,0,0,0,NA,NA,4,NA,NA,4,0,0,17,17,13,0,0,0,0
2176,20260922,0,0,0,3,NA,7,3,NA,7,1,0,17,17,10,6,1,0,0
2177,20260922,0,0,0,3,NA,7,3,NA,7,1,0,17,17,10,6,1,0,0
2178,20260922,0,0,0,4,NA,8,4,NA,8,1,0,17,17,9,5,6,0,0
2179,20260922,0,0,0,NA,NA,4,NA,NA,4,0,0,17,17,13,0,0,0,0
2180,20260922,1,1,0,1,6,6,1,6,6,4,0,17,17,11,2052,5729,0,26214
2181,20260922,1,1,0,3,12,12,3,12,12,4,0,17,17,5,3294,4369,3294,4369
2182,20260922,0,0,0,3,NA,7,3,NA,7,1,0,17,17,10,6,1,0,0
2183,20260922,0,0,0,NA,NA,4,NA,NA,4,0,0,17,17,13,0,0,0,0
2184,20260922,1,1,0,1,4,4,1,4,4,4,0,17,17,13,2124,4369,0,4369
2185,20260922,1,1,0,1,4,4,1,4,4,4,0,17,17,13,2124,4369,0,4369
2186,20260922,1,1,0,1,4,4,1,4,4,4,0,17,17,13,2124,4369,0,4369
2187,20260922,1,1,0,1,4,4,1,4,4,4,0,17,17,13,2124,4369,0,4369
2188,20260922,1,1,0,1,4,4,1,4,4,4,0,17,17,13,2124,4369,0,4369
2189,20260922,1,1,0,1,4,4,1,4,4,4,0,17,17,13,2124,4369,0,4369
2190,20260922,1,1,0,1,4,4,1,4,4,4,0,17,17,13,2124,4369,0,4369
2191,20260922,1,1,0,2,6,6,2,6,6,4,0,17,17,11,72,4369,0,4369
2192,20260922,0,0,0,NA,NA,4,NA,NA,4,0,0,17,17,13,0,0,0,0
2193,20260922,0,0,0,NA,NA,4,NA,NA,4,0,0,17,17,13,0,0,0,0
2194,20260922,0,0,0,NA,NA,4,NA,NA,4,0,0,17,17,13,0,0,0,0
2195,20260922,1,1,0,1,4,4,1,4,4,4,0,17,17,13,2124,4369,0,4369
2196,20260922,0,0,0,NA,NA,4,NA,NA,4,0,0,17,17,13,0,0,0,0
2197,20260922,0,0,0,4,NA,8,4,NA,8,1,0,17,17,9,5,2,0,0
2198,20260922,1,1,0,1,4,4,1,4,4,4,0,17,17,13,2124,4369,0,4369
2199,20260922,0,0,0,NA,NA,4,NA,NA,4,0,0,17,17,13,0,0,0,0
2200,20260922,0,0,0,NA,NA,4,NA,NA,4,0,0,17,17,13,0,0,0,0
2201,20260922,1,1,0,1,4,4,1,4,4,4,0,17,17,13,2124,4369,0,4369
2202,20260922,1,1,0,3,12,12,3,12,12,4,0,17,17,5,3294,4369,3294,4369
2203,20260922,1,1,0,4,10,10,4,10,10,4,0,17,17,7,2637,16660,2637,16660
2204,20260922,0,0,0,NA,NA,4,NA,NA,4,0,0,17,17,13,0,0,0,0
2205,20260922,1,1,0,1,4,4,1,4,4,4,0,17,17,13,2124,4369,0,4369
2206,20260922,1,1,0,1,4,4,1,4,4,4,0,17,17,13,2124,9010,0,17476
2207,20260922,0,0,0,NA,NA,4,NA,NA,4,0,0,17,17,13,0,0,0,0
2208,20260922,1,1,0,2,6,6,2,6,6,4,0,17,17,11,72,4369,0,4369
2209,20260922,0,0,0,NA,NA,4,NA,NA,4,0,0,17,17,13,0,0,0,0
2210,20260922,0,0,0,NA,NA,4,NA,NA,4,0,0,17,17,13,0,0,0,0
2211,20260922,1,1,0,1,4,4,1,4,4,4,0,17,17,13,2124,4369,0,4369
2212,20260922,0,0,0,NA,NA,4,NA,NA,4,0,0,17,17,13,0,0,0,0
2213,20260922,1,1,0,3,12,12,3,12,12,4,0,17,17,5,3294,4369,3294,4369
2214,20260922,0,0,0,NA,NA,4,NA,NA,4,0,0,17,17,13,0,0,0,0
2215,20260922,0,0,0,NA,NA,4,NA,NA,4,0,0,17,17,13,0,0,0,0
2216,20260922,0,0,0,3,NA,7,3,NA,7,1,0,17,17,10,6,1,0,0
2217,20260922,1,1,0,1,4,4,1,4,4,4,0,17,17,13,2124,4369,0,4369
2218,20260922,1,1,0,1,4,4,1,4,4,4,0,17,17,13,2124,12563,0,4369
2219,20260922,0,0,0,4,NA,8,4,NA,8,1,0,17,17,9,5,1,0,0
2220,20260922,0,0,0,3,NA,7,3,NA,7,1,0,17,17,10,6,1,0,0
2221,20260922,1,1,0,1,4,4,1,4,4,4,0,17,17,13,2124,4369,0,4369
2222,20260922,0,0,0,NA,NA,4,NA,NA,4,0,0,17,17,13,0,0,0,0
2223,20260922,0,0,0,NA,NA,4,NA,NA,4,0,0,17,17,13,0,0,0,0
2224,20260922,0,0,0,NA,NA,4,NA,NA,4,0,0,17,17,13,0,0,0,0
2225,20260922,0,0,0,NA,NA,4,NA,NA,4,0,0,17,17,13,0,0,0,0
2226,20260922,1,1,0,1,4,4,1,4,4,4,0,17,17,13,2124,4369,0,4369
2227,20260922,0,0,0,NA,NA,4,NA,NA,4,0,0,17,17,13,0,0,0,0
2228,20260922,1,1,0,1,4,4,1,4,4,4,0,17,17,13,2124,4369,0,4369
2229,20260922,0,0,0,3,NA,7,3,NA,7,1,0,17,17,10,6,1,0,0
2230,20260922,0,0,0,NA,NA,4,NA,NA,4,0,0,17,17,13,0,0,0,0
2231,20260922,1,1,0,1,4,4,1,4,4,4,0,17,17,13,2124,4913,0,26214
2232,20260922,1,1,0,1,4,4,1,4,4,4,0,17,17,13,2124,4369,0,4369
2233,20260922,0,0,0,NA,NA,4,NA,NA,4,0,0,17,17,13,0,0,0,0
2234,20260922,0,0,0,NA,NA,4,NA,NA,4,0,0,17,17,13,0,0,0,0
2235,20260922,1,1,0,1,4,4,1,4,4,4,0,17,17,13,2124,4369,0,4369
2236,20260922,0,0,0,4,NA,11,4,NA,11,2,0,17,17,6,29,56,0,0
2237,20260922,0,0,0,3,NA,7,3,NA,7,1,0,17,17,10,6,1,0,0
2238,20260922,1,1,0,1,4,4,1,4,4,4,0,17,17,13,2124,4369,0,4369
2239,20260922,0,0,0,NA,NA,4,NA,NA,4,0,0,17,17,13,0,0,0,0
2240,20260922,0,0,0,NA,NA,4,NA,NA,4,0,0,17,17,13,0,0,0,0
2241,20260922,0,0,0,NA,NA,4,NA,NA,4,0,0,17,17,13,0,0,0,0
2242,20260922,0,0,0,NA,NA,4,NA,NA,4,0,0,17,17,13,0,0,0,0
2243,20260922,1,1,0,2,8,8,2,8,8,4,0,17,17,9,0,13107,0,13107
2244,20260922,0,0,0,3,NA,7,3,NA,7,1,0,17,17,10,6,1,0,0
2245,20260922,1,1,0,1,4,4,1,4,4,4,0,17,17,13,2124,4369,0,4369
2246,20260922,0,0,0,NA,NA,4,NA,NA,4,0,0,17,17,13,0,0,0,0
2247,20260922,0,0,0,NA,NA,4,NA,NA,4,0,0,17,17,13,0,0,0,0
2248,20260922,1,1,0,1,4,4,1,4,4,4,0,17,17,13,2124,12563,0,4369
2249,20260922,1,1,0,1,4,4,1,4,4,4,0,17,17,13,2124,4369,0,4369
2250,20260922,0,0,0,NA,NA,4,NA,NA,4,0,0,17,17,13,0,0,0,0
2251,20260922,1,1,0,1,4,4,1,4,4,4,0,17,17,13,2124,4369,0,4369
2252,20260922,0,0,0,NA,NA,4,NA,NA,4,0,0,17,17,13,0,0,0,0
2253,20260922,1,1,0,1,4,4,1,4,4,4,0,17,17,13,2124,12563,0,4369
2254,20260922,1,1,0,2,8,8,2,8,8,4,0,17,17,9,0,13107,0,13107
2255,20260922,1,1,0,2,6,6,2,6,6,4,0,17,17,11,72,4369,0,4369
2256,20260922,1,1,0,1,4,4,1,4,4,4,0,17,17,13,2124,4369,0,4369
2257,20260922,1,1,0,2,8,8,2,8,8,4,0,17,17,9,0,26214,0,26214
2258,20260922,1,1,0,1,4,4,1,4,4,4,0,17,17,13,2124,9010,0,21845
2259,20260922,0,0,0,NA,NA,4,NA,NA,4,0,0,17,17,13,0,0,0,0
2260,20260922,0,0,0,NA,NA,4,NA,NA,4,0,0,17,17,13,0,0,0,0
2261,20260922,1,1,0,1,4,4,1,4,4,4,0,17,17,13,2124,4369,0,4369
2262,20260922,0,0,0,NA,NA,4,NA,NA,4,0,0,17,17,13,0,0,0,0
2263,20260922,0,0,0,4,NA,8,4,NA,8,1,0,17,17,9,5,2,0,0
2264,20260922,1,1,0,1,4,4,1,4,4,4,0,17,17,13,2124,4369,0,4369
2265,20260922,1,1,0,2,6,6,2,6,6,4,0,17,17,11,72,4369,0,4369
2266,20260922,0,0,0,3,NA,7,3,NA,7,1,0,17,17,10,6,1,0,0
2267,20260922,1,1,0,1,4,4,1,4,4,4,0,17,17,13,2124,4369,0,4369
2268,20260922,0,0,0,NA,NA,4,NA,NA,4,0,0,17,17,13,0,0,0,0
2269,20260922,1,1,0,2,8,8,2,8,8,4,0,17,17,9,0,21845,0,21845
2270,20260922,1,1,0,1,4,4,1,4,4,4,0,17,17,13,2124,4369,0,4369
2271,20260922,0,0,0,3,NA,7,3,NA,7,1,0,17,17,10,6,1,0,0
2272,20260922,0,0,0,3,NA,7,3,NA,7,1,0,17,17,10,6,1,0,0
2273,20260922,0,0,0,4,NA,11,4,NA,11,2,0,17,17,6,29,33,0,0
2274,20260922,1,1,0,1,4,4,1,4,4,4,0,17,17,13,2124,4369,0,4369
2275,20260922,1,1,0,1,4,4,1,4,4,4,0,17,17,13,2124,4369,0,4369
2276,20260922,1,1,0,2,6,6,2,6,6,4,0,17,17,11,72,4369,0,4369
2277,20260922,1,1,0,1,4,4,1,4,4,4,0,17,17,13,2124,4369,0,4369
2278,20260922,1,1,0,1,4,4,1,4,4,4,0,17,17,13,2124,4369,0,4369
2279,20260922,0,0,0,NA,NA,4,NA,NA,4,0,0,17,17,13,0,0,0,0
2280,20260922,1,1,0,1,4,4,1,4,4,4,0,17,17,13,2124,4369,0,4369
2281,20260922,0,0,0,NA,NA,4,NA,NA,4,0,0,17,17,13,0,0,0,0
2282,20260922,0,0,0,NA,NA,4,NA,NA,4,0,0,17,17,13,0,0,0,0
2283,20260922,0,0,0,NA,NA,4,NA,NA,4,0,0,17,17,13,0,0,0,0
2284,20260922,1,1,0,1,4,4,1,4,4,4,0,17,17,13,2124,4369,0,4369
2285,20260922,1,1,0,1,4,4,1,4,4,4,0,17,17,13,2124,12563,0,4369
2286,20260922,0,0,0,NA,NA,4,NA,NA,4,0,0,17,17,13,0,0,0,0
2287,20260922,1,1,0,2,6,6,2,6,6,4,0,17,17,11,72,4369,0,4369
2288,20260922,1,1,0,3,12,12,3,12,12,4,0,17,17,5,3294,4369,3294,4369
2289,20260922,1,1,0,1,4,4,1,4,4,4,0,17,17,13,2124,4369,0,4369
2290,20260922,1,1,0,3,12,12,3,12,12,4,0,17,17,5,3294,9010,3294,9010
2291,20260922,0,0,0,NA,NA,4,NA,NA,4,0,0,17,17,13,0,0,0,0
2292,20260922,0,0,0,NA,NA,4,NA,NA,4,0,0,17,17,13,0,0,0,0
2293,20260922,1,1,0,2,6,6,2,6,6,4,0,17,17,11,72,4369,0,4369
2294,20260922,0,0,0,3,NA,7,3,NA,7,1,0,17,17,10,6,1,0,0
2295,20260922,0,0,0,NA,NA,4,NA,NA,4,0,0,17,17,13,0,0,0,0
2296,20260922,1,1,0,1,4,4,1,4,4,4,0,17,17,13,2124,4369,0,4369
2297,20260922,1,1,0,2,8,8,2,8,8,4,0,17,17,9,0,17476,0,17476
2298,20260922,1,1,0,1,4,4,1,4,4,4,0,17,17,13,2124,4369,0,4369
2299,20260922,1,1,0,2,6,6,2,6,6,4,0,17,17,11,72,4369,0,4369
2300,20260922,1,1,0,1,4,4,1,4,4,4,0,17,17,13,2124,4913,0,17476
2301,20260922,1,1,0,2,8,8,2,8,8,4,0,17,17,9,0,21845,0,21845
2302,20260922,1,1,0,3,12,12,3,12,12,4,0,17,17,5,3294,4369,3294,4369
2303,20260922,1,1,0,3,12,12,3,12,12,4,0,17,17,5,3294,4369,3294,4369
2304,20260922,1,1,0,1,6,6,1,6,6,4,0,17,17,11,2052,5729,0,26214
2305,20260922,0,0,0,NA,NA,4,NA,NA,4,0,0,17,17,13,0,0,0,0
2306,20260922,0,0,0,4,NA,8,4,NA,8,1,0,17,17,9,5,2,0,0
2307,20260922,0,0,0,NA,NA,4,NA,NA,4,0,0,17,17,13,0,0,0,0
2308,20260922,1,1,0,1,4,4,1,4,4,4,0,17,17,13,2124,4369,0,4369
2309,20260922,1,1,0,2,6,6,2,6,6,4,0,17,17,11,72,4369,0,4369
2310,20260922,1,1,0,2,8,8,2,8,8,4,0,17,17,9,0,4369,0,4369
2311,20260922,0,0,0,NA,NA,4,NA,NA,4,0,0,17,17,13,0,0,0,0
2312,20260922,0,0,0,4,NA,8,4,NA,8,1,0,17,17,9,5,7,0,0
2313,20260922,0,0,0,NA,NA,4,NA,NA,4,0,0,17,17,13,0,0,0,0
2314,20260922,1,1,0,1,4,4,1,4,4,4,0,17,17,13,2124,4369,0,4369
2315,20260922,1,1,0,1,4,4,1,4,4,4,0,17,17,13,2124,4369,0,4369
2316,20260922,1,1,0,1,6,6,1,6,6,4,0,17,17,11,2052,5185,0,17476
2317,20260922,0,0,0,4,NA,8,4,NA,8,1,0,17,17,9,5,9,0,0
2318,20260922,1,1,0,1,6,6,1,6,6,4,0,17,17,11,2052,5729,0,26214
2319,20260922,0,0,0,NA,NA,4,NA,NA,4,0,0,17,17,13,0,0,0,0
2320,20260922,0,0,0,NA,NA,4,NA,NA,4,0,0,17,17,13,0,0,0,0
2321,20260922,0,0,0,NA,NA,4,NA,NA,4,0,0,17,17,13,0,0,0,0
2322,20260922,1,1,0,2,6,6,2,6,6,4,0,17,17,11,72,4369,0,4369
2323,20260922,0,0,0,4,NA,8,4,NA,8,1,0,17,17,9,5,8,0,0
2324,20260922,1,1,0,1,4,4,1,4,4,4,0,17,17,13,2124,4369,0,4369
2325,20260922,1,1,0,3,12,12,3,12,12,4,0,17,17,5,3294,4369,3294,4369
2326,20260922,0,0,0,3,NA,7,3,NA,7,1,0,17,17,10,6,1,0,0
2327,20260922,0,0,0,NA,NA,4,NA,NA,4,0,0,17,17,13,0,0,0,0
2328,20260922,1,1,0,2,6,6,2,6,6,4,0,17,17,11,72,4369,0,4369
2329,20260922,1,1,0,1,4,4,1,4,4,4,0,17,17,13,2124,4369,0,4369
2330,20260922,0,0,0,NA,NA,4,NA,NA,4,0,0,17,17,13,0,0,0,0
2331,20260922,1,1,0,1,6,6,1,6,6,4,0,17,17,11,2052,5729,0,26214
2332,20260922,1,1,0,2,8,8,2,8,8,4,0,17,17,9,0,8738,0,8738
2333,20260922,0,0,0,NA,NA,4,NA,NA,4,0,0,17,17,13,0,0,0,0
2334,20260922,0,0,0,NA,NA,4,NA,NA,4,0,0,17,17,13,0,0,0,0
2335,20260922,1,1,0,1,4,4,1,4,4,4,0,17,17,13,2124,4369,0,4369
2336,20260922,1,1,0,1,4,4,1,4,4,4,0,17,17,13,2124,4369,0,4369
2337,20260922,0,0,0,NA,NA,4,NA,NA,4,0,0,17,17,13,0,0,0,0
2338,20260922,1,1,0,1,4,4,1,4,4,4,0,17,17,13,2124,4369,0,4369
2339,20260922,1,1,0,1,4,4,1,4,4,4,0,17,17,13,2124,4641,0,8738
2340,20260922,1,1,0,2,8,8,2,8,8,4,0,17,17,9,0,17476,0,17476
2341,20260922,0,0,0,NA,NA,4,NA,NA,4,0,0,17,17,13,0,0,0,0
2342,20260922,1,1,0,1,4,4,1,4,4,4,0,17,17,13,2124,4913,0,17476
2343,20260922,0,0,0,3,NA,7,3,NA,7,1,0,17,17,10,6,1,0,0
2344,20260922,0,0,0,NA,NA,4,NA,NA,4,0,0,17,17,13,0,0,0,0
2345,20260922,0,0,0,NA,NA,4,NA,NA,4,0,0,17,17,13,0,0,0,0
2346,20260922,0,0,0,NA,NA,4,NA,NA,4,0,0,17,17,13,0,0,0,0
2347,20260922,0,0,0,NA,NA,4,NA,NA,4,0,0,17,17,13,0,0,0,0
2348,20260922,1,1,0,3,12,12,3,12,12,4,0,17,17,5,3294,9282,3294,9282
2349,20260922,0,0,0,NA,NA,4,NA,NA,4,0,0,17,17,13,0,0,0,0
2350,20260922,0,0,0,3,NA,7,3,NA,7,1,0,17,17,10,6,1,0,0
2351,20260922,1,1,0,1,4,4,1,4,4,4,0,17,17,13,2124,4369,0,4369
2352,20260922,1,1,0,2,8,8,2,8,8,4,0,17,17,9,0,8738,0,8738
2353,20260922,1,1,0,1,6,6,1,6,6,4,0,17,17,11,2052,5729,0,26214
2354,20260922,0,0,0,NA,NA,4,NA,NA,4,0,0,17,17,13,0,0,0,0
2355,20260922,0,0,0,NA,NA,4,NA,NA,4,0,0,17,17,13,0,0,0,0
2356,20260922,1,1,0,1,4,4,1,4,4,4,0,17,17,13,2124,4913,0,17476
2357,20260922,0,0,0,NA,NA,4,NA,NA,4,0,0,17,17,13,0,0,0,0
2358,20260922,1,1,0,1,4,4,1,4,4,4,0,17,17,13,2124,4369,0,4369
2359,20260922,1,1,0,1,6,6,1,6,6,4,0,17,17,11,2052,5729,0,26214
2360,20260922,0,0,0,NA,NA,4,NA,NA,4,0,0,17,17,13,0,0,0,0
2361,20260922,0,0,0,NA,NA,4,NA,NA,4,0,0,17,17,13,0,0,0,0
2362,20260922,0,0,0,NA,NA,4,NA,NA,4,0,0,17,17,13,0,0,0,0
2363,20260922,0,0,0,NA,NA,4,NA,NA,4,0,0,17,17,13,0,0,0,0
2364,20260922,1,1,0,1,4,4,1,4,4,4,0,17,17,13,2124,4369,0,4369
2365,20260922,0,0,0,NA,NA,4,NA,NA,4,0,0,17,17,13,0,0,0,0
2366,20260922,1,1,0,2,8,8,2,8,8,4,0,17,17,9,0,8738,0,8738
2367,20260922,0,0,0,NA,NA,4,NA,NA,4,0,0,17,17,13,0,0,0,0
2368,20260922,0,0,0,NA,NA,4,NA,NA,4,0,0,17,17,13,0,0,0,0
2369,20260922,1,1,0,2,6,6,2,6,6,4,0,17,17,11,72,4369,0,4369
2370,20260922,0,0,0,NA,NA,4,NA,NA,4,0,0,17,17,13,0,0,0,0
2371,20260922,1,1,0,1,4,4,1,4,4,4,0,17,17,13,2124,12563,0,4369
2372,20260922,0,0,0,NA,NA,4,NA,NA,4,0,0,17,17,13,0,0,0,0
2373,20260922,1,1,0,1,4,4,1,4,4,4,0,17,17,13,2124,12563,0,4369
2374,20260922,1,1,0,1,4,4,1,4,4,4,0,17,17,13,2124,4369,0,4369
2375,20260922,1,1,0,2,6,6,2,6,6,4,0,17,17,11,72,4369,0,4369
2376,20260922,0,0,0,3,NA,7,3,NA,7,1,0,17,17,10,6,1,0,0
2377,20260922,0,0,0,NA,NA,4,NA,NA,4,0,0,17,17,13,0,0,0,0
2378,20260922,0,0,0,NA,NA,4,NA,NA,4,0,0,17,17,13,0,0,0,0
2379,20260922,0,0,0,4,NA,8,4,NA,8,1,0,17,17,9,5,8,0,0
2380,20260922,0,0,0,3,NA,7,3,NA,7,1,0,17,17,10,6,1,0,0
2381,20260922,1,1,0,2,6,6,2,6,6,4,0,17,17,11,72,4369,0,4369
2382,20260922,0,0,0,NA,NA,4,NA,NA,4,0,0,17,17,13,0,0,0,0
2383,20260922,0,0,0,NA,NA,4,NA,NA,4,0,0,17,17,13,0,0,0,0
2384,20260922,1,1,0,1,4,4,1,4,4,4,0,17,17,13,2124,4369,0,4369
2385,20260922,1,1,0,1,6,6,1,6,6,4,0,17,17,11,2052,5729,0,26214
2386,20260922,0,0,0,NA,NA,4,NA,NA,4,0,0,17,17,13,0,0,0,0
2387,20260922,0,0,0,4,NA,8,4,NA,8,1,0,17,17,9,5,2,0,0
2388,20260922,1,1,0,1,4,4,1,4,4,4,0,17,17,13,2124,8466,2124,8466
2389,20260922,1,1,0,1,4,4,1,4,4,4,0,17,17,13,2124,4369,0,4369
2390,20260922,0,0,0,NA,NA,4,NA,NA,4,0,0,17,17,13,0,0,0,0
2391,20260922,1,1,0,1,4,4,1,4,4,4,0,17,17,13,2124,12563,0,4369
2392,20260922,0,0,0,NA,NA,4,NA,NA,4,0,0,17,17,13,0,0,0,0
2393,20260922,1,1,0,1,4,4,1,4,4,4,0,17,17,13,2124,4369,0,4369
2394,20260922,1,1,0,2,6,6,2,6,6,4,0,17,17,11,72,4369,0,4369
2395,20260922,0,0,0,NA,NA,4,NA,NA,4,0,0,17,17,13,0,0,0,0
2396,20260922,0,0,0,NA,NA,4,NA,NA,4,0,0,17,17,13,0,0,0,0
2397,20260922,0,0,0,NA,NA,4,NA,NA,4,0,0,17,17,13,0,0,0,0
2398,20260922,1,1,0,2,6,6,2,6,6,4,0,17,17,11,72,4369,0,4369
2399,20260922,0,0,0,NA,NA,4,NA,NA,4,0,0,17,17,13,0,0,0,0
2400,20260922,0,0,0,4,NA,8,4,NA,8,1,0,17,17,9,5,7,0,0
2401,20260922,1,1,0,1,6,6,1,6,6,4,0,17,17,11,2052,5185,0,17476
2402,20260922,0,0,0,NA,NA,4,NA,NA,4,0,0,17,17,13,0,0,0,0
2403,20260922,0,0,0,3,NA,7,3,NA,7,1,0,17,17,10,6,1,0,0
2404,20260922,1,1,0,1,4,4,1,4,4,4,0,17,17,13,2124,4369,0,4369
2405,20260922,1,1,0,1,4,4,1,4,4,4,0,17,17,13,2124,8466,0,4369
2406,20260922,0,0,0,NA,NA,4,NA,NA,4,0,0,17,17,13,0,0,0,0
2407,20260922,0,0,0,NA,NA,4,NA,NA,4,0,0,17,17,13,0,0,0,0
2408,20260922,1,1,0,1,4,4,1,4,4,4,0,17,17,13,2124,4369,0,4369
2409,20260922,1,1,0,3,12,12,3,12,12,4,0,17,17,5,3294,4369,3294,4369
2410,20260922,1,1,0,1,6,6,1,6,6,4,0,17,17,11,2052,5729,0,26214
2411,20260922,1,1,0,3,12,12,3,12,12,4,0,17,17,5,3294,4369,3294,4369
2412,20260922,0,0,0,3,NA,7,3,NA,7,1,0,17,17,10,6,1,0,0
2413,20260922,1,1,0,1,6,6,1,6,6,4,0,17,17,11,2052,5185,0,17476
2414,20260922,0,0,0,NA,NA,4,NA,NA,4,0,0,17,17,13,0,0,0,0
2415,20260922,1,1,0,1,6,6,1,6,6,4,0,17,17,11,2052,9554,0,21845
2416,20260922,0,0,0,4,NA,8,4,NA,8,1,0,17,17,9,5,1,0,0
2417,20260922,0,0,0,NA,NA,4,NA,NA,4,0,0,17,17,13,0,0,0,0
2418,20260922,1,1,0,1,4,4,1,4,4,4,0,17,17,13,2124,4369,0,4369
2419,20260922,0,0,0,NA,NA,4,NA,NA,4,0,0,17,17,13,0,0,0,0
2420,20260922,1,1,0,3,12,12,3,12,12,4,0,17,17,5,3294,4369,3294,4369
2421,20260922,1,1,0,1,4,4,1,4,4,4,0,17,17,13,2124,4369,0,4369
2422,20260922,0,0,0,NA,NA,4,NA,NA,4,0,0,17,17,13,0,0,0,0
2423,20260922,0,0,0,3,NA,7,3,NA,7,1,0,17,17,10,6,1,0,0
2424,20260922,0,0,0,NA,NA,4,NA,NA,4,0,0,17,17,13,0,0,0,0
2425,20260922,1,1,0,1,4,4,1,4,4,4,0,17,17,13,2124,4369,0,4369
2426,20260922,1,1,0,1,4,4,1,4,4,4,0,17,17,13,2124,4369,0,4369
2427,20260922,1,1,0,1,4,4,1,4,4,4,0,17,17,13,2124,12563,0,4369
2428,20260922,1,1,0,1,4,4,1,4,4,4,0,17,17,13,2124,4369,0,4369
2429,20260922,0,0,0,NA,NA,4,NA,NA,4,0,0,17,17,13,0,0,0,0
2430,20260922,1,1,0,1,4,4,1,4,4,4,0,17,17,13,2124,4369,0,4369
2431,20260922,0,0,0,4,NA,11,4,NA,11,2,0,17,17,6,29,18,0,0
2432,20260922,0,0,0,NA,NA,4,NA,NA,4,0,0,17,17,13,0,0,0,0
2433,20260922,0,0,0,3,NA,7,3,NA,7,1,0,17,17,10,6,4,0,0
2434,20260922,0,0,0,NA,NA,4,NA,NA,4,0,0,17,17,13,0,0,0,0
2435,20260922,1,1,0,1,4,4,1,4,4,4,0,17,17,13,2124,4369,0,4369
2436,20260922,0,0,0,NA,NA,4,NA,NA,4,0,0,17,17,13,0,0,0,0
2437,20260922,1,1,0,1,4,4,1,4,4,4,0,17,17,13,2124,4369,0,4369
2438,20260922,1,1,0,1,4,4,1,4,4,4,0,17,17,13,2124,4369,0,4369
2439,20260922,0,0,0,1,NA,5,1,NA,5,1,0,17,17,12,4,3,0,0
2440,20260922,1,1,0,1,6,6,1,6,6,4,0,17,17,11,2052,5185,0,17476
2441,20260922,1,1,0,1,6,6,1,6,6,4,0,17,17,11,2052,5729,0,26214
2442,20260922,1,1,0,1,4,4,1,4,4,4,0,17,17,13,2124,4369,0,4369
2443,20260922,1,1,0,1,4,4,1,4,4,4,0,17,17,13,2124,4369,0,4369
2444,20260922,0,0,0,NA,NA,4,NA,NA,4,0,0,17,17,13,0,0,0,0
2445,20260922,1,1,0,1,4,4,1,4,4,4,0,17,17,13,2124,4369,0,4369
2446,20260922,0,0,0,4,NA,8,4,NA,8,1,0,17,17,9,5,8,0,0
2447,20260922,0,0,0,NA,NA,4,NA,NA,4,0,0,17,17,13,0,0,0,0
2448,20260922,0,0,0,NA,NA,4,NA,NA,4,0,0,17,17,13,0,0,0,0
2449,20260922,1,1,0,2,6,6,2,6,6,4,0,17,17,11,72,4369,0,4369
2450,20260922,0,0,0,NA,NA,4,NA,NA,4,0,0,17,17,13,0,0,0,0
2451,20260922,0,0,0,3,NA,7,3,NA,7,1,0,17,17,10,6,1,0,0
2452,20260922,0,0,0,3,NA,7,3,NA,7,1,0,17,17,10,6,1,0,0
2453,20260922,1,1,0,1,4,4,1,4,4,4,0,17,17,13,2124,4369,0,4369
2454,20260922,1,1,0,1,4,4,1,4,4,4,0,17,17,13,2124,4641,0,8738
2455,20260922,1,1,0,2,6,6,2,6,6,4,0,17,17,11,72,4369,0,4369
2456,20260922,1,1,0,1,4,4,1,4,4,4,0,17,17,13,2124,4369,0,4369
2457,20260922,0,0,0,4,NA,11,4,NA,11,2,0,17,17,6,29,25,0,0
2458,20260922,1,1,0,2,6,6,2,6,6,4,0,17,17,11,72,4369,0,4369
2459,20260922,1,1,0,1,6,6,1,6,6,4,0,17,17,11,2052,5185,0,17476
2460,20260922,0,0,0,NA,NA,4,NA,NA,4,0,0,17,17,13,0,0,0,0
2461,20260922,1,1,0,1,4,4,1,4,4,4,0,17,17,13,2124,4369,0,4369
2462,20260922,1,1,0,1,4,4,1,4,4,4,0,17,17,13,2124,4369,0,4369
2463,20260922,0,0,0,4,NA,8,4,NA,8,1,0,17,17,9,5,7,0,0
2464,20260922,0,0,0,NA,NA,4,NA,NA,4,0,0,17,17,13,0,0,0,0
2465,20260922,0,0,0,NA,NA,4,NA,NA,4,0,0,17,17,13,0,0,0,0
2466,20260922,0,0,0,NA,NA,4,NA,NA,4,0,0,17,17,13,0,0,0,0
2467,20260922,0,0,0,NA,NA,4,NA,NA,4,0,0,17,17,13,0,0,0,0
2468,20260922,0,0,0,NA,NA,4,NA,NA,4,0,0,17,17,13,0,0,0,0
2469,20260922,0,0,0,NA,NA,4,NA,NA,4,0,0,17,17,13,0,0,0,0
2470,20260922,1,1,0,1,4,4,1,4,4,4,0,17,17,13,2124,4369,0,4369
2471,20260922,1,1,0,3,12,12,3,12,12,4,0,17,17,5,3294,4369,3294,4369
2472,20260922,1,1,0,3,12,12,3,12,12,4,0,17,17,5,3294,16932,3294,16932
2473,20260922,1,1,0,2,6,6,2,6,6,4,0,17,17,11,72,4369,0,4369
2474,20260922,0,0,0,NA,NA,4,NA,NA,4,0,0,17,17,13,0,0,0,0
2475,20260922,1,1,0,1,4,4,1,4,4,4,0,17,17,13,2124,4369,0,4369
2476,20260922,0,0,0,NA,NA,4,NA,NA,4,0,0,17,17,13,0,0,0,0
2477,20260922,0,0,0,NA,NA,4,NA,NA,4,0,0,17,17,13,0,0,0,0
2478,20260922,1,1,0,2,8,8,2,8,8,4,0,17,17,9,0,26214,0,26214
2479,20260922,1,1,0,1,4,4,1,4,4,4,0,17,17,13,2124,4369,0,4369
2480,20260922,1,1,0,1,6,6,1,6,6,4,0,17,17,11,2052,9554,0,21845
2481,20260922,1,1,0,2,8,8,2,8,8,4,0,17,17,9,0,4369,0,4369
2482,20260922,0,0,0,NA,NA,4,NA,NA,4,0,0,17,17,13,0,0,0,0
2483,20260922,1,1,0,1,4,4,1,4,4,4,0,17,17,13,2124,4369,0,4369
2484,20260922,0,0,0,NA,NA,4,NA,NA,4,0,0,17,17,13,0,0,0,0
2485,20260922,1,1,0,1,4,4,1,4,4,4,0,17,17,13,2124,12835,0,8738
2486,20260922,1,1,0,1,6,6,1,6,6,4,0,17,17,11,2052,5185,0,17476
2487,20260922,0,0,0,NA,NA,4,NA,NA,4,0,0,17,17,13,0,0,0,0
2488,20260922,0,0,0,NA,NA,4,NA,NA,4,0,0,17,17,13,0,0,0,0
2489,20260922,0,0,0,NA,NA,4,NA,NA,4,0,0,17,17,13,0,0,0,0
2490,20260922,1,1,0,1,6,6,1,6,6,4,0,17,17,11,2052,5729,0,26214
2491,20260922,1,1,0,1,4,4,1,4,4,4,0,17,17,13,2124,4369,0,4369
2492,20260922,0,0,0,3,NA,7,3,NA,7,1,0,17,17,10,6,1,0,0
2493,20260922,1,1,0,1,4,4,1,4,4,4,0,17,17,13,2124,4369,0,4369
2494,20260922,0,0,0,NA,NA,4,NA,NA,4,0,0,17,17,13,0,0,0,0
2495,20260922,1,1,0,1,4,4,1,4,4,4,0,17,17,13,2124,4913,0,17476
2496,20260922,1,1,0,1,4,4,1,4,4,4,0,17,17,13,2124,4369,0,4369
2497,20260922,1,1,0,2,6,6,2,6,6,4,0,17,17,11,72,8738,0,8738
2498,20260922,1,1,0,1,6,6,1,6,6,4,0,17,17,11,2052,5185,0,17476
2499,20260922,0,0,0,NA,NA,4,NA,NA,4,0,0,17,17,13,0,0,0,0
2500,20260922,1,1,0,2,8,8,2,8,8,4,0,17,17,9,0,4369,0,4369
2501,20260922,0,0,0,NA,NA,4,NA,NA,4,0,0,17,17,13,0,0,0,0
2502,20260922,0,0,0,NA,NA,4,NA,NA,4,0,0,17,17,13,0,0,0,0
2503,20260922,0,0,0,NA,NA,4,NA,NA,4,0,0,17,17,13,0,0,0,0
2504,20260922,1,1,0,1,6,6,1,6,6,4,0,17,17,11,2052,5729,0,26214
2505,20260922,0,0,0,NA,NA,4,NA,NA,4,0,0,17,17,13,0,0,0,0
2506,20260922,0,0,0,NA,NA,4,NA,NA,4,0,0,17,17,13,0,0,0,0
2507,20260922,1,1,0,1,4,4,1,4,4,4,0,17,17,13,2124,4369,0,4369
2508,20260922,1,1,0,1,4,4,1,4,4,4,0,17,17,13,2124,4369,0,4369
2509,20260922,1,1,0,1,4,4,1,4,4,4,0,17,17,13,2124,4369,0,4369
2510,20260922,1,1,0,2,6,6,2,6,6,4,0,17,17,11,72,4369,0,4369
2511,20260922,1,1,0,1,4,4,1,4,4,4,0,17,17,13,2124,4369,0,4369
2512,20260922,0,0,0,NA,NA,4,NA,NA,4,0,0,17,17,13,0,0,0,0
2513,20260922,1,1,0,1,4,4,1,4,4,4,0,17,17,13,2124,4369,0,4369
2514,20260922,0,0,0,NA,NA,4,NA,NA,4,0,0,17,17,13,0,0,0,0
2515,20260922,0,0,0,3,NA,7,3,NA,7,1,0,17,17,10,6,1,0,0
2516,20260922,1,1,0,1,4,4,1,4,4,4,0,17,17,13,2124,12563,0,4369
2517,20260922,1,1,0,2,8,8,2,8,8,4,0,17,17,9,0,13107,0,13107
2518,20260922,1,1,0,1,4,4,1,4,4,4,0,17,17,13,2124,4369,0,4369
2519,20260922,0,0,0,NA,NA,4,NA,NA,4,0,0,17,17,13,0,0,0,0
2520,20260922,1,1,0,1,6,6,1,6,6,4,0,17,17,11,2052,13107,0,13107
2521,20260922,0,0,0,NA,NA,4,NA,NA,4,0,0,17,17,13,0,0,0,0
2522,20260922,0,0,0,NA,NA,4,NA,NA,4,0,0,17,17,13,0,0,0,0
2523,20260922,0,0,0,NA,NA,4,NA,NA,4,0,0,17,17,13,0,0,0,0
2524,20260922,1,1,0,1,4,4,1,4,4,4,0,17,17,13,2124,4369,0,4369
2525,20260922,1,1,0,2,8,8,2,8,8,4,0,17,17,9,0,17476,0,17476
2526,20260922,0,0,0,NA,NA,4,NA,NA,4,0,0,17,17,13,0,0,0,0
2527,20260922,1,1,0,3,12,12,3,12,12,4,0,17,17,5,3294,4641,3294,4641
2528,20260922,1,1,0,1,4,4,1,4,4,4,0,17,17,13,2124,4369,0,4369
2529,20260922,1,1,0,1,4,4,1,4,4,4,0,17,17,13,2124,4369,0,4369
2530,20260922,0,0,0,NA,NA,4,NA,NA,4,0,0,17,17,13,0,0,0,0
2531,20260922,1,1,0,1,4,4,1,4,4,4,0,17,17,13,2124,4369,0,4369
2532,20260922,0,0,0,3,NA,7,3,NA,7,1,0,17,17,10,6,2,0,0
2533,20260922,0,0,0,NA,NA,4,NA,NA,4,0,0,17,17,13,0,0,0,0
2534,20260922,0,0,0,4,NA,8,4,NA,8,1,0,17,17,9,5,4,0,0
2535,20260922,1,1,0,3,12,12,3,12,12,4,0,17,17,5,3294,4369,3294,4369
2536,20260922,0,0,0,NA,NA,4,NA,NA,4,0,0,17,17,13,0,0,0,0
2537,20260922,1,1,0,2,6,6,2,6,6,4,0,17,17,11,72,4369,0,4369
2538,20260922,1,1,0,1,4,4,1,4,4,4,0,17,17,13,2124,4369,0,4369
2539,20260922,0,0,0,NA,NA,4,NA,NA,4,0,0,17,17,13,0,0,0,0
2540,20260922,1,1,0,1,4,4,1,4,4,4,0,17,17,13,2124,12835,0,13107
2541,20260922,0,0,0,NA,NA,4,NA,NA,4,0,0,17,17,13,0,0,0,0
2542,20260922,0,0,0,NA,NA,4,NA,NA,4,0,0,17,17,13,0,0,0,0
2543,20260922,0,0,0,4,NA,8,4,NA,8,1,0,17,17,9,5,5,0,0
2544,20260922,1,1,0,2,6,6,2,6,6,4,0,17,17,11,72,8738,0,8738
2545,20260922,0,0,0,NA,NA,4,NA,NA,4,0,0,17,17,13,0,0,0,0
2546,20260922,1,1,0,2,8,8,2,8,8,4,0,17,17,9,0,8738,0,8738
2547,20260922,0,0,0,NA,NA,4,NA,NA,4,0,0,17,17,13,0,0,0,0
2548,20260922,0,0,0,NA,NA,4,NA,NA,4,0,0,17,17,13,0,0,0,0
2549,20260922,0,0,0,NA,NA,4,NA,NA,4,0,0,17,17,13,0,0,0,0
2550,20260922,0,0,0,NA,NA,4,NA,NA,4,0,0,17,17,13,0,0,0,0
2551,20260922,0,0,0,NA,NA,4,NA,NA,4,0,0,17,17,13,0,0,0,0
2552,20260922,0,0,0,NA,NA,4,NA,NA,4,0,0,17,17,13,0,0,0,0
2553,20260922,0,0,0,NA,NA,4,NA,NA,4,0,0,17,17,13,0,0,0,0
2554,20260922,1,1,0,1,4,4,1,4,4,4,0,17,17,13,2124,4369,0,4369
2555,20260922,1,1,0,1,4,4,1,4,4,4,0,17,17,13,2124,4369,0,4369
2556,20260922,1,1,0,1,4,4,1,4,4,4,0,17,17,13,2124,4369,0,4369
2557,20260922,1,1,0,1,4,4,1,4,4,4,0,17,17,13,2124,4369,0,4369
2558,20260922,0,0,0,NA,NA,4,NA,NA,4,0,0,17,17,13,0,0,0,0
2559,20260922,1,1,0,2,6,6,2,6,6,4,0,17,17,11,72,4369,0,4369
2560,20260922,0,0,0,NA,NA,4,NA,NA,4,0,0,17,17,13,0,0,0,0
2561,20260922,1,1,0,1,4,4,1,4,4,4,0,17,17,13,2124,4369,0,4369
2562,20260922,0,0,0,NA,NA,4,NA,NA,4,0,0,17,17,13,0,0,0,0
2563,20260922,1,1,0,2,8,8,2,8,8,4,0,17,17,9,0,17476,0,17476
2564,20260922,0,0,0,NA,NA,4,NA,NA,4,0,0,17,17,13,0,0,0,0
2565,20260922,0,0,0,NA,NA,4,NA,NA,4,0,0,17,17,13,0,0,0,0
2566,20260922,1,1,0,1,4,4,1,4,4,4,0,17,17,13,2124,4369,0,4369
2567,20260922,1,1,0,1,4,4,1,4,4,4,0,17,17,13,2124,4369,0,4369
2568,20260922,0,0,0,NA,NA,4,NA,NA,4,0,0,17,17,13,0,0,0,0
2569,20260922,0,0,0,NA,NA,4,NA,NA,4,0,0,17,17,13,0,0,0,0
2570,20260922,0,0,0,4,NA,8,4,NA,8,1,0,17,17,9,5,1,0,0
2571,20260922,1,1,0,1,4,4,1,4,4,4,0,17,17,13,2124,4369,0,4369
2572,20260922,1,1,0,2,6,6,2,6,6,4,0,17,17,11,72,4369,0,4369
2573,20260922,1,1,0,1,4,4,1,4,4,4,0,17,17,13,2124,4369,0,4369
2574,20260922,0,0,0,NA,NA,4,NA,NA,4,0,0,17,17,13,0,0,0,0
2575,20260922,1,1,0,1,6,6,1,6,6,4,0,17,17,11,2052,9282,0,17476
2576,20260922,0,0,0,3,NA,7,3,NA,7,1,0,17,17,10,6,1,0,0
2577,20260922,1,1,0,2,8,8,2,8,8,4,0,17,17,9,0,8738,0,8738
2578,20260922,0,0,0,NA,NA,4,NA,NA,4,0,0,17,17,13,0,0,0,0
2579,20260922,0,0,0,NA,NA,4,NA,NA,4,0,0,17,17,13,0,0,0,0
2580,20260922,1,1,0,1,6,6,1,6,6,4,0,17,17,11,2052,5729,0,26214
2581,20260922,0,0,0,NA,NA,4,NA,NA,4,0,0,17,17,13,0,0,0,0
2582,20260922,1,1,0,1,4,4,1,4,4,4,0,17,17,13,2124,4369,0,4369
2583,20260922,1,1,0,2,8,8,2,8,8,4,0,17,17,9,0,26214,0,26214
2584,20260922,0,0,0,NA,NA,4,NA,NA,4,0,0,17,17,13,0,0,0,0
2585,20260922,0,0,0,NA,NA,4,NA,NA,4,0,0,17,17,13,0,0,0,0
2586,20260922,0,0,0,NA,NA,4,NA,NA,4,0,0,17,17,13,0,0,0,0
2587,20260922,0,0,0,NA,NA,4,NA,NA,4,0,0,17,17,13,0,0,0,0
2588,20260922,1,1,0,1,4,4,1,4,4,4,0,17,17,13,2124,4369,0,4369
2589,20260922,0,0,0,NA,NA,4,NA,NA,4,0,0,17,17,13,0,0,0,0
2590,20260922,0,0,0,NA,NA,4,NA,NA,4,0,0,17,17,13,0,0,0,0
2591,20260922,0,0,0,3,NA,7,3,NA,7,1,0,17,17,10,6,1,0,0
2592,20260922,1,1,0,1,6,6,1,6,6,4,0,17,17,11,2052,5185,0,17476
2593,20260922,1,1,0,3,12,12,3,12,12,4,0,17,17,5,3294,4369,3294,4369
2594,20260922,0,0,0,3,NA,7,3,NA,7,1,0,17,17,10,6,1,0,0
2595,20260922,0,0,0,4,NA,8,4,NA,8,1,0,17,17,9,5,7,0,0
2596,20260922,0,0,0,NA,NA,4,NA,NA,4,0,0,17,17,13,0,0,0,0
2597,20260922,1,1,0,1,4,4,1,4,4,4,0,17,17,13,2124,4369,0,4369
2598,20260922,0,0,0,NA,NA,4,NA,NA,4,0,0,17,17,13,0,0,0,0
2599,20260922,0,0,0,NA,NA,4,NA,NA,4,0,0,17,17,13,0,0,0,0
2600,20260922,0,0,0,NA,NA,4,NA,NA,4,0,0,17,17,13,0,0,0,0
2601,20260922,0,0,0,NA,NA,4,NA,NA,4,0,0,17,17,13,0,0,0,0
2602,20260922,1,1,0,1,4,4,1,4,4,4,0,17,17,13,2124,4369,0,4369
2603,20260922,1,1,0,2,8,8,2,8,8,4,0,17,17,9,0,4369,0,4369
2604,20260922,0,0,0,NA,NA,4,NA,NA,4,0,0,17,17,13,0,0,0,0
2605,20260922,0,0,0,NA,NA,4,NA,NA,4,0,0,17,17,13,0,0,0,0
2606,20260922,1,1,0,1,4,4,1,4,4,4,0,17,17,13,2124,4369,0,4369
2607,20260922,0,0,0,NA,NA,4,NA,NA,4,0,0,17,17,13,0,0,0,0
2608,20260922,1,1,0,3,12,12,3,12,12,4,0,17,17,5,3294,4369,3294,4369
2609,20260922,0,0,0,NA,NA,4,NA,NA,4,0,0,17,17,13,0,0,0,0
2610,20260922,0,0,0,NA,NA,4,NA,NA,4,0,0,17,17,13,0,0,0,0
2611,20260922,1,1,0,1,4,4,1,4,4,4,0,17,17,13,2124,4369,0,4369
2612,20260922,1,1,0,2,8,8,2,8,8,4,0,17,17,9,0,8738,0,8738
2613,20260922,1,1,0,1,4,4,1,4,4,4,0,17,17,13,2124,4369,0,4369
2614,20260922,1,1,0,1,4,4,1,4,4,4,0,17,17,13,2124,4369,0,4369
2615,20260922,1,1,0,3,12,12,3,12,12,4,0,17,17,5,3294,4369,3294,4369
2616,20260922,1,1,0,3,12,12,3,12,12,4,0,17,17,5,3294,4369,3294,4369
2617,20260922,0,0,0,NA,NA,4,NA,NA,4,0,0,17,17,13,0,0,0,0
2618,20260922,0,0,0,NA,NA,4,NA,NA,4,0,0,17,17,13,0,0,0,0
2619,20260922,1,1,0,3,12,12,3,12,12,4,0,17,17,5,3294,4369,3294,4369
2620,20260922,1,1,0,1,4,4,1,4,4,4,0,17,17,13,2124,4369,0,4369
2621,20260922,1,1,0,1,4,4,1,4,4,4,0,17,17,13,2124,4369,0,4369
2622,20260922,1,1,0,1,4,4,1,4,4,4,0,17,17,13,2124,4369,0,4369
2623,20260922,0,0,0,NA,NA,4,NA,NA,4,0,0,17,17,13,0,0,0,0
2624,20260922,0,0,0,NA,NA,4,NA,NA,4,0,0,17,17,13,0,0,0,0
2625,20260922,0,0,0,3,NA,7,3,NA,7,1,0,17,17,10,6,1,0,0
2626,20260922,0,0,0,NA,NA,4,NA,NA,4,0,0,17,17,13,0,0,0,0
2627,20260922,1,1,0,1,6,6,1,6,6,4,0,17,17,11,2052,5729,0,26214
2628,20260922,1,1,0,2,6,6,2,6,6,4,0,17,17,11,72,4369,0,4369
2629,20260922,1,1,0,1,4,4,1,4,4,4,0,17,17,13,2124,4369,0,4369
2630,20260922,1,1,0,3,12,12,3,12,12,4,0,17,17,5,3294,4369,3294,4369
2631,20260922,1,1,0,1,4,4,1,4,4,4,0,17,17,13,2124,4369,0,4369
2632,20260922,0,0,0,3,NA,7,3,NA,7,1,0,17,17,10,6,4,0,0
2633,20260922,0,0,0,NA,NA,4,NA,NA,4,0,0,17,17,13,0,0,0,0
2634,20260922,0,0,0,NA,NA,4,NA,NA,4,0,0,17,17,13,0,0,0,0
2635,20260922,1,1,0,1,4,4,1,4,4,4,0,17,17,13,2124,4369,0,4369
2636,20260922,1,1,0,1,4,4,1,4,4,4,0,17,17,13,2124,4369,0,4369
2637,20260922,1,1,0,2,6,6,2,6,6,4,0,17,17,11,72,4369,0,4369
2638,20260922,1,1,0,1,4,4,1,4,4,4,0,17,17,13,2124,4369,0,4369
2639,20260922,0,0,0,NA,NA,4,NA,NA,4,0,0,17,17,13,0,0,0,0
2640,20260922,1,1,0,1,4,4,1,4,4,4,0,17,17,13,2124,4369,0,4369
2641,20260922,1,1,0,2,6,6,2,6,6,4,0,17,17,11,72,4369,0,4369
2642,20260922,0,0,0,NA,NA,4,NA,NA,4,0,0,17,17,13,0,0,0,0
2643,20260922,0,0,0,NA,NA,4,NA,NA,4,0,0,17,17,13,0,0,0,0
2644,20260922,1,1,0,1,6,6,1,6,6,4,0,17,17,11,2052,5729,0,26214
2645,20260922,0,0,0,3,NA,7,3,NA,7,1,0,17,17,10,6,1,0,0
2646,20260922,0,0,0,3,NA,7,3,NA,7,1,0,17,17,10,6,1,0,0
2647,20260922,0,0,0,NA,NA,4,NA,NA,4,0,0,17,17,13,0,0,0,0
2648,20260922,1,1,0,2,8,8,2,8,8,4,0,17,17,9,0,8738,0,8738
2649,20260922,0,0,0,NA,NA,4,NA,NA,4,0,0,17,17,13,0,0,0,0
2650,20260922,0,0,0,NA,NA,4,NA,NA,4,0,0,17,17,13,0,0,0,0
2651,20260922,1,1,0,1,6,6,1,6,6,4,0,17,17,11,2052,5185,0,17476
2652,20260922,1,1,0,1,4,4,1,4,4,4,0,17,17,13,2124,12563,0,4369
2653,20260922,0,0,0,NA,NA,4,NA,NA,4,0,0,17,17,13,0,0,0,0
2654,20260922,1,1,0,3,12,12,3,12,12,4,0,17,17,5,3294,13379,3294,13379
2655,20260922,1,1,0,1,4,4,1,4,4,4,0,17,17,13,2124,4369,0,4369
2656,20260922,0,0,0,NA,NA,4,NA,NA,4,0,0,17,17,13,0,0,0,0
2657,20260922,0,0,0,NA,NA,4,NA,NA,4,0,0,17,17,13,0,0,0,0
2658,20260922,0,0,0,NA,NA,4,NA,NA,4,0,0,17,17,13,0,0,0,0
2659,20260922,1,1,0,2,8,8,2,8,8,4,0,17,17,9,0,13107,0,13107
2660,20260922,0,0,0,NA,NA,4,NA,NA,4,0,0,17,17,13,0,0,0,0
2661,20260922,0,0,0,NA,NA,4,NA,NA,4,0,0,17,17,13,0,0,0,0
2662,20260922,1,1,0,1,6,6,1,6,6,4,0,17,17,11,2052,12563,0,4369
2663,20260922,0,0,0,NA,NA,4,NA,NA,4,0,0,17,17,13,0,0,0,0
2664,20260922,1,1,0,1,4,4,1,4,4,4,0,17,17,13,2124,4369,0,4369
2665,20260922,0,0,0,NA,NA,4,NA,NA,4,0,0,17,17,13,0,0,0,0
2666,20260922,0,0,0,NA,NA,4,NA,NA,4,0,0,17,17,13,0,0,0,0
2667,20260922,0,0,0,NA,NA,4,NA,NA,4,0,0,17,17,13,0,0,0,0
2668,20260922,0,0,0,NA,NA,4,NA,NA,4,0,0,17,17,13,0,0,0,0
2669,20260922,0,0,0,4,NA,11,4,NA,11,2,0,17,17,6,29,66,0,0
2670,20260922,0,0,0,3,NA,7,3,NA,7,1,0,17,17,10,6,1,0,0
2671,20260922,1,1,0,1,4,4,1,4,4,4,0,17,17,13,2124,4369,0,4369
2672,20260922,1,1,0,1,4,4,1,4,4,4,0,17,17,13,2124,12563,0,4369
2673,20260922,1,1,0,1,4,4,1,4,4,4,0,17,17,13,2124,4369,0,4369
2674,20260922,1,1,0,2,8,8,2,8,8,4,0,17,17,9,0,4369,0,4369
2675,20260922,1,1,0,1,4,4,1,4,4,4,0,17,17,13,2124,4369,0,4369
2676,20260922,1,1,0,2,8,8,2,8,8,4,0,17,17,9,0,8738,0,8738
2677,20260922,1,1,0,1,4,4,1,4,4,4,0,17,17,13,2124,12563,0,4369
2678,20260922,0,0,0,NA,NA,4,NA,NA,4,0,0,17,17,13,0,0,0,0
2679,20260922,0,0,0,NA,NA,4,NA,NA,4,0,0,17,17,13,0,0,0,0
2680,20260922,0,0,0,3,NA,7,3,NA,7,1,0,17,17,10,6,1,0,0
2681,20260922,1,1,0,1,4,4,1,4,4,4,0,17,17,13,2124,12563,0,4369
2682,20260922,0,0,0,NA,NA,4,NA,NA,4,0,0,17,17,13,0,0,0,0
2683,20260922,0,0,0,NA,NA,4,NA,NA,4,0,0,17,17,13,0,0,0,0
2684,20260922,0,0,0,3,NA,7,3,NA,7,1,0,17,17,10,6,1,0,0
2685,20260922,0,0,0,NA,NA,4,NA,NA,4,0,0,17,17,13,0,0,0,0
2686,20260922,1,1,0,1,4,4,1,4,4,4,0,17,17,13,2124,4369,0,4369
2687,20260922,0,0,0,NA,NA,4,NA,NA,4,0,0,17,17,13,0,0,0,0
2688,20260922,0,0,0,NA,NA,4,NA,NA,4,0,0,17,17,13,0,0,0,0
2689,20260922,1,1,0,1,4,4,1,4,4,4,0,17,17,13,2124,4369,0,4369
2690,20260922,0,0,0,NA,NA,4,NA,NA,4,0,0,17,17,13,0,0,0,0
2691,20260922,0,0,0,4,NA,8,4,NA,8,1,0,17,17,9,5,8,0,0
2692,20260922,0,0,0,NA,NA,4,NA,NA,4,0,0,17,17,13,0,0,0,0
2693,20260922,1,1,0,1,4,4,1,4,4,4,0,17,17,13,2124,4369,0,4369
2694,20260922,1,1,0,1,6,6,1,6,6,4,0,17,17,11,2052,5185,0,17476
2695,20260922,1,1,0,1,4,4,1,4,4,4,0,17,17,13,2124,4369,0,4369
2696,20260922,1,1,0,1,4,4,1,4,4,4,0,17,17,13,2124,4369,0,4369
2697,20260922,0,0,0,NA,NA,4,NA,NA,4,0,0,17,17,13,0,0,0,0
2698,20260922,1,1,0,1,4,4,1,4,4,4,0,17,17,13,2124,4369,0,4369
2699,20260922,0,0,0,NA,NA,4,NA,NA,4,0,0,17,17,13,0,0,0,0
2700,20260922,1,1,0,1,4,4,1,4,4,4,0,17,17,13,2124,4369,0,4369
2701,20260922,1,1,0,1,4,4,1,4,4,4,0,17,17,13,2124,4369,0,4369
2702,20260922,1,1,0,1,4,4,1,4,4,4,0,17,17,13,2124,4369,0,4369
2703,20260922,0,0,0,3,NA,7,3,NA,7,1,0,17,17,10,6,4,0,0
2704,20260922,0,0,0,3,NA,7,3,NA,7,1,0,17,17,10,6,1,0,0
2705,20260922,1,1,0,1,4,4,1,4,4,4,0,17,17,13,2124,4369,0,4369
2706,20260922,1,1,0,1,4,4,1,4,4,4,0,17,17,13,2124,4369,0,4369
2707,20260922,1,1,0,1,6,6,1,6,6,4,0,17,17,11,2052,5185,0,17476
2708,20260922,1,1,0,1,4,4,1,4,4,4,0,17,17,13,2124,8466,0,4369
2709,20260922,1,1,0,1,4,4,1,4,4,4,0,17,17,13,2124,4369,0,4369
2710,20260922,1,1,0,3,12,12,3,12,12,4,0,17,17,5,3294,4369,3294,4369
2711,20260922,1,1,0,1,4,4,1,4,4,4,0,17,17,13,2124,4369,0,4369
2712,20260922,0,0,0,3,NA,7,3,NA,7,1,0,17,17,10,6,1,0,0
2713,20260922,0,0,0,NA,NA,4,NA,NA,4,0,0,17,17,13,0,0,0,0
2714,20260922,1,1,0,1,4,4,1,4,4,4,0,17,17,13,2124,4369,0,4369
2715,20260922,0,0,0,NA,NA,4,NA,NA,4,0,0,17,17,13,0,0,0,0
2716,20260922,0,0,0,NA,NA,4,NA,NA,4,0,0,17,17,13,0,0,0,0
2717,20260922,1,1,0,2,6,6,2,6,6,4,0,17,17,11,72,4369,0,4369
2718,20260922,0,0,0,NA,NA,4,NA,NA,4,0,0,17,17,13,0,0,0,0
2719,20260922,1,1,0,2,6,6,2,6,6,4,0,17,17,11,72,4369,0,4369
2720,20260922,0,0,0,3,NA,7,3,NA,7,1,0,17,17,10,6,1,0,0
2721,20260922,1,1,0,2,6,6,2,6,6,4,0,17,17,11,72,4369,0,4369
2722,20260922,1,1,0,1,4,4,1,4,4,4,0,17,17,13,2124,4369,0,4369
2723,20260922,0,0,0,NA,NA,4,NA,NA,4,0,0,17,17,13,0,0,0,0
2724,20260922,0,0,0,NA,NA,4,NA,NA,4,0,0,17,17,13,0,0,0,0
2725,20260922,1,1,0,2,8,8,2,8,8,4,0,17,17,9,0,4369,0,4369
2726,20260922,0,0,0,NA,NA,4,NA,NA,4,0,0,17,17,13,0,0,0,0
2727,20260922,0,0,0,4,NA,8,4,NA,8,1,0,17,17,9,5,2,0,0
2728,20260922,0,0,0,1,NA,5,1,NA,5,1,0,17,17,12,4,2,0,0
2729,20260922,1,1,0,1,6,6,1,6,6,4,0,17,17,11,2052,12835,0,8738
2730,20260922,1,1,0,1,4,4,1,4,4,4,0,17,17,13,2124,4369,0,4369
2731,20260922,0,0,0,NA,NA,4,NA,NA,4,0,0,17,17,13,0,0,0,0
2732,20260922,0,0,0,3,NA,7,3,NA,7,1,0,17,17,10,6,1,0,0
2733,20260922,0,0,0,NA,NA,4,NA,NA,4,0,0,17,17,13,0,0,0,0
2734,20260922,1,1,0,2,6,6,2,6,6,4,0,17,17,11,72,4369,0,4369
2735,20260922,0,0,0,NA,NA,4,NA,NA,4,0,0,17,17,13,0,0,0,0
2736,20260922,0,0,0,4,NA,8,4,NA,8,1,0,17,17,9,5,5,0,0
2737,20260922,1,1,0,1,4,4,1,4,4,4,0,17,17,13,2124,4369,0,4369
2738,20260922,0,0,0,3,NA,7,3,NA,7,1,0,17,17,10,6,1,0,0
2739,20260922,1,1,0,1,4,4,1,4,4,4,0,17,17,13,2124,12563,0,4369
2740,20260922,0,0,0,3,NA,7,3,NA,7,1,0,17,17,10,6,1,0,0
2741,20260922,1,1,0,3,12,12,3,12,12,4,0,17,17,5,3294,4369,3294,4369
2742,20260922,1,1,0,3,12,12,3,12,12,4,0,17,17,5,3294,4369,3294,4369
2743,20260922,0,0,0,NA,NA,4,NA,NA,4,0,0,17,17,13,0,0,0,0
2744,20260922,0,0,0,NA,NA,4,NA,NA,4,0,0,17,17,13,0,0,0,0
2745,20260922,0,0,0,NA,NA,4,NA,NA,4,0,0,17,17,13,0,0,0,0
2746,20260922,0,0,0,NA,NA,4,NA,NA,4,0,0,17,17,13,0,0,0,0
2747,20260922,1,1,0,1,4,4,1,4,4,4,0,17,17,13,2124,4369,0,4369
2748,20260922,1,1,0,1,4,4,1,4,4,4,0,17,17,13,2124,4369,0,4369
2749,20260922,1,1,0,1,4,4,1,4,4,4,0,17,17,13,2124,4369,0,4369
2750,20260922,1,1,0,2,8,8,2,8,8,4,0,17,17,9,0,21845,0,21845
2751,20260922,0,0,0,3,NA,7,3,NA,7,1,0,17,17,10,6,1,0,0
2752,20260922,1,1,0,1,4,4,1,4,4,4,0,17,17,13,2124,4913,0,17476
2753,20260922,1,1,0,1,4,4,1,4,4,4,0,17,17,13,2124,4641,0,8738
2754,20260922,1,1,0,1,4,4,1,4,4,4,0,17,17,13,2124,4369,0,4369
2755,20260922,0,0,0,NA,NA,4,NA,NA,4,0,0,17,17,13,0,0,0,0
2756,20260922,1,1,0,1,4,4,1,4,4,4,0,17,17,13,2124,4369,0,4369
2757,20260922,1,1,0,1,4,4,1,4,4,4,0,17,17,13,2124,4369,0,4369
2758,20260922,0,0,0,3,NA,7,3,NA,7,1,0,17,17,10,6,1,0,0
2759,20260922,1,1,0,2,6,6,2,6,6,4,0,17,17,11,72,4369,0,4369
2760,20260922,0,0,0,4,NA,8,4,NA,8,1,0,17,17,9,5,6,0,0
2761,20260922,1,1,0,3,12,12,3,12,12,4,0,17,17,5,3294,4369,3294,4369
2762,20260922,1,1,0,1,6,6,1,6,6,4,0,17,17,11,2052,5729,0,26214
2763,20260922,0,0,0,NA,NA,4,NA,NA,4,0,0,17,17,13,0,0,0,0
2764,20260922,0,0,0,NA,NA,4,NA,NA,4,0,0,17,17,13,0,0,0,0
2765,20260922,0,0,0,4,NA,8,4,NA,8,1,0,17,17,9,5,3,0,0
2766,20260922,0,0,0,NA,NA,4,NA,NA,4,0,0,17,17,13,0,0,0,0
2767,20260922,0,0,0,NA,NA,4,NA,NA,4,0,0,17,17,13,0,0,0,0
2768,20260922,0,0,0,NA,NA,4,NA,NA,4,0,0,17,17,13,0,0,0,0
2769,20260922,1,1,0,1,4,4,1,4,4,4,0,17,17,13,2124,4369,0,4369
2770,20260922,0,0,0,NA,NA,4,NA,NA,4,0,0,17,17,13,0,0,0,0
2771,20260922,0,0,0,NA,NA,4,NA,NA,4,0,0,17,17,13,0,0,0,0
2772,20260922,1,1,0,1,4,4,1,4,4,4,0,17,17,13,2124,4369,0,4369
2773,20260922,1,1,0,1,4,4,1,4,4,4,0,17,17,13,2124,4369,0,4369
2774,20260922,1,1,0,2,8,8,2,8,8,4,0,17,17,9,0,13107,0,13107
2775,20260922,1,1,0,1,4,4,1,4,4,4,0,17,17,13,2124,4369,0,4369
2776,20260922,0,0,0,3,NA,7,3,NA,7,1,0,17,17,10,6,1,0,0
2777,20260922,1,1,0,3,12,12,3,12,12,4,0,17,17,5,3294,4369,3294,4369
2778,20260922,0,0,0,NA,NA,4,NA,NA,4,0,0,17,17,13,0,0,0,0
2779,20260922,0,0,0,NA,NA,4,NA,NA,4,0,0,17,17,13,0,0,0,0
2780,20260922,1,1,0,2,6,6,2,6,6,4,0,17,17,11,72,4369,0,4369
2781,20260922,0,0,0,NA,NA,4,NA,NA,4,0,0,17,17,13,0,0,0,0
2782,20260922,0,0,0,NA,NA,4,NA,NA,4,0,0,17,17,13,0,0,0,0
2783,20260922,0,0,0,NA,NA,4,NA,NA,4,0,0,17,17,13,0,0,0,0
2784,20260922,0,0,0,NA,NA,4,NA,NA,4,0,0,17,17,13,0,0,0,0
2785,20260922,1,1,0,1,4,4,1,4,4,4,0,17,17,13,2124,4369,0,4369
2786,20260922,0,0,0,NA,NA,4,NA,NA,4,0,0,17,17,13,0,0,0,0
2787,20260922,0,0,0,3,NA,7,3,NA,7,1,0,17,17,10,6,2,0,0
2788,20260922,0,0,0,NA,NA,4,NA,NA,4,0,0,17,17,13,0,0,0,0
2789,20260922,1,1,0,1,4,4,1,4,4,4,0,17,17,13,2124,4369,0,4369
2790,20260922,0,0,0,NA,NA,4,NA,NA,4,0,0,17,17,13,0,0,0,0
2791,20260922,1,1,0,1,4,4,1,4,4,4,0,17,17,13,2124,4369,0,4369
2792,20260922,0,0,0,NA,NA,4,NA,NA,4,0,0,17,17,13,0,0,0,0
2793,20260922,1,1,0,2,6,6,2,6,6,4,0,17,17,11,72,4369,0,4369
2794,20260922,1,1,0,1,4,4,1,4,4,4,0,17,17,13,2124,4369,0,4369
2795,20260922,0,0,0,NA,NA,4,NA,NA,4,0,0,17,17,13,0,0,0,0
2796,20260922,0,0,0,4,NA,8,4,NA,8,1,0,17,17,9,5,4,0,0
2797,20260922,1,1,0,1,4,4,1,4,4,4,0,17,17,13,2124,4369,0,4369
2798,20260922,0,0,0,NA,NA,4,NA,NA,4,0,0,17,17,13,0,0,0,0
2799,20260922,1,1,0,1,4,4,1,4,4,4,0,17,17,13,2124,4369,0,4369
2800,20260922,0,0,0,NA,NA,4,NA,NA,4,0,0,17,17,13,0,0,0,0
2801,20260922,1,1,0,1,4,4,1,4,4,4,0,17,17,13,2124,4369,0,4369
2802,20260922,0,0,0,NA,NA,4,NA,NA,4,0,0,17,17,13,0,0,0,0
2803,20260922,1,1,0,1,6,6,1,6,6,4,0,17,17,11,2052,5729,0,26214
2804,20260922,0,0,0,NA,NA,4,NA,NA,4,0,0,17,17,13,0,0,0,0
2805,20260922,1,1,0,2,8,8,2,8,8,4,0,17,17,9,0,8738,0,8738
2806,20260922,1,1,0,1,4,4,1,4,4,4,0,17,17,13,2124,4369,0,4369
2807,20260922,1,1,0,2,6,6,2,6,6,4,0,17,17,11,72,4369,0,4369
2808,20260922,0,0,0,4,NA,8,4,NA,8,1,0,17,17,9,5,4,0,0
2809,20260922,0,0,0,NA,NA,4,NA,NA,4,0,0,17,17,13,0,0,0,0
2810,20260922,1,1,0,2,6,6,2,6,6,4,0,17,17,11,72,4369,0,4369
2811,20260922,0,0,0,NA,NA,4,NA,NA,4,0,0,17,17,13,0,0,0,0
2812,20260922,0,0,0,NA,NA,4,NA,NA,4,0,0,17,17,13,0,0,0,0
2813,20260922,0,0,0,NA,NA,4,NA,NA,4,0,0,17,17,13,0,0,0,0
2814,20260922,0,0,0,NA,NA,4,NA,NA,4,0,0,17,17,13,0,0,0,0
2815,20260922,1,1,0,1,4,4,1,4,4,4,0,17,17,13,2124,4369,0,4369
2816,20260922,1,1,0,1,4,4,1,4,4,4,0,17,17,13,2124,4369,0,4369
2817,20260922,0,0,0,NA,NA,4,NA,NA,4,0,0,17,17,13,0,0,0,0
2818,20260922,1,1,0,1,4,4,1,4,4,4,0,17,17,13,2124,12563,0,4369
2819,20260922,1,1,0,2,6,6,2,6,6,4,0,17,17,11,72,4369,0,4369
2820,20260922,1,1,0,1,6,6,1,6,6,4,0,17,17,11,2052,5185,0,17476
2821,20260922,1,1,0,1,6,6,1,6,6,4,0,17,17,11,2052,5185,0,17476
2822,20260922,1,1,0,1,4,4,1,4,4,4,0,17,17,13,2124,4369,0,4369
2823,20260922,1,1,0,3,12,12,3,12,12,4,0,17,17,5,3294,12835,3294,12835
2824,20260922,0,0,0,NA,NA,4,NA,NA,4,0,0,17,17,13,0,0,0,0
2825,20260922,1,1,0,3,12,12,3,12,12,4,0,17,17,5,3294,4369,3294,4369
2826,20260922,1,1,0,1,4,4,1,4,4,4,0,17,17,13,2124,4369,0,4369
2827,20260922,1,1,0,2,6,6,2,6,6,4,0,17,17,11,72,4369,0,4369
2828,20260922,1,1,0,1,4,4,1,4,4,4,0,17,17,13,2124,4369,0,4369
2829,20260922,1,1,0,1,6,6,1,6,6,4,0,17,17,11,2052,5729,0,26214
2830,20260922,0,0,0,NA,NA,4,NA,NA,4,0,0,17,17,13,0,0,0,0
2831,20260922,0,0,0,NA,NA,4,NA,NA,4,0,0,17,17,13,0,0,0,0
2832,20260922,0,0,0,NA,NA,4,NA,NA,4,0,0,17,17,13,0,0,0,0
2833,20260922,1,1,0,1,4,4,1,4,4,4,0,17,17,13,2124,4369,0,4369
2834,20260922,0,0,0,NA,NA,4,NA,NA,4,0,0,17,17,13,0,0,0,0
2835,20260922,1,1,0,1,4,4,1,4,4,4,0,17,17,13,2124,4369,0,4369
2836,20260922,0,0,0,NA,NA,4,NA,NA,4,0,0,17,17,13,0,0,0,0
2837,20260922,1,1,0,3,12,12,3,12,12,4,0,17,17,5,3294,4369,3294,4369
2838,20260922,1,1,0,1,4,4,1,4,4,4,0,17,17,13,2124,4369,0,4369
2839,20260922,0,0,0,NA,NA,4,NA,NA,4,0,0,17,17,13,0,0,0,0
2840,20260922,0,0,0,NA,NA,4,NA,NA,4,0,0,17,17,13,0,0,0,0
2841,20260922,1,1,0,1,4,4,1,4,4,4,0,17,17,13,2124,4369,0,4369
2842,20260922,0,0,0,NA,NA,4,NA,NA,4,0,0,17,17,13,0,0,0,0
2843,20260922,0,0,0,NA,NA,4,NA,NA,4,0,0,17,17,13,0,0,0,0
2844,20260922,0,0,0,NA,NA,4,NA,NA,4,0,0,17,17,13,0,0,0,0
2845,20260922,1,1,0,2,6,6,2,6,6,4,0,17,17,11,72,4369,0,4369
2846,20260922,0,0,0,NA,NA,4,NA,NA,4,0,0,17,17,13,0,0,0,0
2847,20260922,0,0,0,NA,NA,4,NA,NA,4,0,0,17,17,13,0,0,0,0
2848,20260922,1,1,0,1,4,4,1,4,4,4,0,17,17,13,2124,4369,0,4369
2849,20260922,0,0,0,NA,NA,4,NA,NA,4,0,0,17,17,13,0,0,0,0
2850,20260922,1,1,0,1,4,4,1,4,4,4,0,17,17,13,2124,4369,0,4369
2851,20260922,1,1,0,1,4,4,1,4,4,4,0,17,17,13,2124,4913,0,17476
2852,20260922,1,1,0,2,6,6,2,6,6,4,0,17,17,11,72,9010,0,8738
2853,20260922,1,1,0,1,4,4,1,4,4,4,0,17,17,13,2124,4369,0,4369
2854,20260922,1,1,0,2,8,8,2,8,8,4,0,17,17,9,0,26214,0,26214
2855,20260922,0,0,0,NA,NA,4,NA,NA,4,0,0,17,17,13,0,0,0,0
2856,20260922,0,0,0,NA,NA,4,NA,NA,4,0,0,17,17,13,0,0,0,0
2857,20260922,0,0,0,NA,NA,4,NA,NA,4,0,0,17,17,13,0,0,0,0
2858,20260922,0,0,0,NA,NA,4,NA,NA,4,0,0,17,17,13,0,0,0,0
2859,20260922,0,0,0,NA,NA,4,NA,NA,4,0,0,17,17,13,0,0,0,0
2860,20260922,1,1,0,3,12,12,3,12,12,4,0,17,17,5,3294,4369,3294,4369
2861,20260922,0,0,0,4,NA,8,4,NA,8,1,0,17,17,9,5,9,0,0
2862,20260922,1,1,0,1,6,6,1,6,6,4,0,17,17,11,2052,5185,0,17476
2863,20260922,1,1,0,1,4,4,1,4,4,4,0,17,17,13,2124,12563,0,4369
2864,20260922,0,0,0,NA,NA,4,NA,NA,4,0,0,17,17,13,0,0,0,0
2865,20260922,1,1,0,2,6,6,2,6,6,4,0,17,17,11,72,4369,0,4369
2866,20260922,0,0,0,NA,NA,4,NA,NA,4,0,0,17,17,13,0,0,0,0
2867,20260922,0,0,0,NA,NA,4,NA,NA,4,0,0,17,17,13,0,0,0,0
2868,20260922,1,1,0,1,4,4,1,4,4,4,0,17,17,13,2124,4369,0,4369
2869,20260922,1,1,0,1,4,4,1,4,4,4,0,17,17,13,2124,4369,0,4369
2870,20260922,0,0,0,NA,NA,4,NA,NA,4,0,0,17,17,13,0,0,0,0
2871,20260922,0,0,0,NA,NA,4,NA,NA,4,0,0,17,17,13,0,0,0,0
2872,20260922,0,0,0,4,NA,11,4,NA,11,2,0,17,17,6,29,67,0,0
2873,20260922,1,1,0,1,4,4,1,4,4,4,0,17,17,13,2124,4369,0,4369
2874,20260922,0,0,0,NA,NA,4,NA,NA,4,0,0,17,17,13,0,0,0,0
2875,20260922,1,1,0,1,4,4,1,4,4,4,0,17,17,13,2124,4369,0,4369
2876,20260922,0,0,0,NA,NA,4,NA,NA,4,0,0,17,17,13,0,0,0,0
2877,20260922,0,0,0,NA,NA,4,NA,NA,4,0,0,17,17,13,0,0,0,0
2878,20260922,1,1,0,1,6,6,1,6,6,4,0,17,17,11,2052,4641,0,8738
2879,20260922,0,0,0,NA,NA,4,NA,NA,4,0,0,17,17,13,0,0,0,0
2880,20260922,1,1,0,2,6,6,2,6,6,4,0,17,17,11,72,4369,0,4369
2881,20260922,0,0,0,3,NA,7,3,NA,7,1,0,17,17,10,6,4,0,0
2882,20260922,1,1,0,1,6,6,1,6,6,4,0,17,17,11,2052,5729,0,26214
2883,20260922,1,1,0,1,4,4,1,4,4,4,0,17,17,13,2124,4369,0,4369
2884,20260922,1,1,0,3,12,12,3,12,12,4,0,17,17,5,3294,4369,3294,4369
2885,20260922,1,1,0,1,4,4,1,4,4,4,0,17,17,13,2124,4369,0,4369
2886,20260922,0,0,0,NA,NA,4,NA,NA,4,0,0,17,17,13,0,0,0,0
2887,20260922,1,1,0,1,4,4,1,4,4,4,0,17,17,13,2124,4369,0,4369
2888,20260922,0,0,0,NA,NA,4,NA,NA,4,0,0,17,17,13,0,0,0,0
2889,20260922,1,1,0,1,4,4,1,4,4,4,0,17,17,13,2124,4369,0,4369
2890,20260922,1,1,0,2,6,6,2,6,6,4,0,17,17,11,72,4369,0,4369
2891,20260922,1,1,0,2,6,6,2,6,6,4,0,17,17,11,72,4369,0,4369
2892,20260922,0,0,0,NA,NA,4,NA,NA,4,0,0,17,17,13,0,0,0,0
2893,20260922,0,0,0,3,NA,7,3,NA,7,1,0,17,17,10,6,1,0,0
2894,20260922,1,1,0,2,6,6,2,6,6,4,0,17,17,11,72,4369,0,4369
2895,20260922,1,1,0,1,4,4,1,4,4,4,0,17,17,13,2124,4913,0,17476
2896,20260922,0,0,0,3,NA,7,3,NA,7,1,0,17,17,10,6,1,0,0
2897,20260922,0,0,0,NA,NA,4,NA,NA,4,0,0,17,17,13,0,0,0,0
2898,20260922,1,1,0,1,4,4,1,4,4,4,0,17,17,13,2124,4369,0,4369
2899,20260922,0,0,0,NA,NA,4,NA,NA,4,0,0,17,17,13,0,0,0,0
2900,20260922,0,0,0,NA,NA,4,NA,NA,4,0,0,17,17,13,0,0,0,0
2901,20260922,1,1,0,1,6,6,1,6,6,4,0,17,17,11,2052,5729,0,26214
2902,20260922,1,1,0,1,4,4,1,4,4,4,0,17,17,13,2124,4369,0,4369
2903,20260922,0,0,0,NA,NA,4,NA,NA,4,0,0,17,17,13,0,0,0,0
2904,20260922,1,1,0,1,4,4,1,4,4,4,0,17,17,13,2124,4369,0,4369
2905,20260922,1,1,0,4,10,10,4,10,10,4,0,17,17,7,2637,20757,2637,20757
2906,20260922,1,1,0,1,6,6,1,6,6,4,0,17,17,11,2052,5185,0,17476
2907,20260922,0,0,0,NA,NA,4,NA,NA,4,0,0,17,17,13,0,0,0,0
2908,20260922,0,0,0,NA,NA,4,NA,NA,4,0,0,17,17,13,0,0,0,0
2909,20260922,0,0,0,4,NA,8,4,NA,8,1,0,17,17,9,5,2,0,0
2910,20260922,1,1,0,1,4,4,1,4,4,4,0,17,17,13,2124,4369,0,4369
2911,20260922,1,1,0,2,8,8,2,8,8,4,0,17,17,9,0,17476,0,17476
2912,20260922,0,0,0,NA,NA,4,NA,NA,4,0,0,17,17,13,0,0,0,0
2913,20260922,0,0,0,NA,NA,4,NA,NA,4,0,0,17,17,13,0,0,0,0
2914,20260922,0,0,0,NA,NA,4,NA,NA,4,0,0,17,17,13,0,0,0,0
2915,20260922,1,1,0,1,4,4,1,4,4,4,0,17,17,13,2124,4913,0,17476
2916,20260922,0,0,0,NA,NA,4,NA,NA,4,0,0,17,17,13,0,0,0,0
2917,20260922,1,1,0,1,4,4,1,4,4,4,0,17,17,13,2124,12563,0,4369
2918,20260922,0,0,0,NA,NA,4,NA,NA,4,0,0,17,17,13,0,0,0,0
2919,20260922,0,0,0,4,NA,11,4,NA,11,2,0,17,17,6,29,18,0,0
2920,20260922,0,0,0,NA,NA,4,NA,NA,4,0,0,17,17,13,0,0,0,0
2921,20260922,0,0,0,3,NA,7,3,NA,7,1,0,17,17,10,6,1,0,0
2922,20260922,0,0,0,NA,NA,4,NA,NA,4,0,0,17,17,13,0,0,0,0
2923,20260922,0,0,0,NA,NA,4,NA,NA,4,0,0,17,17,13,0,0,0,0
2924,20260922,1,1,0,1,6,6,1,6,6,4,0,17,17,11,2052,12835,0,8738
2925,20260922,0,0,0,NA,NA,4,NA,NA,4,0,0,17,17,13,0,0,0,0
2926,20260922,1,1,0,1,4,4,1,4,4,4,0,17,17,13,2124,4369,0,4369
2927,20260922,1,1,0,1,4,4,1,4,4,4,0,17,17,13,2124,4913,0,17476
2928,20260922,0,0,0,NA,NA,4,NA,NA,4,0,0,17,17,13,0,0,0,0
2929,20260922,0,0,0,NA,NA,4,NA,NA,4,0,0,17,17,13,0,0,0,0
2930,20260922,0,0,0,NA,NA,4,NA,NA,4,0,0,17,17,13,0,0,0,0
2931,20260922,1,1,0,1,6,6,1,6,6,4,0,17,17,11,2052,5185,0,17476
2932,20260922,1,1,0,1,6,6,1,6,6,4,0,17,17,11,2052,5729,0,26214
2933,20260922,0,0,0,NA,NA,4,NA,NA,4,0,0,17,17,13,0,0,0,0
2934,20260922,0,0,0,NA,NA,4,NA,NA,4,0,0,17,17,13,0,0,0,0
2935,20260922,1,1,0,1,4,4,1,4,4,4,0,17,17,13,2124,4913,0,17476
2936,20260922,1,1,0,1,4,4,1,4,4,4,0,17,17,13,2124,4913,0,17476
2937,20260922,1,1,0,1,4,4,1,4,4,4,0,17,17,13,2124,4369,0,4369
2938,20260922,1,1,0,3,12,12,3,12,12,4,0,17,17,5,3294,4369,3294,4369
2939,20260922,0,0,0,3,NA,7,3,NA,7,1,0,17,17,10,6,1,0,0
2940,20260922,1,1,0,1,4,4,1,4,4,4,0,17,17,13,2124,4369,0,4369
2941,20260922,0,0,0,NA,NA,4,NA,NA,4,0,0,17,17,13,0,0,0,0
2942,20260922,0,0,0,NA,NA,4,NA,NA,4,0,0,17,17,13,0,0,0,0
2943,20260922,0,0,0,NA,NA,4,NA,NA,4,0,0,17,17,13,0,0,0,0
2944,20260922,0,0,0,NA,NA,4,NA,NA,4,0,0,17,17,13,0,0,0,0
2945,20260922,0,0,0,NA,NA,4,NA,NA,4,0,0,17,17,13,0,0,0,0
2946,20260922,1,1,0,1,4,4,1,4,4,4,0,17,17,13,2124,9010,0,17476
2947,20260922,1,1,0,1,4,4,1,4,4,4,0,17,17,13,2124,4369,0,4369
2948,20260922,1,1,0,2,6,6,2,6,6,4,0,17,17,11,72,4369,0,4369
2949,20260922,1,1,0,1,4,4,1,4,4,4,0,17,17,13,2124,4369,0,4369
2950,20260922,1,1,0,1,4,4,1,4,4,4,0,17,17,13,2124,4369,0,4369
2951,20260922,0,0,0,NA,NA,4,NA,NA,4,0,0,17,17,13,0,0,0,0
2952,20260922,0,0,0,NA,NA,4,NA,NA,4,0,0,17,17,13,0,0,0,0
2953,20260922,0,0,0,3,NA,7,3,NA,7,1,0,17,17,10,6,4,0,0
2954,20260922,0,0,0,NA,NA,4,NA,NA,4,0,0,17,17,13,0,0,0,0
2955,20260922,0,0,0,3,NA,7,3,NA,7,1,0,17,17,10,6,1,0,0
2956,20260922,0,0,0,NA,NA,4,NA,NA,4,0,0,17,17,13,0,0,0,0
2957,20260922,1,1,0,1,4,4,1,4,4,4,0,17,17,13,2124,4369,0,4369
2958,20260922,0,0,0,NA,NA,4,NA,NA,4,0,0,17,17,13,0,0,0,0
2959,20260922,1,1,0,1,4,4,1,4,4,4,0,17,17,13,2124,4913,0,17476
2960,20260922,1,1,0,1,4,4,1,4,4,4,0,17,17,13,2124,4369,0,4369
2961,20260922,1,1,0,1,6,6,1,6,6,4,0,17,17,11,2052,5729,0,26214
2962,20260922,0,0,0,3,NA,7,3,NA,7,1,0,17,17,10,6,1,0,0
2963,20260922,0,0,0,NA,NA,4,NA,NA,4,0,0,17,17,13,0,0,0,0
2964,20260922,0,0,0,NA,NA,4,NA,NA,4,0,0,17,17,13,0,0,0,0
2965,20260922,1,1,0,1,4,4,1,4,4,4,0,17,17,13,2124,4369,0,4369
2966,20260922,0,0,0,NA,NA,4,NA,NA,4,0,0,17,17,13,0,0,0,0
2967,20260922,0,0,0,NA,NA,4,NA,NA,4,0,0,17,17,13,0,0,0,0
2968,20260922,1,1,0,1,4,4,1,4,4,4,0,17,17,13,2124,4369,0,4369
2969,20260922,0,0,0,NA,NA,4,NA,NA,4,0,0,17,17,13,0,0,0,0
2970,20260922,0,0,0,NA,NA,4,NA,NA,4,0,0,17,17,13,0,0,0,0
2971,20260922,0,0,0,NA,NA,4,NA,NA,4,0,0,17,17,13,0,0,0,0
2972,20260922,1,1,0,3,12,12,3,12,12,4,0,17,17,5,3294,4369,3294,4369
2973,20260922,0,0,0,3,NA,7,3,NA,7,1,0,17,17,10,6,3,0,0
2974,20260922,0,0,0,3,NA,7,3,NA,7,1,0,17,17,10,6,1,0,0
2975,20260922,1,1,0,2,6,6,2,6,6,4,0,17,17,11,72,4369,0,4369
2976,20260922,0,0,0,4,NA,11,4,NA,11,2,0,17,17,6,29,65,0,0
2977,20260922,0,0,0,NA,NA,4,NA,NA,4,0,0,17,17,13,0,0,0,0
2978,20260922,1,1,0,1,4,4,1,4,4,4,0,17,17,13,2124,12563,0,4369
2979,20260922,1,1,0,2,6,6,2,6,6,4,0,17,17,11,72,4369,0,4369
2980,20260922,0,0,0,NA,NA,4,NA,NA,4,0,0,17,17,13,0,0,0,0
2981,20260922,1,1,0,2,6,6,2,6,6,4,0,17,17,11,72,4369,0,4369
2982,20260922,1,1,0,2,6,6,2,6,6,4,0,17,17,11,72,8738,0,8738
2983,20260922,1,1,0,1,4,4,1,4,4,4,0,17,17,13,2124,4913,0,17476
2984,20260922,0,0,0,3,NA,7,3,NA,7,1,0,17,17,10,6,1,0,0
2985,20260922,1,1,0,2,6,6,2,6,6,4,0,17,17,11,72,4369,0,4369
2986,20260922,1,1,0,1,4,4,1,4,4,4,0,17,17,13,2124,4369,0,4369
2987,20260922,0,0,0,NA,NA,4,NA,NA,4,0,0,17,17,13,0,0,0,0
2988,20260922,1,1,0,1,4,4,1,4,4,4,0,17,17,13,2124,4369,0,4369
2989,20260922,0,0,0,NA,NA,4,NA,NA,4,0,0,17,17,13,0,0,0,0
2990,20260922,0,0,0,3,NA,7,3,NA,7,1,0,17,17,10,6,1,0,0
2991,20260922,0,0,0,NA,NA,4,NA,NA,4,0,0,17,17,13,0,0,0,0
2992,20260922,0,0,0,NA,NA,4,NA,NA,4,0,0,17,17,13,0,0,0,0
2993,20260922,1,1,0,1,6,6,1,6,6,4,0,17,17,11,2052,5729,0,26214
2994,20260922,1,1,0,2,6,6,2,6,6,4,0,17,17,11,72,4369,0,4369
2995,20260922,0,0,0,3,NA,7,3,NA,7,1,0,17,17,10,6,1,0,0
2996,20260922,0,0,0,NA,NA,4,NA,NA,4,0,0,17,17,13,0,0,0,0
2997,20260922,0,0,0,NA,NA,4,NA,NA,4,0,0,17,17,13,0,0,0,0
2998,20260922,1,1,0,2,8,8,2,8,8,4,0,17,17,9,0,13107,0,13107
2999,20260922,1,1,0,1,4,4,1,4,4,4,0,17,17,13,2124,4369,0,4369
3000,20260922,1,1,0,1,6,6,1,6,6,4,0,17,17,11,2052,5729,0,26214
3001,20260922,1,1,0,2,6,6,2,6,6,4,0,17,17,11,72,4369,0,4369
3002,20260922,0,0,0,NA,NA,4,NA,NA,4,0,0,17,17,13,0,0,0,0
3003,20260922,0,0,0,4,NA,11,4,NA,11,2,0,17,17,6,29,23,0,0
3004,20260922,1,1,0,1,4,4,1,4,4,4,0,17,17,13,2124,4913,0,17476
3005,20260922,1,1,0,1,4,4,1,4,4,4,0,17,17,13,2124,12563,0,4369
3006,20260922,0,0,0,NA,NA,4,NA,NA,4,0,0,17,17,13,0,0,0,0
3007,20260922,1,1,0,1,4,4,1,4,4,4,0,17,17,13,2124,4369,0,4369
3008,20260922,0,0,0,NA,NA,4,NA,NA,4,0,0,17,17,13,0,0,0,0
3009,20260922,0,0,0,NA,NA,4,NA,NA,4,0,0,17,17,13,0,0,0,0
3010,20260922,1,1,0,2,6,6,2,6,6,4,0,17,17,11,72,4369,0,4369
3011,20260922,0,0,0,NA,NA,4,NA,NA,4,0,0,17,17,13,0,0,0,0
3012,20260922,1,1,0,1,6,6,1,6,6,4,0,17,17,11,2052,5729,0,26214
3013,20260922,1,1,0,1,6,6,1,6,6,4,0,17,17,11,2052,5185,0,17476
3014,20260922,1,1,0,1,4,4,1,4,4,4,0,17,17,13,2124,4369,0,4369
3015,20260922,0,0,0,NA,NA,4,NA,NA,4,0,0,17,17,13,0,0,0,0
3016,20260922,0,0,0,NA,NA,4,NA,NA,4,0,0,17,17,13,0,0,0,0
3017,20260922,1,1,0,1,4,4,1,4,4,4,0,17,17,13,2124,4369,0,4369
3018,20260922,1,1,0,3,12,12,3,12,12,4,0,17,17,5,3294,12563,3294,12563
3019,20260922,1,1,0,3,12,12,3,12,12,4,0,17,17,5,3294,4369,3294,4369
3020,20260922,0,0,0,NA,NA,4,NA,NA,4,0,0,17,17,13,0,0,0,0
3021,20260922,1,1,0,1,6,6,1,6,6,4,0,17,17,11,2052,13107,0,13107
3022,20260922,1,1,0,2,6,6,2,6,6,4,0,17,17,11,72,8738,0,8738
3023,20260922,1,1,0,1,4,4,1,4,4,4,0,17,17,13,2124,4369,0,4369
3024,20260922,1,1,0,1,6,6,1,6,6,4,0,17,17,11,2052,4641,0,8738
3025,20260922,1,1,0,2,8,8,2,8,8,4,0,17,17,9,0,8738,0,8738
3026,20260922,1,1,0,1,4,4,1,4,4,4,0,17,17,13,2124,4369,0,4369
3027,20260922,0,0,0,NA,NA,4,NA,NA,4,0,0,17,17,13,0,0,0,0
3028,20260922,1,1,0,1,6,6,1,6,6,4,0,17,17,11,2052,5729,0,26214
3029,20260922,1,1,0,1,4,4,1,4,4,4,0,17,17,13,2124,4369,0,4369
3030,20260922,1,1,0,2,6,6,2,6,6,4,0,17,17,11,72,4369,0,4369
3031,20260922,1,1,0,2,6,6,2,6,6,4,0,17,17,11,72,4369,0,4369
3032,20260922,0,0,0,3,NA,7,3,NA,7,1,0,17,17,10,6,1,0,0
3033,20260922,0,0,0,NA,NA,4,NA,NA,4,0,0,17,17,13,0,0,0,0
3034,20260922,0,0,0,1,NA,5,1,NA,5,1,0,17,17,12,4,2,0,0
3035,20260922,0,0,0,4,NA,11,4,NA,11,2,0,17,17,6,29,74,0,0
3036,20260922,1,1,0,2,8,8,2,8,8,4,0,17,17,9,0,8738,0,8738
3037,20260922,1,1,0,1,4,4,1,4,4,4,0,17,17,13,2124,4369,0,4369
3038,20260922,0,0,0,NA,NA,4,NA,NA,4,0,0,17,17,13,0,0,0,0
3039,20260922,1,1,0,1,4,4,1,4,4,4,0,17,17,13,2124,4369,0,4369
3040,20260922,1,1,0,1,6,6,1,6,6,4,0,17,17,11,2052,5729,0,26214
3041,20260922,1,1,0,2,6,6,2,6,6,4,0,17,17,11,72,4369,0,4369
3042,20260922,0,0,0,NA,NA,4,NA,NA,4,0,0,17,17,13,0,0,0,0
3043,20260922,1,1,0,1,4,4,1,4,4,4,0,17,17,13,2124,4369,0,4369
3044,20260922,0,0,0,3,NA,7,3,NA,7,1,0,17,17,10,6,1,0,0
3045,20260922,0,0,0,NA,NA,4,NA,NA,4,0,0,17,17,13,0,0,0,0
3046,20260922,1,1,0,2,6,6,2,6,6,4,0,17,17,11,72,4369,0,4369
3047,20260922,1,1,0,1,4,4,1,4,4,4,0,17,17,13,2124,4369,0,4369
3048,20260922,1,1,0,1,4,4,1,4,4,4,0,17,17,13,2124,12563,0,4369
3049,20260922,0,0,0,NA,NA,4,NA,NA,4,0,0,17,17,13,0,0,0,0
3050,20260922,0,0,0,NA,NA,4,NA,NA,4,0,0,17,17,13,0,0,0,0
3051,20260922,0,0,0,NA,NA,4,NA,NA,4,0,0,17,17,13,0,0,0,0
3052,20260922,0,0,0,3,NA,7,3,NA,7,1,0,17,17,10,6,4,0,0
3053,20260922,1,1,0,1,4,4,1,4,4,4,0,17,17,13,2124,4369,0,4369
3054,20260922,0,0,0,NA,NA,4,NA,NA,4,0,0,17,17,13,0,0,0,0
3055,20260922,0,0,0,NA,NA,4,NA,NA,4,0,0,17,17,13,0,0,0,0
3056,20260922,0,0,0,NA,NA,4,NA,NA,4,0,0,17,17,13,0,0,0,0
3057,20260922,0,0,0,3,NA,7,3,NA,7,1,0,17,17,10,6,3,0,0
3058,20260922,0,0,0,NA,NA,4,NA,NA,4,0,0,17,17,13,0,0,0,0
3059,20260922,0,0,0,4,NA,8,4,NA,8,1,0,17,17,9,5,10,0,0
3060,20260922,0,0,0,NA,NA,4,NA,NA,4,0,0,17,17,13,0,0,0,0
3061,20260922,1,1,0,1,4,4,1,4,4,4,0,17,17,13,2124,8738,2124,8738
3062,20260922,1,1,0,1,6,6,1,6,6,4,0,17,17,11,2052,5185,0,17476
3063,20260922,0,0,0,NA,NA,4,NA,NA,4,0,0,17,17,13,0,0,0,0
3064,20260922,1,1,0,2,8,8,2,8,8,4,0,17,17,9,0,26214,0,26214
3065,20260922,1,1,0,1,6,6,1,6,6,4,0,17,17,11,2052,5185,0,17476
3066,20260922,0,0,0,NA,NA,4,NA,NA,4,0,0,17,17,13,0,0,0,0
3067,20260922,0,0,0,NA,NA,4,NA,NA,4,0,0,17,17,13,0,0,0,0
3068,20260922,0,0,0,3,NA,7,3,NA,7,1,0,17,17,10,6,1,0,0
3069,20260922,1,1,0,1,4,4,1,4,4,4,0,17,17,13,2124,12563,0,4369
3070,20260922,1,1,0,1,4,4,1,4,4,4,0,17,17,13,2124,4369,0,4369
3071,20260922,0,0,0,3,NA,7,3,NA,7,1,0,17,17,10,6,1,0,0
3072,20260922,1,1,0,1,4,4,1,4,4,4,0,17,17,13,2124,4369,0,4369
3073,20260922,0,0,0,NA,NA,4,NA,NA,4,0,0,17,17,13,0,0,0,0
3074,20260922,0,0,0,NA,NA,4,NA,NA,4,0,0,17,17,13,0,0,0,0
3075,20260922,0,0,0,NA,NA,4,NA,NA,4,0,0,17,17,13,0,0,0,0
3076,20260922,0,0,0,NA,NA,4,NA,NA,4,0,0,17,17,13,0,0,0,0
3077,20260922,0,0,0,3,NA,7,3,NA,7,1,0,17,17,10,6,4,0,0
3078,20260922,0,0,0,3,NA,7,3,NA,7,1,0,17,17,10,6,1,0,0
3079,20260922,0,0,0,NA,NA,4,NA,NA,4,0,0,17,17,13,0,0,0,0
3080,20260922,0,0,0,3,NA,7,3,NA,7,1,0,17,17,10,6,1,0,0
3081,20260922,1,1,0,1,6,6,1,6,6,4,0,17,17,11,2052,9554,0,21845
3082,20260922,1,1,0,2,6,6,2,6,6,4,0,17,17,11,72,17204,0,17476
3083,20260922,1,1,0,2,6,6,2,6,6,4,0,17,17,11,72,4369,0,4369
3084,20260922,1,1,0,1,6,6,1,6,6,4,0,17,17,11,2052,5729,0,26214
3085,20260922,1,1,0,2,8,8,2,8,8,4,0,17,17,9,0,17476,0,17476
3086,20260922,0,0,0,NA,NA,4,NA,NA,4,0,0,17,17,13,0,0,0,0
3087,20260922,1,1,0,1,4,4,1,4,4,4,0,17,17,13,2124,12563,0,4369
3088,20260922,0,0,0,NA,NA,4,NA,NA,4,0,0,17,17,13,0,0,0,0
3089,20260922,1,1,0,2,6,6,2,6,6,4,0,17,17,11,72,17204,0,17476
3090,20260922,1,1,0,1,4,4,1,4,4,4,0,17,17,13,2124,4369,0,4369
3091,20260922,0,0,0,NA,NA,4,NA,NA,4,0,0,17,17,13,0,0,0,0
3092,20260922,0,0,0,NA,NA,4,NA,NA,4,0,0,17,17,13,0,0,0,0
3093,20260922,0,0,0,4,NA,11,4,NA,11,2,0,17,17,6,29,25,0,0
3094,20260922,0,0,0,NA,NA,4,NA,NA,4,0,0,17,17,13,0,0,0,0
3095,20260922,1,1,0,1,4,4,1,4,4,4,0,17,17,13,2124,9010,0,17476
3096,20260922,1,1,0,1,4,4,1,4,4,4,0,17,17,13,2124,4641,0,8738
3097,20260922,0,0,0,NA,NA,4,NA,NA,4,0,0,17,17,13,0,0,0,0
3098,20260922,1,1,0,1,4,4,1,4,4,4,0,17,17,13,2124,4369,0,4369
3099,20260922,0,0,0,NA,NA,4,NA,NA,4,0,0,17,17,13,0,0,0,0
3100,20260922,1,1,0,3,12,12,3,12,12,4,0,17,17,5,3294,8466,3294,8466
3101,20260922,1,1,0,1,6,6,1,6,6,4,0,17,17,11,2052,5185,0,17476
3102,20260922,0,0,0,NA,NA,4,NA,NA,4,0,0,17,17,13,0,0,0,0
3103,20260922,0,0,0,NA,NA,4,NA,NA,4,0,0,17,17,13,0,0,0,0
3104,20260922,1,1,0,2,8,8,2,8,8,4,0,17,17,9,0,26214,0,26214
3105,20260922,0,0,0,NA,NA,4,NA,NA,4,0,0,17,17,13,0,0,0,0
3106,20260922,0,0,0,NA,NA,4,NA,NA,4,0,0,17,17,13,0,0,0,0
3107,20260922,0,0,0,NA,NA,4,NA,NA,4,0,0,17,17,13,0,0,0,0
3108,20260922,0,0,0,NA,NA,4,NA,NA,4,0,0,17,17,13,0,0,0,0
3109,20260922,1,1,0,2,8,8,2,8,8,4,0,17,17,9,0,21845,0,21845
3110,20260922,1,1,0,1,4,4,1,4,4,4,0,17,17,13,2124,4369,0,4369
3111,20260922,0,0,0,NA,NA,4,NA,NA,4,0,0,17,17,13,0,0,0,0
3112,20260922,1,1,0,2,6,6,2,6,6,4,0,17,17,11,72,4369,0,4369
3113,20260922,1,1,0,1,4,4,1,4,4,4,0,17,17,13,2124,4369,0,4369
3114,20260922,0,0,0,NA,NA,4,NA,NA,4,0,0,17,17,13,0,0,0,0
3115,20260922,1,1,0,1,4,4,1,4,4,4,0,17,17,13,2124,4641,0,8738
3116,20260922,0,0,0,NA,NA,4,NA,NA,4,0,0,17,17,13,0,0,0,0
3117,20260922,0,0,0,NA,NA,4,NA,NA,4,0,0,17,17,13,0,0,0,0
3118,20260922,1,1,0,3,12,12,3,12,12,4,0,17,17,5,3294,4369,3294,4369
3119,20260922,1,1,0,1,4,4,1,4,4,4,0,17,17,13,2124,12835,0,8738
3120,20260922,1,1,0,2,6,6,2,6,6,4,0,17,17,11,72,8738,0,8738
3121,20260922,1,1,0,2,6,6,2,6,6,4,0,17,17,11,72,4369,0,4369
3122,20260922,1,1,0,1,4,4,1,4,4,4,0,17,17,13,2124,12563,0,4369
3123,20260922,1,1,0,1,4,4,1,4,4,4,0,17,17,13,2124,12563,0,4369
3124,20260922,1,1,0,3,12,12,3,12,12,4,0,17,17,5,3294,4369,3294,4369
3125,20260922,0,0,0,NA,NA,4,NA,NA,4,0,0,17,17,13,0,0,0,0
3126,20260922,0,0,0,3,NA,7,3,NA,7,1,0,17,17,10,6,1,0,0
3127,20260922,0,0,0,NA,NA,4,NA,NA,4,0,0,17,17,13,0,0,0,0
3128,20260922,1,1,0,3,12,12,3,12,12,4,0,17,17,5,3294,4369,3294,4369
3129,20260922,0,0,0,NA,NA,4,NA,NA,4,0,0,17,17,13,0,0,0,0
3130,20260922,0,0,0,NA,NA,4,NA,NA,4,0,0,17,17,13,0,0,0,0
3131,20260922,0,0,0,4,NA,8,4,NA,8,1,0,17,17,9,5,9,0,0
3132,20260922,0,0,0,NA,NA,4,NA,NA,4,0,0,17,17,13,0,0,0,0
3133,20260922,0,0,0,3,NA,7,3,NA,7,1,0,17,17,10,6,1,0,0
3134,20260922,0,0,0,NA,NA,4,NA,NA,4,0,0,17,17,13,0,0,0,0
3135,20260922,0,0,0,NA,NA,4,NA,NA,4,0,0,17,17,13,0,0,0,0
3136,20260922,0,0,0,NA,NA,4,NA,NA,4,0,0,17,17,13,0,0,0,0
3137,20260922,0,0,0,4,NA,11,4,NA,11,2,0,17,17,6,29,23,0,0
3138,20260922,1,1,0,4,10,10,4,10,10,4,0,17,17,7,2637,25398,2637,25398
3139,20260922,1,1,0,1,6,6,1,6,6,4,0,17,17,11,2052,5729,0,26214
3140,20260922,0,0,0,NA,NA,4,NA,NA,4,0,0,17,17,13,0,0,0,0
3141,20260922,1,1,0,1,4,4,1,4,4,4,0,17,17,13,2124,4369,0,4369
3142,20260922,0,0,0,NA,NA,4,NA,NA,4,0,0,17,17,13,0,0,0,0
3143,20260922,1,1,0,1,6,6,1,6,6,4,0,17,17,11,2052,12835,0,8738
3144,20260922,0,0,0,NA,NA,4,NA,NA,4,0,0,17,17,13,0,0,0,0
3145,20260922,1,1,0,2,6,6,2,6,6,4,0,17,17,11,72,8738,0,8738
3146,20260922,0,0,0,NA,NA,4,NA,NA,4,0,0,17,17,13,0,0,0,0
3147,20260922,0,0,0,3,NA,7,3,NA,7,1,0,17,17,10,6,1,0,0
3148,20260922,1,1,0,1,4,4,1,4,4,4,0,17,17,13,2124,8466,0,4369
3149,20260922,0,0,0,NA,NA,4,NA,NA,4,0,0,17,17,13,0,0,0,0
3150,20260922,0,0,0,3,NA,7,3,NA,7,1,0,17,17,10,6,1,0,0
3151,20260922,1,1,0,1,4,4,1,4,4,4,0,17,17,13,2124,4369,0,4369
3152,20260922,0,0,0,3,NA,7,3,NA,7,1,0,17,17,10,6,1,0,0
3153,20260922,1,1,0,1,6,6,1,6,6,4,0,17,17,11,2052,5185,0,17476
3154,20260922,0,0,0,NA,NA,4,NA,NA,4,0,0,17,17,13,0,0,0,0
3155,20260922,0,0,0,3,NA,7,3,NA,7,1,0,17,17,10,6,1,0,0
3156,20260922,0,0,0,NA,NA,4,NA,NA,4,0,0,17,17,13,0,0,0,0
3157,20260922,1,1,0,3,12,12,3,12,12,4,0,17,17,5,3294,4369,3294,4369
3158,20260922,0,0,0,NA,NA,4,NA,NA,4,0,0,17,17,13,0,0,0,0
3159,20260922,1,1,0,3,12,12,3,12,12,4,0,17,17,5,3294,4369,3294,4369
3160,20260922,0,0,0,NA,NA,4,NA,NA,4,0,0,17,17,13,0,0,0,0
3161,20260922,0,0,0,NA,NA,4,NA,NA,4,0,0,17,17,13,0,0,0,0
3162,20260922,1,1,0,1,4,4,1,4,4,4,0,17,17,13,2124,4369,0,4369
3163,20260922,1,1,0,1,4,4,1,4,4,4,0,17,17,13,2124,4369,0,4369
3164,20260922,1,1,0,1,6,6,1,6,6,4,0,17,17,11,2052,5729,0,26214
3165,20260922,0,0,0,3,NA,7,3,NA,7,1,0,17,17,10,6,3,0,0
3166,20260922,1,1,0,1,4,4,1,4,4,4,0,17,17,13,2124,4369,0,4369
3167,20260922,0,0,0,NA,NA,4,NA,NA,4,0,0,17,17,13,0,0,0,0
3168,20260922,1,1,0,1,6,6,1,6,6,4,0,17,17,11,2052,5185,0,17476
3169,20260922,1,1,0,1,6,6,1,6,6,4,0,17,17,11,2052,5185,0,17476
3170,20260922,1,1,0,1,4,4,1,4,4,4,0,17,17,13,2124,4641,0,8738
3171,20260922,0,0,0,NA,NA,4,NA,NA,4,0,0,17,17,13,0,0,0,0
3172,20260922,0,0,0,NA,NA,4,NA,NA,4,0,0,17,17,13,0,0,0,0
3173,20260922,1,1,0,1,4,4,1,4,4,4,0,17,17,13,2124,4369,0,4369
3174,20260922,0,0,0,NA,NA,4,NA,NA,4,0,0,17,17,13,0,0,0,0
3175,20260922,1,1,0,1,4,4,1,4,4,4,0,17,17,13,2124,4369,0,4369
3176,20260922,1,1,0,1,4,4,1,4,4,4,0,17,17,13,2124,4641,0,8738
3177,20260922,1,1,0,1,4,4,1,4,4,4,0,17,17,13,2124,4913,0,17476
3178,20260922,1,1,0,1,6,6,1,6,6,4,0,17,17,11,2052,5185,0,17476
3179,20260922,1,1,0,1,4,4,1,4,4,4,0,17,17,13,2124,4369,0,4369
3180,20260922,1,1,0,1,4,4,1,4,4,4,0,17,17,13,2124,4913,0,17476
3181,20260922,0,0,0,NA,NA,4,NA,NA,4,0,0,17,17,13,0,0,0,0
3182,20260922,0,0,0,NA,NA,4,NA,NA,4,0,0,17,17,13,0,0,0,0
3183,20260922,1,1,0,1,4,4,1,4,4,4,0,17,17,13,2124,4369,0,4369
3184,20260922,1,1,0,2,6,6,2,6,6,4,0,17,17,11,72,8738,0,8738
3185,20260922,0,0,0,NA,NA,4,NA,NA,4,0,0,17,17,13,0,0,0,0
3186,20260922,1,1,0,1,4,4,1,4,4,4,0,17,17,13,2124,4369,0,4369
3187,20260922,1,1,0,1,4,4,1,4,4,4,0,17,17,13,2124,4369,0,4369
3188,20260922,0,0,0,NA,NA,4,NA,NA,4,0,0,17,17,13,0,0,0,0
3189,20260922,0,0,0,4,NA,11,4,NA,11,2,0,17,17,6,29,22,0,0
3190,20260922,0,0,0,NA,NA,4,NA,NA,4,0,0,17,17,13,0,0,0,0
3191,20260922,0,0,0,3,NA,7,3,NA,7,1,0,17,17,10,6,4,0,0
3192,20260922,1,1,0,1,6,6,1,6,6,4,0,17,17,11,2052,5729,0,26214
3193,20260922,0,0,0,NA,NA,4,NA,NA,4,0,0,17,17,13,0,0,0,0
3194,20260922,0,0,0,NA,NA,4,NA,NA,4,0,0,17,17,13,0,0,0,0
3195,20260922,1,1,0,1,4,4,1,4,4,4,0,17,17,13,2124,4369,0,4369
3196,20260922,1,1,0,1,6,6,1,6,6,4,0,17,17,11,2052,5729,0,26214
3197,20260922,0,0,0,NA,NA,4,NA,NA,4,0,0,17,17,13,0,0,0,0
3198,20260922,1,1,0,2,6,6,2,6,6,4,0,17,17,11,72,8738,0,8738
3199,20260922,1,1,0,1,4,4,1,4,4,4,0,17,17,13,2124,4641,0,8738
3200,20260922,0,0,0,NA,NA,4,NA,NA,4,0,0,17,17,13,0,0,0,0
3201,20260922,0,0,0,NA,NA,4,NA,NA,4,0,0,17,17,13,0,0,0,0
3202,20260922,1,1,0,1,6,6,1,6,6,4,0,17,17,11,2052,5729,0,26214
3203,20260922,0,0,0,3,NA,7,3,NA,7,1,0,17,17,10,6,1,0,0
3204,20260922,1,1,0,1,6,6,1,6,6,4,0,17,17,11,2052,5729,0,26214
3205,20260922,0,0,0,NA,NA,4,NA,NA,4,0,0,17,17,13,0,0,0,0
3206,20260922,0,0,0,NA,NA,4,NA,NA,4,0,0,17,17,13,0,0,0,0
3207,20260922,1,1,0,1,4,4,1,4,4,4,0,17,17,13,2124,4369,0,4369
3208,20260922,0,0,0,3,NA,7,3,NA,7,1,0,17,17,10,6,1,0,0
3209,20260922,1,1,0,1,6,6,1,6,6,4,0,17,17,11,2052,4641,0,8738
3210,20260922,1,1,0,1,6,6,1,6,6,4,0,17,17,11,2052,5185,0,17476
3211,20260922,0,0,0,3,NA,7,3,NA,7,1,0,17,17,10,6,1,0,0
3212,20260922,1,1,0,1,4,4,1,4,4,4,0,17,17,13,2124,4369,0,4369
3213,20260922,0,0,0,NA,NA,4,NA,NA,4,0,0,17,17,13,0,0,0,0
3214,20260922,1,1,0,1,4,4,1,4,4,4,0,17,17,13,2124,4369,0,4369
3215,20260922,1,1,0,1,4,4,1,4,4,4,0,17,17,13,2124,4369,0,4369
3216,20260922,0,0,0,NA,NA,4,NA,NA,4,0,0,17,17,13,0,0,0,0
3217,20260922,1,1,0,1,4,4,1,4,4,4,0,17,17,13,2124,4369,0,4369
3218,20260922,0,0,0,NA,NA,4,NA,NA,4,0,0,17,17,13,0,0,0,0
3219,20260922,0,0,0,NA,NA,4,NA,NA,4,0,0,17,17,13,0,0,0,0
3220,20260922,1,1,0,2,6,6,2,6,6,4,0,17,17,11,72,4369,0,4369
3221,20260922,0,0,0,NA,NA,4,NA,NA,4,0,0,17,17,13,0,0,0,0
3222,20260922,1,1,0,2,6,6,2,6,6,4,0,17,17,11,72,4369,0,4369
3223,20260922,0,0,0,NA,NA,4,NA,NA,4,0,0,17,17,13,0,0,0,0
3224,20260922,0,0,0,NA,NA,4,NA,NA,4,0,0,17,17,13,0,0,0,0
3225,20260922,0,0,0,NA,NA,4,NA,NA,4,0,0,17,17,13,0,0,0,0
3226,20260922,1,1,0,1,4,4,1,4,4,4,0,17,17,13,2124,8466,0,4369
3227,20260922,1,1,0,2,6,6,2,6,6,4,0,17,17,11,72,4369,0,4369
3228,20260922,1,1,0,1,4,4,1,4,4,4,0,17,17,13,2124,4369,0,4369
3229,20260922,0,0,0,NA,NA,4,NA,NA,4,0,0,17,17,13,0,0,0,0
3230,20260922,0,0,0,NA,NA,4,NA,NA,4,0,0,17,17,13,0,0,0,0
3231,20260922,0,0,0,NA,NA,4,NA,NA,4,0,0,17,17,13,0,0,0,0
3232,20260922,1,1,0,1,4,4,1,4,4,4,0,17,17,13,2124,4369,0,4369
3233,20260922,1,1,0,2,6,6,2,6,6,4,0,17,17,11,72,4369,0,4369
3234,20260922,0,0,0,NA,NA,4,NA,NA,4,0,0,17,17,13,0,0,0,0
3235,20260922,0,0,0,NA,NA,4,NA,NA,4,0,0,17,17,13,0,0,0,0
3236,20260922,1,1,0,2,6,6,2,6,6,4,0,17,17,11,72,4369,0,4369
3237,20260922,0,0,0,NA,NA,4,NA,NA,4,0,0,17,17,13,0,0,0,0
3238,20260922,0,0,0,3,NA,7,3,NA,7,1,0,17,17,10,6,1,0,0
3239,20260922,1,1,0,3,12,12,3,12,12,4,0,17,17,5,3294,4369,3294,4369
3240,20260922,1,1,0,3,12,12,3,12,12,4,0,17,17,5,3294,16660,3294,16660
3241,20260922,0,0,0,NA,NA,4,NA,NA,4,0,0,17,17,13,0,0,0,0
3242,20260922,0,0,0,NA,NA,4,NA,NA,4,0,0,17,17,13,0,0,0,0
3243,20260922,1,1,0,1,4,4,1,4,4,4,0,17,17,13,2124,4913,0,17476
3244,20260922,0,0,0,NA,NA,4,NA,NA,4,0,0,17,17,13,0,0,0,0
3245,20260922,1,1,0,1,6,6,1,6,6,4,0,17,17,11,2052,5729,0,26214
3246,20260922,0,0,0,3,NA,7,3,NA,7,1,0,17,17,10,6,2,0,0
3247,20260922,1,1,0,2,6,6,2,6,6,4,0,17,17,11,72,4369,0,4369
3248,20260922,0,0,0,NA,NA,4,NA,NA,4,0,0,17,17,13,0,0,0,0
3249,20260922,0,0,0,NA,NA,4,NA,NA,4,0,0,17,17,13,0,0,0,0
3250,20260922,1,1,0,2,6,6,2,6,6,4,0,17,17,11,72,4369,0,4369
3251,20260922,1,1,0,1,4,4,1,4,4,4,0,17,17,13,2124,4369,0,4369
3252,20260922,1,1,0,3,12,12,3,12,12,4,0,17,17,5,3294,4369,3294,4369
3253,20260922,0,0,0,NA,NA,4,NA,NA,4,0,0,17,17,13,0,0,0,0
3254,20260922,0,0,0,NA,NA,4,NA,NA,4,0,0,17,17,13,0,0,0,0
3255,20260922,0,0,0,NA,NA,4,NA,NA,4,0,0,17,17,13,0,0,0,0
3256,20260922,0,0,0,4,NA,8,4,NA,8,1,0,17,17,9,5,2,0,0
3257,20260922,1,1,0,1,4,4,1,4,4,4,0,17,17,13,2124,4369,0,4369
3258,20260922,1,1,0,1,4,4,1,4,4,4,0,17,17,13,2124,12563,0,4369
3259,20260922,0,0,0,NA,NA,4,NA,NA,4,0,0,17,17,13,0,0,0,0
3260,20260922,1,1,0,1,4,4,1,4,4,4,0,17,17,13,2124,4369,0,4369
3261,20260922,0,0,0,NA,NA,4,NA,NA,4,0,0,17,17,13,0,0,0,0
3262,20260922,0,0,0,NA,NA,4,NA,NA,4,0,0,17,17,13,0,0,0,0
3263,20260922,1,1,0,1,4,4,1,4,4,4,0,17,17,13,2124,4369,0,4369
3264,20260922,1,1,0,1,4,4,1,4,4,4,0,17,17,13,2124,4369,0,4369
3265,20260922,0,0,0,4,NA,8,4,NA,8,1,0,17,17,9,5,4,0,0
3266,20260922,1,1,0,3,12,12,3,12,12,4,0,17,17,5,3294,4369,3294,4369
3267,20260922,1,1,0,2,6,6,2,6,6,4,0,17,17,11,72,4369,0,4369
3268,20260922,1,1,0,1,4,4,1,4,4,4,0,17,17,13,2124,4913,0,17476
3269,20260922,1,1,0,3,12,12,3,12,12,4,0,17,17,5,3294,8466,3294,8466
3270,20260922,1,1,0,2,6,6,2,6,6,4,0,17,17,11,72,4369,0,4369
3271,20260922,0,0,0,NA,NA,4,NA,NA,4,0,0,17,17,13,0,0,0,0
3272,20260922,1,1,0,1,4,4,1,4,4,4,0,17,17,13,2124,12563,0,4369
3273,20260922,0,0,0,NA,NA,4,NA,NA,4,0,0,17,17,13,0,0,0,0
3274,20260922,0,0,0,NA,NA,4,NA,NA,4,0,0,17,17,13,0,0,0,0
3275,20260922,1,1,0,3,12,12,3,12,12,4,0,17,17,5,3294,4369,3294,4369
3276,20260922,0,0,0,NA,NA,4,NA,NA,4,0,0,17,17,13,0,0,0,0
3277,20260922,0,0,0,NA,NA,4,NA,NA,4,0,0,17,17,13,0,0,0,0
3278,20260922,1,1,0,1,4,4,1,4,4,4,0,17,17,13,2124,4369,0,4369
3279,20260922,1,1,0,1,4,4,1,4,4,4,0,17,17,13,2124,4641,0,8738
3280,20260922,0,0,0,3,NA,7,3,NA,7,1,0,17,17,10,6,1,0,0
3281,20260922,1,1,0,1,6,6,1,6,6,4,0,17,17,11,2052,9554,0,21845
3282,20260922,0,0,0,NA,NA,4,NA,NA,4,0,0,17,17,13,0,0,0,0
3283,20260922,1,1,0,1,4,4,1,4,4,4,0,17,17,13,2124,4369,0,4369
3284,20260922,0,0,0,4,NA,8,4,NA,8,1,0,17,17,9,5,1,0,0
3285,20260922,0,0,0,NA,NA,4,NA,NA,4,0,0,17,17,13,0,0,0,0
3286,20260922,1,1,0,2,6,6,2,6,6,4,0,17,17,11,72,4369,0,4369
3287,20260922,1,1,0,1,6,6,1,6,6,4,0,17,17,11,2052,8466,0,4369
3288,20260922,0,0,0,NA,NA,4,NA,NA,4,0,0,17,17,13,0,0,0,0
3289,20260922,0,0,0,3,NA,7,3,NA,7,1,0,17,17,10,6,1,0,0
3290,20260922,0,0,0,NA,NA,4,NA,NA,4,0,0,17,17,13,0,0,0,0
3291,20260922,0,0,0,NA,NA,4,NA,NA,4,0,0,17,17,13,0,0,0,0
3292,20260922,1,1,0,1,4,4,1,4,4,4,0,17,17,13,2124,4369,0,4369
3293,20260922,0,0,0,NA,NA,4,NA,NA,4,0,0,17,17,13,0,0,0,0
3294,20260922,0,0,0,NA,NA,4,NA,NA,4,0,0,17,17,13,0,0,0,0
3295,20260922,1,1,0,1,6,6,1,6,6,4,0,17,17,11,2052,5185,0,17476
3296,20260922,1,1,0,1,6,6,1,6,6,4,0,17,17,11,2052,13107,0,13107
3297,20260922,1,1,0,1,4,4,1,4,4,4,0,17,17,13,2124,4369,0,4369
3298,20260922,0,0,0,NA,NA,4,NA,NA,4,0,0,17,17,13,0,0,0,0
3299,20260922,0,0,0,NA,NA,4,NA,NA,4,0,0,17,17,13,0,0,0,0
3300,20260922,0,0,0,NA,NA,4,NA,NA,4,0,0,17,17,13,0,0,0,0
3301,20260922,0,0,0,NA,NA,4,NA,NA,4,0,0,17,17,13,0,0,0,0
3302,20260922,1,1,0,2,8,8,2,8,8,4,0,17,17,9,0,8738,0,8738
3303,20260922,1,1,0,1,6,6,1,6,6,4,0,17,17,11,2052,8466,0,4369
3304,20260922,0,0,0,NA,NA,4,NA,NA,4,0,0,17,17,13,0,0,0,0
3305,20260922,1,1,0,2,8,8,2,8,8,4,0,17,17,9,0,13107,0,13107
3306,20260922,0,0,0,NA,NA,4,NA,NA,4,0,0,17,17,13,0,0,0,0
3307,20260922,0,0,0,NA,NA,4,NA,NA,4,0,0,17,17,13,0,0,0,0
3308,20260922,1,1,0,1,4,4,1,4,4,4,0,17,17,13,2124,12563,0,4369
3309,20260922,0,0,0,NA,NA,4,NA,NA,4,0,0,17,17,13,0,0,0,0
3310,20260922,1,1,0,3,12,12,3,12,12,4,0,17,17,5,3294,4369,3294,4369
3311,20260922,0,0,0,NA,NA,4,NA,NA,4,0,0,17,17,13,0,0,0,0
3312,20260922,0,0,0,3,NA,7,3,NA,7,1,0,17,17,10,6,1,0,0
3313,20260922,1,1,0,1,4,4,1,4,4,4,0,17,17,13,2124,4369,0,4369
3314,20260922,1,1,0,2,6,6,2,6,6,4,0,17,17,11,72,4369,0,4369
3315,20260922,1,1,0,1,4,4,1,4,4,4,0,17,17,13,2124,12563,0,4369
3316,20260922,1,1,0,1,4,4,1,4,4,4,0,17,17,13,2124,4369,0,4369
3317,20260922,0,0,0,NA,NA,4,NA,NA,4,0,0,17,17,13,0,0,0,0
3318,20260922,0,0,0,NA,NA,4,NA,NA,4,0,0,17,17,13,0,0,0,0
3319,20260922,0,0,0,NA,NA,4,NA,NA,4,0,0,17,17,13,0,0,0,0
3320,20260922,0,0,0,NA,NA,4,NA,NA,4,0,0,17,17,13,0,0,0,0
3321,20260922,0,0,0,3,NA,7,3,NA,7,1,0,17,17,10,6,3,0,0
3322,20260922,1,1,0,1,4,4,1,4,4,4,0,17,17,13,2124,4369,0,4369
3323,20260922,0,0,0,NA,NA,4,NA,NA,4,0,0,17,17,13,0,0,0,0
3324,20260922,0,0,0,NA,NA,4,NA,NA,4,0,0,17,17,13,0,0,0,0
3325,20260922,1,1,0,1,4,4,1,4,4,4,0,17,17,13,2124,4369,0,4369
3326,20260922,0,0,0,NA,NA,4,NA,NA,4,0,0,17,17,13,0,0,0,0
3327,20260922,0,0,0,NA,NA,4,NA,NA,4,0,0,17,17,13,0,0,0,0
3328,20260922,1,1,0,1,4,4,1,4,4,4,0,17,17,13,2124,4369,0,4369
3329,20260922,1,1,0,2,6,6,2,6,6,4,0,17,17,11,72,4369,0,4369
3330,20260922,1,1,0,1,4,4,1,4,4,4,0,17,17,13,2124,4369,0,4369
3331,20260922,0,0,0,NA,NA,4,NA,NA,4,0,0,17,17,13,0,0,0,0
3332,20260922,0,0,0,3,NA,7,3,NA,7,1,0,17,17,10,6,1,0,0
3333,20260922,0,0,0,3,NA,7,3,NA,7,1,0,17,17,10,6,1,0,0
3334,20260922,0,0,0,4,NA,8,4,NA,8,1,0,17,17,9,5,9,0,0
3335,20260922,0,0,0,NA,NA,4,NA,NA,4,0,0,17,17,13,0,0,0,0
3336,20260922,1,1,0,1,4,4,1,4,4,4,0,17,17,13,2124,4369,0,4369
3337,20260922,0,0,0,NA,NA,4,NA,NA,4,0,0,17,17,13,0,0,0,0
3338,20260922,0,0,0,NA,NA,4,NA,NA,4,0,0,17,17,13,0,0,0,0
3339,20260922,0,0,0,NA,NA,4,NA,NA,4,0,0,17,17,13,0,0,0,0
3340,20260922,0,0,0,NA,NA,4,NA,NA,4,0,0,17,17,13,0,0,0,0
3341,20260922,0,0,0,3,NA,7,3,NA,7,1,0,17,17,10,6,2,0,0
3342,20260922,0,0,0,3,NA,7,3,NA,7,1,0,17,17,10,6,1,0,0
3343,20260922,0,0,0,NA,NA,4,NA,NA,4,0,0,17,17,13,0,0,0,0
3344,20260922,0,0,0,4,NA,8,4,NA,8,1,0,17,17,9,5,9,0,0
3345,20260922,0,0,0,NA,NA,4,NA,NA,4,0,0,17,17,13,0,0,0,0
3346,20260922,1,1,0,1,6,6,1,6,6,4,0,17,17,11,2052,9282,0,17476
3347,20260922,0,0,0,NA,NA,4,NA,NA,4,0,0,17,17,13,0,0,0,0
3348,20260922,1,1,0,1,6,6,1,6,6,4,0,17,17,11,2052,5729,0,26214
3349,20260922,1,1,0,2,6,6,2,6,6,4,0,17,17,11,72,4369,0,4369
3350,20260922,0,0,0,NA,NA,4,NA,NA,4,0,0,17,17,13,0,0,0,0
3351,20260922,1,1,0,1,4,4,1,4,4,4,0,17,17,13,2124,4369,0,4369
3352,20260922,1,1,0,4,10,10,4,10,10,4,0,17,17,7,2637,4369,2637,4369
3353,20260922,0,0,0,NA,NA,4,NA,NA,4,0,0,17,17,13,0,0,0,0
3354,20260922,1,1,0,1,4,4,1,4,4,4,0,17,17,13,2124,4369,0,4369
3355,20260922,0,0,0,NA,NA,4,NA,NA,4,0,0,17,17,13,0,0,0,0
3356,20260922,0,0,0,NA,NA,4,NA,NA,4,0,0,17,17,13,0,0,0,0
3357,20260922,1,1,0,1,4,4,1,4,4,4,0,17,17,13,2124,4369,0,4369
3358,20260922,1,1,0,1,4,4,1,4,4,4,0,17,17,13,2124,4369,0,4369
3359,20260922,0,0,0,3,NA,7,3,NA,7,1,0,17,17,10,6,1,0,0
3360,20260922,0,0,0,NA,NA,4,NA,NA,4,0,0,17,17,13,0,0,0,0
3361,20260922,1,1,0,1,4,4,1,4,4,4,0,17,17,13,2124,4369,0,4369
3362,20260922,0,0,0,NA,NA,4,NA,NA,4,0,0,17,17,13,0,0,0,0
3363,20260922,1,1,0,3,12,12,3,12,12,4,0,17,17,5,3294,4369,3294,4369
3364,20260922,0,0,0,NA,NA,4,NA,NA,4,0,0,17,17,13,0,0,0,0
3365,20260922,0,0,0,NA,NA,4,NA,NA,4,0,0,17,17,13,0,0,0,0
3366,20260922,0,0,0,NA,NA,4,NA,NA,4,0,0,17,17,13,0,0,0,0
3367,20260922,1,1,0,2,6,6,2,6,6,4,0,17,17,11,72,4913,0,4369
3368,20260922,0,0,0,NA,NA,4,NA,NA,4,0,0,17,17,13,0,0,0,0
3369,20260922,1,1,0,1,6,6,1,6,6,4,0,17,17,11,2052,5185,0,17476
3370,20260922,1,1,0,3,12,12,3,12,12,4,0,17,17,5,3294,4369,3294,4369
3371,20260922,0,0,0,NA,NA,4,NA,NA,4,0,0,17,17,13,0,0,0,0
3372,20260922,1,1,0,2,8,8,2,8,8,4,0,17,17,9,0,8738,0,8738
3373,20260922,0,0,0,NA,NA,4,NA,NA,4,0,0,17,17,13,0,0,0,0
3374,20260922,0,0,0,3,NA,7,3,NA,7,1,0,17,17,10,6,1,0,0
3375,20260922,1,1,0,1,4,4,1,4,4,4,0,17,17,13,2124,4369,0,4369
3376,20260922,1,1,0,1,6,6,1,6,6,4,0,17,17,11,2052,5729,0,26214
3377,20260922,1,1,0,3,12,12,3,12,12,4,0,17,17,5,3294,4369,3294,4369
3378,20260922,1,1,0,1,4,4,1,4,4,4,0,17,17,13,2124,4913,0,17476
3379,20260922,1,1,0,1,4,4,1,4,4,4,0,17,17,13,2124,4369,0,4369
3380,20260922,0,0,0,NA,NA,4,NA,NA,4,0,0,17,17,13,0,0,0,0
3381,20260922,1,1,0,1,4,4,1,4,4,4,0,17,17,13,2124,4369,0,4369
3382,20260922,1,1,0,2,8,8,2,8,8,4,0,17,17,9,0,8738,0,8738
3383,20260922,1,1,0,1,4,4,1,4,4,4,0,17,17,13,2124,4369,0,4369
3384,20260922,0,0,0,NA,NA,4,NA,NA,4,0,0,17,17,13,0,0,0,0
3385,20260922,1,1,0,2,6,6,2,6,6,4,0,17,17,11,72,4369,0,4369
3386,20260922,1,1,0,3,12,12,3,12,12,4,0,17,17,5,3294,4369,3294,4369
3387,20260922,0,0,0,NA,NA,4,NA,NA,4,0,0,17,17,13,0,0,0,0
3388,20260922,1,1,0,1,4,4,1,4,4,4,0,17,17,13,2124,4369,0,4369
3389,20260922,0,0,0,NA,NA,4,NA,NA,4,0,0,17,17,13,0,0,0,0
3390,20260922,1,1,0,3,12,12,3,12,12,4,0,17,17,5,3294,4369,3294,4369
3391,20260922,0,0,0,NA,NA,4,NA,NA,4,0,0,17,17,13,0,0,0,0
3392,20260922,1,1,0,3,12,12,3,12,12,4,0,17,17,5,3294,4369,3294,4369
3393,20260922,0,0,0,NA,NA,4,NA,NA,4,0,0,17,17,13,0,0,0,0
3394,20260922,1,1,0,1,4,4,1,4,4,4,0,17,17,13,2124,4913,0,17476
3395,20260922,0,0,0,NA,NA,4,NA,NA,4,0,0,17,17,13,0,0,0,0
3396,20260922,1,1,0,3,12,12,3,12,12,4,0,17,17,5,3294,4369,3294,4369
3397,20260922,1,1,0,1,6,6,1,6,6,4,0,17,17,11,2052,5729,0,26214
3398,20260922,0,0,0,NA,NA,4,NA,NA,4,0,0,17,17,13,0,0,0,0
3399,20260922,1,1,0,2,6,6,2,6,6,4,0,17,17,11,72,4369,0,4369
3400,20260922,1,1,0,1,4,4,1,4,4,4,0,17,17,13,2124,4913,0,17476
3401,20260922,1,1,0,1,4,4,1,4,4,4,0,17,17,13,2124,4369,0,4369
3402,20260922,0,0,0,1,NA,5,1,NA,5,1,0,17,17,12,4,2,0,0
3403,20260922,1,1,0,1,6,6,1,6,6,4,0,17,17,11,2052,5185,0,17476
3404,20260922,1,1,0,1,4,4,1,4,4,4,0,17,17,13,2124,4913,0,17476
3405,20260922,1,1,0,2,6,6,2,6,6,4,0,17,17,11,72,4369,0,4369
3406,20260922,1,1,0,1,4,4,1,4,4,4,0,17,17,13,2124,4369,0,4369
3407,20260922,0,0,0,3,NA,7,3,NA,7,1,0,17,17,10,6,1,0,0
3408,20260922,0,0,0,NA,NA,4,NA,NA,4,0,0,17,17,13,0,0,0,0
3409,20260922,0,0,0,NA,NA,4,NA,NA,4,0,0,17,17,13,0,0,0,0
3410,20260922,0,0,0,NA,NA,4,NA,NA,4,0,0,17,17,13,0,0,0,0
3411,20260922,0,0,0,NA,NA,4,NA,NA,4,0,0,17,17,13,0,0,0,0
3412,20260922,0,0,0,NA,NA,4,NA,NA,4,0,0,17,17,13,0,0,0,0
3413,20260922,0,0,0,NA,NA,4,NA,NA,4,0,0,17,17,13,0,0,0,0
3414,20260922,0,0,0,NA,NA,4,NA,NA,4,0,0,17,17,13,0,0,0,0
3415,20260922,1,1,0,1,6,6,1,6,6,4,0,17,17,11,2052,13107,0,13107
3416,20260922,1,1,0,1,6,6,1,6,6,4,0,17,17,11,2052,4641,0,8738
3417,20260922,1,1,0,1,6,6,1,6,6,4,0,17,17,11,2052,5185,0,17476
3418,20260922,0,0,0,3,NA,7,3,NA,7,1,0,17,17,10,6,1,0,0
3419,20260922,1,1,0,3,12,12,3,12,12,4,0,17,17,5,3294,4369,3294,4369
3420,20260922,1,1,0,1,4,4,1,4,4,4,0,17,17,13,2124,4369,0,4369
3421,20260922,0,0,0,NA,NA,4,NA,NA,4,0,0,17,17,13,0,0,0,0
3422,20260922,0,0,0,NA,NA,4,NA,NA,4,0,0,17,17,13,0,0,0,0
3423,20260922,1,1,0,1,4,4,1,4,4,4,0,17,17,13,2124,4369,0,4369
3424,20260922,1,1,0,1,4,4,1,4,4,4,0,17,17,13,2124,4369,0,4369
3425,20260922,0,0,0,3,NA,7,3,NA,7,1,0,17,17,10,6,1,0,0
3426,20260922,0,0,0,4,NA,8,4,NA,8,1,0,17,17,9,5,7,0,0
3427,20260922,0,0,0,NA,NA,4,NA,NA,4,0,0,17,17,13,0,0,0,0
3428,20260922,1,1,0,1,4,4,1,4,4,4,0,17,17,13,2124,4369,0,4369
3429,20260922,0,0,0,NA,NA,4,NA,NA,4,0,0,17,17,13,0,0,0,0
3430,20260922,1,1,0,1,6,6,1,6,6,4,0,17,17,11,2052,5185,0,17476
3431,20260922,0,0,0,NA,NA,4,NA,NA,4,0,0,17,17,13,0,0,0,0
3432,20260922,0,0,0,NA,NA,4,NA,NA,4,0,0,17,17,13,0,0,0,0
3433,20260922,0,0,0,NA,NA,4,NA,NA,4,0,0,17,17,13,0,0,0,0
3434,20260922,0,0,0,NA,NA,4,NA,NA,4,0,0,17,17,13,0,0,0,0
3435,20260922,1,1,0,1,4,4,1,4,4,4,0,17,17,13,2124,4369,0,4369
3436,20260922,0,0,0,NA,NA,4,NA,NA,4,0,0,17,17,13,0,0,0,0
3437,20260922,0,0,0,NA,NA,4,NA,NA,4,0,0,17,17,13,0,0,0,0
3438,20260922,0,0,0,NA,NA,4,NA,NA,4,0,0,17,17,13,0,0,0,0
3439,20260922,0,0,0,NA,NA,4,NA,NA,4,0,0,17,17,13,0,0,0,0
3440,20260922,1,1,0,1,4,4,1,4,4,4,0,17,17,13,2124,4369,0,4369
3441,20260922,0,0,0,NA,NA,4,NA,NA,4,0,0,17,17,13,0,0,0,0
3442,20260922,1,1,0,1,4,4,1,4,4,4,0,17,17,13,2124,4369,0,4369
3443,20260922,0,0,0,NA,NA,4,NA,NA,4,0,0,17,17,13,0,0,0,0
3444,20260922,1,1,0,1,4,4,1,4,4,4,0,17,17,13,2124,4369,0,4369
3445,20260922,0,0,0,NA,NA,4,NA,NA,4,0,0,17,17,13,0,0,0,0
3446,20260922,1,1,0,2,6,6,2,6,6,4,0,17,17,11,72,4369,0,4369
3447,20260922,1,1,0,1,4,4,1,4,4,4,0,17,17,13,2124,4369,0,4369
3448,20260922,1,1,0,1,4,4,1,4,4,4,0,17,17,13,2124,4369,0,4369
3449,20260922,0,0,0,4,NA,8,4,NA,8,1,0,17,17,9,5,4,0,0
3450,20260922,0,0,0,NA,NA,4,NA,NA,4,0,0,17,17,13,0,0,0,0
3451,20260922,0,0,0,NA,NA,4,NA,NA,4,0,0,17,17,13,0,0,0,0
3452,20260922,1,1,0,2,6,6,2,6,6,4,0,17,17,11,72,4369,0,4369
3453,20260922,1,1,0,1,4,4,1,4,4,4,0,17,17,13,2124,12563,0,4369
3454,20260922,1,1,0,1,6,6,1,6,6,4,0,17,17,11,2052,12835,0,8738
3455,20260922,0,0,0,NA,NA,4,NA,NA,4,0,0,17,17,13,0,0,0,0
3456,20260922,1,1,0,1,4,4,1,4,4,4,0,17,17,13,2124,4369,0,4369
3457,20260922,1,1,0,1,4,4,1,4,4,4,0,17,17,13,2124,4369,0,4369
3458,20260922,0,0,0,NA,NA,4,NA,NA,4,0,0,17,17,13,0,0,0,0
3459,20260922,0,0,0,3,NA,7,3,NA,7,1,0,17,17,10,6,1,0,0
3460,20260922,0,0,0,NA,NA,4,NA,NA,4,0,0,17,17,13,0,0,0,0
3461,20260922,0,0,0,NA,NA,4,NA,NA,4,0,0,17,17,13,0,0,0,0
3462,20260922,1,1,0,1,6,6,1,6,6,4,0,17,17,11,2052,9554,0,21845
3463,20260922,1,1,0,2,8,8,2,8,8,4,0,17,17,9,0,4369,0,4369
3464,20260922,0,0,0,NA,NA,4,NA,NA,4,0,0,17,17,13,0,0,0,0
3465,20260922,0,0,0,3,NA,7,3,NA,7,1,0,17,17,10,6,2,0,0
3466,20260922,0,0,0,NA,NA,4,NA,NA,4,0,0,17,17,13,0,0,0,0
3467,20260922,1,1,0,1,4,4,1,4,4,4,0,17,17,13,2124,4369,0,4369
3468,20260922,0,0,0,NA,NA,4,NA,NA,4,0,0,17,17,13,0,0,0,0
3469,20260922,1,1,0,2,8,8,2,8,8,4,0,17,17,9,0,4369,0,4369
3470,20260922,0,0,0,NA,NA,4,NA,NA,4,0,0,17,17,13,0,0,0,0
3471,20260922,1,1,0,1,4,4,1,4,4,4,0,17,17,13,2124,4369,0,4369
3472,20260922,0,0,0,4,NA,11,4,NA,11,2,0,17,17,6,29,23,0,0
3473,20260922,0,0,0,NA,NA,4,NA,NA,4,0,0,17,17,13,0,0,0,0
3474,20260922,0,0,0,NA,NA,4,NA,NA,4,0,0,17,17,13,0,0,0,0
3475,20260922,1,1,0,1,4,4,1,4,4,4,0,17,17,13,2124,4369,0,4369
3476,20260922,1,1,0,2,6,6,2,6,6,4,0,17,17,11,72,4369,0,4369
3477,20260922,0,0,0,NA,NA,4,NA,NA,4,0,0,17,17,13,0,0,0,0
3478,20260922,0,0,0,NA,NA,4,NA,NA,4,0,0,17,17,13,0,0,0,0
3479,20260922,0,0,0,NA,NA,4,NA,NA,4,0,0,17,17,13,0,0,0,0
3480,20260922,0,0,0,NA,NA,4,NA,NA,4,0,0,17,17,13,0,0,0,0
3481,20260922,1,1,0,3,12,12,3,12,12,4,0,17,17,5,3294,4369,3294,4369
3482,20260922,0,0,0,NA,NA,4,NA,NA,4,0,0,17,17,13,0,0,0,0
3483,20260922,1,1,0,3,12,12,3,12,12,4,0,17,17,5,3294,4369,3294,4369
3484,20260922,1,1,0,2,6,6,2,6,6,4,0,17,17,11,72,4369,0,4369
3485,20260922,0,0,0,NA,NA,4,NA,NA,4,0,0,17,17,13,0,0,0,0
3486,20260922,1,1,0,1,6,6,1,6,6,4,0,17,17,11,2052,5729,0,26214
3487,20260922,1,1,0,1,4,4,1,4,4,4,0,17,17,13,2124,4913,0,17476
3488,20260922,0,0,0,NA,NA,4,NA,NA,4,0,0,17,17,13,0,0,0,0
3489,20260922,0,0,0,NA,NA,4,NA,NA,4,0,0,17,17,13,0,0,0,0
3490,20260922,1,1,0,3,12,12,3,12,12,4,0,17,17,5,3294,4369,3294,4369
3491,20260922,0,0,0,NA,NA,4,NA,NA,4,0,0,17,17,13,0,0,0,0
3492,20260922,1,1,0,2,6,6,2,6,6,4,0,17,17,11,72,4369,0,4369
3493,20260922,0,0,0,NA,NA,4,NA,NA,4,0,0,17,17,13,0,0,0,0
3494,20260922,0,0,0,NA,NA,4,NA,NA,4,0,0,17,17,13,0,0,0,0
3495,20260922,1,1,0,1,6,6,1,6,6,4,0,17,17,11,2052,9282,0,17476
3496,20260922,0,0,0,NA,NA,4,NA,NA,4,0,0,17,17,13,0,0,0,0
3497,20260922,0,0,0,NA,NA,4,NA,NA,4,0,0,17,17,13,0,0,0,0
3498,20260922,1,1,0,1,4,4,1,4,4,4,0,17,17,13,2124,4369,0,4369
3499,20260922,1,1,0,1,4,4,1,4,4,4,0,17,17,13,2124,4369,0,4369
3500,20260922,0,0,0,3,NA,7,3,NA,7,1,0,17,17,10,6,1,0,0
3501,20260922,1,1,0,1,4,4,1,4,4,4,0,17,17,13,2124,12563,0,4369
3502,20260922,1,1,0,1,4,4,1,4,4,4,0,17,17,13,2124,4369,0,4369
3503,20260922,0,0,0,NA,NA,4,NA,NA,4,0,0,17,17,13,0,0,0,0
3504,20260922,1,1,0,1,4,4,1,4,4,4,0,17,17,13,2124,4369,0,4369
3505,20260922,1,1,0,1,6,6,1,6,6,4,0,17,17,11,2052,5729,0,26214
3506,20260922,0,0,0,NA,NA,4,NA,NA,4,0,0,17,17,13,0,0,0,0
3507,20260922,0,0,0,NA,NA,4,NA,NA,4,0,0,17,17,13,0,0,0,0
3508,20260922,1,1,0,1,4,4,1,4,4,4,0,17,17,13,2124,4369,0,4369
3509,20260922,0,0,0,NA,NA,4,NA,NA,4,0,0,17,17,13,0,0,0,0
3510,20260922,0,0,0,NA,NA,4,NA,NA,4,0,0,17,17,13,0,0,0,0
3511,20260922,1,1,0,1,6,6,1,6,6,4,0,17,17,11,2052,5729,0,26214
3512,20260922,0,0,0,NA,NA,4,NA,NA,4,0,0,17,17,13,0,0,0,0
3513,20260922,0,0,0,NA,NA,4,NA,NA,4,0,0,17,17,13,0,0,0,0
3514,20260922,0,0,0,NA,NA,4,NA,NA,4,0,0,17,17,13,0,0,0,0
3515,20260922,0,0,0,3,NA,7,3,NA,7,1,0,17,17,10,6,1,0,0
3516,20260922,1,1,0,1,4,4,1,4,4,4,0,17,17,13,2124,4641,0,8738
3517,20260922,0,0,0,NA,NA,4,NA,NA,4,0,0,17,17,13,0,0,0,0
3518,20260922,1,1,0,3,12,12,3,12,12,4,0,17,17,5,3294,4369,3294,4369
3519,20260922,0,0,0,NA,NA,4,NA,NA,4,0,0,17,17,13,0,0,0,0
3520,20260922,0,0,0,NA,NA,4,NA,NA,4,0,0,17,17,13,0,0,0,0
3521,20260922,1,1,0,1,4,4,1,4,4,4,0,17,17,13,2124,4369,0,4369
3522,20260922,0,0,0,NA,NA,4,NA,NA,4,0,0,17,17,13,0,0,0,0
3523,20260922,0,0,0,3,NA,7,3,NA,7,1,0,17,17,10,6,1,0,0
3524,20260922,0,0,0,NA,NA,4,NA,NA,4,0,0,17,17,13,0,0,0,0
3525,20260922,1,1,0,1,4,4,1,4,4,4,0,17,17,13,2124,4369,0,4369
3526,20260922,0,0,0,3,NA,7,3,NA,7,1,0,17,17,10,6,1,0,0
3527,20260922,1,1,0,1,6,6,1,6,6,4,0,17,17,11,2052,9282,0,17476
3528,20260922,0,0,0,NA,NA,4,NA,NA,4,0,0,17,17,13,0,0,0,0
3529,20260922,0,0,0,3,NA,7,3,NA,7,1,0,17,17,10,6,2,0,0
3530,20260922,0,0,0,3,NA,7,3,NA,7,1,0,17,17,10,6,1,0,0
3531,20260922,1,1,0,1,4,4,1,4,4,4,0,17,17,13,2124,4369,0,4369
3532,20260922,1,1,0,1,4,4,1,4,4,4,0,17,17,13,2124,4369,0,4369
3533,20260922,0,0,0,NA,NA,4,NA,NA,4,0,0,17,17,13,0,0,0,0
3534,20260922,0,0,0,3,NA,7,3,NA,7,1,0,17,17,10,6,3,0,0
3535,20260922,0,0,0,NA,NA,4,NA,NA,4,0,0,17,17,13,0,0,0,0
3536,20260922,1,1,0,1,4,4,1,4,4,4,0,17,17,13,2124,4369,0,4369
3537,20260922,0,0,0,NA,NA,4,NA,NA,4,0,0,17,17,13,0,0,0,0
3538,20260922,0,0,0,NA,NA,4,NA,NA,4,0,0,17,17,13,0,0,0,0
3539,20260922,1,1,0,2,6,6,2,6,6,4,0,17,17,11,72,4369,0,4369
3540,20260922,0,0,0,3,NA,7,3,NA,7,1,0,17,17,10,6,1,0,0
3541,20260922,0,0,0,NA,NA,4,NA,NA,4,0,0,17,17,13,0,0,0,0
3542,20260922,1,1,0,1,4,4,1,4,4,4,0,17,17,13,2124,4369,0,4369
3543,20260922,1,1,0,1,4,4,1,4,4,4,0,17,17,13,2124,4369,0,4369
3544,20260922,1,1,0,1,4,4,1,4,4,4,0,17,17,13,2124,4369,0,4369
3545,20260922,1,1,0,1,6,6,1,6,6,4,0,17,17,11,2052,12563,0,4369
3546,20260922,0,0,0,NA,NA,4,NA,NA,4,0,0,17,17,13,0,0,0,0
3547,20260922,0,0,0,NA,NA,4,NA,NA,4,0,0,17,17,13,0,0,0,0
3548,20260922,1,1,0,3,12,12,3,12,12,4,0,17,17,5,3294,4369,3294,4369
3549,20260922,0,0,0,NA,NA,4,NA,NA,4,0,0,17,17,13,0,0,0,0
3550,20260922,0,0,0,4,NA,8,4,NA,8,1,0,17,17,9,5,4,0,0
3551,20260922,1,1,0,1,4,4,1,4,4,4,0,17,17,13,2124,4369,0,4369
3552,20260922,1,1,0,1,4,4,1,4,4,4,0,17,17,13,2124,4369,0,4369
3553,20260922,1,1,0,1,4,4,1,4,4,4,0,17,17,13,2124,4369,0,4369
3554,20260922,1,1,0,3,12,12,3,12,12,4,0,17,17,5,3294,4369,3294,4369
3555,20260922,1,1,0,1,6,6,1,6,6,4,0,17,17,11,2052,5729,0,26214
3556,20260922,1,1,0,1,4,4,1,4,4,4,0,17,17,13,2124,4369,0,4369
3557,20260922,0,0,0,NA,NA,4,NA,NA,4,0,0,17,17,13,0,0,0,0
3558,20260922,1,1,0,2,6,6,2,6,6,4,0,17,17,11,72,4369,0,4369
3559,20260922,1,1,0,3,12,12,3,12,12,4,0,17,17,5,3294,4913,3294,4913
3560,20260922,1,1,0,1,6,6,1,6,6,4,0,17,17,11,2052,5185,0,17476
3561,20260922,1,1,0,1,4,4,1,4,4,4,0,17,17,13,2124,4369,0,4369
3562,20260922,1,1,0,1,4,4,1,4,4,4,0,17,17,13,2124,4913,0,17476
3563,20260922,0,0,0,NA,NA,4,NA,NA,4,0,0,17,17,13,0,0,0,0
3564,20260922,1,1,0,3,12,12,3,12,12,4,0,17,17,5,3294,4369,3294,4369
3565,20260922,0,0,0,NA,NA,4,NA,NA,4,0,0,17,17,13,0,0,0,0
3566,20260922,1,1,0,1,4,4,1,4,4,4,0,17,17,13,2124,4369,0,4369
3567,20260922,0,0,0,NA,NA,4,NA,NA,4,0,0,17,17,13,0,0,0,0
3568,20260922,0,0,0,4,NA,8,4,NA,8,1,0,17,17,9,5,2,0,0
3569,20260922,0,0,0,3,NA,7,3,NA,7,1,0,17,17,10,6,4,0,0
3570,20260922,0,0,0,4,NA,8,4,NA,8,1,0,17,17,9,5,1,0,0
3571,20260922,0,0,0,4,NA,8,4,NA,8,1,0,17,17,9,5,3,0,0
3572,20260922,0,0,0,NA,NA,4,NA,NA,4,0,0,17,17,13,0,0,0,0
3573,20260922,0,0,0,NA,NA,4,NA,NA,4,0,0,17,17,13,0,0,0,0
3574,20260922,0,0,0,3,NA,7,3,NA,7,1,0,17,17,10,6,1,0,0
3575,20260922,0,0,0,NA,NA,4,NA,NA,4,0,0,17,17,13,0,0,0,0
3576,20260922,1,1,0,1,4,4,1,4,4,4,0,17,17,13,2124,4369,0,4369
3577,20260922,1,1,0,1,4,4,1,4,4,4,0,17,17,13,2124,12563,0,4369
3578,20260922,1,1,0,1,6,6,1,6,6,4,0,17,17,11,2052,5729,0,26214
3579,20260922,0,0,0,NA,NA,4,NA,NA,4,0,0,17,17,13,0,0,0,0
3580,20260922,0,0,0,NA,NA,4,NA,NA,4,0,0,17,17,13,0,0,0,0
3581,20260922,1,1,0,1,4,4,1,4,4,4,0,17,17,13,2124,4369,0,4369
3582,20260922,1,1,0,1,6,6,1,6,6,4,0,17,17,11,2052,5729,0,26214
3583,20260922,1,1,0,1,4,4,1,4,4,4,0,17,17,13,2124,4369,0,4369
3584,20260922,1,1,0,2,6,6,2,6,6,4,0,17,17,11,72,4369,0,4369
3585,20260922,1,1,0,2,8,8,2,8,8,4,0,17,17,9,0,21845,0,21845
3586,20260922,1,1,0,1,4,4,1,4,4,4,0,17,17,13,2124,12563,0,4369
3587,20260922,1,1,0,1,4,4,1,4,4,4,0,17,17,13,2124,4369,0,4369
3588,20260922,0,0,0,NA,NA,4,NA,NA,4,0,0,17,17,13,0,0,0,0
3589,20260922,1,1,0,1,4,4,1,4,4,4,0,17,17,13,2124,4913,0,17476
3590,20260922,0,0,0,NA,NA,4,NA,NA,4,0,0,17,17,13,0,0,0,0
3591,20260922,1,1,0,1,4,4,1,4,4,4,0,17,17,13,2124,4369,0,4369
3592,20260922,0,0,0,NA,NA,4,NA,NA,4,0,0,17,17,13,0,0,0,0
3593,20260922,0,0,0,4,NA,8,4,NA,8,1,0,17,17,9,5,8,0,0
3594,20260922,1,1,0,2,6,6,2,6,6,4,0,17,17,11,72,4369,0,4369
3595,20260922,0,0,0,NA,NA,4,NA,NA,4,0,0,17,17,13,0,0,0,0
3596,20260922,0,0,0,NA,NA,4,NA,NA,4,0,0,17,17,13,0,0,0,0
3597,20260922,0,0,0,NA,NA,4,NA,NA,4,0,0,17,17,13,0,0,0,0
3598,20260922,1,1,0,1,6,6,1,6,6,4,0,17,17,11,2052,5729,0,26214
3599,20260922,0,0,0,NA,NA,4,NA,NA,4,0,0,17,17,13,0,0,0,0
3600,20260922,0,0,0,3,NA,7,3,NA,7,1,0,17,17,10,6,1,0,0
3601,20260922,0,0,0,NA,NA,4,NA,NA,4,0,0,17,17,13,0,0,0,0
3602,20260922,0,0,0,NA,NA,4,NA,NA,4,0,0,17,17,13,0,0,0,0
3603,20260922,0,0,0,NA,NA,4,NA,NA,4,0,0,17,17,13,0,0,0,0
3604,20260922,0,0,0,NA,NA,4,NA,NA,4,0,0,17,17,13,0,0,0,0
3605,20260922,1,1,0,2,6,6,2,6,6,4,0,17,17,11,72,4369,0,4369
3606,20260922,1,1,0,1,6,6,1,6,6,4,0,17,17,11,2052,5729,0,26214
3607,20260922,1,1,0,1,4,4,1,4,4,4,0,17,17,13,2124,4369,0,4369
3608,20260922,1,1,0,3,12,12,3,12,12,4,0,17,17,5,3294,4369,3294,4369
3609,20260922,1,1,0,1,6,6,1,6,6,4,0,17,17,11,2052,5729,0,26214
3610,20260922,1,1,0,1,4,4,1,4,4,4,0,17,17,13,2124,4369,0,4369
3611,20260922,1,1,0,1,4,4,1,4,4,4,0,17,17,13,2124,8466,2124,8466
3612,20260922,0,0,0,3,NA,7,3,NA,7,1,0,17,17,10,6,1,0,0
3613,20260922,1,1,0,1,4,4,1,4,4,4,0,17,17,13,2124,4369,0,4369
3614,20260922,0,0,0,NA,NA,4,NA,NA,4,0,0,17,17,13,0,0,0,0
3615,20260922,1,1,0,3,12,12,3,12,12,4,0,17,17,5,3294,4369,3294,4369
3616,20260922,1,1,0,1,4,4,1,4,4,4,0,17,17,13,2124,4369,0,4369
3617,20260922,0,0,0,NA,NA,4,NA,NA,4,0,0,17,17,13,0,0,0,0
3618,20260922,0,0,0,NA,NA,4,NA,NA,4,0,0,17,17,13,0,0,0,0
3619,20260922,0,0,0,NA,NA,4,NA,NA,4,0,0,17,17,13,0,0,0,0
3620,20260922,0,0,0,NA,NA,4,NA,NA,4,0,0,17,17,13,0,0,0,0
3621,20260922,1,1,0,1,4,4,1,4,4,4,0,17,17,13,2124,4369,0,4369
3622,20260922,1,1,0,1,4,4,1,4,4,4,0,17,17,13,2124,4913,0,17476
3623,20260922,0,0,0,NA,NA,4,NA,NA,4,0,0,17,17,13,0,0,0,0
3624,20260922,0,0,0,3,NA,7,3,NA,7,1,0,17,17,10,6,1,0,0
3625,20260922,0,0,0,NA,NA,4,NA,NA,4,0,0,17,17,13,0,0,0,0
3626,20260922,1,1,0,1,4,4,1,4,4,4,0,17,17,13,2124,4369,0,4369
3627,20260922,0,0,0,NA,NA,4,NA,NA,4,0,0,17,17,13,0,0,0,0
3628,20260922,1,1,0,1,4,4,1,4,4,4,0,17,17,13,2124,4369,0,4369
3629,20260922,1,1,0,2,8,8,2,8,8,4,0,17,17,9,0,4369,0,4369
3630,20260922,1,1,0,1,4,4,1,4,4,4,0,17,17,13,2124,12563,0,4369
3631,20260922,0,0,0,3,NA,7,3,NA,7,1,0,17,17,10,6,1,0,0
3632,20260922,0,0,0,NA,NA,4,NA,NA,4,0,0,17,17,13,0,0,0,0
3633,20260922,1,1,0,1,4,4,1,4,4,4,0,17,17,13,2124,4369,0,4369
3634,20260922,1,1,0,1,4,4,1,4,4,4,0,17,17,13,2124,4369,0,4369
3635,20260922,1,1,0,1,4,4,1,4,4,4,0,17,17,13,2124,4369,0,4369
3636,20260922,0,0,0,NA,NA,4,NA,NA,4,0,0,17,17,13,0,0,0,0
3637,20260922,0,0,0,4,NA,8,4,NA,8,1,0,17,17,9,5,5,0,0
3638,20260922,0,0,0,4,NA,8,4,NA,8,1,0,17,17,9,5,4,0,0
3639,20260922,1,1,0,1,4,4,1,4,4,4,0,17,17,13,2124,4913,0,17476
3640,20260922,1,1,0,3,12,12,3,12,12,4,0,17,17,5,3294,4369,3294,4369
3641,20260922,0,0,0,NA,NA,4,NA,NA,4,0,0,17,17,13,0,0,0,0
3642,20260922,1,1,0,1,4,4,1,4,4,4,0,17,17,13,2124,9010,0,17476
3643,20260922,1,1,0,1,4,4,1,4,4,4,0,17,17,13,2124,4369,0,4369
3644,20260922,1,1,0,2,6,6,2,6,6,4,0,17,17,11,72,8738,0,8738
3645,20260922,0,0,0,4,NA,8,4,NA,8,1,0,17,17,9,5,6,0,0
3646,20260922,0,0,0,3,NA,7,3,NA,7,1,0,17,17,10,6,1,0,0
3647,20260922,1,1,0,1,4,4,1,4,4,4,0,17,17,13,2124,4369,0,4369
3648,20260922,1,1,0,1,4,4,1,4,4,4,0,17,17,13,2124,4369,0,4369
3649,20260922,1,1,0,3,12,12,3,12,12,4,0,17,17,5,3294,4369,3294,4369
3650,20260922,1,1,0,1,4,4,1,4,4,4,0,17,17,13,2124,4369,0,4369
3651,20260922,0,0,0,NA,NA,4,NA,NA,4,0,0,17,17,13,0,0,0,0
3652,20260922,1,1,0,1,4,4,1,4,4,4,0,17,17,13,2124,4369,0,4369
3653,20260922,0,0,0,NA,NA,4,NA,NA,4,0,0,17,17,13,0,0,0,0
3654,20260922,0,0,0,NA,NA,4,NA,NA,4,0,0,17,17,13,0,0,0,0
3655,20260922,0,0,0,NA,NA,4,NA,NA,4,0,0,17,17,13,0,0,0,0
3656,20260922,1,1,0,1,4,4,1,4,4,4,0,17,17,13,2124,4369,0,4369
3657,20260922,1,1,0,1,6,6,1,6,6,4,0,17,17,11,2052,4641,0,8738
3658,20260922,0,0,0,NA,NA,4,NA,NA,4,0,0,17,17,13,0,0,0,0
3659,20260922,1,1,0,1,4,4,1,4,4,4,0,17,17,13,2124,4369,0,4369
3660,20260922,0,0,0,NA,NA,4,NA,NA,4,0,0,17,17,13,0,0,0,0
3661,20260922,0,0,0,NA,NA,4,NA,NA,4,0,0,17,17,13,0,0,0,0
3662,20260922,1,1,0,1,4,4,1,4,4,4,0,17,17,13,2124,4369,0,4369
3663,20260922,0,0,0,NA,NA,4,NA,NA,4,0,0,17,17,13,0,0,0,0
3664,20260922,1,1,0,2,8,8,2,8,8,4,0,17,17,9,0,8738,0,8738
3665,20260922,0,0,0,NA,NA,4,NA,NA,4,0,0,17,17,13,0,0,0,0
3666,20260922,0,0,0,3,NA,7,3,NA,7,1,0,17,17,10,6,1,0,0
3667,20260922,1,1,0,2,6,6,2,6,6,4,0,17,17,11,72,8738,0,8738
3668,20260922,0,0,0,NA,NA,4,NA,NA,4,0,0,17,17,13,0,0,0,0
3669,20260922,0,0,0,NA,NA,4,NA,NA,4,0,0,17,17,13,0,0,0,0
3670,20260922,1,1,0,3,12,12,3,12,12,4,0,17,17,5,3294,12563,3294,12563
3671,20260922,0,0,0,NA,NA,4,NA,NA,4,0,0,17,17,13,0,0,0,0
3672,20260922,0,0,0,3,NA,7,3,NA,7,1,0,17,17,10,6,1,0,0
3673,20260922,0,0,0,NA,NA,4,NA,NA,4,0,0,17,17,13,0,0,0,0
3674,20260922,0,0,0,NA,NA,4,NA,NA,4,0,0,17,17,13,0,0,0,0
3675,20260922,0,0,0,NA,NA,4,NA,NA,4,0,0,17,17,13,0,0,0,0
3676,20260922,0,0,0,NA,NA,4,NA,NA,4,0,0,17,17,13,0,0,0,0
3677,20260922,0,0,0,NA,NA,4,NA,NA,4,0,0,17,17,13,0,0,0,0
3678,20260922,0,0,0,NA,NA,4,NA,NA,4,0,0,17,17,13,0,0,0,0
3679,20260922,0,0,0,NA,NA,4,NA,NA,4,0,0,17,17,13,0,0,0,0
3680,20260922,1,1,0,2,6,6,2,6,6,4,0,17,17,11,72,4369,0,4369
3681,20260922,0,0,0,NA,NA,4,NA,NA,4,0,0,17,17,13,0,0,0,0
3682,20260922,1,1,0,3,12,12,3,12,12,4,0,17,17,5,3294,4369,3294,4369
3683,20260922,0,0,0,NA,NA,4,NA,NA,4,0,0,17,17,13,0,0,0,0
3684,20260922,0,0,0,NA,NA,4,NA,NA,4,0,0,17,17,13,0,0,0,0
3685,20260922,1,1,0,1,4,4,1,4,4,4,0,17,17,13,2124,4369,0,4369
3686,20260922,1,1,0,1,6,6,1,6,6,4,0,17,17,11,2052,13107,0,13107
3687,20260922,0,0,0,NA,NA,4,NA,NA,4,0,0,17,17,13,0,0,0,0
3688,20260922,0,0,0,NA,NA,4,NA,NA,4,0,0,17,17,13,0,0,0,0
3689,20260922,0,0,0,NA,NA,4,NA,NA,4,0,0,17,17,13,0,0,0,0
3690,20260922,0,0,0,NA,NA,4,NA,NA,4,0,0,17,17,13,0,0,0,0
3691,20260922,0,0,0,4,NA,8,4,NA,8,1,0,17,17,9,5,3,0,0
3692,20260922,0,0,0,NA,NA,4,NA,NA,4,0,0,17,17,13,0,0,0,0
3693,20260922,1,1,0,3,12,12,3,12,12,4,0,17,17,5,3294,4369,3294,4369
3694,20260922,0,0,0,NA,NA,4,NA,NA,4,0,0,17,17,13,0,0,0,0
3695,20260922,0,0,0,3,NA,7,3,NA,7,1,0,17,17,10,6,1,0,0
3696,20260922,1,1,0,1,4,4,1,4,4,4,0,17,17,13,2124,4369,0,4369
3697,20260922,1,1,0,2,6,6,2,6,6,4,0,17,17,11,72,4369,0,4369
3698,20260922,1,1,0,1,4,4,1,4,4,4,0,17,17,13,2124,4369,0,4369
3699,20260922,1,1,0,1,4,4,1,4,4,4,0,17,17,13,2124,4369,0,4369
3700,20260922,1,1,0,1,4,4,1,4,4,4,0,17,17,13,2124,4369,0,4369
3701,20260922,1,1,0,1,6,6,1,6,6,4,0,17,17,11,2052,9282,0,17476
3702,20260922,1,1,0,1,4,4,1,4,4,4,0,17,17,13,2124,4369,0,4369
3703,20260922,0,0,0,NA,NA,4,NA,NA,4,0,0,17,17,13,0,0,0,0
3704,20260922,0,0,0,NA,NA,4,NA,NA,4,0,0,17,17,13,0,0,0,0
3705,20260922,1,1,0,1,4,4,1,4,4,4,0,17,17,13,2124,4913,0,17476
3706,20260922,1,1,0,2,8,8,2,8,8,4,0,17,17,9,0,8738,0,8738
3707,20260922,0,0,0,NA,NA,4,NA,NA,4,0,0,17,17,13,0,0,0,0
3708,20260922,1,1,0,3,12,12,3,12,12,4,0,17,17,5,3294,4369,3294,4369
3709,20260922,1,1,0,2,8,8,2,8,8,4,0,17,17,9,0,21845,0,21845
3710,20260922,0,0,0,NA,NA,4,NA,NA,4,0,0,17,17,13,0,0,0,0
3711,20260922,0,0,0,4,NA,11,4,NA,11,2,0,17,17,6,29,24,0,0
3712,20260922,0,0,0,NA,NA,4,NA,NA,4,0,0,17,17,13,0,0,0,0
3713,20260922,1,1,0,1,4,4,1,4,4,4,0,17,17,13,2124,4369,0,4369
3714,20260922,0,0,0,NA,NA,4,NA,NA,4,0,0,17,17,13,0,0,0,0
3715,20260922,1,1,0,1,4,4,1,4,4,4,0,17,17,13,2124,4369,0,4369
3716,20260922,1,1,0,1,4,4,1,4,4,4,0,17,17,13,2124,4913,0,17476
3717,20260922,1,1,0,1,4,4,1,4,4,4,0,17,17,13,2124,4369,0,4369
3718,20260922,1,1,0,1,4,4,1,4,4,4,0,17,17,13,2124,4369,0,4369
3719,20260922,0,0,0,NA,NA,4,NA,NA,4,0,0,17,17,13,0,0,0,0
3720,20260922,0,0,0,NA,NA,4,NA,NA,4,0,0,17,17,13,0,0,0,0
3721,20260922,1,1,0,3,12,12,3,12,12,4,0,17,17,5,3294,4913,3294,4913
3722,20260922,0,0,0,NA,NA,4,NA,NA,4,0,0,17,17,13,0,0,0,0
3723,20260922,1,1,0,1,4,4,1,4,4,4,0,17,17,13,2124,4369,0,4369
3724,20260922,1,1,0,1,6,6,1,6,6,4,0,17,17,11,2052,5729,0,26214
3725,20260922,0,0,0,NA,NA,4,NA,NA,4,0,0,17,17,13,0,0,0,0
3726,20260922,0,0,0,4,NA,8,4,NA,8,1,0,17,17,9,5,7,0,0
3727,20260922,0,0,0,NA,NA,4,NA,NA,4,0,0,17,17,13,0,0,0,0
3728,20260922,0,0,0,NA,NA,4,NA,NA,4,0,0,17,17,13,0,0,0,0
3729,20260922,1,1,0,1,4,4,1,4,4,4,0,17,17,13,2124,4369,0,4369
3730,20260922,0,0,0,NA,NA,4,NA,NA,4,0,0,17,17,13,0,0,0,0
3731,20260922,1,1,0,1,4,4,1,4,4,4,0,17,17,13,2124,4369,0,4369
3732,20260922,0,0,0,NA,NA,4,NA,NA,4,0,0,17,17,13,0,0,0,0
3733,20260922,1,1,0,1,4,4,1,4,4,4,0,17,17,13,2124,4369,0,4369
3734,20260922,1,1,0,1,6,6,1,6,6,4,0,17,17,11,2052,5185,0,17476
3735,20260922,0,0,0,NA,NA,4,NA,NA,4,0,0,17,17,13,0,0,0,0
3736,20260922,1,1,0,2,6,6,2,6,6,4,0,17,17,11,72,4369,0,4369
3737,20260922,1,1,0,3,12,12,3,12,12,4,0,17,17,5,3294,4369,3294,4369
3738,20260922,1,1,0,1,4,4,1,4,4,4,0,17,17,13,2124,4369,0,4369
3739,20260922,0,0,0,NA,NA,4,NA,NA,4,0,0,17,17,13,0,0,0,0
3740,20260922,0,0,0,NA,NA,4,NA,NA,4,0,0,17,17,13,0,0,0,0
3741,20260922,0,0,0,NA,NA,4,NA,NA,4,0,0,17,17,13,0,0,0,0
3742,20260922,0,0,0,NA,NA,4,NA,NA,4,0,0,17,17,13,0,0,0,0
3743,20260922,0,0,0,NA,NA,4,NA,NA,4,0,0,17,17,13,0,0,0,0
3744,20260922,0,0,0,3,NA,7,3,NA,7,1,0,17,17,10,6,4,0,0
3745,20260922,1,1,0,3,12,12,3,12,12,4,0,17,17,5,3294,4369,3294,4369
3746,20260922,0,0,0,4,NA,8,4,NA,8,1,0,17,17,9,5,7,0,0
3747,20260922,1,1,0,1,4,4,1,4,4,4,0,17,17,13,2124,12563,0,4369
3748,20260922,0,0,0,NA,NA,4,NA,NA,4,0,0,17,17,13,0,0,0,0
3749,20260922,0,0,0,NA,NA,4,NA,NA,4,0,0,17,17,13,0,0,0,0
3750,20260922,1,1,0,1,6,6,1,6,6,4,0,17,17,11,2052,5729,0,26214
3751,20260922,0,0,0,NA,NA,4,NA,NA,4,0,0,17,17,13,0,0,0,0
3752,20260922,0,0,0,NA,NA,4,NA,NA,4,0,0,17,17,13,0,0,0,0
3753,20260922,0,0,0,NA,NA,4,NA,NA,4,0,0,17,17,13,0,0,0,0
3754,20260922,0,0,0,NA,NA,4,NA,NA,4,0,0,17,17,13,0,0,0,0
3755,20260922,1,1,0,1,4,4,1,4,4,4,0,17,17,13,2124,4369,0,4369
3756,20260922,0,0,0,NA,NA,4,NA,NA,4,0,0,17,17,13,0,0,0,0
3757,20260922,0,0,0,3,NA,7,3,NA,7,1,0,17,17,10,6,1,0,0
3758,20260922,1,1,0,1,4,4,1,4,4,4,0,17,17,13,2124,4369,0,4369
3759,20260922,0,0,0,NA,NA,4,NA,NA,4,0,0,17,17,13,0,0,0,0
3760,20260922,1,1,0,1,4,4,1,4,4,4,0,17,17,13,2124,4369,0,4369
3761,20260922,0,0,0,4,NA,8,4,NA,8,1,0,17,17,9,5,1,0,0
3762,20260922,1,1,0,1,4,4,1,4,4,4,0,17,17,13,2124,4369,0,4369
3763,20260922,0,0,0,NA,NA,4,NA,NA,4,0,0,17,17,13,0,0,0,0
3764,20260922,1,1,0,1,4,4,1,4,4,4,0,17,17,13,2124,4369,0,4369
3765,20260922,1,1,0,2,8,8,2,8,8,4,0,17,17,9,0,21845,0,21845
3766,20260922,1,1,0,1,4,4,1,4,4,4,0,17,17,13,2124,4369,0,4369
3767,20260922,0,0,0,NA,NA,4,NA,NA,4,0,0,17,17,13,0,0,0,0
3768,20260922,1,1,0,1,4,4,1,4,4,4,0,17,17,13,2124,4369,0,4369
3769,20260922,0,0,0,NA,NA,4,NA,NA,4,0,0,17,17,13,0,0,0,0
3770,20260922,0,0,0,NA,NA,4,NA,NA,4,0,0,17,17,13,0,0,0,0
3771,20260922,0,0,0,NA,NA,4,NA,NA,4,0,0,17,17,13,0,0,0,0
3772,20260922,0,0,0,NA,NA,4,NA,NA,4,0,0,17,17,13,0,0,0,0
3773,20260922,1,1,0,1,4,4,1,4,4,4,0,17,17,13,2124,4369,0,4369
3774,20260922,0,0,0,NA,NA,4,NA,NA,4,0,0,17,17,13,0,0,0,0
3775,20260922,1,1,0,1,4,4,1,4,4,4,0,17,17,13,2124,12563,0,4369
3776,20260922,1,1,0,3,12,12,3,12,12,4,0,17,17,5,3294,4369,3294,4369
3777,20260922,0,0,0,4,NA,8,4,NA,8,1,0,17,17,9,5,2,0,0
3778,20260922,0,0,0,NA,NA,4,NA,NA,4,0,0,17,17,13,0,0,0,0
3779,20260922,1,1,0,1,6,6,1,6,6,4,0,17,17,11,2052,9282,0,17476
3780,20260922,1,1,0,1,4,4,1,4,4,4,0,17,17,13,2124,4369,0,4369
3781,20260922,0,0,0,NA,NA,4,NA,NA,4,0,0,17,17,13,0,0,0,0
3782,20260922,1,1,0,1,4,4,1,4,4,4,0,17,17,13,2124,4369,0,4369
3783,20260922,0,0,0,NA,NA,4,NA,NA,4,0,0,17,17,13,0,0,0,0
3784,20260922,0,0,0,4,NA,11,4,NA,11,2,0,17,17,6,29,18,0,0
3785,20260922,1,1,0,3,12,12,3,12,12,4,0,17,17,5,3294,4369,3294,4369
3786,20260922,1,1,0,3,12,12,3,12,12,4,0,17,17,5,3294,4369,3294,4369
3787,20260922,1,1,0,1,4,4,1,4,4,4,0,17,17,13,2124,4369,0,4369
3788,20260922,0,0,0,NA,NA,4,NA,NA,4,0,0,17,17,13,0,0,0,0
3789,20260922,1,1,0,3,12,12,3,12,12,4,0,17,17,5,3294,4369,3294,4369
3790,20260922,1,1,0,2,6,6,2,6,6,4,0,17,17,11,72,4369,0,4369
3791,20260922,0,0,0,3,NA,7,3,NA,7,1,0,17,17,10,6,1,0,0
3792,20260922,1,1,0,3,12,12,3,12,12,4,0,17,17,5,3294,4369,3294,4369
3793,20260922,0,0,0,NA,NA,4,NA,NA,4,0,0,17,17,13,0,0,0,0
3794,20260922,1,1,0,1,4,4,1,4,4,4,0,17,17,13,2124,4369,0,4369
3795,20260922,0,0,0,NA,NA,4,NA,NA,4,0,0,17,17,13,0,0,0,0
3796,20260922,0,0,0,4,NA,8,4,NA,8,1,0,17,17,9,5,3,0,0
3797,20260922,0,0,0,NA,NA,4,NA,NA,4,0,0,17,17,13,0,0,0,0
3798,20260922,1,1,0,2,6,6,2,6,6,4,0,17,17,11,72,4369,0,4369
3799,20260922,0,0,0,NA,NA,4,NA,NA,4,0,0,17,17,13,0,0,0,0
3800,20260922,0,0,0,NA,NA,4,NA,NA,4,0,0,17,17,13,0,0,0,0
3801,20260922,1,1,0,1,4,4,1,4,4,4,0,17,17,13,2124,4369,0,4369
3802,20260922,0,0,0,NA,NA,4,NA,NA,4,0,0,17,17,13,0,0,0,0
3803,20260922,0,0,0,NA,NA,4,NA,NA,4,0,0,17,17,13,0,0,0,0
3804,20260922,0,0,0,3,NA,7,3,NA,7,1,0,17,17,10,6,4,0,0
3805,20260922,0,0,0,3,NA,7,3,NA,7,1,0,17,17,10,6,1,0,0
3806,20260922,0,0,0,3,NA,7,3,NA,7,1,0,17,17,10,6,1,0,0
3807,20260922,0,0,0,3,NA,7,3,NA,7,1,0,17,17,10,6,1,0,0
3808,20260922,0,0,0,NA,NA,4,NA,NA,4,0,0,17,17,13,0,0,0,0
3809,20260922,0,0,0,NA,NA,4,NA,NA,4,0,0,17,17,13,0,0,0,0
3810,20260922,0,0,0,NA,NA,4,NA,NA,4,0,0,17,17,13,0,0,0,0
3811,20260922,1,1,0,1,4,4,1,4,4,4,0,17,17,13,2124,4913,0,17476
3812,20260922,1,1,0,1,4,4,1,4,4,4,0,17,17,13,2124,4369,0,4369
3813,20260922,1,1,0,1,4,4,1,4,4,4,0,17,17,13,2124,8466,0,4369
3814,20260922,0,0,0,NA,NA,4,NA,NA,4,0,0,17,17,13,0,0,0,0
3815,20260922,1,1,0,1,4,4,1,4,4,4,0,17,17,13,2124,4369,0,4369
3816,20260922,1,1,0,1,4,4,1,4,4,4,0,17,17,13,2124,4369,0,4369
3817,20260922,0,0,0,3,NA,7,3,NA,7,1,0,17,17,10,6,1,0,0
3818,20260922,0,0,0,NA,NA,4,NA,NA,4,0,0,17,17,13,0,0,0,0
3819,20260922,0,0,0,3,NA,7,3,NA,7,1,0,17,17,10,6,1,0,0
3820,20260922,1,1,0,2,6,6,2,6,6,4,0,17,17,11,72,4369,0,4369
3821,20260922,0,0,0,3,NA,7,3,NA,7,1,0,17,17,10,6,1,0,0
3822,20260922,1,1,0,1,4,4,1,4,4,4,0,17,17,13,2124,4369,0,4369
3823,20260922,1,1,0,1,4,4,1,4,4,4,0,17,17,13,2124,4369,0,4369
3824,20260922,0,0,0,4,NA,8,4,NA,8,1,0,17,17,9,5,1,0,0
3825,20260922,0,0,0,NA,NA,4,NA,NA,4,0,0,17,17,13,0,0,0,0
3826,20260922,1,1,0,1,6,6,1,6,6,4,0,17,17,11,2052,5729,0,26214
3827,20260922,0,0,0,NA,NA,4,NA,NA,4,0,0,17,17,13,0,0,0,0
3828,20260922,0,0,0,NA,NA,4,NA,NA,4,0,0,17,17,13,0,0,0,0
3829,20260922,0,0,0,NA,NA,4,NA,NA,4,0,0,17,17,13,0,0,0,0
3830,20260922,0,0,0,3,NA,7,3,NA,7,1,0,17,17,10,6,1,0,0
3831,20260922,1,1,0,1,4,4,1,4,4,4,0,17,17,13,2124,4369,0,4369
3832,20260922,1,1,0,3,12,12,3,12,12,4,0,17,17,5,3294,16932,3294,16932
3833,20260922,0,0,0,NA,NA,4,NA,NA,4,0,0,17,17,13,0,0,0,0
3834,20260922,0,0,0,NA,NA,4,NA,NA,4,0,0,17,17,13,0,0,0,0
3835,20260922,1,1,0,1,4,4,1,4,4,4,0,17,17,13,2124,4369,0,4369
3836,20260922,0,0,0,NA,NA,4,NA,NA,4,0,0,17,17,13,0,0,0,0
3837,20260922,0,0,0,NA,NA,4,NA,NA,4,0,0,17,17,13,0,0,0,0
3838,20260922,1,1,0,1,4,4,1,4,4,4,0,17,17,13,2124,4369,0,4369
3839,20260922,0,0,0,4,NA,8,4,NA,8,1,0,17,17,9,5,10,0,0
3840,20260922,0,0,0,NA,NA,4,NA,NA,4,0,0,17,17,13,0,0,0,0
3841,20260922,0,0,0,NA,NA,4,NA,NA,4,0,0,17,17,13,0,0,0,0
3842,20260922,1,1,0,1,6,6,1,6,6,4,0,17,17,11,2052,5185,0,17476
3843,20260922,0,0,0,NA,NA,4,NA,NA,4,0,0,17,17,13,0,0,0,0
3844,20260922,0,0,0,NA,NA,4,NA,NA,4,0,0,17,17,13,0,0,0,0
3845,20260922,0,0,0,NA,NA,4,NA,NA,4,0,0,17,17,13,0,0,0,0
3846,20260922,0,0,0,NA,NA,4,NA,NA,4,0,0,17,17,13,0,0,0,0
3847,20260922,0,0,0,4,NA,8,4,NA,8,1,0,17,17,9,5,10,0,0
3848,20260922,0,0,0,NA,NA,4,NA,NA,4,0,0,17,17,13,0,0,0,0
3849,20260922,0,0,0,NA,NA,4,NA,NA,4,0,0,17,17,13,0,0,0,0
3850,20260922,1,1,0,1,4,4,1,4,4,4,0,17,17,13,2124,4913,0,17476
3851,20260922,0,0,0,NA,NA,4,NA,NA,4,0,0,17,17,13,0,0,0,0
3852,20260922,1,1,0,1,4,4,1,4,4,4,0,17,17,13,2124,4369,0,4369
3853,20260922,1,1,0,1,4,4,1,4,4,4,0,17,17,13,2124,4369,0,4369
3854,20260922,0,0,0,NA,NA,4,NA,NA,4,0,0,17,17,13,0,0,0,0
3855,20260922,0,0,0,NA,NA,4,NA,NA,4,0,0,17,17,13,0,0,0,0
3856,20260922,0,0,0,NA,NA,4,NA,NA,4,0,0,17,17,13,0,0,0,0
3857,20260922,0,0,0,NA,NA,4,NA,NA,4,0,0,17,17,13,0,0,0,0
3858,20260922,1,1,0,1,4,4,1,4,4,4,0,17,17,13,2124,4369,0,4369
3859,20260922,0,0,0,NA,NA,4,NA,NA,4,0,0,17,17,13,0,0,0,0
3860,20260922,1,1,0,1,4,4,1,4,4,4,0,17,17,13,2124,4369,0,4369
3861,20260922,1,1,0,1,4,4,1,4,4,4,0,17,17,13,2124,12563,0,4369
3862,20260922,1,1,0,1,4,4,1,4,4,4,0,17,17,13,2124,12563,0,4369
3863,20260922,0,0,0,NA,NA,4,NA,NA,4,0,0,17,17,13,0,0,0,0
3864,20260922,1,1,0,1,4,4,1,4,4,4,0,17,17,13,2124,9010,0,17476
3865,20260922,1,1,0,1,4,4,1,4,4,4,0,17,17,13,2124,4369,0,4369
3866,20260922,1,1,0,2,8,8,2,8,8,4,0,17,17,9,0,17476,0,17476
3867,20260922,1,1,0,1,4,4,1,4,4,4,0,17,17,13,2124,4369,0,4369
3868,20260922,0,0,0,NA,NA,4,NA,NA,4,0,0,17,17,13,0,0,0,0
3869,20260922,0,0,0,NA,NA,4,NA,NA,4,0,0,17,17,13,0,0,0,0
3870,20260922,0,0,0,NA,NA,4,NA,NA,4,0,0,17,17,13,0,0,0,0
3871,20260922,0,0,0,NA,NA,4,NA,NA,4,0,0,17,17,13,0,0,0,0
3872,20260922,0,0,0,NA,NA,4,NA,NA,4,0,0,17,17,13,0,0,0,0
3873,20260922,1,1,0,2,6,6,2,6,6,4,0,17,17,11,72,4369,0,4369
3874,20260922,0,0,0,NA,NA,4,NA,NA,4,0,0,17,17,13,0,0,0,0
3875,20260922,0,0,0,NA,NA,4,NA,NA,4,0,0,17,17,13,0,0,0,0
3876,20260922,1,1,0,1,4,4,1,4,4,4,0,17,17,13,2124,4369,0,4369
3877,20260922,0,0,0,NA,NA,4,NA,NA,4,0,0,17,17,13,0,0,0,0
3878,20260922,1,1,0,1,4,4,1,4,4,4,0,17,17,13,2124,4369,0,4369
3879,20260922,0,0,0,NA,NA,4,NA,NA,4,0,0,17,17,13,0,0,0,0
3880,20260922,1,1,0,1,4,4,1,4,4,4,0,17,17,13,2124,4369,0,4369
3881,20260922,1,1,0,1,4,4,1,4,4,4,0,17,17,13,2124,4369,0,4369
3882,20260922,0,0,0,NA,NA,4,NA,NA,4,0,0,17,17,13,0,0,0,0
3883,20260922,1,1,0,1,4,4,1,4,4,4,0,17,17,13,2124,4369,0,4369
3884,20260922,0,0,0,NA,NA,4,NA,NA,4,0,0,17,17,13,0,0,0,0
3885,20260922,1,1,0,1,4,4,1,4,4,4,0,17,17,13,2124,4369,0,4369
3886,20260922,0,0,0,NA,NA,4,NA,NA,4,0,0,17,17,13,0,0,0,0
3887,20260922,1,1,0,1,6,6,1,6,6,4,0,17,17,11,2052,5729,0,26214
3888,20260922,0,0,0,4,NA,8,4,NA,8,1,0,17,17,9,5,8,0,0
3889,20260922,0,0,0,4,NA,8,4,NA,8,1,0,17,17,9,5,1,0,0
3890,20260922,0,0,0,NA,NA,4,NA,NA,4,0,0,17,17,13,0,0,0,0
3891,20260922,0,0,0,NA,NA,4,NA,NA,4,0,0,17,17,13,0,0,0,0
3892,20260922,0,0,0,4,NA,8,4,NA,8,1,0,17,17,9,5,7,0,0
3893,20260922,0,0,0,NA,NA,4,NA,NA,4,0,0,17,17,13,0,0,0,0
3894,20260922,1,1,0,1,4,4,1,4,4,4,0,17,17,13,2124,12563,0,4369
3895,20260922,1,1,0,2,6,6,2,6,6,4,0,17,17,11,72,4369,0,4369
3896,20260922,1,1,0,2,6,6,2,6,6,4,0,17,17,11,72,4369,0,4369
3897,20260922,0,0,0,3,NA,7,3,NA,7,1,0,17,17,10,6,1,0,0
3898,20260922,1,1,0,1,6,6,1,6,6,4,0,17,17,11,2052,5185,0,17476
3899,20260922,0,0,0,NA,NA,4,NA,NA,4,0,0,17,17,13,0,0,0,0
3900,20260922,0,0,0,NA,NA,4,NA,NA,4,0,0,17,17,13,0,0,0,0
3901,20260922,0,0,0,NA,NA,4,NA,NA,4,0,0,17,17,13,0,0,0,0
3902,20260922,1,1,0,1,4,4,1,4,4,4,0,17,17,13,2124,4369,0,4369
3903,20260922,0,0,0,NA,NA,4,NA,NA,4,0,0,17,17,13,0,0,0,0
3904,20260922,0,0,0,3,NA,7,3,NA,7,1,0,17,17,10,6,1,0,0
3905,20260922,1,1,0,3,12,12,3,12,12,4,0,17,17,5,3294,4369,3294,4369
3906,20260922,0,0,0,NA,NA,4,NA,NA,4,0,0,17,17,13,0,0,0,0
3907,20260922,0,0,0,NA,NA,4,NA,NA,4,0,0,17,17,13,0,0,0,0
3908,20260922,0,0,0,4,NA,8,4,NA,8,1,0,17,17,9,5,9,0,0
3909,20260922,1,1,0,2,6,6,2,6,6,4,0,17,17,11,72,17204,0,17476
3910,20260922,1,1,0,1,4,4,1,4,4,4,0,17,17,13,2124,4369,0,4369
3911,20260922,1,1,0,1,4,4,1,4,4,4,0,17,17,13,2124,4369,0,4369
3912,20260922,0,0,0,3,NA,7,3,NA,7,1,0,17,17,10,6,1,0,0
3913,20260922,1,1,0,1,6,6,1,6,6,4,0,17,17,11,2052,5185,0,17476
3914,20260922,1,1,0,3,12,12,3,12,12,4,0,17,17,5,3294,4369,3294,4369
3915,20260922,0,0,0,NA,NA,4,NA,NA,4,0,0,17,17,13,0,0,0,0
3916,20260922,1,1,0,3,12,12,3,12,12,4,0,17,17,5,3294,13107,3294,13107
3917,20260922,0,0,0,3,NA,7,3,NA,7,1,0,17,17,10,6,1,0,0
3918,20260922,1,1,0,3,12,12,3,12,12,4,0,17,17,5,3294,4369,3294,4369
3919,20260922,0,0,0,NA,NA,4,NA,NA,4,0,0,17,17,13,0,0,0,0
3920,20260922,0,0,0,4,NA,8,4,NA,8,1,0,17,17,9,5,1,0,0
3921,20260922,0,0,0,3,NA,7,3,NA,7,1,0,17,17,10,6,1,0,0
3922,20260922,1,1,0,1,4,4,1,4,4,4,0,17,17,13,2124,4369,0,4369
3923,20260922,1,1,0,1,4,4,1,4,4,4,0,17,17,13,2124,4369,0,4369
3924,20260922,0,0,0,3,NA,7,3,NA,7,1,0,17,17,10,6,1,0,0
3925,20260922,1,1,0,1,4,4,1,4,4,4,0,17,17,13,2124,4369,0,4369
3926,20260922,1,1,0,1,4,4,1,4,4,4,0,17,17,13,2124,4369,0,4369
3927,20260922,0,0,0,NA,NA,4,NA,NA,4,0,0,17,17,13,0,0,0,0
3928,20260922,1,1,0,1,4,4,1,4,4,4,0,17,17,13,2124,4369,0,4369
3929,20260922,0,0,0,NA,NA,4,NA,NA,4,0,0,17,17,13,0,0,0,0
3930,20260922,0,0,0,NA,NA,4,NA,NA,4,0,0,17,17,13,0,0,0,0
3931,20260922,1,1,0,1,4,4,1,4,4,4,0,17,17,13,2124,4369,0,4369
3932,20260922,1,1,0,1,4,4,1,4,4,4,0,17,17,13,2124,4369,0,4369
3933,20260922,1,1,0,2,6,6,2,6,6,4,0,17,17,11,72,8738,0,8738
3934,20260922,0,0,0,NA,NA,4,NA,NA,4,0,0,17,17,13,0,0,0,0
3935,20260922,0,0,0,NA,NA,4,NA,NA,4,0,0,17,17,13,0,0,0,0
3936,20260922,1,1,0,2,6,6,2,6,6,4,0,17,17,11,72,4369,0,4369
3937,20260922,1,1,0,1,4,4,1,4,4,4,0,17,17,13,2124,4369,0,4369
3938,20260922,0,0,0,NA,NA,4,NA,NA,4,0,0,17,17,13,0,0,0,0
3939,20260922,0,0,0,NA,NA,4,NA,NA,4,0,0,17,17,13,0,0,0,0
3940,20260922,0,0,0,NA,NA,4,NA,NA,4,0,0,17,17,13,0,0,0,0
3941,20260922,1,1,0,1,4,4,1,4,4,4,0,17,17,13,2124,4369,0,4369
3942,20260922,0,0,0,3,NA,7,3,NA,7,1,0,17,17,10,6,1,0,0
3943,20260922,0,0,0,NA,NA,4,NA,NA,4,0,0,17,17,13,0,0,0,0
3944,20260922,0,0,0,NA,NA,4,NA,NA,4,0,0,17,17,13,0,0,0,0
3945,20260922,1,1,0,1,4,4,1,4,4,4,0,17,17,13,2124,4369,0,4369
3946,20260922,1,1,0,1,4,4,1,4,4,4,0,17,17,13,2124,4369,0,4369
3947,20260922,0,0,0,NA,NA,4,NA,NA,4,0,0,17,17,13,0,0,0,0
3948,20260922,1,1,0,3,12,12,3,12,12,4,0,17,17,5,3294,4369,3294,4369
3949,20260922,1,1,0,1,6,6,1,6,6,4,0,17,17,11,2052,5185,0,17476
3950,20260922,1,1,0,1,4,4,1,4,4,4,0,17,17,13,2124,4369,0,4369
3951,20260922,0,0,0,NA,NA,4,NA,NA,4,0,0,17,17,13,0,0,0,0
3952,20260922,1,1,0,1,4,4,1,4,4,4,0,17,17,13,2124,4369,0,4369
3953,20260922,0,0,0,NA,NA,4,NA,NA,4,0,0,17,17,13,0,0,0,0
3954,20260922,0,0,0,NA,NA,4,NA,NA,4,0,0,17,17,13,0,0,0,0
3955,20260922,1,1,0,1,4,4,1,4,4,4,0,17,17,13,2124,12563,0,4369
3956,20260922,1,1,0,1,4,4,1,4,4,4,0,17,17,13,2124,4369,0,4369
3957,20260922,0,0,0,NA,NA,4,NA,NA,4,0,0,17,17,13,0,0,0,0
3958,20260922,0,0,0,NA,NA,4,NA,NA,4,0,0,17,17,13,0,0,0,0
3959,20260922,0,0,0,4,NA,8,4,NA,8,1,0,17,17,9,5,2,0,0
3960,20260922,1,1,0,1,4,4,1,4,4,4,0,17,17,13,2124,4913,0,17476
3961,20260922,0,0,0,NA,NA,4,NA,NA,4,0,0,17,17,13,0,0,0,0
3962,20260922,1,1,0,1,6,6,1,6,6,4,0,17,17,11,2052,13107,0,13107
3963,20260922,0,0,0,NA,NA,4,NA,NA,4,0,0,17,17,13,0,0,0,0
3964,20260922,0,0,0,NA,NA,4,NA,NA,4,0,0,17,17,13,0,0,0,0
3965,20260922,0,0,0,NA,NA,4,NA,NA,4,0,0,17,17,13,0,0,0,0
3966,20260922,0,0,0,NA,NA,4,NA,NA,4,0,0,17,17,13,0,0,0,0
3967,20260922,0,0,0,NA,NA,4,NA,NA,4,0,0,17,17,13,0,0,0,0
3968,20260922,1,1,0,1,6,6,1,6,6,4,0,17,17,11,2052,5185,0,17476
3969,20260922,1,1,0,2,8,8,2,8,8,4,0,17,17,9,0,17476,0,17476
3970,20260922,0,0,0,3,NA,7,3,NA,7,1,0,17,17,10,6,1,0,0
3971,20260922,0,0,0,3,NA,7,3,NA,7,1,0,17,17,10,6,1,0,0
3972,20260922,0,0,0,NA,NA,4,NA,NA,4,0,0,17,17,13,0,0,0,0
3973,20260922,0,0,0,NA,NA,4,NA,NA,4,0,0,17,17,13,0,0,0,0
3974,20260922,1,1,0,1,4,4,1,4,4,4,0,17,17,13,2124,4369,0,4369
3975,20260922,1,1,0,2,6,6,2,6,6,4,0,17,17,11,72,17204,0,17476
3976,20260922,1,1,0,3,12,12,3,12,12,4,0,17,17,5,3294,9010,3294,9010
3977,20260922,1,1,0,3,12,12,3,12,12,4,0,17,17,5,3294,4369,3294,4369
3978,20260922,0,0,0,3,NA,7,3,NA,7,1,0,17,17,10,6,1,0,0
3979,20260922,1,1,0,1,4,4,1,4,4,4,0,17,17,13,2124,12563,0,4369
3980,20260922,1,1,0,1,4,4,1,4,4,4,0,17,17,13,2124,4369,0,4369
3981,20260922,1,1,0,1,4,4,1,4,4,4,0,17,17,13,2124,4369,0,4369
3982,20260922,1,1,0,1,4,4,1,4,4,4,0,17,17,13,2124,4369,0,4369
3983,20260922,1,1,0,1,4,4,1,4,4,4,0,17,17,13,2124,4913,0,17476
3984,20260922,0,0,0,NA,NA,4,NA,NA,4,0,0,17,17,13,0,0,0,0
3985,20260922,0,0,0,NA,NA,4,NA,NA,4,0,0,17,17,13,0,0,0,0
3986,20260922,0,0,0,NA,NA,4,NA,NA,4,0,0,17,17,13,0,0,0,0
3987,20260922,0,0,0,NA,NA,4,NA,NA,4,0,0,17,17,13,0,0,0,0
3988,20260922,1,1,0,1,4,4,1,4,4,4,0,17,17,13,2124,4369,0,4369
3989,20260922,0,0,0,NA,NA,4,NA,NA,4,0,0,17,17,13,0,0,0,0
3990,20260922,1,1,0,1,4,4,1,4,4,4,0,17,17,13,2124,4369,0,4369
3991,20260922,0,0,0,NA,NA,4,NA,NA,4,0,0,17,17,13,0,0,0,0
3992,20260922,1,1,0,1,4,4,1,4,4,4,0,17,17,13,2124,4369,0,4369
3993,20260922,1,1,0,1,4,4,1,4,4,4,0,17,17,13,2124,12563,0,4369
3994,20260922,0,0,0,NA,NA,4,NA,NA,4,0,0,17,17,13,0,0,0,0
3995,20260922,0,0,0,NA,NA,4,NA,NA,4,0,0,17,17,13,0,0,0,0
3996,20260922,1,1,0,2,8,8,2,8,8,4,0,17,17,9,0,17476,0,17476
3997,20260922,0,0,0,NA,NA,4,NA,NA,4,0,0,17,17,13,0,0,0,0
3998,20260922,1,1,0,1,4,4,1,4,4,4,0,17,17,13,2124,4369,0,4369
3999,20260922,0,0,0,3,NA,7,3,NA,7,1,0,17,17,10,6,1,0,0
4000,20260922,0,0,0,NA,NA,4,NA,NA,4,0,0,17,17,13,0,0,0,0
4001,20260922,1,1,0,1,4,4,1,4,4,4,0,17,17,13,2124,4913,0,17476
4002,20260922,0,0,0,NA,NA,4,NA,NA,4,0,0,17,17,13,0,0,0,0
4003,20260922,1,1,0,1,4,4,1,4,4,4,0,17,17,13,2124,12563,0,4369
4004,20260922,1,1,0,1,4,4,1,4,4,4,0,17,17,13,2124,4369,0,4369
4005,20260922,0,0,0,3,NA,7,3,NA,7,1,0,17,17,10,6,1,0,0
4006,20260922,0,0,0,3,NA,7,3,NA,7,1,0,17,17,10,6,3,0,0
4007,20260922,0,0,0,3,NA,7,3,NA,7,1,0,17,17,10,6,1,0,0
4008,20260922,1,1,0,1,4,4,1,4,4,4,0,17,17,13,2124,4369,0,4369
4009,20260922,0,0,0,NA,NA,4,NA,NA,4,0,0,17,17,13,0,0,0,0
4010,20260922,0,0,0,NA,NA,4,NA,NA,4,0,0,17,17,13,0,0,0,0
4011,20260922,0,0,0,NA,NA,4,NA,NA,4,0,0,17,17,13,0,0,0,0
4012,20260922,1,1,0,1,4,4,1,4,4,4,0,17,17,13,2124,4369,0,4369
4013,20260922,0,0,0,NA,NA,4,NA,NA,4,0,0,17,17,13,0,0,0,0
4014,20260922,1,1,0,1,4,4,1,4,4,4,0,17,17,13,2124,4369,0,4369
4015,20260922,1,1,0,3,12,12,3,12,12,4,0,17,17,5,3294,16660,3294,16660
4016,20260922,1,1,0,1,4,4,1,4,4,4,0,17,17,13,2124,4369,0,4369
4017,20260922,1,1,0,1,4,4,1,4,4,4,0,17,17,13,2124,4369,0,4369
4018,20260922,0,0,0,NA,NA,4,NA,NA,4,0,0,17,17,13,0,0,0,0
4019,20260922,0,0,0,NA,NA,4,NA,NA,4,0,0,17,17,13,0,0,0,0
4020,20260922,0,0,0,NA,NA,4,NA,NA,4,0,0,17,17,13,0,0,0,0
4021,20260922,0,0,0,NA,NA,4,NA,NA,4,0,0,17,17,13,0,0,0,0
4022,20260922,0,0,0,NA,NA,4,NA,NA,4,0,0,17,17,13,0,0,0,0
4023,20260922,1,1,0,1,4,4,1,4,4,4,0,17,17,13,2124,4369,0,4369
4024,20260922,0,0,0,NA,NA,4,NA,NA,4,0,0,17,17,13,0,0,0,0
4025,20260922,1,1,0,1,4,4,1,4,4,4,0,17,17,13,2124,9010,0,4369
4026,20260922,1,1,0,3,12,12,3,12,12,4,0,17,17,5,3294,4369,3294,4369
4027,20260922,1,1,0,3,12,12,3,12,12,4,0,17,17,5,3294,8466,3294,8466
4028,20260922,1,1,0,1,4,4,1,4,4,4,0,17,17,13,2124,12563,0,4369
4029,20260922,0,0,0,NA,NA,4,NA,NA,4,0,0,17,17,13,0,0,0,0
4030,20260922,1,1,0,1,4,4,1,4,4,4,0,17,17,13,2124,12563,0,4369
4031,20260922,0,0,0,NA,NA,4,NA,NA,4,0,0,17,17,13,0,0,0,0
4032,20260922,0,0,0,4,NA,8,4,NA,8,1,0,17,17,9,5,1,0,0
4033,20260922,1,1,0,1,4,4,1,4,4,4,0,17,17,13,2124,4369,0,4369
4034,20260922,0,0,0,3,NA,7,3,NA,7,1,0,17,17,10,6,1,0,0
4035,20260922,0,0,0,NA,NA,4,NA,NA,4,0,0,17,17,13,0,0,0,0
4036,20260922,1,1,0,2,6,6,2,6,6,4,0,17,17,11,72,4369,0,4369
4037,20260922,0,0,0,NA,NA,4,NA,NA,4,0,0,17,17,13,0,0,0,0
4038,20260922,1,1,0,2,8,8,2,8,8,4,0,17,17,9,0,21845,0,21845
4039,20260922,1,1,0,1,4,4,1,4,4,4,0,17,17,13,2124,4369,0,4369
4040,20260922,0,0,0,NA,NA,4,NA,NA,4,0,0,17,17,13,0,0,0,0
4041,20260922,0,0,0,3,NA,7,3,NA,7,1,0,17,17,10,6,3,0,0
4042,20260922,0,0,0,NA,NA,4,NA,NA,4,0,0,17,17,13,0,0,0,0
4043,20260922,1,1,0,1,6,6,1,6,6,4,0,17,17,11,2052,12835,0,8738
4044,20260922,0,0,0,4,NA,11,4,NA,11,2,0,17,17,6,29,23,0,0
4045,20260922,0,0,0,3,NA,7,3,NA,7,1,0,17,17,10,6,1,0,0
4046,20260922,1,1,0,1,4,4,1,4,4,4,0,17,17,13,2124,4369,0,4369
4047,20260922,1,1,0,1,4,4,1,4,4,4,0,17,17,13,2124,4913,0,17476
4048,20260922,0,0,0,NA,NA,4,NA,NA,4,0,0,17,17,13,0,0,0,0
4049,20260922,0,0,0,NA,NA,4,NA,NA,4,0,0,17,17,13,0,0,0,0
4050,20260922,0,0,0,NA,NA,4,NA,NA,4,0,0,17,17,13,0,0,0,0
4051,20260922,0,0,0,NA,NA,4,NA,NA,4,0,0,17,17,13,0,0,0,0
4052,20260922,0,0,0,NA,NA,4,NA,NA,4,0,0,17,17,13,0,0,0,0
4053,20260922,0,0,0,NA,NA,4,NA,NA,4,0,0,17,17,13,0,0,0,0
4054,20260922,0,0,0,NA,NA,4,NA,NA,4,0,0,17,17,13,0,0,0,0
4055,20260922,1,1,0,1,4,4,1,4,4,4,0,17,17,13,2124,4913,0,17476
4056,20260922,0,0,0,NA,NA,4,NA,NA,4,0,0,17,17,13,0,0,0,0
4057,20260922,0,0,0,NA,NA,4,NA,NA,4,0,0,17,17,13,0,0,0,0
4058,20260922,1,1,0,2,6,6,2,6,6,4,0,17,17,11,72,4369,0,4369
4059,20260922,1,1,0,1,4,4,1,4,4,4,0,17,17,13,2124,4369,0,4369
4060,20260922,0,0,0,NA,NA,4,NA,NA,4,0,0,17,17,13,0,0,0,0
4061,20260922,0,0,0,NA,NA,4,NA,NA,4,0,0,17,17,13,0,0,0,0
4062,20260922,0,0,0,NA,NA,4,NA,NA,4,0,0,17,17,13,0,0,0,0
4063,20260922,1,1,0,3,12,12,3,12,12,4,0,17,17,5,3294,4369,3294,4369
4064,20260922,1,1,0,2,6,6,2,6,6,4,0,17,17,11,72,4369,0,4369
4065,20260922,0,0,0,3,NA,7,3,NA,7,1,0,17,17,10,6,3,0,0
4066,20260922,1,1,0,1,4,4,1,4,4,4,0,17,17,13,2124,4369,0,4369
4067,20260922,1,1,0,1,4,4,1,4,4,4,0,17,17,13,2124,12563,0,4369
4068,20260922,1,1,0,1,4,4,1,4,4,4,0,17,17,13,2124,4369,0,4369
4069,20260922,1,1,0,1,4,4,1,4,4,4,0,17,17,13,2124,4369,0,4369
4070,20260922,1,1,0,2,8,8,2,8,8,4,0,17,17,9,0,4369,0,4369
4071,20260922,1,1,0,1,4,4,1,4,4,4,0,17,17,13,2124,12563,0,4369
4072,20260922,0,0,0,NA,NA,4,NA,NA,4,0,0,17,17,13,0,0,0,0
4073,20260922,0,0,0,NA,NA,4,NA,NA,4,0,0,17,17,13,0,0,0,0
4074,20260922,1,1,0,1,4,4,1,4,4,4,0,17,17,13,2124,4369,0,4369
4075,20260922,0,0,0,NA,NA,4,NA,NA,4,0,0,17,17,13,0,0,0,0
4076,20260922,0,0,0,4,NA,8,4,NA,8,1,0,17,17,9,5,10,0,0
4077,20260922,0,0,0,NA,NA,4,NA,NA,4,0,0,17,17,13,0,0,0,0
4078,20260922,1,1,0,1,6,6,1,6,6,4,0,17,17,11,2052,5185,0,17476
4079,20260922,0,0,0,NA,NA,4,NA,NA,4,0,0,17,17,13,0,0,0,0
4080,20260922,1,1,0,3,12,12,3,12,12,4,0,17,17,5,3294,12563,3294,12563
4081,20260922,0,0,0,NA,NA,4,NA,NA,4,0,0,17,17,13,0,0,0,0
4082,20260922,1,1,0,1,4,4,1,4,4,4,0,17,17,13,2124,4369,0,4369
4083,20260922,0,0,0,NA,NA,4,NA,NA,4,0,0,17,17,13,0,0,0,0
4084,20260922,0,0,0,NA,NA,4,NA,NA,4,0,0,17,17,13,0,0,0,0
4085,20260922,0,0,0,NA,NA,4,NA,NA,4,0,0,17,17,13,0,0,0,0
4086,20260922,0,0,0,NA,NA,4,NA,NA,4,0,0,17,17,13,0,0,0,0
4087,20260922,1,1,0,1,4,4,1,4,4,4,0,17,17,13,2124,4369,0,4369
4088,20260922,0,0,0,NA,NA,4,NA,NA,4,0,0,17,17,13,0,0,0,0
4089,20260922,0,0,0,NA,NA,4,NA,NA,4,0,0,17,17,13,0,0,0,0
4090,20260922,1,1,0,1,4,4,1,4,4,4,0,17,17,13,2124,4369,0,4369
4091,20260922,1,1,0,2,8,8,2,8,8,4,0,17,17,9,0,8738,0,8738
4092,20260922,0,0,0,NA,NA,4,NA,NA,4,0,0,17,17,13,0,0,0,0
4093,20260922,1,1,0,1,4,4,1,4,4,4,0,17,17,13,2124,4369,0,4369
4094,20260922,0,0,0,NA,NA,4,NA,NA,4,0,0,17,17,13,0,0,0,0
4095,20260922,1,1,0,1,4,4,1,4,4,4,0,17,17,13,2124,4913,0,17476
4096,20260922,1,1,0,1,4,4,1,4,4,4,0,17,17,13,2124,4369,0,4369
4097,20260922,0,0,0,NA,NA,4,NA,NA,4,0,0,17,17,13,0,0,0,0
4098,20260922,1,1,0,1,4,4,1,4,4,4,0,17,17,13,2124,4369,0,4369
4099,20260922,1,1,0,1,4,4,1,4,4,4,0,17,17,13,2124,4369,0,4369
4100,20260922,0,0,0,NA,NA,4,NA,NA,4,0,0,17,17,13,0,0,0,0
4101,20260922,1,1,0,1,4,4,1,4,4,4,0,17,17,13,2124,4369,0,4369
4102,20260922,1,1,0,1,6,6,1,6,6,4,0,17,17,11,2052,5185,0,17476
4103,20260922,0,0,0,NA,NA,4,NA,NA,4,0,0,17,17,13,0,0,0,0
4104,20260922,1,1,0,1,6,6,1,6,6,4,0,17,17,11,2052,5729,0,26214
4105,20260922,0,0,0,4,NA,8,4,NA,8,1,0,17,17,9,5,5,0,0
4106,20260922,1,1,0,1,4,4,1,4,4,4,0,17,17,13,2124,12563,0,4369
4107,20260922,1,1,0,2,8,8,2,8,8,4,0,17,17,9,0,8738,0,8738
4108,20260922,0,0,0,NA,NA,4,NA,NA,4,0,0,17,17,13,0,0,0,0
4109,20260922,1,1,0,1,4,4,1,4,4,4,0,17,17,13,2124,4913,0,17476
4110,20260922,0,0,0,NA,NA,4,NA,NA,4,0,0,17,17,13,0,0,0,0
4111,20260922,0,0,0,3,NA,7,3,NA,7,1,0,17,17,10,6,1,0,0
4112,20260922,0,0,0,3,NA,7,3,NA,7,1,0,17,17,10,6,3,0,0
4113,20260922,1,1,0,1,4,4,1,4,4,4,0,17,17,13,2124,4369,0,4369
4114,20260922,1,1,0,2,6,6,2,6,6,4,0,17,17,11,72,4369,0,4369
4115,20260922,1,1,0,1,4,4,1,4,4,4,0,17,17,13,2124,4369,0,4369
4116,20260922,1,1,0,3,12,12,3,12,12,4,0,17,17,5,3294,4369,3294,4369
4117,20260922,1,1,0,1,4,4,1,4,4,4,0,17,17,13,2124,4369,0,4369
4118,20260922,0,0,0,NA,NA,4,NA,NA,4,0,0,17,17,13,0,0,0,0
4119,20260922,0,0,0,4,NA,8,4,NA,8,1,0,17,17,9,5,1,0,0
4120,20260922,1,1,0,1,4,4,1,4,4,4,0,17,17,13,2124,4369,0,4369
4121,20260922,1,1,0,1,4,4,1,4,4,4,0,17,17,13,2124,4369,0,4369
4122,20260922,0,0,0,NA,NA,4,NA,NA,4,0,0,17,17,13,0,0,0,0
4123,20260922,1,1,0,1,6,6,1,6,6,4,0,17,17,11,2052,9554,0,21845
4124,20260922,0,0,0,NA,NA,4,NA,NA,4,0,0,17,17,13,0,0,0,0
4125,20260922,0,0,0,NA,NA,4,NA,NA,4,0,0,17,17,13,0,0,0,0
4126,20260922,0,0,0,NA,NA,4,NA,NA,4,0,0,17,17,13,0,0,0,0
4127,20260922,1,1,0,1,4,4,1,4,4,4,0,17,17,13,2124,4369,0,4369
4128,20260922,0,0,0,NA,NA,4,NA,NA,4,0,0,17,17,13,0,0,0,0
4129,20260922,1,1,0,2,8,8,2,8,8,4,0,17,17,9,0,8738,0,8738
4130,20260922,1,1,0,1,4,4,1,4,4,4,0,17,17,13,2124,4369,0,4369
4131,20260922,0,0,0,NA,NA,4,NA,NA,4,0,0,17,17,13,0,0,0,0
4132,20260922,0,0,0,4,NA,11,4,NA,11,2,0,17,17,6,29,18,0,0
4133,20260922,1,1,0,2,6,6,2,6,6,4,0,17,17,11,72,4369,0,4369
4134,20260922,0,0,0,NA,NA,4,NA,NA,4,0,0,17,17,13,0,0,0,0
4135,20260922,0,0,0,NA,NA,4,NA,NA,4,0,0,17,17,13,0,0,0,0
4136,20260922,1,1,0,1,4,4,1,4,4,4,0,17,17,13,2124,12563,0,4369
4137,20260922,1,1,0,3,12,12,3,12,12,4,0,17,17,5,3294,4369,3294,4369
4138,20260922,0,0,0,NA,NA,4,NA,NA,4,0,0,17,17,13,0,0,0,0
4139,20260922,0,0,0,NA,NA,4,NA,NA,4,0,0,17,17,13,0,0,0,0
4140,20260922,1,1,0,1,4,4,1,4,4,4,0,17,17,13,2124,4913,0,17476
4141,20260922,1,1,0,2,8,8,2,8,8,4,0,17,17,9,0,21845,0,21845
4142,20260922,1,1,0,2,6,6,2,6,6,4,0,17,17,11,72,4369,0,4369
4143,20260922,1,1,0,1,4,4,1,4,4,4,0,17,17,13,2124,4369,0,4369
4144,20260922,0,0,0,NA,NA,4,NA,NA,4,0,0,17,17,13,0,0,0,0
4145,20260922,0,0,0,NA,NA,4,NA,NA,4,0,0,17,17,13,0,0,0,0
4146,20260922,0,0,0,NA,NA,4,NA,NA,4,0,0,17,17,13,0,0,0,0
4147,20260922,0,0,0,NA,NA,4,NA,NA,4,0,0,17,17,13,0,0,0,0
4148,20260922,0,0,0,NA,NA,4,NA,NA,4,0,0,17,17,13,0,0,0,0
4149,20260922,0,0,0,3,NA,7,3,NA,7,1,0,17,17,10,6,1,0,0
4150,20260922,0,0,0,3,NA,7,3,NA,7,1,0,17,17,10,6,1,0,0
4151,20260922,1,1,0,3,12,12,3,12,12,4,0,17,17,5,3294,4369,3294,4369
4152,20260922,1,1,0,1,4,4,1,4,4,4,0,17,17,13,2124,12563,0,4369
4153,20260922,0,0,0,NA,NA,4,NA,NA,4,0,0,17,17,13,0,0,0,0
4154,20260922,0,0,0,4,NA,8,4,NA,8,1,0,17,17,9,5,10,0,0
4155,20260922,1,1,0,3,12,12,3,12,12,4,0,17,17,5,3294,4369,3294,4369
4156,20260922,1,1,0,1,4,4,1,4,4,4,0,17,17,13,2124,4369,0,4369
4157,20260922,1,1,0,1,4,4,1,4,4,4,0,17,17,13,2124,4369,0,4369
4158,20260922,0,0,0,NA,NA,4,NA,NA,4,0,0,17,17,13,0,0,0,0
4159,20260922,1,1,0,1,4,4,1,4,4,4,0,17,17,13,2124,4369,0,4369
4160,20260922,1,1,0,1,4,4,1,4,4,4,0,17,17,13,2124,4369,0,4369
4161,20260922,0,0,0,NA,NA,4,NA,NA,4,0,0,17,17,13,0,0,0,0
4162,20260922,1,1,0,1,4,4,1,4,4,4,0,17,17,13,2124,4369,0,4369
4163,20260922,0,0,0,NA,NA,4,NA,NA,4,0,0,17,17,13,0,0,0,0
4164,20260922,1,1,0,2,8,8,2,8,8,4,0,17,17,9,0,26214,0,26214
4165,20260922,1,1,0,2,6,6,2,6,6,4,0,17,17,11,72,4369,0,4369
4166,20260922,0,0,0,NA,NA,4,NA,NA,4,0,0,17,17,13,0,0,0,0
4167,20260922,0,0,0,NA,NA,4,NA,NA,4,0,0,17,17,13,0,0,0,0
4168,20260922,0,0,0,3,NA,7,3,NA,7,1,0,17,17,10,6,1,0,0
4169,20260922,0,0,0,1,NA,5,1,NA,5,1,0,17,17,12,4,2,0,0
4170,20260922,1,1,0,1,4,4,1,4,4,4,0,17,17,13,2124,4369,0,4369
4171,20260922,1,1,0,1,4,4,1,4,4,4,0,17,17,13,2124,4369,0,4369
4172,20260922,0,0,0,3,NA,7,3,NA,7,1,0,17,17,10,6,1,0,0
4173,20260922,0,0,0,NA,NA,4,NA,NA,4,0,0,17,17,13,0,0,0,0
4174,20260922,1,1,0,2,8,8,2,8,8,4,0,17,17,9,0,13107,0,13107
4175,20260922,1,1,0,1,4,4,1,4,4,4,0,17,17,13,2124,8466,2124,8466
4176,20260922,0,0,0,NA,NA,4,NA,NA,4,0,0,17,17,13,0,0,0,0
4177,20260922,0,0,0,4,NA,11,4,NA,11,2,0,17,17,6,29,50,0,0
4178,20260922,0,0,0,NA,NA,4,NA,NA,4,0,0,17,17,13,0,0,0,0
4179,20260922,0,0,0,NA,NA,4,NA,NA,4,0,0,17,17,13,0,0,0,0
4180,20260922,1,1,0,1,4,4,1,4,4,4,0,17,17,13,2124,4369,0,4369
4181,20260922,0,0,0,NA,NA,4,NA,NA,4,0,0,17,17,13,0,0,0,0
4182,20260922,0,0,0,NA,NA,4,NA,NA,4,0,0,17,17,13,0,0,0,0
4183,20260922,0,0,0,NA,NA,4,NA,NA,4,0,0,17,17,13,0,0,0,0
4184,20260922,0,0,0,NA,NA,4,NA,NA,4,0,0,17,17,13,0,0,0,0
4185,20260922,1,1,0,1,4,4,1,4,4,4,0,17,17,13,2124,4369,0,4369
4186,20260922,1,1,0,1,4,4,1,4,4,4,0,17,17,13,2124,4369,0,4369
4187,20260922,0,0,0,NA,NA,4,NA,NA,4,0,0,17,17,13,0,0,0,0
4188,20260922,0,0,0,NA,NA,4,NA,NA,4,0,0,17,17,13,0,0,0,0
4189,20260922,1,1,0,1,4,4,1,4,4,4,0,17,17,13,2124,4369,0,4369
4190,20260922,0,0,0,3,NA,7,3,NA,7,1,0,17,17,10,6,1,0,0
4191,20260922,0,0,0,NA,NA,4,NA,NA,4,0,0,17,17,13,0,0,0,0
4192,20260922,1,1,0,1,4,4,1,4,4,4,0,17,17,13,2124,4369,0,4369
4193,20260922,1,1,0,1,4,4,1,4,4,4,0,17,17,13,2124,4369,0,4369
4194,20260922,1,1,0,3,12,12,3,12,12,4,0,17,17,5,3294,4369,3294,4369
4195,20260922,1,1,0,1,6,6,1,6,6,4,0,17,17,11,2052,9554,0,21845
4196,20260922,1,1,0,1,6,6,1,6,6,4,0,17,17,11,2052,5729,0,26214
4197,20260922,1,1,0,2,8,8,2,8,8,4,0,17,17,9,0,21845,0,21845
4198,20260922,0,0,0,NA,NA,4,NA,NA,4,0,0,17,17,13,0,0,0,0
4199,20260922,1,1,0,1,6,6,1,6,6,4,0,17,17,11,2052,5185,0,17476
4200,20260922,1,1,0,3,12,12,3,12,12,4,0,17,17,5,3294,4369,3294,4369
4201,20260922,1,1,0,2,6,6,2,6,6,4,0,17,17,11,72,4369,0,4369
4202,20260922,1,1,0,2,6,6,2,6,6,4,0,17,17,11,72,4369,0,4369
4203,20260922,0,0,0,NA,NA,4,NA,NA,4,0,0,17,17,13,0,0,0,0
4204,20260922,0,0,0,NA,NA,4,NA,NA,4,0,0,17,17,13,0,0,0,0
4205,20260922,0,0,0,NA,NA,4,NA,NA,4,0,0,17,17,13,0,0,0,0
4206,20260922,1,1,0,1,4,4,1,4,4,4,0,17,17,13,2124,4369,0,4369
4207,20260922,1,1,0,3,12,12,3,12,12,4,0,17,17,5,3294,4369,3294,4369
4208,20260922,1,1,0,1,6,6,1,6,6,4,0,17,17,11,2052,5729,0,26214
4209,20260922,1,1,0,3,12,12,3,12,12,4,0,17,17,5,3294,4369,3294,4369
4210,20260922,0,0,0,NA,NA,4,NA,NA,4,0,0,17,17,13,0,0,0,0
4211,20260922,0,0,0,3,NA,7,3,NA,7,1,0,17,17,10,6,1,0,0
4212,20260922,0,0,0,NA,NA,4,NA,NA,4,0,0,17,17,13,0,0,0,0
4213,20260922,0,0,0,4,NA,8,4,NA,8,1,0,17,17,9,5,6,0,0
4214,20260922,1,1,0,3,12,12,3,12,12,4,0,17,17,5,3294,4369,3294,4369
4215,20260922,0,0,0,NA,NA,4,NA,NA,4,0,0,17,17,13,0,0,0,0
4216,20260922,0,0,0,NA,NA,4,NA,NA,4,0,0,17,17,13,0,0,0,0
4217,20260922,1,1,0,1,4,4,1,4,4,4,0,17,17,13,2124,4369,0,4369
4218,20260922,0,0,0,4,NA,8,4,NA,8,1,0,17,17,9,5,7,0,0
4219,20260922,0,0,0,NA,NA,4,NA,NA,4,0,0,17,17,13,0,0,0,0
4220,20260922,1,1,0,1,6,6,1,6,6,4,0,17,17,11,2052,5729,0,26214
4221,20260922,1,1,0,2,6,6,2,6,6,4,0,17,17,11,72,4369,0,4369
4222,20260922,0,0,0,NA,NA,4,NA,NA,4,0,0,17,17,13,0,0,0,0
4223,20260922,1,1,0,1,6,6,1,6,6,4,0,17,17,11,2052,5185,0,17476
4224,20260922,0,0,0,NA,NA,4,NA,NA,4,0,0,17,17,13,0,0,0,0
4225,20260922,1,1,0,1,4,4,1,4,4,4,0,17,17,13,2124,4369,0,4369
4226,20260922,0,0,0,NA,NA,4,NA,NA,4,0,0,17,17,13,0,0,0,0
4227,20260922,0,0,0,4,NA,8,4,NA,8,1,0,17,17,9,5,10,0,0
4228,20260922,0,0,0,NA,NA,4,NA,NA,4,0,0,17,17,13,0,0,0,0
4229,20260922,1,1,0,1,4,4,1,4,4,4,0,17,17,13,2124,12563,0,4369
4230,20260922,0,0,0,3,NA,7,3,NA,7,1,0,17,17,10,6,3,0,0
4231,20260922,0,0,0,3,NA,7,3,NA,7,1,0,17,17,10,6,1,0,0
4232,20260922,0,0,0,NA,NA,4,NA,NA,4,0,0,17,17,13,0,0,0,0
4233,20260922,1,1,0,1,4,4,1,4,4,4,0,17,17,13,2124,4369,0,4369
4234,20260922,0,0,0,NA,NA,4,NA,NA,4,0,0,17,17,13,0,0,0,0
4235,20260922,1,1,0,1,4,4,1,4,4,4,0,17,17,13,2124,4369,0,4369
4236,20260922,0,0,0,NA,NA,4,NA,NA,4,0,0,17,17,13,0,0,0,0
4237,20260922,0,0,0,3,NA,7,3,NA,7,1,0,17,17,10,6,3,0,0
4238,20260922,0,0,0,NA,NA,4,NA,NA,4,0,0,17,17,13,0,0,0,0
4239,20260922,0,0,0,NA,NA,4,NA,NA,4,0,0,17,17,13,0,0,0,0
4240,20260922,1,1,0,1,6,6,1,6,6,4,0,17,17,11,2052,13107,0,13107
4241,20260922,0,0,0,NA,NA,4,NA,NA,4,0,0,17,17,13,0,0,0,0
4242,20260922,1,1,0,1,6,6,1,6,6,4,0,17,17,11,2052,4641,0,8738
4243,20260922,0,0,0,NA,NA,4,NA,NA,4,0,0,17,17,13,0,0,0,0
4244,20260922,1,1,0,1,4,4,1,4,4,4,0,17,17,13,2124,4369,0,4369
4245,20260922,0,0,0,NA,NA,4,NA,NA,4,0,0,17,17,13,0,0,0,0
4246,20260922,1,1,0,1,6,6,1,6,6,4,0,17,17,11,2052,5729,0,26214
4247,20260922,1,1,0,1,4,4,1,4,4,4,0,17,17,13,2124,12563,0,4369
4248,20260922,0,0,0,NA,NA,4,NA,NA,4,0,0,17,17,13,0,0,0,0
4249,20260922,1,1,0,3,12,12,3,12,12,4,0,17,17,5,3294,4369,3294,4369
4250,20260922,1,1,0,2,6,6,2,6,6,4,0,17,17,11,72,4369,0,4369
4251,20260922,0,0,0,NA,NA,4,NA,NA,4,0,0,17,17,13,0,0,0,0
4252,20260922,1,1,0,1,6,6,1,6,6,4,0,17,17,11,2052,5185,0,17476
4253,20260922,0,0,0,NA,NA,4,NA,NA,4,0,0,17,17,13,0,0,0,0
4254,20260922,1,1,0,1,4,4,1,4,4,4,0,17,17,13,2124,4369,0,4369
4255,20260922,1,1,0,3,12,12,3,12,12,4,0,17,17,5,3294,4369,3294,4369
4256,20260922,1,1,0,1,4,4,1,4,4,4,0,17,17,13,2124,4369,0,4369
4257,20260922,0,0,0,3,NA,7,3,NA,7,1,0,17,17,10,6,1,0,0
4258,20260922,1,1,0,2,6,6,2,6,6,4,0,17,17,11,72,4369,0,4369
4259,20260922,1,1,0,1,4,4,1,4,4,4,0,17,17,13,2124,4369,0,4369
4260,20260922,0,0,0,NA,NA,4,NA,NA,4,0,0,17,17,13,0,0,0,0
4261,20260922,1,1,0,2,6,6,2,6,6,4,0,17,17,11,72,4369,0,4369
4262,20260922,0,0,0,NA,NA,4,NA,NA,4,0,0,17,17,13,0,0,0,0
4263,20260922,0,0,0,NA,NA,4,NA,NA,4,0,0,17,17,13,0,0,0,0
4264,20260922,0,0,0,NA,NA,4,NA,NA,4,0,0,17,17,13,0,0,0,0
4265,20260922,0,0,0,NA,NA,4,NA,NA,4,0,0,17,17,13,0,0,0,0
4266,20260922,1,1,0,1,4,4,1,4,4,4,0,17,17,13,2124,12563,0,4369
4267,20260922,1,1,0,2,8,8,2,8,8,4,0,17,17,9,0,26214,0,26214
4268,20260922,0,0,0,1,NA,5,1,NA,5,1,0,17,17,12,4,3,0,0
4269,20260922,1,1,0,1,4,4,1,4,4,4,0,17,17,13,2124,4369,0,4369
4270,20260922,1,1,0,2,6,6,2,6,6,4,0,17,17,11,72,4369,0,4369
4271,20260922,0,0,0,NA,NA,4,NA,NA,4,0,0,17,17,13,0,0,0,0
4272,20260922,1,1,0,1,6,6,1,6,6,4,0,17,17,11,2052,5185,0,17476
4273,20260922,0,0,0,3,NA,7,3,NA,7,1,0,17,17,10,6,1,0,0
4274,20260922,1,1,0,1,6,6,1,6,6,4,0,17,17,11,2052,5185,0,17476
4275,20260922,1,1,0,2,6,6,2,6,6,4,0,17,17,11,72,4369,0,4369
4276,20260922,1,1,0,2,8,8,2,8,8,4,0,17,17,9,0,21845,0,21845
4277,20260922,0,0,0,NA,NA,4,NA,NA,4,0,0,17,17,13,0,0,0,0
4278,20260922,1,1,0,1,4,4,1,4,4,4,0,17,17,13,2124,4369,0,4369
4279,20260922,1,1,0,3,12,12,3,12,12,4,0,17,17,5,3294,4369,3294,4369
4280,20260922,0,0,0,NA,NA,4,NA,NA,4,0,0,17,17,13,0,0,0,0
4281,20260922,1,1,0,1,4,4,1,4,4,4,0,17,17,13,2124,4369,0,4369
4282,20260922,1,1,0,1,4,4,1,4,4,4,0,17,17,13,2124,12563,0,4369
4283,20260922,0,0,0,NA,NA,4,NA,NA,4,0,0,17,17,13,0,0,0,0
4284,20260922,0,0,0,NA,NA,4,NA,NA,4,0,0,17,17,13,0,0,0,0
4285,20260922,1,1,0,3,12,12,3,12,12,4,0,17,17,5,3294,4369,3294,4369
4286,20260922,1,1,0,1,4,4,1,4,4,4,0,17,17,13,2124,12563,0,4369
4287,20260922,1,1,0,1,4,4,1,4,4,4,0,17,17,13,2124,4369,0,4369
4288,20260922,0,0,0,NA,NA,4,NA,NA,4,0,0,17,17,13,0,0,0,0
4289,20260922,0,0,0,NA,NA,4,NA,NA,4,0,0,17,17,13,0,0,0,0
4290,20260922,0,0,0,4,NA,8,4,NA,8,1,0,17,17,9,5,10,0,0
4291,20260922,1,1,0,1,4,4,1,4,4,4,0,17,17,13,2124,4369,0,4369
4292,20260922,0,0,0,NA,NA,4,NA,NA,4,0,0,17,17,13,0,0,0,0
4293,20260922,0,0,0,NA,NA,4,NA,NA,4,0,0,17,17,13,0,0,0,0
4294,20260922,1,1,0,1,6,6,1,6,6,4,0,17,17,11,2052,12563,0,4369
4295,20260922,1,1,0,1,4,4,1,4,4,4,0,17,17,13,2124,12563,0,4369
4296,20260922,1,1,0,1,4,4,1,4,4,4,0,17,17,13,2124,4369,0,4369
4297,20260922,1,1,0,3,12,12,3,12,12,4,0,17,17,5,3294,4369,3294,4369
4298,20260922,0,0,0,4,NA,8,4,NA,8,1,0,17,17,9,5,4,0,0
4299,20260922,0,0,0,3,NA,7,3,NA,7,1,0,17,17,10,6,1,0,0
4300,20260922,1,1,0,2,6,6,2,6,6,4,0,17,17,11,72,4369,0,4369
4301,20260922,1,1,0,1,4,4,1,4,4,4,0,17,17,13,2124,4369,0,4369
4302,20260922,0,0,0,4,NA,8,4,NA,8,1,0,17,17,9,5,4,0,0
4303,20260922,0,0,0,3,NA,7,3,NA,7,1,0,17,17,10,6,1,0,0
4304,20260922,0,0,0,NA,NA,4,NA,NA,4,0,0,17,17,13,0,0,0,0
4305,20260922,1,1,0,3,12,12,3,12,12,4,0,17,17,5,3294,4369,3294,4369
4306,20260922,1,1,0,1,4,4,1,4,4,4,0,17,17,13,2124,4369,0,4369
4307,20260922,0,0,0,NA,NA,4,NA,NA,4,0,0,17,17,13,0,0,0,0
4308,20260922,1,1,0,1,4,4,1,4,4,4,0,17,17,13,2124,4369,0,4369
4309,20260922,1,1,0,1,4,4,1,4,4,4,0,17,17,13,2124,4369,0,4369
4310,20260922,0,0,0,3,NA,7,3,NA,7,1,0,17,17,10,6,1,0,0
4311,20260922,1,1,0,1,4,4,1,4,4,4,0,17,17,13,2124,4369,0,4369
4312,20260922,0,0,0,3,NA,7,3,NA,7,1,0,17,17,10,6,1,0,0
4313,20260922,0,0,0,3,NA,7,3,NA,7,1,0,17,17,10,6,1,0,0
4314,20260922,0,0,0,NA,NA,4,NA,NA,4,0,0,17,17,13,0,0,0,0
4315,20260922,0,0,0,NA,NA,4,NA,NA,4,0,0,17,17,13,0,0,0,0
4316,20260922,0,0,0,NA,NA,4,NA,NA,4,0,0,17,17,13,0,0,0,0
4317,20260922,1,1,0,3,12,12,3,12,12,4,0,17,17,5,3294,4369,3294,4369
4318,20260922,1,1,0,3,12,12,3,12,12,4,0,17,17,5,3294,4369,3294,4369
4319,20260922,1,1,0,1,4,4,1,4,4,4,0,17,17,13,2124,4369,0,4369
4320,20260922,1,1,0,1,6,6,1,6,6,4,0,17,17,11,2052,5185,0,17476
4321,20260922,0,0,0,NA,NA,4,NA,NA,4,0,0,17,17,13,0,0,0,0
4322,20260922,0,0,0,NA,NA,4,NA,NA,4,0,0,17,17,13,0,0,0,0
4323,20260922,0,0,0,4,NA,8,4,NA,8,1,0,17,17,9,5,10,0,0
4324,20260922,1,1,0,1,4,4,1,4,4,4,0,17,17,13,2124,4369,0,4369
4325,20260922,0,0,0,NA,NA,4,NA,NA,4,0,0,17,17,13,0,0,0,0
4326,20260922,1,1,0,1,4,4,1,4,4,4,0,17,17,13,2124,4369,0,4369
4327,20260922,1,1,0,1,6,6,1,6,6,4,0,17,17,11,2052,5185,0,17476
4328,20260922,0,0,0,NA,NA,4,NA,NA,4,0,0,17,17,13,0,0,0,0
4329,20260922,0,0,0,NA,NA,4,NA,NA,4,0,0,17,17,13,0,0,0,0
4330,20260922,1,1,0,1,4,4,1,4,4,4,0,17,17,13,2124,4369,0,4369
4331,20260922,1,1,0,1,4,4,1,4,4,4,0,17,17,13,2124,4369,0,4369
4332,20260922,0,0,0,NA,NA,4,NA,NA,4,0,0,17,17,13,0,0,0,0
4333,20260922,1,1,0,1,4,4,1,4,4,4,0,17,17,13,2124,4369,0,4369
4334,20260922,0,0,0,NA,NA,4,NA,NA,4,0,0,17,17,13,0,0,0,0
4335,20260922,0,0,0,NA,NA,4,NA,NA,4,0,0,17,17,13,0,0,0,0
4336,20260922,0,0,0,NA,NA,4,NA,NA,4,0,0,17,17,13,0,0,0,0
4337,20260922,0,0,0,NA,NA,4,NA,NA,4,0,0,17,17,13,0,0,0,0
4338,20260922,1,1,0,4,10,10,4,10,10,4,0,17,17,7,2637,12835,2637,12835
4339,20260922,0,0,0,3,NA,7,3,NA,7,1,0,17,17,10,6,3,0,0
4340,20260922,1,1,0,1,4,4,1,4,4,4,0,17,17,13,2124,4369,0,4369
4341,20260922,1,1,0,1,4,4,1,4,4,4,0,17,17,13,2124,4369,0,4369
4342,20260922,1,1,0,1,6,6,1,6,6,4,0,17,17,11,2052,5185,0,17476
4343,20260922,0,0,0,3,NA,7,3,NA,7,1,0,17,17,10,6,1,0,0
4344,20260922,0,0,0,NA,NA,4,NA,NA,4,0,0,17,17,13,0,0,0,0
4345,20260922,1,1,0,1,4,4,1,4,4,4,0,17,17,13,2124,12835,0,8738
4346,20260922,0,0,0,NA,NA,4,NA,NA,4,0,0,17,17,13,0,0,0,0
4347,20260922,1,1,0,1,4,4,1,4,4,4,0,17,17,13,2124,4369,0,4369
4348,20260922,1,1,0,1,6,6,1,6,6,4,0,17,17,11,2052,12563,0,4369
4349,20260922,1,1,0,1,6,6,1,6,6,4,0,17,17,11,2052,5729,0,26214
4350,20260922,0,0,0,NA,NA,4,NA,NA,4,0,0,17,17,13,0,0,0,0
4351,20260922,1,1,0,1,4,4,1,4,4,4,0,17,17,13,2124,4369,0,4369
4352,20260922,0,0,0,NA,NA,4,NA,NA,4,0,0,17,17,13,0,0,0,0
4353,20260922,0,0,0,NA,NA,4,NA,NA,4,0,0,17,17,13,0,0,0,0
4354,20260922,1,1,0,3,12,12,3,12,12,4,0,17,17,5,3294,4369,3294,4369
4355,20260922,1,1,0,2,8,8,2,8,8,4,0,17,17,9,0,13107,0,13107
4356,20260922,0,0,0,NA,NA,4,NA,NA,4,0,0,17,17,13,0,0,0,0
4357,20260922,1,1,0,1,4,4,1,4,4,4,0,17,17,13,2124,4913,0,17476
4358,20260922,1,1,0,1,6,6,1,6,6,4,0,17,17,11,2052,4641,0,8738
4359,20260922,1,1,0,1,4,4,1,4,4,4,0,17,17,13,2124,4369,0,4369
4360,20260922,0,0,0,NA,NA,4,NA,NA,4,0,0,17,17,13,0,0,0,0
4361,20260922,1,1,0,1,6,6,1,6,6,4,0,17,17,11,2052,5185,0,17476
4362,20260922,0,0,0,3,NA,7,3,NA,7,1,0,17,17,10,6,1,0,0
4363,20260922,0,0,0,NA,NA,4,NA,NA,4,0,0,17,17,13,0,0,0,0
4364,20260922,0,0,0,NA,NA,4,NA,NA,4,0,0,17,17,13,0,0,0,0
4365,20260922,1,1,0,1,4,4,1,4,4,4,0,17,17,13,2124,4369,0,4369
4366,20260922,1,1,0,1,6,6,1,6,6,4,0,17,17,11,2052,5185,0,17476
4367,20260922,1,1,0,1,4,4,1,4,4,4,0,17,17,13,2124,4369,0,4369
4368,20260922,1,1,0,1,6,6,1,6,6,4,0,17,17,11,2052,5185,0,17476
4369,20260922,1,1,0,1,4,4,1,4,4,4,0,17,17,13,2124,4369,0,4369
4370,20260922,1,1,0,1,6,6,1,6,6,4,0,17,17,11,2052,5729,0,26214
4371,20260922,1,1,0,2,6,6,2,6,6,4,0,17,17,11,72,4369,0,4369
4372,20260922,0,0,0,NA,NA,4,NA,NA,4,0,0,17,17,13,0,0,0,0
4373,20260922,0,0,0,NA,NA,4,NA,NA,4,0,0,17,17,13,0,0,0,0
4374,20260922,1,1,0,1,4,4,1,4,4,4,0,17,17,13,2124,4369,0,4369
4375,20260922,1,1,0,1,4,4,1,4,4,4,0,17,17,13,2124,4369,0,4369
4376,20260922,0,0,0,4,NA,8,4,NA,8,1,0,17,17,9,5,2,0,0
4377,20260922,1,1,0,1,6,6,1,6,6,4,0,17,17,11,2052,5185,0,17476
4378,20260922,0,0,0,NA,NA,4,NA,NA,4,0,0,17,17,13,0,0,0,0
4379,20260922,0,0,0,NA,NA,4,NA,NA,4,0,0,17,17,13,0,0,0,0
4380,20260922,1,1,0,3,12,12,3,12,12,4,0,17,17,5,3294,4369,3294,4369
4381,20260922,0,0,0,3,NA,7,3,NA,7,1,0,17,17,10,6,1,0,0
4382,20260922,1,1,0,1,6,6,1,6,6,4,0,17,17,11,2052,5729,0,26214
4383,20260922,0,0,0,NA,NA,4,NA,NA,4,0,0,17,17,13,0,0,0,0
4384,20260922,0,0,0,NA,NA,4,NA,NA,4,0,0,17,17,13,0,0,0,0
4385,20260922,0,0,0,3,NA,7,3,NA,7,1,0,17,17,10,6,3,0,0
4386,20260922,0,0,0,NA,NA,4,NA,NA,4,0,0,17,17,13,0,0,0,0
4387,20260922,0,0,0,NA,NA,4,NA,NA,4,0,0,17,17,13,0,0,0,0
4388,20260922,0,0,0,NA,NA,4,NA,NA,4,0,0,17,17,13,0,0,0,0
4389,20260922,0,0,0,NA,NA,4,NA,NA,4,0,0,17,17,13,0,0,0,0
4390,20260922,0,0,0,NA,NA,4,NA,NA,4,0,0,17,17,13,0,0,0,0
4391,20260922,0,0,0,NA,NA,4,NA,NA,4,0,0,17,17,13,0,0,0,0
4392,20260922,1,1,0,1,4,4,1,4,4,4,0,17,17,13,2124,4369,0,4369
4393,20260922,0,0,0,NA,NA,4,NA,NA,4,0,0,17,17,13,0,0,0,0
4394,20260922,1,1,0,3,12,12,3,12,12,4,0,17,17,5,3294,4369,3294,4369
4395,20260922,0,0,0,NA,NA,4,NA,NA,4,0,0,17,17,13,0,0,0,0
4396,20260922,0,0,0,NA,NA,4,NA,NA,4,0,0,17,17,13,0,0,0,0
4397,20260922,1,1,0,1,6,6,1,6,6,4,0,17,17,11,2052,9554,0,21845
4398,20260922,1,1,0,1,4,4,1,4,4,4,0,17,17,13,2124,4369,0,4369
4399,20260922,1,1,0,1,4,4,1,4,4,4,0,17,17,13,2124,12563,0,4369
4400,20260922,0,0,0,NA,NA,4,NA,NA,4,0,0,17,17,13,0,0,0,0
4401,20260922,1,1,0,1,4,4,1,4,4,4,0,17,17,13,2124,4369,0,4369
4402,20260922,1,1,0,1,4,4,1,4,4,4,0,17,17,13,2124,4369,0,4369
4403,20260922,1,1,0,1,4,4,1,4,4,4,0,17,17,13,2124,4369,0,4369
4404,20260922,1,1,0,1,4,4,1,4,4,4,0,17,17,13,2124,4369,0,4369
4405,20260922,0,0,0,NA,NA,4,NA,NA,4,0,0,17,17,13,0,0,0,0
4406,20260922,1,1,0,1,4,4,1,4,4,4,0,17,17,13,2124,4369,0,4369
4407,20260922,1,1,0,1,4,4,1,4,4,4,0,17,17,13,2124,4369,0,4369
4408,20260922,0,0,0,NA,NA,4,NA,NA,4,0,0,17,17,13,0,0,0,0
4409,20260922,0,0,0,NA,NA,4,NA,NA,4,0,0,17,17,13,0,0,0,0
4410,20260922,0,0,0,NA,NA,4,NA,NA,4,0,0,17,17,13,0,0,0,0
4411,20260922,0,0,0,NA,NA,4,NA,NA,4,0,0,17,17,13,0,0,0,0
4412,20260922,0,0,0,NA,NA,4,NA,NA,4,0,0,17,17,13,0,0,0,0
4413,20260922,0,0,0,NA,NA,4,NA,NA,4,0,0,17,17,13,0,0,0,0
4414,20260922,1,1,0,1,4,4,1,4,4,4,0,17,17,13,2124,4369,0,4369
4415,20260922,1,1,0,1,6,6,1,6,6,4,0,17,17,11,2052,5185,0,17476
4416,20260922,1,1,0,2,8,8,2,8,8,4,0,17,17,9,0,4369,0,4369
4417,20260922,1,1,0,1,6,6,1,6,6,4,0,17,17,11,2052,5729,0,26214
4418,20260922,0,0,0,NA,NA,4,NA,NA,4,0,0,17,17,13,0,0,0,0
4419,20260922,0,0,0,NA,NA,4,NA,NA,4,0,0,17,17,13,0,0,0,0
4420,20260922,0,0,0,4,NA,8,4,NA,8,1,0,17,17,9,5,2,0,0
4421,20260922,1,1,0,1,4,4,1,4,4,4,0,17,17,13,2124,4369,0,4369
4422,20260922,1,1,0,3,12,12,3,12,12,4,0,17,17,5,3294,9010,3294,9010
4423,20260922,0,0,0,NA,NA,4,NA,NA,4,0,0,17,17,13,0,0,0,0
4424,20260922,1,1,0,1,4,4,1,4,4,4,0,17,17,13,2124,4369,0,4369
4425,20260922,0,0,0,NA,NA,4,NA,NA,4,0,0,17,17,13,0,0,0,0
4426,20260922,1,1,0,1,4,4,1,4,4,4,0,17,17,13,2124,4369,0,4369
4427,20260922,1,1,0,2,8,8,2,8,8,4,0,17,17,9,0,13107,0,13107
4428,20260922,0,0,0,NA,NA,4,NA,NA,4,0,0,17,17,13,0,0,0,0
4429,20260922,0,0,0,4,NA,8,4,NA,8,1,0,17,17,9,5,7,0,0
4430,20260922,1,1,0,1,4,4,1,4,4,4,0,17,17,13,2124,4913,0,17476
4431,20260922,0,0,0,NA,NA,4,NA,NA,4,0,0,17,17,13,0,0,0,0
4432,20260922,0,0,0,NA,NA,4,NA,NA,4,0,0,17,17,13,0,0,0,0
4433,20260922,0,0,0,3,NA,7,3,NA,7,1,0,17,17,10,6,1,0,0
4434,20260922,0,0,0,NA,NA,4,NA,NA,4,0,0,17,17,13,0,0,0,0
4435,20260922,1,1,0,1,6,6,1,6,6,4,0,17,17,11,2052,5185,0,17476
4436,20260922,0,0,0,NA,NA,4,NA,NA,4,0,0,17,17,13,0,0,0,0
4437,20260922,0,0,0,NA,NA,4,NA,NA,4,0,0,17,17,13,0,0,0,0
4438,20260922,0,0,0,3,NA,7,3,NA,7,1,0,17,17,10,6,2,0,0
4439,20260922,1,1,0,1,4,4,1,4,4,4,0,17,17,13,2124,4369,0,4369
4440,20260922,0,0,0,NA,NA,4,NA,NA,4,0,0,17,17,13,0,0,0,0
4441,20260922,1,1,0,2,8,8,2,8,8,4,0,17,17,9,0,4369,0,4369
4442,20260922,0,0,0,NA,NA,4,NA,NA,4,0,0,17,17,13,0,0,0,0
4443,20260922,1,1,0,1,4,4,1,4,4,4,0,17,17,13,2124,4641,0,8738
4444,20260922,0,0,0,NA,NA,4,NA,NA,4,0,0,17,17,13,0,0,0,0
4445,20260922,1,1,0,1,4,4,1,4,4,4,0,17,17,13,2124,4369,0,4369
4446,20260922,1,1,0,1,4,4,1,4,4,4,0,17,17,13,2124,4369,0,4369
4447,20260922,1,1,0,1,4,4,1,4,4,4,0,17,17,13,2124,4369,0,4369
4448,20260922,1,1,0,1,4,4,1,4,4,4,0,17,17,13,2124,4369,0,4369
4449,20260922,1,1,0,1,4,4,1,4,4,4,0,17,17,13,2124,4369,0,4369
4450,20260922,1,1,0,1,6,6,1,6,6,4,0,17,17,11,2052,5729,0,26214
4451,20260922,0,0,0,3,NA,7,3,NA,7,1,0,17,17,10,6,1,0,0
4452,20260922,1,1,0,1,4,4,1,4,4,4,0,17,17,13,2124,4369,0,4369
4453,20260922,1,1,0,2,8,8,2,8,8,4,0,17,17,9,0,4369,0,4369
4454,20260922,1,1,0,1,4,4,1,4,4,4,0,17,17,13,2124,4369,0,4369
4455,20260922,1,1,0,1,4,4,1,4,4,4,0,17,17,13,2124,4369,0,4369
4456,20260922,0,0,0,NA,NA,4,NA,NA,4,0,0,17,17,13,0,0,0,0
4457,20260922,0,0,0,NA,NA,4,NA,NA,4,0,0,17,17,13,0,0,0,0
4458,20260922,0,0,0,NA,NA,4,NA,NA,4,0,0,17,17,13,0,0,0,0
4459,20260922,0,0,0,NA,NA,4,NA,NA,4,0,0,17,17,13,0,0,0,0
4460,20260922,0,0,0,NA,NA,4,NA,NA,4,0,0,17,17,13,0,0,0,0
4461,20260922,0,0,0,NA,NA,4,NA,NA,4,0,0,17,17,13,0,0,0,0
4462,20260922,0,0,0,NA,NA,4,NA,NA,4,0,0,17,17,13,0,0,0,0
4463,20260922,1,1,0,1,4,4,1,4,4,4,0,17,17,13,2124,12563,0,4369
4464,20260922,0,0,0,NA,NA,4,NA,NA,4,0,0,17,17,13,0,0,0,0
4465,20260922,1,1,0,2,6,6,2,6,6,4,0,17,17,11,72,17204,0,17476
4466,20260922,0,0,0,NA,NA,4,NA,NA,4,0,0,17,17,13,0,0,0,0
4467,20260922,1,1,0,1,6,6,1,6,6,4,0,17,17,11,2052,5729,0,26214
4468,20260922,0,0,0,NA,NA,4,NA,NA,4,0,0,17,17,13,0,0,0,0
4469,20260922,0,0,0,NA,NA,4,NA,NA,4,0,0,17,17,13,0,0,0,0
4470,20260922,1,1,0,2,8,8,2,8,8,4,0,17,17,9,0,13107,0,13107
4471,20260922,0,0,0,NA,NA,4,NA,NA,4,0,0,17,17,13,0,0,0,0
4472,20260922,1,1,0,1,6,6,1,6,6,4,0,17,17,11,2052,5185,0,17476
4473,20260922,0,0,0,NA,NA,4,NA,NA,4,0,0,17,17,13,0,0,0,0
4474,20260922,0,0,0,NA,NA,4,NA,NA,4,0,0,17,17,13,0,0,0,0
4475,20260922,1,1,0,1,6,6,1,6,6,4,0,17,17,11,2052,5185,0,17476
4476,20260922,0,0,0,NA,NA,4,NA,NA,4,0,0,17,17,13,0,0,0,0
4477,20260922,1,1,0,1,6,6,1,6,6,4,0,17,17,11,2052,5729,0,26214
4478,20260922,0,0,0,NA,NA,4,NA,NA,4,0,0,17,17,13,0,0,0,0
4479,20260922,0,0,0,NA,NA,4,NA,NA,4,0,0,17,17,13,0,0,0,0
4480,20260922,1,1,0,2,6,6,2,6,6,4,0,17,17,11,72,4369,0,4369
4481,20260922,0,0,0,NA,NA,4,NA,NA,4,0,0,17,17,13,0,0,0,0
4482,20260922,1,1,0,2,6,6,2,6,6,4,0,17,17,11,72,4369,0,4369
4483,20260922,1,1,0,2,8,8,2,8,8,4,0,17,17,9,0,8738,0,8738
4484,20260922,0,0,0,NA,NA,4,NA,NA,4,0,0,17,17,13,0,0,0,0
4485,20260922,1,1,0,1,4,4,1,4,4,4,0,17,17,13,2124,4369,0,4369
4486,20260922,0,0,0,4,NA,8,4,NA,8,1,0,17,17,9,5,1,0,0
4487,20260922,0,0,0,NA,NA,4,NA,NA,4,0,0,17,17,13,0,0,0,0
4488,20260922,1,1,0,1,4,4,1,4,4,4,0,17,17,13,2124,4369,0,4369
4489,20260922,1,1,0,1,4,4,1,4,4,4,0,17,17,13,2124,4369,0,4369
4490,20260922,0,0,0,NA,NA,4,NA,NA,4,0,0,17,17,13,0,0,0,0
4491,20260922,1,1,0,1,6,6,1,6,6,4,0,17,17,11,2052,5185,0,17476
4492,20260922,1,1,0,1,4,4,1,4,4,4,0,17,17,13,2124,4369,0,4369
4493,20260922,0,0,0,NA,NA,4,NA,NA,4,0,0,17,17,13,0,0,0,0
4494,20260922,0,0,0,NA,NA,4,NA,NA,4,0,0,17,17,13,0,0,0,0
4495,20260922,0,0,0,NA,NA,4,NA,NA,4,0,0,17,17,13,0,0,0,0
4496,20260922,0,0,0,3,NA,7,3,NA,7,1,0,17,17,10,6,1,0,0
4497,20260922,0,0,0,NA,NA,4,NA,NA,4,0,0,17,17,13,0,0,0,0
4498,20260922,1,1,0,2,6,6,2,6,6,4,0,17,17,11,72,4369,0,4369
4499,20260922,0,0,0,4,NA,8,4,NA,8,1,0,17,17,9,5,7,0,0
4500,20260922,1,1,0,2,6,6,2,6,6,4,0,17,17,11,72,4369,0,4369
4501,20260922,1,1,0,1,4,4,1,4,4,4,0,17,17,13,2124,12563,0,4369
4502,20260922,0,0,0,NA,NA,4,NA,NA,4,0,0,17,17,13,0,0,0,0
4503,20260922,0,0,0,NA,NA,4,NA,NA,4,0,0,17,17,13,0,0,0,0
4504,20260922,1,1,0,1,4,4,1,4,4,4,0,17,17,13,2124,4369,0,4369
4505,20260922,0,0,0,3,NA,7,3,NA,7,1,0,17,17,10,6,1,0,0
4506,20260922,0,0,0,NA,NA,4,NA,NA,4,0,0,17,17,13,0,0,0,0
4507,20260922,0,0,0,NA,NA,4,NA,NA,4,0,0,17,17,13,0,0,0,0
4508,20260922,0,0,0,NA,NA,4,NA,NA,4,0,0,17,17,13,0,0,0,0
4509,20260922,0,0,0,NA,NA,4,NA,NA,4,0,0,17,17,13,0,0,0,0
4510,20260922,1,1,0,2,6,6,2,6,6,4,0,17,17,11,72,4369,0,4369
4511,20260922,0,0,0,NA,NA,4,NA,NA,4,0,0,17,17,13,0,0,0,0
4512,20260922,1,1,0,3,12,12,3,12,12,4,0,17,17,5,3294,4369,3294,4369
4513,20260922,0,0,0,NA,NA,4,NA,NA,4,0,0,17,17,13,0,0,0,0
4514,20260922,0,0,0,3,NA,7,3,NA,7,1,0,17,17,10,6,1,0,0
4515,20260922,1,1,0,3,12,12,3,12,12,4,0,17,17,5,3294,4369,3294,4369
4516,20260922,0,0,0,3,NA,7,3,NA,7,1,0,17,17,10,6,3,0,0
4517,20260922,0,0,0,NA,NA,4,NA,NA,4,0,0,17,17,13,0,0,0,0
4518,20260922,1,1,0,2,6,6,2,6,6,4,0,17,17,11,72,4369,0,4369
4519,20260922,0,0,0,NA,NA,4,NA,NA,4,0,0,17,17,13,0,0,0,0
4520,20260922,1,1,0,1,4,4,1,4,4,4,0,17,17,13,2124,4369,0,4369
4521,20260922,1,1,0,1,4,4,1,4,4,4,0,17,17,13,2124,4369,0,4369
4522,20260922,0,0,0,NA,NA,4,NA,NA,4,0,0,17,17,13,0,0,0,0
4523,20260922,0,0,0,NA,NA,4,NA,NA,4,0,0,17,17,13,0,0,0,0
4524,20260922,0,0,0,NA,NA,4,NA,NA,4,0,0,17,17,13,0,0,0,0
4525,20260922,1,1,0,1,4,4,1,4,4,4,0,17,17,13,2124,9010,0,17476
4526,20260922,1,1,0,1,4,4,1,4,4,4,0,17,17,13,2124,4369,0,4369
4527,20260922,0,0,0,NA,NA,4,NA,NA,4,0,0,17,17,13,0,0,0,0
4528,20260922,0,0,0,NA,NA,4,NA,NA,4,0,0,17,17,13,0,0,0,0
4529,20260922,0,0,0,NA,NA,4,NA,NA,4,0,0,17,17,13,0,0,0,0
4530,20260922,1,1,0,3,12,12,3,12,12,4,0,17,17,5,3294,4369,3294,4369
4531,20260922,0,0,0,NA,NA,4,NA,NA,4,0,0,17,17,13,0,0,0,0
4532,20260922,1,1,0,3,12,12,3,12,12,4,0,17,17,5,3294,4369,3294,4369
4533,20260922,0,0,0,NA,NA,4,NA,NA,4,0,0,17,17,13,0,0,0,0
4534,20260922,0,0,0,NA,NA,4,NA,NA,4,0,0,17,17,13,0,0,0,0
4535,20260922,1,1,0,2,6,6,2,6,6,4,0,17,17,11,72,4369,0,4369
4536,20260922,0,0,0,NA,NA,4,NA,NA,4,0,0,17,17,13,0,0,0,0
4537,20260922,1,1,0,1,4,4,1,4,4,4,0,17,17,13,2124,4369,0,4369
4538,20260922,0,0,0,NA,NA,4,NA,NA,4,0,0,17,17,13,0,0,0,0
4539,20260922,1,1,0,1,4,4,1,4,4,4,0,17,17,13,2124,4369,0,4369
4540,20260922,0,0,0,4,NA,8,4,NA,8,1,0,17,17,9,5,6,0,0
4541,20260922,0,0,0,3,NA,7,3,NA,7,1,0,17,17,10,6,4,0,0
4542,20260922,1,1,0,2,6,6,2,6,6,4,0,17,17,11,72,8738,0,8738
4543,20260922,0,0,0,NA,NA,4,NA,NA,4,0,0,17,17,13,0,0,0,0
4544,20260922,1,1,0,2,8,8,2,8,8,4,0,17,17,9,0,4369,0,4369
4545,20260922,0,0,0,NA,NA,4,NA,NA,4,0,0,17,17,13,0,0,0,0
4546,20260922,0,0,0,NA,NA,4,NA,NA,4,0,0,17,17,13,0,0,0,0
4547,20260922,0,0,0,NA,NA,4,NA,NA,4,0,0,17,17,13,0,0,0,0
4548,20260922,1,1,0,1,4,4,1,4,4,4,0,17,17,13,2124,4369,0,4369
4549,20260922,1,1,0,2,6,6,2,6,6,4,0,17,17,11,72,4369,0,4369
4550,20260922,1,1,0,1,4,4,1,4,4,4,0,17,17,13,2124,4369,0,4369
4551,20260922,0,0,0,NA,NA,4,NA,NA,4,0,0,17,17,13,0,0,0,0
4552,20260922,0,0,0,NA,NA,4,NA,NA,4,0,0,17,17,13,0,0,0,0
4553,20260922,0,0,0,NA,NA,4,NA,NA,4,0,0,17,17,13,0,0,0,0
4554,20260922,1,1,0,1,6,6,1,6,6,4,0,17,17,11,2052,5729,0,26214
4555,20260922,0,0,0,NA,NA,4,NA,NA,4,0,0,17,17,13,0,0,0,0
4556,20260922,0,0,0,NA,NA,4,NA,NA,4,0,0,17,17,13,0,0,0,0
4557,20260922,0,0,0,4,NA,8,4,NA,8,1,0,17,17,9,5,1,0,0
4558,20260922,1,1,0,1,4,4,1,4,4,4,0,17,17,13,2124,4369,0,4369
4559,20260922,0,0,0,NA,NA,4,NA,NA,4,0,0,17,17,13,0,0,0,0
4560,20260922,1,1,0,1,4,4,1,4,4,4,0,17,17,13,2124,4369,0,4369
4561,20260922,0,0,0,NA,NA,4,NA,NA,4,0,0,17,17,13,0,0,0,0
4562,20260922,0,0,0,3,NA,7,3,NA,7,1,0,17,17,10,6,4,0,0
4563,20260922,1,1,0,1,6,6,1,6,6,4,0,17,17,11,2052,9282,0,17476
4564,20260922,0,0,0,4,NA,8,4,NA,8,1,0,17,17,9,5,7,0,0
4565,20260922,0,0,0,NA,NA,4,NA,NA,4,0,0,17,17,13,0,0,0,0
4566,20260922,1,1,0,1,4,4,1,4,4,4,0,17,17,13,2124,4369,0,4369
4567,20260922,0,0,0,NA,NA,4,NA,NA,4,0,0,17,17,13,0,0,0,0
4568,20260922,1,1,0,3,12,12,3,12,12,4,0,17,17,5,3294,4369,3294,4369
4569,20260922,0,0,0,NA,NA,4,NA,NA,4,0,0,17,17,13,0,0,0,0
4570,20260922,1,1,0,2,8,8,2,8,8,4,0,17,17,9,0,8738,0,8738
4571,20260922,0,0,0,NA,NA,4,NA,NA,4,0,0,17,17,13,0,0,0,0
4572,20260922,0,0,0,3,NA,7,3,NA,7,1,0,17,17,10,6,1,0,0
4573,20260922,1,1,0,1,4,4,1,4,4,4,0,17,17,13,2124,4369,0,4369
4574,20260922,0,0,0,NA,NA,4,NA,NA,4,0,0,17,17,13,0,0,0,0
4575,20260922,1,1,0,1,6,6,1,6,6,4,0,17,17,11,2052,5729,0,26214
4576,20260922,0,0,0,NA,NA,4,NA,NA,4,0,0,17,17,13,0,0,0,0
4577,20260922,1,1,0,1,4,4,1,4,4,4,0,17,17,13,2124,12563,0,4369
4578,20260922,0,0,0,NA,NA,4,NA,NA,4,0,0,17,17,13,0,0,0,0
4579,20260922,1,1,0,1,4,4,1,4,4,4,0,17,17,13,2124,4369,0,4369
4580,20260922,1,1,0,1,4,4,1,4,4,4,0,17,17,13,2124,4369,0,4369
4581,20260922,0,0,0,NA,NA,4,NA,NA,4,0,0,17,17,13,0,0,0,0
4582,20260922,0,0,0,NA,NA,4,NA,NA,4,0,0,17,17,13,0,0,0,0
4583,20260922,0,0,0,NA,NA,4,NA,NA,4,0,0,17,17,13,0,0,0,0
4584,20260922,0,0,0,NA,NA,4,NA,NA,4,0,0,17,17,13,0,0,0,0
4585,20260922,1,1,0,1,4,4,1,4,4,4,0,17,17,13,2124,4369,0,4369
4586,20260922,0,0,0,NA,NA,4,NA,NA,4,0,0,17,17,13,0,0,0,0
4587,20260922,1,1,0,3,12,12,3,12,12,4,0,17,17,5,3294,4369,3294,4369
4588,20260922,0,0,0,4,NA,8,4,NA,8,1,0,17,17,9,5,3,0,0
4589,20260922,0,0,0,3,NA,7,3,NA,7,1,0,17,17,10,6,2,0,0
4590,20260922,0,0,0,NA,NA,4,NA,NA,4,0,0,17,17,13,0,0,0,0
4591,20260922,0,0,0,NA,NA,4,NA,NA,4,0,0,17,17,13,0,0,0,0
4592,20260922,0,0,0,3,NA,7,3,NA,7,1,0,17,17,10,6,1,0,0
4593,20260922,0,0,0,NA,NA,4,NA,NA,4,0,0,17,17,13,0,0,0,0
4594,20260922,1,1,0,1,4,4,1,4,4,4,0,17,17,13,2124,12563,0,4369
4595,20260922,1,1,0,1,4,4,1,4,4,4,0,17,17,13,2124,4369,0,4369
4596,20260922,1,1,0,1,4,4,1,4,4,4,0,17,17,13,2124,4369,0,4369
4597,20260922,0,0,0,NA,NA,4,NA,NA,4,0,0,17,17,13,0,0,0,0
4598,20260922,1,1,0,1,4,4,1,4,4,4,0,17,17,13,2124,4369,0,4369
4599,20260922,0,0,0,NA,NA,4,NA,NA,4,0,0,17,17,13,0,0,0,0
4600,20260922,0,0,0,3,NA,7,3,NA,7,1,0,17,17,10,6,2,0,0
4601,20260922,1,1,0,1,4,4,1,4,4,4,0,17,17,13,2124,4369,0,4369
4602,20260922,0,0,0,NA,NA,4,NA,NA,4,0,0,17,17,13,0,0,0,0
4603,20260922,1,1,0,1,4,4,1,4,4,4,0,17,17,13,2124,12563,0,4369
4604,20260922,1,1,0,2,8,8,2,8,8,4,0,17,17,9,0,8738,0,8738
4605,20260922,1,1,0,2,8,8,2,8,8,4,0,17,17,9,0,17476,0,17476
4606,20260922,0,0,0,NA,NA,4,NA,NA,4,0,0,17,17,13,0,0,0,0
4607,20260922,0,0,0,3,NA,7,3,NA,7,1,0,17,17,10,6,1,0,0
4608,20260922,0,0,0,NA,NA,4,NA,NA,4,0,0,17,17,13,0,0,0,0
4609,20260922,1,1,0,3,12,12,3,12,12,4,0,17,17,5,3294,4369,3294,4369
4610,20260922,0,0,0,4,NA,8,4,NA,8,1,0,17,17,9,5,3,0,0
4611,20260922,0,0,0,NA,NA,4,NA,NA,4,0,0,17,17,13,0,0,0,0
4612,20260922,0,0,0,NA,NA,4,NA,NA,4,0,0,17,17,13,0,0,0,0
4613,20260922,0,0,0,NA,NA,4,NA,NA,4,0,0,17,17,13,0,0,0,0
4614,20260922,1,1,0,1,4,4,1,4,4,4,0,17,17,13,2124,12835,0,8738
4615,20260922,0,0,0,NA,NA,4,NA,NA,4,0,0,17,17,13,0,0,0,0
4616,20260922,0,0,0,NA,NA,4,NA,NA,4,0,0,17,17,13,0,0,0,0
4617,20260922,0,0,0,NA,NA,4,NA,NA,4,0,0,17,17,13,0,0,0,0
4618,20260922,0,0,0,4,NA,8,4,NA,8,1,0,17,17,9,5,4,0,0
4619,20260922,0,0,0,4,NA,8,4,NA,8,1,0,17,17,9,5,2,0,0
4620,20260922,0,0,0,NA,NA,4,NA,NA,4,0,0,17,17,13,0,0,0,0
4621,20260922,0,0,0,NA,NA,4,NA,NA,4,0,0,17,17,13,0,0,0,0
4622,20260922,1,1,0,1,4,4,1,4,4,4,0,17,17,13,2124,4913,0,17476
4623,20260922,1,1,0,1,4,4,1,4,4,4,0,17,17,13,2124,4369,0,4369
4624,20260922,1,1,0,1,4,4,1,4,4,4,0,17,17,13,2124,4369,0,4369
4625,20260922,0,0,0,NA,NA,4,NA,NA,4,0,0,17,17,13,0,0,0,0
4626,20260922,0,0,0,NA,NA,4,NA,NA,4,0,0,17,17,13,0,0,0,0
4627,20260922,0,0,0,NA,NA,4,NA,NA,4,0,0,17,17,13,0,0,0,0
4628,20260922,1,1,0,1,4,4,1,4,4,4,0,17,17,13,2124,4369,0,4369
4629,20260922,1,1,0,1,4,4,1,4,4,4,0,17,17,13,2124,4369,0,4369
4630,20260922,0,0,0,4,NA,8,4,NA,8,1,0,17,17,9,5,3,0,0
4631,20260922,0,0,0,NA,NA,4,NA,NA,4,0,0,17,17,13,0,0,0,0
4632,20260922,0,0,0,NA,NA,4,NA,NA,4,0,0,17,17,13,0,0,0,0
4633,20260922,1,1,0,2,8,8,2,8,8,4,0,17,17,9,0,21845,0,21845
4634,20260922,1,1,0,2,6,6,2,6,6,4,0,17,17,11,72,4369,0,4369
4635,20260922,0,0,0,NA,NA,4,NA,NA,4,0,0,17,17,13,0,0,0,0
4636,20260922,0,0,0,NA,NA,4,NA,NA,4,0,0,17,17,13,0,0,0,0
4637,20260922,0,0,0,4,NA,8,4,NA,8,1,0,17,17,9,5,10,0,0
4638,20260922,1,1,0,1,4,4,1,4,4,4,0,17,17,13,2124,4369,0,4369
4639,20260922,1,1,0,1,4,4,1,4,4,4,0,17,17,13,2124,4369,0,4369
4640,20260922,0,0,0,NA,NA,4,NA,NA,4,0,0,17,17,13,0,0,0,0
4641,20260922,1,1,0,1,4,4,1,4,4,4,0,17,17,13,2124,4369,0,4369
4642,20260922,1,1,0,1,4,4,1,4,4,4,0,17,17,13,2124,4369,0,4369
4643,20260922,0,0,0,3,NA,7,3,NA,7,1,0,17,17,10,6,1,0,0
4644,20260922,0,0,0,4,NA,11,4,NA,11,2,0,17,17,6,29,26,0,0
4645,20260922,0,0,0,NA,NA,4,NA,NA,4,0,0,17,17,13,0,0,0,0
4646,20260922,0,0,0,NA,NA,4,NA,NA,4,0,0,17,17,13,0,0,0,0
4647,20260922,0,0,0,NA,NA,4,NA,NA,4,0,0,17,17,13,0,0,0,0
4648,20260922,1,1,0,1,4,4,1,4,4,4,0,17,17,13,2124,4369,0,4369
4649,20260922,0,0,0,NA,NA,4,NA,NA,4,0,0,17,17,13,0,0,0,0
4650,20260922,1,1,0,1,6,6,1,6,6,4,0,17,17,11,2052,5729,0,26214
4651,20260922,1,1,0,1,4,4,1,4,4,4,0,17,17,13,2124,4369,0,4369
4652,20260922,0,0,0,NA,NA,4,NA,NA,4,0,0,17,17,13,0,0,0,0
4653,20260922,1,1,0,1,4,4,1,4,4,4,0,17,17,13,2124,4913,0,17476
4654,20260922,1,1,0,1,4,4,1,4,4,4,0,17,17,13,2124,12563,0,4369
4655,20260922,0,0,0,NA,NA,4,NA,NA,4,0,0,17,17,13,0,0,0,0
4656,20260922,1,1,0,1,4,4,1,4,4,4,0,17,17,13,2124,4369,0,4369
4657,20260922,1,1,0,1,4,4,1,4,4,4,0,17,17,13,2124,4369,0,4369
4658,20260922,1,1,0,1,4,4,1,4,4,4,0,17,17,13,2124,4369,0,4369
4659,20260922,0,0,0,4,NA,8,4,NA,8,1,0,17,17,9,5,6,0,0
4660,20260922,1,1,0,3,12,12,3,12,12,4,0,17,17,5,3294,4369,3294,4369
4661,20260922,1,1,0,3,12,12,3,12,12,4,0,17,17,5,3294,4369,3294,4369
4662,20260922,1,1,0,1,6,6,1,6,6,4,0,17,17,11,2052,5729,0,26214
4663,20260922,1,1,0,2,6,6,2,6,6,4,0,17,17,11,72,4369,0,4369
4664,20260922,1,1,0,2,6,6,2,6,6,4,0,17,17,11,72,4369,0,4369
4665,20260922,0,0,0,3,NA,7,3,NA,7,1,0,17,17,10,6,4,0,0
4666,20260922,0,0,0,NA,NA,4,NA,NA,4,0,0,17,17,13,0,0,0,0
4667,20260922,1,1,0,1,6,6,1,6,6,4,0,17,17,11,2052,5729,0,26214
4668,20260922,0,0,0,NA,NA,4,NA,NA,4,0,0,17,17,13,0,0,0,0
4669,20260922,0,0,0,NA,NA,4,NA,NA,4,0,0,17,17,13,0,0,0,0
4670,20260922,1,1,0,1,4,4,1,4,4,4,0,17,17,13,2124,4369,0,4369
4671,20260922,0,0,0,NA,NA,4,NA,NA,4,0,0,17,17,13,0,0,0,0
4672,20260922,0,0,0,NA,NA,4,NA,NA,4,0,0,17,17,13,0,0,0,0
4673,20260922,0,0,0,NA,NA,4,NA,NA,4,0,0,17,17,13,0,0,0,0
4674,20260922,1,1,0,2,6,6,2,6,6,4,0,17,17,11,72,8738,0,8738
4675,20260922,0,0,0,NA,NA,4,NA,NA,4,0,0,17,17,13,0,0,0,0
4676,20260922,0,0,0,NA,NA,4,NA,NA,4,0,0,17,17,13,0,0,0,0
4677,20260922,0,0,0,NA,NA,4,NA,NA,4,0,0,17,17,13,0,0,0,0
4678,20260922,0,0,0,NA,NA,4,NA,NA,4,0,0,17,17,13,0,0,0,0
4679,20260922,0,0,0,NA,NA,4,NA,NA,4,0,0,17,17,13,0,0,0,0
4680,20260922,0,0,0,3,NA,7,3,NA,7,1,0,17,17,10,6,1,0,0
4681,20260922,0,0,0,NA,NA,4,NA,NA,4,0,0,17,17,13,0,0,0,0
4682,20260922,1,1,0,1,6,6,1,6,6,4,0,17,17,11,2052,5729,0,26214
4683,20260922,1,1,0,1,4,4,1,4,4,4,0,17,17,13,2124,4913,0,17476
4684,20260922,1,1,0,3,12,12,3,12,12,4,0,17,17,5,3294,16932,3294,16932
4685,20260922,0,0,0,NA,NA,4,NA,NA,4,0,0,17,17,13,0,0,0,0
4686,20260922,1,1,0,2,8,8,2,8,8,4,0,17,17,9,0,17476,0,17476
4687,20260922,1,1,0,1,4,4,1,4,4,4,0,17,17,13,2124,4369,0,4369
4688,20260922,1,1,0,3,12,12,3,12,12,4,0,17,17,5,3294,4369,3294,4369
4689,20260922,1,1,0,1,4,4,1,4,4,4,0,17,17,13,2124,4369,0,4369
4690,20260922,1,1,0,2,6,6,2,6,6,4,0,17,17,11,72,17204,0,17476
4691,20260922,1,1,0,1,4,4,1,4,4,4,0,17,17,13,2124,4369,0,4369
4692,20260922,1,1,0,2,6,6,2,6,6,4,0,17,17,11,72,8738,0,8738
4693,20260922,1,1,0,3,12,12,3,12,12,4,0,17,17,5,3294,4369,3294,4369
4694,20260922,0,0,0,3,NA,7,3,NA,7,1,0,17,17,10,6,1,0,0
4695,20260922,1,1,0,2,6,6,2,6,6,4,0,17,17,11,72,8738,0,8738
4696,20260922,1,1,0,1,6,6,1,6,6,4,0,17,17,11,2052,13107,0,13107
4697,20260922,1,1,0,2,8,8,2,8,8,4,0,17,17,9,0,4369,0,4369
4698,20260922,0,0,0,NA,NA,4,NA,NA,4,0,0,17,17,13,0,0,0,0
4699,20260922,1,1,0,2,6,6,2,6,6,4,0,17,17,11,72,4369,0,4369
4700,20260922,0,0,0,NA,NA,4,NA,NA,4,0,0,17,17,13,0,0,0,0
4701,20260922,1,1,0,2,8,8,2,8,8,4,0,17,17,9,0,17476,0,17476
4702,20260922,0,0,0,NA,NA,4,NA,NA,4,0,0,17,17,13,0,0,0,0
4703,20260922,0,0,0,NA,NA,4,NA,NA,4,0,0,17,17,13,0,0,0,0
4704,20260922,1,1,0,1,4,4,1,4,4,4,0,17,17,13,2124,4369,0,4369
4705,20260922,1,1,0,2,6,6,2,6,6,4,0,17,17,11,72,4369,0,4369
4706,20260922,0,0,0,3,NA,7,3,NA,7,1,0,17,17,10,6,1,0,0
4707,20260922,1,1,0,1,4,4,1,4,4,4,0,17,17,13,2124,4369,0,4369
4708,20260922,1,1,0,1,4,4,1,4,4,4,0,17,17,13,2124,4913,0,17476
4709,20260922,0,0,0,3,NA,7,3,NA,7,1,0,17,17,10,6,1,0,0
4710,20260922,1,1,0,1,4,4,1,4,4,4,0,17,17,13,2124,4369,0,4369
4711,20260922,0,0,0,3,NA,7,3,NA,7,1,0,17,17,10,6,2,0,0
4712,20260922,1,1,0,1,4,4,1,4,4,4,0,17,17,13,2124,4369,0,4369
4713,20260922,0,0,0,NA,NA,4,NA,NA,4,0,0,17,17,13,0,0,0,0
4714,20260922,0,0,0,NA,NA,4,NA,NA,4,0,0,17,17,13,0,0,0,0
4715,20260922,1,1,0,1,4,4,1,4,4,4,0,17,17,13,2124,4369,0,4369
4716,20260922,0,0,0,3,NA,7,3,NA,7,1,0,17,17,10,6,2,0,0
4717,20260922,0,0,0,4,NA,11,4,NA,11,2,0,17,17,6,29,25,0,0
4718,20260922,0,0,0,3,NA,7,3,NA,7,1,0,17,17,10,6,1,0,0
4719,20260922,0,0,0,NA,NA,4,NA,NA,4,0,0,17,17,13,0,0,0,0
4720,20260922,1,1,0,1,4,4,1,4,4,4,0,17,17,13,2124,4641,0,8738
4721,20260922,0,0,0,NA,NA,4,NA,NA,4,0,0,17,17,13,0,0,0,0
4722,20260922,0,0,0,NA,NA,4,NA,NA,4,0,0,17,17,13,0,0,0,0
4723,20260922,1,1,0,1,4,4,1,4,4,4,0,17,17,13,2124,4369,0,4369
4724,20260922,0,0,0,3,NA,7,3,NA,7,1,0,17,17,10,6,1,0,0
4725,20260922,0,0,0,NA,NA,4,NA,NA,4,0,0,17,17,13,0,0,0,0
4726,20260922,1,1,0,2,8,8,2,8,8,4,0,17,17,9,0,8738,0,8738
4727,20260922,0,0,0,NA,NA,4,NA,NA,4,0,0,17,17,13,0,0,0,0
4728,20260922,0,0,0,4,NA,8,4,NA,8,1,0,17,17,9,5,1,0,0
4729,20260922,0,0,0,NA,NA,4,NA,NA,4,0,0,17,17,13,0,0,0,0
4730,20260922,1,1,0,1,4,4,1,4,4,4,0,17,17,13,2124,4369,0,4369
4731,20260922,0,0,0,3,NA,7,3,NA,7,1,0,17,17,10,6,1,0,0
4732,20260922,0,0,0,NA,NA,4,NA,NA,4,0,0,17,17,13,0,0,0,0
4733,20260922,1,1,0,1,4,4,1,4,4,4,0,17,17,13,2124,4369,0,4369
4734,20260922,1,1,0,1,4,4,1,4,4,4,0,17,17,13,2124,4369,0,4369
4735,20260922,0,0,0,NA,NA,4,NA,NA,4,0,0,17,17,13,0,0,0,0
4736,20260922,1,1,0,1,4,4,1,4,4,4,0,17,17,13,2124,4369,0,4369
4737,20260922,1,1,0,1,4,4,1,4,4,4,0,17,17,13,2124,4369,0,4369
4738,20260922,1,1,0,1,6,6,1,6,6,4,0,17,17,11,2052,9554,0,21845
4739,20260922,0,0,0,NA,NA,4,NA,NA,4,0,0,17,17,13,0,0,0,0
4740,20260922,0,0,0,3,NA,7,3,NA,7,1,0,17,17,10,6,1,0,0
4741,20260922,0,0,0,4,NA,8,4,NA,8,1,0,17,17,9,5,1,0,0
4742,20260922,1,1,0,1,4,4,1,4,4,4,0,17,17,13,2124,12563,0,4369
4743,20260922,0,0,0,NA,NA,4,NA,NA,4,0,0,17,17,13,0,0,0,0
4744,20260922,1,1,0,2,6,6,2,6,6,4,0,17,17,11,72,8738,0,8738
4745,20260922,1,1,0,1,4,4,1,4,4,4,0,17,17,13,2124,4369,0,4369
4746,20260922,0,0,0,NA,NA,4,NA,NA,4,0,0,17,17,13,0,0,0,0
4747,20260922,0,0,0,NA,NA,4,NA,NA,4,0,0,17,17,13,0,0,0,0
4748,20260922,0,0,0,NA,NA,4,NA,NA,4,0,0,17,17,13,0,0,0,0
4749,20260922,1,1,0,1,6,6,1,6,6,4,0,17,17,11,2052,5729,0,26214
4750,20260922,1,1,0,1,4,4,1,4,4,4,0,17,17,13,2124,4369,0,4369
4751,20260922,0,0,0,3,NA,7,3,NA,7,1,0,17,17,10,6,2,0,0
4752,20260922,0,0,0,NA,NA,4,NA,NA,4,0,0,17,17,13,0,0,0,0
4753,20260922,0,0,0,NA,NA,4,NA,NA,4,0,0,17,17,13,0,0,0,0
4754,20260922,0,0,0,3,NA,7,3,NA,7,1,0,17,17,10,6,1,0,0
4755,20260922,1,1,0,3,12,12,3,12,12,4,0,17,17,5,3294,4369,3294,4369
4756,20260922,0,0,0,NA,NA,4,NA,NA,4,0,0,17,17,13,0,0,0,0
4757,20260922,0,0,0,NA,NA,4,NA,NA,4,0,0,17,17,13,0,0,0,0
4758,20260922,0,0,0,NA,NA,4,NA,NA,4,0,0,17,17,13,0,0,0,0
4759,20260922,1,1,0,1,4,4,1,4,4,4,0,17,17,13,2124,4369,0,4369
4760,20260922,1,1,0,1,4,4,1,4,4,4,0,17,17,13,2124,4913,0,17476
4761,20260922,0,0,0,NA,NA,4,NA,NA,4,0,0,17,17,13,0,0,0,0
4762,20260922,0,0,0,NA,NA,4,NA,NA,4,0,0,17,17,13,0,0,0,0
4763,20260922,0,0,0,NA,NA,4,NA,NA,4,0,0,17,17,13,0,0,0,0
4764,20260922,1,1,0,2,8,8,2,8,8,4,0,17,17,9,0,21845,0,21845
4765,20260922,0,0,0,NA,NA,4,NA,NA,4,0,0,17,17,13,0,0,0,0
4766,20260922,0,0,0,NA,NA,4,NA,NA,4,0,0,17,17,13,0,0,0,0
4767,20260922,0,0,0,NA,NA,4,NA,NA,4,0,0,17,17,13,0,0,0,0
4768,20260922,1,1,0,1,4,4,1,4,4,4,0,17,17,13,2124,4369,0,4369
4769,20260922,0,0,0,NA,NA,4,NA,NA,4,0,0,17,17,13,0,0,0,0
4770,20260922,1,1,0,1,4,4,1,4,4,4,0,17,17,13,2124,4369,0,4369
4771,20260922,0,0,0,NA,NA,4,NA,NA,4,0,0,17,17,13,0,0,0,0
4772,20260922,1,1,0,1,4,4,1,4,4,4,0,17,17,13,2124,12563,0,4369
4773,20260922,0,0,0,NA,NA,4,NA,NA,4,0,0,17,17,13,0,0,0,0
4774,20260922,1,1,0,1,4,4,1,4,4,4,0,17,17,13,2124,4369,0,4369
4775,20260922,1,1,0,1,4,4,1,4,4,4,0,17,17,13,2124,4369,0,4369
4776,20260922,0,0,0,NA,NA,4,NA,NA,4,0,0,17,17,13,0,0,0,0
4777,20260922,1,1,0,1,4,4,1,4,4,4,0,17,17,13,2124,4369,0,4369
4778,20260922,0,0,0,NA,NA,4,NA,NA,4,0,0,17,17,13,0,0,0,0
4779,20260922,1,1,0,1,6,6,1,6,6,4,0,17,17,11,2052,12563,0,4369
4780,20260922,0,0,0,NA,NA,4,NA,NA,4,0,0,17,17,13,0,0,0,0
4781,20260922,0,0,0,3,NA,7,3,NA,7,1,0,17,17,10,6,4,0,0
4782,20260922,1,1,0,2,8,8,2,8,8,4,0,17,17,9,0,8738,0,8738
4783,20260922,0,0,0,3,NA,7,3,NA,7,1,0,17,17,10,6,1,0,0
4784,20260922,0,0,0,3,NA,7,3,NA,7,1,0,17,17,10,6,1,0,0
4785,20260922,0,0,0,NA,NA,4,NA,NA,4,0,0,17,17,13,0,0,0,0
4786,20260922,1,1,0,2,6,6,2,6,6,4,0,17,17,11,72,4369,0,4369
4787,20260922,1,1,0,1,4,4,1,4,4,4,0,17,17,13,2124,4369,0,4369
4788,20260922,1,1,0,2,6,6,2,6,6,4,0,17,17,11,72,4369,0,4369
4789,20260922,0,0,0,NA,NA,4,NA,NA,4,0,0,17,17,13,0,0,0,0
4790,20260922,0,0,0,3,NA,7,3,NA,7,1,0,17,17,10,6,4,0,0
4791,20260922,0,0,0,NA,NA,4,NA,NA,4,0,0,17,17,13,0,0,0,0
4792,20260922,1,1,0,1,4,4,1,4,4,4,0,17,17,13,2124,4369,0,4369
4793,20260922,0,0,0,NA,NA,4,NA,NA,4,0,0,17,17,13,0,0,0,0
4794,20260922,1,1,0,1,4,4,1,4,4,4,0,17,17,13,2124,4369,0,4369
4795,20260922,0,0,0,NA,NA,4,NA,NA,4,0,0,17,17,13,0,0,0,0
4796,20260922,0,0,0,3,NA,7,3,NA,7,1,0,17,17,10,6,1,0,0
4797,20260922,0,0,0,4,NA,8,4,NA,8,1,0,17,17,9,5,1,0,0
4798,20260922,0,0,0,NA,NA,4,NA,NA,4,0,0,17,17,13,0,0,0,0
4799,20260922,1,1,0,1,4,4,1,4,4,4,0,17,17,13,2124,4369,0,4369
4800,20260922,1,1,0,2,6,6,2,6,6,4,0,17,17,11,72,4369,0,4369
4801,20260922,0,0,0,NA,NA,4,NA,NA,4,0,0,17,17,13,0,0,0,0
4802,20260922,0,0,0,NA,NA,4,NA,NA,4,0,0,17,17,13,0,0,0,0
4803,20260922,0,0,0,4,NA,8,4,NA,8,1,0,17,17,9,5,8,0,0
4804,20260922,0,0,0,NA,NA,4,NA,NA,4,0,0,17,17,13,0,0,0,0
4805,20260922,0,0,0,NA,NA,4,NA,NA,4,0,0,17,17,13,0,0,0,0
4806,20260922,0,0,0,NA,NA,4,NA,NA,4,0,0,17,17,13,0,0,0,0
4807,20260922,1,1,0,1,6,6,1,6,6,4,0,17,17,11,2052,5729,0,26214
4808,20260922,0,0,0,NA,NA,4,NA,NA,4,0,0,17,17,13,0,0,0,0
4809,20260922,0,0,0,3,NA,7,3,NA,7,1,0,17,17,10,6,1,0,0
4810,20260922,0,0,0,NA,NA,4,NA,NA,4,0,0,17,17,13,0,0,0,0
4811,20260922,1,1,0,1,4,4,1,4,4,4,0,17,17,13,2124,4369,0,4369
4812,20260922,1,1,0,1,6,6,1,6,6,4,0,17,17,11,2052,5729,0,26214
4813,20260922,0,0,0,NA,NA,4,NA,NA,4,0,0,17,17,13,0,0,0,0
4814,20260922,0,0,0,NA,NA,4,NA,NA,4,0,0,17,17,13,0,0,0,0
4815,20260922,1,1,0,3,12,12,3,12,12,4,0,17,17,5,3294,4369,3294,4369
4816,20260922,0,0,0,NA,NA,4,NA,NA,4,0,0,17,17,13,0,0,0,0
4817,20260922,1,1,0,2,6,6,2,6,6,4,0,17,17,11,72,4369,0,4369
4818,20260922,0,0,0,NA,NA,4,NA,NA,4,0,0,17,17,13,0,0,0,0
4819,20260922,0,0,0,NA,NA,4,NA,NA,4,0,0,17,17,13,0,0,0,0
4820,20260922,0,0,0,4,NA,8,4,NA,8,1,0,17,17,9,5,2,0,0
4821,20260922,0,0,0,NA,NA,4,NA,NA,4,0,0,17,17,13,0,0,0,0
4822,20260922,1,1,0,1,4,4,1,4,4,4,0,17,17,13,2124,4369,0,4369
4823,20260922,0,0,0,NA,NA,4,NA,NA,4,0,0,17,17,13,0,0,0,0
4824,20260922,0,0,0,3,NA,7,3,NA,7,1,0,17,17,10,6,1,0,0
4825,20260922,1,1,0,1,6,6,1,6,6,4,0,17,17,11,2052,5185,0,17476
4826,20260922,1,1,0,1,8,8,1,8,8,4,0,17,17,9,2268,4369,2196,4369
4827,20260922,0,0,0,NA,NA,4,NA,NA,4,0,0,17,17,13,0,0,0,0
4828,20260922,0,0,0,NA,NA,4,NA,NA,4,0,0,17,17,13,0,0,0,0
4829,20260922,1,1,0,2,6,6,2,6,6,4,0,17,17,11,72,4369,0,4369
4830,20260922,0,0,0,NA,NA,4,NA,NA,4,0,0,17,17,13,0,0,0,0
4831,20260922,1,1,0,1,4,4,1,4,4,4,0,17,17,13,2124,4369,0,4369
4832,20260922,0,0,0,NA,NA,4,NA,NA,4,0,0,17,17,13,0,0,0,0
4833,20260922,0,0,0,3,NA,7,3,NA,7,1,0,17,17,10,6,3,0,0
4834,20260922,0,0,0,NA,NA,4,NA,NA,4,0,0,17,17,13,0,0,0,0
4835,20260922,1,1,0,1,4,4,1,4,4,4,0,17,17,13,2124,4369,0,4369
4836,20260922,1,1,0,1,4,4,1,4,4,4,0,17,17,13,2124,4369,0,4369
4837,20260922,1,1,0,1,4,4,1,4,4,4,0,17,17,13,2124,4369,0,4369
4838,20260922,0,0,0,NA,NA,4,NA,NA,4,0,0,17,17,13,0,0,0,0
4839,20260922,0,0,0,NA,NA,4,NA,NA,4,0,0,17,17,13,0,0,0,0
4840,20260922,0,0,0,NA,NA,4,NA,NA,4,0,0,17,17,13,0,0,0,0
4841,20260922,0,0,0,NA,NA,4,NA,NA,4,0,0,17,17,13,0,0,0,0
4842,20260922,1,1,0,1,4,4,1,4,4,4,0,17,17,13,2124,4369,0,4369
4843,20260922,0,0,0,NA,NA,4,NA,NA,4,0,0,17,17,13,0,0,0,0
4844,20260922,0,0,0,NA,NA,4,NA,NA,4,0,0,17,17,13,0,0,0,0
4845,20260922,1,1,0,1,4,4,1,4,4,4,0,17,17,13,2124,12563,0,4369
4846,20260922,0,0,0,NA,NA,4,NA,NA,4,0,0,17,17,13,0,0,0,0
4847,20260922,1,1,0,1,4,4,1,4,4,4,0,17,17,13,2124,4369,0,4369
4848,20260922,0,0,0,3,NA,7,3,NA,7,1,0,17,17,10,6,1,0,0
4849,20260922,0,0,0,NA,NA,4,NA,NA,4,0,0,17,17,13,0,0,0,0
4850,20260922,1,1,0,3,12,12,3,12,12,4,0,17,17,5,3294,4369,3294,4369
4851,20260922,0,0,0,NA,NA,4,NA,NA,4,0,0,17,17,13,0,0,0,0
4852,20260922,1,1,0,1,4,4,1,4,4,4,0,17,17,13,2124,4369,0,4369
4853,20260922,0,0,0,NA,NA,4,NA,NA,4,0,0,17,17,13,0,0,0,0
4854,20260922,1,1,0,3,12,12,3,12,12,4,0,17,17,5,3294,4369,3294,4369
4855,20260922,1,1,0,2,8,8,2,8,8,4,0,17,17,9,0,4369,0,4369
4856,20260922,0,0,0,3,NA,7,3,NA,7,1,0,17,17,10,6,1,0,0
4857,20260922,1,1,0,2,8,8,2,8,8,4,0,17,17,9,0,13107,0,13107
4858,20260922,1,1,0,1,4,4,1,4,4,4,0,17,17,13,2124,4369,0,4369
4859,20260922,0,0,0,NA,NA,4,NA,NA,4,0,0,17,17,13,0,0,0,0
4860,20260922,0,0,0,NA,NA,4,NA,NA,4,0,0,17,17,13,0,0,0,0
4861,20260922,0,0,0,NA,NA,4,NA,NA,4,0,0,17,17,13,0,0,0,0
4862,20260922,1,1,0,1,4,4,1,4,4,4,0,17,17,13,2124,4913,0,17476
4863,20260922,1,1,0,1,4,4,1,4,4,4,0,17,17,13,2124,4369,0,4369
4864,20260922,0,0,0,NA,NA,4,NA,NA,4,0,0,17,17,13,0,0,0,0
4865,20260922,0,0,0,NA,NA,4,NA,NA,4,0,0,17,17,13,0,0,0,0
4866,20260922,1,1,0,1,4,4,1,4,4,4,0,17,17,13,2124,4369,0,4369
4867,20260922,0,0,0,4,NA,8,4,NA,8,1,0,17,17,9,5,7,0,0
4868,20260922,0,0,0,NA,NA,4,NA,NA,4,0,0,17,17,13,0,0,0,0
4869,20260922,0,0,0,NA,NA,4,NA,NA,4,0,0,17,17,13,0,0,0,0
4870,20260922,0,0,0,NA,NA,4,NA,NA,4,0,0,17,17,13,0,0,0,0
4871,20260922,1,1,0,1,4,4,1,4,4,4,0,17,17,13,2124,4641,0,8738
4872,20260922,0,0,0,NA,NA,4,NA,NA,4,0,0,17,17,13,0,0,0,0
4873,20260922,1,1,0,1,4,4,1,4,4,4,0,17,17,13,2124,12563,0,4369
4874,20260922,1,1,0,3,12,12,3,12,12,4,0,17,17,5,3294,4369,3294,4369
4875,20260922,1,1,0,1,6,6,1,6,6,4,0,17,17,11,2052,5729,0,26214
4876,20260922,0,0,0,NA,NA,4,NA,NA,4,0,0,17,17,13,0,0,0,0
4877,20260922,0,0,0,3,NA,7,3,NA,7,1,0,17,17,10,6,1,0,0
4878,20260922,1,1,0,1,4,4,1,4,4,4,0,17,17,13,2124,4369,0,4369
4879,20260922,1,1,0,1,6,6,1,6,6,4,0,17,17,11,2052,5185,0,17476
4880,20260922,1,1,0,1,4,4,1,4,4,4,0,17,17,13,2124,4369,0,4369
4881,20260922,1,1,0,1,4,4,1,4,4,4,0,17,17,13,2124,4369,0,4369
4882,20260922,1,1,0,1,4,4,1,4,4,4,0,17,17,13,2124,4369,0,4369
4883,20260922,1,1,0,1,4,4,1,4,4,4,0,17,17,13,2124,4369,0,4369
4884,20260922,1,1,0,1,4,4,1,4,4,4,0,17,17,13,2124,4369,0,4369
4885,20260922,0,0,0,NA,NA,4,NA,NA,4,0,0,17,17,13,0,0,0,0
4886,20260922,1,1,0,1,4,4,1,4,4,4,0,17,17,13,2124,4369,0,4369
4887,20260922,1,1,0,1,4,4,1,4,4,4,0,17,17,13,2124,4369,0,4369
4888,20260922,0,0,0,3,NA,7,3,NA,7,1,0,17,17,10,6,1,0,0
4889,20260922,0,0,0,4,NA,8,4,NA,8,1,0,17,17,9,5,7,0,0
4890,20260922,0,0,0,NA,NA,4,NA,NA,4,0,0,17,17,13,0,0,0,0
4891,20260922,0,0,0,NA,NA,4,NA,NA,4,0,0,17,17,13,0,0,0,0
4892,20260922,1,1,0,1,4,4,1,4,4,4,0,17,17,13,2124,4369,0,4369
4893,20260922,1,1,0,1,4,4,1,4,4,4,0,17,17,13,2124,4369,0,4369
4894,20260922,1,1,0,1,4,4,1,4,4,4,0,17,17,13,2124,4369,0,4369
4895,20260922,1,1,0,2,6,6,2,6,6,4,0,17,17,11,72,4369,0,4369
4896,20260922,0,0,0,NA,NA,4,NA,NA,4,0,0,17,17,13,0,0,0,0
4897,20260922,1,1,0,3,12,12,3,12,12,4,0,17,17,5,3294,4369,3294,4369
4898,20260922,0,0,0,NA,NA,4,NA,NA,4,0,0,17,17,13,0,0,0,0
4899,20260922,1,1,0,1,4,4,1,4,4,4,0,17,17,13,2124,4369,0,4369
4900,20260922,1,1,0,2,6,6,2,6,6,4,0,17,17,11,72,4369,0,4369
4901,20260922,0,0,0,NA,NA,4,NA,NA,4,0,0,17,17,13,0,0,0,0
4902,20260922,1,1,0,1,4,4,1,4,4,4,0,17,17,13,2124,4369,0,4369
4903,20260922,0,0,0,NA,NA,4,NA,NA,4,0,0,17,17,13,0,0,0,0
4904,20260922,1,1,0,1,4,4,1,4,4,4,0,17,17,13,2124,4913,0,17476
4905,20260922,1,1,0,1,4,4,1,4,4,4,0,17,17,13,2124,4369,0,4369
4906,20260922,1,1,0,1,4,4,1,4,4,4,0,17,17,13,2124,4369,0,4369
4907,20260922,1,1,0,1,4,4,1,4,4,4,0,17,17,13,2124,4369,0,4369
4908,20260922,1,1,0,1,4,4,1,4,4,4,0,17,17,13,2124,4369,0,4369
4909,20260922,0,0,0,NA,NA,4,NA,NA,4,0,0,17,17,13,0,0,0,0
4910,20260922,1,1,0,1,10,10,1,10,10,4,0,17,17,7,2196,13923,2196,13923
4911,20260922,0,0,0,NA,NA,4,NA,NA,4,0,0,17,17,13,0,0,0,0
4912,20260922,1,1,0,1,4,4,1,4,4,4,0,17,17,13,2124,4369,0,4369
4913,20260922,0,0,0,NA,NA,4,NA,NA,4,0,0,17,17,13,0,0,0,0
4914,20260922,1,1,0,1,4,4,1,4,4,4,0,17,17,13,2124,4369,0,4369
4915,20260922,1,1,0,1,6,6,1,6,6,4,0,17,17,11,2052,5185,0,17476
4916,20260922,0,0,0,NA,NA,4,NA,NA,4,0,0,17,17,13,0,0,0,0
4917,20260922,1,1,0,2,8,8,2,8,8,4,0,17,17,9,0,26214,0,26214
4918,20260922,0,0,0,NA,NA,4,NA,NA,4,0,0,17,17,13,0,0,0,0
4919,20260922,0,0,0,3,NA,7,3,NA,7,1,0,17,17,10,6,1,0,0
4920,20260922,1,1,0,1,4,4,1,4,4,4,0,17,17,13,2124,4913,0,17476
4921,20260922,1,1,0,1,4,4,1,4,4,4,0,17,17,13,2124,4369,0,4369
4922,20260922,1,1,0,3,12,12,3,12,12,4,0,17,17,5,3294,4369,3294,4369
4923,20260922,0,0,0,NA,NA,4,NA,NA,4,0,0,17,17,13,0,0,0,0
4924,20260922,1,1,0,2,6,6,2,6,6,4,0,17,17,11,72,4369,0,4369
4925,20260922,1,1,0,1,4,4,1,4,4,4,0,17,17,13,2124,4913,0,17476
4926,20260922,0,0,0,NA,NA,4,NA,NA,4,0,0,17,17,13,0,0,0,0
4927,20260922,1,1,0,1,4,4,1,4,4,4,0,17,17,13,2124,4369,0,4369
4928,20260922,0,0,0,NA,NA,4,NA,NA,4,0,0,17,17,13,0,0,0,0
4929,20260922,1,1,0,1,4,4,1,4,4,4,0,17,17,13,2124,4369,0,4369
4930,20260922,0,0,0,NA,NA,4,NA,NA,4,0,0,17,17,13,0,0,0,0
4931,20260922,1,1,0,2,8,8,2,8,8,4,0,17,17,9,0,4369,0,4369
4932,20260922,1,1,0,1,6,6,1,6,6,4,0,17,17,11,2052,12835,0,8738
4933,20260922,0,0,0,NA,NA,4,NA,NA,4,0,0,17,17,13,0,0,0,0
4934,20260922,0,0,0,NA,NA,4,NA,NA,4,0,0,17,17,13,0,0,0,0
4935,20260922,0,0,0,NA,NA,4,NA,NA,4,0,0,17,17,13,0,0,0,0
4936,20260922,0,0,0,NA,NA,4,NA,NA,4,0,0,17,17,13,0,0,0,0
4937,20260922,1,1,0,1,4,4,1,4,4,4,0,17,17,13,2124,4369,0,4369
4938,20260922,1,1,0,3,12,12,3,12,12,4,0,17,17,5,3294,4369,3294,4369
4939,20260922,0,0,0,4,NA,8,4,NA,8,1,0,17,17,9,5,8,0,0
4940,20260922,1,1,0,1,4,4,1,4,4,4,0,17,17,13,2124,4369,0,4369
4941,20260922,0,0,0,3,NA,7,3,NA,7,1,0,17,17,10,6,1,0,0
4942,20260922,1,1,0,2,8,8,2,8,8,4,0,17,17,9,0,4369,0,4369
4943,20260922,0,0,0,NA,NA,4,NA,NA,4,0,0,17,17,13,0,0,0,0
4944,20260922,1,1,0,3,12,12,3,12,12,4,0,17,17,5,3294,4369,3294,4369
4945,20260922,1,1,0,1,4,4,1,4,4,4,0,17,17,13,2124,9010,0,17476
4946,20260922,0,0,0,NA,NA,4,NA,NA,4,0,0,17,17,13,0,0,0,0
4947,20260922,1,1,0,1,6,6,1,6,6,4,0,17,17,11,2052,4641,0,8738
4948,20260922,1,1,0,2,8,8,2,8,8,4,0,17,17,9,0,4369,0,4369
4949,20260922,0,0,0,NA,NA,4,NA,NA,4,0,0,17,17,13,0,0,0,0
4950,20260922,0,0,0,NA,NA,4,NA,NA,4,0,0,17,17,13,0,0,0,0
4951,20260922,0,0,0,NA,NA,4,NA,NA,4,0,0,17,17,13,0,0,0,0
4952,20260922,0,0,0,NA,NA,4,NA,NA,4,0,0,17,17,13,0,0,0,0
4953,20260922,1,1,0,1,4,4,1,4,4,4,0,17,17,13,2124,4369,0,4369
4954,20260922,0,0,0,NA,NA,4,NA,NA,4,0,0,17,17,13,0,0,0,0
4955,20260922,1,1,0,1,4,4,1,4,4,4,0,17,17,13,2124,4369,0,4369
4956,20260922,0,0,0,3,NA,7,3,NA,7,1,0,17,17,10,6,1,0,0
4957,20260922,1,1,0,1,4,4,1,4,4,4,0,17,17,13,2124,4369,0,4369
4958,20260922,1,1,0,1,4,4,1,4,4,4,0,17,17,13,2124,4369,0,4369
4959,20260922,0,0,0,NA,NA,4,NA,NA,4,0,0,17,17,13,0,0,0,0
4960,20260922,0,0,0,NA,NA,4,NA,NA,4,0,0,17,17,13,0,0,0,0
4961,20260922,1,1,0,1,4,4,1,4,4,4,0,17,17,13,2124,4369,0,4369
4962,20260922,0,0,0,NA,NA,4,NA,NA,4,0,0,17,17,13,0,0,0,0
4963,20260922,1,1,0,1,4,4,1,4,4,4,0,17,17,13,2124,4369,0,4369
4964,20260922,1,1,0,3,12,12,3,12,12,4,0,17,17,5,3294,4369,3294,4369
4965,20260922,0,0,0,NA,NA,4,NA,NA,4,0,0,17,17,13,0,0,0,0
4966,20260922,0,0,0,NA,NA,4,NA,NA,4,0,0,17,17,13,0,0,0,0
4967,20260922,1,1,0,2,8,8,2,8,8,4,0,17,17,9,0,8738,0,8738
4968,20260922,0,0,0,3,NA,7,3,NA,7,1,0,17,17,10,6,3,0,0
4969,20260922,0,0,0,4,NA,8,4,NA,8,1,0,17,17,9,5,6,0,0
4970,20260922,1,1,0,2,6,6,2,6,6,4,0,17,17,11,72,4369,0,4369
4971,20260922,1,1,0,1,4,4,1,4,4,4,0,17,17,13,2124,4369,0,4369
4972,20260922,1,1,0,2,6,6,2,6,6,4,0,17,17,11,72,4369,0,4369
4973,20260922,0,0,0,3,NA,7,3,NA,7,1,0,17,17,10,6,1,0,0
4974,20260922,0,0,0,3,NA,7,3,NA,7,1,0,17,17,10,6,1,0,0
4975,20260922,0,0,0,NA,NA,4,NA,NA,4,0,0,17,17,13,0,0,0,0
4976,20260922,1,1,0,1,4,4,1,4,4,4,0,17,17,13,2124,4369,0,4369
4977,20260922,0,0,0,NA,NA,4,NA,NA,4,0,0,17,17,13,0,0,0,0
4978,20260922,0,0,0,NA,NA,4,NA,NA,4,0,0,17,17,13,0,0,0,0
4979,20260922,1,1,0,1,4,4,1,4,4,4,0,17,17,13,2124,4369,0,4369
4980,20260922,0,0,0,4,NA,8,4,NA,8,1,0,17,17,9,5,9,0,0
4981,20260922,0,0,0,NA,NA,4,NA,NA,4,0,0,17,17,13,0,0,0,0
4982,20260922,0,0,0,NA,NA,4,NA,NA,4,0,0,17,17,13,0,0,0,0
4983,20260922,1,1,0,2,6,6,2,6,6,4,0,17,17,11,72,4369,0,4369
4984,20260922,1,1,0,1,6,6,1,6,6,4,0,17,17,11,2052,5729,0,26214
4985,20260922,1,1,0,1,4,4,1,4,4,4,0,17,17,13,2124,12563,0,4369
4986,20260922,0,0,0,NA,NA,4,NA,NA,4,0,0,17,17,13,0,0,0,0
4987,20260922,1,1,0,1,4,4,1,4,4,4,0,17,17,13,2124,4369,0,4369
4988,20260922,0,0,0,NA,NA,4,NA,NA,4,0,0,17,17,13,0,0,0,0
4989,20260922,1,1,0,2,6,6,2,6,6,4,0,17,17,11,72,4369,0,4369
4990,20260922,1,1,0,1,4,4,1,4,4,4,0,17,17,13,2124,4369,0,4369
4991,20260922,1,1,0,2,6,6,2,6,6,4,0,17,17,11,72,4369,0,4369
4992,20260922,0,0,0,NA,NA,4,NA,NA,4,0,0,17,17,13,0,0,0,0
4993,20260922,1,1,0,1,6,6,1,6,6,4,0,17,17,11,2052,9282,0,17476
4994,20260922,0,0,0,NA,NA,4,NA,NA,4,0,0,17,17,13,0,0,0,0
4995,20260922,0,0,0,NA,NA,4,NA,NA,4,0,0,17,17,13,0,0,0,0
4996,20260922,0,0,0,NA,NA,4,NA,NA,4,0,0,17,17,13,0,0,0,0
4997,20260922,1,1,0,3,12,12,3,12,12,4,0,17,17,5,3294,4369,3294,4369
4998,20260922,1,1,0,2,6,6,2,6,6,4,0,17,17,11,72,4369,0,4369
4999,20260922,0,0,0,NA,NA,4,NA,NA,4,0,0,17,17,13,0,0,0,0
5000,20260922,0,0,0,3,NA,7,3,NA,7,1,0,17,17,10,6,1,0,0
5001,20260922,1,1,0,3,12,12,3,12,12,4,0,17,17,5,3294,4369,3294,4369
5002,20260922,0,0,0,NA,NA,4,NA,NA,4,0,0,17,17,13,0,0,0,0
5003,20260922,1,1,0,1,4,4,1,4,4,4,0,17,17,13,2124,4369,0,4369
5004,20260922,1,1,0,1,4,4,1,4,4,4,0,17,17,13,2124,4369,0,4369
5005,20260922,0,0,0,3,NA,7,3,NA,7,1,0,17,17,10,6,1,0,0
5006,20260922,0,0,0,NA,NA,4,NA,NA,4,0,0,17,17,13,0,0,0,0
5007,20260922,0,0,0,NA,NA,4,NA,NA,4,0,0,17,17,13,0,0,0,0
5008,20260922,1,1,0,1,4,4,1,4,4,4,0,17,17,13,2124,4369,0,4369
5009,20260922,0,0,0,NA,NA,4,NA,NA,4,0,0,17,17,13,0,0,0,0
5010,20260922,0,0,0,NA,NA,4,NA,NA,4,0,0,17,17,13,0,0,0,0
5011,20260922,0,0,0,3,NA,7,3,NA,7,1,0,17,17,10,6,1,0,0
5012,20260922,1,1,0,1,4,4,1,4,4,4,0,17,17,13,2124,4369,0,4369
5013,20260922,0,0,0,NA,NA,4,NA,NA,4,0,0,17,17,13,0,0,0,0
5014,20260922,1,1,0,1,4,4,1,4,4,4,0,17,17,13,2124,4369,0,4369
5015,20260922,1,1,0,1,4,4,1,4,4,4,0,17,17,13,2124,4369,0,4369
5016,20260922,0,0,0,NA,NA,4,NA,NA,4,0,0,17,17,13,0,0,0,0
5017,20260922,0,0,0,NA,NA,4,NA,NA,4,0,0,17,17,13,0,0,0,0
5018,20260922,1,1,0,2,6,6,2,6,6,4,0,17,17,11,72,4369,0,4369
5019,20260922,0,0,0,NA,NA,4,NA,NA,4,0,0,17,17,13,0,0,0,0
5020,20260922,0,0,0,NA,NA,4,NA,NA,4,0,0,17,17,13,0,0,0,0
5021,20260922,1,1,0,1,4,4,1,4,4,4,0,17,17,13,2124,4369,0,4369
5022,20260922,1,1,0,1,6,6,1,6,6,4,0,17,17,11,2052,5185,0,17476
5023,20260922,1,1,0,1,4,4,1,4,4,4,0,17,17,13,2124,12563,0,4369
5024,20260922,1,1,0,3,12,12,3,12,12,4,0,17,17,5,3294,4369,3294,4369
5025,20260922,1,1,0,1,6,6,1,6,6,4,0,17,17,11,2052,5185,0,17476
5026,20260922,0,0,0,3,NA,7,3,NA,7,1,0,17,17,10,6,1,0,0
5027,20260922,0,0,0,NA,NA,4,NA,NA,4,0,0,17,17,13,0,0,0,0
5028,20260922,0,0,0,NA,NA,4,NA,NA,4,0,0,17,17,13,0,0,0,0
5029,20260922,0,0,0,NA,NA,4,NA,NA,4,0,0,17,17,13,0,0,0,0
5030,20260922,1,1,0,3,12,12,3,12,12,4,0,17,17,5,3294,4369,3294,4369
5031,20260922,0,0,0,NA,NA,4,NA,NA,4,0,0,17,17,13,0,0,0,0
5032,20260922,0,0,0,3,NA,7,3,NA,7,1,0,17,17,10,6,1,0,0
5033,20260922,0,0,0,NA,NA,4,NA,NA,4,0,0,17,17,13,0,0,0,0
5034,20260922,0,0,0,NA,NA,4,NA,NA,4,0,0,17,17,13,0,0,0,0
5035,20260922,0,0,0,3,NA,7,3,NA,7,1,0,17,17,10,6,1,0,0
5036,20260922,0,0,0,4,NA,8,4,NA,8,1,0,17,17,9,5,4,0,0
5037,20260922,0,0,0,4,NA,11,4,NA,11,2,0,17,17,6,29,20,0,0
5038,20260922,1,1,0,2,8,8,2,8,8,4,0,17,17,9,0,26214,0,26214
5039,20260922,1,1,0,1,6,6,1,6,6,4,0,17,17,11,2052,5185,0,17476
5040,20260922,0,0,0,NA,NA,4,NA,NA,4,0,0,17,17,13,0,0,0,0
5041,20260922,0,0,0,NA,NA,4,NA,NA,4,0,0,17,17,13,0,0,0,0
5042,20260922,1,1,0,3,12,12,3,12,12,4,0,17,17,5,3294,4369,3294,4369
5043,20260922,1,1,0,1,4,4,1,4,4,4,0,17,17,13,2124,4369,0,4369
5044,20260922,0,0,0,NA,NA,4,NA,NA,4,0,0,17,17,13,0,0,0,0
5045,20260922,1,1,0,1,4,4,1,4,4,4,0,17,17,13,2124,4369,0,4369
5046,20260922,0,0,0,NA,NA,4,NA,NA,4,0,0,17,17,13,0,0,0,0
5047,20260922,0,0,0,3,NA,7,3,NA,7,1,0,17,17,10,6,1,0,0
5048,20260922,0,0,0,3,NA,7,3,NA,7,1,0,17,17,10,6,1,0,0
5049,20260922,1,1,0,1,4,4,1,4,4,4,0,17,17,13,2124,12563,0,4369
5050,20260922,1,1,0,1,4,4,1,4,4,4,0,17,17,13,2124,4369,0,4369
5051,20260922,0,0,0,NA,NA,4,NA,NA,4,0,0,17,17,13,0,0,0,0
5052,20260922,0,0,0,3,NA,7,3,NA,7,1,0,17,17,10,6,1,0,0
5053,20260922,0,0,0,NA,NA,4,NA,NA,4,0,0,17,17,13,0,0,0,0
5054,20260922,0,0,0,NA,NA,4,NA,NA,4,0,0,17,17,13,0,0,0,0
5055,20260922,1,1,0,1,4,4,1,4,4,4,0,17,17,13,2124,4369,0,4369
5056,20260922,0,0,0,NA,NA,4,NA,NA,4,0,0,17,17,13,0,0,0,0
5057,20260922,0,0,0,NA,NA,4,NA,NA,4,0,0,17,17,13,0,0,0,0
5058,20260922,0,0,0,NA,NA,4,NA,NA,4,0,0,17,17,13,0,0,0,0
5059,20260922,1,1,0,2,6,6,2,6,6,4,0,17,17,11,72,4369,0,4369
5060,20260922,1,1,0,1,4,4,1,4,4,4,0,17,17,13,2124,4369,0,4369
5061,20260922,1,1,0,3,12,12,3,12,12,4,0,17,17,5,3294,4369,3294,4369
5062,20260922,0,0,0,3,NA,7,3,NA,7,1,0,17,17,10,6,1,0,0
5063,20260922,1,1,0,1,4,4,1,4,4,4,0,17,17,13,2124,4369,0,4369
5064,20260922,0,0,0,3,NA,7,3,NA,7,1,0,17,17,10,6,1,0,0
5065,20260922,1,1,0,1,4,4,1,4,4,4,0,17,17,13,2124,4369,0,4369
5066,20260922,1,1,0,1,6,6,1,6,6,4,0,17,17,11,2052,5729,0,26214
5067,20260922,1,1,0,1,4,4,1,4,4,4,0,17,17,13,2124,4369,0,4369
5068,20260922,0,0,0,NA,NA,4,NA,NA,4,0,0,17,17,13,0,0,0,0
5069,20260922,0,0,0,3,NA,7,3,NA,7,1,0,17,17,10,6,1,0,0
5070,20260922,1,1,0,1,4,4,1,4,4,4,0,17,17,13,2124,4369,0,4369
5071,20260922,1,1,0,2,6,6,2,6,6,4,0,17,17,11,72,17204,0,17476
5072,20260922,1,1,0,2,6,6,2,6,6,4,0,17,17,11,72,17204,0,17476
5073,20260922,0,0,0,NA,NA,4,NA,NA,4,0,0,17,17,13,0,0,0,0
5074,20260922,0,0,0,NA,NA,4,NA,NA,4,0,0,17,17,13,0,0,0,0
5075,20260922,0,0,0,NA,NA,4,NA,NA,4,0,0,17,17,13,0,0,0,0
5076,20260922,1,1,0,1,4,4,1,4,4,4,0,17,17,13,2124,4369,0,4369
5077,20260922,1,1,0,1,4,4,1,4,4,4,0,17,17,13,2124,4369,0,4369
5078,20260922,0,0,0,3,NA,7,3,NA,7,1,0,17,17,10,6,1,0,0
5079,20260922,0,0,0,NA,NA,4,NA,NA,4,0,0,17,17,13,0,0,0,0
5080,20260922,0,0,0,NA,NA,4,NA,NA,4,0,0,17,17,13,0,0,0,0
5081,20260922,0,0,0,NA,NA,4,NA,NA,4,0,0,17,17,13,0,0,0,0
5082,20260922,1,1,0,2,8,8,2,8,8,4,0,17,17,9,0,21845,0,21845
5083,20260922,0,0,0,NA,NA,4,NA,NA,4,0,0,17,17,13,0,0,0,0
5084,20260922,0,0,0,NA,NA,4,NA,NA,4,0,0,17,17,13,0,0,0,0
5085,20260922,1,1,0,1,4,4,1,4,4,4,0,17,17,13,2124,4369,0,4369
5086,20260922,1,1,0,1,4,4,1,4,4,4,0,17,17,13,2124,12563,0,4369
5087,20260922,0,0,0,NA,NA,4,NA,NA,4,0,0,17,17,13,0,0,0,0
5088,20260922,0,0,0,4,NA,8,4,NA,8,1,0,17,17,9,5,5,0,0
5089,20260922,0,0,0,NA,NA,4,NA,NA,4,0,0,17,17,13,0,0,0,0
5090,20260922,1,1,0,1,4,4,1,4,4,4,0,17,17,13,2124,4369,0,4369
5091,20260922,1,1,0,1,6,6,1,6,6,4,0,17,17,11,2052,5185,0,17476
5092,20260922,1,1,0,1,4,4,1,4,4,4,0,17,17,13,2124,4369,0,4369
5093,20260922,0,0,0,NA,NA,4,NA,NA,4,0,0,17,17,13,0,0,0,0
5094,20260922,1,1,0,1,4,4,1,4,4,4,0,17,17,13,2124,4913,0,17476
5095,20260922,0,0,0,NA,NA,4,NA,NA,4,0,0,17,17,13,0,0,0,0
5096,20260922,0,0,0,NA,NA,4,NA,NA,4,0,0,17,17,13,0,0,0,0
5097,20260922,1,1,0,2,6,6,2,6,6,4,0,17,17,11,72,4369,0,4369
5098,20260922,1,1,0,1,4,4,1,4,4,4,0,17,17,13,2124,12563,0,4369
5099,20260922,1,1,0,1,4,4,1,4,4,4,0,17,17,13,2124,4369,0,4369
5100,20260922,0,0,0,NA,NA,4,NA,NA,4,0,0,17,17,13,0,0,0,0
5101,20260922,1,1,0,2,6,6,2,6,6,4,0,17,17,11,72,4369,0,4369
5102,20260922,0,0,0,NA,NA,4,NA,NA,4,0,0,17,17,13,0,0,0,0
5103,20260922,1,1,0,2,6,6,2,6,6,4,0,17,17,11,72,4369,0,4369
5104,20260922,0,0,0,NA,NA,4,NA,NA,4,0,0,17,17,13,0,0,0,0
5105,20260922,0,0,0,4,NA,8,4,NA,8,1,0,17,17,9,5,1,0,0
5106,20260922,0,0,0,3,NA,7,3,NA,7,1,0,17,17,10,6,2,0,0
5107,20260922,0,0,0,NA,NA,4,NA,NA,4,0,0,17,17,13,0,0,0,0
5108,20260922,1,1,0,1,4,4,1,4,4,4,0,17,17,13,2124,4369,0,4369
5109,20260922,1,1,0,2,6,6,2,6,6,4,0,17,17,11,72,4369,0,4369
5110,20260922,0,0,0,3,NA,7,3,NA,7,1,0,17,17,10,6,1,0,0
5111,20260922,1,1,0,3,12,12,3,12,12,4,0,17,17,5,3294,4369,3294,4369
5112,20260922,0,0,0,NA,NA,4,NA,NA,4,0,0,17,17,13,0,0,0,0
5113,20260922,0,0,0,NA,NA,4,NA,NA,4,0,0,17,17,13,0,0,0,0
5114,20260922,0,0,0,NA,NA,4,NA,NA,4,0,0,17,17,13,0,0,0,0
5115,20260922,1,1,0,1,4,4,1,4,4,4,0,17,17,13,2124,4369,0,4369
5116,20260922,0,0,0,NA,NA,4,NA,NA,4,0,0,17,17,13,0,0,0,0
5117,20260922,1,1,0,1,6,6,1,6,6,4,0,17,17,11,2052,4369,0,4369
5118,20260922,0,0,0,NA,NA,4,NA,NA,4,0,0,17,17,13,0,0,0,0
5119,20260922,0,0,0,NA,NA,4,NA,NA,4,0,0,17,17,13,0,0,0,0
5120,20260922,1,1,0,1,6,6,1,6,6,4,0,17,17,11,2052,5729,0,26214
5121,20260922,1,1,0,2,6,6,2,6,6,4,0,17,17,11,72,4369,0,4369
5122,20260922,0,0,0,NA,NA,4,NA,NA,4,0,0,17,17,13,0,0,0,0
5123,20260922,0,0,0,NA,NA,4,NA,NA,4,0,0,17,17,13,0,0,0,0
5124,20260922,0,0,0,NA,NA,4,NA,NA,4,0,0,17,17,13,0,0,0,0
5125,20260922,0,0,0,3,NA,7,3,NA,7,1,0,17,17,10,6,1,0,0
5126,20260922,1,1,0,2,6,6,2,6,6,4,0,17,17,11,72,4369,0,4369
5127,20260922,0,0,0,3,NA,7,3,NA,7,1,0,17,17,10,6,1,0,0
5128,20260922,1,1,0,3,12,12,3,12,12,4,0,17,17,5,3294,4369,3294,4369
5129,20260922,1,1,0,1,4,4,1,4,4,4,0,17,17,13,2124,4369,0,4369
5130,20260922,1,1,0,1,4,4,1,4,4,4,0,17,17,13,2124,4369,0,4369
5131,20260922,0,0,0,NA,NA,4,NA,NA,4,0,0,17,17,13,0,0,0,0
5132,20260922,1,1,0,2,8,8,2,8,8,4,0,17,17,9,0,21845,0,21845
5133,20260922,0,0,0,NA,NA,4,NA,NA,4,0,0,17,17,13,0,0,0,0
5134,20260922,0,0,0,NA,NA,4,NA,NA,4,0,0,17,17,13,0,0,0,0
5135,20260922,1,1,0,3,12,12,3,12,12,4,0,17,17,5,3294,5185,3294,5185
5136,20260922,1,1,0,1,4,4,1,4,4,4,0,17,17,13,2124,4369,0,4369
5137,20260922,1,1,0,1,4,4,1,4,4,4,0,17,17,13,2124,4369,0,4369
5138,20260922,0,0,0,NA,NA,4,NA,NA,4,0,0,17,17,13,0,0,0,0
5139,20260922,1,1,0,1,4,4,1,4,4,4,0,17,17,13,2124,12563,0,4369
5140,20260922,1,1,0,1,4,4,1,4,4,4,0,17,17,13,2124,4369,0,4369
5141,20260922,0,0,0,3,NA,7,3,NA,7,1,0,17,17,10,6,1,0,0
5142,20260922,1,1,0,2,6,6,2,6,6,4,0,17,17,11,72,4369,0,4369
5143,20260922,1,1,0,1,4,4,1,4,4,4,0,17,17,13,2124,4369,0,4369
5144,20260922,0,0,0,NA,NA,4,NA,NA,4,0,0,17,17,13,0,0,0,0
5145,20260922,1,1,0,2,6,6,2,6,6,4,0,17,17,11,72,4369,0,4369
5146,20260922,1,1,0,1,4,4,1,4,4,4,0,17,17,13,2124,4369,0,4369
5147,20260922,0,0,0,NA,NA,4,NA,NA,4,0,0,17,17,13,0,0,0,0
5148,20260922,0,0,0,4,NA,8,4,NA,8,1,0,17,17,9,5,1,0,0
5149,20260922,0,0,0,3,NA,7,3,NA,7,1,0,17,17,10,6,1,0,0
5150,20260922,1,1,0,1,4,4,1,4,4,4,0,17,17,13,2124,4641,0,8738
5151,20260922,0,0,0,NA,NA,4,NA,NA,4,0,0,17,17,13,0,0,0,0
5152,20260922,0,0,0,3,NA,7,3,NA,7,1,0,17,17,10,6,1,0,0
5153,20260922,0,0,0,NA,NA,4,NA,NA,4,0,0,17,17,13,0,0,0,0
5154,20260922,1,1,0,3,12,12,3,12,12,4,0,17,17,5,3294,9010,3294,9010
5155,20260922,0,0,0,3,NA,7,3,NA,7,1,0,17,17,10,6,1,0,0
5156,20260922,0,0,0,3,NA,7,3,NA,7,1,0,17,17,10,6,1,0,0
5157,20260922,0,0,0,NA,NA,4,NA,NA,4,0,0,17,17,13,0,0,0,0
5158,20260922,0,0,0,NA,NA,4,NA,NA,4,0,0,17,17,13,0,0,0,0
5159,20260922,1,1,0,1,4,4,1,4,4,4,0,17,17,13,2124,12563,0,4369
5160,20260922,1,1,0,1,6,6,1,6,6,4,0,17,17,11,2052,9554,0,21845
5161,20260922,0,0,0,NA,NA,4,NA,NA,4,0,0,17,17,13,0,0,0,0
5162,20260922,0,0,0,NA,NA,4,NA,NA,4,0,0,17,17,13,0,0,0,0
5163,20260922,0,0,0,NA,NA,4,NA,NA,4,0,0,17,17,13,0,0,0,0
5164,20260922,0,0,0,3,NA,7,3,NA,7,1,0,17,17,10,6,1,0,0
5165,20260922,0,0,0,NA,NA,4,NA,NA,4,0,0,17,17,13,0,0,0,0
5166,20260922,1,1,0,2,6,6,2,6,6,4,0,17,17,11,72,4369,0,4369
5167,20260922,0,0,0,NA,NA,4,NA,NA,4,0,0,17,17,13,0,0,0,0
5168,20260922,0,0,0,3,NA,7,3,NA,7,1,0,17,17,10,6,1,0,0
5169,20260922,1,1,0,2,8,8,2,8,8,4,0,17,17,9,0,4369,0,4369
5170,20260922,0,0,0,NA,NA,4,NA,NA,4,0,0,17,17,13,0,0,0,0
5171,20260922,0,0,0,NA,NA,4,NA,NA,4,0,0,17,17,13,0,0,0,0
5172,20260922,0,0,0,NA,NA,4,NA,NA,4,0,0,17,17,13,0,0,0,0
5173,20260922,0,0,0,NA,NA,4,NA,NA,4,0,0,17,17,13,0,0,0,0
5174,20260922,0,0,0,3,NA,7,3,NA,7,1,0,17,17,10,6,1,0,0
5175,20260922,0,0,0,NA,NA,4,NA,NA,4,0,0,17,17,13,0,0,0,0
5176,20260922,1,1,0,1,4,4,1,4,4,4,0,17,17,13,2124,4369,0,4369
5177,20260922,1,1,0,1,4,4,1,4,4,4,0,17,17,13,2124,4369,0,4369
5178,20260922,0,0,0,NA,NA,4,NA,NA,4,0,0,17,17,13,0,0,0,0
5179,20260922,1,1,0,2,8,8,2,8,8,4,0,17,17,9,0,13107,0,13107
5180,20260922,1,1,0,2,6,6,2,6,6,4,0,17,17,11,72,4369,0,4369
5181,20260922,0,0,0,3,NA,7,3,NA,7,1,0,17,17,10,6,2,0,0
5182,20260922,1,1,0,1,6,6,1,6,6,4,0,17,17,11,2052,5185,0,17476
5183,20260922,1,1,0,1,4,4,1,4,4,4,0,17,17,13,2124,4369,0,4369
5184,20260922,1,1,0,3,12,12,3,12,12,4,0,17,17,5,3294,4369,3294,4369
5185,20260922,0,0,0,NA,NA,4,NA,NA,4,0,0,17,17,13,0,0,0,0
5186,20260922,0,0,0,NA,NA,4,NA,NA,4,0,0,17,17,13,0,0,0,0
5187,20260922,1,1,0,1,4,4,1,4,4,4,0,17,17,13,2124,12563,0,4369
5188,20260922,0,0,0,NA,NA,4,NA,NA,4,0,0,17,17,13,0,0,0,0
5189,20260922,1,1,0,1,4,4,1,4,4,4,0,17,17,13,2124,4369,0,4369
5190,20260922,1,1,0,1,6,6,1,6,6,4,0,17,17,11,2052,5729,0,26214
5191,20260922,0,0,0,NA,NA,4,NA,NA,4,0,0,17,17,13,0,0,0,0
5192,20260922,1,1,0,1,4,4,1,4,4,4,0,17,17,13,2124,4913,0,17476
5193,20260922,1,1,0,1,6,6,1,6,6,4,0,17,17,11,2052,5185,0,17476
5194,20260922,1,1,0,3,12,12,3,12,12,4,0,17,17,5,3294,4369,3294,4369
5195,20260922,1,1,0,2,6,6,2,6,6,4,0,17,17,11,72,8738,0,8738
5196,20260922,0,0,0,NA,NA,4,NA,NA,4,0,0,17,17,13,0,0,0,0
5197,20260922,0,0,0,NA,NA,4,NA,NA,4,0,0,17,17,13,0,0,0,0
5198,20260922,1,1,0,1,6,6,1,6,6,4,0,17,17,11,2052,9554,0,21845
5199,20260922,0,0,0,NA,NA,4,NA,NA,4,0,0,17,17,13,0,0,0,0
5200,20260922,1,1,0,2,8,8,2,8,8,4,0,17,17,9,0,8738,0,8738
5201,20260922,1,1,0,1,4,4,1,4,4,4,0,17,17,13,2124,4369,0,4369
5202,20260922,0,0,0,NA,NA,4,NA,NA,4,0,0,17,17,13,0,0,0,0
5203,20260922,0,0,0,NA,NA,4,NA,NA,4,0,0,17,17,13,0,0,0,0
5204,20260922,0,0,0,NA,NA,4,NA,NA,4,0,0,17,17,13,0,0,0,0
5205,20260922,1,1,0,3,12,12,3,12,12,4,0,17,17,5,3294,4369,3294,4369
5206,20260922,0,0,0,NA,NA,4,NA,NA,4,0,0,17,17,13,0,0,0,0
5207,20260922,0,0,0,NA,NA,4,NA,NA,4,0,0,17,17,13,0,0,0,0
5208,20260922,0,0,0,NA,NA,4,NA,NA,4,0,0,17,17,13,0,0,0,0
5209,20260922,0,0,0,NA,NA,4,NA,NA,4,0,0,17,17,13,0,0,0,0
5210,20260922,0,0,0,NA,NA,4,NA,NA,4,0,0,17,17,13,0,0,0,0
5211,20260922,1,1,0,1,4,4,1,4,4,4,0,17,17,13,2124,4369,0,4369
5212,20260922,0,0,0,3,NA,7,3,NA,7,1,0,17,17,10,6,1,0,0
5213,20260922,1,1,0,1,4,4,1,4,4,4,0,17,17,13,2124,4369,0,4369
5214,20260922,0,0,0,NA,NA,4,NA,NA,4,0,0,17,17,13,0,0,0,0
5215,20260922,1,1,0,1,4,4,1,4,4,4,0,17,17,13,2124,4369,0,4369
5216,20260922,0,0,0,NA,NA,4,NA,NA,4,0,0,17,17,13,0,0,0,0
5217,20260922,0,0,0,3,NA,7,3,NA,7,1,0,17,17,10,6,1,0,0
5218,20260922,1,1,0,1,4,4,1,4,4,4,0,17,17,13,2124,4369,0,4369
5219,20260922,1,1,0,3,12,12,3,12,12,4,0,17,17,5,3294,4369,3294,4369
5220,20260922,0,0,0,NA,NA,4,NA,NA,4,0,0,17,17,13,0,0,0,0
5221,20260922,1,1,0,1,4,4,1,4,4,4,0,17,17,13,2124,4913,0,17476
5222,20260922,1,1,0,2,6,6,2,6,6,4,0,17,17,11,72,4369,0,4369
5223,20260922,0,0,0,3,NA,7,3,NA,7,1,0,17,17,10,6,1,0,0
5224,20260922,1,1,0,2,6,6,2,6,6,4,0,17,17,11,72,4369,0,4369
5225,20260922,1,1,0,1,4,4,1,4,4,4,0,17,17,13,2124,4369,0,4369
5226,20260922,1,1,0,1,4,4,1,4,4,4,0,17,17,13,2124,4369,0,4369
5227,20260922,1,1,0,3,12,12,3,12,12,4,0,17,17,5,3294,4369,3294,4369
5228,20260922,0,0,0,NA,NA,4,NA,NA,4,0,0,17,17,13,0,0,0,0
5229,20260922,0,0,0,4,NA,11,4,NA,11,2,0,17,17,6,29,20,0,0
5230,20260922,1,1,0,1,4,4,1,4,4,4,0,17,17,13,2124,12563,0,4369
5231,20260922,0,0,0,NA,NA,4,NA,NA,4,0,0,17,17,13,0,0,0,0
5232,20260922,0,0,0,4,NA,11,4,NA,11,2,0,17,17,6,29,23,0,0
5233,20260922,1,1,0,1,4,4,1,4,4,4,0,17,17,13,2124,4369,0,4369
5234,20260922,0,0,0,NA,NA,4,NA,NA,4,0,0,17,17,13,0,0,0,0
5235,20260922,0,0,0,NA,NA,4,NA,NA,4,0,0,17,17,13,0,0,0,0
5236,20260922,1,1,0,1,6,6,1,6,6,4,0,17,17,11,2052,5185,0,17476
5237,20260922,0,0,0,NA,NA,4,NA,NA,4,0,0,17,17,13,0,0,0,0
5238,20260922,0,0,0,3,NA,7,3,NA,7,1,0,17,17,10,6,1,0,0
5239,20260922,0,0,0,3,NA,7,3,NA,7,1,0,17,17,10,6,1,0,0
5240,20260922,0,0,0,NA,NA,4,NA,NA,4,0,0,17,17,13,0,0,0,0
5241,20260922,0,0,0,NA,NA,4,NA,NA,4,0,0,17,17,13,0,0,0,0
5242,20260922,0,0,0,NA,NA,4,NA,NA,4,0,0,17,17,13,0,0,0,0
5243,20260922,0,0,0,3,NA,7,3,NA,7,1,0,17,17,10,6,1,0,0
5244,20260922,0,0,0,NA,NA,4,NA,NA,4,0,0,17,17,13,0,0,0,0
5245,20260922,0,0,0,NA,NA,4,NA,NA,4,0,0,17,17,13,0,0,0,0
5246,20260922,0,0,0,3,NA,7,3,NA,7,1,0,17,17,10,6,1,0,0
5247,20260922,1,1,0,1,4,4,1,4,4,4,0,17,17,13,2124,4369,0,4369
5248,20260922,1,1,0,2,8,8,2,8,8,4,0,17,17,9,0,13107,0,13107
5249,20260922,0,0,0,NA,NA,4,NA,NA,4,0,0,17,17,13,0,0,0,0
5250,20260922,0,0,0,NA,NA,4,NA,NA,4,0,0,17,17,13,0,0,0,0
5251,20260922,1,1,0,2,6,6,2,6,6,4,0,17,17,11,72,4369,0,4369
5252,20260922,0,0,0,NA,NA,4,NA,NA,4,0,0,17,17,13,0,0,0,0
5253,20260922,0,0,0,NA,NA,4,NA,NA,4,0,0,17,17,13,0,0,0,0
5254,20260922,0,0,0,NA,NA,4,NA,NA,4,0,0,17,17,13,0,0,0,0
5255,20260922,0,0,0,NA,NA,4,NA,NA,4,0,0,17,17,13,0,0,0,0
5256,20260922,1,1,0,2,6,6,2,6,6,4,0,17,17,11,72,4369,0,4369
5257,20260922,1,1,0,1,4,4,1,4,4,4,0,17,17,13,2124,4369,0,4369
5258,20260922,0,0,0,NA,NA,4,NA,NA,4,0,0,17,17,13,0,0,0,0
5259,20260922,0,0,0,NA,NA,4,NA,NA,4,0,0,17,17,13,0,0,0,0
5260,20260922,0,0,0,3,NA,7,3,NA,7,1,0,17,17,10,6,1,0,0
5261,20260922,0,0,0,3,NA,7,3,NA,7,1,0,17,17,10,6,1,0,0
5262,20260922,0,0,0,NA,NA,4,NA,NA,4,0,0,17,17,13,0,0,0,0
5263,20260922,0,0,0,NA,NA,4,NA,NA,4,0,0,17,17,13,0,0,0,0
5264,20260922,1,1,0,1,4,4,1,4,4,4,0,17,17,13,2124,4369,0,4369
5265,20260922,0,0,0,NA,NA,4,NA,NA,4,0,0,17,17,13,0,0,0,0
5266,20260922,1,1,0,1,4,4,1,4,4,4,0,17,17,13,2124,4369,0,4369
5267,20260922,1,1,0,3,12,12,3,12,12,4,0,17,17,5,3294,8466,3294,8466
5268,20260922,0,0,0,4,NA,8,4,NA,8,1,0,17,17,9,5,9,0,0
5269,20260922,1,1,0,1,4,4,1,4,4,4,0,17,17,13,2124,4369,0,4369
5270,20260922,0,0,0,4,NA,8,4,NA,8,1,0,17,17,9,5,2,0,0
5271,20260922,1,1,0,1,4,4,1,4,4,4,0,17,17,13,2124,4369,0,4369
5272,20260922,0,0,0,3,NA,7,3,NA,7,1,0,17,17,10,6,1,0,0
5273,20260922,0,0,0,NA,NA,4,NA,NA,4,0,0,17,17,13,0,0,0,0
5274,20260922,1,1,0,2,8,8,2,8,8,4,0,17,17,9,0,13107,0,13107
5275,20260922,1,1,0,2,6,6,2,6,6,4,0,17,17,11,72,4369,0,4369
5276,20260922,0,0,0,NA,NA,4,NA,NA,4,0,0,17,17,13,0,0,0,0
5277,20260922,1,1,0,1,4,4,1,4,4,4,0,17,17,13,2124,4913,0,8738
5278,20260922,0,0,0,NA,NA,4,NA,NA,4,0,0,17,17,13,0,0,0,0
5279,20260922,1,1,0,1,4,4,1,4,4,4,0,17,17,13,2124,4369,0,4369
5280,20260922,0,0,0,4,NA,8,4,NA,8,1,0,17,17,9,5,6,0,0
5281,20260922,0,0,0,NA,NA,4,NA,NA,4,0,0,17,17,13,0,0,0,0
5282,20260922,1,1,0,2,6,6,2,6,6,4,0,17,17,11,72,4369,0,4369
5283,20260922,1,1,0,1,6,6,1,6,6,4,0,17,17,11,2052,5729,0,26214
5284,20260922,1,1,0,2,8,8,2,8,8,4,0,17,17,9,0,13107,0,13107
5285,20260922,1,1,0,3,12,12,3,12,12,4,0,17,17,5,3294,4369,3294,4369
5286,20260922,0,0,0,NA,NA,4,NA,NA,4,0,0,17,17,13,0,0,0,0
5287,20260922,0,0,0,NA,NA,4,NA,NA,4,0,0,17,17,13,0,0,0,0
5288,20260922,1,1,0,1,4,4,1,4,4,4,0,17,17,13,2124,4369,0,4369
5289,20260922,1,1,0,2,8,8,2,8,8,4,0,17,17,9,0,4369,0,4369
5290,20260922,1,1,0,1,6,6,1,6,6,4,0,17,17,11,2052,5729,0,26214
5291,20260922,0,0,0,NA,NA,4,NA,NA,4,0,0,17,17,13,0,0,0,0
5292,20260922,1,1,0,1,4,4,1,4,4,4,0,17,17,13,2124,9010,0,17476
5293,20260922,0,0,0,NA,NA,4,NA,NA,4,0,0,17,17,13,0,0,0,0
5294,20260922,1,1,0,2,6,6,2,6,6,4,0,17,17,11,72,4369,0,4369
5295,20260922,0,0,0,NA,NA,4,NA,NA,4,0,0,17,17,13,0,0,0,0
5296,20260922,1,1,0,1,4,4,1,4,4,4,0,17,17,13,2124,4369,0,4369
5297,20260922,0,0,0,NA,NA,4,NA,NA,4,0,0,17,17,13,0,0,0,0
5298,20260922,1,1,0,1,4,4,1,4,4,4,0,17,17,13,2124,4369,0,4369
5299,20260922,1,1,0,1,4,4,1,4,4,4,0,17,17,13,2124,4369,0,4369
5300,20260922,0,0,0,3,NA,7,3,NA,7,1,0,17,17,10,6,2,0,0
5301,20260922,1,1,0,1,4,4,1,4,4,4,0,17,17,13,2124,4913,0,17476
5302,20260922,1,1,0,1,4,4,1,4,4,4,0,17,17,13,2124,4369,0,4369
5303,20260922,1,1,0,1,4,4,1,4,4,4,0,17,17,13,2124,4369,0,4369
5304,20260922,1,1,0,1,4,4,1,4,4,4,0,17,17,13,2124,4369,0,4369
5305,20260922,1,1,0,1,4,4,1,4,4,4,0,17,17,13,2124,4369,0,4369
5306,20260922,0,0,0,NA,NA,4,NA,NA,4,0,0,17,17,13,0,0,0,0
5307,20260922,0,0,0,NA,NA,4,NA,NA,4,0,0,17,17,13,0,0,0,0
5308,20260922,1,1,0,1,4,4,1,4,4,4,0,17,17,13,2124,4369,0,4369
5309,20260922,1,1,0,1,4,4,1,4,4,4,0,17,17,13,2124,4369,0,4369
5310,20260922,1,1,0,1,4,4,1,4,4,4,0,17,17,13,2124,4369,0,4369
5311,20260922,1,1,0,2,6,6,2,6,6,4,0,17,17,11,72,4369,0,4369
5312,20260922,0,0,0,NA,NA,4,NA,NA,4,0,0,17,17,13,0,0,0,0
5313,20260922,1,1,0,1,4,4,1,4,4,4,0,17,17,13,2124,4369,0,4369
5314,20260922,0,0,0,NA,NA,4,NA,NA,4,0,0,17,17,13,0,0,0,0
5315,20260922,1,1,0,1,4,4,1,4,4,4,0,17,17,13,2124,4369,0,4369
5316,20260922,0,0,0,NA,NA,4,NA,NA,4,0,0,17,17,13,0,0,0,0
5317,20260922,0,0,0,NA,NA,4,NA,NA,4,0,0,17,17,13,0,0,0,0
5318,20260922,0,0,0,NA,NA,4,NA,NA,4,0,0,17,17,13,0,0,0,0
5319,20260922,1,1,0,1,10,10,1,10,10,4,0,17,17,7,2196,5185,2196,5185
5320,20260922,0,0,0,3,NA,7,3,NA,7,1,0,17,17,10,6,1,0,0
5321,20260922,1,1,0,2,6,6,2,6,6,4,0,17,17,11,72,4369,0,4369
5322,20260922,0,0,0,NA,NA,4,NA,NA,4,0,0,17,17,13,0,0,0,0
5323,20260922,1,1,0,1,4,4,1,4,4,4,0,17,17,13,2124,4913,0,8738
5324,20260922,1,1,0,2,8,8,2,8,8,4,0,17,17,9,0,13107,0,13107
5325,20260922,1,1,0,2,6,6,2,6,6,4,0,17,17,11,72,4369,0,4369
5326,20260922,0,0,0,NA,NA,4,NA,NA,4,0,0,17,17,13,0,0,0,0
5327,20260922,1,1,0,3,12,12,3,12,12,4,0,17,17,5,3294,4369,3294,4369
5328,20260922,1,1,0,1,4,4,1,4,4,4,0,17,17,13,2124,4641,0,8738
5329,20260922,1,1,0,1,6,6,1,6,6,4,0,17,17,11,2052,5729,0,26214
5330,20260922,1,1,0,1,4,4,1,4,4,4,0,17,17,13,2124,4369,0,4369
5331,20260922,1,1,0,1,4,4,1,4,4,4,0,17,17,13,2124,4369,0,4369
5332,20260922,1,1,0,3,12,12,3,12,12,4,0,17,17,5,3294,4369,3294,4369
5333,20260922,0,0,0,NA,NA,4,NA,NA,4,0,0,17,17,13,0,0,0,0
5334,20260922,0,0,0,NA,NA,4,NA,NA,4,0,0,17,17,13,0,0,0,0
5335,20260922,1,1,0,1,4,4,1,4,4,4,0,17,17,13,2124,4369,0,4369
5336,20260922,0,0,0,NA,NA,4,NA,NA,4,0,0,17,17,13,0,0,0,0
5337,20260922,1,1,0,2,8,8,2,8,8,4,0,17,17,9,0,21845,0,21845
5338,20260922,0,0,0,NA,NA,4,NA,NA,4,0,0,17,17,13,0,0,0,0
5339,20260922,1,1,0,1,4,4,1,4,4,4,0,17,17,13,2124,4369,0,4369
5340,20260922,1,1,0,1,4,4,1,4,4,4,0,17,17,13,2124,12563,0,4369
5341,20260922,1,1,0,1,4,4,1,4,4,4,0,17,17,13,2124,4369,0,4369
5342,20260922,1,1,0,2,6,6,2,6,6,4,0,17,17,11,72,4369,0,4369
5343,20260922,1,1,0,1,4,4,1,4,4,4,0,17,17,13,2124,4369,0,4369
5344,20260922,1,1,0,1,4,4,1,4,4,4,0,17,17,13,2124,4369,0,4369
5345,20260922,0,0,0,3,NA,7,3,NA,7,1,0,17,17,10,6,1,0,0
5346,20260922,1,1,0,1,4,4,1,4,4,4,0,17,17,13,2124,4913,0,17476
5347,20260922,0,0,0,NA,NA,4,NA,NA,4,0,0,17,17,13,0,0,0,0
5348,20260922,1,1,0,1,4,4,1,4,4,4,0,17,17,13,2124,4369,0,4369
5349,20260922,0,0,0,NA,NA,4,NA,NA,4,0,0,17,17,13,0,0,0,0
5350,20260922,1,1,0,1,6,6,1,6,6,4,0,17,17,11,2052,8466,0,4369
5351,20260922,1,1,0,2,8,8,2,8,8,4,0,17,17,9,0,4369,0,4369
5352,20260922,1,1,0,1,6,6,1,6,6,4,0,17,17,11,2052,5729,0,26214
5353,20260922,1,1,0,1,4,4,1,4,4,4,0,17,17,13,2124,4369,0,4369
5354,20260922,0,0,0,NA,NA,4,NA,NA,4,0,0,17,17,13,0,0,0,0
5355,20260922,1,1,0,1,4,4,1,4,4,4,0,17,17,13,2124,4369,0,4369
5356,20260922,0,0,0,3,NA,7,3,NA,7,1,0,17,17,10,6,1,0,0
5357,20260922,1,1,0,3,12,12,3,12,12,4,0,17,17,5,3294,4369,3294,4369
5358,20260922,1,1,0,1,4,4,1,4,4,4,0,17,17,13,2124,4369,0,4369
5359,20260922,0,0,0,NA,NA,4,NA,NA,4,0,0,17,17,13,0,0,0,0
5360,20260922,0,0,0,NA,NA,4,NA,NA,4,0,0,17,17,13,0,0,0,0
5361,20260922,0,0,0,NA,NA,4,NA,NA,4,0,0,17,17,13,0,0,0,0
5362,20260922,0,0,0,3,NA,7,3,NA,7,1,0,17,17,10,6,1,0,0
5363,20260922,0,0,0,NA,NA,4,NA,NA,4,0,0,17,17,13,0,0,0,0
5364,20260922,0,0,0,NA,NA,4,NA,NA,4,0,0,17,17,13,0,0,0,0
5365,20260922,0,0,0,NA,NA,4,NA,NA,4,0,0,17,17,13,0,0,0,0
5366,20260922,0,0,0,3,NA,7,3,NA,7,1,0,17,17,10,6,3,0,0
5367,20260922,1,1,0,1,4,4,1,4,4,4,0,17,17,13,2124,4369,0,4369
5368,20260922,0,0,0,NA,NA,4,NA,NA,4,0,0,17,17,13,0,0,0,0
5369,20260922,0,0,0,NA,NA,4,NA,NA,4,0,0,17,17,13,0,0,0,0
5370,20260922,1,1,0,1,4,4,1,4,4,4,0,17,17,13,2124,4369,0,4369
5371,20260922,1,1,0,1,4,4,1,4,4,4,0,17,17,13,2124,4369,0,4369
5372,20260922,0,0,0,4,NA,8,4,NA,8,1,0,17,17,9,5,9,0,0
5373,20260922,1,1,0,1,4,4,1,4,4,4,0,17,17,13,2124,4369,0,4369
5374,20260922,1,1,0,1,4,4,1,4,4,4,0,17,17,13,2124,4369,0,4369
5375,20260922,1,1,0,2,6,6,2,6,6,4,0,17,17,11,72,4369,0,4369
5376,20260922,1,1,0,1,4,4,1,4,4,4,0,17,17,13,2124,4369,0,4369
5377,20260922,0,0,0,NA,NA,4,NA,NA,4,0,0,17,17,13,0,0,0,0
5378,20260922,0,0,0,NA,NA,4,NA,NA,4,0,0,17,17,13,0,0,0,0
5379,20260922,1,1,0,3,12,12,3,12,12,4,0,17,17,5,3294,4369,3294,4369
5380,20260922,1,1,0,1,4,4,1,4,4,4,0,17,17,13,2124,4369,0,4369
5381,20260922,0,0,0,3,NA,7,3,NA,7,1,0,17,17,10,6,1,0,0
5382,20260922,0,0,0,NA,NA,4,NA,NA,4,0,0,17,17,13,0,0,0,0
5383,20260922,1,1,0,2,6,6,2,6,6,4,0,17,17,11,72,17204,0,17476
5384,20260922,1,1,0,1,4,4,1,4,4,4,0,17,17,13,2124,4369,0,4369
5385,20260922,1,1,0,1,4,4,1,4,4,4,0,17,17,13,2124,4913,0,17476
5386,20260922,0,0,0,3,NA,7,3,NA,7,1,0,17,17,10,6,1,0,0
5387,20260922,1,1,0,1,6,6,1,6,6,4,0,17,17,11,2052,13107,0,13107
5388,20260922,1,1,0,1,6,6,1,6,6,4,0,17,17,11,2052,5185,0,17476
5389,20260922,1,1,0,3,12,12,3,12,12,4,0,17,17,5,3294,4913,3294,4913
5390,20260922,1,1,0,2,6,6,2,6,6,4,0,17,17,11,72,4369,0,4369
5391,20260922,0,0,0,NA,NA,4,NA,NA,4,0,0,17,17,13,0,0,0,0
5392,20260922,0,0,0,NA,NA,4,NA,NA,4,0,0,17,17,13,0,0,0,0
5393,20260922,1,1,0,3,12,12,3,12,12,4,0,17,17,5,3294,4641,3294,4641
5394,20260922,0,0,0,NA,NA,4,NA,NA,4,0,0,17,17,13,0,0,0,0
5395,20260922,0,0,0,NA,NA,4,NA,NA,4,0,0,17,17,13,0,0,0,0
5396,20260922,0,0,0,3,NA,7,3,NA,7,1,0,17,17,10,6,1,0,0
5397,20260922,1,1,0,1,4,4,1,4,4,4,0,17,17,13,2124,4913,0,17476
5398,20260922,0,0,0,NA,NA,4,NA,NA,4,0,0,17,17,13,0,0,0,0
5399,20260922,1,1,0,1,4,4,1,4,4,4,0,17,17,13,2124,4369,0,4369
5400,20260922,0,0,0,NA,NA,4,NA,NA,4,0,0,17,17,13,0,0,0,0
5401,20260922,0,0,0,NA,NA,4,NA,NA,4,0,0,17,17,13,0,0,0,0
5402,20260922,1,1,0,1,4,4,1,4,4,4,0,17,17,13,2124,4913,0,17476
5403,20260922,0,0,0,3,NA,7,3,NA,7,1,0,17,17,10,6,1,0,0
5404,20260922,0,0,0,NA,NA,4,NA,NA,4,0,0,17,17,13,0,0,0,0
5405,20260922,1,1,0,1,6,6,1,6,6,4,0,17,17,11,2052,5185,0,17476
5406,20260922,0,0,0,NA,NA,4,NA,NA,4,0,0,17,17,13,0,0,0,0
5407,20260922,0,0,0,NA,NA,4,NA,NA,4,0,0,17,17,13,0,0,0,0
5408,20260922,1,1,0,1,4,4,1,4,4,4,0,17,17,13,2124,4369,0,4369
5409,20260922,1,1,0,3,12,12,3,12,12,4,0,17,17,5,3294,4369,3294,4369
5410,20260922,1,1,0,2,6,6,2,6,6,4,0,17,17,11,72,8738,0,8738
5411,20260922,1,1,0,1,4,4,1,4,4,4,0,17,17,13,2124,4369,0,4369
5412,20260922,1,1,0,1,4,4,1,4,4,4,0,17,17,13,2124,4369,0,4369
5413,20260922,0,0,0,NA,NA,4,NA,NA,4,0,0,17,17,13,0,0,0,0
5414,20260922,0,0,0,NA,NA,4,NA,NA,4,0,0,17,17,13,0,0,0,0
5415,20260922,1,1,0,1,4,4,1,4,4,4,0,17,17,13,2124,4369,0,4369
5416,20260922,0,0,0,NA,NA,4,NA,NA,4,0,0,17,17,13,0,0,0,0
5417,20260922,0,0,0,3,NA,7,3,NA,7,1,0,17,17,10,6,2,0,0
5418,20260922,1,1,0,1,4,4,1,4,4,4,0,17,17,13,2124,4369,0,4369
5419,20260922,0,0,0,NA,NA,4,NA,NA,4,0,0,17,17,13,0,0,0,0
5420,20260922,0,0,0,NA,NA,4,NA,NA,4,0,0,17,17,13,0,0,0,0
5421,20260922,1,1,0,1,4,4,1,4,4,4,0,17,17,13,2124,4369,0,4369
5422,20260922,0,0,0,NA,NA,4,NA,NA,4,0,0,17,17,13,0,0,0,0
5423,20260922,0,0,0,NA,NA,4,NA,NA,4,0,0,17,17,13,0,0,0,0
5424,20260922,0,0,0,NA,NA,4,NA,NA,4,0,0,17,17,13,0,0,0,0
5425,20260922,0,0,0,NA,NA,4,NA,NA,4,0,0,17,17,13,0,0,0,0
5426,20260922,0,0,0,NA,NA,4,NA,NA,4,0,0,17,17,13,0,0,0,0
5427,20260922,0,0,0,NA,NA,4,NA,NA,4,0,0,17,17,13,0,0,0,0
5428,20260922,0,0,0,NA,NA,4,NA,NA,4,0,0,17,17,13,0,0,0,0
5429,20260922,1,1,0,1,4,4,1,4,4,4,0,17,17,13,2124,4369,0,4369
5430,20260922,0,0,0,NA,NA,4,NA,NA,4,0,0,17,17,13,0,0,0,0
5431,20260922,0,0,0,NA,NA,4,NA,NA,4,0,0,17,17,13,0,0,0,0
5432,20260922,0,0,0,NA,NA,4,NA,NA,4,0,0,17,17,13,0,0,0,0
5433,20260922,0,0,0,NA,NA,4,NA,NA,4,0,0,17,17,13,0,0,0,0
5434,20260922,0,0,0,NA,NA,4,NA,NA,4,0,0,17,17,13,0,0,0,0
5435,20260922,0,0,0,NA,NA,4,NA,NA,4,0,0,17,17,13,0,0,0,0
5436,20260922,0,0,0,NA,NA,4,NA,NA,4,0,0,17,17,13,0,0,0,0
5437,20260922,1,1,0,3,12,12,3,12,12,4,0,17,17,5,3294,4369,3294,4369
5438,20260922,1,1,0,1,4,4,1,4,4,4,0,17,17,13,2124,4369,0,4369
5439,20260922,1,1,0,1,4,4,1,4,4,4,0,17,17,13,2124,4369,0,4369
5440,20260922,0,0,0,3,NA,7,3,NA,7,1,0,17,17,10,6,2,0,0
5441,20260922,0,0,0,NA,NA,4,NA,NA,4,0,0,17,17,13,0,0,0,0
5442,20260922,0,0,0,NA,NA,4,NA,NA,4,0,0,17,17,13,0,0,0,0
5443,20260922,1,1,0,1,4,4,1,4,4,4,0,17,17,13,2124,4369,0,4369
5444,20260922,1,1,0,1,4,4,1,4,4,4,0,17,17,13,2124,4913,0,17476
5445,20260922,0,0,0,NA,NA,4,NA,NA,4,0,0,17,17,13,0,0,0,0
5446,20260922,1,1,0,1,6,6,1,6,6,4,0,17,17,11,2052,5185,0,17476
5447,20260922,0,0,0,NA,NA,4,NA,NA,4,0,0,17,17,13,0,0,0,0
5448,20260922,0,0,0,NA,NA,4,NA,NA,4,0,0,17,17,13,0,0,0,0
5449,20260922,0,0,0,NA,NA,4,NA,NA,4,0,0,17,17,13,0,0,0,0
5450,20260922,0,0,0,4,NA,11,4,NA,11,2,0,17,17,6,29,52,0,0
5451,20260922,1,1,0,1,4,4,1,4,4,4,0,17,17,13,2124,4369,0,4369
5452,20260922,0,0,0,NA,NA,4,NA,NA,4,0,0,17,17,13,0,0,0,0
5453,20260922,0,0,0,NA,NA,4,NA,NA,4,0,0,17,17,13,0,0,0,0
5454,20260922,1,1,0,3,12,12,3,12,12,4,0,17,17,5,3294,4369,3294,4369
5455,20260922,0,0,0,NA,NA,4,NA,NA,4,0,0,17,17,13,0,0,0,0
5456,20260922,0,0,0,NA,NA,4,NA,NA,4,0,0,17,17,13,0,0,0,0
5457,20260922,1,1,0,2,8,8,2,8,8,4,0,17,17,9,0,21845,0,21845
5458,20260922,0,0,0,NA,NA,4,NA,NA,4,0,0,17,17,13,0,0,0,0
5459,20260922,1,1,0,3,12,12,3,12,12,4,0,17,17,5,3294,4369,3294,4369
5460,20260922,0,0,0,NA,NA,4,NA,NA,4,0,0,17,17,13,0,0,0,0
5461,20260922,1,1,0,1,4,4,1,4,4,4,0,17,17,13,2124,4369,0,4369
5462,20260922,0,0,0,NA,NA,4,NA,NA,4,0,0,17,17,13,0,0,0,0
5463,20260922,0,0,0,NA,NA,4,NA,NA,4,0,0,17,17,13,0,0,0,0
5464,20260922,1,1,0,1,4,4,1,4,4,4,0,17,17,13,2124,8466,0,4369
5465,20260922,0,0,0,3,NA,7,3,NA,7,1,0,17,17,10,6,1,0,0
5466,20260922,0,0,0,NA,NA,4,NA,NA,4,0,0,17,17,13,0,0,0,0
5467,20260922,1,1,0,1,6,6,1,6,6,4,0,17,17,11,2052,5185,0,17476
5468,20260922,1,1,0,3,12,12,3,12,12,4,0,17,17,5,3294,4369,3294,4369
5469,20260922,1,1,0,1,4,4,1,4,4,4,0,17,17,13,2124,4369,0,4369
5470,20260922,1,1,0,2,6,6,2,6,6,4,0,17,17,11,72,17204,0,17476
5471,20260922,0,0,0,NA,NA,4,NA,NA,4,0,0,17,17,13,0,0,0,0
5472,20260922,0,0,0,NA,NA,4,NA,NA,4,0,0,17,17,13,0,0,0,0
5473,20260922,0,0,0,NA,NA,4,NA,NA,4,0,0,17,17,13,0,0,0,0
5474,20260922,0,0,0,NA,NA,4,NA,NA,4,0,0,17,17,13,0,0,0,0
5475,20260922,0,0,0,NA,NA,4,NA,NA,4,0,0,17,17,13,0,0,0,0
5476,20260922,1,1,0,1,4,4,1,4,4,4,0,17,17,13,2124,4369,0,4369
5477,20260922,1,1,0,1,4,4,1,4,4,4,0,17,17,13,2124,4369,0,4369
5478,20260922,1,1,0,1,6,6,1,6,6,4,0,17,17,11,2052,5729,0,26214
5479,20260922,1,1,0,1,4,4,1,4,4,4,0,17,17,13,2124,4369,0,4369
5480,20260922,1,1,0,1,4,4,1,4,4,4,0,17,17,13,2124,4369,0,4369
5481,20260922,0,0,0,NA,NA,4,NA,NA,4,0,0,17,17,13,0,0,0,0
5482,20260922,1,1,0,1,4,4,1,4,4,4,0,17,17,13,2124,4369,0,4369
5483,20260922,1,1,0,1,4,4,1,4,4,4,0,17,17,13,2124,4913,0,17476
5484,20260922,1,1,0,2,6,6,2,6,6,4,0,17,17,11,72,8738,0,8738
5485,20260922,1,1,0,3,12,12,3,12,12,4,0,17,17,5,3294,4369,3294,4369
5486,20260922,0,0,0,NA,NA,4,NA,NA,4,0,0,17,17,13,0,0,0,0
5487,20260922,1,1,0,1,4,4,1,4,4,4,0,17,17,13,2124,4369,0,4369
5488,20260922,1,1,0,1,4,4,1,4,4,4,0,17,17,13,2124,4369,0,4369
5489,20260922,1,1,0,2,6,6,2,6,6,4,0,17,17,11,72,4369,0,4369
5490,20260922,1,1,0,1,6,6,1,6,6,4,0,17,17,11,2052,5729,0,26214
5491,20260922,0,0,0,NA,NA,4,NA,NA,4,0,0,17,17,13,0,0,0,0
5492,20260922,1,1,0,1,4,4,1,4,4,4,0,17,17,13,2124,4369,0,4369
5493,20260922,1,1,0,1,4,4,1,4,4,4,0,17,17,13,2124,4369,0,4369
5494,20260922,0,0,0,NA,NA,4,NA,NA,4,0,0,17,17,13,0,0,0,0
5495,20260922,0,0,0,NA,NA,4,NA,NA,4,0,0,17,17,13,0,0,0,0
5496,20260922,1,1,0,3,12,12,3,12,12,4,0,17,17,5,3294,4369,3294,4369
5497,20260922,0,0,0,3,NA,7,3,NA,7,1,0,17,17,10,6,1,0,0
5498,20260922,1,1,0,3,12,12,3,12,12,4,0,17,17,5,3294,4369,3294,4369
5499,20260922,1,1,0,3,12,12,3,12,12,4,0,17,17,5,3294,4369,3294,4369
5500,20260922,0,0,0,NA,NA,4,NA,NA,4,0,0,17,17,13,0,0,0,0
5501,20260922,1,1,0,1,4,4,1,4,4,4,0,17,17,13,2124,4369,0,4369
5502,20260922,1,1,0,1,4,4,1,4,4,4,0,17,17,13,2124,4369,0,4369
5503,20260922,0,0,0,NA,NA,4,NA,NA,4,0,0,17,17,13,0,0,0,0
5504,20260922,0,0,0,NA,NA,4,NA,NA,4,0,0,17,17,13,0,0,0,0
5505,20260922,1,1,0,1,4,4,1,4,4,4,0,17,17,13,2124,4369,0,4369
5506,20260922,1,1,0,1,4,4,1,4,4,4,0,17,17,13,2124,4369,0,4369
5507,20260922,0,0,0,3,NA,7,3,NA,7,1,0,17,17,10,6,1,0,0
5508,20260922,1,1,0,1,4,4,1,4,4,4,0,17,17,13,2124,4369,0,4369
5509,20260922,0,0,0,NA,NA,4,NA,NA,4,0,0,17,17,13,0,0,0,0
5510,20260922,0,0,0,NA,NA,4,NA,NA,4,0,0,17,17,13,0,0,0,0
5511,20260922,1,1,0,1,4,4,1,4,4,4,0,17,17,13,2124,12563,0,4369
5512,20260922,1,1,0,3,12,12,3,12,12,4,0,17,17,5,3294,4369,3294,4369
5513,20260922,0,0,0,NA,NA,4,NA,NA,4,0,0,17,17,13,0,0,0,0
5514,20260922,1,1,0,1,4,4,1,4,4,4,0,17,17,13,2124,4369,0,4369
5515,20260922,1,1,0,1,4,4,1,4,4,4,0,17,17,13,2124,4369,0,4369
5516,20260922,0,0,0,NA,NA,4,NA,NA,4,0,0,17,17,13,0,0,0,0
5517,20260922,0,0,0,NA,NA,4,NA,NA,4,0,0,17,17,13,0,0,0,0
5518,20260922,0,0,0,NA,NA,4,NA,NA,4,0,0,17,17,13,0,0,0,0
5519,20260922,0,0,0,NA,NA,4,NA,NA,4,0,0,17,17,13,0,0,0,0
5520,20260922,1,1,0,2,6,6,2,6,6,4,0,17,17,11,72,4369,0,4369
5521,20260922,1,1,0,1,4,4,1,4,4,4,0,17,17,13,2124,4369,0,4369
5522,20260922,0,0,0,3,NA,7,3,NA,7,1,0,17,17,10,6,1,0,0
5523,20260922,1,1,0,1,4,4,1,4,4,4,0,17,17,13,2124,12563,0,4369
5524,20260922,0,0,0,3,NA,7,3,NA,7,1,0,17,17,10,6,1,0,0
5525,20260922,0,0,0,NA,NA,4,NA,NA,4,0,0,17,17,13,0,0,0,0
5526,20260922,1,1,0,1,4,4,1,4,4,4,0,17,17,13,2124,4369,0,4369
5527,20260922,1,1,0,2,6,6,2,6,6,4,0,17,17,11,72,4369,0,4369
5528,20260922,1,1,0,2,6,6,2,6,6,4,0,17,17,11,72,4369,0,4369
5529,20260922,1,1,0,1,4,4,1,4,4,4,0,17,17,13,2124,4913,0,17476
5530,20260922,0,0,0,3,NA,7,3,NA,7,1,0,17,17,10,6,1,0,0
5531,20260922,0,0,0,NA,NA,4,NA,NA,4,0,0,17,17,13,0,0,0,0
5532,20260922,1,1,0,1,4,4,1,4,4,4,0,17,17,13,2124,4369,0,4369
5533,20260922,0,0,0,NA,NA,4,NA,NA,4,0,0,17,17,13,0,0,0,0
5534,20260922,0,0,0,3,NA,7,3,NA,7,1,0,17,17,10,6,1,0,0
5535,20260922,1,1,0,1,6,6,1,6,6,4,0,17,17,11,2052,5185,0,17476
5536,20260922,0,0,0,4,NA,8,4,NA,8,1,0,17,17,9,5,7,0,0
5537,20260922,1,1,0,1,4,4,1,4,4,4,0,17,17,13,2124,4369,0,4369
5538,20260922,1,1,0,1,4,4,1,4,4,4,0,17,17,13,2124,4913,0,17476
5539,20260922,0,0,0,NA,NA,4,NA,NA,4,0,0,17,17,13,0,0,0,0
5540,20260922,1,1,0,1,4,4,1,4,4,4,0,17,17,13,2124,4369,0,4369
5541,20260922,1,1,0,2,8,8,2,8,8,4,0,17,17,9,0,13107,0,13107
5542,20260922,0,0,0,NA,NA,4,NA,NA,4,0,0,17,17,13,0,0,0,0
5543,20260922,1,1,0,1,4,4,1,4,4,4,0,17,17,13,2124,4369,0,4369
5544,20260922,1,1,0,2,6,6,2,6,6,4,0,17,17,11,72,4369,0,4369
5545,20260922,0,0,0,4,NA,8,4,NA,8,1,0,17,17,9,5,2,0,0
5546,20260922,1,1,0,1,6,6,1,6,6,4,0,17,17,11,2052,5185,0,17476
5547,20260922,0,0,0,4,NA,8,4,NA,8,1,0,17,17,9,5,8,0,0
5548,20260922,1,1,0,2,6,6,2,6,6,4,0,17,17,11,72,4369,0,4369
5549,20260922,1,1,0,2,6,6,2,6,6,4,0,17,17,11,72,4369,0,4369
5550,20260922,1,1,0,1,4,4,1,4,4,4,0,17,17,13,2124,4369,0,4369
5551,20260922,0,0,0,3,NA,7,3,NA,7,1,0,17,17,10,6,1,0,0
5552,20260922,0,0,0,NA,NA,4,NA,NA,4,0,0,17,17,13,0,0,0,0
5553,20260922,0,0,0,NA,NA,4,NA,NA,4,0,0,17,17,13,0,0,0,0
5554,20260922,1,1,0,2,8,8,2,8,8,4,0,17,17,9,0,26214,0,26214
5555,20260922,0,0,0,4,NA,8,4,NA,8,1,0,17,17,9,5,4,0,0
5556,20260922,0,0,0,NA,NA,4,NA,NA,4,0,0,17,17,13,0,0,0,0
5557,20260922,1,1,0,1,4,4,1,4,4,4,0,17,17,13,2124,4369,0,4369
5558,20260922,0,0,0,NA,NA,4,NA,NA,4,0,0,17,17,13,0,0,0,0
5559,20260922,0,0,0,NA,NA,4,NA,NA,4,0,0,17,17,13,0,0,0,0
5560,20260922,1,1,0,2,6,6,2,6,6,4,0,17,17,11,72,4369,0,4369
5561,20260922,0,0,0,NA,NA,4,NA,NA,4,0,0,17,17,13,0,0,0,0
5562,20260922,0,0,0,NA,NA,4,NA,NA,4,0,0,17,17,13,0,0,0,0
5563,20260922,0,0,0,NA,NA,4,NA,NA,4,0,0,17,17,13,0,0,0,0
5564,20260922,0,0,0,NA,NA,4,NA,NA,4,0,0,17,17,13,0,0,0,0
5565,20260922,1,1,0,2,6,6,2,6,6,4,0,17,17,11,72,4369,0,4369
5566,20260922,1,1,0,1,4,4,1,4,4,4,0,17,17,13,2124,4369,0,4369
5567,20260922,0,0,0,NA,NA,4,NA,NA,4,0,0,17,17,13,0,0,0,0
5568,20260922,0,0,0,NA,NA,4,NA,NA,4,0,0,17,17,13,0,0,0,0
5569,20260922,0,0,0,NA,NA,4,NA,NA,4,0,0,17,17,13,0,0,0,0
5570,20260922,0,0,0,NA,NA,4,NA,NA,4,0,0,17,17,13,0,0,0,0
5571,20260922,1,1,0,1,4,4,1,4,4,4,0,17,17,13,2124,12563,0,4369
5572,20260922,0,0,0,NA,NA,4,NA,NA,4,0,0,17,17,13,0,0,0,0
5573,20260922,1,1,0,1,4,4,1,4,4,4,0,17,17,13,2124,4369,0,4369
5574,20260922,1,1,0,1,4,4,1,4,4,4,0,17,17,13,2124,4369,0,4369
5575,20260922,0,0,0,NA,NA,4,NA,NA,4,0,0,17,17,13,0,0,0,0
5576,20260922,1,1,0,1,6,6,1,6,6,4,0,17,17,11,2052,5185,0,17476
5577,20260922,0,0,0,NA,NA,4,NA,NA,4,0,0,17,17,13,0,0,0,0
5578,20260922,0,0,0,4,NA,8,4,NA,8,1,0,17,17,9,5,9,0,0
5579,20260922,0,0,0,NA,NA,4,NA,NA,4,0,0,17,17,13,0,0,0,0
5580,20260922,0,0,0,NA,NA,4,NA,NA,4,0,0,17,17,13,0,0,0,0
5581,20260922,1,1,0,1,4,4,1,4,4,4,0,17,17,13,2124,4369,0,4369
5582,20260922,1,1,0,3,12,12,3,12,12,4,0,17,17,5,3294,4369,3294,4369
5583,20260922,1,1,0,1,6,6,1,6,6,4,0,17,17,11,2052,5185,0,17476
5584,20260922,0,0,0,NA,NA,4,NA,NA,4,0,0,17,17,13,0,0,0,0
5585,20260922,1,1,0,1,4,4,1,4,4,4,0,17,17,13,2124,4369,0,4369
5586,20260922,1,1,0,1,4,4,1,4,4,4,0,17,17,13,2124,4369,0,4369
5587,20260922,1,1,0,1,4,4,1,4,4,4,0,17,17,13,2124,12563,0,4369
5588,20260922,1,1,0,1,6,6,1,6,6,4,0,17,17,11,2052,5729,0,26214
5589,20260922,0,0,0,NA,NA,4,NA,NA,4,0,0,17,17,13,0,0,0,0
5590,20260922,1,1,0,3,12,12,3,12,12,4,0,17,17,5,3294,4369,3294,4369
5591,20260922,1,1,0,2,8,8,2,8,8,4,0,17,17,9,0,4369,0,4369
5592,20260922,0,0,0,NA,NA,4,NA,NA,4,0,0,17,17,13,0,0,0,0
5593,20260922,1,1,0,1,4,4,1,4,4,4,0,17,17,13,2124,12563,0,4369
5594,20260922,1,1,0,1,6,6,1,6,6,4,0,17,17,11,2052,5185,0,17476
5595,20260922,1,1,0,3,12,12,3,12,12,4,0,17,17,5,3294,4369,3294,4369
5596,20260922,1,1,0,1,4,4,1,4,4,4,0,17,17,13,2124,4369,0,4369
5597,20260922,0,0,0,NA,NA,4,NA,NA,4,0,0,17,17,13,0,0,0,0
5598,20260922,1,1,0,3,12,12,3,12,12,4,0,17,17,5,3294,4369,3294,4369
5599,20260922,1,1,0,1,4,4,1,4,4,4,0,17,17,13,2124,12563,0,4369
5600,20260922,1,1,0,1,4,4,1,4,4,4,0,17,17,13,2124,4369,0,4369
5601,20260922,0,0,0,NA,NA,4,NA,NA,4,0,0,17,17,13,0,0,0,0
5602,20260922,1,1,0,2,6,6,2,6,6,4,0,17,17,11,72,4369,0,4369
5603,20260922,1,1,0,1,4,4,1,4,4,4,0,17,17,13,2124,4369,0,4369
5604,20260922,1,1,0,1,4,4,1,4,4,4,0,17,17,13,2124,4369,0,4369
5605,20260922,0,0,0,NA,NA,4,NA,NA,4,0,0,17,17,13,0,0,0,0
5606,20260922,0,0,0,NA,NA,4,NA,NA,4,0,0,17,17,13,0,0,0,0
5607,20260922,0,0,0,4,NA,8,4,NA,8,1,0,17,17,9,5,6,0,0
5608,20260922,1,1,0,1,6,6,1,6,6,4,0,17,17,11,2052,5185,0,17476
5609,20260922,0,0,0,3,NA,7,3,NA,7,1,0,17,17,10,6,1,0,0
5610,20260922,1,1,0,1,4,4,1,4,4,4,0,17,17,13,2124,4369,0,4369
5611,20260922,0,0,0,3,NA,7,3,NA,7,1,0,17,17,10,6,1,0,0
5612,20260922,0,0,0,4,NA,8,4,NA,8,1,0,17,17,9,5,7,0,0
5613,20260922,1,1,0,1,6,6,1,6,6,4,0,17,17,11,2052,4641,0,8738
5614,20260922,0,0,0,NA,NA,4,NA,NA,4,0,0,17,17,13,0,0,0,0
5615,20260922,1,1,0,1,4,4,1,4,4,4,0,17,17,13,2124,4369,0,4369
5616,20260922,0,0,0,3,NA,7,3,NA,7,1,0,17,17,10,6,1,0,0
5617,20260922,1,1,0,1,6,6,1,6,6,4,0,17,17,11,2052,5185,0,17476
5618,20260922,0,0,0,NA,NA,4,NA,NA,4,0,0,17,17,13,0,0,0,0
5619,20260922,1,1,0,1,4,4,1,4,4,4,0,17,17,13,2124,4369,0,4369
5620,20260922,1,1,0,1,4,4,1,4,4,4,0,17,17,13,2124,4369,0,4369
5621,20260922,1,1,0,2,6,6,2,6,6,4,0,17,17,11,72,17204,0,17476
5622,20260922,0,0,0,NA,NA,4,NA,NA,4,0,0,17,17,13,0,0,0,0
5623,20260922,0,0,0,NA,NA,4,NA,NA,4,0,0,17,17,13,0,0,0,0
5624,20260922,0,0,0,NA,NA,4,NA,NA,4,0,0,17,17,13,0,0,0,0
5625,20260922,1,1,0,1,4,4,1,4,4,4,0,17,17,13,2124,12563,0,4369
5626,20260922,0,0,0,NA,NA,4,NA,NA,4,0,0,17,17,13,0,0,0,0
5627,20260922,0,0,0,NA,NA,4,NA,NA,4,0,0,17,17,13,0,0,0,0
5628,20260922,1,1,0,1,4,4,1,4,4,4,0,17,17,13,2124,4369,0,4369
5629,20260922,0,0,0,3,NA,7,3,NA,7,1,0,17,17,10,6,1,0,0
5630,20260922,0,0,0,NA,NA,4,NA,NA,4,0,0,17,17,13,0,0,0,0
5631,20260922,0,0,0,NA,NA,4,NA,NA,4,0,0,17,17,13,0,0,0,0
5632,20260922,0,0,0,NA,NA,4,NA,NA,4,0,0,17,17,13,0,0,0,0
5633,20260922,0,0,0,NA,NA,4,NA,NA,4,0,0,17,17,13,0,0,0,0
5634,20260922,0,0,0,NA,NA,4,NA,NA,4,0,0,17,17,13,0,0,0,0
5635,20260922,0,0,0,NA,NA,4,NA,NA,4,0,0,17,17,13,0,0,0,0
5636,20260922,1,1,0,1,4,4,1,4,4,4,0,17,17,13,2124,4369,0,4369
5637,20260922,1,1,0,1,4,4,1,4,4,4,0,17,17,13,2124,4369,0,4369
5638,20260922,0,0,0,NA,NA,4,NA,NA,4,0,0,17,17,13,0,0,0,0
5639,20260922,0,0,0,NA,NA,4,NA,NA,4,0,0,17,17,13,0,0,0,0
5640,20260922,1,1,0,1,4,4,1,4,4,4,0,17,17,13,2124,4369,0,4369
5641,20260922,0,0,0,NA,NA,4,NA,NA,4,0,0,17,17,13,0,0,0,0
5642,20260922,0,0,0,NA,NA,4,NA,NA,4,0,0,17,17,13,0,0,0,0
5643,20260922,1,1,0,1,4,4,1,4,4,4,0,17,17,13,2124,4369,0,4369
5644,20260922,1,1,0,3,12,12,3,12,12,4,0,17,17,5,3294,4369,3294,4369
5645,20260922,0,0,0,NA,NA,4,NA,NA,4,0,0,17,17,13,0,0,0,0
5646,20260922,1,1,0,1,4,4,1,4,4,4,0,17,17,13,2124,12563,0,4369
5647,20260922,0,0,0,3,NA,7,3,NA,7,1,0,17,17,10,6,1,0,0
5648,20260922,1,1,0,2,8,8,2,8,8,4,0,17,17,9,0,4369,0,4369
5649,20260922,0,0,0,NA,NA,4,NA,NA,4,0,0,17,17,13,0,0,0,0
5650,20260922,0,0,0,NA,NA,4,NA,NA,4,0,0,17,17,13,0,0,0,0
5651,20260922,0,0,0,NA,NA,4,NA,NA,4,0,0,17,17,13,0,0,0,0
5652,20260922,0,0,0,NA,NA,4,NA,NA,4,0,0,17,17,13,0,0,0,0
5653,20260922,1,1,0,1,4,4,1,4,4,4,0,17,17,13,2124,4369,0,4369
5654,20260922,0,0,0,3,NA,7,3,NA,7,1,0,17,17,10,6,1,0,0
5655,20260922,0,0,0,NA,NA,4,NA,NA,4,0,0,17,17,13,0,0,0,0
5656,20260922,1,1,0,3,12,12,3,12,12,4,0,17,17,5,3294,4369,3294,4369
5657,20260922,1,1,0,1,4,4,1,4,4,4,0,17,17,13,2124,4369,0,4369
5658,20260922,1,1,0,1,4,4,1,4,4,4,0,17,17,13,2124,4369,0,4369
5659,20260922,1,1,0,2,6,6,2,6,6,4,0,17,17,11,72,4369,0,4369
5660,20260922,0,0,0,NA,NA,4,NA,NA,4,0,0,17,17,13,0,0,0,0
5661,20260922,1,1,0,3,8,8,3,8,8,4,0,17,17,9,3150,4641,2637,4641
5662,20260922,0,0,0,NA,NA,4,NA,NA,4,0,0,17,17,13,0,0,0,0
5663,20260922,0,0,0,NA,NA,4,NA,NA,4,0,0,17,17,13,0,0,0,0
5664,20260922,1,1,0,1,4,4,1,4,4,4,0,17,17,13,2124,4369,0,4369
5665,20260922,1,1,0,1,4,4,1,4,4,4,0,17,17,13,2124,4369,0,4369
5666,20260922,0,0,0,NA,NA,4,NA,NA,4,0,0,17,17,13,0,0,0,0
5667,20260922,0,0,0,NA,NA,4,NA,NA,4,0,0,17,17,13,0,0,0,0
5668,20260922,0,0,0,NA,NA,4,NA,NA,4,0,0,17,17,13,0,0,0,0
5669,20260922,1,1,0,3,12,12,3,12,12,4,0,17,17,5,3294,4369,3294,4369
5670,20260922,1,1,0,2,6,6,2,6,6,4,0,17,17,11,72,4369,0,4369
5671,20260922,1,1,0,1,4,4,1,4,4,4,0,17,17,13,2124,4369,0,4369
5672,20260922,0,0,0,3,NA,7,3,NA,7,1,0,17,17,10,6,1,0,0
5673,20260922,0,0,0,NA,NA,4,NA,NA,4,0,0,17,17,13,0,0,0,0
5674,20260922,0,0,0,NA,NA,4,NA,NA,4,0,0,17,17,13,0,0,0,0
5675,20260922,1,1,0,1,4,4,1,4,4,4,0,17,17,13,2124,4913,0,17476
5676,20260922,1,1,0,2,8,8,2,8,8,4,0,17,17,9,0,17476,0,17476
5677,20260922,0,0,0,NA,NA,4,NA,NA,4,0,0,17,17,13,0,0,0,0
5678,20260922,0,0,0,NA,NA,4,NA,NA,4,0,0,17,17,13,0,0,0,0
5679,20260922,1,1,0,3,12,12,3,12,12,4,0,17,17,5,3294,4369,3294,4369
5680,20260922,0,0,0,NA,NA,4,NA,NA,4,0,0,17,17,13,0,0,0,0
5681,20260922,0,0,0,NA,NA,4,NA,NA,4,0,0,17,17,13,0,0,0,0
5682,20260922,0,0,0,3,NA,7,3,NA,7,1,0,17,17,10,6,2,0,0
5683,20260922,1,1,0,1,4,4,1,4,4,4,0,17,17,13,2124,4369,0,4369
5684,20260922,0,0,0,NA,NA,4,NA,NA,4,0,0,17,17,13,0,0,0,0
5685,20260922,1,1,0,1,4,4,1,4,4,4,0,17,17,13,2124,4369,0,4369
5686,20260922,0,0,0,NA,NA,4,NA,NA,4,0,0,17,17,13,0,0,0,0
5687,20260922,1,1,0,1,4,4,1,4,4,4,0,17,17,13,2124,4369,0,4369
5688,20260922,0,0,0,NA,NA,4,NA,NA,4,0,0,17,17,13,0,0,0,0
5689,20260922,1,1,0,1,4,4,1,4,4,4,0,17,17,13,2124,4369,0,4369
5690,20260922,1,1,0,3,12,12,3,12,12,4,0,17,17,5,3294,4369,3294,4369
5691,20260922,0,0,0,NA,NA,4,NA,NA,4,0,0,17,17,13,0,0,0,0
5692,20260922,0,0,0,3,NA,7,3,NA,7,1,0,17,17,10,6,1,0,0
5693,20260922,1,1,0,2,8,8,2,8,8,4,0,17,17,9,0,26214,0,26214
5694,20260922,1,1,0,1,4,4,1,4,4,4,0,17,17,13,2124,4369,0,4369
5695,20260922,0,0,0,NA,NA,4,NA,NA,4,0,0,17,17,13,0,0,0,0
5696,20260922,1,1,0,2,6,6,2,6,6,4,0,17,17,11,72,4369,0,4369
5697,20260922,0,0,0,NA,NA,4,NA,NA,4,0,0,17,17,13,0,0,0,0
5698,20260922,1,1,0,3,12,12,3,12,12,4,0,17,17,5,3294,4369,3294,4369
5699,20260922,1,1,0,1,4,4,1,4,4,4,0,17,17,13,2124,4369,0,4369
5700,20260922,0,0,0,NA,NA,4,NA,NA,4,0,0,17,17,13,0,0,0,0
5701,20260922,1,1,0,2,8,8,2,8,8,4,0,17,17,9,0,17476,0,17476
5702,20260922,1,1,0,1,4,4,1,4,4,4,0,17,17,13,2124,4369,0,4369
5703,20260922,0,0,0,NA,NA,4,NA,NA,4,0,0,17,17,13,0,0,0,0
5704,20260922,1,1,0,1,4,4,1,4,4,4,0,17,17,13,2124,4369,0,4369
5705,20260922,0,0,0,3,NA,7,3,NA,7,1,0,17,17,10,6,1,0,0
5706,20260922,0,0,0,3,NA,7,3,NA,7,1,0,17,17,10,6,1,0,0
5707,20260922,0,0,0,3,NA,7,3,NA,7,1,0,17,17,10,6,1,0,0
5708,20260922,1,1,0,1,4,4,1,4,4,4,0,17,17,13,2124,4369,0,4369
5709,20260922,0,0,0,NA,NA,4,NA,NA,4,0,0,17,17,13,0,0,0,0
5710,20260922,1,1,0,1,6,6,1,6,6,4,0,17,17,11,2052,8466,0,4369
5711,20260922,1,1,0,1,6,6,1,6,6,4,0,17,17,11,2052,5729,0,26214
5712,20260922,1,1,0,3,12,12,3,12,12,4,0,17,17,5,3294,4369,3294,4369
5713,20260922,0,0,0,NA,NA,4,NA,NA,4,0,0,17,17,13,0,0,0,0
5714,20260922,1,1,0,1,4,4,1,4,4,4,0,17,17,13,2124,4369,0,4369
5715,20260922,1,1,0,1,4,4,1,4,4,4,0,17,17,13,2124,4369,0,4369
5716,20260922,1,1,0,3,12,12,3,12,12,4,0,17,17,5,3294,13379,3294,13379
5717,20260922,0,0,0,3,NA,7,3,NA,7,1,0,17,17,10,6,1,0,0
5718,20260922,1,1,0,3,12,12,3,12,12,4,0,17,17,5,3294,4369,3294,4369
5719,20260922,0,0,0,NA,NA,4,NA,NA,4,0,0,17,17,13,0,0,0,0
5720,20260922,1,1,0,1,4,4,1,4,4,4,0,17,17,13,2124,4369,0,4369
5721,20260922,0,0,0,NA,NA,4,NA,NA,4,0,0,17,17,13,0,0,0,0
5722,20260922,0,0,0,NA,NA,4,NA,NA,4,0,0,17,17,13,0,0,0,0
5723,20260922,0,0,0,NA,NA,4,NA,NA,4,0,0,17,17,13,0,0,0,0
5724,20260922,0,0,0,4,NA,8,4,NA,8,1,0,17,17,9,5,6,0,0
5725,20260922,1,1,0,2,6,6,2,6,6,4,0,17,17,11,72,17204,0,17476
5726,20260922,0,0,0,3,NA,7,3,NA,7,1,0,17,17,10,6,2,0,0
5727,20260922,0,0,0,NA,NA,4,NA,NA,4,0,0,17,17,13,0,0,0,0
5728,20260922,1,1,0,1,6,6,1,6,6,4,0,17,17,11,2052,5729,0,26214
5729,20260922,1,1,0,1,4,4,1,4,4,4,0,17,17,13,2124,4369,0,4369
5730,20260922,0,0,0,NA,NA,4,NA,NA,4,0,0,17,17,13,0,0,0,0
5731,20260922,0,0,0,NA,NA,4,NA,NA,4,0,0,17,17,13,0,0,0,0
5732,20260922,0,0,0,NA,NA,4,NA,NA,4,0,0,17,17,13,0,0,0,0
5733,20260922,1,1,0,1,6,6,1,6,6,4,0,17,17,11,2052,8466,0,4369
5734,20260922,0,0,0,3,NA,7,3,NA,7,1,0,17,17,10,6,1,0,0
5735,20260922,1,1,0,1,4,4,1,4,4,4,0,17,17,13,2124,4369,0,4369
5736,20260922,0,0,0,NA,NA,4,NA,NA,4,0,0,17,17,13,0,0,0,0
5737,20260922,1,1,0,3,12,12,3,12,12,4,0,17,17,5,3294,4369,3294,4369
5738,20260922,1,1,0,3,12,12,3,12,12,4,0,17,17,5,3294,4369,3294,4369
5739,20260922,1,1,0,2,8,8,2,8,8,4,0,17,17,9,0,8738,0,8738
5740,20260922,0,0,0,NA,NA,4,NA,NA,4,0,0,17,17,13,0,0,0,0
5741,20260922,0,0,0,NA,NA,4,NA,NA,4,0,0,17,17,13,0,0,0,0
5742,20260922,0,0,0,NA,NA,4,NA,NA,4,0,0,17,17,13,0,0,0,0
5743,20260922,0,0,0,3,NA,7,3,NA,7,1,0,17,17,10,6,2,0,0
5744,20260922,0,0,0,NA,NA,4,NA,NA,4,0,0,17,17,13,0,0,0,0
5745,20260922,0,0,0,NA,NA,4,NA,NA,4,0,0,17,17,13,0,0,0,0
5746,20260922,0,0,0,NA,NA,4,NA,NA,4,0,0,17,17,13,0,0,0,0
5747,20260922,1,1,0,3,12,12,3,12,12,4,0,17,17,5,3294,4369,3294,4369
5748,20260922,0,0,0,3,NA,7,3,NA,7,1,0,17,17,10,6,1,0,0
5749,20260922,0,0,0,NA,NA,4,NA,NA,4,0,0,17,17,13,0,0,0,0
5750,20260922,1,1,0,1,4,4,1,4,4,4,0,17,17,13,2124,4913,0,17476
5751,20260922,0,0,0,3,NA,7,3,NA,7,1,0,17,17,10,6,1,0,0
5752,20260922,0,0,0,3,NA,7,3,NA,7,1,0,17,17,10,6,4,0,0
5753,20260922,0,0,0,NA,NA,4,NA,NA,4,0,0,17,17,13,0,0,0,0
5754,20260922,0,0,0,NA,NA,4,NA,NA,4,0,0,17,17,13,0,0,0,0
5755,20260922,0,0,0,3,NA,7,3,NA,7,1,0,17,17,10,6,1,0,0
5756,20260922,0,0,0,3,NA,7,3,NA,7,1,0,17,17,10,6,1,0,0
5757,20260922,0,0,0,NA,NA,4,NA,NA,4,0,0,17,17,13,0,0,0,0
5758,20260922,1,1,0,3,12,12,3,12,12,4,0,17,17,5,3294,4369,3294,4369
5759,20260922,0,0,0,3,NA,7,3,NA,7,1,0,17,17,10,6,1,0,0
5760,20260922,0,0,0,NA,NA,4,NA,NA,4,0,0,17,17,13,0,0,0,0
5761,20260922,0,0,0,4,NA,8,4,NA,8,1,0,17,17,9,5,4,0,0
5762,20260922,1,1,0,1,6,6,1,6,6,4,0,17,17,11,2052,9554,0,21845
5763,20260922,1,1,0,1,4,4,1,4,4,4,0,17,17,13,2124,4369,0,4369
5764,20260922,0,0,0,3,NA,7,3,NA,7,1,0,17,17,10,6,1,0,0
5765,20260922,0,0,0,NA,NA,4,NA,NA,4,0,0,17,17,13,0,0,0,0
5766,20260922,0,0,0,NA,NA,4,NA,NA,4,0,0,17,17,13,0,0,0,0
5767,20260922,1,1,0,1,4,4,1,4,4,4,0,17,17,13,2124,4369,0,4369
5768,20260922,1,1,0,3,12,12,3,12,12,4,0,17,17,5,3294,4369,3294,4369
5769,20260922,1,1,0,1,4,4,1,4,4,4,0,17,17,13,2124,4369,0,4369
5770,20260922,0,0,0,NA,NA,4,NA,NA,4,0,0,17,17,13,0,0,0,0
5771,20260922,0,0,0,NA,NA,4,NA,NA,4,0,0,17,17,13,0,0,0,0
5772,20260922,1,1,0,2,6,6,2,6,6,4,0,17,17,11,72,4369,0,4369
5773,20260922,1,1,0,1,6,6,1,6,6,4,0,17,17,11,2052,5185,0,17476
5774,20260922,0,0,0,NA,NA,4,NA,NA,4,0,0,17,17,13,0,0,0,0
5775,20260922,0,0,0,NA,NA,4,NA,NA,4,0,0,17,17,13,0,0,0,0
5776,20260922,0,0,0,NA,NA,4,NA,NA,4,0,0,17,17,13,0,0,0,0
5777,20260922,0,0,0,NA,NA,4,NA,NA,4,0,0,17,17,13,0,0,0,0
5778,20260922,1,1,0,3,12,12,3,12,12,4,0,17,17,5,3294,4369,3294,4369
5779,20260922,1,1,0,1,4,4,1,4,4,4,0,17,17,13,2124,4369,0,4369
5780,20260922,0,0,0,NA,NA,4,NA,NA,4,0,0,17,17,13,0,0,0,0
5781,20260922,1,1,0,1,4,4,1,4,4,4,0,17,17,13,2124,4369,0,4369
5782,20260922,1,1,0,1,4,4,1,4,4,4,0,17,17,13,2124,9010,2124,9010
5783,20260922,0,0,0,NA,NA,4,NA,NA,4,0,0,17,17,13,0,0,0,0
5784,20260922,0,0,0,NA,NA,4,NA,NA,4,0,0,17,17,13,0,0,0,0
5785,20260922,0,0,0,NA,NA,4,NA,NA,4,0,0,17,17,13,0,0,0,0
5786,20260922,0,0,0,NA,NA,4,NA,NA,4,0,0,17,17,13,0,0,0,0
5787,20260922,1,1,0,1,4,4,1,4,4,4,0,17,17,13,2124,12563,0,4369
5788,20260922,0,0,0,NA,NA,4,NA,NA,4,0,0,17,17,13,0,0,0,0
5789,20260922,1,1,0,3,12,12,3,12,12,4,0,17,17,5,3294,4369,3294,4369
5790,20260922,1,1,0,1,6,6,1,6,6,4,0,17,17,11,2052,5185,0,17476
5791,20260922,1,1,0,1,6,6,1,6,6,4,0,17,17,11,2052,5729,0,26214
5792,20260922,1,1,0,1,4,4,1,4,4,4,0,17,17,13,2124,4369,0,4369
5793,20260922,1,1,0,3,12,12,3,12,12,4,0,17,17,5,3294,4369,3294,4369
5794,20260922,0,0,0,NA,NA,4,NA,NA,4,0,0,17,17,13,0,0,0,0
5795,20260922,0,0,0,NA,NA,4,NA,NA,4,0,0,17,17,13,0,0,0,0
5796,20260922,0,0,0,NA,NA,4,NA,NA,4,0,0,17,17,13,0,0,0,0
5797,20260922,0,0,0,3,NA,7,3,NA,7,1,0,17,17,10,6,4,0,0
5798,20260922,0,0,0,NA,NA,4,NA,NA,4,0,0,17,17,13,0,0,0,0
5799,20260922,1,1,0,2,6,6,2,6,6,4,0,17,17,11,72,17204,0,17476
5800,20260922,0,0,0,NA,NA,4,NA,NA,4,0,0,17,17,13,0,0,0,0
5801,20260922,1,1,0,1,4,4,1,4,4,4,0,17,17,13,2124,4369,0,4369
5802,20260922,0,0,0,3,NA,7,3,NA,7,1,0,17,17,10,6,1,0,0
5803,20260922,0,0,0,NA,NA,4,NA,NA,4,0,0,17,17,13,0,0,0,0
5804,20260922,0,0,0,NA,NA,4,NA,NA,4,0,0,17,17,13,0,0,0,0
5805,20260922,1,1,0,2,6,6,2,6,6,4,0,17,17,11,72,4369,0,4369
5806,20260922,0,0,0,NA,NA,4,NA,NA,4,0,0,17,17,13,0,0,0,0
5807,20260922,1,1,0,1,4,4,1,4,4,4,0,17,17,13,2124,4369,0,4369
5808,20260922,1,1,0,2,8,8,2,8,8,4,0,17,17,9,0,8738,0,8738
5809,20260922,0,0,0,NA,NA,4,NA,NA,4,0,0,17,17,13,0,0,0,0
5810,20260922,1,1,0,1,6,6,1,6,6,4,0,17,17,11,2052,5729,0,26214
5811,20260922,1,1,0,1,4,4,1,4,4,4,0,17,17,13,2124,4369,0,4369
5812,20260922,0,0,0,NA,NA,4,NA,NA,4,0,0,17,17,13,0,0,0,0
5813,20260922,1,1,0,1,6,6,1,6,6,4,0,17,17,11,2052,5185,0,17476
5814,20260922,1,1,0,1,4,4,1,4,4,4,0,17,17,13,2124,4369,0,4369
5815,20260922,1,1,0,1,4,4,1,4,4,4,0,17,17,13,2124,4369,0,4369
5816,20260922,1,1,0,2,6,6,2,6,6,4,0,17,17,11,72,4369,0,4369
5817,20260922,0,0,0,NA,NA,4,NA,NA,4,0,0,17,17,13,0,0,0,0
5818,20260922,1,1,0,2,6,6,2,6,6,4,0,17,17,11,72,4369,0,4369
5819,20260922,0,0,0,NA,NA,4,NA,NA,4,0,0,17,17,13,0,0,0,0
5820,20260922,1,1,0,1,4,4,1,4,4,4,0,17,17,13,2124,4369,0,4369
5821,20260922,1,1,0,1,6,6,1,6,6,4,0,17,17,11,2052,5185,0,17476
5822,20260922,0,0,0,3,NA,7,3,NA,7,1,0,17,17,10,6,4,0,0
5823,20260922,1,1,0,3,12,12,3,12,12,4,0,17,17,5,3294,4369,3294,4369
5824,20260922,1,1,0,1,4,4,1,4,4,4,0,17,17,13,2124,4369,0,4369
5825,20260922,0,0,0,NA,NA,4,NA,NA,4,0,0,17,17,13,0,0,0,0
5826,20260922,1,1,0,2,6,6,2,6,6,4,0,17,17,11,72,4369,0,4369
5827,20260922,0,0,0,4,NA,11,4,NA,11,2,0,17,17,6,29,39,0,0
5828,20260922,0,0,0,3,NA,7,3,NA,7,1,0,17,17,10,6,2,0,0
5829,20260922,0,0,0,NA,NA,4,NA,NA,4,0,0,17,17,13,0,0,0,0
5830,20260922,1,1,0,1,4,4,1,4,4,4,0,17,17,13,2124,4369,0,4369
5831,20260922,0,0,0,NA,NA,4,NA,NA,4,0,0,17,17,13,0,0,0,0
5832,20260922,1,1,0,2,6,6,2,6,6,4,0,17,17,11,72,4369,0,4369
5833,20260922,1,1,0,1,4,4,1,4,4,4,0,17,17,13,2124,4369,0,4369
5834,20260922,0,0,0,1,NA,5,1,NA,5,1,0,17,17,12,4,2,0,0
5835,20260922,1,1,0,1,4,4,1,4,4,4,0,17,17,13,2124,4369,0,4369
5836,20260922,0,0,0,NA,NA,4,NA,NA,4,0,0,17,17,13,0,0,0,0
5837,20260922,0,0,0,3,NA,7,3,NA,7,1,0,17,17,10,6,1,0,0
5838,20260922,0,0,0,NA,NA,4,NA,NA,4,0,0,17,17,13,0,0,0,0
5839,20260922,0,0,0,4,NA,8,4,NA,8,1,0,17,17,9,5,7,0,0
5840,20260922,0,0,0,3,NA,7,3,NA,7,1,0,17,17,10,6,1,0,0
5841,20260922,0,0,0,NA,NA,4,NA,NA,4,0,0,17,17,13,0,0,0,0
5842,20260922,0,0,0,NA,NA,4,NA,NA,4,0,0,17,17,13,0,0,0,0
5843,20260922,0,0,0,3,NA,7,3,NA,7,1,0,17,17,10,6,1,0,0
5844,20260922,0,0,0,NA,NA,4,NA,NA,4,0,0,17,17,13,0,0,0,0
5845,20260922,1,1,0,1,4,4,1,4,4,4,0,17,17,13,2124,4369,0,4369
5846,20260922,1,1,0,1,4,4,1,4,4,4,0,17,17,13,2124,4369,0,4369
5847,20260922,0,0,0,NA,NA,4,NA,NA,4,0,0,17,17,13,0,0,0,0
5848,20260922,0,0,0,NA,NA,4,NA,NA,4,0,0,17,17,13,0,0,0,0
5849,20260922,1,1,0,1,4,4,1,4,4,4,0,17,17,13,2124,4369,0,4369
5850,20260922,0,0,0,NA,NA,4,NA,NA,4,0,0,17,17,13,0,0,0,0
5851,20260922,0,0,0,NA,NA,4,NA,NA,4,0,0,17,17,13,0,0,0,0
5852,20260922,1,1,0,1,4,4,1,4,4,4,0,17,17,13,2124,4369,0,4369
5853,20260922,0,0,0,NA,NA,4,NA,NA,4,0,0,17,17,13,0,0,0,0
5854,20260922,0,0,0,NA,NA,4,NA,NA,4,0,0,17,17,13,0,0,0,0
5855,20260922,1,1,0,1,4,4,1,4,4,4,0,17,17,13,2124,12563,0,4369
5856,20260922,1,1,0,2,6,6,2,6,6,4,0,17,17,11,72,4369,0,4369
5857,20260922,1,1,0,1,4,4,1,4,4,4,0,17,17,13,2124,4369,0,4369
5858,20260922,0,0,0,NA,NA,4,NA,NA,4,0,0,17,17,13,0,0,0,0
5859,20260922,1,1,0,1,4,4,1,4,4,4,0,17,17,13,2124,4369,0,4369
5860,20260922,0,0,0,NA,NA,4,NA,NA,4,0,0,17,17,13,0,0,0,0
5861,20260922,1,1,0,2,6,6,2,6,6,4,0,17,17,11,72,4369,0,4369
5862,20260922,1,1,0,1,4,4,1,4,4,4,0,17,17,13,2124,12563,0,4369
5863,20260922,1,1,0,1,4,4,1,4,4,4,0,17,17,13,2124,4369,0,4369
5864,20260922,1,1,0,1,4,4,1,4,4,4,0,17,17,13,2124,4369,0,4369
5865,20260922,0,0,0,NA,NA,4,NA,NA,4,0,0,17,17,13,0,0,0,0
5866,20260922,1,1,0,1,4,4,1,4,4,4,0,17,17,13,2124,12563,0,4369
5867,20260922,1,1,0,1,4,4,1,4,4,4,0,17,17,13,2124,4369,0,4369
5868,20260922,1,1,0,1,4,4,1,4,4,4,0,17,17,13,2124,4913,0,17476
5869,20260922,1,1,0,3,12,12,3,12,12,4,0,17,17,5,3294,4369,3294,4369
5870,20260922,1,1,0,3,12,12,3,12,12,4,0,17,17,5,3294,4369,3294,4369
5871,20260922,0,0,0,3,NA,7,3,NA,7,1,0,17,17,10,6,2,0,0
5872,20260922,0,0,0,NA,NA,4,NA,NA,4,0,0,17,17,13,0,0,0,0
5873,20260922,1,1,0,1,4,4,1,4,4,4,0,17,17,13,2124,4913,0,17476
5874,20260922,0,0,0,NA,NA,4,NA,NA,4,0,0,17,17,13,0,0,0,0
5875,20260922,0,0,0,NA,NA,4,NA,NA,4,0,0,17,17,13,0,0,0,0
5876,20260922,0,0,0,NA,NA,4,NA,NA,4,0,0,17,17,13,0,0,0,0
5877,20260922,0,0,0,4,NA,8,4,NA,8,1,0,17,17,9,5,7,0,0
5878,20260922,0,0,0,3,NA,7,3,NA,7,1,0,17,17,10,6,1,0,0
5879,20260922,0,0,0,NA,NA,4,NA,NA,4,0,0,17,17,13,0,0,0,0
5880,20260922,1,1,0,3,12,12,3,12,12,4,0,17,17,5,3294,4369,3294,4369
5881,20260922,0,0,0,4,NA,8,4,NA,8,1,0,17,17,9,5,2,0,0
5882,20260922,1,1,0,1,4,4,1,4,4,4,0,17,17,13,2124,4369,0,4369
5883,20260922,1,1,0,1,4,4,1,4,4,4,0,17,17,13,2124,4913,0,17476
5884,20260922,0,0,0,NA,NA,4,NA,NA,4,0,0,17,17,13,0,0,0,0
5885,20260922,1,1,0,1,6,6,1,6,6,4,0,17,17,11,2052,5729,0,26214
5886,20260922,1,1,0,2,6,6,2,6,6,4,0,17,17,11,72,4369,0,4369
5887,20260922,0,0,0,NA,NA,4,NA,NA,4,0,0,17,17,13,0,0,0,0
5888,20260922,1,1,0,2,8,8,2,8,8,4,0,17,17,9,0,8738,0,8738
5889,20260922,0,0,0,NA,NA,4,NA,NA,4,0,0,17,17,13,0,0,0,0
5890,20260922,0,0,0,NA,NA,4,NA,NA,4,0,0,17,17,13,0,0,0,0
5891,20260922,0,0,0,NA,NA,4,NA,NA,4,0,0,17,17,13,0,0,0,0
5892,20260922,1,1,0,1,4,4,1,4,4,4,0,17,17,13,2124,4369,0,4369
5893,20260922,1,1,0,1,4,4,1,4,4,4,0,17,17,13,2124,4369,0,4369
5894,20260922,1,1,0,1,6,6,1,6,6,4,0,17,17,11,2052,5729,0,26214
5895,20260922,0,0,0,3,NA,7,3,NA,7,1,0,17,17,10,6,1,0,0
5896,20260922,0,0,0,NA,NA,4,NA,NA,4,0,0,17,17,13,0,0,0,0
5897,20260922,1,1,0,2,6,6,2,6,6,4,0,17,17,11,72,4369,0,4369
5898,20260922,1,1,0,1,4,4,1,4,4,4,0,17,17,13,2124,4369,0,4369
5899,20260922,1,1,0,1,4,4,1,4,4,4,0,17,17,13,2124,12563,0,4369
5900,20260922,1,1,0,3,12,12,3,12,12,4,0,17,17,5,3294,4369,3294,4369
5901,20260922,0,0,0,NA,NA,4,NA,NA,4,0,0,17,17,13,0,0,0,0
5902,20260922,1,1,0,1,4,4,1,4,4,4,0,17,17,13,2124,12563,2124,12563
5903,20260922,1,1,0,1,4,4,1,4,4,4,0,17,17,13,2124,4369,0,4369
5904,20260922,0,0,0,NA,NA,4,NA,NA,4,0,0,17,17,13,0,0,0,0
5905,20260922,1,1,0,1,4,4,1,4,4,4,0,17,17,13,2124,4369,0,4369
5906,20260922,0,0,0,NA,NA,4,NA,NA,4,0,0,17,17,13,0,0,0,0
5907,20260922,1,1,0,1,6,6,1,6,6,4,0,17,17,11,2052,5729,0,26214
5908,20260922,0,0,0,NA,NA,4,NA,NA,4,0,0,17,17,13,0,0,0,0
5909,20260922,0,0,0,4,NA,8,4,NA,8,1,0,17,17,9,5,2,0,0
5910,20260922,0,0,0,3,NA,7,3,NA,7,1,0,17,17,10,6,1,0,0
5911,20260922,0,0,0,NA,NA,4,NA,NA,4,0,0,17,17,13,0,0,0,0
5912,20260922,0,0,0,NA,NA,4,NA,NA,4,0,0,17,17,13,0,0,0,0
5913,20260922,1,1,0,1,4,4,1,4,4,4,0,17,17,13,2124,4369,0,4369
5914,20260922,0,0,0,NA,NA,4,NA,NA,4,0,0,17,17,13,0,0,0,0
5915,20260922,1,1,0,2,6,6,2,6,6,4,0,17,17,11,72,4369,0,4369
5916,20260922,0,0,0,NA,NA,4,NA,NA,4,0,0,17,17,13,0,0,0,0
5917,20260922,1,1,0,3,12,12,3,12,12,4,0,17,17,5,3294,4913,3294,4913
5918,20260922,1,1,0,1,4,4,1,4,4,4,0,17,17,13,2124,4369,0,4369
5919,20260922,1,1,0,1,4,4,1,4,4,4,0,17,17,13,2124,4369,0,4369
5920,20260922,1,1,0,2,6,6,2,6,6,4,0,17,17,11,72,4369,0,4369
5921,20260922,1,1,0,1,4,4,1,4,4,4,0,17,17,13,2124,12563,0,4369
5922,20260922,1,1,0,2,6,6,2,6,6,4,0,17,17,11,72,4369,0,4369
5923,20260922,1,1,0,1,6,6,1,6,6,4,0,17,17,11,2052,5185,0,17476
5924,20260922,0,0,0,NA,NA,4,NA,NA,4,0,0,17,17,13,0,0,0,0
5925,20260922,1,1,0,2,6,6,2,6,6,4,0,17,17,11,72,4369,0,4369
5926,20260922,1,1,0,1,4,4,1,4,4,4,0,17,17,13,2124,4369,0,4369
5927,20260922,0,0,0,NA,NA,4,NA,NA,4,0,0,17,17,13,0,0,0,0
5928,20260922,0,0,0,4,NA,8,4,NA,8,1,0,17,17,9,5,7,0,0
5929,20260922,0,0,0,3,NA,7,3,NA,7,1,0,17,17,10,6,1,0,0
5930,20260922,1,1,0,2,6,6,2,6,6,4,0,17,17,11,72,4369,0,4369
5931,20260922,1,1,0,1,4,4,1,4,4,4,0,17,17,13,2124,4369,0,4369
5932,20260922,0,0,0,3,NA,7,3,NA,7,1,0,17,17,10,6,1,0,0
5933,20260922,0,0,0,NA,NA,4,NA,NA,4,0,0,17,17,13,0,0,0,0
5934,20260922,1,1,0,1,4,4,1,4,4,4,0,17,17,13,2124,4369,0,4369
5935,20260922,1,1,0,1,4,4,1,4,4,4,0,17,17,13,2124,12563,0,4369
5936,20260922,1,1,0,2,6,6,2,6,6,4,0,17,17,11,72,4369,0,4369
5937,20260922,0,0,0,3,NA,7,3,NA,7,1,0,17,17,10,6,1,0,0
5938,20260922,0,0,0,NA,NA,4,NA,NA,4,0,0,17,17,13,0,0,0,0
5939,20260922,0,0,0,NA,NA,4,NA,NA,4,0,0,17,17,13,0,0,0,0
5940,20260922,1,1,0,1,6,6,1,6,6,4,0,17,17,11,2052,9554,0,21845
5941,20260922,1,1,0,1,4,4,1,4,4,4,0,17,17,13,2124,4369,0,4369
5942,20260922,0,0,0,NA,NA,4,NA,NA,4,0,0,17,17,13,0,0,0,0
5943,20260922,0,0,0,NA,NA,4,NA,NA,4,0,0,17,17,13,0,0,0,0
5944,20260922,0,0,0,NA,NA,4,NA,NA,4,0,0,17,17,13,0,0,0,0
5945,20260922,0,0,0,NA,NA,4,NA,NA,4,0,0,17,17,13,0,0,0,0
5946,20260922,0,0,0,NA,NA,4,NA,NA,4,0,0,17,17,13,0,0,0,0
5947,20260922,0,0,0,4,NA,8,4,NA,8,1,0,17,17,9,5,1,0,0
5948,20260922,1,1,0,1,4,4,1,4,4,4,0,17,17,13,2124,4369,0,4369
5949,20260922,0,0,0,NA,NA,4,NA,NA,4,0,0,17,17,13,0,0,0,0
5950,20260922,1,1,0,1,4,4,1,4,4,4,0,17,17,13,2124,4369,0,4369
5951,20260922,0,0,0,3,NA,7,3,NA,7,1,0,17,17,10,6,1,0,0
5952,20260922,0,0,0,NA,NA,4,NA,NA,4,0,0,17,17,13,0,0,0,0
5953,20260922,0,0,0,NA,NA,4,NA,NA,4,0,0,17,17,13,0,0,0,0
5954,20260922,0,0,0,3,NA,7,3,NA,7,1,0,17,17,10,6,1,0,0
5955,20260922,0,0,0,3,NA,7,3,NA,7,1,0,17,17,10,6,1,0,0
5956,20260922,0,0,0,3,NA,7,3,NA,7,1,0,17,17,10,6,3,0,0
5957,20260922,0,0,0,NA,NA,4,NA,NA,4,0,0,17,17,13,0,0,0,0
5958,20260922,0,0,0,NA,NA,4,NA,NA,4,0,0,17,17,13,0,0,0,0
5959,20260922,0,0,0,3,NA,7,3,NA,7,1,0,17,17,10,6,3,0,0
5960,20260922,0,0,0,NA,NA,4,NA,NA,4,0,0,17,17,13,0,0,0,0
5961,20260922,0,0,0,NA,NA,4,NA,NA,4,0,0,17,17,13,0,0,0,0
5962,20260922,1,1,0,1,4,4,1,4,4,4,0,17,17,13,2124,4369,0,4369
5963,20260922,0,0,0,NA,NA,4,NA,NA,4,0,0,17,17,13,0,0,0,0
5964,20260922,0,0,0,NA,NA,4,NA,NA,4,0,0,17,17,13,0,0,0,0
5965,20260922,1,1,0,2,8,8,2,8,8,4,0,17,17,9,0,8738,0,8738
5966,20260922,0,0,0,NA,NA,4,NA,NA,4,0,0,17,17,13,0,0,0,0
5967,20260922,0,0,0,NA,NA,4,NA,NA,4,0,0,17,17,13,0,0,0,0
5968,20260922,0,0,0,NA,NA,4,NA,NA,4,0,0,17,17,13,0,0,0,0
5969,20260922,1,1,0,3,12,12,3,12,12,4,0,17,17,5,3294,4369,3294,4369
5970,20260922,0,0,0,NA,NA,4,NA,NA,4,0,0,17,17,13,0,0,0,0
5971,20260922,0,0,0,3,NA,7,3,NA,7,1,0,17,17,10,6,1,0,0
5972,20260922,1,1,0,1,4,4,1,4,4,4,0,17,17,13,2124,4369,0,4369
5973,20260922,1,1,0,1,4,4,1,4,4,4,0,17,17,13,2124,4369,0,4369
5974,20260922,0,0,0,NA,NA,4,NA,NA,4,0,0,17,17,13,0,0,0,0
5975,20260922,1,1,0,1,4,4,1,4,4,4,0,17,17,13,2124,4369,0,4369
5976,20260922,0,0,0,NA,NA,4,NA,NA,4,0,0,17,17,13,0,0,0,0
5977,20260922,0,0,0,NA,NA,4,NA,NA,4,0,0,17,17,13,0,0,0,0
5978,20260922,1,1,0,1,4,4,1,4,4,4,0,17,17,13,2124,4369,0,4369
5979,20260922,0,0,0,NA,NA,4,NA,NA,4,0,0,17,17,13,0,0,0,0
5980,20260922,0,0,0,3,NA,7,3,NA,7,1,0,17,17,10,6,1,0,0
5981,20260922,0,0,0,NA,NA,4,NA,NA,4,0,0,17,17,13,0,0,0,0
5982,20260922,0,0,0,NA,NA,4,NA,NA,4,0,0,17,17,13,0,0,0,0
5983,20260922,1,1,0,1,4,4,1,4,4,4,0,17,17,13,2124,4369,0,4369
5984,20260922,1,1,0,1,4,4,1,4,4,4,0,17,17,13,2124,12563,0,4369
5985,20260922,1,1,0,2,6,6,2,6,6,4,0,17,17,11,72,4369,0,4369
5986,20260922,1,1,0,1,4,4,1,4,4,4,0,17,17,13,2124,4913,0,17476
5987,20260922,1,1,0,3,12,12,3,12,12,4,0,17,17,5,3294,4369,3294,4369
5988,20260922,1,1,0,2,6,6,2,6,6,4,0,17,17,11,72,4369,0,4369
5989,20260922,1,1,0,1,4,4,1,4,4,4,0,17,17,13,2124,4369,0,4369
5990,20260922,1,1,0,1,4,4,1,4,4,4,0,17,17,13,2124,4913,0,17476
5991,20260922,0,0,0,3,NA,7,3,NA,7,1,0,17,17,10,6,1,0,0
5992,20260922,1,1,0,1,4,4,1,4,4,4,0,17,17,13,2124,4369,0,4369
5993,20260922,1,1,0,1,4,4,1,4,4,4,0,17,17,13,2124,4913,0,21845
5994,20260922,1,1,0,1,6,6,1,6,6,4,0,17,17,11,2052,12835,0,8738
5995,20260922,1,1,0,2,8,8,2,8,8,4,0,17,17,9,0,21845,0,21845
5996,20260922,0,0,0,NA,NA,4,NA,NA,4,0,0,17,17,13,0,0,0,0
5997,20260922,0,0,0,NA,NA,4,NA,NA,4,0,0,17,17,13,0,0,0,0
5998,20260922,0,0,0,NA,NA,4,NA,NA,4,0,0,17,17,13,0,0,0,0
5999,20260922,0,0,0,NA,NA,4,NA,NA,4,0,0,17,17,13,0,0,0,0
6000,20260922,0,0,0,4,NA,11,4,NA,11,2,0,17,17,6,29,21,0,0
6001,20260922,1,1,0,1,4,4,1,4,4,4,0,17,17,13,2124,4641,0,8738
6002,20260922,0,0,0,4,NA,8,4,NA,8,1,0,17,17,9,5,2,0,0
6003,20260922,0,0,0,NA,NA,4,NA,NA,4,0,0,17,17,13,0,0,0,0
6004,20260922,1,1,0,1,6,6,1,6,6,4,0,17,17,11,2052,5185,0,17476
6005,20260922,1,1,0,1,4,4,1,4,4,4,0,17,17,13,2124,4369,0,4369
6006,20260922,0,0,0,NA,NA,4,NA,NA,4,0,0,17,17,13,0,0,0,0
6007,20260922,0,0,0,NA,NA,4,NA,NA,4,0,0,17,17,13,0,0,0,0
6008,20260922,0,0,0,NA,NA,4,NA,NA,4,0,0,17,17,13,0,0,0,0
6009,20260922,0,0,0,NA,NA,4,NA,NA,4,0,0,17,17,13,0,0,0,0
6010,20260922,0,0,0,NA,NA,4,NA,NA,4,0,0,17,17,13,0,0,0,0
6011,20260922,1,1,0,1,6,6,1,6,6,4,0,17,17,11,2052,5185,0,17476
6012,20260922,0,0,0,3,NA,7,3,NA,7,1,0,17,17,10,6,1,0,0
6013,20260922,1,1,0,1,4,4,1,4,4,4,0,17,17,13,2124,4369,0,4369
6014,20260922,0,0,0,NA,NA,4,NA,NA,4,0,0,17,17,13,0,0,0,0
6015,20260922,1,1,0,1,4,4,1,4,4,4,0,17,17,13,2124,4369,0,4369
6016,20260922,0,0,0,NA,NA,4,NA,NA,4,0,0,17,17,13,0,0,0,0
6017,20260922,1,1,0,1,4,4,1,4,4,4,0,17,17,13,2124,12563,0,4369
6018,20260922,0,0,0,3,NA,7,3,NA,7,1,0,17,17,10,6,1,0,0
6019,20260922,0,0,0,NA,NA,4,NA,NA,4,0,0,17,17,13,0,0,0,0
6020,20260922,1,1,0,2,6,6,2,6,6,4,0,17,17,11,72,4369,0,4369
6021,20260922,1,1,0,2,6,6,2,6,6,4,0,17,17,11,72,17204,0,17476
6022,20260922,0,0,0,NA,NA,4,NA,NA,4,0,0,17,17,13,0,0,0,0
6023,20260922,0,0,0,4,NA,8,4,NA,8,1,0,17,17,9,5,3,0,0
6024,20260922,1,1,0,2,6,6,2,6,6,4,0,17,17,11,72,4369,0,4369
6025,20260922,1,1,0,1,4,4,1,4,4,4,0,17,17,13,2124,4369,0,4369
6026,20260922,1,1,0,1,6,6,1,6,6,4,0,17,17,11,2052,5729,0,26214
6027,20260922,1,1,0,1,4,4,1,4,4,4,0,17,17,13,2124,4369,0,4369
6028,20260922,1,1,0,2,6,6,2,6,6,4,0,17,17,11,72,4369,0,4369
6029,20260922,1,1,0,2,8,8,2,8,8,4,0,17,17,9,0,21845,0,21845
6030,20260922,0,0,0,NA,NA,4,NA,NA,4,0,0,17,17,13,0,0,0,0
6031,20260922,0,0,0,NA,NA,4,NA,NA,4,0,0,17,17,13,0,0,0,0
6032,20260922,0,0,0,NA,NA,4,NA,NA,4,0,0,17,17,13,0,0,0,0
6033,20260922,1,1,0,1,4,4,1,4,4,4,0,17,17,13,2124,4369,0,4369
6034,20260922,1,1,0,1,4,4,1,4,4,4,0,17,17,13,2124,4369,0,4369
6035,20260922,1,1,0,1,6,6,1,6,6,4,0,17,17,11,2052,5729,0,26214
6036,20260922,0,0,0,NA,NA,4,NA,NA,4,0,0,17,17,13,0,0,0,0
6037,20260922,0,0,0,3,NA,7,3,NA,7,1,0,17,17,10,6,2,0,0
6038,20260922,1,1,0,1,4,4,1,4,4,4,0,17,17,13,2124,12563,0,4369
6039,20260922,1,1,0,2,6,6,2,6,6,4,0,17,17,11,72,4369,0,4369
6040,20260922,0,0,0,NA,NA,4,NA,NA,4,0,0,17,17,13,0,0,0,0
6041,20260922,1,1,0,2,6,6,2,6,6,4,0,17,17,11,72,8738,0,8738
6042,20260922,0,0,0,NA,NA,4,NA,NA,4,0,0,17,17,13,0,0,0,0
6043,20260922,1,1,0,2,8,8,2,8,8,4,0,17,17,9,0,17476,0,17476
6044,20260922,1,1,0,1,4,4,1,4,4,4,0,17,17,13,2124,4369,0,4369
6045,20260922,1,1,0,1,4,4,1,4,4,4,0,17,17,13,2124,12563,0,4369
6046,20260922,0,0,0,NA,NA,4,NA,NA,4,0,0,17,17,13,0,0,0,0
6047,20260922,1,1,0,2,8,8,2,8,8,4,0,17,17,9,0,17476,0,17476
6048,20260922,1,1,0,3,12,12,3,12,12,4,0,17,17,5,3294,4369,3294,4369
6049,20260922,0,0,0,NA,NA,4,NA,NA,4,0,0,17,17,13,0,0,0,0
6050,20260922,0,0,0,NA,NA,4,NA,NA,4,0,0,17,17,13,0,0,0,0
6051,20260922,0,0,0,NA,NA,4,NA,NA,4,0,0,17,17,13,0,0,0,0
6052,20260922,1,1,0,1,4,4,1,4,4,4,0,17,17,13,2124,4369,0,4369
6053,20260922,0,0,0,NA,NA,4,NA,NA,4,0,0,17,17,13,0,0,0,0
6054,20260922,0,0,0,NA,NA,4,NA,NA,4,0,0,17,17,13,0,0,0,0
6055,20260922,0,0,0,NA,NA,4,NA,NA,4,0,0,17,17,13,0,0,0,0
6056,20260922,1,1,0,1,4,4,1,4,4,4,0,17,17,13,2124,12563,0,13107
6057,20260922,1,1,0,3,12,12,3,12,12,4,0,17,17,5,3294,4369,3294,4369
6058,20260922,1,1,0,1,4,4,1,4,4,4,0,17,17,13,2124,4369,0,4369
6059,20260922,0,0,0,NA,NA,4,NA,NA,4,0,0,17,17,13,0,0,0,0
6060,20260922,1,1,0,1,4,4,1,4,4,4,0,17,17,13,2124,4369,0,4369
6061,20260922,0,0,0,NA,NA,4,NA,NA,4,0,0,17,17,13,0,0,0,0
6062,20260922,1,1,0,1,6,6,1,6,6,4,0,17,17,11,2052,5185,0,17476
6063,20260922,0,0,0,NA,NA,4,NA,NA,4,0,0,17,17,13,0,0,0,0
6064,20260922,1,1,0,1,4,4,1,4,4,4,0,17,17,13,2124,4369,0,4369
6065,20260922,0,0,0,4,NA,8,4,NA,8,1,0,17,17,9,5,8,0,0
6066,20260922,1,1,0,1,4,4,1,4,4,4,0,17,17,13,2124,4369,0,4369
6067,20260922,0,0,0,NA,NA,4,NA,NA,4,0,0,17,17,13,0,0,0,0
6068,20260922,0,0,0,NA,NA,4,NA,NA,4,0,0,17,17,13,0,0,0,0
6069,20260922,0,0,0,NA,NA,4,NA,NA,4,0,0,17,17,13,0,0,0,0
6070,20260922,1,1,0,1,4,4,1,4,4,4,0,17,17,13,2124,4369,0,4369
6071,20260922,0,0,0,NA,NA,4,NA,NA,4,0,0,17,17,13,0,0,0,0
6072,20260922,1,1,0,1,4,4,1,4,4,4,0,17,17,13,2124,4913,0,17476
6073,20260922,1,1,0,2,6,6,2,6,6,4,0,17,17,11,72,4369,0,4369
6074,20260922,0,0,0,NA,NA,4,NA,NA,4,0,0,17,17,13,0,0,0,0
6075,20260922,0,0,0,NA,NA,4,NA,NA,4,0,0,17,17,13,0,0,0,0
6076,20260922,1,1,0,1,6,6,1,6,6,4,0,17,17,11,2052,5729,0,26214
6077,20260922,1,1,0,1,4,4,1,4,4,4,0,17,17,13,2124,4369,0,4369
6078,20260922,1,1,0,2,6,6,2,6,6,4,0,17,17,11,72,4369,0,4369
6079,20260922,0,0,0,NA,NA,4,NA,NA,4,0,0,17,17,13,0,0,0,0
6080,20260922,1,1,0,3,12,12,3,12,12,4,0,17,17,5,3294,4369,3294,4369
6081,20260922,0,0,0,3,NA,7,3,NA,7,1,0,17,17,10,6,1,0,0
6082,20260922,1,1,0,2,8,8,2,8,8,4,0,17,17,9,0,21845,0,21845
6083,20260922,1,1,0,1,6,6,1,6,6,4,0,17,17,11,2052,12835,0,8738
6084,20260922,1,1,0,1,4,4,1,4,4,4,0,17,17,13,2124,4369,0,4369
6085,20260922,0,0,0,3,NA,7,3,NA,7,1,0,17,17,10,6,2,0,0
6086,20260922,0,0,0,3,NA,7,3,NA,7,1,0,17,17,10,6,1,0,0
6087,20260922,0,0,0,NA,NA,4,NA,NA,4,0,0,17,17,13,0,0,0,0
6088,20260922,0,0,0,3,NA,7,3,NA,7,1,0,17,17,10,6,1,0,0
6089,20260922,0,0,0,NA,NA,4,NA,NA,4,0,0,17,17,13,0,0,0,0
6090,20260922,0,0,0,NA,NA,4,NA,NA,4,0,0,17,17,13,0,0,0,0
6091,20260922,1,1,0,1,4,4,1,4,4,4,0,17,17,13,2124,4369,0,4369
6092,20260922,0,0,0,NA,NA,4,NA,NA,4,0,0,17,17,13,0,0,0,0
6093,20260922,0,0,0,NA,NA,4,NA,NA,4,0,0,17,17,13,0,0,0,0
6094,20260922,0,0,0,NA,NA,4,NA,NA,4,0,0,17,17,13,0,0,0,0
6095,20260922,0,0,0,NA,NA,4,NA,NA,4,0,0,17,17,13,0,0,0,0
6096,20260922,0,0,0,NA,NA,4,NA,NA,4,0,0,17,17,13,0,0,0,0
6097,20260922,0,0,0,NA,NA,4,NA,NA,4,0,0,17,17,13,0,0,0,0
6098,20260922,1,1,0,1,4,4,1,4,4,4,0,17,17,13,2124,4369,0,4369
6099,20260922,0,0,0,NA,NA,4,NA,NA,4,0,0,17,17,13,0,0,0,0
6100,20260922,1,1,0,1,4,4,1,4,4,4,0,17,17,13,2124,12563,0,4369
6101,20260922,1,1,0,2,8,8,2,8,8,4,0,17,17,9,0,21845,0,21845
6102,20260922,0,0,0,NA,NA,4,NA,NA,4,0,0,17,17,13,0,0,0,0
6103,20260922,0,0,0,NA,NA,4,NA,NA,4,0,0,17,17,13,0,0,0,0
6104,20260922,1,1,0,1,4,4,1,4,4,4,0,17,17,13,2124,4369,0,4369
6105,20260922,0,0,0,3,NA,7,3,NA,7,1,0,17,17,10,6,1,0,0
6106,20260922,1,1,0,1,4,4,1,4,4,4,0,17,17,13,2124,4369,0,4369
6107,20260922,0,0,0,4,NA,8,4,NA,8,1,0,17,17,9,5,9,0,0
6108,20260922,1,1,0,1,4,4,1,4,4,4,0,17,17,13,2124,4369,0,4369
6109,20260922,0,0,0,3,NA,7,3,NA,7,1,0,17,17,10,6,2,0,0
6110,20260922,0,0,0,NA,NA,4,NA,NA,4,0,0,17,17,13,0,0,0,0
6111,20260922,1,1,0,1,4,4,1,4,4,4,0,17,17,13,2124,4369,0,4369
6112,20260922,1,1,0,1,4,4,1,4,4,4,0,17,17,13,2124,4913,0,17476
6113,20260922,1,1,0,1,4,4,1,4,4,4,0,17,17,13,2124,4913,0,17476
6114,20260922,0,0,0,NA,NA,4,NA,NA,4,0,0,17,17,13,0,0,0,0
6115,20260922,1,1,0,1,4,4,1,4,4,4,0,17,17,13,2124,4369,0,4369
6116,20260922,1,1,0,2,6,6,2,6,6,4,0,17,17,11,72,4369,0,4369
6117,20260922,0,0,0,NA,NA,4,NA,NA,4,0,0,17,17,13,0,0,0,0
6118,20260922,1,1,0,2,6,6,2,6,6,4,0,17,17,11,72,4369,0,4369
6119,20260922,0,0,0,NA,NA,4,NA,NA,4,0,0,17,17,13,0,0,0,0
6120,20260922,1,1,0,1,4,4,1,4,4,4,0,17,17,13,2124,4369,0,4369
6121,20260922,1,1,0,1,4,4,1,4,4,4,0,17,17,13,2124,4369,0,4369
6122,20260922,0,0,0,NA,NA,4,NA,NA,4,0,0,17,17,13,0,0,0,0
6123,20260922,1,1,0,1,4,4,1,4,4,4,0,17,17,13,2124,4369,0,4369
6124,20260922,0,0,0,3,NA,7,3,NA,7,1,0,17,17,10,6,1,0,0
6125,20260922,0,0,0,NA,NA,4,NA,NA,4,0,0,17,17,13,0,0,0,0
6126,20260922,1,1,0,1,4,4,1,4,4,4,0,17,17,13,2124,4369,0,4369
6127,20260922,1,1,0,1,6,6,1,6,6,4,0,17,17,11,2052,5185,0,17476
6128,20260922,1,1,0,1,6,6,1,6,6,4,0,17,17,11,2052,9554,0,21845
6129,20260922,0,0,0,NA,NA,4,NA,NA,4,0,0,17,17,13,0,0,0,0
6130,20260922,1,1,0,1,4,4,1,4,4,4,0,17,17,13,2124,4369,0,4369
6131,20260922,1,1,0,1,4,4,1,4,4,4,0,17,17,13,2124,4913,0,17476
6132,20260922,0,0,0,4,NA,11,4,NA,11,2,0,17,17,6,29,18,0,0
6133,20260922,1,1,0,1,4,4,1,4,4,4,0,17,17,13,2124,4913,0,17476
6134,20260922,1,1,0,1,6,6,1,6,6,4,0,17,17,11,2052,5185,0,17476
6135,20260922,0,0,0,NA,NA,4,NA,NA,4,0,0,17,17,13,0,0,0,0
6136,20260922,1,1,0,2,6,6,2,6,6,4,0,17,17,11,72,4369,0,4369
6137,20260922,0,0,0,3,NA,7,3,NA,7,1,0,17,17,10,6,1,0,0
6138,20260922,0,0,0,NA,NA,4,NA,NA,4,0,0,17,17,13,0,0,0,0
6139,20260922,1,1,0,1,4,4,1,4,4,4,0,17,17,13,2124,4369,0,4369
6140,20260922,1,1,0,1,4,4,1,4,4,4,0,17,17,13,2124,4369,0,4369
6141,20260922,0,0,0,NA,NA,4,NA,NA,4,0,0,17,17,13,0,0,0,0
6142,20260922,0,0,0,NA,NA,4,NA,NA,4,0,0,17,17,13,0,0,0,0
6143,20260922,0,0,0,NA,NA,4,NA,NA,4,0,0,17,17,13,0,0,0,0
6144,20260922,0,0,0,NA,NA,4,NA,NA,4,0,0,17,17,13,0,0,0,0
6145,20260922,0,0,0,3,NA,7,3,NA,7,1,0,17,17,10,6,1,0,0
6146,20260922,1,1,0,1,4,4,1,4,4,4,0,17,17,13,2124,4369,0,4369
6147,20260922,0,0,0,4,NA,8,4,NA,8,1,0,17,17,9,5,9,0,0
6148,20260922,0,0,0,NA,NA,4,NA,NA,4,0,0,17,17,13,0,0,0,0
6149,20260922,0,0,0,NA,NA,4,NA,NA,4,0,0,17,17,13,0,0,0,0
6150,20260922,1,1,0,1,4,4,1,4,4,4,0,17,17,13,2124,4369,0,4369
6151,20260922,0,0,0,NA,NA,4,NA,NA,4,0,0,17,17,13,0,0,0,0
6152,20260922,1,1,0,2,8,8,2,8,8,4,0,17,17,9,0,8738,0,8738
6153,20260922,1,1,0,1,4,4,1,4,4,4,0,17,17,13,2124,4369,0,4369
6154,20260922,0,0,0,NA,NA,4,NA,NA,4,0,0,17,17,13,0,0,0,0
6155,20260922,1,1,0,1,4,4,1,4,4,4,0,17,17,13,2124,4369,0,4369
6156,20260922,0,0,0,4,NA,8,4,NA,8,1,0,17,17,9,5,7,0,0
6157,20260922,0,0,0,NA,NA,4,NA,NA,4,0,0,17,17,13,0,0,0,0
6158,20260922,0,0,0,NA,NA,4,NA,NA,4,0,0,17,17,13,0,0,0,0
6159,20260922,0,0,0,4,NA,8,4,NA,8,1,0,17,17,9,5,4,0,0
6160,20260922,0,0,0,NA,NA,4,NA,NA,4,0,0,17,17,13,0,0,0,0
6161,20260922,0,0,0,NA,NA,4,NA,NA,4,0,0,17,17,13,0,0,0,0
6162,20260922,0,0,0,NA,NA,4,NA,NA,4,0,0,17,17,13,0,0,0,0
6163,20260922,0,0,0,NA,NA,4,NA,NA,4,0,0,17,17,13,0,0,0,0
6164,20260922,0,0,0,3,NA,7,3,NA,7,1,0,17,17,10,6,1,0,0
6165,20260922,0,0,0,NA,NA,4,NA,NA,4,0,0,17,17,13,0,0,0,0
6166,20260922,0,0,0,4,NA,8,4,NA,8,1,0,17,17,9,5,4,0,0
6167,20260922,1,1,0,1,4,4,1,4,4,4,0,17,17,13,2124,4369,0,4369
6168,20260922,0,0,0,NA,NA,4,NA,NA,4,0,0,17,17,13,0,0,0,0
6169,20260922,1,1,0,1,6,6,1,6,6,4,0,17,17,11,2052,5185,0,17476
6170,20260922,1,1,0,1,4,4,1,4,4,4,0,17,17,13,2124,4369,0,4369
6171,20260922,0,0,0,NA,NA,4,NA,NA,4,0,0,17,17,13,0,0,0,0
6172,20260922,1,1,0,1,6,6,1,6,6,4,0,17,17,11,2052,5729,0,26214
6173,20260922,1,1,0,1,4,4,1,4,4,4,0,17,17,13,2124,4369,0,4369
6174,20260922,0,0,0,NA,NA,4,NA,NA,4,0,0,17,17,13,0,0,0,0
6175,20260922,0,0,0,NA,NA,4,NA,NA,4,0,0,17,17,13,0,0,0,0
6176,20260922,1,1,0,1,6,6,1,6,6,4,0,17,17,11,2052,13107,0,13107
6177,20260922,0,0,0,NA,NA,4,NA,NA,4,0,0,17,17,13,0,0,0,0
6178,20260922,0,0,0,NA,NA,4,NA,NA,4,0,0,17,17,13,0,0,0,0
6179,20260922,1,1,0,1,6,6,1,6,6,4,0,17,17,11,2052,5729,0,26214
6180,20260922,0,0,0,NA,NA,4,NA,NA,4,0,0,17,17,13,0,0,0,0
6181,20260922,1,1,0,1,4,4,1,4,4,4,0,17,17,13,2124,4369,0,4369
6182,20260922,0,0,0,NA,NA,4,NA,NA,4,0,0,17,17,13,0,0,0,0
6183,20260922,1,1,0,1,4,4,1,4,4,4,0,17,17,13,2124,4369,0,4369
6184,20260922,1,1,0,1,6,6,1,6,6,4,0,17,17,11,2052,5729,0,26214
6185,20260922,1,1,0,1,6,6,1,6,6,4,0,17,17,11,2052,5729,0,26214
6186,20260922,0,0,0,NA,NA,4,NA,NA,4,0,0,17,17,13,0,0,0,0
6187,20260922,0,0,0,NA,NA,4,NA,NA,4,0,0,17,17,13,0,0,0,0
6188,20260922,0,0,0,NA,NA,4,NA,NA,4,0,0,17,17,13,0,0,0,0
6189,20260922,1,1,0,2,6,6,2,6,6,4,0,17,17,11,72,4369,0,4369
6190,20260922,1,1,0,2,6,6,2,6,6,4,0,17,17,11,72,4369,0,4369
6191,20260922,1,1,0,1,4,4,1,4,4,4,0,17,17,13,2124,12563,0,4369
6192,20260922,1,1,0,3,12,12,3,12,12,4,0,17,17,5,3294,4369,3294,4369
6193,20260922,0,0,0,3,NA,7,3,NA,7,1,0,17,17,10,6,1,0,0
6194,20260922,0,0,0,NA,NA,4,NA,NA,4,0,0,17,17,13,0,0,0,0
6195,20260922,1,1,0,1,4,4,1,4,4,4,0,17,17,13,2124,4369,0,4369
6196,20260922,1,1,0,1,4,4,1,4,4,4,0,17,17,13,2124,4641,0,8738
6197,20260922,1,1,0,1,4,4,1,4,4,4,0,17,17,13,2124,12563,0,4369
6198,20260922,1,1,0,1,6,6,1,6,6,4,0,17,17,11,2052,9554,0,21845
6199,20260922,0,0,0,NA,NA,4,NA,NA,4,0,0,17,17,13,0,0,0,0
6200,20260922,0,0,0,NA,NA,4,NA,NA,4,0,0,17,17,13,0,0,0,0
6201,20260922,1,1,0,1,6,6,1,6,6,4,0,17,17,11,2052,5185,0,17476
6202,20260922,1,1,0,1,4,4,1,4,4,4,0,17,17,13,2124,4369,0,4369
6203,20260922,1,1,0,1,6,6,1,6,6,4,0,17,17,11,2052,4369,0,4369
6204,20260922,0,0,0,NA,NA,4,NA,NA,4,0,0,17,17,13,0,0,0,0
6205,20260922,1,1,0,1,6,6,1,6,6,4,0,17,17,11,2052,5729,0,26214
6206,20260922,0,0,0,NA,NA,4,NA,NA,4,0,0,17,17,13,0,0,0,0
6207,20260922,1,1,0,1,6,6,1,6,6,4,0,17,17,11,2052,5729,0,26214
6208,20260922,0,0,0,3,NA,7,3,NA,7,1,0,17,17,10,6,1,0,0
6209,20260922,0,0,0,NA,NA,4,NA,NA,4,0,0,17,17,13,0,0,0,0
6210,20260922,0,0,0,3,NA,7,3,NA,7,1,0,17,17,10,6,3,0,0
6211,20260922,0,0,0,NA,NA,4,NA,NA,4,0,0,17,17,13,0,0,0,0
6212,20260922,1,1,0,1,4,4,1,4,4,4,0,17,17,13,2124,4369,0,4369
6213,20260922,1,1,0,1,6,6,1,6,6,4,0,17,17,11,2052,5729,0,26214
6214,20260922,1,1,0,2,6,6,2,6,6,4,0,17,17,11,72,4369,0,4369
6215,20260922,1,1,0,1,8,8,1,8,8,4,0,17,17,9,2268,8466,2196,8466
6216,20260922,0,0,0,NA,NA,4,NA,NA,4,0,0,17,17,13,0,0,0,0
6217,20260922,1,1,0,1,4,4,1,4,4,4,0,17,17,13,2124,4913,0,17476
6218,20260922,1,1,0,2,6,6,2,6,6,4,0,17,17,11,72,4369,0,4369
6219,20260922,0,0,0,3,NA,7,3,NA,7,1,0,17,17,10,6,1,0,0
6220,20260922,1,1,0,2,8,8,2,8,8,4,0,17,17,9,0,8738,0,8738
6221,20260922,1,1,0,1,4,4,1,4,4,4,0,17,17,13,2124,4369,0,4369
6222,20260922,1,1,0,1,4,4,1,4,4,4,0,17,17,13,2124,4369,0,4369
6223,20260922,0,0,0,NA,NA,4,NA,NA,4,0,0,17,17,13,0,0,0,0
6224,20260922,1,1,0,1,4,4,1,4,4,4,0,17,17,13,2124,4913,0,17476
6225,20260922,0,0,0,4,NA,8,4,NA,8,1,0,17,17,9,5,1,0,0
6226,20260922,1,1,0,1,6,6,1,6,6,4,0,17,17,11,2052,8466,0,4369
6227,20260922,0,0,0,NA,NA,4,NA,NA,4,0,0,17,17,13,0,0,0,0
6228,20260922,0,0,0,NA,NA,4,NA,NA,4,0,0,17,17,13,0,0,0,0
6229,20260922,0,0,0,NA,NA,4,NA,NA,4,0,0,17,17,13,0,0,0,0
6230,20260922,1,1,0,1,4,4,1,4,4,4,0,17,17,13,2124,4369,0,4369
6231,20260922,0,0,0,NA,NA,4,NA,NA,4,0,0,17,17,13,0,0,0,0
6232,20260922,1,1,0,2,6,6,2,6,6,4,0,17,17,11,72,4369,0,4369
6233,20260922,1,1,0,1,4,4,1,4,4,4,0,17,17,13,2124,4369,0,4369
6234,20260922,1,1,0,1,6,6,1,6,6,4,0,17,17,11,2052,5729,0,26214
6235,20260922,0,0,0,NA,NA,4,NA,NA,4,0,0,17,17,13,0,0,0,0
6236,20260922,1,1,0,1,6,6,1,6,6,4,0,17,17,11,2052,5729,0,26214
6237,20260922,0,0,0,NA,NA,4,NA,NA,4,0,0,17,17,13,0,0,0,0
6238,20260922,1,1,0,1,4,4,1,4,4,4,0,17,17,13,2124,4369,0,4369
6239,20260922,0,0,0,NA,NA,4,NA,NA,4,0,0,17,17,13,0,0,0,0
6240,20260922,1,1,0,2,8,8,2,8,8,4,0,17,17,9,0,21845,0,21845
6241,20260922,0,0,0,NA,NA,4,NA,NA,4,0,0,17,17,13,0,0,0,0
6242,20260922,1,1,0,1,4,4,1,4,4,4,0,17,17,13,2124,4369,0,4369
6243,20260922,0,0,0,1,NA,5,1,NA,5,1,0,17,17,12,4,2,0,0
6244,20260922,0,0,0,3,NA,7,3,NA,7,1,0,17,17,10,6,1,0,0
6245,20260922,1,1,0,1,4,4,1,4,4,4,0,17,17,13,2124,4369,0,4369
6246,20260922,0,0,0,NA,NA,4,NA,NA,4,0,0,17,17,13,0,0,0,0
6247,20260922,1,1,0,1,4,4,1,4,4,4,0,17,17,13,2124,4369,0,4369
6248,20260922,0,0,0,NA,NA,4,NA,NA,4,0,0,17,17,13,0,0,0,0
6249,20260922,0,0,0,NA,NA,4,NA,NA,4,0,0,17,17,13,0,0,0,0
6250,20260922,0,0,0,NA,NA,4,NA,NA,4,0,0,17,17,13,0,0,0,0
6251,20260922,1,1,0,2,6,6,2,6,6,4,0,17,17,11,72,4369,0,4369
6252,20260922,0,0,0,NA,NA,4,NA,NA,4,0,0,17,17,13,0,0,0,0
6253,20260922,1,1,0,1,4,4,1,4,4,4,0,17,17,13,2124,4369,0,4369
6254,20260922,1,1,0,1,4,4,1,4,4,4,0,17,17,13,2124,4369,0,4369
6255,20260922,1,1,0,1,4,4,1,4,4,4,0,17,17,13,2124,4369,0,4369
6256,20260922,0,0,0,NA,NA,4,NA,NA,4,0,0,17,17,13,0,0,0,0
6257,20260922,0,0,0,NA,NA,4,NA,NA,4,0,0,17,17,13,0,0,0,0
6258,20260922,1,1,0,1,6,6,1,6,6,4,0,17,17,11,2052,5185,0,17476
6259,20260922,0,0,0,NA,NA,4,NA,NA,4,0,0,17,17,13,0,0,0,0
6260,20260922,0,0,0,NA,NA,4,NA,NA,4,0,0,17,17,13,0,0,0,0
6261,20260922,1,1,0,1,4,4,1,4,4,4,0,17,17,13,2124,4913,0,17476
6262,20260922,1,1,0,3,12,12,3,12,12,4,0,17,17,5,3294,4369,3294,4369
6263,20260922,0,0,0,NA,NA,4,NA,NA,4,0,0,17,17,13,0,0,0,0
6264,20260922,0,0,0,NA,NA,4,NA,NA,4,0,0,17,17,13,0,0,0,0
6265,20260922,0,0,0,NA,NA,4,NA,NA,4,0,0,17,17,13,0,0,0,0
6266,20260922,0,0,0,NA,NA,4,NA,NA,4,0,0,17,17,13,0,0,0,0
6267,20260922,1,1,0,1,4,4,1,4,4,4,0,17,17,13,2124,4913,0,17476
6268,20260922,0,0,0,3,NA,7,3,NA,7,1,0,17,17,10,6,3,0,0
6269,20260922,0,0,0,NA,NA,4,NA,NA,4,0,0,17,17,13,0,0,0,0
6270,20260922,0,0,0,NA,NA,4,NA,NA,4,0,0,17,17,13,0,0,0,0
6271,20260922,0,0,0,NA,NA,4,NA,NA,4,0,0,17,17,13,0,0,0,0
6272,20260922,0,0,0,NA,NA,4,NA,NA,4,0,0,17,17,13,0,0,0,0
6273,20260922,0,0,0,3,NA,7,3,NA,7,1,0,17,17,10,6,1,0,0
6274,20260922,0,0,0,NA,NA,4,NA,NA,4,0,0,17,17,13,0,0,0,0
6275,20260922,0,0,0,NA,NA,4,NA,NA,4,0,0,17,17,13,0,0,0,0
6276,20260922,1,1,0,2,6,6,2,6,6,4,0,17,17,11,72,4369,0,4369
6277,20260922,0,0,0,NA,NA,4,NA,NA,4,0,0,17,17,13,0,0,0,0
6278,20260922,0,0,0,NA,NA,4,NA,NA,4,0,0,17,17,13,0,0,0,0
6279,20260922,0,0,0,NA,NA,4,NA,NA,4,0,0,17,17,13,0,0,0,0
6280,20260922,0,0,0,NA,NA,4,NA,NA,4,0,0,17,17,13,0,0,0,0
6281,20260922,0,0,0,NA,NA,4,NA,NA,4,0,0,17,17,13,0,0,0,0
6282,20260922,0,0,0,NA,NA,4,NA,NA,4,0,0,17,17,13,0,0,0,0
6283,20260922,1,1,0,2,6,6,2,6,6,4,0,17,17,11,72,4369,0,4369
6284,20260922,0,0,0,4,NA,11,4,NA,11,2,0,17,17,6,29,23,0,0
6285,20260922,0,0,0,NA,NA,4,NA,NA,4,0,0,17,17,13,0,0,0,0
6286,20260922,1,1,0,1,4,4,1,4,4,4,0,17,17,13,2124,4369,0,4369
6287,20260922,1,1,0,1,4,4,1,4,4,4,0,17,17,13,2124,4369,0,4369
6288,20260922,1,1,0,1,4,4,1,4,4,4,0,17,17,13,2124,4369,0,4369
6289,20260922,0,0,0,NA,NA,4,NA,NA,4,0,0,17,17,13,0,0,0,0
6290,20260922,0,0,0,NA,NA,4,NA,NA,4,0,0,17,17,13,0,0,0,0
6291,20260922,1,1,0,1,6,6,1,6,6,4,0,17,17,11,2052,5185,0,17476
6292,20260922,1,1,0,1,6,6,1,6,6,4,0,17,17,11,2052,5729,0,26214
6293,20260922,0,0,0,NA,NA,4,NA,NA,4,0,0,17,17,13,0,0,0,0
6294,20260922,0,0,0,4,NA,8,4,NA,8,1,0,17,17,9,5,6,0,0
6295,20260922,1,1,0,1,4,4,1,4,4,4,0,17,17,13,2124,12835,0,13107
6296,20260922,0,0,0,NA,NA,4,NA,NA,4,0,0,17,17,13,0,0,0,0
6297,20260922,0,0,0,NA,NA,4,NA,NA,4,0,0,17,17,13,0,0,0,0
6298,20260922,0,0,0,3,NA,7,3,NA,7,1,0,17,17,10,6,1,0,0
6299,20260922,1,1,0,1,4,4,1,4,4,4,0,17,17,13,2124,4369,0,4369
6300,20260922,0,0,0,NA,NA,4,NA,NA,4,0,0,17,17,13,0,0,0,0
6301,20260922,1,1,0,2,6,6,2,6,6,4,0,17,17,11,72,8738,0,8738
6302,20260922,1,1,0,1,4,4,1,4,4,4,0,17,17,13,2124,4369,0,4369
6303,20260922,1,1,0,3,12,12,3,12,12,4,0,17,17,5,3294,4369,3294,4369
6304,20260922,0,0,0,4,NA,8,4,NA,8,1,0,17,17,9,5,1,0,0
6305,20260922,1,1,0,3,12,12,3,12,12,4,0,17,17,5,3294,8466,3294,8466
6306,20260922,0,0,0,3,NA,7,3,NA,7,1,0,17,17,10,6,1,0,0
6307,20260922,0,0,0,NA,NA,4,NA,NA,4,0,0,17,17,13,0,0,0,0
6308,20260922,0,0,0,NA,NA,4,NA,NA,4,0,0,17,17,13,0,0,0,0
6309,20260922,0,0,0,NA,NA,4,NA,NA,4,0,0,17,17,13,0,0,0,0
6310,20260922,0,0,0,NA,NA,4,NA,NA,4,0,0,17,17,13,0,0,0,0
6311,20260922,1,1,0,1,4,4,1,4,4,4,0,17,17,13,2124,4369,0,4369
6312,20260922,0,0,0,NA,NA,4,NA,NA,4,0,0,17,17,13,0,0,0,0
6313,20260922,0,0,0,NA,NA,4,NA,NA,4,0,0,17,17,13,0,0,0,0
6314,20260922,0,0,0,NA,NA,4,NA,NA,4,0,0,17,17,13,0,0,0,0
6315,20260922,1,1,0,1,4,4,1,4,4,4,0,17,17,13,2124,4369,0,4369
6316,20260922,0,0,0,3,NA,7,3,NA,7,1,0,17,17,10,6,1,0,0
6317,20260922,1,1,0,1,4,4,1,4,4,4,0,17,17,13,2124,12563,0,4369
6318,20260922,1,1,0,1,4,4,1,4,4,4,0,17,17,13,2124,4369,0,4369
6319,20260922,1,1,0,1,4,4,1,4,4,4,0,17,17,13,2124,4369,0,4369
6320,20260922,0,0,0,NA,NA,4,NA,NA,4,0,0,17,17,13,0,0,0,0
6321,20260922,1,1,0,1,6,6,1,6,6,4,0,17,17,11,2052,5729,0,26214
6322,20260922,0,0,0,NA,NA,4,NA,NA,4,0,0,17,17,13,0,0,0,0
6323,20260922,1,1,0,2,8,8,2,8,8,4,0,17,17,9,0,17476,0,17476
6324,20260922,1,1,0,1,4,4,1,4,4,4,0,17,17,13,2124,4369,0,4369
6325,20260922,0,0,0,NA,NA,4,NA,NA,4,0,0,17,17,13,0,0,0,0
6326,20260922,0,0,0,NA,NA,4,NA,NA,4,0,0,17,17,13,0,0,0,0
6327,20260922,0,0,0,3,NA,7,3,NA,7,1,0,17,17,10,6,1,0,0
6328,20260922,1,1,0,1,4,4,1,4,4,4,0,17,17,13,2124,4369,0,4369
6329,20260922,0,0,0,NA,NA,4,NA,NA,4,0,0,17,17,13,0,0,0,0
6330,20260922,0,0,0,NA,NA,4,NA,NA,4,0,0,17,17,13,0,0,0,0
6331,20260922,0,0,0,3,NA,7,3,NA,7,1,0,17,17,10,6,1,0,0
6332,20260922,1,1,0,1,4,4,1,4,4,4,0,17,17,13,2124,4369,0,4369
6333,20260922,0,0,0,NA,NA,4,NA,NA,4,0,0,17,17,13,0,0,0,0
6334,20260922,1,1,0,1,4,4,1,4,4,4,0,17,17,13,2124,4369,0,4369
6335,20260922,0,0,0,NA,NA,4,NA,NA,4,0,0,17,17,13,0,0,0,0
6336,20260922,1,1,0,1,4,4,1,4,4,4,0,17,17,13,2124,4369,0,4369
6337,20260922,1,1,0,2,8,8,2,8,8,4,0,17,17,9,0,26214,0,26214
6338,20260922,0,0,0,NA,NA,4,NA,NA,4,0,0,17,17,13,0,0,0,0
6339,20260922,1,1,0,3,12,12,3,12,12,4,0,17,17,5,3294,4369,3294,4369
6340,20260922,0,0,0,NA,NA,4,NA,NA,4,0,0,17,17,13,0,0,0,0
6341,20260922,0,0,0,NA,NA,4,NA,NA,4,0,0,17,17,13,0,0,0,0
6342,20260922,1,1,0,3,12,12,3,12,12,4,0,17,17,5,3294,4369,3294,4369
6343,20260922,0,0,0,4,NA,8,4,NA,8,1,0,17,17,9,5,3,0,0
6344,20260922,1,1,0,1,4,4,1,4,4,4,0,17,17,13,2124,4369,0,4369
6345,20260922,1,1,0,1,4,4,1,4,4,4,0,17,17,13,2124,4369,0,4369
6346,20260922,0,0,0,NA,NA,4,NA,NA,4,0,0,17,17,13,0,0,0,0
6347,20260922,0,0,0,3,NA,7,3,NA,7,1,0,17,17,10,6,1,0,0
6348,20260922,1,1,0,1,6,6,1,6,6,4,0,17,17,11,2052,5729,0,26214
6349,20260922,0,0,0,NA,NA,4,NA,NA,4,0,0,17,17,13,0,0,0,0
6350,20260922,0,0,0,4,NA,8,4,NA,8,1,0,17,17,9,5,1,0,0
6351,20260922,0,0,0,NA,NA,4,NA,NA,4,0,0,17,17,13,0,0,0,0
6352,20260922,0,0,0,NA,NA,4,NA,NA,4,0,0,17,17,13,0,0,0,0
6353,20260922,1,1,0,2,8,8,2,8,8,4,0,17,17,9,0,8738,0,8738
6354,20260922,1,1,0,1,4,4,1,4,4,4,0,17,17,13,2124,4369,0,4369
6355,20260922,1,1,0,1,4,4,1,4,4,4,0,17,17,13,2124,4369,0,4369
6356,20260922,0,0,0,NA,NA,4,NA,NA,4,0,0,17,17,13,0,0,0,0
6357,20260922,0,0,0,NA,NA,4,NA,NA,4,0,0,17,17,13,0,0,0,0
6358,20260922,0,0,0,NA,NA,4,NA,NA,4,0,0,17,17,13,0,0,0,0
6359,20260922,1,1,0,2,6,6,2,6,6,4,0,17,17,11,72,4369,0,4369
6360,20260922,0,0,0,NA,NA,4,NA,NA,4,0,0,17,17,13,0,0,0,0
6361,20260922,0,0,0,NA,NA,4,NA,NA,4,0,0,17,17,13,0,0,0,0
6362,20260922,0,0,0,3,NA,7,3,NA,7,1,0,17,17,10,6,3,0,0
6363,20260922,1,1,0,2,8,8,2,8,8,4,0,17,17,9,0,8738,0,8738
6364,20260922,1,1,0,2,6,6,2,6,6,4,0,17,17,11,72,4369,0,4369
6365,20260922,0,0,0,NA,NA,4,NA,NA,4,0,0,17,17,13,0,0,0,0
6366,20260922,0,0,0,NA,NA,4,NA,NA,4,0,0,17,17,13,0,0,0,0
6367,20260922,1,1,0,1,4,4,1,4,4,4,0,17,17,13,2124,4369,0,4369
6368,20260922,0,0,0,3,NA,7,3,NA,7,1,0,17,17,10,6,1,0,0
6369,20260922,0,0,0,NA,NA,4,NA,NA,4,0,0,17,17,13,0,0,0,0
6370,20260922,1,1,0,1,4,4,1,4,4,4,0,17,17,13,2124,4369,0,4369
6371,20260922,0,0,0,NA,NA,4,NA,NA,4,0,0,17,17,13,0,0,0,0
6372,20260922,0,0,0,NA,NA,4,NA,NA,4,0,0,17,17,13,0,0,0,0
6373,20260922,0,0,0,NA,NA,4,NA,NA,4,0,0,17,17,13,0,0,0,0
6374,20260922,1,1,0,1,4,4,1,4,4,4,0,17,17,13,2124,12563,0,4369
6375,20260922,0,0,0,3,NA,7,3,NA,7,1,0,17,17,10,6,2,0,0
6376,20260922,1,1,0,1,4,4,1,4,4,4,0,17,17,13,2124,4369,0,4369
6377,20260922,1,1,0,2,6,6,2,6,6,4,0,17,17,11,72,4369,0,4369
6378,20260922,0,0,0,NA,NA,4,NA,NA,4,0,0,17,17,13,0,0,0,0
6379,20260922,1,1,0,1,6,6,1,6,6,4,0,17,17,11,2052,5185,0,17476
6380,20260922,0,0,0,NA,NA,4,NA,NA,4,0,0,17,17,13,0,0,0,0
6381,20260922,1,1,0,1,6,6,1,6,6,4,0,17,17,11,2052,5185,0,17476
6382,20260922,1,1,0,1,4,4,1,4,4,4,0,17,17,13,2124,4369,0,4369
6383,20260922,0,0,0,NA,NA,4,NA,NA,4,0,0,17,17,13,0,0,0,0
6384,20260922,1,1,0,1,4,4,1,4,4,4,0,17,17,13,2124,4369,0,4369
6385,20260922,1,1,0,3,12,12,3,12,12,4,0,17,17,5,3294,4369,3294,4369
6386,20260922,0,0,0,NA,NA,4,NA,NA,4,0,0,17,17,13,0,0,0,0
6387,20260922,0,0,0,4,NA,11,4,NA,11,2,0,17,17,6,29,18,0,0
6388,20260922,0,0,0,3,NA,7,3,NA,7,1,0,17,17,10,6,1,0,0
6389,20260922,0,0,0,NA,NA,4,NA,NA,4,0,0,17,17,13,0,0,0,0
6390,20260922,1,1,0,1,4,4,1,4,4,4,0,17,17,13,2124,4369,0,4369
6391,20260922,0,0,0,NA,NA,4,NA,NA,4,0,0,17,17,13,0,0,0,0
6392,20260922,1,1,0,1,4,4,1,4,4,4,0,17,17,13,2124,4369,0,4369
6393,20260922,1,1,0,1,4,4,1,4,4,4,0,17,17,13,2124,4369,0,4369
6394,20260922,1,1,0,2,6,6,2,6,6,4,0,17,17,11,72,4369,0,4369
6395,20260922,1,1,0,3,12,12,3,12,12,4,0,17,17,5,3294,4369,3294,4369
6396,20260922,1,1,0,2,8,8,2,8,8,4,0,17,17,9,0,13107,0,13107
6397,20260922,1,1,0,1,4,4,1,4,4,4,0,17,17,13,2124,4913,0,17476
6398,20260922,1,1,0,1,4,4,1,4,4,4,0,17,17,13,2124,4369,0,4369
6399,20260922,1,1,0,2,6,6,2,6,6,4,0,17,17,11,72,8738,0,8738
6400,20260922,0,0,0,NA,NA,4,NA,NA,4,0,0,17,17,13,0,0,0,0
6401,20260922,0,0,0,NA,NA,4,NA,NA,4,0,0,17,17,13,0,0,0,0
6402,20260922,0,0,0,NA,NA,4,NA,NA,4,0,0,17,17,13,0,0,0,0
6403,20260922,0,0,0,3,NA,7,3,NA,7,1,0,17,17,10,6,1,0,0
6404,20260922,1,1,0,3,12,12,3,12,12,4,0,17,17,5,3294,4369,3294,4369
6405,20260922,1,1,0,1,6,6,1,6,6,4,0,17,17,11,2052,5185,0,17476
6406,20260922,0,0,0,NA,NA,4,NA,NA,4,0,0,17,17,13,0,0,0,0
6407,20260922,1,1,0,1,4,4,1,4,4,4,0,17,17,13,2124,4369,0,4369
6408,20260922,0,0,0,4,NA,8,4,NA,8,1,0,17,17,9,5,5,0,0
6409,20260922,0,0,0,NA,NA,4,NA,NA,4,0,0,17,17,13,0,0,0,0
6410,20260922,0,0,0,NA,NA,4,NA,NA,4,0,0,17,17,13,0,0,0,0
6411,20260922,1,1,0,1,4,4,1,4,4,4,0,17,17,13,2124,4913,0,17476
6412,20260922,0,0,0,4,NA,8,4,NA,8,1,0,17,17,9,5,10,0,0
6413,20260922,1,1,0,1,4,4,1,4,4,4,0,17,17,13,2124,4369,0,4369
6414,20260922,0,0,0,NA,NA,4,NA,NA,4,0,0,17,17,13,0,0,0,0
6415,20260922,1,1,0,1,4,4,1,4,4,4,0,17,17,13,2124,4369,0,4369
6416,20260922,1,1,0,2,6,6,2,6,6,4,0,17,17,11,72,21301,0,21845
6417,20260922,0,0,0,NA,NA,4,NA,NA,4,0,0,17,17,13,0,0,0,0
6418,20260922,0,0,0,NA,NA,4,NA,NA,4,0,0,17,17,13,0,0,0,0
6419,20260922,1,1,0,2,8,8,2,8,8,4,0,17,17,9,0,17476,0,17476
6420,20260922,0,0,0,NA,NA,4,NA,NA,4,0,0,17,17,13,0,0,0,0
6421,20260922,1,1,0,1,4,4,1,4,4,4,0,17,17,13,2124,4369,0,4369
6422,20260922,0,0,0,3,NA,7,3,NA,7,1,0,17,17,10,6,1,0,0
6423,20260922,1,1,0,1,6,6,1,6,6,4,0,17,17,11,2052,5729,0,26214
6424,20260922,0,0,0,NA,NA,4,NA,NA,4,0,0,17,17,13,0,0,0,0
6425,20260922,1,1,0,1,4,4,1,4,4,4,0,17,17,13,2124,4369,0,4369
6426,20260922,1,1,0,3,12,12,3,12,12,4,0,17,17,5,3294,4369,3294,4369
6427,20260922,0,0,0,3,NA,7,3,NA,7,1,0,17,17,10,6,1,0,0
6428,20260922,0,0,0,NA,NA,4,NA,NA,4,0,0,17,17,13,0,0,0,0
6429,20260922,1,1,0,1,4,4,1,4,4,4,0,17,17,13,2124,4369,0,4369
6430,20260922,0,0,0,NA,NA,4,NA,NA,4,0,0,17,17,13,0,0,0,0
6431,20260922,1,1,0,1,4,4,1,4,4,4,0,17,17,13,2124,4369,0,4369
6432,20260922,0,0,0,NA,NA,4,NA,NA,4,0,0,17,17,13,0,0,0,0
6433,20260922,0,0,0,NA,NA,4,NA,NA,4,0,0,17,17,13,0,0,0,0
6434,20260922,0,0,0,4,NA,8,4,NA,8,1,0,17,17,9,5,3,0,0
6435,20260922,0,0,0,NA,NA,4,NA,NA,4,0,0,17,17,13,0,0,0,0
6436,20260922,0,0,0,NA,NA,4,NA,NA,4,0,0,17,17,13,0,0,0,0
6437,20260922,0,0,0,NA,NA,4,NA,NA,4,0,0,17,17,13,0,0,0,0
6438,20260922,0,0,0,NA,NA,4,NA,NA,4,0,0,17,17,13,0,0,0,0
6439,20260922,1,1,0,3,12,12,3,12,12,4,0,17,17,5,3294,4369,3294,4369
6440,20260922,1,1,0,1,4,4,1,4,4,4,0,17,17,13,2124,4913,0,17476
6441,20260922,0,0,0,3,NA,7,3,NA,7,1,0,17,17,10,6,1,0,0
6442,20260922,1,1,0,1,6,6,1,6,6,4,0,17,17,11,2052,5185,0,17476
6443,20260922,0,0,0,NA,NA,4,NA,NA,4,0,0,17,17,13,0,0,0,0
6444,20260922,0,0,0,3,NA,7,3,NA,7,1,0,17,17,10,6,1,0,0
6445,20260922,1,1,0,1,4,4,1,4,4,4,0,17,17,13,2124,4369,0,4369
6446,20260922,1,1,0,1,6,6,1,6,6,4,0,17,17,11,2052,5729,0,26214
6447,20260922,1,1,0,3,12,12,3,12,12,4,0,17,17,5,3294,4369,3294,4369
6448,20260922,1,1,0,3,12,12,3,12,12,4,0,17,17,5,3294,4369,3294,4369
6449,20260922,0,0,0,NA,NA,4,NA,NA,4,0,0,17,17,13,0,0,0,0
6450,20260922,1,1,0,2,6,6,2,6,6,4,0,17,17,11,72,4369,0,4369
6451,20260922,0,0,0,4,NA,11,4,NA,11,2,0,17,17,6,29,71,0,0
6452,20260922,0,0,0,NA,NA,4,NA,NA,4,0,0,17,17,13,0,0,0,0
6453,20260922,0,0,0,NA,NA,4,NA,NA,4,0,0,17,17,13,0,0,0,0
6454,20260922,0,0,0,3,NA,7,3,NA,7,1,0,17,17,10,6,1,0,0
6455,20260922,0,0,0,NA,NA,4,NA,NA,4,0,0,17,17,13,0,0,0,0
6456,20260922,0,0,0,3,NA,7,3,NA,7,1,0,17,17,10,6,4,0,0
6457,20260922,0,0,0,NA,NA,4,NA,NA,4,0,0,17,17,13,0,0,0,0
6458,20260922,0,0,0,3,NA,7,3,NA,7,1,0,17,17,10,6,1,0,0
6459,20260922,0,0,0,NA,NA,4,NA,NA,4,0,0,17,17,13,0,0,0,0
6460,20260922,0,0,0,NA,NA,4,NA,NA,4,0,0,17,17,13,0,0,0,0
6461,20260922,1,1,0,1,4,4,1,4,4,4,0,17,17,13,2124,4369,0,4369
6462,20260922,0,0,0,NA,NA,4,NA,NA,4,0,0,17,17,13,0,0,0,0
6463,20260922,1,1,0,1,4,4,1,4,4,4,0,17,17,13,2124,4369,0,4369
6464,20260922,1,1,0,1,4,4,1,4,4,4,0,17,17,13,2124,4913,0,17476
6465,20260922,0,0,0,NA,NA,4,NA,NA,4,0,0,17,17,13,0,0,0,0
6466,20260922,1,1,0,1,6,6,1,6,6,4,0,17,17,11,2052,5729,0,26214
6467,20260922,0,0,0,NA,NA,4,NA,NA,4,0,0,17,17,13,0,0,0,0
6468,20260922,0,0,0,NA,NA,4,NA,NA,4,0,0,17,17,13,0,0,0,0
6469,20260922,0,0,0,NA,NA,4,NA,NA,4,0,0,17,17,13,0,0,0,0
6470,20260922,0,0,0,NA,NA,4,NA,NA,4,0,0,17,17,13,0,0,0,0
6471,20260922,1,1,0,1,4,4,1,4,4,4,0,17,17,13,2124,4369,0,4369
6472,20260922,0,0,0,NA,NA,4,NA,NA,4,0,0,17,17,13,0,0,0,0
6473,20260922,0,0,0,NA,NA,4,NA,NA,4,0,0,17,17,13,0,0,0,0
6474,20260922,0,0,0,NA,NA,4,NA,NA,4,0,0,17,17,13,0,0,0,0
6475,20260922,1,1,0,2,6,6,2,6,6,4,0,17,17,11,72,4369,0,4369
6476,20260922,1,1,0,3,12,12,3,12,12,4,0,17,17,5,3294,4369,3294,4369
6477,20260922,0,0,0,3,NA,7,3,NA,7,1,0,17,17,10,6,1,0,0
6478,20260922,0,0,0,NA,NA,4,NA,NA,4,0,0,17,17,13,0,0,0,0
6479,20260922,0,0,0,NA,NA,4,NA,NA,4,0,0,17,17,13,0,0,0,0
6480,20260922,0,0,0,NA,NA,4,NA,NA,4,0,0,17,17,13,0,0,0,0
6481,20260922,1,1,0,2,8,8,2,8,8,4,0,17,17,9,0,8738,0,8738
6482,20260922,0,0,0,3,NA,7,3,NA,7,1,0,17,17,10,6,1,0,0
6483,20260922,1,1,0,1,4,4,1,4,4,4,0,17,17,13,2124,4369,0,4369
6484,20260922,0,0,0,NA,NA,4,NA,NA,4,0,0,17,17,13,0,0,0,0
6485,20260922,1,1,0,1,4,4,1,4,4,4,0,17,17,13,2124,4369,0,4369
6486,20260922,1,1,0,1,6,6,1,6,6,4,0,17,17,11,2052,5185,0,17476
6487,20260922,1,1,0,3,12,12,3,12,12,4,0,17,17,5,3294,5185,3294,5185
6488,20260922,0,0,0,4,NA,8,4,NA,8,1,0,17,17,9,5,6,0,0
6489,20260922,1,1,0,2,6,6,2,6,6,4,0,17,17,11,72,4369,0,4369
6490,20260922,0,0,0,NA,NA,4,NA,NA,4,0,0,17,17,13,0,0,0,0
6491,20260922,1,1,0,1,4,4,1,4,4,4,0,17,17,13,2124,12563,0,4369
6492,20260922,1,1,0,1,4,4,1,4,4,4,0,17,17,13,2124,4369,0,4369
6493,20260922,1,1,0,1,4,4,1,4,4,4,0,17,17,13,2124,4369,0,4369
6494,20260922,1,1,0,1,4,4,1,4,4,4,0,17,17,13,2124,4369,0,4369
6495,20260922,1,1,0,1,4,4,1,4,4,4,0,17,17,13,2124,4369,0,4369
6496,20260922,0,0,0,NA,NA,4,NA,NA,4,0,0,17,17,13,0,0,0,0
6497,20260922,0,0,0,NA,NA,4,NA,NA,4,0,0,17,17,13,0,0,0,0
6498,20260922,0,0,0,NA,NA,4,NA,NA,4,0,0,17,17,13,0,0,0,0
6499,20260922,1,1,0,2,6,6,2,6,6,4,0,17,17,11,72,4369,0,4369
6500,20260922,0,0,0,NA,NA,4,NA,NA,4,0,0,17,17,13,0,0,0,0
6501,20260922,0,0,0,NA,NA,4,NA,NA,4,0,0,17,17,13,0,0,0,0
6502,20260922,1,1,0,1,4,4,1,4,4,4,0,17,17,13,2124,4369,0,4369
6503,20260922,1,1,0,1,4,4,1,4,4,4,0,17,17,13,2124,4369,0,4369
6504,20260922,1,1,0,1,4,4,1,4,4,4,0,17,17,13,2124,4369,0,4369
6505,20260922,1,1,0,1,4,4,1,4,4,4,0,17,17,13,2124,4369,0,4369
6506,20260922,0,0,0,NA,NA,4,NA,NA,4,0,0,17,17,13,0,0,0,0
6507,20260922,1,1,0,2,8,8,2,8,8,4,0,17,17,9,0,4369,0,4369
6508,20260922,1,1,0,3,12,12,3,12,12,4,0,17,17,5,3294,4369,3294,4369
6509,20260922,1,1,0,1,4,4,1,4,4,4,0,17,17,13,2124,4369,0,4369
6510,20260922,0,0,0,NA,NA,4,NA,NA,4,0,0,17,17,13,0,0,0,0
6511,20260922,1,1,0,2,6,6,2,6,6,4,0,17,17,11,72,4369,0,4369
6512,20260922,1,1,0,1,4,4,1,4,4,4,0,17,17,13,2124,4369,0,4369
6513,20260922,0,0,0,4,NA,8,4,NA,8,1,0,17,17,9,5,10,0,0
6514,20260922,1,1,0,1,4,4,1,4,4,4,0,17,17,13,2124,4369,0,4369
6515,20260922,0,0,0,NA,NA,4,NA,NA,4,0,0,17,17,13,0,0,0,0
6516,20260922,1,1,0,1,6,6,1,6,6,4,0,17,17,11,2052,5729,0,26214
6517,20260922,0,0,0,NA,NA,4,NA,NA,4,0,0,17,17,13,0,0,0,0
6518,20260922,0,0,0,NA,NA,4,NA,NA,4,0,0,17,17,13,0,0,0,0
6519,20260922,1,1,0,2,6,6,2,6,6,4,0,17,17,11,72,4369,0,4369
6520,20260922,1,1,0,1,4,4,1,4,4,4,0,17,17,13,2124,4369,0,4369
6521,20260922,0,0,0,NA,NA,4,NA,NA,4,0,0,17,17,13,0,0,0,0
6522,20260922,0,0,0,NA,NA,4,NA,NA,4,0,0,17,17,13,0,0,0,0
6523,20260922,1,1,0,2,8,8,2,8,8,4,0,17,17,9,0,8738,0,8738
6524,20260922,0,0,0,NA,NA,4,NA,NA,4,0,0,17,17,13,0,0,0,0
6525,20260922,0,0,0,NA,NA,4,NA,NA,4,0,0,17,17,13,0,0,0,0
6526,20260922,0,0,0,NA,NA,4,NA,NA,4,0,0,17,17,13,0,0,0,0
6527,20260922,0,0,0,4,NA,8,4,NA,8,1,0,17,17,9,5,7,0,0
6528,20260922,1,1,0,3,12,12,3,12,12,4,0,17,17,5,3294,4369,3294,4369
6529,20260922,1,1,0,1,4,4,1,4,4,4,0,17,17,13,2124,4369,0,4369
6530,20260922,0,0,0,NA,NA,4,NA,NA,4,0,0,17,17,13,0,0,0,0
6531,20260922,0,0,0,3,NA,7,3,NA,7,1,0,17,17,10,6,3,0,0
6532,20260922,1,1,0,1,4,4,1,4,4,4,0,17,17,13,2124,4369,0,4369
6533,20260922,1,1,0,3,12,12,3,12,12,4,0,17,17,5,3294,4369,3294,4369
6534,20260922,0,0,0,NA,NA,4,NA,NA,4,0,0,17,17,13,0,0,0,0
6535,20260922,0,0,0,NA,NA,4,NA,NA,4,0,0,17,17,13,0,0,0,0
6536,20260922,0,0,0,NA,NA,4,NA,NA,4,0,0,17,17,13,0,0,0,0
6537,20260922,1,1,0,1,4,4,1,4,4,4,0,17,17,13,2124,4369,0,4369
6538,20260922,0,0,0,NA,NA,4,NA,NA,4,0,0,17,17,13,0,0,0,0
6539,20260922,1,1,0,3,12,12,3,12,12,4,0,17,17,5,3294,4369,3294,4369
6540,20260922,1,1,0,1,4,4,1,4,4,4,0,17,17,13,2124,4369,0,4369
6541,20260922,0,0,0,NA,NA,4,NA,NA,4,0,0,17,17,13,0,0,0,0
6542,20260922,1,1,0,3,12,12,3,12,12,4,0,17,17,5,3294,4369,3294,4369
6543,20260922,0,0,0,NA,NA,4,NA,NA,4,0,0,17,17,13,0,0,0,0
6544,20260922,1,1,0,1,4,4,1,4,4,4,0,17,17,13,2124,4369,0,4369
6545,20260922,0,0,0,NA,NA,4,NA,NA,4,0,0,17,17,13,0,0,0,0
6546,20260922,1,1,0,2,6,6,2,6,6,4,0,17,17,11,72,4369,0,4369
6547,20260922,1,1,0,1,4,4,1,4,4,4,0,17,17,13,2124,4369,0,4369
6548,20260922,0,0,0,NA,NA,4,NA,NA,4,0,0,17,17,13,0,0,0,0
6549,20260922,1,1,0,2,6,6,2,6,6,4,0,17,17,11,72,4369,0,4369
6550,20260922,1,1,0,1,4,4,1,4,4,4,0,17,17,13,2124,4369,0,4369
6551,20260922,1,1,0,1,4,4,1,4,4,4,0,17,17,13,2124,4913,0,17476
6552,20260922,1,1,0,1,4,4,1,4,4,4,0,17,17,13,2124,4369,0,4369
6553,20260922,1,1,0,1,6,6,1,6,6,4,0,17,17,11,2052,13107,0,13107
6554,20260922,0,0,0,NA,NA,4,NA,NA,4,0,0,17,17,13,0,0,0,0
6555,20260922,0,0,0,NA,NA,4,NA,NA,4,0,0,17,17,13,0,0,0,0
6556,20260922,0,0,0,4,NA,8,4,NA,8,1,0,17,17,9,5,1,0,0
6557,20260922,1,1,0,2,6,6,2,6,6,4,0,17,17,11,72,4369,0,4369
6558,20260922,1,1,0,1,4,4,1,4,4,4,0,17,17,13,2124,4641,0,8738
6559,20260922,0,0,0,NA,NA,4,NA,NA,4,0,0,17,17,13,0,0,0,0
6560,20260922,0,0,0,3,NA,7,3,NA,7,1,0,17,17,10,6,1,0,0
6561,20260922,0,0,0,NA,NA,4,NA,NA,4,0,0,17,17,13,0,0,0,0
6562,20260922,1,1,0,1,4,4,1,4,4,4,0,17,17,13,2124,4913,0,17476
6563,20260922,1,1,0,2,8,8,2,8,8,4,0,17,17,9,0,17476,0,17476
6564,20260922,1,1,0,1,6,6,1,6,6,4,0,17,17,11,2052,4641,0,8738
6565,20260922,1,1,0,1,4,4,1,4,4,4,0,17,17,13,2124,4369,0,4369
6566,20260922,0,0,0,NA,NA,4,NA,NA,4,0,0,17,17,13,0,0,0,0
6567,20260922,1,1,0,1,6,6,1,6,6,4,0,17,17,11,2052,5729,0,26214
6568,20260922,0,0,0,3,NA,7,3,NA,7,1,0,17,17,10,6,1,0,0
6569,20260922,1,1,0,1,4,4,1,4,4,4,0,17,17,13,2124,4369,0,4369
6570,20260922,0,0,0,NA,NA,4,NA,NA,4,0,0,17,17,13,0,0,0,0
6571,20260922,0,0,0,NA,NA,4,NA,NA,4,0,0,17,17,13,0,0,0,0
6572,20260922,0,0,0,NA,NA,4,NA,NA,4,0,0,17,17,13,0,0,0,0
6573,20260922,0,0,0,3,NA,7,3,NA,7,1,0,17,17,10,6,4,0,0
6574,20260922,0,0,0,NA,NA,4,NA,NA,4,0,0,17,17,13,0,0,0,0
6575,20260922,0,0,0,NA,NA,4,NA,NA,4,0,0,17,17,13,0,0,0,0
6576,20260922,1,1,0,1,4,4,1,4,4,4,0,17,17,13,2124,4369,0,4369
6577,20260922,1,1,0,1,4,4,1,4,4,4,0,17,17,13,2124,4369,0,4369
6578,20260922,0,0,0,NA,NA,4,NA,NA,4,0,0,17,17,13,0,0,0,0
6579,20260922,0,0,0,NA,NA,4,NA,NA,4,0,0,17,17,13,0,0,0,0
6580,20260922,0,0,0,NA,NA,4,NA,NA,4,0,0,17,17,13,0,0,0,0
6581,20260922,1,1,0,1,4,4,1,4,4,4,0,17,17,13,2124,4369,0,4369
6582,20260922,1,1,0,1,6,6,1,6,6,4,0,17,17,11,2052,5729,0,26214
6583,20260922,0,0,0,NA,NA,4,NA,NA,4,0,0,17,17,13,0,0,0,0
6584,20260922,1,1,0,2,6,6,2,6,6,4,0,17,17,11,72,4369,0,4369
6585,20260922,1,1,0,2,6,6,2,6,6,4,0,17,17,11,72,4369,0,4369
6586,20260922,0,0,0,3,NA,7,3,NA,7,1,0,17,17,10,6,2,0,0
6587,20260922,0,0,0,NA,NA,4,NA,NA,4,0,0,17,17,13,0,0,0,0
6588,20260922,1,1,0,2,6,6,2,6,6,4,0,17,17,11,72,4369,0,4369
6589,20260922,0,0,0,NA,NA,4,NA,NA,4,0,0,17,17,13,0,0,0,0
6590,20260922,1,1,0,1,4,4,1,4,4,4,0,17,17,13,2124,4369,0,4369
6591,20260922,1,1,0,3,12,12,3,12,12,4,0,17,17,5,3294,4369,3294,4369
6592,20260922,0,0,0,3,NA,7,3,NA,7,1,0,17,17,10,6,1,0,0
6593,20260922,1,1,0,1,4,4,1,4,4,4,0,17,17,13,2124,4369,0,4369
6594,20260922,1,1,0,2,6,6,2,6,6,4,0,17,17,11,72,4369,0,4369
6595,20260922,0,0,0,4,NA,8,4,NA,8,1,0,17,17,9,5,2,0,0
6596,20260922,0,0,0,NA,NA,4,NA,NA,4,0,0,17,17,13,0,0,0,0
6597,20260922,0,0,0,NA,NA,4,NA,NA,4,0,0,17,17,13,0,0,0,0
6598,20260922,1,1,0,2,6,6,2,6,6,4,0,17,17,11,72,4369,0,4369
6599,20260922,0,0,0,NA,NA,4,NA,NA,4,0,0,17,17,13,0,0,0,0
6600,20260922,0,0,0,NA,NA,4,NA,NA,4,0,0,17,17,13,0,0,0,0
6601,20260922,1,1,0,1,4,4,1,4,4,4,0,17,17,13,2124,12835,2124,12835
6602,20260922,0,0,0,NA,NA,4,NA,NA,4,0,0,17,17,13,0,0,0,0
6603,20260922,1,1,0,1,4,4,1,4,4,4,0,17,17,13,2124,4369,0,4369
6604,20260922,1,1,0,1,6,6,1,6,6,4,0,17,17,11,2052,5729,0,26214
6605,20260922,0,0,0,NA,NA,4,NA,NA,4,0,0,17,17,13,0,0,0,0
6606,20260922,0,0,0,3,NA,7,3,NA,7,1,0,17,17,10,6,1,0,0
6607,20260922,1,1,0,1,6,6,1,6,6,4,0,17,17,11,2052,9554,0,21845
6608,20260922,0,0,0,NA,NA,4,NA,NA,4,0,0,17,17,13,0,0,0,0
6609,20260922,1,1,0,2,8,8,2,8,8,4,0,17,17,9,0,4369,0,4369
6610,20260922,0,0,0,NA,NA,4,NA,NA,4,0,0,17,17,13,0,0,0,0
6611,20260922,0,0,0,NA,NA,4,NA,NA,4,0,0,17,17,13,0,0,0,0
6612,20260922,0,0,0,NA,NA,4,NA,NA,4,0,0,17,17,13,0,0,0,0
6613,20260922,0,0,0,NA,NA,4,NA,NA,4,0,0,17,17,13,0,0,0,0
6614,20260922,0,0,0,NA,NA,4,NA,NA,4,0,0,17,17,13,0,0,0,0
6615,20260922,0,0,0,NA,NA,4,NA,NA,4,0,0,17,17,13,0,0,0,0
6616,20260922,0,0,0,NA,NA,4,NA,NA,4,0,0,17,17,13,0,0,0,0
6617,20260922,0,0,0,NA,NA,4,NA,NA,4,0,0,17,17,13,0,0,0,0
6618,20260922,1,1,0,1,4,4,1,4,4,4,0,17,17,13,2124,4369,0,4369
6619,20260922,0,0,0,NA,NA,4,NA,NA,4,0,0,17,17,13,0,0,0,0
6620,20260922,0,0,0,NA,NA,4,NA,NA,4,0,0,17,17,13,0,0,0,0
6621,20260922,1,1,0,1,4,4,1,4,4,4,0,17,17,13,2124,4369,0,4369
6622,20260922,0,0,0,NA,NA,4,NA,NA,4,0,0,17,17,13,0,0,0,0
6623,20260922,1,1,0,3,12,12,3,12,12,4,0,17,17,5,3294,4369,3294,4369
6624,20260922,0,0,0,NA,NA,4,NA,NA,4,0,0,17,17,13,0,0,0,0
6625,20260922,1,1,0,1,4,4,1,4,4,4,0,17,17,13,2124,4369,0,4369
6626,20260922,1,1,0,1,6,6,1,6,6,4,0,17,17,11,2052,5729,0,26214
6627,20260922,0,0,0,NA,NA,4,NA,NA,4,0,0,17,17,13,0,0,0,0
6628,20260922,1,1,0,1,4,4,1,4,4,4,0,17,17,13,2124,4369,0,4369
6629,20260922,1,1,0,2,6,6,2,6,6,4,0,17,17,11,72,8738,0,8738
6630,20260922,1,1,0,1,4,4,1,4,4,4,0,17,17,13,2124,12835,0,8738
6631,20260922,0,0,0,NA,NA,4,NA,NA,4,0,0,17,17,13,0,0,0,0
6632,20260922,0,0,0,NA,NA,4,NA,NA,4,0,0,17,17,13,0,0,0,0
6633,20260922,1,1,0,2,6,6,2,6,6,4,0,17,17,11,72,4369,0,4369
6634,20260922,0,0,0,NA,NA,4,NA,NA,4,0,0,17,17,13,0,0,0,0
6635,20260922,0,0,0,NA,NA,4,NA,NA,4,0,0,17,17,13,0,0,0,0
6636,20260922,1,1,0,1,4,4,1,4,4,4,0,17,17,13,2124,4913,0,17476
6637,20260922,0,0,0,NA,NA,4,NA,NA,4,0,0,17,17,13,0,0,0,0
6638,20260922,1,1,0,2,6,6,2,6,6,4,0,17,17,11,72,4369,0,4369
6639,20260922,1,1,0,1,4,4,1,4,4,4,0,17,17,13,2124,4369,0,4369
6640,20260922,1,1,0,1,4,4,1,4,4,4,0,17,17,13,2124,4369,0,4369
6641,20260922,0,0,0,NA,NA,4,NA,NA,4,0,0,17,17,13,0,0,0,0
6642,20260922,1,1,0,1,6,6,1,6,6,4,0,17,17,11,2052,4641,0,8738
6643,20260922,1,1,0,1,4,4,1,4,4,4,0,17,17,13,2124,4369,0,4369
6644,20260922,0,0,0,NA,NA,4,NA,NA,4,0,0,17,17,13,0,0,0,0
6645,20260922,1,1,0,1,4,4,1,4,4,4,0,17,17,13,2124,4369,0,4369
6646,20260922,0,0,0,NA,NA,4,NA,NA,4,0,0,17,17,13,0,0,0,0
6647,20260922,0,0,0,3,NA,7,3,NA,7,1,0,17,17,10,6,1,0,0
6648,20260922,0,0,0,3,NA,7,3,NA,7,1,0,17,17,10,6,2,0,0
6649,20260922,1,1,0,1,4,4,1,4,4,4,0,17,17,13,2124,9010,0,17476
6650,20260922,1,1,0,3,12,12,3,12,12,4,0,17,17,5,3294,4369,3294,4369
6651,20260922,1,1,0,1,4,4,1,4,4,4,0,17,17,13,2124,12563,0,4369
6652,20260922,1,1,0,1,4,4,1,4,4,4,0,17,17,13,2124,12563,0,4369
6653,20260922,1,1,0,1,4,4,1,4,4,4,0,17,17,13,2124,4913,0,17476
6654,20260922,0,0,0,4,NA,8,4,NA,8,1,0,17,17,9,5,4,0,0
6655,20260922,1,1,0,2,6,6,2,6,6,4,0,17,17,11,72,4369,0,4369
6656,20260922,0,0,0,NA,NA,4,NA,NA,4,0,0,17,17,13,0,0,0,0
6657,20260922,1,1,0,1,4,4,1,4,4,4,0,17,17,13,2124,4913,0,17476
6658,20260922,0,0,0,NA,NA,4,NA,NA,4,0,0,17,17,13,0,0,0,0
6659,20260922,1,1,0,1,4,4,1,4,4,4,0,17,17,13,2124,4369,0,4369
6660,20260922,0,0,0,NA,NA,4,NA,NA,4,0,0,17,17,13,0,0,0,0
6661,20260922,0,0,0,NA,NA,4,NA,NA,4,0,0,17,17,13,0,0,0,0
6662,20260922,1,1,0,1,4,4,1,4,4,4,0,17,17,13,2124,4369,0,4369
6663,20260922,0,0,0,4,NA,8,4,NA,8,1,0,17,17,9,5,4,0,0
6664,20260922,1,1,0,3,12,12,3,12,12,4,0,17,17,5,3294,4369,3294,4369
6665,20260922,0,0,0,NA,NA,4,NA,NA,4,0,0,17,17,13,0,0,0,0
6666,20260922,0,0,0,NA,NA,4,NA,NA,4,0,0,17,17,13,0,0,0,0
6667,20260922,0,0,0,NA,NA,4,NA,NA,4,0,0,17,17,13,0,0,0,0
6668,20260922,1,1,0,1,4,4,1,4,4,4,0,17,17,13,2124,12563,0,4369
6669,20260922,1,1,0,1,4,4,1,4,4,4,0,17,17,13,2124,4641,0,8738
6670,20260922,0,0,0,NA,NA,4,NA,NA,4,0,0,17,17,13,0,0,0,0
6671,20260922,0,0,0,NA,NA,4,NA,NA,4,0,0,17,17,13,0,0,0,0
6672,20260922,0,0,0,NA,NA,4,NA,NA,4,0,0,17,17,13,0,0,0,0
6673,20260922,0,0,0,3,NA,7,3,NA,7,1,0,17,17,10,6,1,0,0
6674,20260922,1,1,0,1,4,4,1,4,4,4,0,17,17,13,2124,4369,0,4369
6675,20260922,1,1,0,2,6,6,2,6,6,4,0,17,17,11,72,4369,0,4369
6676,20260922,1,1,0,1,4,4,1,4,4,4,0,17,17,13,2124,4369,0,4369
6677,20260922,1,1,0,1,4,4,1,4,4,4,0,17,17,13,2124,4369,0,4369
6678,20260922,1,1,0,1,4,4,1,4,4,4,0,17,17,13,2124,4913,0,17476
6679,20260922,1,1,0,1,4,4,1,4,4,4,0,17,17,13,2124,4369,0,4369
6680,20260922,0,0,0,3,NA,7,3,NA,7,1,0,17,17,10,6,1,0,0
6681,20260922,0,0,0,NA,NA,4,NA,NA,4,0,0,17,17,13,0,0,0,0
6682,20260922,1,1,0,2,8,8,2,8,8,4,0,17,17,9,0,4369,0,4369
6683,20260922,0,0,0,3,NA,7,3,NA,7,1,0,17,17,10,6,1,0,0
6684,20260922,1,1,0,2,8,8,2,8,8,4,0,17,17,9,0,4369,0,4369
6685,20260922,0,0,0,NA,NA,4,NA,NA,4,0,0,17,17,13,0,0,0,0
6686,20260922,0,0,0,NA,NA,4,NA,NA,4,0,0,17,17,13,0,0,0,0
6687,20260922,0,0,0,NA,NA,4,NA,NA,4,0,0,17,17,13,0,0,0,0
6688,20260922,1,1,0,1,4,4,1,4,4,4,0,17,17,13,2124,4369,0,4369
6689,20260922,0,0,0,NA,NA,4,NA,NA,4,0,0,17,17,13,0,0,0,0
6690,20260922,1,1,0,1,4,4,1,4,4,4,0,17,17,13,2124,4369,0,4369
6691,20260922,1,1,0,3,12,12,3,12,12,4,0,17,17,5,3294,4369,3294,4369
6692,20260922,1,1,0,1,4,4,1,4,4,4,0,17,17,13,2124,4369,0,4369
6693,20260922,0,0,0,4,NA,8,4,NA,8,1,0,17,17,9,5,2,0,0
6694,20260922,1,1,0,1,6,6,1,6,6,4,0,17,17,11,2052,5729,0,26214
6695,20260922,1,1,0,2,8,8,2,8,8,4,0,17,17,9,0,17476,0,17476
6696,20260922,1,1,0,1,4,4,1,4,4,4,0,17,17,13,2124,4369,0,4369
6697,20260922,1,1,0,2,8,8,2,8,8,4,0,17,17,9,0,8738,0,8738
6698,20260922,1,1,0,1,4,4,1,4,4,4,0,17,17,13,2124,4369,0,4369
6699,20260922,0,0,0,NA,NA,4,NA,NA,4,0,0,17,17,13,0,0,0,0
6700,20260922,0,0,0,NA,NA,4,NA,NA,4,0,0,17,17,13,0,0,0,0
6701,20260922,1,1,0,1,4,4,1,4,4,4,0,17,17,13,2124,4369,0,4369
6702,20260922,1,1,0,1,6,6,1,6,6,4,0,17,17,11,2052,5185,0,17476
6703,20260922,1,1,0,1,6,6,1,6,6,4,0,17,17,11,2052,5185,0,17476
6704,20260922,1,1,0,2,6,6,2,6,6,4,0,17,17,11,72,4369,0,4369
6705,20260922,0,0,0,NA,NA,4,NA,NA,4,0,0,17,17,13,0,0,0,0
6706,20260922,0,0,0,3,NA,7,3,NA,7,1,0,17,17,10,6,1,0,0
6707,20260922,0,0,0,NA,NA,4,NA,NA,4,0,0,17,17,13,0,0,0,0
6708,20260922,0,0,0,NA,NA,4,NA,NA,4,0,0,17,17,13,0,0,0,0
6709,20260922,0,0,0,3,NA,7,3,NA,7,1,0,17,17,10,6,1,0,0
6710,20260922,0,0,0,3,NA,7,3,NA,7,1,0,17,17,10,6,1,0,0
6711,20260922,0,0,0,3,NA,7,3,NA,7,1,0,17,17,10,6,1,0,0
6712,20260922,1,1,0,1,4,4,1,4,4,4,0,17,17,13,2124,4369,0,4369
6713,20260922,0,0,0,NA,NA,4,NA,NA,4,0,0,17,17,13,0,0,0,0
6714,20260922,0,0,0,NA,NA,4,NA,NA,4,0,0,17,17,13,0,0,0,0
6715,20260922,0,0,0,NA,NA,4,NA,NA,4,0,0,17,17,13,0,0,0,0
6716,20260922,0,0,0,NA,NA,4,NA,NA,4,0,0,17,17,13,0,0,0,0
6717,20260922,1,1,0,1,6,6,1,6,6,4,0,17,17,11,2052,5185,0,17476
6718,20260922,0,0,0,3,NA,7,3,NA,7,1,0,17,17,10,6,1,0,0
6719,20260922,1,1,0,1,4,4,1,4,4,4,0,17,17,13,2124,4369,0,4369
6720,20260922,0,0,0,3,NA,7,3,NA,7,1,0,17,17,10,6,1,0,0
6721,20260922,0,0,0,3,NA,7,3,NA,7,1,0,17,17,10,6,3,0,0
6722,20260922,0,0,0,NA,NA,4,NA,NA,4,0,0,17,17,13,0,0,0,0
6723,20260922,0,0,0,NA,NA,4,NA,NA,4,0,0,17,17,13,0,0,0,0
6724,20260922,1,1,0,1,4,4,1,4,4,4,0,17,17,13,2124,4369,0,4369
6725,20260922,0,0,0,4,NA,8,4,NA,8,1,0,17,17,9,5,2,0,0
6726,20260922,0,0,0,4,NA,11,4,NA,11,2,0,17,17,6,29,23,0,0
6727,20260922,0,0,0,NA,NA,4,NA,NA,4,0,0,17,17,13,0,0,0,0
6728,20260922,0,0,0,NA,NA,4,NA,NA,4,0,0,17,17,13,0,0,0,0
6729,20260922,1,1,0,1,4,4,1,4,4,4,0,17,17,13,2124,12835,0,8738
6730,20260922,0,0,0,NA,NA,4,NA,NA,4,0,0,17,17,13,0,0,0,0
6731,20260922,1,1,0,3,12,12,3,12,12,4,0,17,17,5,3294,4369,3294,4369
6732,20260922,0,0,0,NA,NA,4,NA,NA,4,0,0,17,17,13,0,0,0,0
6733,20260922,1,1,0,1,4,4,1,4,4,4,0,17,17,13,2124,4369,0,4369
6734,20260922,0,0,0,3,NA,7,3,NA,7,1,0,17,17,10,6,1,0,0
6735,20260922,1,1,0,1,4,4,1,4,4,4,0,17,17,13,2124,4369,0,4369
6736,20260922,0,0,0,NA,NA,4,NA,NA,4,0,0,17,17,13,0,0,0,0
6737,20260922,1,1,0,1,4,4,1,4,4,4,0,17,17,13,2124,8466,0,4369
6738,20260922,1,1,0,2,8,8,2,8,8,4,0,17,17,9,0,26214,0,26214
6739,20260922,0,0,0,NA,NA,4,NA,NA,4,0,0,17,17,13,0,0,0,0
6740,20260922,0,0,0,NA,NA,4,NA,NA,4,0,0,17,17,13,0,0,0,0
6741,20260922,1,1,0,1,4,4,1,4,4,4,0,17,17,13,2124,4369,0,4369
6742,20260922,1,1,0,1,4,4,1,4,4,4,0,17,17,13,2124,4369,0,4369
6743,20260922,1,1,0,2,6,6,2,6,6,4,0,17,17,11,72,4369,0,4369
6744,20260922,1,1,0,1,4,4,1,4,4,4,0,17,17,13,2124,4369,0,4369
6745,20260922,0,0,0,3,NA,7,3,NA,7,1,0,17,17,10,6,1,0,0
6746,20260922,1,1,0,1,4,4,1,4,4,4,0,17,17,13,2124,4369,0,4369
6747,20260922,1,1,0,2,6,6,2,6,6,4,0,17,17,11,72,17204,0,17476
6748,20260922,1,1,0,1,6,6,1,6,6,4,0,17,17,11,2052,5185,0,17476
6749,20260922,0,0,0,4,NA,8,4,NA,8,1,0,17,17,9,5,8,0,0
6750,20260922,1,1,0,2,6,6,2,6,6,4,0,17,17,11,72,4369,0,4369
6751,20260922,0,0,0,NA,NA,4,NA,NA,4,0,0,17,17,13,0,0,0,0
6752,20260922,1,1,0,1,6,6,1,6,6,4,0,17,17,11,2052,5729,0,26214
6753,20260922,0,0,0,NA,NA,4,NA,NA,4,0,0,17,17,13,0,0,0,0
6754,20260922,1,1,0,1,6,6,1,6,6,4,0,17,17,11,2052,5185,0,17476
6755,20260922,1,1,0,2,8,8,2,8,8,4,0,17,17,9,0,4369,0,4369
6756,20260922,0,0,0,4,NA,8,4,NA,8,1,0,17,17,9,5,2,0,0
6757,20260922,0,0,0,NA,NA,4,NA,NA,4,0,0,17,17,13,0,0,0,0
6758,20260922,0,0,0,4,NA,8,4,NA,8,1,0,17,17,9,5,4,0,0
6759,20260922,1,1,0,1,4,4,1,4,4,4,0,17,17,13,2124,4369,0,4369
6760,20260922,0,0,0,NA,NA,4,NA,NA,4,0,0,17,17,13,0,0,0,0
6761,20260922,0,0,0,3,NA,7,3,NA,7,1,0,17,17,10,6,1,0,0
6762,20260922,0,0,0,3,NA,7,3,NA,7,1,0,17,17,10,6,1,0,0
6763,20260922,1,1,0,1,4,4,1,4,4,4,0,17,17,13,2124,4369,0,4369
6764,20260922,1,1,0,1,4,4,1,4,4,4,0,17,17,13,2124,4913,0,17476
6765,20260922,0,0,0,NA,NA,4,NA,NA,4,0,0,17,17,13,0,0,0,0
6766,20260922,0,0,0,NA,NA,4,NA,NA,4,0,0,17,17,13,0,0,0,0
6767,20260922,1,1,0,2,6,6,2,6,6,4,0,17,17,11,72,4369,0,4369
6768,20260922,0,0,0,4,NA,8,4,NA,8,1,0,17,17,9,5,7,0,0
6769,20260922,0,0,0,NA,NA,4,NA,NA,4,0,0,17,17,13,0,0,0,0
6770,20260922,1,1,0,1,6,6,1,6,6,4,0,17,17,11,2052,5185,0,17476
6771,20260922,1,1,0,1,4,4,1,4,4,4,0,17,17,13,2124,4369,0,4369
6772,20260922,0,0,0,NA,NA,4,NA,NA,4,0,0,17,17,13,0,0,0,0
6773,20260922,0,0,0,NA,NA,4,NA,NA,4,0,0,17,17,13,0,0,0,0
6774,20260922,0,0,0,NA,NA,4,NA,NA,4,0,0,17,17,13,0,0,0,0
6775,20260922,0,0,0,NA,NA,4,NA,NA,4,0,0,17,17,13,0,0,0,0
6776,20260922,1,1,0,2,6,6,2,6,6,4,0,17,17,11,72,4369,0,4369
6777,20260922,0,0,0,NA,NA,4,NA,NA,4,0,0,17,17,13,0,0,0,0
6778,20260922,1,1,0,1,4,4,1,4,4,4,0,17,17,13,2124,4369,0,4369
6779,20260922,0,0,0,3,NA,7,3,NA,7,1,0,17,17,10,6,1,0,0
6780,20260922,0,0,0,3,NA,7,3,NA,7,1,0,17,17,10,6,1,0,0
6781,20260922,0,0,0,NA,NA,4,NA,NA,4,0,0,17,17,13,0,0,0,0
6782,20260922,1,1,0,1,4,4,1,4,4,4,0,17,17,13,2124,4369,0,4369
6783,20260922,1,1,0,1,4,4,1,4,4,4,0,17,17,13,2124,4369,0,4369
6784,20260922,1,1,0,1,4,4,1,4,4,4,0,17,17,13,2124,4369,0,4369
6785,20260922,1,1,0,1,4,4,1,4,4,4,0,17,17,13,2124,4369,0,4369
6786,20260922,0,0,0,NA,NA,4,NA,NA,4,0,0,17,17,13,0,0,0,0
6787,20260922,0,0,0,NA,NA,4,NA,NA,4,0,0,17,17,13,0,0,0,0
6788,20260922,1,1,0,2,6,6,2,6,6,4,0,17,17,11,72,8738,0,8738
6789,20260922,1,1,0,1,6,6,1,6,6,4,0,17,17,11,2052,9554,0,21845
6790,20260922,0,0,0,NA,NA,4,NA,NA,4,0,0,17,17,13,0,0,0,0
6791,20260922,0,0,0,NA,NA,4,NA,NA,4,0,0,17,17,13,0,0,0,0
6792,20260922,0,0,0,4,NA,8,4,NA,8,1,0,17,17,9,5,1,0,0
6793,20260922,1,1,0,1,6,6,1,6,6,4,0,17,17,11,2052,5185,0,17476
6794,20260922,1,1,0,1,4,4,1,4,4,4,0,17,17,13,2124,4369,0,4369
6795,20260922,1,1,0,1,4,4,1,4,4,4,0,17,17,13,2124,4369,0,4369
6796,20260922,1,1,0,1,4,4,1,4,4,4,0,17,17,13,2124,4369,0,4369
6797,20260922,0,0,0,NA,NA,4,NA,NA,4,0,0,17,17,13,0,0,0,0
6798,20260922,0,0,0,NA,NA,4,NA,NA,4,0,0,17,17,13,0,0,0,0
6799,20260922,0,0,0,NA,NA,4,NA,NA,4,0,0,17,17,13,0,0,0,0
6800,20260922,1,1,0,3,12,12,3,12,12,4,0,17,17,5,3294,4369,3294,4369
6801,20260922,1,1,0,2,6,6,2,6,6,4,0,17,17,11,72,4369,0,4369
6802,20260922,1,1,0,1,6,6,1,6,6,4,0,17,17,11,2052,5185,0,17476
6803,20260922,0,0,0,4,NA,8,4,NA,8,1,0,17,17,9,5,5,0,0
6804,20260922,0,0,0,4,NA,11,4,NA,11,2,0,17,17,6,29,67,0,0
6805,20260922,0,0,0,NA,NA,4,NA,NA,4,0,0,17,17,13,0,0,0,0
6806,20260922,1,1,0,1,4,4,1,4,4,4,0,17,17,13,2124,4369,0,4369
6807,20260922,0,0,0,NA,NA,4,NA,NA,4,0,0,17,17,13,0,0,0,0
6808,20260922,1,1,0,1,4,4,1,4,4,4,0,17,17,13,2124,4369,0,4369
6809,20260922,1,1,0,1,6,6,1,6,6,4,0,17,17,11,2052,5729,0,26214
6810,20260922,0,0,0,NA,NA,4,NA,NA,4,0,0,17,17,13,0,0,0,0
6811,20260922,1,1,0,2,8,8,2,8,8,4,0,17,17,9,0,26214,0,26214
6812,20260922,0,0,0,NA,NA,4,NA,NA,4,0,0,17,17,13,0,0,0,0
6813,20260922,0,0,0,NA,NA,4,NA,NA,4,0,0,17,17,13,0,0,0,0
6814,20260922,0,0,0,NA,NA,4,NA,NA,4,0,0,17,17,13,0,0,0,0
6815,20260922,0,0,0,NA,NA,4,NA,NA,4,0,0,17,17,13,0,0,0,0
6816,20260922,1,1,0,2,6,6,2,6,6,4,0,17,17,11,72,4369,0,4369
6817,20260922,1,1,0,2,6,6,2,6,6,4,0,17,17,11,72,4369,0,4369
6818,20260922,1,1,0,1,6,6,1,6,6,4,0,17,17,11,2052,5729,0,26214
6819,20260922,1,1,0,1,4,4,1,4,4,4,0,17,17,13,2124,12563,0,4369
6820,20260922,1,1,0,1,6,6,1,6,6,4,0,17,17,11,2052,5729,0,26214
6821,20260922,0,0,0,4,NA,8,4,NA,8,1,0,17,17,9,5,5,0,0
6822,20260922,0,0,0,3,NA,7,3,NA,7,1,0,17,17,10,6,1,0,0
6823,20260922,1,1,0,1,6,6,1,6,6,4,0,17,17,11,2052,9554,0,21845
6824,20260922,0,0,0,NA,NA,4,NA,NA,4,0,0,17,17,13,0,0,0,0
6825,20260922,1,1,0,1,4,4,1,4,4,4,0,17,17,13,2124,4369,0,4369
6826,20260922,0,0,0,3,NA,7,3,NA,7,1,0,17,17,10,6,1,0,0
6827,20260922,1,1,0,1,4,4,1,4,4,4,0,17,17,13,2124,4369,0,4369
6828,20260922,0,0,0,NA,NA,4,NA,NA,4,0,0,17,17,13,0,0,0,0
6829,20260922,1,1,0,1,6,6,1,6,6,4,0,17,17,11,2052,5185,0,17476
6830,20260922,0,0,0,NA,NA,4,NA,NA,4,0,0,17,17,13,0,0,0,0
6831,20260922,0,0,0,3,NA,7,3,NA,7,1,0,17,17,10,6,1,0,0
6832,20260922,0,0,0,NA,NA,4,NA,NA,4,0,0,17,17,13,0,0,0,0
6833,20260922,1,1,0,3,12,12,3,12,12,4,0,17,17,5,3294,4369,3294,4369
6834,20260922,0,0,0,NA,NA,4,NA,NA,4,0,0,17,17,13,0,0,0,0
6835,20260922,1,1,0,1,4,4,1,4,4,4,0,17,17,13,2124,4369,0,4369
6836,20260922,1,1,0,3,12,12,3,12,12,4,0,17,17,5,3294,4369,3294,4369
6837,20260922,1,1,0,1,4,4,1,4,4,4,0,17,17,13,2124,4913,0,17476
6838,20260922,1,1,0,2,8,8,2,8,8,4,0,17,17,9,0,4369,0,4369
6839,20260922,0,0,0,NA,NA,4,NA,NA,4,0,0,17,17,13,0,0,0,0
6840,20260922,1,1,0,1,4,4,1,4,4,4,0,17,17,13,2124,4369,0,4369
6841,20260922,0,0,0,3,NA,7,3,NA,7,1,0,17,17,10,6,1,0,0
6842,20260922,1,1,0,2,6,6,2,6,6,4,0,17,17,11,72,4369,0,4369
6843,20260922,1,1,0,3,12,12,3,12,12,4,0,17,17,5,3294,4369,3294,4369
6844,20260922,0,0,0,NA,NA,4,NA,NA,4,0,0,17,17,13,0,0,0,0
6845,20260922,1,1,0,1,4,4,1,4,4,4,0,17,17,13,2124,4369,0,4369
6846,20260922,0,0,0,NA,NA,4,NA,NA,4,0,0,17,17,13,0,0,0,0
6847,20260922,0,0,0,NA,NA,4,NA,NA,4,0,0,17,17,13,0,0,0,0
6848,20260922,0,0,0,NA,NA,4,NA,NA,4,0,0,17,17,13,0,0,0,0
6849,20260922,0,0,0,NA,NA,4,NA,NA,4,0,0,17,17,13,0,0,0,0
6850,20260922,0,0,0,NA,NA,4,NA,NA,4,0,0,17,17,13,0,0,0,0
6851,20260922,0,0,0,NA,NA,4,NA,NA,4,0,0,17,17,13,0,0,0,0
6852,20260922,1,1,0,1,4,4,1,4,4,4,0,17,17,13,2124,4369,0,4369
6853,20260922,1,1,0,2,6,6,2,6,6,4,0,17,17,11,72,4369,0,4369
6854,20260922,0,0,0,NA,NA,4,NA,NA,4,0,0,17,17,13,0,0,0,0
6855,20260922,1,1,0,1,6,6,1,6,6,4,0,17,17,11,2052,5185,0,17476
6856,20260922,1,1,0,1,4,4,1,4,4,4,0,17,17,13,2124,4369,0,4369
6857,20260922,0,0,0,4,NA,11,4,NA,11,2,0,17,17,6,29,70,0,0
6858,20260922,1,1,0,1,4,4,1,4,4,4,0,17,17,13,2124,4369,0,4369
6859,20260922,0,0,0,NA,NA,4,NA,NA,4,0,0,17,17,13,0,0,0,0
6860,20260922,1,1,0,3,12,12,3,12,12,4,0,17,17,5,3294,4369,3294,4369
6861,20260922,0,0,0,NA,NA,4,NA,NA,4,0,0,17,17,13,0,0,0,0
6862,20260922,0,0,0,NA,NA,4,NA,NA,4,0,0,17,17,13,0,0,0,0
6863,20260922,0,0,0,NA,NA,4,NA,NA,4,0,0,17,17,13,0,0,0,0
6864,20260922,1,1,0,2,8,8,2,8,8,4,0,17,17,9,0,26214,0,26214
6865,20260922,1,1,0,2,6,6,2,6,6,4,0,17,17,11,72,8738,0,8738
6866,20260922,0,0,0,NA,NA,4,NA,NA,4,0,0,17,17,13,0,0,0,0
6867,20260922,1,1,0,1,4,4,1,4,4,4,0,17,17,13,2124,4369,0,4369
6868,20260922,0,0,0,3,NA,7,3,NA,7,1,0,17,17,10,6,1,0,0
6869,20260922,1,1,0,1,6,6,1,6,6,4,0,17,17,11,2052,5185,0,17476
6870,20260922,0,0,0,NA,NA,4,NA,NA,4,0,0,17,17,13,0,0,0,0
6871,20260922,1,1,0,2,6,6,2,6,6,4,0,17,17,11,72,4369,0,4369
6872,20260922,0,0,0,NA,NA,4,NA,NA,4,0,0,17,17,13,0,0,0,0
6873,20260922,0,0,0,NA,NA,4,NA,NA,4,0,0,17,17,13,0,0,0,0
6874,20260922,1,1,0,1,4,4,1,4,4,4,0,17,17,13,2124,4913,0,17476
6875,20260922,0,0,0,NA,NA,4,NA,NA,4,0,0,17,17,13,0,0,0,0
6876,20260922,1,1,0,1,4,4,1,4,4,4,0,17,17,13,2124,4369,0,4369
6877,20260922,1,1,0,1,6,6,1,6,6,4,0,17,17,11,2052,5729,0,26214
6878,20260922,0,0,0,NA,NA,4,NA,NA,4,0,0,17,17,13,0,0,0,0
6879,20260922,0,0,0,NA,NA,4,NA,NA,4,0,0,17,17,13,0,0,0,0
6880,20260922,0,0,0,3,NA,7,3,NA,7,1,0,17,17,10,6,1,0,0
6881,20260922,0,0,0,3,NA,7,3,NA,7,1,0,17,17,10,6,2,0,0
6882,20260922,1,1,0,1,4,4,1,4,4,4,0,17,17,13,2124,4369,0,4369
6883,20260922,1,1,0,1,4,4,1,4,4,4,0,17,17,13,2124,12563,0,4369
6884,20260922,0,0,0,NA,NA,4,NA,NA,4,0,0,17,17,13,0,0,0,0
6885,20260922,1,1,0,1,4,4,1,4,4,4,0,17,17,13,2124,12563,0,4369
6886,20260922,1,1,0,1,4,4,1,4,4,4,0,17,17,13,2124,4369,0,4369
6887,20260922,0,0,0,NA,NA,4,NA,NA,4,0,0,17,17,13,0,0,0,0
6888,20260922,0,0,0,4,NA,8,4,NA,8,1,0,17,17,9,5,6,0,0
6889,20260922,1,1,0,1,6,6,1,6,6,4,0,17,17,11,2052,5185,0,17476
6890,20260922,0,0,0,NA,NA,4,NA,NA,4,0,0,17,17,13,0,0,0,0
6891,20260922,1,1,0,1,4,4,1,4,4,4,0,17,17,13,2124,12563,0,4369
6892,20260922,1,1,0,1,6,6,1,6,6,4,0,17,17,11,2052,5185,0,17476
6893,20260922,0,0,0,3,NA,7,3,NA,7,1,0,17,17,10,6,1,0,0
6894,20260922,1,1,0,1,4,4,1,4,4,4,0,17,17,13,2124,4369,0,4369
6895,20260922,1,1,0,2,6,6,2,6,6,4,0,17,17,11,72,4369,0,4369
6896,20260922,0,0,0,NA,NA,4,NA,NA,4,0,0,17,17,13,0,0,0,0
6897,20260922,1,1,0,1,4,4,1,4,4,4,0,17,17,13,2124,4369,0,4369
6898,20260922,0,0,0,3,NA,7,3,NA,7,1,0,17,17,10,6,2,0,0
6899,20260922,1,1,0,1,4,4,1,4,4,4,0,17,17,13,2124,4369,0,4369
6900,20260922,1,1,0,2,6,6,2,6,6,4,0,17,17,11,72,4369,0,4369
6901,20260922,1,1,0,1,4,4,1,4,4,4,0,17,17,13,2124,4369,0,4369
6902,20260922,0,0,0,NA,NA,4,NA,NA,4,0,0,17,17,13,0,0,0,0
6903,20260922,1,1,0,1,4,4,1,4,4,4,0,17,17,13,2124,4369,0,4369
6904,20260922,1,1,0,3,12,12,3,12,12,4,0,17,17,5,3294,4369,3294,4369
6905,20260922,1,1,0,3,12,12,3,12,12,4,0,17,17,5,3294,4369,3294,4369
6906,20260922,1,1,0,1,6,6,1,6,6,4,0,17,17,11,2052,5729,0,26214
6907,20260922,0,0,0,NA,NA,4,NA,NA,4,0,0,17,17,13,0,0,0,0
6908,20260922,1,1,0,1,4,4,1,4,4,4,0,17,17,13,2124,4913,0,17476
6909,20260922,0,0,0,NA,NA,4,NA,NA,4,0,0,17,17,13,0,0,0,0
6910,20260922,0,0,0,NA,NA,4,NA,NA,4,0,0,17,17,13,0,0,0,0
6911,20260922,0,0,0,NA,NA,4,NA,NA,4,0,0,17,17,13,0,0,0,0
6912,20260922,1,1,0,1,6,6,1,6,6,4,0,17,17,11,2052,5185,0,17476
6913,20260922,0,0,0,NA,NA,4,NA,NA,4,0,0,17,17,13,0,0,0,0
6914,20260922,1,1,0,1,4,4,1,4,4,4,0,17,17,13,2124,12563,0,4369
6915,20260922,1,1,0,1,6,6,1,6,6,4,0,17,17,11,2052,9282,0,17476
6916,20260922,1,1,0,1,4,4,1,4,4,4,0,17,17,13,2124,4369,0,4369
6917,20260922,1,1,0,1,6,6,1,6,6,4,0,17,17,11,2052,5729,0,26214
6918,20260922,1,1,0,1,4,4,1,4,4,4,0,17,17,13,2124,4369,0,4369
6919,20260922,1,1,0,1,4,4,1,4,4,4,0,17,17,13,2124,4369,0,4369
6920,20260922,0,0,0,NA,NA,4,NA,NA,4,0,0,17,17,13,0,0,0,0
6921,20260922,1,1,0,1,6,6,1,6,6,4,0,17,17,11,2052,5729,0,26214
6922,20260922,0,0,0,NA,NA,4,NA,NA,4,0,0,17,17,13,0,0,0,0
6923,20260922,1,1,0,1,4,4,1,4,4,4,0,17,17,13,2124,12835,0,8738
6924,20260922,1,1,0,2,6,6,2,6,6,4,0,17,17,11,72,8738,0,8738
6925,20260922,0,0,0,NA,NA,4,NA,NA,4,0,0,17,17,13,0,0,0,0
6926,20260922,0,0,0,3,NA,7,3,NA,7,1,0,17,17,10,6,1,0,0
6927,20260922,0,0,0,NA,NA,4,NA,NA,4,0,0,17,17,13,0,0,0,0
6928,20260922,1,1,0,2,6,6,2,6,6,4,0,17,17,11,72,4369,0,4369
6929,20260922,0,0,0,3,NA,7,3,NA,7,1,0,17,17,10,6,1,0,0
6930,20260922,0,0,0,NA,NA,4,NA,NA,4,0,0,17,17,13,0,0,0,0
6931,20260922,0,0,0,NA,NA,4,NA,NA,4,0,0,17,17,13,0,0,0,0
6932,20260922,1,1,0,1,4,4,1,4,4,4,0,17,17,13,2124,4369,0,4369
6933,20260922,0,0,0,3,NA,7,3,NA,7,1,0,17,17,10,6,1,0,0
6934,20260922,0,0,0,3,NA,7,3,NA,7,1,0,17,17,10,6,1,0,0
6935,20260922,1,1,0,2,6,6,2,6,6,4,0,17,17,11,72,4369,0,4369
6936,20260922,0,0,0,NA,NA,4,NA,NA,4,0,0,17,17,13,0,0,0,0
6937,20260922,0,0,0,NA,NA,4,NA,NA,4,0,0,17,17,13,0,0,0,0
6938,20260922,1,1,0,1,6,6,1,6,6,4,0,17,17,11,2052,5729,0,26214
6939,20260922,1,1,0,1,4,4,1,4,4,4,0,17,17,13,2124,4369,0,4369
6940,20260922,0,0,0,NA,NA,4,NA,NA,4,0,0,17,17,13,0,0,0,0
6941,20260922,1,1,0,3,12,12,3,12,12,4,0,17,17,5,3294,4369,3294,4369
6942,20260922,0,0,0,3,NA,7,3,NA,7,1,0,17,17,10,6,4,0,0
6943,20260922,0,0,0,NA,NA,4,NA,NA,4,0,0,17,17,13,0,0,0,0
6944,20260922,0,0,0,NA,NA,4,NA,NA,4,0,0,17,17,13,0,0,0,0
6945,20260922,0,0,0,NA,NA,4,NA,NA,4,0,0,17,17,13,0,0,0,0
6946,20260922,1,1,0,1,4,4,1,4,4,4,0,17,17,13,2124,4369,0,4369
6947,20260922,1,1,0,1,4,4,1,4,4,4,0,17,17,13,2124,4369,0,4369
6948,20260922,0,0,0,NA,NA,4,NA,NA,4,0,0,17,17,13,0,0,0,0
6949,20260922,0,0,0,4,NA,8,4,NA,8,1,0,17,17,9,5,8,0,0
6950,20260922,1,1,0,2,6,6,2,6,6,4,0,17,17,11,72,8738,0,8738
6951,20260922,0,0,0,3,NA,7,3,NA,7,1,0,17,17,10,6,1,0,0
6952,20260922,1,1,0,2,6,6,2,6,6,4,0,17,17,11,72,4369,0,4369
6953,20260922,0,0,0,NA,NA,4,NA,NA,4,0,0,17,17,13,0,0,0,0
6954,20260922,1,1,0,3,12,12,3,12,12,4,0,17,17,5,3294,4369,3294,4369
6955,20260922,0,0,0,NA,NA,4,NA,NA,4,0,0,17,17,13,0,0,0,0
6956,20260922,1,1,0,1,4,4,1,4,4,4,0,17,17,13,2124,12563,0,4369
6957,20260922,1,1,0,2,6,6,2,6,6,4,0,17,17,11,72,17204,0,17476
6958,20260922,1,1,0,1,4,4,1,4,4,4,0,17,17,13,2124,4369,0,4369
6959,20260922,0,0,0,NA,NA,4,NA,NA,4,0,0,17,17,13,0,0,0,0
6960,20260922,0,0,0,NA,NA,4,NA,NA,4,0,0,17,17,13,0,0,0,0
6961,20260922,1,1,0,1,4,4,1,4,4,4,0,17,17,13,2124,4369,0,4369
6962,20260922,1,1,0,2,6,6,2,6,6,4,0,17,17,11,72,4369,0,4369
6963,20260922,1,1,0,1,4,4,1,4,4,4,0,17,17,13,2124,4369,0,4369
6964,20260922,0,0,0,NA,NA,4,NA,NA,4,0,0,17,17,13,0,0,0,0
6965,20260922,0,0,0,3,NA,7,3,NA,7,1,0,17,17,10,6,1,0,0
6966,20260922,1,1,0,1,4,4,1,4,4,4,0,17,17,13,2124,4369,0,4369
6967,20260922,1,1,0,1,4,4,1,4,4,4,0,17,17,13,2124,4369,0,4369
6968,20260922,1,1,0,1,4,4,1,4,4,4,0,17,17,13,2124,4913,0,17476
6969,20260922,1,1,0,1,4,4,1,4,4,4,0,17,17,13,2124,4369,0,4369
6970,20260922,1,1,0,1,4,4,1,4,4,4,0,17,17,13,2124,12563,0,4369
6971,20260922,1,1,0,3,12,12,3,12,12,4,0,17,17,5,3294,4369,3294,4369
6972,20260922,1,1,0,1,4,4,1,4,4,4,0,17,17,13,2124,12563,0,4369
6973,20260922,1,1,0,1,4,4,1,4,4,4,0,17,17,13,2124,4369,0,4369
6974,20260922,0,0,0,NA,NA,4,NA,NA,4,0,0,17,17,13,0,0,0,0
6975,20260922,0,0,0,4,NA,8,4,NA,8,1,0,17,17,9,5,10,0,0
6976,20260922,0,0,0,NA,NA,4,NA,NA,4,0,0,17,17,13,0,0,0,0
6977,20260922,1,1,0,2,8,8,2,8,8,4,0,17,17,9,0,17476,0,17476
6978,20260922,0,0,0,NA,NA,4,NA,NA,4,0,0,17,17,13,0,0,0,0
6979,20260922,0,0,0,NA,NA,4,NA,NA,4,0,0,17,17,13,0,0,0,0
6980,20260922,0,0,0,NA,NA,4,NA,NA,4,0,0,17,17,13,0,0,0,0
6981,20260922,0,0,0,NA,NA,4,NA,NA,4,0,0,17,17,13,0,0,0,0
6982,20260922,0,0,0,4,NA,8,4,NA,8,1,0,17,17,9,5,2,0,0
6983,20260922,0,0,0,NA,NA,4,NA,NA,4,0,0,17,17,13,0,0,0,0
6984,20260922,0,0,0,NA,NA,4,NA,NA,4,0,0,17,17,13,0,0,0,0
6985,20260922,1,1,0,1,4,4,1,4,4,4,0,17,17,13,2124,4369,0,4369
6986,20260922,1,1,0,1,4,4,1,4,4,4,0,17,17,13,2124,4369,0,4369
6987,20260922,1,1,0,1,4,4,1,4,4,4,0,17,17,13,2124,4369,0,4369
6988,20260922,1,1,0,3,12,12,3,12,12,4,0,17,17,5,3294,4369,3294,4369
6989,20260922,0,0,0,NA,NA,4,NA,NA,4,0,0,17,17,13,0,0,0,0
6990,20260922,0,0,0,NA,NA,4,NA,NA,4,0,0,17,17,13,0,0,0,0
6991,20260922,1,1,0,1,4,4,1,4,4,4,0,17,17,13,2124,4913,0,17476
6992,20260922,1,1,0,1,4,4,1,4,4,4,0,17,17,13,2124,4369,0,4369
6993,20260922,0,0,0,NA,NA,4,NA,NA,4,0,0,17,17,13,0,0,0,0
6994,20260922,1,1,0,1,4,4,1,4,4,4,0,17,17,13,2124,4369,0,4369
6995,20260922,1,1,0,3,12,12,3,12,12,4,0,17,17,5,3294,4369,3294,4369
6996,20260922,0,0,0,NA,NA,4,NA,NA,4,0,0,17,17,13,0,0,0,0
6997,20260922,1,1,0,1,4,4,1,4,4,4,0,17,17,13,2124,4369,0,4369
6998,20260922,1,1,0,2,6,6,2,6,6,4,0,17,17,11,72,8738,0,8738
6999,20260922,0,0,0,NA,NA,4,NA,NA,4,0,0,17,17,13,0,0,0,0
7000,20260922,1,1,0,1,4,4,1,4,4,4,0,17,17,13,2124,4369,0,4369
7001,20260922,1,1,0,1,4,4,1,4,4,4,0,17,17,13,2124,4369,0,4369
7002,20260922,0,0,0,NA,NA,4,NA,NA,4,0,0,17,17,13,0,0,0,0
7003,20260922,1,1,0,2,6,6,2,6,6,4,0,17,17,11,72,4369,0,4369
7004,20260922,1,1,0,1,4,4,1,4,4,4,0,17,17,13,2124,4369,0,4369
7005,20260922,1,1,0,1,4,4,1,4,4,4,0,17,17,13,2124,4369,0,4369
7006,20260922,1,1,0,1,4,4,1,4,4,4,0,17,17,13,2124,4641,0,8738
7007,20260922,1,1,0,2,6,6,2,6,6,4,0,17,17,11,72,4369,0,4369
7008,20260922,1,1,0,2,6,6,2,6,6,4,0,17,17,11,72,4369,0,4369
7009,20260922,0,0,0,3,NA,7,3,NA,7,1,0,17,17,10,6,1,0,0
7010,20260922,0,0,0,3,NA,7,3,NA,7,1,0,17,17,10,6,2,0,0
7011,20260922,1,1,0,1,4,4,1,4,4,4,0,17,17,13,2124,4369,0,4369
7012,20260922,1,1,0,1,4,4,1,4,4,4,0,17,17,13,2124,4369,0,4369
7013,20260922,0,0,0,NA,NA,4,NA,NA,4,0,0,17,17,13,0,0,0,0
7014,20260922,0,0,0,NA,NA,4,NA,NA,4,0,0,17,17,13,0,0,0,0
7015,20260922,0,0,0,3,NA,7,3,NA,7,1,0,17,17,10,6,1,0,0
7016,20260922,0,0,0,NA,NA,4,NA,NA,4,0,0,17,17,13,0,0,0,0
7017,20260922,0,0,0,NA,NA,4,NA,NA,4,0,0,17,17,13,0,0,0,0
7018,20260922,0,0,0,NA,NA,4,NA,NA,4,0,0,17,17,13,0,0,0,0
7019,20260922,1,1,0,1,4,4,1,4,4,4,0,17,17,13,2124,4369,0,4369
7020,20260922,1,1,0,2,6,6,2,6,6,4,0,17,17,11,72,8738,0,8738
7021,20260922,1,1,0,1,4,4,1,4,4,4,0,17,17,13,2124,4369,0,4369
7022,20260922,0,0,0,NA,NA,4,NA,NA,4,0,0,17,17,13,0,0,0,0
7023,20260922,0,0,0,4,NA,8,4,NA,8,1,0,17,17,9,5,8,0,0
7024,20260922,0,0,0,NA,NA,4,NA,NA,4,0,0,17,17,13,0,0,0,0
7025,20260922,0,0,0,NA,NA,4,NA,NA,4,0,0,17,17,13,0,0,0,0
7026,20260922,1,1,0,3,12,12,3,12,12,4,0,17,17,5,3294,8466,3294,8466
7027,20260922,1,1,0,2,8,8,2,8,8,4,0,17,17,9,0,8738,0,8738
7028,20260922,0,0,0,3,NA,7,3,NA,7,1,0,17,17,10,6,1,0,0
7029,20260922,0,0,0,NA,NA,4,NA,NA,4,0,0,17,17,13,0,0,0,0
7030,20260922,0,0,0,NA,NA,4,NA,NA,4,0,0,17,17,13,0,0,0,0
7031,20260922,1,1,0,1,4,4,1,4,4,4,0,17,17,13,2124,4369,0,4369
7032,20260922,0,0,0,NA,NA,4,NA,NA,4,0,0,17,17,13,0,0,0,0
7033,20260922,1,1,0,3,12,12,3,12,12,4,0,17,17,5,3294,4369,3294,4369
7034,20260922,0,0,0,4,NA,8,4,NA,8,1,0,17,17,9,5,3,0,0
7035,20260922,0,0,0,NA,NA,4,NA,NA,4,0,0,17,17,13,0,0,0,0
7036,20260922,0,0,0,NA,NA,4,NA,NA,4,0,0,17,17,13,0,0,0,0
7037,20260922,1,1,0,1,4,4,1,4,4,4,0,17,17,13,2124,4369,0,4369
7038,20260922,0,0,0,NA,NA,4,NA,NA,4,0,0,17,17,13,0,0,0,0
7039,20260922,0,0,0,NA,NA,4,NA,NA,4,0,0,17,17,13,0,0,0,0
7040,20260922,1,1,0,1,6,6,1,6,6,4,0,17,17,11,2052,4641,0,8738
7041,20260922,1,1,0,1,4,4,1,4,4,4,0,17,17,13,2124,4369,0,4369
7042,20260922,0,0,0,NA,NA,4,NA,NA,4,0,0,17,17,13,0,0,0,0
7043,20260922,0,0,0,NA,NA,4,NA,NA,4,0,0,17,17,13,0,0,0,0
7044,20260922,1,1,0,1,4,4,1,4,4,4,0,17,17,13,2124,4369,0,4369
7045,20260922,0,0,0,NA,NA,4,NA,NA,4,0,0,17,17,13,0,0,0,0
7046,20260922,0,0,0,3,NA,7,3,NA,7,1,0,17,17,10,6,1,0,0
7047,20260922,0,0,0,NA,NA,4,NA,NA,4,0,0,17,17,13,0,0,0,0
7048,20260922,1,1,0,1,4,4,1,4,4,4,0,17,17,13,2124,4369,0,4369
7049,20260922,0,0,0,4,NA,8,4,NA,8,1,0,17,17,9,5,6,0,0
7050,20260922,1,1,0,1,4,4,1,4,4,4,0,17,17,13,2124,4369,0,4369
7051,20260922,0,0,0,NA,NA,4,NA,NA,4,0,0,17,17,13,0,0,0,0
7052,20260922,1,1,0,1,6,6,1,6,6,4,0,17,17,11,2052,5729,0,26214
7053,20260922,0,0,0,NA,NA,4,NA,NA,4,0,0,17,17,13,0,0,0,0
7054,20260922,0,0,0,NA,NA,4,NA,NA,4,0,0,17,17,13,0,0,0,0
7055,20260922,0,0,0,NA,NA,4,NA,NA,4,0,0,17,17,13,0,0,0,0
7056,20260922,0,0,0,NA,NA,4,NA,NA,4,0,0,17,17,13,0,0,0,0
7057,20260922,0,0,0,NA,NA,4,NA,NA,4,0,0,17,17,13,0,0,0,0
7058,20260922,1,1,0,3,12,12,3,12,12,4,0,17,17,5,3294,4369,3294,4369
7059,20260922,0,0,0,3,NA,7,3,NA,7,1,0,17,17,10,6,1,0,0
7060,20260922,0,0,0,NA,NA,4,NA,NA,4,0,0,17,17,13,0,0,0,0
7061,20260922,1,1,0,1,4,4,1,4,4,4,0,17,17,13,2124,4369,0,4369
7062,20260922,1,1,0,1,4,4,1,4,4,4,0,17,17,13,2124,4369,0,4369
7063,20260922,0,0,0,NA,NA,4,NA,NA,4,0,0,17,17,13,0,0,0,0
7064,20260922,0,0,0,NA,NA,4,NA,NA,4,0,0,17,17,13,0,0,0,0
7065,20260922,0,0,0,NA,NA,4,NA,NA,4,0,0,17,17,13,0,0,0,0
7066,20260922,0,0,0,4,NA,8,4,NA,8,1,0,17,17,9,5,6,0,0
7067,20260922,1,1,0,1,4,4,1,4,4,4,0,17,17,13,2124,4369,0,4369
7068,20260922,1,1,0,1,4,4,1,4,4,4,0,17,17,13,2124,4913,0,17476
7069,20260922,0,0,0,3,NA,7,3,NA,7,1,0,17,17,10,6,1,0,0
7070,20260922,1,1,0,1,4,4,1,4,4,4,0,17,17,13,2124,4369,0,4369
7071,20260922,0,0,0,NA,NA,4,NA,NA,4,0,0,17,17,13,0,0,0,0
7072,20260922,0,0,0,3,NA,7,3,NA,7,1,0,17,17,10,6,1,0,0
7073,20260922,0,0,0,4,NA,8,4,NA,8,1,0,17,17,9,5,7,0,0
7074,20260922,0,0,0,NA,NA,4,NA,NA,4,0,0,17,17,13,0,0,0,0
7075,20260922,0,0,0,1,NA,5,1,NA,5,1,0,17,17,12,4,2,0,0
7076,20260922,0,0,0,NA,NA,4,NA,NA,4,0,0,17,17,13,0,0,0,0
7077,20260922,1,1,0,2,6,6,2,6,6,4,0,17,17,11,72,4369,0,4369
7078,20260922,0,0,0,NA,NA,4,NA,NA,4,0,0,17,17,13,0,0,0,0
7079,20260922,1,1,0,1,4,4,1,4,4,4,0,17,17,13,2124,4369,0,4369
7080,20260922,1,1,0,2,8,8,2,8,8,4,0,17,17,9,0,21845,0,21845
7081,20260922,0,0,0,4,NA,8,4,NA,8,1,0,17,17,9,5,6,0,0
7082,20260922,1,1,0,1,4,4,1,4,4,4,0,17,17,13,2124,4913,0,17476
7083,20260922,1,1,0,1,6,6,1,6,6,4,0,17,17,11,2052,4641,0,8738
7084,20260922,0,0,0,NA,NA,4,NA,NA,4,0,0,17,17,13,0,0,0,0
7085,20260922,0,0,0,3,NA,7,3,NA,7,1,0,17,17,10,6,1,0,0
7086,20260922,1,1,0,1,4,4,1,4,4,4,0,17,17,13,2124,12563,0,4369
7087,20260922,0,0,0,NA,NA,4,NA,NA,4,0,0,17,17,13,0,0,0,0
7088,20260922,0,0,0,NA,NA,4,NA,NA,4,0,0,17,17,13,0,0,0,0
7089,20260922,0,0,0,NA,NA,4,NA,NA,4,0,0,17,17,13,0,0,0,0
7090,20260922,1,1,0,1,4,4,1,4,4,4,0,17,17,13,2124,4369,0,4369
7091,20260922,1,1,0,3,12,12,3,12,12,4,0,17,17,5,3294,4369,3294,4369
7092,20260922,0,0,0,3,NA,7,3,NA,7,1,0,17,17,10,6,1,0,0
7093,20260922,1,1,0,1,4,4,1,4,4,4,0,17,17,13,2124,4369,0,4369
7094,20260922,1,1,0,1,4,4,1,4,4,4,0,17,17,13,2124,4369,0,4369
7095,20260922,0,0,0,NA,NA,4,NA,NA,4,0,0,17,17,13,0,0,0,0
7096,20260922,1,1,0,1,4,4,1,4,4,4,0,17,17,13,2124,4369,0,4369
7097,20260922,0,0,0,4,NA,8,4,NA,8,1,0,17,17,9,5,3,0,0
7098,20260922,1,1,0,2,6,6,2,6,6,4,0,17,17,11,72,4369,0,4369
7099,20260922,0,0,0,NA,NA,4,NA,NA,4,0,0,17,17,13,0,0,0,0
7100,20260922,1,1,0,2,6,6,2,6,6,4,0,17,17,11,72,4369,0,4369
7101,20260922,0,0,0,NA,NA,4,NA,NA,4,0,0,17,17,13,0,0,0,0
7102,20260922,1,1,0,1,4,4,1,4,4,4,0,17,17,13,2124,12563,0,4369
7103,20260922,0,0,0,4,NA,8,4,NA,8,1,0,17,17,9,5,8,0,0
7104,20260922,1,1,0,1,4,4,1,4,4,4,0,17,17,13,2124,4369,0,4369
7105,20260922,0,0,0,NA,NA,4,NA,NA,4,0,0,17,17,13,0,0,0,0
7106,20260922,1,1,0,1,4,4,1,4,4,4,0,17,17,13,2124,4369,0,4369
7107,20260922,1,1,0,1,6,6,1,6,6,4,0,17,17,11,2052,5185,0,17476
7108,20260922,0,0,0,NA,NA,4,NA,NA,4,0,0,17,17,13,0,0,0,0
7109,20260922,0,0,0,NA,NA,4,NA,NA,4,0,0,17,17,13,0,0,0,0
7110,20260922,0,0,0,NA,NA,4,NA,NA,4,0,0,17,17,13,0,0,0,0
7111,20260922,1,1,0,2,8,8,2,8,8,4,0,17,17,9,0,21845,0,21845
7112,20260922,0,0,0,3,NA,7,3,NA,7,1,0,17,17,10,6,1,0,0
7113,20260922,1,1,0,1,6,6,1,6,6,4,0,17,17,11,2052,5729,0,26214
7114,20260922,0,0,0,4,NA,8,4,NA,8,1,0,17,17,9,5,5,0,0
7115,20260922,0,0,0,NA,NA,4,NA,NA,4,0,0,17,17,13,0,0,0,0
7116,20260922,0,0,0,3,NA,7,3,NA,7,1,0,17,17,10,6,1,0,0
7117,20260922,0,0,0,NA,NA,4,NA,NA,4,0,0,17,17,13,0,0,0,0
7118,20260922,0,0,0,NA,NA,4,NA,NA,4,0,0,17,17,13,0,0,0,0
7119,20260922,1,1,0,1,4,4,1,4,4,4,0,17,17,13,2124,4913,0,17476
7120,20260922,0,0,0,4,NA,8,4,NA,8,1,0,17,17,9,5,4,0,0
7121,20260922,1,1,0,3,12,12,3,12,12,4,0,17,17,5,3294,4369,3294,4369
7122,20260922,0,0,0,3,NA,7,3,NA,7,1,0,17,17,10,6,4,0,0
7123,20260922,0,0,0,3,NA,7,3,NA,7,1,0,17,17,10,6,1,0,0
7124,20260922,1,1,0,2,8,8,2,8,8,4,0,17,17,9,0,17476,0,17476
7125,20260922,0,0,0,NA,NA,4,NA,NA,4,0,0,17,17,13,0,0,0,0
7126,20260922,0,0,0,NA,NA,4,NA,NA,4,0,0,17,17,13,0,0,0,0
7127,20260922,1,1,0,1,4,4,1,4,4,4,0,17,17,13,2124,4369,0,4369
7128,20260922,0,0,0,NA,NA,4,NA,NA,4,0,0,17,17,13,0,0,0,0
7129,20260922,0,0,0,NA,NA,4,NA,NA,4,0,0,17,17,13,0,0,0,0
7130,20260922,1,1,0,1,4,4,1,4,4,4,0,17,17,13,2124,12563,0,4369
7131,20260922,0,0,0,NA,NA,4,NA,NA,4,0,0,17,17,13,0,0,0,0
7132,20260922,0,0,0,NA,NA,4,NA,NA,4,0,0,17,17,13,0,0,0,0
7133,20260922,0,0,0,NA,NA,4,NA,NA,4,0,0,17,17,13,0,0,0,0
7134,20260922,0,0,0,NA,NA,4,NA,NA,4,0,0,17,17,13,0,0,0,0
7135,20260922,1,1,0,1,4,4,1,4,4,4,0,17,17,13,2124,4369,0,4369
7136,20260922,1,1,0,3,12,12,3,12,12,4,0,17,17,5,3294,4369,3294,4369
7137,20260922,0,0,0,3,NA,7,3,NA,7,1,0,17,17,10,6,1,0,0
7138,20260922,1,1,0,1,6,6,1,6,6,4,0,17,17,11,2052,5185,0,17476
7139,20260922,0,0,0,NA,NA,4,NA,NA,4,0,0,17,17,13,0,0,0,0
7140,20260922,1,1,0,1,4,4,1,4,4,4,0,17,17,13,2124,4369,0,4369
7141,20260922,1,1,0,2,6,6,2,6,6,4,0,17,17,11,72,4369,0,4369
7142,20260922,0,0,0,3,NA,7,3,NA,7,1,0,17,17,10,6,1,0,0
7143,20260922,1,1,0,2,6,6,2,6,6,4,0,17,17,11,72,8738,0,8738
7144,20260922,1,1,0,1,4,4,1,4,4,4,0,17,17,13,2124,4369,0,4369
7145,20260922,1,1,0,1,6,6,1,6,6,4,0,17,17,11,2052,5185,0,17476
7146,20260922,1,1,0,2,6,6,2,6,6,4,0,17,17,11,72,4369,0,4369
7147,20260922,0,0,0,NA,NA,4,NA,NA,4,0,0,17,17,13,0,0,0,0
7148,20260922,0,0,0,4,NA,8,4,NA,8,1,0,17,17,9,5,6,0,0
7149,20260922,0,0,0,NA,NA,4,NA,NA,4,0,0,17,17,13,0,0,0,0
7150,20260922,0,0,0,NA,NA,4,NA,NA,4,0,0,17,17,13,0,0,0,0
7151,20260922,1,1,0,1,4,4,1,4,4,4,0,17,17,13,2124,4369,0,4369
7152,20260922,1,1,0,3,12,12,3,12,12,4,0,17,17,5,3294,4369,3294,4369
7153,20260922,0,0,0,NA,NA,4,NA,NA,4,0,0,17,17,13,0,0,0,0
7154,20260922,0,0,0,NA,NA,4,NA,NA,4,0,0,17,17,13,0,0,0,0
7155,20260922,0,0,0,NA,NA,4,NA,NA,4,0,0,17,17,13,0,0,0,0
7156,20260922,0,0,0,NA,NA,4,NA,NA,4,0,0,17,17,13,0,0,0,0
7157,20260922,0,0,0,NA,NA,4,NA,NA,4,0,0,17,17,13,0,0,0,0
7158,20260922,0,0,0,NA,NA,4,NA,NA,4,0,0,17,17,13,0,0,0,0
7159,20260922,0,0,0,NA,NA,4,NA,NA,4,0,0,17,17,13,0,0,0,0
7160,20260922,1,1,0,1,4,4,1,4,4,4,0,17,17,13,2124,4641,0,8738
7161,20260922,0,0,0,NA,NA,4,NA,NA,4,0,0,17,17,13,0,0,0,0
7162,20260922,1,1,0,2,8,8,2,8,8,4,0,17,17,9,0,13107,0,13107
7163,20260922,0,0,0,NA,NA,4,NA,NA,4,0,0,17,17,13,0,0,0,0
7164,20260922,1,1,0,1,4,4,1,4,4,4,0,17,17,13,2124,4369,0,4369
7165,20260922,0,0,0,NA,NA,4,NA,NA,4,0,0,17,17,13,0,0,0,0
7166,20260922,1,1,0,1,6,6,1,6,6,4,0,17,17,11,2052,5185,0,17476
7167,20260922,1,1,0,1,4,4,1,4,4,4,0,17,17,13,2124,4369,0,4369
7168,20260922,0,0,0,NA,NA,4,NA,NA,4,0,0,17,17,13,0,0,0,0
7169,20260922,0,0,0,NA,NA,4,NA,NA,4,0,0,17,17,13,0,0,0,0
7170,20260922,1,1,0,1,4,4,1,4,4,4,0,17,17,13,2124,4369,0,4369
7171,20260922,0,0,0,NA,NA,4,NA,NA,4,0,0,17,17,13,0,0,0,0
7172,20260922,0,0,0,NA,NA,4,NA,NA,4,0,0,17,17,13,0,0,0,0
7173,20260922,1,1,0,1,4,4,1,4,4,4,0,17,17,13,2124,4369,0,4369
7174,20260922,1,1,0,1,4,4,1,4,4,4,0,17,17,13,2124,4369,0,4369
7175,20260922,1,1,0,1,4,4,1,4,4,4,0,17,17,13,2124,4369,0,4369
7176,20260922,1,1,0,2,6,6,2,6,6,4,0,17,17,11,72,4369,0,4369
7177,20260922,1,1,0,1,4,4,1,4,4,4,0,17,17,13,2124,4369,0,4369
7178,20260922,1,1,0,1,4,4,1,4,4,4,0,17,17,13,2124,4641,0,8738
7179,20260922,1,1,0,1,4,4,1,4,4,4,0,17,17,13,2124,4369,0,4369
7180,20260922,1,1,0,1,4,4,1,4,4,4,0,17,17,13,2124,4369,0,4369
7181,20260922,1,1,0,1,4,4,1,4,4,4,0,17,17,13,2124,4369,0,4369
7182,20260922,1,1,0,1,6,6,1,6,6,4,0,17,17,11,2052,5729,0,26214
7183,20260922,1,1,0,1,4,4,1,4,4,4,0,17,17,13,2124,4369,0,4369
7184,20260922,0,0,0,NA,NA,4,NA,NA,4,0,0,17,17,13,0,0,0,0
7185,20260922,0,0,0,NA,NA,4,NA,NA,4,0,0,17,17,13,0,0,0,0
7186,20260922,1,1,0,1,6,6,1,6,6,4,0,17,17,11,2052,5729,0,26214
7187,20260922,1,1,0,2,8,8,2,8,8,4,0,17,17,9,0,4369,0,4369
7188,20260922,1,1,0,1,4,4,1,4,4,4,0,17,17,13,2124,4369,0,4369
7189,20260922,0,0,0,3,NA,7,3,NA,7,1,0,17,17,10,6,1,0,0
7190,20260922,1,1,0,1,4,4,1,4,4,4,0,17,17,13,2124,4369,0,4369
7191,20260922,0,0,0,NA,NA,4,NA,NA,4,0,0,17,17,13,0,0,0,0
7192,20260922,0,0,0,NA,NA,4,NA,NA,4,0,0,17,17,13,0,0,0,0
7193,20260922,1,1,0,2,8,8,2,8,8,4,0,17,17,9,0,8738,0,8738
7194,20260922,1,1,0,3,12,12,3,12,12,4,0,17,17,5,3294,16660,3294,16660
7195,20260922,0,0,0,3,NA,7,3,NA,7,1,0,17,17,10,6,1,0,0
7196,20260922,0,0,0,NA,NA,4,NA,NA,4,0,0,17,17,13,0,0,0,0
7197,20260922,1,1,0,1,4,4,1,4,4,4,0,17,17,13,2124,4369,0,4369
7198,20260922,0,0,0,4,NA,8,4,NA,8,1,0,17,17,9,5,9,0,0
7199,20260922,0,0,0,4,NA,8,4,NA,8,1,0,17,17,9,5,10,0,0
7200,20260922,1,1,0,2,8,8,2,8,8,4,0,17,17,9,0,17476,0,17476
7201,20260922,0,0,0,NA,NA,4,NA,NA,4,0,0,17,17,13,0,0,0,0
7202,20260922,1,1,0,2,6,6,2,6,6,4,0,17,17,11,72,4369,0,4369
7203,20260922,1,1,0,2,6,6,2,6,6,4,0,17,17,11,72,4369,0,4369
7204,20260922,1,1,0,1,6,6,1,6,6,4,0,17,17,11,2052,13107,0,13107
7205,20260922,0,0,0,NA,NA,4,NA,NA,4,0,0,17,17,13,0,0,0,0
7206,20260922,1,1,0,1,4,4,1,4,4,4,0,17,17,13,2124,4369,0,4369
7207,20260922,0,0,0,NA,NA,4,NA,NA,4,0,0,17,17,13,0,0,0,0
7208,20260922,0,0,0,NA,NA,4,NA,NA,4,0,0,17,17,13,0,0,0,0
7209,20260922,0,0,0,NA,NA,4,NA,NA,4,0,0,17,17,13,0,0,0,0
7210,20260922,0,0,0,NA,NA,4,NA,NA,4,0,0,17,17,13,0,0,0,0
7211,20260922,0,0,0,4,NA,8,4,NA,8,1,0,17,17,9,5,1,0,0
7212,20260922,0,0,0,NA,NA,4,NA,NA,4,0,0,17,17,13,0,0,0,0
7213,20260922,1,1,0,2,6,6,2,6,6,4,0,17,17,11,72,4369,0,4369
7214,20260922,0,0,0,NA,NA,4,NA,NA,4,0,0,17,17,13,0,0,0,0
7215,20260922,1,1,0,1,6,6,1,6,6,4,0,17,17,11,2052,5729,0,26214
7216,20260922,1,1,0,1,4,4,1,4,4,4,0,17,17,13,2124,4369,0,4369
7217,20260922,1,1,0,2,8,8,2,8,8,4,0,17,17,9,0,13107,0,13107
7218,20260922,0,0,0,NA,NA,4,NA,NA,4,0,0,17,17,13,0,0,0,0
7219,20260922,1,1,0,1,4,4,1,4,4,4,0,17,17,13,2124,4369,0,4369
7220,20260922,0,0,0,4,NA,8,4,NA,8,1,0,17,17,9,5,2,0,0
7221,20260922,0,0,0,NA,NA,4,NA,NA,4,0,0,17,17,13,0,0,0,0
7222,20260922,1,1,0,1,4,4,1,4,4,4,0,17,17,13,2124,4369,0,4369
7223,20260922,1,1,0,2,6,6,2,6,6,4,0,17,17,11,72,4369,0,4369
7224,20260922,0,0,0,NA,NA,4,NA,NA,4,0,0,17,17,13,0,0,0,0
7225,20260922,0,0,0,NA,NA,4,NA,NA,4,0,0,17,17,13,0,0,0,0
7226,20260922,0,0,0,NA,NA,4,NA,NA,4,0,0,17,17,13,0,0,0,0
7227,20260922,1,1,0,3,12,12,3,12,12,4,0,17,17,5,3294,4369,3294,4369
7228,20260922,1,1,0,1,4,4,1,4,4,4,0,17,17,13,2124,4369,0,4369
7229,20260922,1,1,0,1,4,4,1,4,4,4,0,17,17,13,2124,4369,0,4369
7230,20260922,0,0,0,NA,NA,4,NA,NA,4,0,0,17,17,13,0,0,0,0
7231,20260922,1,1,0,1,4,4,1,4,4,4,0,17,17,13,2124,4641,0,8738
7232,20260922,1,1,0,1,6,6,1,6,6,4,0,17,17,11,2052,5729,0,26214
7233,20260922,0,0,0,3,NA,7,3,NA,7,1,0,17,17,10,6,1,0,0
7234,20260922,0,0,0,NA,NA,4,NA,NA,4,0,0,17,17,13,0,0,0,0
7235,20260922,1,1,0,1,4,4,1,4,4,4,0,17,17,13,2124,12563,0,4369
7236,20260922,1,1,0,1,4,4,1,4,4,4,0,17,17,13,2124,4369,0,4369
7237,20260922,1,1,0,1,4,4,1,4,4,4,0,17,17,13,2124,4369,0,4369
7238,20260922,1,1,0,2,6,6,2,6,6,4,0,17,17,11,72,4369,0,4369
7239,20260922,1,1,0,2,8,8,2,8,8,4,0,17,17,9,0,4369,0,4369
7240,20260922,1,1,0,2,8,8,2,8,8,4,0,17,17,9,0,26214,0,26214
7241,20260922,1,1,0,1,4,4,1,4,4,4,0,17,17,13,2124,4369,0,4369
7242,20260922,1,1,0,1,6,6,1,6,6,4,0,17,17,11,2052,5185,0,17476
7243,20260922,1,1,0,2,6,6,2,6,6,4,0,17,17,11,72,4369,0,4369
7244,20260922,0,0,0,NA,NA,4,NA,NA,4,0,0,17,17,13,0,0,0,0
7245,20260922,0,0,0,NA,NA,4,NA,NA,4,0,0,17,17,13,0,0,0,0
7246,20260922,0,0,0,NA,NA,4,NA,NA,4,0,0,17,17,13,0,0,0,0
7247,20260922,1,1,0,2,8,8,2,8,8,4,0,17,17,9,0,17476,0,17476
7248,20260922,1,1,0,1,4,4,1,4,4,4,0,17,17,13,2124,4369,0,4369
7249,20260922,0,0,0,NA,NA,4,NA,NA,4,0,0,17,17,13,0,0,0,0
7250,20260922,0,0,0,NA,NA,4,NA,NA,4,0,0,17,17,13,0,0,0,0
7251,20260922,1,1,0,2,6,6,2,6,6,4,0,17,17,11,72,4369,0,4369
7252,20260922,0,0,0,NA,NA,4,NA,NA,4,0,0,17,17,13,0,0,0,0
7253,20260922,0,0,0,NA,NA,4,NA,NA,4,0,0,17,17,13,0,0,0,0
7254,20260922,1,1,0,1,4,4,1,4,4,4,0,17,17,13,2124,4369,0,4369
7255,20260922,0,0,0,NA,NA,4,NA,NA,4,0,0,17,17,13,0,0,0,0
7256,20260922,1,1,0,1,4,4,1,4,4,4,0,17,17,13,2124,4369,0,4369
7257,20260922,0,0,0,NA,NA,4,NA,NA,4,0,0,17,17,13,0,0,0,0
7258,20260922,1,1,0,1,4,4,1,4,4,4,0,17,17,13,2124,4369,0,4369
7259,20260922,0,0,0,NA,NA,4,NA,NA,4,0,0,17,17,13,0,0,0,0
7260,20260922,1,1,0,1,4,4,1,4,4,4,0,17,17,13,2124,4369,0,4369
7261,20260922,1,1,0,3,12,12,3,12,12,4,0,17,17,5,3294,5185,3294,5185
7262,20260922,0,0,0,3,NA,7,3,NA,7,1,0,17,17,10,6,1,0,0
7263,20260922,0,0,0,NA,NA,4,NA,NA,4,0,0,17,17,13,0,0,0,0
7264,20260922,0,0,0,NA,NA,4,NA,NA,4,0,0,17,17,13,0,0,0,0
7265,20260922,1,1,0,1,4,4,1,4,4,4,0,17,17,13,2124,12835,0,8738
7266,20260922,0,0,0,3,NA,7,3,NA,7,1,0,17,17,10,6,1,0,0
7267,20260922,1,1,0,3,12,12,3,12,12,4,0,17,17,5,3294,4369,3294,4369
7268,20260922,1,1,0,1,4,4,1,4,4,4,0,17,17,13,2124,4369,0,4369
7269,20260922,1,1,0,1,6,6,1,6,6,4,0,17,17,11,2052,9554,0,21845
7270,20260922,0,0,0,NA,NA,4,NA,NA,4,0,0,17,17,13,0,0,0,0
7271,20260922,0,0,0,NA,NA,4,NA,NA,4,0,0,17,17,13,0,0,0,0
7272,20260922,1,1,0,1,4,4,1,4,4,4,0,17,17,13,2124,4369,0,4369
7273,20260922,1,1,0,1,4,4,1,4,4,4,0,17,17,13,2124,8466,0,4369
7274,20260922,1,1,0,1,6,6,1,6,6,4,0,17,17,11,2052,5729,0,26214
7275,20260922,0,0,0,NA,NA,4,NA,NA,4,0,0,17,17,13,0,0,0,0
7276,20260922,1,1,0,1,6,6,1,6,6,4,0,17,17,11,2052,5729,0,26214
7277,20260922,1,1,0,2,6,6,2,6,6,4,0,17,17,11,72,4369,0,4369
7278,20260922,1,1,0,1,4,4,1,4,4,4,0,17,17,13,2124,12563,0,4369
7279,20260922,0,0,0,NA,NA,4,NA,NA,4,0,0,17,17,13,0,0,0,0
7280,20260922,0,0,0,NA,NA,4,NA,NA,4,0,0,17,17,13,0,0,0,0
7281,20260922,0,0,0,NA,NA,4,NA,NA,4,0,0,17,17,13,0,0,0,0
7282,20260922,1,1,0,1,6,6,1,6,6,4,0,17,17,11,2052,5729,0,26214
7283,20260922,0,0,0,NA,NA,4,NA,NA,4,0,0,17,17,13,0,0,0,0
7284,20260922,1,1,0,1,4,4,1,4,4,4,0,17,17,13,2124,4369,0,4369
7285,20260922,0,0,0,NA,NA,4,NA,NA,4,0,0,17,17,13,0,0,0,0
7286,20260922,0,0,0,NA,NA,4,NA,NA,4,0,0,17,17,13,0,0,0,0
7287,20260922,0,0,0,NA,NA,4,NA,NA,4,0,0,17,17,13,0,0,0,0
7288,20260922,1,1,0,3,12,12,3,12,12,4,0,17,17,5,3294,4369,3294,4369
7289,20260922,0,0,0,NA,NA,4,NA,NA,4,0,0,17,17,13,0,0,0,0
7290,20260922,1,1,0,1,4,4,1,4,4,4,0,17,17,13,2124,4369,0,4369
7291,20260922,1,1,0,1,4,4,1,4,4,4,0,17,17,13,2124,4369,0,4369
7292,20260922,1,1,0,1,4,4,1,4,4,4,0,17,17,13,2124,4369,0,4369
7293,20260922,1,1,0,1,4,4,1,4,4,4,0,17,17,13,2124,4369,0,4369
7294,20260922,1,1,0,2,6,6,2,6,6,4,0,17,17,11,72,4369,0,4369
7295,20260922,1,1,0,3,12,12,3,12,12,4,0,17,17,5,3294,4369,3294,4369
7296,20260922,0,0,0,NA,NA,4,NA,NA,4,0,0,17,17,13,0,0,0,0
7297,20260922,0,0,0,3,NA,7,3,NA,7,1,0,17,17,10,6,1,0,0
7298,20260922,1,1,0,1,4,4,1,4,4,4,0,17,17,13,2124,4369,0,4369
7299,20260922,1,1,0,1,4,4,1,4,4,4,0,17,17,13,2124,12563,0,4369
7300,20260922,1,1,0,2,6,6,2,6,6,4,0,17,17,11,72,4369,0,4369
7301,20260922,0,0,0,3,NA,7,3,NA,7,1,0,17,17,10,6,1,0,0
7302,20260922,0,0,0,NA,NA,4,NA,NA,4,0,0,17,17,13,0,0,0,0
7303,20260922,0,0,0,NA,NA,4,NA,NA,4,0,0,17,17,13,0,0,0,0
7304,20260922,1,1,0,1,4,4,1,4,4,4,0,17,17,13,2124,4369,0,4369
7305,20260922,0,0,0,NA,NA,4,NA,NA,4,0,0,17,17,13,0,0,0,0
7306,20260922,1,1,0,1,4,4,1,4,4,4,0,17,17,13,2124,4369,0,4369
7307,20260922,0,0,0,NA,NA,4,NA,NA,4,0,0,17,17,13,0,0,0,0
7308,20260922,0,0,0,NA,NA,4,NA,NA,4,0,0,17,17,13,0,0,0,0
7309,20260922,0,0,0,4,NA,8,4,NA,8,1,0,17,17,9,5,9,0,0
7310,20260922,1,1,0,1,4,4,1,4,4,4,0,17,17,13,2124,4369,0,4369
7311,20260922,1,1,0,1,4,4,1,4,4,4,0,17,17,13,2124,4369,0,4369
7312,20260922,0,0,0,NA,NA,4,NA,NA,4,0,0,17,17,13,0,0,0,0
7313,20260922,1,1,0,1,4,4,1,4,4,4,0,17,17,13,2124,4369,0,4369
7314,20260922,0,0,0,NA,NA,4,NA,NA,4,0,0,17,17,13,0,0,0,0
7315,20260922,1,1,0,1,4,4,1,4,4,4,0,17,17,13,2124,4369,0,4369
7316,20260922,1,1,0,1,6,6,1,6,6,4,0,17,17,11,2052,5185,0,17476
7317,20260922,1,1,0,1,4,4,1,4,4,4,0,17,17,13,2124,4369,0,4369
7318,20260922,1,1,0,1,4,4,1,4,4,4,0,17,17,13,2124,4369,0,4369
7319,20260922,0,0,0,NA,NA,4,NA,NA,4,0,0,17,17,13,0,0,0,0
7320,20260922,0,0,0,NA,NA,4,NA,NA,4,0,0,17,17,13,0,0,0,0
7321,20260922,0,0,0,NA,NA,4,NA,NA,4,0,0,17,17,13,0,0,0,0
7322,20260922,0,0,0,3,NA,7,3,NA,7,1,0,17,17,10,6,1,0,0
7323,20260922,1,1,0,2,8,8,2,8,8,4,0,17,17,9,0,13107,0,13107
7324,20260922,0,0,0,NA,NA,4,NA,NA,4,0,0,17,17,13,0,0,0,0
7325,20260922,1,1,0,1,4,4,1,4,4,4,0,17,17,13,2124,4369,0,4369
7326,20260922,0,0,0,NA,NA,4,NA,NA,4,0,0,17,17,13,0,0,0,0
7327,20260922,1,1,0,1,4,4,1,4,4,4,0,17,17,13,2124,4369,0,4369
7328,20260922,0,0,0,NA,NA,4,NA,NA,4,0,0,17,17,13,0,0,0,0
7329,20260922,1,1,0,2,6,6,2,6,6,4,0,17,17,11,72,8738,0,8738
7330,20260922,0,0,0,3,NA,7,3,NA,7,1,0,17,17,10,6,1,0,0
7331,20260922,1,1,0,1,4,4,1,4,4,4,0,17,17,13,2124,4369,0,4369
7332,20260922,0,0,0,NA,NA,4,NA,NA,4,0,0,17,17,13,0,0,0,0
7333,20260922,1,1,0,2,6,6,2,6,6,4,0,17,17,11,72,4369,0,4369
7334,20260922,1,1,0,3,8,8,3,8,8,4,0,17,17,9,3150,17204,2637,25398
7335,20260922,1,1,0,1,6,6,1,6,6,4,0,17,17,11,2052,4641,0,8738
7336,20260922,1,1,0,1,4,4,1,4,4,4,0,17,17,13,2124,4369,0,4369
7337,20260922,0,0,0,NA,NA,4,NA,NA,4,0,0,17,17,13,0,0,0,0
7338,20260922,0,0,0,NA,NA,4,NA,NA,4,0,0,17,17,13,0,0,0,0
7339,20260922,1,1,0,3,12,12,3,12,12,4,0,17,17,5,3294,9282,3294,9282
7340,20260922,0,0,0,NA,NA,4,NA,NA,4,0,0,17,17,13,0,0,0,0
7341,20260922,1,1,0,3,12,12,3,12,12,4,0,17,17,5,3294,4369,3294,4369
7342,20260922,0,0,0,3,NA,7,3,NA,7,1,0,17,17,10,6,1,0,0
7343,20260922,1,1,0,1,4,4,1,4,4,4,0,17,17,13,2124,4369,0,4369
7344,20260922,1,1,0,1,4,4,1,4,4,4,0,17,17,13,2124,4369,0,4369
7345,20260922,1,1,0,1,4,4,1,4,4,4,0,17,17,13,2124,4369,0,4369
7346,20260922,1,1,0,1,6,6,1,6,6,4,0,17,17,11,2052,5729,0,26214
7347,20260922,0,0,0,NA,NA,4,NA,NA,4,0,0,17,17,13,0,0,0,0
7348,20260922,0,0,0,3,NA,7,3,NA,7,1,0,17,17,10,6,1,0,0
7349,20260922,0,0,0,NA,NA,4,NA,NA,4,0,0,17,17,13,0,0,0,0
7350,20260922,1,1,0,3,12,12,3,12,12,4,0,17,17,5,3294,4369,3294,4369
7351,20260922,1,1,0,1,4,4,1,4,4,4,0,17,17,13,2124,4369,0,4369
7352,20260922,0,0,0,NA,NA,4,NA,NA,4,0,0,17,17,13,0,0,0,0
7353,20260922,0,0,0,NA,NA,4,NA,NA,4,0,0,17,17,13,0,0,0,0
7354,20260922,0,0,0,NA,NA,4,NA,NA,4,0,0,17,17,13,0,0,0,0
7355,20260922,0,0,0,NA,NA,4,NA,NA,4,0,0,17,17,13,0,0,0,0
7356,20260922,0,0,0,3,NA,7,3,NA,7,1,0,17,17,10,6,1,0,0
7357,20260922,0,0,0,NA,NA,4,NA,NA,4,0,0,17,17,13,0,0,0,0
7358,20260922,1,1,0,1,6,6,1,6,6,4,0,17,17,11,2052,5185,0,17476
7359,20260922,1,1,0,1,4,4,1,4,4,4,0,17,17,13,2124,4369,0,4369
7360,20260922,0,0,0,NA,NA,4,NA,NA,4,0,0,17,17,13,0,0,0,0
7361,20260922,0,0,0,NA,NA,4,NA,NA,4,0,0,17,17,13,0,0,0,0
7362,20260922,1,1,0,1,4,4,1,4,4,4,0,17,17,13,2124,4913,0,17476
7363,20260922,1,1,0,2,6,6,2,6,6,4,0,17,17,11,72,4369,0,4369
7364,20260922,1,1,0,1,6,6,1,6,6,4,0,17,17,11,2052,5729,0,26214
7365,20260922,1,1,0,1,4,4,1,4,4,4,0,17,17,13,2124,4369,0,4369
7366,20260922,0,0,0,NA,NA,4,NA,NA,4,0,0,17,17,13,0,0,0,0
7367,20260922,1,1,0,1,4,4,1,4,4,4,0,17,17,13,2124,4369,0,4369
7368,20260922,0,0,0,NA,NA,4,NA,NA,4,0,0,17,17,13,0,0,0,0
7369,20260922,0,0,0,NA,NA,4,NA,NA,4,0,0,17,17,13,0,0,0,0
7370,20260922,0,0,0,3,NA,7,3,NA,7,1,0,17,17,10,6,1,0,0
7371,20260922,0,0,0,NA,NA,4,NA,NA,4,0,0,17,17,13,0,0,0,0
7372,20260922,1,1,0,1,4,4,1,4,4,4,0,17,17,13,2124,4369,0,4369
7373,20260922,1,1,0,1,4,4,1,4,4,4,0,17,17,13,2124,4369,0,4369
7374,20260922,1,1,0,3,12,12,3,12,12,4,0,17,17,5,3294,4369,3294,4369
7375,20260922,1,1,0,3,12,12,3,12,12,4,0,17,17,5,3294,4369,3294,4369
7376,20260922,1,1,0,2,8,8,2,8,8,4,0,17,17,9,0,17476,0,17476
7377,20260922,1,1,0,1,4,4,1,4,4,4,0,17,17,13,2124,12563,0,4369
7378,20260922,0,0,0,NA,NA,4,NA,NA,4,0,0,17,17,13,0,0,0,0
7379,20260922,0,0,0,NA,NA,4,NA,NA,4,0,0,17,17,13,0,0,0,0
7380,20260922,1,1,0,1,6,6,1,6,6,4,0,17,17,11,2052,5729,0,26214
7381,20260922,1,1,0,1,4,4,1,4,4,4,0,17,17,13,2124,4369,0,4369
7382,20260922,0,0,0,3,NA,7,3,NA,7,1,0,17,17,10,6,1,0,0
7383,20260922,1,1,0,2,6,6,2,6,6,4,0,17,17,11,72,4369,0,4369
7384,20260922,1,1,0,3,12,12,3,12,12,4,0,17,17,5,3294,4369,3294,4369
7385,20260922,0,0,0,NA,NA,4,NA,NA,4,0,0,17,17,13,0,0,0,0
7386,20260922,0,0,0,NA,NA,4,NA,NA,4,0,0,17,17,13,0,0,0,0
7387,20260922,1,1,0,3,12,12,3,12,12,4,0,17,17,5,3294,4369,3294,4369
7388,20260922,1,1,0,1,6,6,1,6,6,4,0,17,17,11,2052,5729,0,26214
7389,20260922,1,1,0,2,8,8,2,8,8,4,0,17,17,9,0,8738,0,8738
7390,20260922,1,1,0,3,12,12,3,12,12,4,0,17,17,5,3294,4369,3294,4369
7391,20260922,1,1,0,1,4,4,1,4,4,4,0,17,17,13,2124,4369,0,4369
7392,20260922,0,0,0,NA,NA,4,NA,NA,4,0,0,17,17,13,0,0,0,0
7393,20260922,0,0,0,NA,NA,4,NA,NA,4,0,0,17,17,13,0,0,0,0
7394,20260922,0,0,0,NA,NA,4,NA,NA,4,0,0,17,17,13,0,0,0,0
7395,20260922,0,0,0,NA,NA,4,NA,NA,4,0,0,17,17,13,0,0,0,0
7396,20260922,1,1,0,2,6,6,2,6,6,4,0,17,17,11,72,4369,0,4369
7397,20260922,1,1,0,1,4,4,1,4,4,4,0,17,17,13,2124,4369,0,4369
7398,20260922,1,1,0,1,4,4,1,4,4,4,0,17,17,13,2124,4913,0,17476
7399,20260922,1,1,0,1,4,4,1,4,4,4,0,17,17,13,2124,4369,0,4369
7400,20260922,0,0,0,NA,NA,4,NA,NA,4,0,0,17,17,13,0,0,0,0
7401,20260922,1,1,0,2,8,8,2,8,8,4,0,17,17,9,0,4369,0,4369
7402,20260922,0,0,0,NA,NA,4,NA,NA,4,0,0,17,17,13,0,0,0,0
7403,20260922,1,1,0,1,4,4,1,4,4,4,0,17,17,13,2124,4913,0,17476
7404,20260922,1,1,0,1,6,6,1,6,6,4,0,17,17,11,2052,5185,0,17476
7405,20260922,1,1,0,1,4,4,1,4,4,4,0,17,17,13,2124,12563,0,4369
7406,20260922,1,1,0,1,4,4,1,4,4,4,0,17,17,13,2124,4369,0,4369
7407,20260922,0,0,0,NA,NA,4,NA,NA,4,0,0,17,17,13,0,0,0,0
7408,20260922,0,0,0,NA,NA,4,NA,NA,4,0,0,17,17,13,0,0,0,0
7409,20260922,1,1,0,1,4,4,1,4,4,4,0,17,17,13,2124,4369,0,4369
7410,20260922,0,0,0,NA,NA,4,NA,NA,4,0,0,17,17,13,0,0,0,0
7411,20260922,0,0,0,NA,NA,4,NA,NA,4,0,0,17,17,13,0,0,0,0
7412,20260922,0,0,0,NA,NA,4,NA,NA,4,0,0,17,17,13,0,0,0,0
7413,20260922,1,1,0,1,4,4,1,4,4,4,0,17,17,13,2124,4369,0,4369
7414,20260922,1,1,0,2,8,8,2,8,8,4,0,17,17,9,0,17476,0,17476
7415,20260922,0,0,0,NA,NA,4,NA,NA,4,0,0,17,17,13,0,0,0,0
7416,20260922,1,1,0,1,4,4,1,4,4,4,0,17,17,13,2124,4913,0,17476
7417,20260922,0,0,0,NA,NA,4,NA,NA,4,0,0,17,17,13,0,0,0,0
7418,20260922,1,1,0,1,6,6,1,6,6,4,0,17,17,11,2052,4641,0,8738
7419,20260922,0,0,0,NA,NA,4,NA,NA,4,0,0,17,17,13,0,0,0,0
7420,20260922,1,1,0,1,4,4,1,4,4,4,0,17,17,13,2124,4369,0,4369
7421,20260922,0,0,0,NA,NA,4,NA,NA,4,0,0,17,17,13,0,0,0,0
7422,20260922,0,0,0,NA,NA,4,NA,NA,4,0,0,17,17,13,0,0,0,0
7423,20260922,1,1,0,3,12,12,3,12,12,4,0,17,17,5,3294,4369,3294,4369
7424,20260922,0,0,0,NA,NA,4,NA,NA,4,0,0,17,17,13,0,0,0,0
7425,20260922,0,0,0,NA,NA,4,NA,NA,4,0,0,17,17,13,0,0,0,0
7426,20260922,0,0,0,4,NA,8,4,NA,8,1,0,17,17,9,5,4,0,0
7427,20260922,1,1,0,1,4,4,1,4,4,4,0,17,17,13,2124,12563,0,4369
7428,20260922,1,1,0,1,4,4,1,4,4,4,0,17,17,13,2124,4369,0,4369
7429,20260922,1,1,0,1,4,4,1,4,4,4,0,17,17,13,2124,4369,0,4369
7430,20260922,1,1,0,3,12,12,3,12,12,4,0,17,17,5,3294,4369,3294,4369
7431,20260922,1,1,0,2,6,6,2,6,6,4,0,17,17,11,72,4369,0,4369
7432,20260922,1,1,0,1,4,4,1,4,4,4,0,17,17,13,2124,4369,0,4369
7433,20260922,0,0,0,3,NA,7,3,NA,7,1,0,17,17,10,6,1,0,0
7434,20260922,0,0,0,NA,NA,4,NA,NA,4,0,0,17,17,13,0,0,0,0
7435,20260922,1,1,0,2,6,6,2,6,6,4,0,17,17,11,72,4369,0,4369
7436,20260922,0,0,0,NA,NA,4,NA,NA,4,0,0,17,17,13,0,0,0,0
7437,20260922,1,1,0,1,6,6,1,6,6,4,0,17,17,11,2052,5729,0,26214
7438,20260922,0,0,0,NA,NA,4,NA,NA,4,0,0,17,17,13,0,0,0,0
7439,20260922,0,0,0,NA,NA,4,NA,NA,4,0,0,17,17,13,0,0,0,0
7440,20260922,0,0,0,3,NA,7,3,NA,7,1,0,17,17,10,6,1,0,0
7441,20260922,0,0,0,NA,NA,4,NA,NA,4,0,0,17,17,13,0,0,0,0
7442,20260922,0,0,0,NA,NA,4,NA,NA,4,0,0,17,17,13,0,0,0,0
7443,20260922,1,1,0,1,4,4,1,4,4,4,0,17,17,13,2124,4369,0,4369
7444,20260922,0,0,0,3,NA,7,3,NA,7,1,0,17,17,10,6,1,0,0
7445,20260922,1,1,0,1,4,4,1,4,4,4,0,17,17,13,2124,4369,0,4369
7446,20260922,0,0,0,NA,NA,4,NA,NA,4,0,0,17,17,13,0,0,0,0
7447,20260922,1,1,0,4,10,10,4,10,10,4,0,17,17,7,2637,29223,2637,29223
7448,20260922,1,1,0,1,4,4,1,4,4,4,0,17,17,13,2124,4369,0,4369
7449,20260922,1,1,0,2,6,6,2,6,6,4,0,17,17,11,72,4369,0,4369
7450,20260922,0,0,0,3,NA,7,3,NA,7,1,0,17,17,10,6,2,0,0
7451,20260922,0,0,0,NA,NA,4,NA,NA,4,0,0,17,17,13,0,0,0,0
7452,20260922,0,0,0,NA,NA,4,NA,NA,4,0,0,17,17,13,0,0,0,0
7453,20260922,0,0,0,NA,NA,4,NA,NA,4,0,0,17,17,13,0,0,0,0
7454,20260922,0,0,0,NA,NA,4,NA,NA,4,0,0,17,17,13,0,0,0,0
7455,20260922,0,0,0,3,NA,7,3,NA,7,1,0,17,17,10,6,4,0,0
7456,20260922,1,1,0,1,4,4,1,4,4,4,0,17,17,13,2124,4369,0,4369
7457,20260922,1,1,0,1,4,4,1,4,4,4,0,17,17,13,2124,4369,0,4369
7458,20260922,1,1,0,1,4,4,1,4,4,4,0,17,17,13,2124,8466,2124,8466
7459,20260922,0,0,0,NA,NA,4,NA,NA,4,0,0,17,17,13,0,0,0,0
7460,20260922,0,0,0,NA,NA,4,NA,NA,4,0,0,17,17,13,0,0,0,0
7461,20260922,1,1,0,1,4,4,1,4,4,4,0,17,17,13,2124,4369,0,4369
7462,20260922,1,1,0,1,4,4,1,4,4,4,0,17,17,13,2124,4369,0,4369
7463,20260922,1,1,0,1,6,6,1,6,6,4,0,17,17,11,2052,5185,0,17476
7464,20260922,0,0,0,NA,NA,4,NA,NA,4,0,0,17,17,13,0,0,0,0
7465,20260922,0,0,0,NA,NA,4,NA,NA,4,0,0,17,17,13,0,0,0,0
7466,20260922,0,0,0,NA,NA,4,NA,NA,4,0,0,17,17,13,0,0,0,0
7467,20260922,1,1,0,1,4,4,1,4,4,4,0,17,17,13,2124,12563,0,4369
7468,20260922,0,0,0,NA,NA,4,NA,NA,4,0,0,17,17,13,0,0,0,0
7469,20260922,1,1,0,1,4,4,1,4,4,4,0,17,17,13,2124,12563,0,4369
7470,20260922,1,1,0,2,6,6,2,6,6,4,0,17,17,11,72,4369,0,4369
7471,20260922,1,1,0,1,4,4,1,4,4,4,0,17,17,13,2124,4369,0,4369
7472,20260922,1,1,0,1,4,4,1,4,4,4,0,17,17,13,2124,4369,0,4369
7473,20260922,0,0,0,NA,NA,4,NA,NA,4,0,0,17,17,13,0,0,0,0
7474,20260922,0,0,0,4,NA,8,4,NA,8,1,0,17,17,9,5,3,0,0
7475,20260922,1,1,0,3,12,12,3,12,12,4,0,17,17,5,3294,4369,3294,4369
7476,20260922,0,0,0,NA,NA,4,NA,NA,4,0,0,17,17,13,0,0,0,0
7477,20260922,0,0,0,3,NA,7,3,NA,7,1,0,17,17,10,6,1,0,0
7478,20260922,0,0,0,NA,NA,4,NA,NA,4,0,0,17,17,13,0,0,0,0
7479,20260922,0,0,0,NA,NA,4,NA,NA,4,0,0,17,17,13,0,0,0,0
7480,20260922,0,0,0,NA,NA,4,NA,NA,4,0,0,17,17,13,0,0,0,0
7481,20260922,0,0,0,NA,NA,4,NA,NA,4,0,0,17,17,13,0,0,0,0
7482,20260922,0,0,0,NA,NA,4,NA,NA,4,0,0,17,17,13,0,0,0,0
7483,20260922,0,0,0,NA,NA,4,NA,NA,4,0,0,17,17,13,0,0,0,0
7484,20260922,1,1,0,1,4,4,1,4,4,4,0,17,17,13,2124,4913,0,17476
7485,20260922,0,0,0,NA,NA,4,NA,NA,4,0,0,17,17,13,0,0,0,0
7486,20260922,1,1,0,1,6,6,1,6,6,4,0,17,17,11,2052,5185,0,17476
7487,20260922,1,1,0,2,6,6,2,6,6,4,0,17,17,11,72,17204,0,17476
7488,20260922,0,0,0,3,NA,7,3,NA,7,1,0,17,17,10,6,1,0,0
7489,20260922,0,0,0,3,NA,7,3,NA,7,1,0,17,17,10,6,1,0,0
7490,20260922,1,1,0,1,4,4,1,4,4,4,0,17,17,13,2124,4369,0,4369
7491,20260922,0,0,0,NA,NA,4,NA,NA,4,0,0,17,17,13,0,0,0,0
7492,20260922,0,0,0,NA,NA,4,NA,NA,4,0,0,17,17,13,0,0,0,0
7493,20260922,1,1,0,1,6,6,1,6,6,4,0,17,17,11,2052,5729,0,26214
7494,20260922,0,0,0,NA,NA,4,NA,NA,4,0,0,17,17,13,0,0,0,0
7495,20260922,1,1,0,2,6,6,2,6,6,4,0,17,17,11,72,4369,0,4369
7496,20260922,1,1,0,4,10,10,4,10,10,4,0,17,17,7,2637,16660,2637,16660
7497,20260922,0,0,0,NA,NA,4,NA,NA,4,0,0,17,17,13,0,0,0,0
7498,20260922,1,1,0,1,4,4,1,4,4,4,0,17,17,13,2124,12563,0,4369
7499,20260922,0,0,0,NA,NA,4,NA,NA,4,0,0,17,17,13,0,0,0,0
7500,20260922,0,0,0,NA,NA,4,NA,NA,4,0,0,17,17,13,0,0,0,0
7501,20260922,1,1,0,1,4,4,1,4,4,4,0,17,17,13,2124,4369,0,4369
7502,20260922,1,1,0,1,6,6,1,6,6,4,0,17,17,11,2052,5185,0,17476
7503,20260922,0,0,0,NA,NA,4,NA,NA,4,0,0,17,17,13,0,0,0,0
7504,20260922,1,1,0,1,4,4,1,4,4,4,0,17,17,13,2124,4369,0,4369
7505,20260922,1,1,0,1,6,6,1,6,6,4,0,17,17,11,2052,5185,0,17476
7506,20260922,0,0,0,NA,NA,4,NA,NA,4,0,0,17,17,13,0,0,0,0
7507,20260922,0,0,0,4,NA,11,4,NA,11,2,0,17,17,6,29,65,0,0
7508,20260922,0,0,0,NA,NA,4,NA,NA,4,0,0,17,17,13,0,0,0,0
7509,20260922,1,1,0,1,4,4,1,4,4,4,0,17,17,13,2124,4369,0,4369
7510,20260922,1,1,0,1,4,4,1,4,4,4,0,17,17,13,2124,4913,0,17476
7511,20260922,0,0,0,NA,NA,4,NA,NA,4,0,0,17,17,13,0,0,0,0
7512,20260922,0,0,0,4,NA,8,4,NA,8,1,0,17,17,9,5,1,0,0
7513,20260922,0,0,0,NA,NA,4,NA,NA,4,0,0,17,17,13,0,0,0,0
7514,20260922,1,1,0,1,4,4,1,4,4,4,0,17,17,13,2124,4369,0,4369
7515,20260922,0,0,0,NA,NA,4,NA,NA,4,0,0,17,17,13,0,0,0,0
7516,20260922,0,0,0,NA,NA,4,NA,NA,4,0,0,17,17,13,0,0,0,0
7517,20260922,1,1,0,1,4,4,1,4,4,4,0,17,17,13,2124,4369,0,4369
7518,20260922,1,1,0,1,4,4,1,4,4,4,0,17,17,13,2124,12563,0,4369
7519,20260922,0,0,0,4,NA,8,4,NA,8,1,0,17,17,9,5,4,0,0
7520,20260922,1,1,0,1,4,4,1,4,4,4,0,17,17,13,2124,4369,0,4369
7521,20260922,0,0,0,NA,NA,4,NA,NA,4,0,0,17,17,13,0,0,0,0
7522,20260922,1,1,0,1,4,4,1,4,4,4,0,17,17,13,2124,4369,0,4369
7523,20260922,1,1,0,1,6,6,1,6,6,4,0,17,17,11,2052,5729,0,26214
7524,20260922,1,1,0,1,6,6,1,6,6,4,0,17,17,11,2052,5729,0,26214
7525,20260922,1,1,0,2,8,8,2,8,8,4,0,17,17,9,0,26214,0,26214
7526,20260922,1,1,0,1,4,4,1,4,4,4,0,17,17,13,2124,4369,0,4369
7527,20260922,1,1,0,3,12,12,3,12,12,4,0,17,17,5,3294,4369,3294,4369
7528,20260922,1,1,0,1,4,4,1,4,4,4,0,17,17,13,2124,4369,0,4369
7529,20260922,1,1,0,1,6,6,1,6,6,4,0,17,17,11,2052,5729,0,26214
7530,20260922,1,1,0,1,4,4,1,4,4,4,0,17,17,13,2124,4369,0,4369
7531,20260922,0,0,0,4,NA,8,4,NA,8,1,0,17,17,9,5,1,0,0
7532,20260922,0,0,0,3,NA,7,3,NA,7,1,0,17,17,10,6,1,0,0
7533,20260922,0,0,0,NA,NA,4,NA,NA,4,0,0,17,17,13,0,0,0,0
7534,20260922,0,0,0,3,NA,7,3,NA,7,1,0,17,17,10,6,1,0,0
7535,20260922,0,0,0,NA,NA,4,NA,NA,4,0,0,17,17,13,0,0,0,0
7536,20260922,0,0,0,NA,NA,4,NA,NA,4,0,0,17,17,13,0,0,0,0
7537,20260922,1,1,0,1,4,4,1,4,4,4,0,17,17,13,2124,4369,0,4369
7538,20260922,0,0,0,NA,NA,4,NA,NA,4,0,0,17,17,13,0,0,0,0
7539,20260922,0,0,0,NA,NA,4,NA,NA,4,0,0,17,17,13,0,0,0,0
7540,20260922,0,0,0,NA,NA,4,NA,NA,4,0,0,17,17,13,0,0,0,0
7541,20260922,0,0,0,NA,NA,4,NA,NA,4,0,0,17,17,13,0,0,0,0
7542,20260922,1,1,0,1,4,4,1,4,4,4,0,17,17,13,2124,4369,0,4369
7543,20260922,0,0,0,NA,NA,4,NA,NA,4,0,0,17,17,13,0,0,0,0
7544,20260922,1,1,0,2,8,8,2,8,8,4,0,17,17,9,0,17476,0,17476
7545,20260922,0,0,0,NA,NA,4,NA,NA,4,0,0,17,17,13,0,0,0,0
7546,20260922,1,1,0,2,8,8,2,8,8,4,0,17,17,9,0,17476,0,17476
7547,20260922,0,0,0,NA,NA,4,NA,NA,4,0,0,17,17,13,0,0,0,0
7548,20260922,0,0,0,NA,NA,4,NA,NA,4,0,0,17,17,13,0,0,0,0
7549,20260922,0,0,0,NA,NA,4,NA,NA,4,0,0,17,17,13,0,0,0,0
7550,20260922,1,1,0,1,4,4,1,4,4,4,0,17,17,13,2124,4369,0,4369
7551,20260922,1,1,0,1,4,4,1,4,4,4,0,17,17,13,2124,4369,0,4369
7552,20260922,0,0,0,NA,NA,4,NA,NA,4,0,0,17,17,13,0,0,0,0
7553,20260922,0,0,0,4,NA,8,4,NA,8,1,0,17,17,9,5,4,0,0
7554,20260922,1,1,0,1,4,4,1,4,4,4,0,17,17,13,2124,4641,0,8738
7555,20260922,1,1,0,1,6,6,1,6,6,4,0,17,17,11,2052,4913,0,13107
7556,20260922,0,0,0,NA,NA,4,NA,NA,4,0,0,17,17,13,0,0,0,0
7557,20260922,1,1,0,1,4,4,1,4,4,4,0,17,17,13,2124,4369,0,4369
7558,20260922,0,0,0,NA,NA,4,NA,NA,4,0,0,17,17,13,0,0,0,0
7559,20260922,1,1,0,3,12,12,3,12,12,4,0,17,17,5,3294,4369,3294,4369
7560,20260922,0,0,0,NA,NA,4,NA,NA,4,0,0,17,17,13,0,0,0,0
7561,20260922,1,1,0,1,6,6,1,6,6,4,0,17,17,11,2052,5185,0,17476
7562,20260922,1,1,0,1,4,4,1,4,4,4,0,17,17,13,2124,4369,0,4369
7563,20260922,0,0,0,NA,NA,4,NA,NA,4,0,0,17,17,13,0,0,0,0
7564,20260922,1,1,0,1,4,4,1,4,4,4,0,17,17,13,2124,4369,0,4369
7565,20260922,0,0,0,3,NA,7,3,NA,7,1,0,17,17,10,6,1,0,0
7566,20260922,0,0,0,4,NA,8,4,NA,8,1,0,17,17,9,5,7,0,0
7567,20260922,1,1,0,1,6,6,1,6,6,4,0,17,17,11,2052,5729,0,26214
7568,20260922,0,0,0,NA,NA,4,NA,NA,4,0,0,17,17,13,0,0,0,0
7569,20260922,0,0,0,NA,NA,4,NA,NA,4,0,0,17,17,13,0,0,0,0
7570,20260922,1,1,0,1,4,4,1,4,4,4,0,17,17,13,2124,4369,0,4369
7571,20260922,0,0,0,NA,NA,4,NA,NA,4,0,0,17,17,13,0,0,0,0
7572,20260922,1,1,0,1,4,4,1,4,4,4,0,17,17,13,2124,4369,0,4369
7573,20260922,1,1,0,1,4,4,1,4,4,4,0,17,17,13,2124,4369,0,4369
7574,20260922,1,1,0,1,4,4,1,4,4,4,0,17,17,13,2124,9010,0,17476
7575,20260922,0,0,0,NA,NA,4,NA,NA,4,0,0,17,17,13,0,0,0,0
7576,20260922,0,0,0,NA,NA,4,NA,NA,4,0,0,17,17,13,0,0,0,0
7577,20260922,0,0,0,NA,NA,4,NA,NA,4,0,0,17,17,13,0,0,0,0
7578,20260922,0,0,0,3,NA,7,3,NA,7,1,0,17,17,10,6,1,0,0
7579,20260922,0,0,0,NA,NA,4,NA,NA,4,0,0,17,17,13,0,0,0,0
7580,20260922,0,0,0,NA,NA,4,NA,NA,4,0,0,17,17,13,0,0,0,0
7581,20260922,1,1,0,1,4,4,1,4,4,4,0,17,17,13,2124,4369,0,4369
7582,20260922,0,0,0,NA,NA,4,NA,NA,4,0,0,17,17,13,0,0,0,0
7583,20260922,0,0,0,NA,NA,4,NA,NA,4,0,0,17,17,13,0,0,0,0
7584,20260922,1,1,0,2,6,6,2,6,6,4,0,17,17,11,72,4369,0,4369
7585,20260922,1,1,0,3,12,12,3,12,12,4,0,17,17,5,3294,4369,3294,4369
7586,20260922,0,0,0,NA,NA,4,NA,NA,4,0,0,17,17,13,0,0,0,0
7587,20260922,1,1,0,1,4,4,1,4,4,4,0,17,17,13,2124,4369,0,4369
7588,20260922,1,1,0,2,8,8,2,8,8,4,0,17,17,9,0,26214,0,26214
7589,20260922,1,1,0,2,8,8,2,8,8,4,0,17,17,9,0,4369,0,4369
7590,20260922,1,1,0,1,6,6,1,6,6,4,0,17,17,11,2052,5729,0,26214
7591,20260922,1,1,0,3,12,12,3,12,12,4,0,17,17,5,3294,4369,3294,4369
7592,20260922,1,1,0,1,4,4,1,4,4,4,0,17,17,13,2124,4369,0,4369
7593,20260922,0,0,0,3,NA,7,3,NA,7,1,0,17,17,10,6,1,0,0
7594,20260922,0,0,0,NA,NA,4,NA,NA,4,0,0,17,17,13,0,0,0,0
7595,20260922,1,1,0,1,6,6,1,6,6,4,0,17,17,11,2052,5185,0,17476
7596,20260922,1,1,0,1,6,6,1,6,6,4,0,17,17,11,2052,5729,0,26214
7597,20260922,0,0,0,NA,NA,4,NA,NA,4,0,0,17,17,13,0,0,0,0
7598,20260922,0,0,0,NA,NA,4,NA,NA,4,0,0,17,17,13,0,0,0,0
7599,20260922,0,0,0,NA,NA,4,NA,NA,4,0,0,17,17,13,0,0,0,0
7600,20260922,1,1,0,3,12,12,3,12,12,4,0,17,17,5,3294,4369,3294,4369
7601,20260922,0,0,0,NA,NA,4,NA,NA,4,0,0,17,17,13,0,0,0,0
7602,20260922,1,1,0,1,4,4,1,4,4,4,0,17,17,13,2124,4369,0,4369
7603,20260922,0,0,0,NA,NA,4,NA,NA,4,0,0,17,17,13,0,0,0,0
7604,20260922,1,1,0,1,4,4,1,4,4,4,0,17,17,13,2124,4369,0,4369
7605,20260922,0,0,0,NA,NA,4,NA,NA,4,0,0,17,17,13,0,0,0,0
7606,20260922,1,1,0,2,8,8,2,8,8,4,0,17,17,9,0,4369,0,4369
7607,20260922,0,0,0,NA,NA,4,NA,NA,4,0,0,17,17,13,0,0,0,0
7608,20260922,0,0,0,4,NA,11,4,NA,11,2,0,17,17,6,29,36,0,0
7609,20260922,1,1,0,2,8,8,2,8,8,4,0,17,17,9,0,8738,0,8738
7610,20260922,0,0,0,NA,NA,4,NA,NA,4,0,0,17,17,13,0,0,0,0
7611,20260922,0,0,0,NA,NA,4,NA,NA,4,0,0,17,17,13,0,0,0,0
7612,20260922,0,0,0,NA,NA,4,NA,NA,4,0,0,17,17,13,0,0,0,0
7613,20260922,0,0,0,3,NA,7,3,NA,7,1,0,17,17,10,6,1,0,0
7614,20260922,0,0,0,3,NA,7,3,NA,7,1,0,17,17,10,6,1,0,0
7615,20260922,1,1,0,1,4,4,1,4,4,4,0,17,17,13,2124,4369,0,4369
7616,20260922,0,0,0,4,NA,8,4,NA,8,1,0,17,17,9,5,1,0,0
7617,20260922,1,1,0,1,4,4,1,4,4,4,0,17,17,13,2124,4369,0,4369
7618,20260922,1,1,0,1,6,6,1,6,6,4,0,17,17,11,2052,5729,0,26214
7619,20260922,0,0,0,3,NA,7,3,NA,7,1,0,17,17,10,6,4,0,0
7620,20260922,0,0,0,NA,NA,4,NA,NA,4,0,0,17,17,13,0,0,0,0
7621,20260922,0,0,0,3,NA,7,3,NA,7,1,0,17,17,10,6,2,0,0
7622,20260922,1,1,0,1,4,4,1,4,4,4,0,17,17,13,2124,4369,0,4369
7623,20260922,1,1,0,2,8,8,2,8,8,4,0,17,17,9,0,17476,0,17476
7624,20260922,0,0,0,NA,NA,4,NA,NA,4,0,0,17,17,13,0,0,0,0
7625,20260922,1,1,0,2,6,6,2,6,6,4,0,17,17,11,72,4369,0,4369
7626,20260922,1,1,0,1,4,4,1,4,4,4,0,17,17,13,2124,4913,0,17476
7627,20260922,0,0,0,NA,NA,4,NA,NA,4,0,0,17,17,13,0,0,0,0
7628,20260922,0,0,0,NA,NA,4,NA,NA,4,0,0,17,17,13,0,0,0,0
7629,20260922,1,1,0,2,6,6,2,6,6,4,0,17,17,11,72,4369,0,4369
7630,20260922,1,1,0,1,4,4,1,4,4,4,0,17,17,13,2124,12563,0,4369
7631,20260922,1,1,0,1,4,4,1,4,4,4,0,17,17,13,2124,4369,0,4369
7632,20260922,1,1,0,1,4,4,1,4,4,4,0,17,17,13,2124,4913,0,17476
7633,20260922,0,0,0,3,NA,7,3,NA,7,1,0,17,17,10,6,4,0,0
7634,20260922,1,1,0,3,12,12,3,12,12,4,0,17,17,5,3294,4369,3294,4369
7635,20260922,1,1,0,1,6,6,1,6,6,4,0,17,17,11,2052,5729,0,26214
7636,20260922,0,0,0,NA,NA,4,NA,NA,4,0,0,17,17,13,0,0,0,0
7637,20260922,0,0,0,NA,NA,4,NA,NA,4,0,0,17,17,13,0,0,0,0
7638,20260922,1,1,0,3,12,12,3,12,12,4,0,17,17,5,3294,4369,3294,4369
7639,20260922,1,1,0,1,4,4,1,4,4,4,0,17,17,13,2124,4369,0,4369
7640,20260922,0,0,0,NA,NA,4,NA,NA,4,0,0,17,17,13,0,0,0,0
7641,20260922,1,1,0,1,4,4,1,4,4,4,0,17,17,13,2124,4369,0,4369
7642,20260922,0,0,0,4,NA,8,4,NA,8,1,0,17,17,9,5,1,0,0
7643,20260922,1,1,0,2,6,6,2,6,6,4,0,17,17,11,72,4369,0,4369
7644,20260922,0,0,0,NA,NA,4,NA,NA,4,0,0,17,17,13,0,0,0,0
7645,20260922,0,0,0,NA,NA,4,NA,NA,4,0,0,17,17,13,0,0,0,0
7646,20260922,0,0,0,NA,NA,4,NA,NA,4,0,0,17,17,13,0,0,0,0
7647,20260922,1,1,0,2,8,8,2,8,8,4,0,17,17,9,0,8738,0,8738
7648,20260922,0,0,0,NA,NA,4,NA,NA,4,0,0,17,17,13,0,0,0,0
7649,20260922,0,0,0,NA,NA,4,NA,NA,4,0,0,17,17,13,0,0,0,0
7650,20260922,0,0,0,NA,NA,4,NA,NA,4,0,0,17,17,13,0,0,0,0
7651,20260922,1,1,0,1,6,6,1,6,6,4,0,17,17,11,2052,5185,0,17476
7652,20260922,1,1,0,1,4,4,1,4,4,4,0,17,17,13,2124,4369,0,4369
7653,20260922,0,0,0,NA,NA,4,NA,NA,4,0,0,17,17,13,0,0,0,0
7654,20260922,0,0,0,NA,NA,4,NA,NA,4,0,0,17,17,13,0,0,0,0
7655,20260922,1,1,0,1,4,4,1,4,4,4,0,17,17,13,2124,4913,0,17476
7656,20260922,0,0,0,NA,NA,4,NA,NA,4,0,0,17,17,13,0,0,0,0
7657,20260922,1,1,0,3,12,12,3,12,12,4,0,17,17,5,3294,4369,3294,4369
7658,20260922,1,1,0,3,12,12,3,12,12,4,0,17,17,5,3294,4369,3294,4369
7659,20260922,1,1,0,1,4,4,1,4,4,4,0,17,17,13,2124,4369,0,4369
7660,20260922,1,1,0,1,4,4,1,4,4,4,0,17,17,13,2124,4369,0,4369
7661,20260922,0,0,0,3,NA,7,3,NA,7,1,0,17,17,10,6,1,0,0
7662,20260922,0,0,0,NA,NA,4,NA,NA,4,0,0,17,17,13,0,0,0,0
7663,20260922,0,0,0,NA,NA,4,NA,NA,4,0,0,17,17,13,0,0,0,0
7664,20260922,1,1,0,3,12,12,3,12,12,4,0,17,17,5,3294,4369,3294,4369
7665,20260922,1,1,0,3,12,12,3,12,12,4,0,17,17,5,3294,12563,3294,12563
7666,20260922,1,1,0,2,8,8,2,8,8,4,0,17,17,9,0,17476,0,17476
7667,20260922,1,1,0,3,12,12,3,12,12,4,0,17,17,5,3294,4369,3294,4369
7668,20260922,0,0,0,3,NA,7,3,NA,7,1,0,17,17,10,6,2,0,0
7669,20260922,1,1,0,1,6,6,1,6,6,4,0,17,17,11,2052,5729,0,26214
7670,20260922,0,0,0,NA,NA,4,NA,NA,4,0,0,17,17,13,0,0,0,0
7671,20260922,0,0,0,NA,NA,4,NA,NA,4,0,0,17,17,13,0,0,0,0
7672,20260922,1,1,0,1,6,6,1,6,6,4,0,17,17,11,2052,5729,0,26214
7673,20260922,1,1,0,1,6,6,1,6,6,4,0,17,17,11,2052,5729,0,26214
7674,20260922,0,0,0,NA,NA,4,NA,NA,4,0,0,17,17,13,0,0,0,0
7675,20260922,0,0,0,4,NA,8,4,NA,8,1,0,17,17,9,5,5,0,0
7676,20260922,1,1,0,3,12,12,3,12,12,4,0,17,17,5,3294,4369,3294,4369
7677,20260922,0,0,0,NA,NA,4,NA,NA,4,0,0,17,17,13,0,0,0,0
7678,20260922,1,1,0,2,8,8,2,8,8,4,0,17,17,9,0,13107,0,13107
7679,20260922,1,1,0,2,8,8,2,8,8,4,0,17,17,9,0,26214,0,26214
7680,20260922,1,1,0,1,4,4,1,4,4,4,0,17,17,13,2124,4369,0,4369
7681,20260922,0,0,0,3,NA,7,3,NA,7,1,0,17,17,10,6,1,0,0
7682,20260922,0,0,0,NA,NA,4,NA,NA,4,0,0,17,17,13,0,0,0,0
7683,20260922,1,1,0,2,8,8,2,8,8,4,0,17,17,9,0,8738,0,8738
7684,20260922,1,1,0,2,8,8,2,8,8,4,0,17,17,9,0,4369,0,4369
7685,20260922,0,0,0,NA,NA,4,NA,NA,4,0,0,17,17,13,0,0,0,0
7686,20260922,0,0,0,NA,NA,4,NA,NA,4,0,0,17,17,13,0,0,0,0
7687,20260922,1,1,0,2,6,6,2,6,6,4,0,17,17,11,72,4369,0,4369
7688,20260922,1,1,0,1,4,4,1,4,4,4,0,17,17,13,2124,12563,0,4369
7689,20260922,1,1,0,1,4,4,1,4,4,4,0,17,17,13,2124,4369,0,4369
7690,20260922,0,0,0,NA,NA,4,NA,NA,4,0,0,17,17,13,0,0,0,0
7691,20260922,1,1,0,1,6,6,1,6,6,4,0,17,17,11,2052,5185,0,17476
7692,20260922,1,1,0,3,12,12,3,12,12,4,0,17,17,5,3294,4369,3294,4369
7693,20260922,0,0,0,NA,NA,4,NA,NA,4,0,0,17,17,13,0,0,0,0
7694,20260922,0,0,0,NA,NA,4,NA,NA,4,0,0,17,17,13,0,0,0,0
7695,20260922,0,0,0,NA,NA,4,NA,NA,4,0,0,17,17,13,0,0,0,0
7696,20260922,1,1,0,2,6,6,2,6,6,4,0,17,17,11,72,4369,0,4369
7697,20260922,1,1,0,1,4,4,1,4,4,4,0,17,17,13,2124,4369,0,4369
7698,20260922,1,1,0,1,4,4,1,4,4,4,0,17,17,13,2124,4369,0,4369
7699,20260922,1,1,0,2,6,6,2,6,6,4,0,17,17,11,72,4369,0,4369
7700,20260922,1,1,0,3,12,12,3,12,12,4,0,17,17,5,3294,4369,3294,4369
7701,20260922,1,1,0,1,4,4,1,4,4,4,0,17,17,13,2124,12563,0,4369
7702,20260922,1,1,0,1,4,4,1,4,4,4,0,17,17,13,2124,12563,0,4369
7703,20260922,0,0,0,NA,NA,4,NA,NA,4,0,0,17,17,13,0,0,0,0
7704,20260922,1,1,0,1,4,4,1,4,4,4,0,17,17,13,2124,4369,0,4369
7705,20260922,1,1,0,1,4,4,1,4,4,4,0,17,17,13,2124,4369,0,4369
7706,20260922,0,0,0,NA,NA,4,NA,NA,4,0,0,17,17,13,0,0,0,0
7707,20260922,1,1,0,2,6,6,2,6,6,4,0,17,17,11,72,8738,0,8738
7708,20260922,1,1,0,1,4,4,1,4,4,4,0,17,17,13,2124,4369,0,4369
7709,20260922,0,0,0,4,NA,11,4,NA,11,2,0,17,17,6,29,22,0,0
7710,20260922,0,0,0,NA,NA,4,NA,NA,4,0,0,17,17,13,0,0,0,0
7711,20260922,1,1,0,1,6,6,1,6,6,4,0,17,17,11,2052,5185,0,17476
7712,20260922,1,1,0,1,4,4,1,4,4,4,0,17,17,13,2124,4369,0,4369
7713,20260922,1,1,0,1,4,4,1,4,4,4,0,17,17,13,2124,4369,0,4369
7714,20260922,0,0,0,NA,NA,4,NA,NA,4,0,0,17,17,13,0,0,0,0
7715,20260922,0,0,0,3,NA,7,3,NA,7,1,0,17,17,10,6,1,0,0
7716,20260922,0,0,0,4,NA,8,4,NA,8,1,0,17,17,9,5,8,0,0
7717,20260922,1,1,0,1,4,4,1,4,4,4,0,17,17,13,2124,4369,0,4369
7718,20260922,0,0,0,NA,NA,4,NA,NA,4,0,0,17,17,13,0,0,0,0
7719,20260922,1,1,0,1,4,4,1,4,4,4,0,17,17,13,2124,4369,0,4369
7720,20260922,1,1,0,1,4,4,1,4,4,4,0,17,17,13,2124,4369,0,4369
7721,20260922,0,0,0,4,NA,11,4,NA,11,2,0,17,17,6,29,51,0,0
7722,20260922,0,0,0,4,NA,8,4,NA,8,1,0,17,17,9,5,1,0,0
7723,20260922,0,0,0,NA,NA,4,NA,NA,4,0,0,17,17,13,0,0,0,0
7724,20260922,1,1,0,1,4,4,1,4,4,4,0,17,17,13,2124,4369,0,4369
7725,20260922,1,1,0,1,6,6,1,6,6,4,0,17,17,11,2052,5185,0,17476
7726,20260922,1,1,0,1,4,4,1,4,4,4,0,17,17,13,2124,4369,0,4369
7727,20260922,1,1,0,1,4,4,1,4,4,4,0,17,17,13,2124,4369,0,4369
7728,20260922,0,0,0,NA,NA,4,NA,NA,4,0,0,17,17,13,0,0,0,0
7729,20260922,0,0,0,4,NA,8,4,NA,8,1,0,17,17,9,5,3,0,0
7730,20260922,1,1,0,2,6,6,2,6,6,4,0,17,17,11,72,4369,0,4369
7731,20260922,0,0,0,4,NA,8,4,NA,8,1,0,17,17,9,5,2,0,0
7732,20260922,1,1,0,1,4,4,1,4,4,4,0,17,17,13,2124,4369,0,4369
7733,20260922,0,0,0,3,NA,7,3,NA,7,1,0,17,17,10,6,1,0,0
7734,20260922,0,0,0,NA,NA,4,NA,NA,4,0,0,17,17,13,0,0,0,0
7735,20260922,0,0,0,NA,NA,4,NA,NA,4,0,0,17,17,13,0,0,0,0
7736,20260922,1,1,0,1,4,4,1,4,4,4,0,17,17,13,2124,4369,0,4369
7737,20260922,1,1,0,1,6,6,1,6,6,4,0,17,17,11,2052,5729,0,26214
7738,20260922,1,1,0,2,8,8,2,8,8,4,0,17,17,9,0,8738,0,8738
7739,20260922,1,1,0,1,4,4,1,4,4,4,0,17,17,13,2124,4369,0,4369
7740,20260922,1,1,0,1,6,6,1,6,6,4,0,17,17,11,2052,5185,0,17476
7741,20260922,1,1,0,3,12,12,3,12,12,4,0,17,17,5,3294,4641,3294,4641
7742,20260922,0,0,0,NA,NA,4,NA,NA,4,0,0,17,17,13,0,0,0,0
7743,20260922,0,0,0,NA,NA,4,NA,NA,4,0,0,17,17,13,0,0,0,0
7744,20260922,1,1,0,3,12,12,3,12,12,4,0,17,17,5,3294,4369,3294,4369
7745,20260922,0,0,0,NA,NA,4,NA,NA,4,0,0,17,17,13,0,0,0,0
7746,20260922,1,1,0,1,4,4,1,4,4,4,0,17,17,13,2124,4369,0,4369
7747,20260922,0,0,0,NA,NA,4,NA,NA,4,0,0,17,17,13,0,0,0,0
7748,20260922,1,1,0,1,4,4,1,4,4,4,0,17,17,13,2124,4913,0,17476
7749,20260922,0,0,0,NA,NA,4,NA,NA,4,0,0,17,17,13,0,0,0,0
7750,20260922,1,1,0,1,6,6,1,6,6,4,0,17,17,11,2052,5729,0,26214
7751,20260922,1,1,0,3,12,12,3,12,12,4,0,17,17,5,3294,4369,3294,4369
7752,20260922,1,1,0,1,4,4,1,4,4,4,0,17,17,13,2124,4369,0,4369
7753,20260922,1,1,0,3,12,12,3,12,12,4,0,17,17,5,3294,4369,3294,4369
7754,20260922,1,1,0,1,6,6,1,6,6,4,0,17,17,11,2052,5729,0,26214
7755,20260922,1,1,0,1,4,4,1,4,4,4,0,17,17,13,2124,4913,0,17476
7756,20260922,1,1,0,1,4,4,1,4,4,4,0,17,17,13,2124,4369,0,4369
7757,20260922,1,1,0,1,6,6,1,6,6,4,0,17,17,11,2052,5729,0,26214
7758,20260922,0,0,0,NA,NA,4,NA,NA,4,0,0,17,17,13,0,0,0,0
7759,20260922,0,0,0,NA,NA,4,NA,NA,4,0,0,17,17,13,0,0,0,0
7760,20260922,1,1,0,1,4,4,1,4,4,4,0,17,17,13,2124,4369,0,4369
7761,20260922,1,1,0,2,6,6,2,6,6,4,0,17,17,11,72,8738,0,8738
7762,20260922,1,1,0,1,4,4,1,4,4,4,0,17,17,13,2124,4369,0,4369
7763,20260922,1,1,0,2,8,8,2,8,8,4,0,17,17,9,0,21845,0,21845
7764,20260922,1,1,0,1,6,6,1,6,6,4,0,17,17,11,2052,5185,0,17476
7765,20260922,1,1,0,1,4,4,1,4,4,4,0,17,17,13,2124,4369,0,4369
7766,20260922,1,1,0,2,6,6,2,6,6,4,0,17,17,11,72,4369,0,4369
7767,20260922,1,1,0,1,6,6,1,6,6,4,0,17,17,11,2052,13107,0,13107
7768,20260922,1,1,0,2,6,6,2,6,6,4,0,17,17,11,72,4369,0,4369
7769,20260922,1,1,0,3,12,12,3,12,12,4,0,17,17,5,3294,4369,3294,4369
7770,20260922,0,0,0,NA,NA,4,NA,NA,4,0,0,17,17,13,0,0,0,0
7771,20260922,1,1,0,1,4,4,1,4,4,4,0,17,17,13,2124,4369,0,4369
7772,20260922,0,0,0,NA,NA,4,NA,NA,4,0,0,17,17,13,0,0,0,0
7773,20260922,0,0,0,NA,NA,4,NA,NA,4,0,0,17,17,13,0,0,0,0
7774,20260922,0,0,0,NA,NA,4,NA,NA,4,0,0,17,17,13,0,0,0,0
7775,20260922,0,0,0,NA,NA,4,NA,NA,4,0,0,17,17,13,0,0,0,0
7776,20260922,1,1,0,1,4,4,1,4,4,4,0,17,17,13,2124,4369,0,4369
7777,20260922,0,0,0,3,NA,7,3,NA,7,1,0,17,17,10,6,2,0,0
7778,20260922,1,1,0,1,4,4,1,4,4,4,0,17,17,13,2124,4641,0,26214
7779,20260922,1,1,0,3,12,12,3,12,12,4,0,17,17,5,3294,13107,3294,13107
7780,20260922,0,0,0,NA,NA,4,NA,NA,4,0,0,17,17,13,0,0,0,0
7781,20260922,0,0,0,NA,NA,4,NA,NA,4,0,0,17,17,13,0,0,0,0
7782,20260922,1,1,0,1,4,4,1,4,4,4,0,17,17,13,2124,4369,0,4369
7783,20260922,0,0,0,NA,NA,4,NA,NA,4,0,0,17,17,13,0,0,0,0
7784,20260922,1,1,0,3,12,12,3,12,12,4,0,17,17,5,3294,4369,3294,4369
7785,20260922,0,0,0,NA,NA,4,NA,NA,4,0,0,17,17,13,0,0,0,0
7786,20260922,0,0,0,3,NA,7,3,NA,7,1,0,17,17,10,6,1,0,0
7787,20260922,1,1,0,1,4,4,1,4,4,4,0,17,17,13,2124,4369,0,4369
7788,20260922,1,1,0,1,6,6,1,6,6,4,0,17,17,11,2052,5185,0,17476
7789,20260922,0,0,0,NA,NA,4,NA,NA,4,0,0,17,17,13,0,0,0,0
7790,20260922,0,0,0,NA,NA,4,NA,NA,4,0,0,17,17,13,0,0,0,0
7791,20260922,0,0,0,NA,NA,4,NA,NA,4,0,0,17,17,13,0,0,0,0
7792,20260922,1,1,0,1,4,4,1,4,4,4,0,17,17,13,2124,4913,0,17476
7793,20260922,0,0,0,NA,NA,4,NA,NA,4,0,0,17,17,13,0,0,0,0
7794,20260922,1,1,0,1,6,6,1,6,6,4,0,17,17,11,2052,8466,0,4369
7795,20260922,0,0,0,NA,NA,4,NA,NA,4,0,0,17,17,13,0,0,0,0
7796,20260922,1,1,0,1,6,6,1,6,6,4,0,17,17,11,2052,5729,0,26214
7797,20260922,0,0,0,NA,NA,4,NA,NA,4,0,0,17,17,13,0,0,0,0
7798,20260922,1,1,0,1,4,4,1,4,4,4,0,17,17,13,2124,4369,0,4369
7799,20260922,1,1,0,1,4,4,1,4,4,4,0,17,17,13,2124,4913,0,17476
7800,20260922,1,1,0,3,12,12,3,12,12,4,0,17,17,5,3294,4369,3294,4369
7801,20260922,0,0,0,NA,NA,4,NA,NA,4,0,0,17,17,13,0,0,0,0
7802,20260922,1,1,0,1,4,4,1,4,4,4,0,17,17,13,2124,4369,0,4369
7803,20260922,1,1,0,1,4,4,1,4,4,4,0,17,17,13,2124,4369,0,4369
7804,20260922,1,1,0,3,12,12,3,12,12,4,0,17,17,5,3294,4369,3294,4369
7805,20260922,1,1,0,2,6,6,2,6,6,4,0,17,17,11,72,4369,0,4369
7806,20260922,0,0,0,NA,NA,4,NA,NA,4,0,0,17,17,13,0,0,0,0
7807,20260922,0,0,0,NA,NA,4,NA,NA,4,0,0,17,17,13,0,0,0,0
7808,20260922,1,1,0,1,4,4,1,4,4,4,0,17,17,13,2124,4369,0,4369
7809,20260922,0,0,0,3,NA,7,3,NA,7,1,0,17,17,10,6,1,0,0
7810,20260922,0,0,0,NA,NA,4,NA,NA,4,0,0,17,17,13,0,0,0,0
7811,20260922,1,1,0,1,4,4,1,4,4,4,0,17,17,13,2124,4369,0,4369
7812,20260922,0,0,0,3,NA,7,3,NA,7,1,0,17,17,10,6,1,0,0
7813,20260922,1,1,0,1,4,4,1,4,4,4,0,17,17,13,2124,4369,0,4369
7814,20260922,0,0,0,NA,NA,4,NA,NA,4,0,0,17,17,13,0,0,0,0
7815,20260922,1,1,0,1,4,4,1,4,4,4,0,17,17,13,2124,4369,0,4369
7816,20260922,1,1,0,2,6,6,2,6,6,4,0,17,17,11,72,4369,0,4369
7817,20260922,0,0,0,NA,NA,4,NA,NA,4,0,0,17,17,13,0,0,0,0
7818,20260922,0,0,0,NA,NA,4,NA,NA,4,0,0,17,17,13,0,0,0,0
7819,20260922,0,0,0,NA,NA,4,NA,NA,4,0,0,17,17,13,0,0,0,0
7820,20260922,0,0,0,NA,NA,4,NA,NA,4,0,0,17,17,13,0,0,0,0
7821,20260922,0,0,0,NA,NA,4,NA,NA,4,0,0,17,17,13,0,0,0,0
7822,20260922,0,0,0,NA,NA,4,NA,NA,4,0,0,17,17,13,0,0,0,0
7823,20260922,0,0,0,NA,NA,4,NA,NA,4,0,0,17,17,13,0,0,0,0
7824,20260922,0,0,0,NA,NA,4,NA,NA,4,0,0,17,17,13,0,0,0,0
7825,20260922,1,1,0,1,6,6,1,6,6,4,0,17,17,11,2052,5729,0,26214
7826,20260922,0,0,0,3,NA,7,3,NA,7,1,0,17,17,10,6,1,0,0
7827,20260922,1,1,0,2,6,6,2,6,6,4,0,17,17,11,72,4369,0,4369
7828,20260922,1,1,0,1,4,4,1,4,4,4,0,17,17,13,2124,4369,0,4369
7829,20260922,1,1,0,1,4,4,1,4,4,4,0,17,17,13,2124,4369,0,4369
7830,20260922,0,0,0,NA,NA,4,NA,NA,4,0,0,17,17,13,0,0,0,0
7831,20260922,0,0,0,NA,NA,4,NA,NA,4,0,0,17,17,13,0,0,0,0
7832,20260922,1,1,0,1,6,6,1,6,6,4,0,17,17,11,2052,9554,0,21845
7833,20260922,1,1,0,2,8,8,2,8,8,4,0,17,17,9,0,13107,0,13107
7834,20260922,1,1,0,2,8,8,2,8,8,4,0,17,17,9,0,4369,0,4369
7835,20260922,0,0,0,3,NA,7,3,NA,7,1,0,17,17,10,6,1,0,0
7836,20260922,1,1,0,2,6,6,2,6,6,4,0,17,17,11,72,4369,0,4369
7837,20260922,1,1,0,1,4,4,1,4,4,4,0,17,17,13,2124,4369,0,4369
7838,20260922,1,1,0,2,8,8,2,8,8,4,0,17,17,9,0,8738,0,8738
7839,20260922,0,0,0,NA,NA,4,NA,NA,4,0,0,17,17,13,0,0,0,0
7840,20260922,0,0,0,NA,NA,4,NA,NA,4,0,0,17,17,13,0,0,0,0
7841,20260922,1,1,0,2,8,8,2,8,8,4,0,17,17,9,0,21845,0,21845
7842,20260922,1,1,0,1,6,6,1,6,6,4,0,17,17,11,2052,5185,0,17476
7843,20260922,0,0,0,NA,NA,4,NA,NA,4,0,0,17,17,13,0,0,0,0
7844,20260922,1,1,0,3,12,12,3,12,12,4,0,17,17,5,3294,4369,3294,4369
7845,20260922,0,0,0,NA,NA,4,NA,NA,4,0,0,17,17,13,0,0,0,0
7846,20260922,0,0,0,NA,NA,4,NA,NA,4,0,0,17,17,13,0,0,0,0
7847,20260922,0,0,0,3,NA,7,3,NA,7,1,0,17,17,10,6,2,0,0
7848,20260922,0,0,0,NA,NA,4,NA,NA,4,0,0,17,17,13,0,0,0,0
7849,20260922,0,0,0,NA,NA,4,NA,NA,4,0,0,17,17,13,0,0,0,0
7850,20260922,0,0,0,NA,NA,4,NA,NA,4,0,0,17,17,13,0,0,0,0
7851,20260922,0,0,0,NA,NA,4,NA,NA,4,0,0,17,17,13,0,0,0,0
7852,20260922,1,1,0,2,8,8,2,8,8,4,0,17,17,9,0,26214,0,26214
7853,20260922,1,1,0,2,6,6,2,6,6,4,0,17,17,11,72,8738,0,8738
7854,20260922,0,0,0,NA,NA,4,NA,NA,4,0,0,17,17,13,0,0,0,0
7855,20260922,1,1,0,1,4,4,1,4,4,4,0,17,17,13,2124,4369,0,4369
7856,20260922,1,1,0,1,4,4,1,4,4,4,0,17,17,13,2124,4369,0,4369
7857,20260922,1,1,0,1,4,4,1,4,4,4,0,17,17,13,2124,12563,0,4369
7858,20260922,1,1,0,1,4,4,1,4,4,4,0,17,17,13,2124,4369,0,4369
7859,20260922,0,0,0,NA,NA,4,NA,NA,4,0,0,17,17,13,0,0,0,0
7860,20260922,0,0,0,NA,NA,4,NA,NA,4,0,0,17,17,13,0,0,0,0
7861,20260922,0,0,0,NA,NA,4,NA,NA,4,0,0,17,17,13,0,0,0,0
7862,20260922,0,0,0,NA,NA,4,NA,NA,4,0,0,17,17,13,0,0,0,0
7863,20260922,0,0,0,NA,NA,4,NA,NA,4,0,0,17,17,13,0,0,0,0
7864,20260922,1,1,0,1,4,4,1,4,4,4,0,17,17,13,2124,4369,0,4369
7865,20260922,1,1,0,1,6,6,1,6,6,4,0,17,17,11,2052,5185,0,17476
7866,20260922,1,1,0,1,4,4,1,4,4,4,0,17,17,13,2124,4369,0,4369
7867,20260922,0,0,0,3,NA,7,3,NA,7,1,0,17,17,10,6,1,0,0
7868,20260922,1,1,0,1,4,4,1,4,4,4,0,17,17,13,2124,4369,0,4369
7869,20260922,0,0,0,NA,NA,4,NA,NA,4,0,0,17,17,13,0,0,0,0
7870,20260922,1,1,0,1,4,4,1,4,4,4,0,17,17,13,2124,4369,0,4369
7871,20260922,1,1,0,1,4,4,1,4,4,4,0,17,17,13,2124,4369,0,4369
7872,20260922,1,1,0,1,6,6,1,6,6,4,0,17,17,11,2052,12835,0,8738
7873,20260922,0,0,0,NA,NA,4,NA,NA,4,0,0,17,17,13,0,0,0,0
7874,20260922,1,1,0,2,6,6,2,6,6,4,0,17,17,11,72,4369,0,4369
7875,20260922,0,0,0,NA,NA,4,NA,NA,4,0,0,17,17,13,0,0,0,0
7876,20260922,0,0,0,4,NA,8,4,NA,8,1,0,17,17,9,5,4,0,0
7877,20260922,1,1,0,3,12,12,3,12,12,4,0,17,17,5,3294,4369,3294,4369
7878,20260922,0,0,0,NA,NA,4,NA,NA,4,0,0,17,17,13,0,0,0,0
7879,20260922,1,1,0,2,6,6,2,6,6,4,0,17,17,11,72,4369,0,4369
7880,20260922,0,0,0,NA,NA,4,NA,NA,4,0,0,17,17,13,0,0,0,0
7881,20260922,1,1,0,2,6,6,2,6,6,4,0,17,17,11,72,17204,0,17476
7882,20260922,1,1,0,1,4,4,1,4,4,4,0,17,17,13,2124,4369,0,4369
7883,20260922,0,0,0,NA,NA,4,NA,NA,4,0,0,17,17,13,0,0,0,0
7884,20260922,1,1,0,1,4,4,1,4,4,4,0,17,17,13,2124,4369,0,4369
7885,20260922,1,1,0,1,4,4,1,4,4,4,0,17,17,13,2124,4913,0,17476
7886,20260922,1,1,0,1,6,6,1,6,6,4,0,17,17,11,2052,5185,0,17476
7887,20260922,1,1,0,1,6,6,1,6,6,4,0,17,17,11,2052,13107,0,13107
7888,20260922,0,0,0,NA,NA,4,NA,NA,4,0,0,17,17,13,0,0,0,0
7889,20260922,0,0,0,NA,NA,4,NA,NA,4,0,0,17,17,13,0,0,0,0
7890,20260922,1,1,0,1,4,4,1,4,4,4,0,17,17,13,2124,4369,0,4369
7891,20260922,0,0,0,NA,NA,4,NA,NA,4,0,0,17,17,13,0,0,0,0
7892,20260922,1,1,0,1,4,4,1,4,4,4,0,17,17,13,2124,4369,0,4369
7893,20260922,1,1,0,3,12,12,3,12,12,4,0,17,17,5,3294,4369,3294,4369
7894,20260922,0,0,0,NA,NA,4,NA,NA,4,0,0,17,17,13,0,0,0,0
7895,20260922,0,0,0,NA,NA,4,NA,NA,4,0,0,17,17,13,0,0,0,0
7896,20260922,0,0,0,NA,NA,4,NA,NA,4,0,0,17,17,13,0,0,0,0
7897,20260922,1,1,0,3,12,12,3,12,12,4,0,17,17,5,3294,4369,3294,4369
7898,20260922,0,0,0,3,NA,7,3,NA,7,1,0,17,17,10,6,4,0,0
7899,20260922,1,1,0,1,6,6,1,6,6,4,0,17,17,11,2052,4641,0,8738
7900,20260922,0,0,0,NA,NA,4,NA,NA,4,0,0,17,17,13,0,0,0,0
7901,20260922,0,0,0,3,NA,7,3,NA,7,1,0,17,17,10,6,1,0,0
7902,20260922,0,0,0,NA,NA,4,NA,NA,4,0,0,17,17,13,0,0,0,0
7903,20260922,0,0,0,4,NA,8,4,NA,8,1,0,17,17,9,5,2,0,0
7904,20260922,0,0,0,NA,NA,4,NA,NA,4,0,0,17,17,13,0,0,0,0
7905,20260922,0,0,0,NA,NA,4,NA,NA,4,0,0,17,17,13,0,0,0,0
7906,20260922,1,1,0,1,6,6,1,6,6,4,0,17,17,11,2052,8466,0,4369
7907,20260922,1,1,0,1,4,4,1,4,4,4,0,17,17,13,2124,12563,0,4369
7908,20260922,1,1,0,1,4,4,1,4,4,4,0,17,17,13,2124,4369,0,4369
7909,20260922,0,0,0,NA,NA,4,NA,NA,4,0,0,17,17,13,0,0,0,0
7910,20260922,0,0,0,NA,NA,4,NA,NA,4,0,0,17,17,13,0,0,0,0
7911,20260922,1,1,0,1,4,4,1,4,4,4,0,17,17,13,2124,12563,0,4369
7912,20260922,0,0,0,NA,NA,4,NA,NA,4,0,0,17,17,13,0,0,0,0
7913,20260922,0,0,0,4,NA,8,4,NA,8,1,0,17,17,9,5,9,0,0
7914,20260922,0,0,0,NA,NA,4,NA,NA,4,0,0,17,17,13,0,0,0,0
7915,20260922,1,1,0,3,12,12,3,12,12,4,0,17,17,5,3294,4369,3294,4369
7916,20260922,1,1,0,2,8,8,2,8,8,4,0,17,17,9,0,13107,0,13107
7917,20260922,0,0,0,NA,NA,4,NA,NA,4,0,0,17,17,13,0,0,0,0
7918,20260922,0,0,0,NA,NA,4,NA,NA,4,0,0,17,17,13,0,0,0,0
7919,20260922,0,0,0,NA,NA,4,NA,NA,4,0,0,17,17,13,0,0,0,0
7920,20260922,1,1,0,1,4,4,1,4,4,4,0,17,17,13,2124,4369,0,4369
7921,20260922,0,0,0,NA,NA,4,NA,NA,4,0,0,17,17,13,0,0,0,0
7922,20260922,1,1,0,1,4,4,1,4,4,4,0,17,17,13,2124,4369,0,4369
7923,20260922,0,0,0,NA,NA,4,NA,NA,4,0,0,17,17,13,0,0,0,0
7924,20260922,1,1,0,1,4,4,1,4,4,4,0,17,17,13,2124,4369,0,4369
7925,20260922,1,1,0,1,4,4,1,4,4,4,0,17,17,13,2124,12563,0,4369
7926,20260922,1,1,0,1,6,6,1,6,6,4,0,17,17,11,2052,5729,0,26214
7927,20260922,1,1,0,3,12,12,3,12,12,4,0,17,17,5,3294,4369,3294,4369
7928,20260922,1,1,0,1,4,4,1,4,4,4,0,17,17,13,2124,4369,0,4369
7929,20260922,1,1,0,1,4,4,1,4,4,4,0,17,17,13,2124,4913,0,17476
7930,20260922,0,0,0,NA,NA,4,NA,NA,4,0,0,17,17,13,0,0,0,0
7931,20260922,0,0,0,NA,NA,4,NA,NA,4,0,0,17,17,13,0,0,0,0
7932,20260922,1,1,0,1,4,4,1,4,4,4,0,17,17,13,2124,4369,0,4369
7933,20260922,1,1,0,2,6,6,2,6,6,4,0,17,17,11,72,4369,0,4369
7934,20260922,1,1,0,1,6,6,1,6,6,4,0,17,17,11,2052,5185,0,17476
7935,20260922,0,0,0,3,NA,7,3,NA,7,1,0,17,17,10,6,1,0,0
7936,20260922,1,1,0,2,8,8,2,8,8,4,0,17,17,9,0,17476,0,17476
7937,20260922,1,1,0,2,6,6,2,6,6,4,0,17,17,11,72,4369,0,4369
7938,20260922,1,1,0,1,4,4,1,4,4,4,0,17,17,13,2124,4369,0,4369
7939,20260922,0,0,0,NA,NA,4,NA,NA,4,0,0,17,17,13,0,0,0,0
7940,20260922,0,0,0,3,NA,7,3,NA,7,1,0,17,17,10,6,1,0,0
7941,20260922,0,0,0,NA,NA,4,NA,NA,4,0,0,17,17,13,0,0,0,0
7942,20260922,0,0,0,NA,NA,4,NA,NA,4,0,0,17,17,13,0,0,0,0
7943,20260922,1,1,0,1,4,4,1,4,4,4,0,17,17,13,2124,4369,0,4369
7944,20260922,0,0,0,NA,NA,4,NA,NA,4,0,0,17,17,13,0,0,0,0
7945,20260922,1,1,0,1,4,4,1,4,4,4,0,17,17,13,2124,4369,0,4369
7946,20260922,0,0,0,NA,NA,4,NA,NA,4,0,0,17,17,13,0,0,0,0
7947,20260922,1,1,0,1,4,4,1,4,4,4,0,17,17,13,2124,4369,0,4369
7948,20260922,1,1,0,1,6,6,1,6,6,4,0,17,17,11,2052,5729,0,26214
7949,20260922,0,0,0,3,NA,7,3,NA,7,1,0,17,17,10,6,1,0,0
7950,20260922,0,0,0,4,NA,8,4,NA,8,1,0,17,17,9,5,9,0,0
7951,20260922,1,1,0,2,6,6,2,6,6,4,0,17,17,11,72,4369,0,4369
7952,20260922,0,0,0,3,NA,7,3,NA,7,1,0,17,17,10,6,1,0,0
7953,20260922,0,0,0,NA,NA,4,NA,NA,4,0,0,17,17,13,0,0,0,0
7954,20260922,0,0,0,NA,NA,4,NA,NA,4,0,0,17,17,13,0,0,0,0
7955,20260922,0,0,0,NA,NA,4,NA,NA,4,0,0,17,17,13,0,0,0,0
7956,20260922,0,0,0,3,NA,7,3,NA,7,1,0,17,17,10,6,1,0,0
7957,20260922,0,0,0,3,NA,7,3,NA,7,1,0,17,17,10,6,1,0,0
7958,20260922,1,1,0,1,6,6,1,6,6,4,0,17,17,11,2052,5185,0,17476
7959,20260922,1,1,0,1,6,6,1,6,6,4,0,17,17,11,2052,5729,0,26214
7960,20260922,0,0,0,NA,NA,4,NA,NA,4,0,0,17,17,13,0,0,0,0
7961,20260922,1,1,0,1,4,4,1,4,4,4,0,17,17,13,2124,12563,0,4369
7962,20260922,0,0,0,NA,NA,4,NA,NA,4,0,0,17,17,13,0,0,0,0
7963,20260922,0,0,0,NA,NA,4,NA,NA,4,0,0,17,17,13,0,0,0,0
7964,20260922,1,1,0,1,6,6,1,6,6,4,0,17,17,11,2052,12835,0,8738
7965,20260922,0,0,0,NA,NA,4,NA,NA,4,0,0,17,17,13,0,0,0,0
7966,20260922,1,1,0,1,4,4,1,4,4,4,0,17,17,13,2124,4913,0,17476
7967,20260922,1,1,0,1,4,4,1,4,4,4,0,17,17,13,2124,12563,0,4369
7968,20260922,1,1,0,1,4,4,1,4,4,4,0,17,17,13,2124,4369,0,4369
7969,20260922,0,0,0,NA,NA,4,NA,NA,4,0,0,17,17,13,0,0,0,0
7970,20260922,0,0,0,NA,NA,4,NA,NA,4,0,0,17,17,13,0,0,0,0
7971,20260922,0,0,0,NA,NA,4,NA,NA,4,0,0,17,17,13,0,0,0,0
7972,20260922,1,1,0,1,4,4,1,4,4,4,0,17,17,13,2124,4369,0,4369
7973,20260922,0,0,0,NA,NA,4,NA,NA,4,0,0,17,17,13,0,0,0,0
7974,20260922,1,1,0,1,4,4,1,4,4,4,0,17,17,13,2124,4369,0,4369
7975,20260922,0,0,0,NA,NA,4,NA,NA,4,0,0,17,17,13,0,0,0,0
7976,20260922,0,0,0,NA,NA,4,NA,NA,4,0,0,17,17,13,0,0,0,0
7977,20260922,1,1,0,2,6,6,2,6,6,4,0,17,17,11,72,4369,0,4369
7978,20260922,0,0,0,NA,NA,4,NA,NA,4,0,0,17,17,13,0,0,0,0
7979,20260922,1,1,0,1,4,4,1,4,4,4,0,17,17,13,2124,8466,0,4369
7980,20260922,0,0,0,4,NA,8,4,NA,8,1,0,17,17,9,5,7,0,0
7981,20260922,1,1,0,1,4,4,1,4,4,4,0,17,17,13,2124,4369,0,4369
7982,20260922,0,0,0,NA,NA,4,NA,NA,4,0,0,17,17,13,0,0,0,0
7983,20260922,0,0,0,NA,NA,4,NA,NA,4,0,0,17,17,13,0,0,0,0
7984,20260922,1,1,0,1,4,4,1,4,4,4,0,17,17,13,2124,4369,0,4369
7985,20260922,1,1,0,1,6,6,1,6,6,4,0,17,17,11,2052,5185,0,17476
7986,20260922,0,0,0,NA,NA,4,NA,NA,4,0,0,17,17,13,0,0,0,0
7987,20260922,1,1,0,1,4,4,1,4,4,4,0,17,17,13,2124,4369,0,4369
7988,20260922,1,1,0,1,4,4,1,4,4,4,0,17,17,13,2124,4369,0,4369
7989,20260922,1,1,0,3,12,12,3,12,12,4,0,17,17,5,3294,4369,3294,4369
7990,20260922,0,0,0,NA,NA,4,NA,NA,4,0,0,17,17,13,0,0,0,0
7991,20260922,0,0,0,NA,NA,4,NA,NA,4,0,0,17,17,13,0,0,0,0
7992,20260922,0,0,0,3,NA,7,3,NA,7,1,0,17,17,10,6,1,0,0
7993,20260922,0,0,0,3,NA,7,3,NA,7,1,0,17,17,10,6,1,0,0
7994,20260922,0,0,0,NA,NA,4,NA,NA,4,0,0,17,17,13,0,0,0,0
7995,20260922,0,0,0,NA,NA,4,NA,NA,4,0,0,17,17,13,0,0,0,0
7996,20260922,1,1,0,2,6,6,2,6,6,4,0,17,17,11,72,4369,0,4369
7997,20260922,0,0,0,4,NA,8,4,NA,8,1,0,17,17,9,5,7,0,0
7998,20260922,1,1,0,1,4,4,1,4,4,4,0,17,17,13,2124,4369,0,4369
7999,20260922,0,0,0,NA,NA,4,NA,NA,4,0,0,17,17,13,0,0,0,0
8000,20260922,0,0,0,4,NA,8,4,NA,8,1,0,17,17,9,5,4,0,0
8001,20260922,1,1,0,2,6,6,2,6,6,4,0,17,17,11,72,4369,0,4369
8002,20260922,1,1,0,1,4,4,1,4,4,4,0,17,17,13,2124,4369,0,4369
8003,20260922,0,0,0,NA,NA,4,NA,NA,4,0,0,17,17,13,0,0,0,0
8004,20260922,0,0,0,NA,NA,4,NA,NA,4,0,0,17,17,13,0,0,0,0
8005,20260922,0,0,0,NA,NA,4,NA,NA,4,0,0,17,17,13,0,0,0,0
8006,20260922,1,1,0,1,4,4,1,4,4,4,0,17,17,13,2124,4369,0,4369
8007,20260922,1,1,0,3,12,12,3,12,12,4,0,17,17,5,3294,4369,3294,4369
8008,20260922,0,0,0,NA,NA,4,NA,NA,4,0,0,17,17,13,0,0,0,0
8009,20260922,1,1,0,1,4,4,1,4,4,4,0,17,17,13,2124,4641,0,8738
8010,20260922,0,0,0,3,NA,7,3,NA,7,1,0,17,17,10,6,1,0,0
8011,20260922,0,0,0,NA,NA,4,NA,NA,4,0,0,17,17,13,0,0,0,0
8012,20260922,0,0,0,NA,NA,4,NA,NA,4,0,0,17,17,13,0,0,0,0
8013,20260922,0,0,0,NA,NA,4,NA,NA,4,0,0,17,17,13,0,0,0,0
8014,20260922,0,0,0,NA,NA,4,NA,NA,4,0,0,17,17,13,0,0,0,0
8015,20260922,1,1,0,1,4,4,1,4,4,4,0,17,17,13,2124,4369,0,4369
8016,20260922,1,1,0,1,4,4,1,4,4,4,0,17,17,13,2124,4369,0,4369
8017,20260922,0,0,0,NA,NA,4,NA,NA,4,0,0,17,17,13,0,0,0,0
8018,20260922,1,1,0,3,12,12,3,12,12,4,0,17,17,5,3294,4369,3294,4369
8019,20260922,1,1,0,2,6,6,2,6,6,4,0,17,17,11,72,4369,0,4369
8020,20260922,0,0,0,NA,NA,4,NA,NA,4,0,0,17,17,13,0,0,0,0
8021,20260922,0,0,0,NA,NA,4,NA,NA,4,0,0,17,17,13,0,0,0,0
8022,20260922,1,1,0,3,12,12,3,12,12,4,0,17,17,5,3294,4369,3294,4369
8023,20260922,1,1,0,1,4,4,1,4,4,4,0,17,17,13,2124,12563,0,4369
8024,20260922,1,1,0,1,4,4,1,4,4,4,0,17,17,13,2124,4369,0,4369
8025,20260922,0,0,0,NA,NA,4,NA,NA,4,0,0,17,17,13,0,0,0,0
8026,20260922,1,1,0,3,8,8,3,8,8,4,0,17,17,9,3150,8738,2637,8738
8027,20260922,1,1,0,4,10,10,4,10,10,4,0,17,17,7,2637,17204,2637,17204
8028,20260922,0,0,0,NA,NA,4,NA,NA,4,0,0,17,17,13,0,0,0,0
8029,20260922,1,1,0,1,4,4,1,4,4,4,0,17,17,13,2124,4369,0,4369
8030,20260922,1,1,0,1,6,6,1,6,6,4,0,17,17,11,2052,5729,0,26214
8031,20260922,1,1,0,3,12,12,3,12,12,4,0,17,17,5,3294,4369,3294,4369
8032,20260922,0,0,0,NA,NA,4,NA,NA,4,0,0,17,17,13,0,0,0,0
8033,20260922,0,0,0,NA,NA,4,NA,NA,4,0,0,17,17,13,0,0,0,0
8034,20260922,0,0,0,NA,NA,4,NA,NA,4,0,0,17,17,13,0,0,0,0
8035,20260922,0,0,0,NA,NA,4,NA,NA,4,0,0,17,17,13,0,0,0,0
8036,20260922,0,0,0,NA,NA,4,NA,NA,4,0,0,17,17,13,0,0,0,0
8037,20260922,1,1,0,1,6,6,1,6,6,4,0,17,17,11,2052,5729,0,26214
8038,20260922,0,0,0,NA,NA,4,NA,NA,4,0,0,17,17,13,0,0,0,0
8039,20260922,0,0,0,NA,NA,4,NA,NA,4,0,0,17,17,13,0,0,0,0
8040,20260922,0,0,0,3,NA,7,3,NA,7,1,0,17,17,10,6,1,0,0
8041,20260922,0,0,0,NA,NA,4,NA,NA,4,0,0,17,17,13,0,0,0,0
8042,20260922,1,1,0,3,12,12,3,12,12,4,0,17,17,5,3294,4369,3294,4369
8043,20260922,1,1,0,1,4,4,1,4,4,4,0,17,17,13,2124,8466,0,4369
8044,20260922,1,1,0,1,4,4,1,4,4,4,0,17,17,13,2124,4369,0,4369
8045,20260922,1,1,0,1,4,4,1,4,4,4,0,17,17,13,2124,4369,0,4369
8046,20260922,1,1,0,1,4,4,1,4,4,4,0,17,17,13,2124,4369,0,4369
8047,20260922,1,1,0,1,6,6,1,6,6,4,0,17,17,11,2052,5729,0,26214
8048,20260922,0,0,0,NA,NA,4,NA,NA,4,0,0,17,17,13,0,0,0,0
8049,20260922,0,0,0,NA,NA,4,NA,NA,4,0,0,17,17,13,0,0,0,0
8050,20260922,1,1,0,3,12,12,3,12,12,4,0,17,17,5,3294,4369,3294,4369
8051,20260922,0,0,0,NA,NA,4,NA,NA,4,0,0,17,17,13,0,0,0,0
8052,20260922,0,0,0,NA,NA,4,NA,NA,4,0,0,17,17,13,0,0,0,0
8053,20260922,1,1,0,1,4,4,1,4,4,4,0,17,17,13,2124,4369,0,4369
8054,20260922,1,1,0,2,6,6,2,6,6,4,0,17,17,11,72,4369,0,4369
8055,20260922,0,0,0,4,NA,8,4,NA,8,1,0,17,17,9,5,9,0,0
8056,20260922,0,0,0,NA,NA,4,NA,NA,4,0,0,17,17,13,0,0,0,0
8057,20260922,1,1,0,2,6,6,2,6,6,4,0,17,17,11,72,4369,0,4369
8058,20260922,1,1,0,3,12,12,3,12,12,4,0,17,17,5,3294,8466,3294,8466
8059,20260922,0,0,0,NA,NA,4,NA,NA,4,0,0,17,17,13,0,0,0,0
8060,20260922,1,1,0,1,6,6,1,6,6,4,0,17,17,11,2052,5729,0,26214
8061,20260922,0,0,0,NA,NA,4,NA,NA,4,0,0,17,17,13,0,0,0,0
8062,20260922,0,0,0,NA,NA,4,NA,NA,4,0,0,17,17,13,0,0,0,0
8063,20260922,0,0,0,3,NA,7,3,NA,7,1,0,17,17,10,6,1,0,0
8064,20260922,0,0,0,NA,NA,4,NA,NA,4,0,0,17,17,13,0,0,0,0
8065,20260922,0,0,0,4,NA,8,4,NA,8,1,0,17,17,9,5,3,0,0
8066,20260922,0,0,0,NA,NA,4,NA,NA,4,0,0,17,17,13,0,0,0,0
8067,20260922,1,1,0,2,6,6,2,6,6,4,0,17,17,11,72,4369,0,4369
8068,20260922,0,0,0,NA,NA,4,NA,NA,4,0,0,17,17,13,0,0,0,0
8069,20260922,1,1,0,1,4,4,1,4,4,4,0,17,17,13,2124,4369,0,4369
8070,20260922,1,1,0,1,4,4,1,4,4,4,0,17,17,13,2124,4369,0,4369
8071,20260922,1,1,0,1,4,4,1,4,4,4,0,17,17,13,2124,4369,0,4369
8072,20260922,0,0,0,NA,NA,4,NA,NA,4,0,0,17,17,13,0,0,0,0
8073,20260922,0,0,0,NA,NA,4,NA,NA,4,0,0,17,17,13,0,0,0,0
8074,20260922,0,0,0,NA,NA,4,NA,NA,4,0,0,17,17,13,0,0,0,0
8075,20260922,1,1,0,1,4,4,1,4,4,4,0,17,17,13,2124,12563,0,4369
8076,20260922,0,0,0,NA,NA,4,NA,NA,4,0,0,17,17,13,0,0,0,0
8077,20260922,0,0,0,NA,NA,4,NA,NA,4,0,0,17,17,13,0,0,0,0
8078,20260922,0,0,0,3,NA,7,3,NA,7,1,0,17,17,10,6,1,0,0
8079,20260922,1,1,0,2,8,8,2,8,8,4,0,17,17,9,0,8738,0,8738
8080,20260922,0,0,0,NA,NA,4,NA,NA,4,0,0,17,17,13,0,0,0,0
8081,20260922,0,0,0,NA,NA,4,NA,NA,4,0,0,17,17,13,0,0,0,0
8082,20260922,0,0,0,4,NA,8,4,NA,8,1,0,17,17,9,5,3,0,0
8083,20260922,0,0,0,3,NA,7,3,NA,7,1,0,17,17,10,6,4,0,0
8084,20260922,1,1,0,1,4,4,1,4,4,4,0,17,17,13,2124,4369,0,4369
8085,20260922,0,0,0,NA,NA,4,NA,NA,4,0,0,17,17,13,0,0,0,0
8086,20260922,1,1,0,1,6,6,1,6,6,4,0,17,17,11,2052,5729,0,26214
8087,20260922,0,0,0,3,NA,7,3,NA,7,1,0,17,17,10,6,1,0,0
8088,20260922,1,1,0,1,4,4,1,4,4,4,0,17,17,13,2124,12563,0,4369
8089,20260922,0,0,0,NA,NA,4,NA,NA,4,0,0,17,17,13,0,0,0,0
8090,20260922,1,1,0,1,6,6,1,6,6,4,0,17,17,11,2052,5729,0,26214
8091,20260922,0,0,0,NA,NA,4,NA,NA,4,0,0,17,17,13,0,0,0,0
8092,20260922,1,1,0,1,6,6,1,6,6,4,0,17,17,11,2052,5729,0,26214
8093,20260922,0,0,0,NA,NA,4,NA,NA,4,0,0,17,17,13,0,0,0,0
8094,20260922,0,0,0,NA,NA,4,NA,NA,4,0,0,17,17,13,0,0,0,0
8095,20260922,0,0,0,NA,NA,4,NA,NA,4,0,0,17,17,13,0,0,0,0
8096,20260922,0,0,0,4,NA,8,4,NA,8,1,0,17,17,9,5,4,0,0
8097,20260922,1,1,0,1,4,4,1,4,4,4,0,17,17,13,2124,4369,0,4369
8098,20260922,0,0,0,NA,NA,4,NA,NA,4,0,0,17,17,13,0,0,0,0
8099,20260922,0,0,0,NA,NA,4,NA,NA,4,0,0,17,17,13,0,0,0,0
8100,20260922,1,1,0,1,4,4,1,4,4,4,0,17,17,13,2124,4369,0,4369
8101,20260922,1,1,0,2,6,6,2,6,6,4,0,17,17,11,72,4369,0,4369
8102,20260922,1,1,0,1,4,4,1,4,4,4,0,17,17,13,2124,4369,0,4369
8103,20260922,1,1,0,1,4,4,1,4,4,4,0,17,17,13,2124,4369,0,4369
8104,20260922,1,1,0,2,6,6,2,6,6,4,0,17,17,11,72,4369,0,4369
8105,20260922,0,0,0,NA,NA,4,NA,NA,4,0,0,17,17,13,0,0,0,0
8106,20260922,1,1,0,1,4,4,1,4,4,4,0,17,17,13,2124,4913,0,17476
8107,20260922,1,1,0,2,6,6,2,6,6,4,0,17,17,11,72,4369,0,4369
8108,20260922,0,0,0,NA,NA,4,NA,NA,4,0,0,17,17,13,0,0,0,0
8109,20260922,1,1,0,2,8,8,2,8,8,4,0,17,17,9,0,4369,0,4369
8110,20260922,0,0,0,NA,NA,4,NA,NA,4,0,0,17,17,13,0,0,0,0
8111,20260922,0,0,0,1,NA,5,1,NA,5,1,0,17,17,12,4,3,0,0
8112,20260922,0,0,0,3,NA,7,3,NA,7,1,0,17,17,10,6,1,0,0
8113,20260922,0,0,0,NA,NA,4,NA,NA,4,0,0,17,17,13,0,0,0,0
8114,20260922,1,1,0,3,12,12,3,12,12,4,0,17,17,5,3294,4369,3294,4369
8115,20260922,0,0,0,NA,NA,4,NA,NA,4,0,0,17,17,13,0,0,0,0
8116,20260922,1,1,0,1,4,4,1,4,4,4,0,17,17,13,2124,4369,0,4369
8117,20260922,0,0,0,4,NA,8,4,NA,8,1,0,17,17,9,5,1,0,0
8118,20260922,0,0,0,NA,NA,4,NA,NA,4,0,0,17,17,13,0,0,0,0
8119,20260922,0,0,0,NA,NA,4,NA,NA,4,0,0,17,17,13,0,0,0,0
8120,20260922,0,0,0,NA,NA,4,NA,NA,4,0,0,17,17,13,0,0,0,0
8121,20260922,1,1,0,1,4,4,1,4,4,4,0,17,17,13,2124,4369,0,4369
8122,20260922,1,1,0,1,4,4,1,4,4,4,0,17,17,13,2124,12563,0,4369
8123,20260922,1,1,0,1,4,4,1,4,4,4,0,17,17,13,2124,4369,0,4369
8124,20260922,1,1,0,1,4,4,1,4,4,4,0,17,17,13,2124,8466,0,4369
8125,20260922,0,0,0,NA,NA,4,NA,NA,4,0,0,17,17,13,0,0,0,0
8126,20260922,0,0,0,NA,NA,4,NA,NA,4,0,0,17,17,13,0,0,0,0
8127,20260922,0,0,0,NA,NA,4,NA,NA,4,0,0,17,17,13,0,0,0,0
8128,20260922,1,1,0,1,4,4,1,4,4,4,0,17,17,13,2124,4369,0,4369
8129,20260922,0,0,0,3,NA,7,3,NA,7,1,0,17,17,10,6,1,0,0
8130,20260922,1,1,0,3,12,12,3,12,12,4,0,17,17,5,3294,4369,3294,4369
8131,20260922,1,1,0,1,4,4,1,4,4,4,0,17,17,13,2124,4369,0,4369
8132,20260922,0,0,0,NA,NA,4,NA,NA,4,0,0,17,17,13,0,0,0,0
8133,20260922,1,1,0,1,4,4,1,4,4,4,0,17,17,13,2124,4369,0,4369
8134,20260922,1,1,0,2,6,6,2,6,6,4,0,17,17,11,72,4369,0,4369
8135,20260922,1,1,0,1,4,4,1,4,4,4,0,17,17,13,2124,4369,0,4369
8136,20260922,0,0,0,4,NA,8,4,NA,8,1,0,17,17,9,5,1,0,0
8137,20260922,0,0,0,NA,NA,4,NA,NA,4,0,0,17,17,13,0,0,0,0
8138,20260922,1,1,0,1,4,4,1,4,4,4,0,17,17,13,2124,4369,0,4369
8139,20260922,0,0,0,NA,NA,4,NA,NA,4,0,0,17,17,13,0,0,0,0
8140,20260922,1,1,0,1,4,4,1,4,4,4,0,17,17,13,2124,4369,0,4369
8141,20260922,1,1,0,1,4,4,1,4,4,4,0,17,17,13,2124,4369,0,4369
8142,20260922,1,1,0,1,4,4,1,4,4,4,0,17,17,13,2124,4369,0,4369
8143,20260922,0,0,0,NA,NA,4,NA,NA,4,0,0,17,17,13,0,0,0,0
8144,20260922,1,1,0,2,8,8,2,8,8,4,0,17,17,9,0,17476,0,17476
8145,20260922,1,1,0,1,4,4,1,4,4,4,0,17,17,13,2124,12563,0,4369
8146,20260922,1,1,0,1,4,4,1,4,4,4,0,17,17,13,2124,4369,0,4369
8147,20260922,0,0,0,NA,NA,4,NA,NA,4,0,0,17,17,13,0,0,0,0
8148,20260922,1,1,0,1,6,6,1,6,6,4,0,17,17,11,2052,5729,0,26214
8149,20260922,0,0,0,NA,NA,4,NA,NA,4,0,0,17,17,13,0,0,0,0
8150,20260922,1,1,0,2,8,8,2,8,8,4,0,17,17,9,0,21845,0,21845
8151,20260922,0,0,0,3,NA,7,3,NA,7,1,0,17,17,10,6,1,0,0
8152,20260922,1,1,0,3,12,12,3,12,12,4,0,17,17,5,3294,4369,3294,4369
8153,20260922,0,0,0,NA,NA,4,NA,NA,4,0,0,17,17,13,0,0,0,0
8154,20260922,0,0,0,NA,NA,4,NA,NA,4,0,0,17,17,13,0,0,0,0
8155,20260922,0,0,0,NA,NA,4,NA,NA,4,0,0,17,17,13,0,0,0,0
8156,20260922,1,1,0,1,4,4,1,4,4,4,0,17,17,13,2124,4369,0,4369
8157,20260922,1,1,0,1,4,4,1,4,4,4,0,17,17,13,2124,4369,0,4369
8158,20260922,1,1,0,1,4,4,1,4,4,4,0,17,17,13,2124,4369,0,4369
8159,20260922,0,0,0,NA,NA,4,NA,NA,4,0,0,17,17,13,0,0,0,0
8160,20260922,0,0,0,NA,NA,4,NA,NA,4,0,0,17,17,13,0,0,0,0
8161,20260922,1,1,0,1,4,4,1,4,4,4,0,17,17,13,2124,4913,0,17476
8162,20260922,0,0,0,NA,NA,4,NA,NA,4,0,0,17,17,13,0,0,0,0
8163,20260922,0,0,0,NA,NA,4,NA,NA,4,0,0,17,17,13,0,0,0,0
8164,20260922,1,1,0,1,4,4,1,4,4,4,0,17,17,13,2124,12563,0,4369
8165,20260922,1,1,0,1,6,6,1,6,6,4,0,17,17,11,2052,5729,0,26214
8166,20260922,0,0,0,3,NA,7,3,NA,7,1,0,17,17,10,6,1,0,0
8167,20260922,1,1,0,1,4,4,1,4,4,4,0,17,17,13,2124,12563,0,4369
8168,20260922,0,0,0,NA,NA,4,NA,NA,4,0,0,17,17,13,0,0,0,0
8169,20260922,1,1,0,1,4,4,1,4,4,4,0,17,17,13,2124,4369,0,4369
8170,20260922,1,1,0,1,6,6,1,6,6,4,0,17,17,11,2052,5729,0,26214
8171,20260922,1,1,0,1,4,4,1,4,4,4,0,17,17,13,2124,12563,0,4369
8172,20260922,1,1,0,1,4,4,1,4,4,4,0,17,17,13,2124,4369,0,4369
8173,20260922,0,0,0,NA,NA,4,NA,NA,4,0,0,17,17,13,0,0,0,0
8174,20260922,0,0,0,NA,NA,4,NA,NA,4,0,0,17,17,13,0,0,0,0
8175,20260922,1,1,0,1,4,4,1,4,4,4,0,17,17,13,2124,4369,0,4369
8176,20260922,0,0,0,4,NA,8,4,NA,8,1,0,17,17,9,5,4,0,0
8177,20260922,1,1,0,3,12,12,3,12,12,4,0,17,17,5,3294,4369,3294,4369
8178,20260922,0,0,0,NA,NA,4,NA,NA,4,0,0,17,17,13,0,0,0,0
8179,20260922,1,1,0,1,4,4,1,4,4,4,0,17,17,13,2124,4369,0,4369
8180,20260922,1,1,0,1,4,4,1,4,4,4,0,17,17,13,2124,4369,0,4369
8181,20260922,1,1,0,1,4,4,1,4,4,4,0,17,17,13,2124,4369,0,4369
8182,20260922,1,1,0,1,4,4,1,4,4,4,0,17,17,13,2124,4369,0,4369
8183,20260922,1,1,0,1,4,4,1,4,4,4,0,17,17,13,2124,4369,0,4369
8184,20260922,1,1,0,1,6,6,1,6,6,4,0,17,17,11,2052,5729,0,26214
8185,20260922,0,0,0,NA,NA,4,NA,NA,4,0,0,17,17,13,0,0,0,0
8186,20260922,1,1,0,1,6,6,1,6,6,4,0,17,17,11,2052,12563,0,4369
8187,20260922,1,1,0,1,4,4,1,4,4,4,0,17,17,13,2124,4369,0,4369
8188,20260922,0,0,0,NA,NA,4,NA,NA,4,0,0,17,17,13,0,0,0,0
8189,20260922,0,0,0,NA,NA,4,NA,NA,4,0,0,17,17,13,0,0,0,0
8190,20260922,1,1,0,1,4,4,1,4,4,4,0,17,17,13,2124,4369,0,4369
8191,20260922,0,0,0,NA,NA,4,NA,NA,4,0,0,17,17,13,0,0,0,0
8192,20260922,0,0,0,NA,NA,4,NA,NA,4,0,0,17,17,13,0,0,0,0
8193,20260922,1,1,0,2,6,6,2,6,6,4,0,17,17,11,72,4369,0,4369
8194,20260922,0,0,0,NA,NA,4,NA,NA,4,0,0,17,17,13,0,0,0,0
8195,20260922,0,0,0,4,NA,11,4,NA,11,2,0,17,17,6,29,66,0,0
8196,20260922,0,0,0,NA,NA,4,NA,NA,4,0,0,17,17,13,0,0,0,0
8197,20260922,1,1,0,1,6,6,1,6,6,4,0,17,17,11,2052,4641,0,8738
8198,20260922,0,0,0,NA,NA,4,NA,NA,4,0,0,17,17,13,0,0,0,0
8199,20260922,1,1,0,1,6,6,1,6,6,4,0,17,17,11,2052,5729,0,26214
8200,20260922,1,1,0,2,6,6,2,6,6,4,0,17,17,11,72,17204,0,17476
8201,20260922,1,1,0,1,4,4,1,4,4,4,0,17,17,13,2124,4369,0,4369
8202,20260922,1,1,0,1,4,4,1,4,4,4,0,17,17,13,2124,4913,0,17476
8203,20260922,1,1,0,1,4,4,1,4,4,4,0,17,17,13,2124,12563,0,4369
8204,20260922,0,0,0,NA,NA,4,NA,NA,4,0,0,17,17,13,0,0,0,0
8205,20260922,1,1,0,2,6,6,2,6,6,4,0,17,17,11,72,4369,0,4369
8206,20260922,1,1,0,1,4,4,1,4,4,4,0,17,17,13,2124,4369,0,4369
8207,20260922,0,0,0,NA,NA,4,NA,NA,4,0,0,17,17,13,0,0,0,0
8208,20260922,1,1,0,1,4,4,1,4,4,4,0,17,17,13,2124,12563,0,4369
8209,20260922,0,0,0,NA,NA,4,NA,NA,4,0,0,17,17,13,0,0,0,0
8210,20260922,1,1,0,1,4,4,1,4,4,4,0,17,17,13,2124,4369,0,4369
8211,20260922,1,1,0,3,12,12,3,12,12,4,0,17,17,5,3294,4369,3294,4369
8212,20260922,0,0,0,NA,NA,4,NA,NA,4,0,0,17,17,13,0,0,0,0
8213,20260922,1,1,0,1,4,4,1,4,4,4,0,17,17,13,2124,4369,0,4369
8214,20260922,1,1,0,1,6,6,1,6,6,4,0,17,17,11,2052,5729,0,26214
8215,20260922,1,1,0,1,4,4,1,4,4,4,0,17,17,13,2124,4369,0,4369
8216,20260922,1,1,0,1,4,4,1,4,4,4,0,17,17,13,2124,4369,0,4369
8217,20260922,0,0,0,NA,NA,4,NA,NA,4,0,0,17,17,13,0,0,0,0
8218,20260922,1,1,0,1,4,4,1,4,4,4,0,17,17,13,2124,4369,0,4369
8219,20260922,0,0,0,NA,NA,4,NA,NA,4,0,0,17,17,13,0,0,0,0
8220,20260922,0,0,0,4,NA,8,4,NA,8,1,0,17,17,9,5,2,0,0
8221,20260922,1,1,0,1,4,4,1,4,4,4,0,17,17,13,2124,12563,0,4369
8222,20260922,1,1,0,3,12,12,3,12,12,4,0,17,17,5,3294,4369,3294,4369
8223,20260922,1,1,0,1,4,4,1,4,4,4,0,17,17,13,2124,12835,0,8738
8224,20260922,0,0,0,NA,NA,4,NA,NA,4,0,0,17,17,13,0,0,0,0
8225,20260922,1,1,0,1,4,4,1,4,4,4,0,17,17,13,2124,4369,0,4369
8226,20260922,0,0,0,NA,NA,4,NA,NA,4,0,0,17,17,13,0,0,0,0
8227,20260922,0,0,0,NA,NA,4,NA,NA,4,0,0,17,17,13,0,0,0,0
8228,20260922,1,1,0,1,4,4,1,4,4,4,0,17,17,13,2124,4369,0,4369
8229,20260922,0,0,0,NA,NA,4,NA,NA,4,0,0,17,17,13,0,0,0,0
8230,20260922,1,1,0,1,4,4,1,4,4,4,0,17,17,13,2124,4369,0,4369
8231,20260922,1,1,0,1,6,6,1,6,6,4,0,17,17,11,2052,5185,0,17476
8232,20260922,1,1,0,1,4,4,1,4,4,4,0,17,17,13,2124,4369,0,4369
8233,20260922,1,1,0,1,4,4,1,4,4,4,0,17,17,13,2124,4913,0,17476
8234,20260922,1,1,0,2,6,6,2,6,6,4,0,17,17,11,72,4369,0,4369
8235,20260922,0,0,0,NA,NA,4,NA,NA,4,0,0,17,17,13,0,0,0,0
8236,20260922,0,0,0,NA,NA,4,NA,NA,4,0,0,17,17,13,0,0,0,0
8237,20260922,0,0,0,3,NA,7,3,NA,7,1,0,17,17,10,6,1,0,0
8238,20260922,0,0,0,4,NA,11,4,NA,11,2,0,17,17,6,29,49,0,0
8239,20260922,0,0,0,NA,NA,4,NA,NA,4,0,0,17,17,13,0,0,0,0
8240,20260922,1,1,0,2,6,6,2,6,6,4,0,17,17,11,72,4369,0,4369
8241,20260922,0,0,0,NA,NA,4,NA,NA,4,0,0,17,17,13,0,0,0,0
8242,20260922,0,0,0,NA,NA,4,NA,NA,4,0,0,17,17,13,0,0,0,0
8243,20260922,1,1,0,1,4,4,1,4,4,4,0,17,17,13,2124,4369,0,4369
8244,20260922,0,0,0,NA,NA,4,NA,NA,4,0,0,17,17,13,0,0,0,0
8245,20260922,1,1,0,1,4,4,1,4,4,4,0,17,17,13,2124,4369,0,4369
8246,20260922,0,0,0,NA,NA,4,NA,NA,4,0,0,17,17,13,0,0,0,0
8247,20260922,1,1,0,1,4,4,1,4,4,4,0,17,17,13,2124,4369,0,4369
8248,20260922,0,0,0,3,NA,7,3,NA,7,1,0,17,17,10,6,1,0,0
8249,20260922,0,0,0,NA,NA,4,NA,NA,4,0,0,17,17,13,0,0,0,0
8250,20260922,0,0,0,NA,NA,4,NA,NA,4,0,0,17,17,13,0,0,0,0
8251,20260922,0,0,0,3,NA,7,3,NA,7,1,0,17,17,10,6,1,0,0
8252,20260922,0,0,0,4,NA,8,4,NA,8,1,0,17,17,9,5,9,0,0
8253,20260922,0,0,0,NA,NA,4,NA,NA,4,0,0,17,17,13,0,0,0,0
8254,20260922,0,0,0,4,NA,8,4,NA,8,1,0,17,17,9,5,6,0,0
8255,20260922,0,0,0,NA,NA,4,NA,NA,4,0,0,17,17,13,0,0,0,0
8256,20260922,0,0,0,NA,NA,4,NA,NA,4,0,0,17,17,13,0,0,0,0
8257,20260922,0,0,0,4,NA,8,4,NA,8,1,0,17,17,9,5,3,0,0
8258,20260922,0,0,0,NA,NA,4,NA,NA,4,0,0,17,17,13,0,0,0,0
8259,20260922,1,1,0,1,6,6,1,6,6,4,0,17,17,11,2052,5729,0,26214
8260,20260922,1,1,0,2,6,6,2,6,6,4,0,17,17,11,72,4369,0,4369
8261,20260922,0,0,0,NA,NA,4,NA,NA,4,0,0,17,17,13,0,0,0,0
8262,20260922,1,1,0,1,4,4,1,4,4,4,0,17,17,13,2124,4369,0,4369
8263,20260922,1,1,0,2,6,6,2,6,6,4,0,17,17,11,72,4369,0,4369
8264,20260922,0,0,0,NA,NA,4,NA,NA,4,0,0,17,17,13,0,0,0,0
8265,20260922,0,0,0,NA,NA,4,NA,NA,4,0,0,17,17,13,0,0,0,0
8266,20260922,0,0,0,NA,NA,4,NA,NA,4,0,0,17,17,13,0,0,0,0
8267,20260922,0,0,0,NA,NA,4,NA,NA,4,0,0,17,17,13,0,0,0,0
8268,20260922,0,0,0,NA,NA,4,NA,NA,4,0,0,17,17,13,0,0,0,0
8269,20260922,0,0,0,4,NA,8,4,NA,8,1,0,17,17,9,5,2,0,0
8270,20260922,0,0,0,3,NA,7,3,NA,7,1,0,17,17,10,6,1,0,0
8271,20260922,1,1,0,1,4,4,1,4,4,4,0,17,17,13,2124,4369,0,4369
8272,20260922,1,1,0,3,12,12,3,12,12,4,0,17,17,5,3294,4369,3294,4369
8273,20260922,0,0,0,NA,NA,4,NA,NA,4,0,0,17,17,13,0,0,0,0
8274,20260922,1,1,0,4,10,10,4,10,10,4,0,17,17,7,2637,9010,2637,9010
8275,20260922,0,0,0,NA,NA,4,NA,NA,4,0,0,17,17,13,0,0,0,0
8276,20260922,1,1,0,1,8,8,1,8,8,4,0,17,17,9,2268,13107,2196,13379
8277,20260922,0,0,0,NA,NA,4,NA,NA,4,0,0,17,17,13,0,0,0,0
8278,20260922,1,1,0,1,4,4,1,4,4,4,0,17,17,13,2124,4369,0,4369
8279,20260922,1,1,0,1,4,4,1,4,4,4,0,17,17,13,2124,12563,0,4369
8280,20260922,0,0,0,NA,NA,4,NA,NA,4,0,0,17,17,13,0,0,0,0
8281,20260922,1,1,0,3,12,12,3,12,12,4,0,17,17,5,3294,4369,3294,4369
8282,20260922,0,0,0,NA,NA,4,NA,NA,4,0,0,17,17,13,0,0,0,0
8283,20260922,0,0,0,NA,NA,4,NA,NA,4,0,0,17,17,13,0,0,0,0
8284,20260922,0,0,0,NA,NA,4,NA,NA,4,0,0,17,17,13,0,0,0,0
8285,20260922,0,0,0,4,NA,8,4,NA,8,1,0,17,17,9,5,8,0,0
8286,20260922,0,0,0,4,NA,8,4,NA,8,1,0,17,17,9,5,2,0,0
8287,20260922,0,0,0,NA,NA,4,NA,NA,4,0,0,17,17,13,0,0,0,0
8288,20260922,1,1,0,1,6,6,1,6,6,4,0,17,17,11,2052,5729,0,26214
8289,20260922,0,0,0,3,NA,7,3,NA,7,1,0,17,17,10,6,1,0,0
8290,20260922,0,0,0,NA,NA,4,NA,NA,4,0,0,17,17,13,0,0,0,0
8291,20260922,1,1,0,1,4,4,1,4,4,4,0,17,17,13,2124,4369,0,4369
8292,20260922,0,0,0,NA,NA,4,NA,NA,4,0,0,17,17,13,0,0,0,0
8293,20260922,0,0,0,NA,NA,4,NA,NA,4,0,0,17,17,13,0,0,0,0
8294,20260922,0,0,0,NA,NA,4,NA,NA,4,0,0,17,17,13,0,0,0,0
8295,20260922,1,1,0,3,12,12,3,12,12,4,0,17,17,5,3294,4369,3294,4369
8296,20260922,1,1,0,1,6,6,1,6,6,4,0,17,17,11,2052,5729,0,26214
8297,20260922,0,0,0,NA,NA,4,NA,NA,4,0,0,17,17,13,0,0,0,0
8298,20260922,1,1,0,1,4,4,1,4,4,4,0,17,17,13,2124,4369,0,4369
8299,20260922,1,1,0,2,8,8,2,8,8,4,0,17,17,9,0,17476,0,17476
8300,20260922,1,1,0,1,4,4,1,4,4,4,0,17,17,13,2124,9010,0,17476
8301,20260922,1,1,0,1,4,4,1,4,4,4,0,17,17,13,2124,4913,0,17476
8302,20260922,0,0,0,NA,NA,4,NA,NA,4,0,0,17,17,13,0,0,0,0
8303,20260922,0,0,0,NA,NA,4,NA,NA,4,0,0,17,17,13,0,0,0,0
8304,20260922,1,1,0,1,4,4,1,4,4,4,0,17,17,13,2124,4369,0,4369
8305,20260922,0,0,0,NA,NA,4,NA,NA,4,0,0,17,17,13,0,0,0,0
8306,20260922,0,0,0,NA,NA,4,NA,NA,4,0,0,17,17,13,0,0,0,0
8307,20260922,1,1,0,1,4,4,1,4,4,4,0,17,17,13,2124,4369,0,4369
8308,20260922,1,1,0,1,4,4,1,4,4,4,0,17,17,13,2124,4369,0,4369
8309,20260922,0,0,0,NA,NA,4,NA,NA,4,0,0,17,17,13,0,0,0,0
8310,20260922,1,1,0,1,4,4,1,4,4,4,0,17,17,13,2124,4369,0,4369
8311,20260922,0,0,0,3,NA,7,3,NA,7,1,0,17,17,10,6,1,0,0
8312,20260922,1,1,0,1,4,4,1,4,4,4,0,17,17,13,2124,4369,0,4369
8313,20260922,1,1,0,1,6,6,1,6,6,4,0,17,17,11,2052,5185,0,17476
8314,20260922,1,1,0,1,4,4,1,4,4,4,0,17,17,13,2124,8466,0,4369
8315,20260922,0,0,0,NA,NA,4,NA,NA,4,0,0,17,17,13,0,0,0,0
8316,20260922,1,1,0,1,4,4,1,4,4,4,0,17,17,13,2124,4369,0,4369
8317,20260922,1,1,0,2,6,6,2,6,6,4,0,17,17,11,72,4369,0,4369
8318,20260922,0,0,0,NA,NA,4,NA,NA,4,0,0,17,17,13,0,0,0,0
8319,20260922,0,0,0,NA,NA,4,NA,NA,4,0,0,17,17,13,0,0,0,0
8320,20260922,1,1,0,3,12,12,3,12,12,4,0,17,17,5,3294,4369,3294,4369
8321,20260922,1,1,0,3,12,12,3,12,12,4,0,17,17,5,3294,4369,3294,4369
8322,20260922,1,1,0,1,4,4,1,4,4,4,0,17,17,13,2124,12563,0,4369
8323,20260922,0,0,0,NA,NA,4,NA,NA,4,0,0,17,17,13,0,0,0,0
8324,20260922,0,0,0,3,NA,7,3,NA,7,1,0,17,17,10,6,3,0,0
8325,20260922,0,0,0,NA,NA,4,NA,NA,4,0,0,17,17,13,0,0,0,0
8326,20260922,1,1,0,2,6,6,2,6,6,4,0,17,17,11,72,4369,0,4369
8327,20260922,0,0,0,NA,NA,4,NA,NA,4,0,0,17,17,13,0,0,0,0
8328,20260922,0,0,0,NA,NA,4,NA,NA,4,0,0,17,17,13,0,0,0,0
8329,20260922,0,0,0,NA,NA,4,NA,NA,4,0,0,17,17,13,0,0,0,0
8330,20260922,1,1,0,1,4,4,1,4,4,4,0,17,17,13,2124,4369,0,4369
8331,20260922,0,0,0,NA,NA,4,NA,NA,4,0,0,17,17,13,0,0,0,0
8332,20260922,0,0,0,NA,NA,4,NA,NA,4,0,0,17,17,13,0,0,0,0
8333,20260922,1,1,0,2,6,6,2,6,6,4,0,17,17,11,72,4369,0,4369
8334,20260922,0,0,0,NA,NA,4,NA,NA,4,0,0,17,17,13,0,0,0,0
8335,20260922,1,1,0,2,6,6,2,6,6,4,0,17,17,11,72,4369,0,4369
8336,20260922,0,0,0,4,NA,8,4,NA,8,1,0,17,17,9,5,2,0,0
8337,20260922,1,1,0,1,4,4,1,4,4,4,0,17,17,13,2124,12563,0,4369
8338,20260922,1,1,0,2,6,6,2,6,6,4,0,17,17,11,72,4369,0,4369
8339,20260922,1,1,0,2,8,8,2,8,8,4,0,17,17,9,0,17476,0,17476
8340,20260922,0,0,0,NA,NA,4,NA,NA,4,0,0,17,17,13,0,0,0,0
8341,20260922,0,0,0,NA,NA,4,NA,NA,4,0,0,17,17,13,0,0,0,0
8342,20260922,0,0,0,3,NA,7,3,NA,7,1,0,17,17,10,6,1,0,0
8343,20260922,0,0,0,4,NA,8,4,NA,8,1,0,17,17,9,5,1,0,0
8344,20260922,1,1,0,1,4,4,1,4,4,4,0,17,17,13,2124,12563,0,4369
8345,20260922,1,1,0,2,6,6,2,6,6,4,0,17,17,11,72,4369,0,4369
8346,20260922,0,0,0,NA,NA,4,NA,NA,4,0,0,17,17,13,0,0,0,0
8347,20260922,0,0,0,NA,NA,4,NA,NA,4,0,0,17,17,13,0,0,0,0
8348,20260922,0,0,0,NA,NA,4,NA,NA,4,0,0,17,17,13,0,0,0,0
8349,20260922,0,0,0,NA,NA,4,NA,NA,4,0,0,17,17,13,0,0,0,0
8350,20260922,1,1,0,1,4,4,1,4,4,4,0,17,17,13,2124,4369,0,4369
8351,20260922,1,1,0,2,8,8,2,8,8,4,0,17,17,9,0,26214,0,26214
8352,20260922,0,0,0,NA,NA,4,NA,NA,4,0,0,17,17,13,0,0,0,0
8353,20260922,0,0,0,NA,NA,4,NA,NA,4,0,0,17,17,13,0,0,0,0
8354,20260922,0,0,0,4,NA,8,4,NA,8,1,0,17,17,9,5,1,0,0
8355,20260922,0,0,0,NA,NA,4,NA,NA,4,0,0,17,17,13,0,0,0,0
8356,20260922,0,0,0,NA,NA,4,NA,NA,4,0,0,17,17,13,0,0,0,0
8357,20260922,0,0,0,4,NA,11,4,NA,11,2,0,17,17,6,29,23,0,0
8358,20260922,0,0,0,NA,NA,4,NA,NA,4,0,0,17,17,13,0,0,0,0
8359,20260922,1,1,0,1,4,4,1,4,4,4,0,17,17,13,2124,4913,0,17476
8360,20260922,0,0,0,4,NA,8,4,NA,8,1,0,17,17,9,5,6,0,0
8361,20260922,0,0,0,NA,NA,4,NA,NA,4,0,0,17,17,13,0,0,0,0
8362,20260922,1,1,0,1,4,4,1,4,4,4,0,17,17,13,2124,4369,0,4369
8363,20260922,1,1,0,1,4,4,1,4,4,4,0,17,17,13,2124,4369,0,4369
8364,20260922,0,0,0,NA,NA,4,NA,NA,4,0,0,17,17,13,0,0,0,0
8365,20260922,0,0,0,NA,NA,4,NA,NA,4,0,0,17,17,13,0,0,0,0
8366,20260922,0,0,0,NA,NA,4,NA,NA,4,0,0,17,17,13,0,0,0,0
8367,20260922,1,1,0,2,6,6,2,6,6,4,0,17,17,11,72,4369,0,4369
8368,20260922,0,0,0,NA,NA,4,NA,NA,4,0,0,17,17,13,0,0,0,0
8369,20260922,0,0,0,NA,NA,4,NA,NA,4,0,0,17,17,13,0,0,0,0
8370,20260922,0,0,0,3,NA,7,3,NA,7,1,0,17,17,10,6,1,0,0
8371,20260922,0,0,0,NA,NA,4,NA,NA,4,0,0,17,17,13,0,0,0,0
8372,20260922,1,1,0,1,4,4,1,4,4,4,0,17,17,13,2124,4369,0,4369
8373,20260922,0,0,0,NA,NA,4,NA,NA,4,0,0,17,17,13,0,0,0,0
8374,20260922,0,0,0,3,NA,7,3,NA,7,1,0,17,17,10,6,4,0,0
8375,20260922,1,1,0,1,4,4,1,4,4,4,0,17,17,13,2124,4369,0,4369
8376,20260922,1,1,0,1,4,4,1,4,4,4,0,17,17,13,2124,4369,0,4369
8377,20260922,0,0,0,4,NA,8,4,NA,8,1,0,17,17,9,5,7,0,0
8378,20260922,0,0,0,3,NA,7,3,NA,7,1,0,17,17,10,6,1,0,0
8379,20260922,0,0,0,NA,NA,4,NA,NA,4,0,0,17,17,13,0,0,0,0
8380,20260922,0,0,0,3,NA,7,3,NA,7,1,0,17,17,10,6,1,0,0
8381,20260922,0,0,0,NA,NA,4,NA,NA,4,0,0,17,17,13,0,0,0,0
8382,20260922,1,1,0,1,6,6,1,6,6,4,0,17,17,11,2052,5729,0,26214
8383,20260922,0,0,0,NA,NA,4,NA,NA,4,0,0,17,17,13,0,0,0,0
8384,20260922,1,1,0,1,4,4,1,4,4,4,0,17,17,13,2124,4369,0,4369
8385,20260922,1,1,0,1,4,4,1,4,4,4,0,17,17,13,2124,4369,0,4369
8386,20260922,1,1,0,1,4,4,1,4,4,4,0,17,17,13,2124,12563,0,4369
8387,20260922,1,1,0,1,6,6,1,6,6,4,0,17,17,11,2052,5185,0,17476
8388,20260922,0,0,0,3,NA,7,3,NA,7,1,0,17,17,10,6,1,0,0
8389,20260922,1,1,0,1,4,4,1,4,4,4,0,17,17,13,2124,4369,0,4369
8390,20260922,1,1,0,1,6,6,1,6,6,4,0,17,17,11,2052,5729,0,26214
8391,20260922,1,1,0,2,6,6,2,6,6,4,0,17,17,11,72,17204,0,17476
8392,20260922,0,0,0,NA,NA,4,NA,NA,4,0,0,17,17,13,0,0,0,0
8393,20260922,1,1,0,1,6,6,1,6,6,4,0,17,17,11,2052,4369,0,4369
8394,20260922,0,0,0,NA,NA,4,NA,NA,4,0,0,17,17,13,0,0,0,0
8395,20260922,1,1,0,2,6,6,2,6,6,4,0,17,17,11,72,4369,0,4369
8396,20260922,1,1,0,1,4,4,1,4,4,4,0,17,17,13,2124,4369,0,4369
8397,20260922,1,1,0,3,12,12,3,12,12,4,0,17,17,5,3294,4369,3294,4369
8398,20260922,1,1,0,1,4,4,1,4,4,4,0,17,17,13,2124,4369,0,4369
8399,20260922,0,0,0,NA,NA,4,NA,NA,4,0,0,17,17,13,0,0,0,0
8400,20260922,1,1,0,1,6,6,1,6,6,4,0,17,17,11,2052,9282,0,17476
8401,20260922,1,1,0,1,4,4,1,4,4,4,0,17,17,13,2124,4369,0,4369
8402,20260922,1,1,0,2,6,6,2,6,6,4,0,17,17,11,72,4369,0,4369
8403,20260922,1,1,0,2,8,8,2,8,8,4,0,17,17,9,0,21845,0,21845
8404,20260922,0,0,0,3,NA,7,3,NA,7,1,0,17,17,10,6,3,0,0
8405,20260922,0,0,0,NA,NA,4,NA,NA,4,0,0,17,17,13,0,0,0,0
8406,20260922,0,0,0,NA,NA,4,NA,NA,4,0,0,17,17,13,0,0,0,0
8407,20260922,1,1,0,2,6,6,2,6,6,4,0,17,17,11,72,17204,0,17476
8408,20260922,0,0,0,3,NA,7,3,NA,7,1,0,17,17,10,6,1,0,0
8409,20260922,0,0,0,NA,NA,4,NA,NA,4,0,0,17,17,13,0,0,0,0
8410,20260922,0,0,0,NA,NA,4,NA,NA,4,0,0,17,17,13,0,0,0,0
8411,20260922,1,1,0,1,4,4,1,4,4,4,0,17,17,13,2124,4369,0,4369
8412,20260922,0,0,0,4,NA,8,4,NA,8,1,0,17,17,9,5,3,0,0
8413,20260922,0,0,0,NA,NA,4,NA,NA,4,0,0,17,17,13,0,0,0,0
8414,20260922,0,0,0,NA,NA,4,NA,NA,4,0,0,17,17,13,0,0,0,0
8415,20260922,1,1,0,1,4,4,1,4,4,4,0,17,17,13,2124,4369,0,4369
8416,20260922,1,1,0,1,4,4,1,4,4,4,0,17,17,13,2124,4369,0,4369
8417,20260922,1,1,0,1,4,4,1,4,4,4,0,17,17,13,2124,4369,0,4369
8418,20260922,0,0,0,3,NA,7,3,NA,7,1,0,17,17,10,6,1,0,0
8419,20260922,1,1,0,1,4,4,1,4,4,4,0,17,17,13,2124,4369,0,4369
8420,20260922,1,1,0,1,4,4,1,4,4,4,0,17,17,13,2124,4369,0,4369
8421,20260922,0,0,0,NA,NA,4,NA,NA,4,0,0,17,17,13,0,0,0,0
8422,20260922,1,1,0,1,4,4,1,4,4,4,0,17,17,13,2124,12563,0,4369
8423,20260922,1,1,0,1,4,4,1,4,4,4,0,17,17,13,2124,4369,0,4369
8424,20260922,1,1,0,1,4,4,1,4,4,4,0,17,17,13,2124,8466,0,4369
8425,20260922,0,0,0,NA,NA,4,NA,NA,4,0,0,17,17,13,0,0,0,0
8426,20260922,1,1,0,1,4,4,1,4,4,4,0,17,17,13,2124,4369,0,4369
8427,20260922,0,0,0,NA,NA,4,NA,NA,4,0,0,17,17,13,0,0,0,0
8428,20260922,1,1,0,1,6,6,1,6,6,4,0,17,17,11,2052,5729,0,26214
8429,20260922,0,0,0,NA,NA,4,NA,NA,4,0,0,17,17,13,0,0,0,0
8430,20260922,1,1,0,1,6,6,1,6,6,4,0,17,17,11,2052,5729,0,26214
8431,20260922,1,1,0,1,4,4,1,4,4,4,0,17,17,13,2124,4369,0,4369
8432,20260922,0,0,0,NA,NA,4,NA,NA,4,0,0,17,17,13,0,0,0,0
8433,20260922,1,1,0,1,8,8,1,8,8,4,0,17,17,9,2268,4913,2196,5185
8434,20260922,1,1,0,1,4,4,1,4,4,4,0,17,17,13,2124,4369,0,4369
8435,20260922,1,1,0,1,4,4,1,4,4,4,0,17,17,13,2124,4369,0,4369
8436,20260922,0,0,0,NA,NA,4,NA,NA,4,0,0,17,17,13,0,0,0,0
8437,20260922,1,1,0,1,4,4,1,4,4,4,0,17,17,13,2124,4369,0,4369
8438,20260922,0,0,0,NA,NA,4,NA,NA,4,0,0,17,17,13,0,0,0,0
8439,20260922,0,0,0,NA,NA,4,NA,NA,4,0,0,17,17,13,0,0,0,0
8440,20260922,1,1,0,1,4,4,1,4,4,4,0,17,17,13,2124,4369,0,4369
8441,20260922,0,0,0,4,NA,8,4,NA,8,1,0,17,17,9,5,7,0,0
8442,20260922,0,0,0,NA,NA,4,NA,NA,4,0,0,17,17,13,0,0,0,0
8443,20260922,0,0,0,NA,NA,4,NA,NA,4,0,0,17,17,13,0,0,0,0
8444,20260922,1,1,0,1,6,6,1,6,6,4,0,17,17,11,2052,5185,0,17476
8445,20260922,1,1,0,1,4,4,1,4,4,4,0,17,17,13,2124,4369,0,4369
8446,20260922,0,0,0,3,NA,7,3,NA,7,1,0,17,17,10,6,1,0,0
8447,20260922,0,0,0,NA,NA,4,NA,NA,4,0,0,17,17,13,0,0,0,0
8448,20260922,1,1,0,2,6,6,2,6,6,4,0,17,17,11,72,4369,0,4369
8449,20260922,0,0,0,NA,NA,4,NA,NA,4,0,0,17,17,13,0,0,0,0
8450,20260922,0,0,0,NA,NA,4,NA,NA,4,0,0,17,17,13,0,0,0,0
8451,20260922,1,1,0,1,4,4,1,4,4,4,0,17,17,13,2124,4369,0,4369
8452,20260922,0,0,0,3,NA,7,3,NA,7,1,0,17,17,10,6,1,0,0
8453,20260922,0,0,0,4,NA,8,4,NA,8,1,0,17,17,9,5,4,0,0
8454,20260922,0,0,0,3,NA,7,3,NA,7,1,0,17,17,10,6,1,0,0
8455,20260922,1,1,0,1,4,4,1,4,4,4,0,17,17,13,2124,4369,0,4369
8456,20260922,0,0,0,NA,NA,4,NA,NA,4,0,0,17,17,13,0,0,0,0
8457,20260922,0,0,0,NA,NA,4,NA,NA,4,0,0,17,17,13,0,0,0,0
8458,20260922,1,1,0,1,4,4,1,4,4,4,0,17,17,13,2124,4369,0,4369
8459,20260922,1,1,0,1,4,4,1,4,4,4,0,17,17,13,2124,4369,0,4369
8460,20260922,0,0,0,4,NA,8,4,NA,8,1,0,17,17,9,5,7,0,0
8461,20260922,1,1,0,1,4,4,1,4,4,4,0,17,17,13,2124,4913,0,17476
8462,20260922,0,0,0,NA,NA,4,NA,NA,4,0,0,17,17,13,0,0,0,0
8463,20260922,1,1,0,1,4,4,1,4,4,4,0,17,17,13,2124,4369,0,4369
8464,20260922,0,0,0,NA,NA,4,NA,NA,4,0,0,17,17,13,0,0,0,0
8465,20260922,0,0,0,4,NA,11,4,NA,11,2,0,17,17,6,29,65,0,0
8466,20260922,0,0,0,NA,NA,4,NA,NA,4,0,0,17,17,13,0,0,0,0
8467,20260922,0,0,0,NA,NA,4,NA,NA,4,0,0,17,17,13,0,0,0,0
8468,20260922,0,0,0,NA,NA,4,NA,NA,4,0,0,17,17,13,0,0,0,0
8469,20260922,0,0,0,3,NA,7,3,NA,7,1,0,17,17,10,6,1,0,0
8470,20260922,0,0,0,NA,NA,4,NA,NA,4,0,0,17,17,13,0,0,0,0
8471,20260922,1,1,0,1,4,4,1,4,4,4,0,17,17,13,2124,12563,0,4369
8472,20260922,1,1,0,1,4,4,1,4,4,4,0,17,17,13,2124,4369,0,4369
8473,20260922,0,0,0,NA,NA,4,NA,NA,4,0,0,17,17,13,0,0,0,0
8474,20260922,0,0,0,NA,NA,4,NA,NA,4,0,0,17,17,13,0,0,0,0
8475,20260922,0,0,0,NA,NA,4,NA,NA,4,0,0,17,17,13,0,0,0,0
8476,20260922,0,0,0,NA,NA,4,NA,NA,4,0,0,17,17,13,0,0,0,0
8477,20260922,0,0,0,NA,NA,4,NA,NA,4,0,0,17,17,13,0,0,0,0
8478,20260922,1,1,0,1,4,4,1,4,4,4,0,17,17,13,2124,4369,0,4369
8479,20260922,0,0,0,NA,NA,4,NA,NA,4,0,0,17,17,13,0,0,0,0
8480,20260922,0,0,0,3,NA,7,3,NA,7,1,0,17,17,10,6,3,0,0
8481,20260922,1,1,0,1,4,4,1,4,4,4,0,17,17,13,2124,4913,0,8738
8482,20260922,1,1,0,3,12,12,3,12,12,4,0,17,17,5,3294,4369,3294,4369
8483,20260922,1,1,0,1,6,6,1,6,6,4,0,17,17,11,2052,5729,0,26214
8484,20260922,1,1,0,1,4,4,1,4,4,4,0,17,17,13,2124,4369,0,4369
8485,20260922,0,0,0,NA,NA,4,NA,NA,4,0,0,17,17,13,0,0,0,0
8486,20260922,0,0,0,NA,NA,4,NA,NA,4,0,0,17,17,13,0,0,0,0
8487,20260922,1,1,0,1,4,4,1,4,4,4,0,17,17,13,2124,12563,0,4369
8488,20260922,1,1,0,2,6,6,2,6,6,4,0,17,17,11,72,4369,0,4369
8489,20260922,0,0,0,NA,NA,4,NA,NA,4,0,0,17,17,13,0,0,0,0
8490,20260922,1,1,0,2,6,6,2,6,6,4,0,17,17,11,72,4369,0,4369
8491,20260922,1,1,0,2,6,6,2,6,6,4,0,17,17,11,72,4369,0,4369
8492,20260922,0,0,0,NA,NA,4,NA,NA,4,0,0,17,17,13,0,0,0,0
8493,20260922,0,0,0,NA,NA,4,NA,NA,4,0,0,17,17,13,0,0,0,0
8494,20260922,0,0,0,NA,NA,4,NA,NA,4,0,0,17,17,13,0,0,0,0
8495,20260922,0,0,0,NA,NA,4,NA,NA,4,0,0,17,17,13,0,0,0,0
8496,20260922,1,1,0,2,6,6,2,6,6,4,0,17,17,11,72,4369,0,4369
8497,20260922,0,0,0,NA,NA,4,NA,NA,4,0,0,17,17,13,0,0,0,0
8498,20260922,1,1,0,2,8,8,2,8,8,4,0,17,17,9,0,17476,0,17476
8499,20260922,1,1,0,1,4,4,1,4,4,4,0,17,17,13,2124,4369,0,4369
8500,20260922,1,1,0,2,6,6,2,6,6,4,0,17,17,11,72,4369,0,4369
8501,20260922,0,0,0,NA,NA,4,NA,NA,4,0,0,17,17,13,0,0,0,0
8502,20260922,0,0,0,NA,NA,4,NA,NA,4,0,0,17,17,13,0,0,0,0
8503,20260922,1,1,0,1,4,4,1,4,4,4,0,17,17,13,2124,4369,0,4369
8504,20260922,1,1,0,1,6,6,1,6,6,4,0,17,17,11,2052,5185,0,17476
8505,20260922,0,0,0,NA,NA,4,NA,NA,4,0,0,17,17,13,0,0,0,0
8506,20260922,0,0,0,NA,NA,4,NA,NA,4,0,0,17,17,13,0,0,0,0
8507,20260922,0,0,0,NA,NA,4,NA,NA,4,0,0,17,17,13,0,0,0,0
8508,20260922,1,1,0,1,4,4,1,4,4,4,0,17,17,13,2124,12563,0,4369
8509,20260922,1,1,0,1,6,6,1,6,6,4,0,17,17,11,2052,5185,0,17476
8510,20260922,0,0,0,NA,NA,4,NA,NA,4,0,0,17,17,13,0,0,0,0
8511,20260922,1,1,0,1,4,4,1,4,4,4,0,17,17,13,2124,4913,0,17476
8512,20260922,0,0,0,NA,NA,4,NA,NA,4,0,0,17,17,13,0,0,0,0
8513,20260922,1,1,0,1,4,4,1,4,4,4,0,17,17,13,2124,4369,0,4369
8514,20260922,0,0,0,NA,NA,4,NA,NA,4,0,0,17,17,13,0,0,0,0
8515,20260922,1,1,0,1,4,4,1,4,4,4,0,17,17,13,2124,4913,0,17476
8516,20260922,0,0,0,NA,NA,4,NA,NA,4,0,0,17,17,13,0,0,0,0
8517,20260922,1,1,0,2,8,8,2,8,8,4,0,17,17,9,0,8738,0,8738
8518,20260922,0,0,0,NA,NA,4,NA,NA,4,0,0,17,17,13,0,0,0,0
8519,20260922,1,1,0,1,4,4,1,4,4,4,0,17,17,13,2124,4913,0,17476
8520,20260922,0,0,0,3,NA,7,3,NA,7,1,0,17,17,10,6,2,0,0
8521,20260922,0,0,0,NA,NA,4,NA,NA,4,0,0,17,17,13,0,0,0,0
8522,20260922,1,1,0,3,12,12,3,12,12,4,0,17,17,5,3294,4369,3294,4369
8523,20260922,1,1,0,1,4,4,1,4,4,4,0,17,17,13,2124,4913,0,17476
8524,20260922,0,0,0,NA,NA,4,NA,NA,4,0,0,17,17,13,0,0,0,0
8525,20260922,1,1,0,1,6,6,1,6,6,4,0,17,17,11,2052,5729,0,26214
8526,20260922,0,0,0,NA,NA,4,NA,NA,4,0,0,17,17,13,0,0,0,0
8527,20260922,1,1,0,1,4,4,1,4,4,4,0,17,17,13,2124,12563,0,4369
8528,20260922,0,0,0,NA,NA,4,NA,NA,4,0,0,17,17,13,0,0,0,0
8529,20260922,1,1,0,1,6,6,1,6,6,4,0,17,17,11,2052,5729,0,26214
8530,20260922,1,1,0,1,4,4,1,4,4,4,0,17,17,13,2124,4913,0,17476
8531,20260922,0,0,0,4,NA,8,4,NA,8,1,0,17,17,9,5,3,0,0
8532,20260922,1,1,0,1,4,4,1,4,4,4,0,17,17,13,2124,4369,0,4369
8533,20260922,1,1,0,2,8,8,2,8,8,4,0,17,17,9,0,4369,0,4369
8534,20260922,0,0,0,3,NA,7,3,NA,7,1,0,17,17,10,6,1,0,0
8535,20260922,1,1,0,1,4,4,1,4,4,4,0,17,17,13,2124,4369,0,4369
8536,20260922,0,0,0,NA,NA,4,NA,NA,4,0,0,17,17,13,0,0,0,0
8537,20260922,0,0,0,NA,NA,4,NA,NA,4,0,0,17,17,13,0,0,0,0
8538,20260922,0,0,0,NA,NA,4,NA,NA,4,0,0,17,17,13,0,0,0,0
8539,20260922,0,0,0,NA,NA,4,NA,NA,4,0,0,17,17,13,0,0,0,0
8540,20260922,1,1,0,1,4,4,1,4,4,4,0,17,17,13,2124,4369,0,4369
8541,20260922,0,0,0,NA,NA,4,NA,NA,4,0,0,17,17,13,0,0,0,0
8542,20260922,1,1,0,1,4,4,1,4,4,4,0,17,17,13,2124,4369,0,4369
8543,20260922,1,1,0,3,12,12,3,12,12,4,0,17,17,5,3294,4369,3294,4369
8544,20260922,1,1,0,1,4,4,1,4,4,4,0,17,17,13,2124,4369,0,4369
8545,20260922,0,0,0,4,NA,8,4,NA,8,1,0,17,17,9,5,10,0,0
8546,20260922,0,0,0,NA,NA,4,NA,NA,4,0,0,17,17,13,0,0,0,0
8547,20260922,1,1,0,2,6,6,2,6,6,4,0,17,17,11,72,4369,0,4369
8548,20260922,1,1,0,1,4,4,1,4,4,4,0,17,17,13,2124,4369,0,4369
8549,20260922,0,0,0,NA,NA,4,NA,NA,4,0,0,17,17,13,0,0,0,0
8550,20260922,0,0,0,NA,NA,4,NA,NA,4,0,0,17,17,13,0,0,0,0
8551,20260922,1,1,0,1,6,6,1,6,6,4,0,17,17,11,2052,5185,0,17476
8552,20260922,1,1,0,1,6,6,1,6,6,4,0,17,17,11,2052,5457,0,21845
8553,20260922,0,0,0,3,NA,7,3,NA,7,1,0,17,17,10,6,1,0,0
8554,20260922,0,0,0,NA,NA,4,NA,NA,4,0,0,17,17,13,0,0,0,0
8555,20260922,0,0,0,NA,NA,4,NA,NA,4,0,0,17,17,13,0,0,0,0
8556,20260922,0,0,0,4,NA,11,4,NA,11,2,0,17,17,6,29,20,0,0
8557,20260922,0,0,0,NA,NA,4,NA,NA,4,0,0,17,17,13,0,0,0,0
8558,20260922,0,0,0,3,NA,7,3,NA,7,1,0,17,17,10,6,1,0,0
8559,20260922,0,0,0,NA,NA,4,NA,NA,4,0,0,17,17,13,0,0,0,0
8560,20260922,1,1,0,1,4,4,1,4,4,4,0,17,17,13,2124,4369,0,4369
8561,20260922,1,1,0,1,4,4,1,4,4,4,0,17,17,13,2124,4913,0,17476
8562,20260922,0,0,0,NA,NA,4,NA,NA,4,0,0,17,17,13,0,0,0,0
8563,20260922,1,1,0,2,6,6,2,6,6,4,0,17,17,11,72,17204,0,17476
8564,20260922,1,1,0,1,4,4,1,4,4,4,0,17,17,13,2124,4369,0,4369
8565,20260922,1,1,0,1,4,4,1,4,4,4,0,17,17,13,2124,4369,0,4369
8566,20260922,0,0,0,NA,NA,4,NA,NA,4,0,0,17,17,13,0,0,0,0
8567,20260922,1,1,0,1,4,4,1,4,4,4,0,17,17,13,2124,4369,0,4369
8568,20260922,1,1,0,1,4,4,1,4,4,4,0,17,17,13,2124,4641,0,8738
8569,20260922,0,0,0,3,NA,7,3,NA,7,1,0,17,17,10,6,1,0,0
8570,20260922,0,0,0,NA,NA,4,NA,NA,4,0,0,17,17,13,0,0,0,0
8571,20260922,0,0,0,NA,NA,4,NA,NA,4,0,0,17,17,13,0,0,0,0
8572,20260922,0,0,0,3,NA,7,3,NA,7,1,0,17,17,10,6,1,0,0
8573,20260922,1,1,0,3,12,12,3,12,12,4,0,17,17,5,3294,4369,3294,4369
8574,20260922,0,0,0,NA,NA,4,NA,NA,4,0,0,17,17,13,0,0,0,0
8575,20260922,1,1,0,1,4,4,1,4,4,4,0,17,17,13,2124,4369,0,4369
8576,20260922,1,1,0,2,6,6,2,6,6,4,0,17,17,11,72,4369,0,4369
8577,20260922,1,1,0,1,4,4,1,4,4,4,0,17,17,13,2124,4369,0,4369
8578,20260922,1,1,0,3,12,12,3,12,12,4,0,17,17,5,3294,4369,3294,4369
8579,20260922,0,0,0,NA,NA,4,NA,NA,4,0,0,17,17,13,0,0,0,0
8580,20260922,0,0,0,NA,NA,4,NA,NA,4,0,0,17,17,13,0,0,0,0
8581,20260922,0,0,0,NA,NA,4,NA,NA,4,0,0,17,17,13,0,0,0,0
8582,20260922,0,0,0,3,NA,7,3,NA,7,1,0,17,17,10,6,2,0,0
8583,20260922,0,0,0,1,NA,5,1,NA,5,1,0,17,17,12,4,2,0,0
8584,20260922,0,0,0,NA,NA,4,NA,NA,4,0,0,17,17,13,0,0,0,0
8585,20260922,1,1,0,1,4,4,1,4,4,4,0,17,17,13,2124,4369,0,4369
8586,20260922,1,1,0,1,4,4,1,4,4,4,0,17,17,13,2124,4369,0,4369
8587,20260922,1,1,0,1,4,4,1,4,4,4,0,17,17,13,2124,4369,0,4369
8588,20260922,0,0,0,NA,NA,4,NA,NA,4,0,0,17,17,13,0,0,0,0
8589,20260922,1,1,0,2,8,8,2,8,8,4,0,17,17,9,0,21845,0,21845
8590,20260922,1,1,0,1,4,4,1,4,4,4,0,17,17,13,2124,12563,0,4369
8591,20260922,0,0,0,NA,NA,4,NA,NA,4,0,0,17,17,13,0,0,0,0
8592,20260922,0,0,0,4,NA,8,4,NA,8,1,0,17,17,9,5,1,0,0
8593,20260922,0,0,0,NA,NA,4,NA,NA,4,0,0,17,17,13,0,0,0,0
8594,20260922,0,0,0,NA,NA,4,NA,NA,4,0,0,17,17,13,0,0,0,0
8595,20260922,1,1,0,1,4,4,1,4,4,4,0,17,17,13,2124,4369,0,4369
8596,20260922,0,0,0,NA,NA,4,NA,NA,4,0,0,17,17,13,0,0,0,0
8597,20260922,1,1,0,2,6,6,2,6,6,4,0,17,17,11,72,4369,0,4369
8598,20260922,1,1,0,1,4,4,1,4,4,4,0,17,17,13,2124,4369,0,4369
8599,20260922,1,1,0,1,4,4,1,4,4,4,0,17,17,13,2124,4369,0,4369
8600,20260922,1,1,0,2,6,6,2,6,6,4,0,17,17,11,72,4369,0,4369
8601,20260922,0,0,0,3,NA,7,3,NA,7,1,0,17,17,10,6,1,0,0
8602,20260922,1,1,0,3,12,12,3,12,12,4,0,17,17,5,3294,4369,3294,4369
8603,20260922,1,1,0,1,6,6,1,6,6,4,0,17,17,11,2052,5729,0,26214
8604,20260922,0,0,0,NA,NA,4,NA,NA,4,0,0,17,17,13,0,0,0,0
8605,20260922,0,0,0,3,NA,7,3,NA,7,1,0,17,17,10,6,1,0,0
8606,20260922,1,1,0,2,8,8,2,8,8,4,0,17,17,9,0,26214,0,26214
8607,20260922,1,1,0,1,4,4,1,4,4,4,0,17,17,13,2124,4369,0,4369
8608,20260922,1,1,0,3,12,12,3,12,12,4,0,17,17,5,3294,4369,3294,4369
8609,20260922,0,0,0,NA,NA,4,NA,NA,4,0,0,17,17,13,0,0,0,0
8610,20260922,1,1,0,1,4,4,1,4,4,4,0,17,17,13,2124,4369,0,4369
8611,20260922,0,0,0,NA,NA,4,NA,NA,4,0,0,17,17,13,0,0,0,0
8612,20260922,1,1,0,1,6,6,1,6,6,4,0,17,17,11,2052,5185,0,17476
8613,20260922,0,0,0,NA,NA,4,NA,NA,4,0,0,17,17,13,0,0,0,0
8614,20260922,1,1,0,1,6,6,1,6,6,4,0,17,17,11,2052,8466,0,4369
8615,20260922,0,0,0,NA,NA,4,NA,NA,4,0,0,17,17,13,0,0,0,0
8616,20260922,1,1,0,2,6,6,2,6,6,4,0,17,17,11,72,4369,0,4369
8617,20260922,1,1,0,3,12,12,3,12,12,4,0,17,17,5,3294,17204,3294,17204
8618,20260922,0,0,0,NA,NA,4,NA,NA,4,0,0,17,17,13,0,0,0,0
8619,20260922,0,0,0,NA,NA,4,NA,NA,4,0,0,17,17,13,0,0,0,0
8620,20260922,1,1,0,1,4,4,1,4,4,4,0,17,17,13,2124,4369,0,4369
8621,20260922,1,1,0,1,6,6,1,6,6,4,0,17,17,11,2052,5729,0,26214
8622,20260922,1,1,0,3,12,12,3,12,12,4,0,17,17,5,3294,4369,3294,4369
8623,20260922,1,1,0,2,6,6,2,6,6,4,0,17,17,11,72,12563,0,13107
8624,20260922,0,0,0,NA,NA,4,NA,NA,4,0,0,17,17,13,0,0,0,0
8625,20260922,0,0,0,3,NA,7,3,NA,7,1,0,17,17,10,6,1,0,0
8626,20260922,1,1,0,1,6,6,1,6,6,4,0,17,17,11,2052,5729,0,26214
8627,20260922,1,1,0,1,4,4,1,4,4,4,0,17,17,13,2124,4369,0,4369
8628,20260922,0,0,0,NA,NA,4,NA,NA,4,0,0,17,17,13,0,0,0,0
8629,20260922,0,0,0,NA,NA,4,NA,NA,4,0,0,17,17,13,0,0,0,0
8630,20260922,0,0,0,4,NA,8,4,NA,8,1,0,17,17,9,5,4,0,0
8631,20260922,0,0,0,3,NA,7,3,NA,7,1,0,17,17,10,6,4,0,0
8632,20260922,1,1,0,1,4,4,1,4,4,4,0,17,17,13,2124,4913,0,17476
8633,20260922,0,0,0,NA,NA,4,NA,NA,4,0,0,17,17,13,0,0,0,0
8634,20260922,1,1,0,3,12,12,3,12,12,4,0,17,17,5,3294,4369,3294,4369
8635,20260922,1,1,0,1,4,4,1,4,4,4,0,17,17,13,2124,4369,0,4369
8636,20260922,1,1,0,2,6,6,2,6,6,4,0,17,17,11,72,4369,0,4369
8637,20260922,0,0,0,3,NA,7,3,NA,7,1,0,17,17,10,6,1,0,0
8638,20260922,0,0,0,4,NA,8,4,NA,8,1,0,17,17,9,5,1,0,0
8639,20260922,1,1,0,1,4,4,1,4,4,4,0,17,17,13,2124,4369,0,4369
8640,20260922,1,1,0,1,4,4,1,4,4,4,0,17,17,13,2124,4369,0,4369
8641,20260922,1,1,0,1,6,6,1,6,6,4,0,17,17,11,2052,5729,0,26214
8642,20260922,0,0,0,NA,NA,4,NA,NA,4,0,0,17,17,13,0,0,0,0
8643,20260922,1,1,0,1,6,6,1,6,6,4,0,17,17,11,2052,5185,0,17476
8644,20260922,1,1,0,1,4,4,1,4,4,4,0,17,17,13,2124,4369,0,4369
8645,20260922,0,0,0,NA,NA,4,NA,NA,4,0,0,17,17,13,0,0,0,0
8646,20260922,0,0,0,NA,NA,4,NA,NA,4,0,0,17,17,13,0,0,0,0
8647,20260922,1,1,0,1,4,4,1,4,4,4,0,17,17,13,2124,4369,0,4369
8648,20260922,0,0,0,NA,NA,4,NA,NA,4,0,0,17,17,13,0,0,0,0
8649,20260922,1,1,0,2,6,6,2,6,6,4,0,17,17,11,72,4369,0,4369
8650,20260922,0,0,0,NA,NA,4,NA,NA,4,0,0,17,17,13,0,0,0,0
8651,20260922,0,0,0,3,NA,7,3,NA,7,1,0,17,17,10,6,2,0,0
8652,20260922,1,1,0,1,4,4,1,4,4,4,0,17,17,13,2124,4369,0,4369
8653,20260922,0,0,0,NA,NA,4,NA,NA,4,0,0,17,17,13,0,0,0,0
8654,20260922,0,0,0,NA,NA,4,NA,NA,4,0,0,17,17,13,0,0,0,0
8655,20260922,1,1,0,2,8,8,2,8,8,4,0,17,17,9,0,21845,0,21845
8656,20260922,1,1,0,1,6,6,1,6,6,4,0,17,17,11,2052,5185,0,17476
8657,20260922,1,1,0,1,4,4,1,4,4,4,0,17,17,13,2124,4369,0,4369
8658,20260922,0,0,0,NA,NA,4,NA,NA,4,0,0,17,17,13,0,0,0,0
8659,20260922,0,0,0,NA,NA,4,NA,NA,4,0,0,17,17,13,0,0,0,0
8660,20260922,1,1,0,2,6,6,2,6,6,4,0,17,17,11,72,4369,0,4369
8661,20260922,0,0,0,NA,NA,4,NA,NA,4,0,0,17,17,13,0,0,0,0
8662,20260922,0,0,0,3,NA,7,3,NA,7,1,0,17,17,10,6,1,0,0
8663,20260922,0,0,0,NA,NA,4,NA,NA,4,0,0,17,17,13,0,0,0,0
8664,20260922,1,1,0,1,4,4,1,4,4,4,0,17,17,13,2124,4369,0,4369
8665,20260922,1,1,0,1,4,4,1,4,4,4,0,17,17,13,2124,8466,0,4369
8666,20260922,1,1,0,1,4,4,1,4,4,4,0,17,17,13,2124,4369,0,4369
8667,20260922,1,1,0,1,4,4,1,4,4,4,0,17,17,13,2124,4369,0,4369
8668,20260922,1,1,0,1,4,4,1,4,4,4,0,17,17,13,2124,12563,0,4369
8669,20260922,0,0,0,3,NA,7,3,NA,7,1,0,17,17,10,6,1,0,0
8670,20260922,0,0,0,NA,NA,4,NA,NA,4,0,0,17,17,13,0,0,0,0
8671,20260922,0,0,0,NA,NA,4,NA,NA,4,0,0,17,17,13,0,0,0,0
8672,20260922,0,0,0,NA,NA,4,NA,NA,4,0,0,17,17,13,0,0,0,0
8673,20260922,1,1,0,1,4,4,1,4,4,4,0,17,17,13,2124,4369,0,4369
8674,20260922,1,1,0,1,4,4,1,4,4,4,0,17,17,13,2124,4369,0,4369
8675,20260922,0,0,0,NA,NA,4,NA,NA,4,0,0,17,17,13,0,0,0,0
8676,20260922,1,1,0,3,12,12,3,12,12,4,0,17,17,5,3294,4369,3294,4369
8677,20260922,0,0,0,3,NA,7,3,NA,7,1,0,17,17,10,6,1,0,0
8678,20260922,1,1,0,1,4,4,1,4,4,4,0,17,17,13,2124,4369,0,4369
8679,20260922,0,0,0,3,NA,7,3,NA,7,1,0,17,17,10,6,1,0,0
8680,20260922,0,0,0,3,NA,7,3,NA,7,1,0,17,17,10,6,1,0,0
8681,20260922,0,0,0,NA,NA,4,NA,NA,4,0,0,17,17,13,0,0,0,0
8682,20260922,0,0,0,NA,NA,4,NA,NA,4,0,0,17,17,13,0,0,0,0
8683,20260922,0,0,0,4,NA,8,4,NA,8,1,0,17,17,9,5,7,0,0
8684,20260922,0,0,0,NA,NA,4,NA,NA,4,0,0,17,17,13,0,0,0,0
8685,20260922,0,0,0,NA,NA,4,NA,NA,4,0,0,17,17,13,0,0,0,0
8686,20260922,0,0,0,4,NA,8,4,NA,8,1,0,17,17,9,5,6,0,0
8687,20260922,1,1,0,1,4,4,1,4,4,4,0,17,17,13,2124,4913,0,17476
8688,20260922,0,0,0,NA,NA,4,NA,NA,4,0,0,17,17,13,0,0,0,0
8689,20260922,0,0,0,NA,NA,4,NA,NA,4,0,0,17,17,13,0,0,0,0
8690,20260922,0,0,0,NA,NA,4,NA,NA,4,0,0,17,17,13,0,0,0,0
8691,20260922,1,1,0,1,4,4,1,4,4,4,0,17,17,13,2124,4369,0,4369
8692,20260922,1,1,0,1,4,4,1,4,4,4,0,17,17,13,2124,4369,0,4369
8693,20260922,0,0,0,NA,NA,4,NA,NA,4,0,0,17,17,13,0,0,0,0
8694,20260922,0,0,0,3,NA,7,3,NA,7,1,0,17,17,10,6,1,0,0
8695,20260922,1,1,0,2,8,8,2,8,8,4,0,17,17,9,0,26214,0,26214
8696,20260922,1,1,0,1,4,4,1,4,4,4,0,17,17,13,2124,4369,0,4369
8697,20260922,0,0,0,NA,NA,4,NA,NA,4,0,0,17,17,13,0,0,0,0
8698,20260922,0,0,0,NA,NA,4,NA,NA,4,0,0,17,17,13,0,0,0,0
8699,20260922,0,0,0,NA,NA,4,NA,NA,4,0,0,17,17,13,0,0,0,0
8700,20260922,0,0,0,NA,NA,4,NA,NA,4,0,0,17,17,13,0,0,0,0
8701,20260922,0,0,0,3,NA,7,3,NA,7,1,0,17,17,10,6,1,0,0
8702,20260922,0,0,0,NA,NA,4,NA,NA,4,0,0,17,17,13,0,0,0,0
8703,20260922,0,0,0,4,NA,11,4,NA,11,2,0,17,17,6,29,22,0,0
8704,20260922,0,0,0,NA,NA,4,NA,NA,4,0,0,17,17,13,0,0,0,0
8705,20260922,1,1,0,1,6,6,1,6,6,4,0,17,17,11,2052,9282,0,17476
8706,20260922,1,1,0,1,4,4,1,4,4,4,0,17,17,13,2124,4369,0,4369
8707,20260922,1,1,0,1,6,6,1,6,6,4,0,17,17,11,2052,5729,0,26214
8708,20260922,1,1,0,3,12,12,3,12,12,4,0,17,17,5,3294,4369,3294,4369
8709,20260922,0,0,0,4,NA,8,4,NA,8,1,0,17,17,9,5,1,0,0
8710,20260922,1,1,0,1,4,4,1,4,4,4,0,17,17,13,2124,4641,0,8738
8711,20260922,0,0,0,NA,NA,4,NA,NA,4,0,0,17,17,13,0,0,0,0
8712,20260922,0,0,0,NA,NA,4,NA,NA,4,0,0,17,17,13,0,0,0,0
8713,20260922,0,0,0,3,NA,7,3,NA,7,1,0,17,17,10,6,1,0,0
8714,20260922,1,1,0,2,8,8,2,8,8,4,0,17,17,9,0,21845,0,21845
8715,20260922,0,0,0,3,NA,7,3,NA,7,1,0,17,17,10,6,1,0,0
8716,20260922,0,0,0,NA,NA,4,NA,NA,4,0,0,17,17,13,0,0,0,0
8717,20260922,0,0,0,3,NA,7,3,NA,7,1,0,17,17,10,6,1,0,0
8718,20260922,0,0,0,NA,NA,4,NA,NA,4,0,0,17,17,13,0,0,0,0
8719,20260922,0,0,0,NA,NA,4,NA,NA,4,0,0,17,17,13,0,0,0,0
8720,20260922,0,0,0,NA,NA,4,NA,NA,4,0,0,17,17,13,0,0,0,0
8721,20260922,0,0,0,NA,NA,4,NA,NA,4,0,0,17,17,13,0,0,0,0
8722,20260922,0,0,0,NA,NA,4,NA,NA,4,0,0,17,17,13,0,0,0,0
8723,20260922,0,0,0,NA,NA,4,NA,NA,4,0,0,17,17,13,0,0,0,0
8724,20260922,1,1,0,2,8,8,2,8,8,4,0,17,17,9,0,21845,0,21845
8725,20260922,0,0,0,NA,NA,4,NA,NA,4,0,0,17,17,13,0,0,0,0
8726,20260922,1,1,0,3,12,12,3,12,12,4,0,17,17,5,3294,4369,3294,4369
8727,20260922,0,0,0,NA,NA,4,NA,NA,4,0,0,17,17,13,0,0,0,0
8728,20260922,1,1,0,1,4,4,1,4,4,4,0,17,17,13,2124,4369,0,4369
8729,20260922,0,0,0,NA,NA,4,NA,NA,4,0,0,17,17,13,0,0,0,0
8730,20260922,1,1,0,2,6,6,2,6,6,4,0,17,17,11,72,4369,0,4369
8731,20260922,0,0,0,NA,NA,4,NA,NA,4,0,0,17,17,13,0,0,0,0
8732,20260922,0,0,0,NA,NA,4,NA,NA,4,0,0,17,17,13,0,0,0,0
8733,20260922,1,1,0,2,6,6,2,6,6,4,0,17,17,11,72,4369,0,4369
8734,20260922,0,0,0,NA,NA,4,NA,NA,4,0,0,17,17,13,0,0,0,0
8735,20260922,0,0,0,NA,NA,4,NA,NA,4,0,0,17,17,13,0,0,0,0
8736,20260922,1,1,0,1,4,4,1,4,4,4,0,17,17,13,2124,4369,0,4369
8737,20260922,1,1,0,1,4,4,1,4,4,4,0,17,17,13,2124,4369,0,4369
8738,20260922,1,1,0,1,4,4,1,4,4,4,0,17,17,13,2124,4369,0,4369
8739,20260922,1,1,0,1,4,4,1,4,4,4,0,17,17,13,2124,4369,0,4369
8740,20260922,1,1,0,1,4,4,1,4,4,4,0,17,17,13,2124,4369,0,4369
8741,20260922,0,0,0,4,NA,8,4,NA,8,1,0,17,17,9,5,2,0,0
8742,20260922,1,1,0,1,4,4,1,4,4,4,0,17,17,13,2124,12563,0,4369
8743,20260922,1,1,0,2,8,8,2,8,8,4,0,17,17,9,0,26214,0,26214
8744,20260922,1,1,0,3,12,12,3,12,12,4,0,17,17,5,3294,16660,3294,16660
8745,20260922,0,0,0,NA,NA,4,NA,NA,4,0,0,17,17,13,0,0,0,0
8746,20260922,1,1,0,1,4,4,1,4,4,4,0,17,17,13,2124,4369,0,4369
8747,20260922,0,0,0,NA,NA,4,NA,NA,4,0,0,17,17,13,0,0,0,0
8748,20260922,1,1,0,1,4,4,1,4,4,4,0,17,17,13,2124,4369,0,4369
8749,20260922,1,1,0,1,4,4,1,4,4,4,0,17,17,13,2124,4369,0,4369
8750,20260922,0,0,0,NA,NA,4,NA,NA,4,0,0,17,17,13,0,0,0,0
8751,20260922,1,1,0,1,6,6,1,6,6,4,0,17,17,11,2052,5185,0,17476
8752,20260922,0,0,0,NA,NA,4,NA,NA,4,0,0,17,17,13,0,0,0,0
8753,20260922,0,0,0,NA,NA,4,NA,NA,4,0,0,17,17,13,0,0,0,0
8754,20260922,1,1,0,1,4,4,1,4,4,4,0,17,17,13,2124,4369,0,4369
8755,20260922,0,0,0,NA,NA,4,NA,NA,4,0,0,17,17,13,0,0,0,0
8756,20260922,0,0,0,3,NA,7,3,NA,7,1,0,17,17,10,6,1,0,0
8757,20260922,1,1,0,1,4,4,1,4,4,4,0,17,17,13,2124,4369,0,4369
8758,20260922,0,0,0,NA,NA,4,NA,NA,4,0,0,17,17,13,0,0,0,0
8759,20260922,1,1,0,1,4,4,1,4,4,4,0,17,17,13,2124,12563,0,4369
8760,20260922,0,0,0,NA,NA,4,NA,NA,4,0,0,17,17,13,0,0,0,0
8761,20260922,0,0,0,NA,NA,4,NA,NA,4,0,0,17,17,13,0,0,0,0
8762,20260922,1,1,0,1,4,4,1,4,4,4,0,17,17,13,2124,4369,0,4369
8763,20260922,1,1,0,3,12,12,3,12,12,4,0,17,17,5,3294,4369,3294,4369
8764,20260922,1,1,0,2,6,6,2,6,6,4,0,17,17,11,72,8738,0,8738
8765,20260922,1,1,0,1,4,4,1,4,4,4,0,17,17,13,2124,4369,0,4369
8766,20260922,0,0,0,NA,NA,4,NA,NA,4,0,0,17,17,13,0,0,0,0
8767,20260922,1,1,0,3,12,12,3,12,12,4,0,17,17,5,3294,12563,3294,12563
8768,20260922,1,1,0,1,4,4,1,4,4,4,0,17,17,13,2124,4913,0,17476
8769,20260922,1,1,0,2,6,6,2,6,6,4,0,17,17,11,72,4369,0,4369
8770,20260922,0,0,0,4,NA,8,4,NA,8,1,0,17,17,9,5,7,0,0
8771,20260922,0,0,0,NA,NA,4,NA,NA,4,0,0,17,17,13,0,0,0,0
8772,20260922,1,1,0,1,4,4,1,4,4,4,0,17,17,13,2124,4369,0,4369
8773,20260922,1,1,0,1,4,4,1,4,4,4,0,17,17,13,2124,4369,0,4369
8774,20260922,0,0,0,3,NA,7,3,NA,7,1,0,17,17,10,6,1,0,0
8775,20260922,0,0,0,NA,NA,4,NA,NA,4,0,0,17,17,13,0,0,0,0
8776,20260922,0,0,0,3,NA,7,3,NA,7,1,0,17,17,10,6,1,0,0
8777,20260922,0,0,0,NA,NA,4,NA,NA,4,0,0,17,17,13,0,0,0,0
8778,20260922,0,0,0,NA,NA,4,NA,NA,4,0,0,17,17,13,0,0,0,0
8779,20260922,0,0,0,4,NA,11,4,NA,11,2,0,17,17,6,29,56,0,0
8780,20260922,0,0,0,NA,NA,4,NA,NA,4,0,0,17,17,13,0,0,0,0
8781,20260922,0,0,0,NA,NA,4,NA,NA,4,0,0,17,17,13,0,0,0,0
8782,20260922,0,0,0,NA,NA,4,NA,NA,4,0,0,17,17,13,0,0,0,0
8783,20260922,0,0,0,NA,NA,4,NA,NA,4,0,0,17,17,13,0,0,0,0
8784,20260922,1,1,0,1,4,4,1,4,4,4,0,17,17,13,2124,4369,0,4369
8785,20260922,0,0,0,NA,NA,4,NA,NA,4,0,0,17,17,13,0,0,0,0
8786,20260922,0,0,0,NA,NA,4,NA,NA,4,0,0,17,17,13,0,0,0,0
8787,20260922,0,0,0,NA,NA,4,NA,NA,4,0,0,17,17,13,0,0,0,0
8788,20260922,1,1,0,3,12,12,3,12,12,4,0,17,17,5,3294,4369,3294,4369
8789,20260922,1,1,0,1,4,4,1,4,4,4,0,17,17,13,2124,4369,0,4369
8790,20260922,1,1,0,2,6,6,2,6,6,4,0,17,17,11,72,4369,0,4369
8791,20260922,0,0,0,3,NA,7,3,NA,7,1,0,17,17,10,6,4,0,0
8792,20260922,0,0,0,NA,NA,4,NA,NA,4,0,0,17,17,13,0,0,0,0
8793,20260922,0,0,0,NA,NA,4,NA,NA,4,0,0,17,17,13,0,0,0,0
8794,20260922,0,0,0,NA,NA,4,NA,NA,4,0,0,17,17,13,0,0,0,0
8795,20260922,1,1,0,1,6,6,1,6,6,4,0,17,17,11,2052,5185,0,17476
8796,20260922,1,1,0,1,4,4,1,4,4,4,0,17,17,13,2124,4369,0,4369
8797,20260922,1,1,0,2,6,6,2,6,6,4,0,17,17,11,72,4369,0,4369
8798,20260922,1,1,0,2,6,6,2,6,6,4,0,17,17,11,72,4369,0,4369
8799,20260922,1,1,0,1,4,4,1,4,4,4,0,17,17,13,2124,4369,0,4369
8800,20260922,1,1,0,1,6,6,1,6,6,4,0,17,17,11,2052,5185,0,17476
8801,20260922,0,0,0,NA,NA,4,NA,NA,4,0,0,17,17,13,0,0,0,0
8802,20260922,0,0,0,3,NA,7,3,NA,7,1,0,17,17,10,6,1,0,0
8803,20260922,1,1,0,3,12,12,3,12,12,4,0,17,17,5,3294,4369,3294,4369
8804,20260922,1,1,0,2,6,6,2,6,6,4,0,17,17,11,72,4369,0,4369
8805,20260922,0,0,0,3,NA,7,3,NA,7,1,0,17,17,10,6,2,0,0
8806,20260922,0,0,0,NA,NA,4,NA,NA,4,0,0,17,17,13,0,0,0,0
8807,20260922,1,1,0,1,4,4,1,4,4,4,0,17,17,13,2124,4369,0,4369
8808,20260922,1,1,0,1,4,4,1,4,4,4,0,17,17,13,2124,4369,0,4369
8809,20260922,1,1,0,3,12,12,3,12,12,4,0,17,17,5,3294,4369,3294,4369
8810,20260922,0,0,0,3,NA,7,3,NA,7,1,0,17,17,10,6,1,0,0
8811,20260922,0,0,0,3,NA,7,3,NA,7,1,0,17,17,10,6,1,0,0
8812,20260922,0,0,0,NA,NA,4,NA,NA,4,0,0,17,17,13,0,0,0,0
8813,20260922,1,1,0,1,4,4,1,4,4,4,0,17,17,13,2124,4369,0,4369
8814,20260922,1,1,0,2,6,6,2,6,6,4,0,17,17,11,72,4369,0,4369
8815,20260922,1,1,0,1,6,6,1,6,6,4,0,17,17,11,2052,5729,0,26214
8816,20260922,0,0,0,NA,NA,4,NA,NA,4,0,0,17,17,13,0,0,0,0
8817,20260922,0,0,0,4,NA,8,4,NA,8,1,0,17,17,9,5,2,0,0
8818,20260922,0,0,0,NA,NA,4,NA,NA,4,0,0,17,17,13,0,0,0,0
8819,20260922,0,0,0,NA,NA,4,NA,NA,4,0,0,17,17,13,0,0,0,0
8820,20260922,1,1,0,1,6,6,1,6,6,4,0,17,17,11,2052,9554,0,21845
8821,20260922,0,0,0,3,NA,7,3,NA,7,1,0,17,17,10,6,2,0,0
8822,20260922,0,0,0,3,NA,7,3,NA,7,1,0,17,17,10,6,1,0,0
8823,20260922,1,1,0,1,4,4,1,4,4,4,0,17,17,13,2124,4913,0,17476
8824,20260922,1,1,0,2,6,6,2,6,6,4,0,17,17,11,72,4369,0,4369
8825,20260922,1,1,0,1,4,4,1,4,4,4,0,17,17,13,2124,4913,0,17476
8826,20260922,0,0,0,NA,NA,4,NA,NA,4,0,0,17,17,13,0,0,0,0
8827,20260922,0,0,0,NA,NA,4,NA,NA,4,0,0,17,17,13,0,0,0,0
8828,20260922,1,1,0,1,4,4,1,4,4,4,0,17,17,13,2124,4369,0,4369
8829,20260922,1,1,0,1,4,4,1,4,4,4,0,17,17,13,2124,4369,0,4369
8830,20260922,0,0,0,NA,NA,4,NA,NA,4,0,0,17,17,13,0,0,0,0
8831,20260922,0,0,0,NA,NA,4,NA,NA,4,0,0,17,17,13,0,0,0,0
8832,20260922,0,0,0,3,NA,7,3,NA,7,1,0,17,17,10,6,3,0,0
8833,20260922,0,0,0,NA,NA,4,NA,NA,4,0,0,17,17,13,0,0,0,0
8834,20260922,0,0,0,NA,NA,4,NA,NA,4,0,0,17,17,13,0,0,0,0
8835,20260922,0,0,0,NA,NA,4,NA,NA,4,0,0,17,17,13,0,0,0,0
8836,20260922,1,1,0,2,6,6,2,6,6,4,0,17,17,11,72,4369,0,4369
8837,20260922,1,1,0,1,4,4,1,4,4,4,0,17,17,13,2124,4369,0,4369
8838,20260922,0,0,0,NA,NA,4,NA,NA,4,0,0,17,17,13,0,0,0,0
8839,20260922,1,1,0,1,4,4,1,4,4,4,0,17,17,13,2124,4369,0,4369
8840,20260922,1,1,0,1,4,4,1,4,4,4,0,17,17,13,2124,4369,0,4369
8841,20260922,1,1,0,1,6,6,1,6,6,4,0,17,17,11,2052,5185,0,17476
8842,20260922,1,1,0,2,8,8,2,8,8,4,0,17,17,9,0,21845,0,21845
8843,20260922,1,1,0,1,6,6,1,6,6,4,0,17,17,11,2052,5185,0,17476
8844,20260922,0,0,0,NA,NA,4,NA,NA,4,0,0,17,17,13,0,0,0,0
8845,20260922,0,0,0,NA,NA,4,NA,NA,4,0,0,17,17,13,0,0,0,0
8846,20260922,1,1,0,3,12,12,3,12,12,4,0,17,17,5,3294,4369,3294,4369
8847,20260922,0,0,0,NA,NA,4,NA,NA,4,0,0,17,17,13,0,0,0,0
8848,20260922,1,1,0,2,8,8,2,8,8,4,0,17,17,9,0,17476,0,17476
8849,20260922,0,0,0,3,NA,7,3,NA,7,1,0,17,17,10,6,2,0,0
8850,20260922,1,1,0,1,4,4,1,4,4,4,0,17,17,13,2124,4369,0,4369
8851,20260922,0,0,0,NA,NA,4,NA,NA,4,0,0,17,17,13,0,0,0,0
8852,20260922,0,0,0,4,NA,8,4,NA,8,1,0,17,17,9,5,4,0,0
8853,20260922,1,1,0,1,4,4,1,4,4,4,0,17,17,13,2124,4369,0,4369
8854,20260922,0,0,0,NA,NA,4,NA,NA,4,0,0,17,17,13,0,0,0,0
8855,20260922,0,0,0,NA,NA,4,NA,NA,4,0,0,17,17,13,0,0,0,0
8856,20260922,0,0,0,NA,NA,4,NA,NA,4,0,0,17,17,13,0,0,0,0
8857,20260922,0,0,0,NA,NA,4,NA,NA,4,0,0,17,17,13,0,0,0,0
8858,20260922,0,0,0,NA,NA,4,NA,NA,4,0,0,17,17,13,0,0,0,0
8859,20260922,0,0,0,NA,NA,4,NA,NA,4,0,0,17,17,13,0,0,0,0
8860,20260922,1,1,0,1,4,4,1,4,4,4,0,17,17,13,2124,4369,0,4369
8861,20260922,1,1,0,3,12,12,3,12,12,4,0,17,17,5,3294,4369,3294,4369
8862,20260922,1,1,0,1,4,4,1,4,4,4,0,17,17,13,2124,4369,0,4369
8863,20260922,0,0,0,NA,NA,4,NA,NA,4,0,0,17,17,13,0,0,0,0
8864,20260922,1,1,0,1,4,4,1,4,4,4,0,17,17,13,2124,4369,0,4369
8865,20260922,1,1,0,1,6,6,1,6,6,4,0,17,17,11,2052,5185,0,17476
8866,20260922,0,0,0,NA,NA,4,NA,NA,4,0,0,17,17,13,0,0,0,0
8867,20260922,1,1,0,1,4,4,1,4,4,4,0,17,17,13,2124,4369,0,4369
8868,20260922,0,0,0,NA,NA,4,NA,NA,4,0,0,17,17,13,0,0,0,0
8869,20260922,0,0,0,NA,NA,4,NA,NA,4,0,0,17,17,13,0,0,0,0
8870,20260922,0,0,0,NA,NA,4,NA,NA,4,0,0,17,17,13,0,0,0,0
8871,20260922,0,0,0,NA,NA,4,NA,NA,4,0,0,17,17,13,0,0,0,0
8872,20260922,1,1,0,1,4,4,1,4,4,4,0,17,17,13,2124,12563,0,4369
8873,20260922,0,0,0,3,NA,7,3,NA,7,1,0,17,17,10,6,1,0,0
8874,20260922,0,0,0,NA,NA,4,NA,NA,4,0,0,17,17,13,0,0,0,0
8875,20260922,1,1,0,2,6,6,2,6,6,4,0,17,17,11,72,4369,0,4369
8876,20260922,0,0,0,NA,NA,4,NA,NA,4,0,0,17,17,13,0,0,0,0
8877,20260922,1,1,0,2,6,6,2,6,6,4,0,17,17,11,72,4369,0,4369
8878,20260922,0,0,0,3,NA,7,3,NA,7,1,0,17,17,10,6,2,0,0
8879,20260922,1,1,0,3,12,12,3,12,12,4,0,17,17,5,3294,4369,3294,4369
8880,20260922,0,0,0,3,NA,7,3,NA,7,1,0,17,17,10,6,1,0,0
8881,20260922,0,0,0,NA,NA,4,NA,NA,4,0,0,17,17,13,0,0,0,0
8882,20260922,1,1,0,1,4,4,1,4,4,4,0,17,17,13,2124,4913,0,17476
8883,20260922,1,1,0,2,6,6,2,6,6,4,0,17,17,11,72,4369,0,4369
8884,20260922,0,0,0,NA,NA,4,NA,NA,4,0,0,17,17,13,0,0,0,0
8885,20260922,1,1,0,3,12,12,3,12,12,4,0,17,17,5,3294,4369,3294,4369
8886,20260922,1,1,0,1,4,4,1,4,4,4,0,17,17,13,2124,4369,0,4369
8887,20260922,0,0,0,4,NA,8,4,NA,8,1,0,17,17,9,5,4,0,0
8888,20260922,1,1,0,1,4,4,1,4,4,4,0,17,17,13,2124,4913,0,17476
8889,20260922,1,1,0,1,4,4,1,4,4,4,0,17,17,13,2124,4369,0,4369
8890,20260922,1,1,0,1,4,4,1,4,4,4,0,17,17,13,2124,8466,0,4369
8891,20260922,0,0,0,NA,NA,4,NA,NA,4,0,0,17,17,13,0,0,0,0
8892,20260922,0,0,0,3,NA,7,3,NA,7,1,0,17,17,10,6,1,0,0
8893,20260922,1,1,0,1,4,4,1,4,4,4,0,17,17,13,2124,4369,0,4369
8894,20260922,1,1,0,1,4,4,1,4,4,4,0,17,17,13,2124,4369,0,4369
8895,20260922,1,1,0,1,4,4,1,4,4,4,0,17,17,13,2124,4369,0,4369
8896,20260922,1,1,0,1,6,6,1,6,6,4,0,17,17,11,2052,5729,0,26214
8897,20260922,0,0,0,NA,NA,4,NA,NA,4,0,0,17,17,13,0,0,0,0
8898,20260922,0,0,0,NA,NA,4,NA,NA,4,0,0,17,17,13,0,0,0,0
8899,20260922,1,1,0,1,4,4,1,4,4,4,0,17,17,13,2124,4369,0,4369
8900,20260922,0,0,0,NA,NA,4,NA,NA,4,0,0,17,17,13,0,0,0,0
8901,20260922,0,0,0,NA,NA,4,NA,NA,4,0,0,17,17,13,0,0,0,0
8902,20260922,1,1,0,1,4,4,1,4,4,4,0,17,17,13,2124,4913,0,17476
8903,20260922,0,0,0,NA,NA,4,NA,NA,4,0,0,17,17,13,0,0,0,0
8904,20260922,0,0,0,NA,NA,4,NA,NA,4,0,0,17,17,13,0,0,0,0
8905,20260922,0,0,0,NA,NA,4,NA,NA,4,0,0,17,17,13,0,0,0,0
8906,20260922,0,0,0,NA,NA,4,NA,NA,4,0,0,17,17,13,0,0,0,0
8907,20260922,0,0,0,NA,NA,4,NA,NA,4,0,0,17,17,13,0,0,0,0
8908,20260922,0,0,0,NA,NA,4,NA,NA,4,0,0,17,17,13,0,0,0,0
8909,20260922,1,1,0,2,8,8,2,8,8,4,0,17,17,9,0,8738,0,8738
8910,20260922,1,1,0,1,6,6,1,6,6,4,0,17,17,11,2052,5729,0,26214
8911,20260922,0,0,0,NA,NA,4,NA,NA,4,0,0,17,17,13,0,0,0,0
8912,20260922,1,1,0,2,6,6,2,6,6,4,0,17,17,11,72,4369,0,4369
8913,20260922,0,0,0,NA,NA,4,NA,NA,4,0,0,17,17,13,0,0,0,0
8914,20260922,1,1,0,2,8,8,2,8,8,4,0,17,17,9,0,4369,0,4369
8915,20260922,0,0,0,NA,NA,4,NA,NA,4,0,0,17,17,13,0,0,0,0
8916,20260922,0,0,0,4,NA,8,4,NA,8,1,0,17,17,9,5,9,0,0
8917,20260922,1,1,0,2,6,6,2,6,6,4,0,17,17,11,72,4369,0,4369
8918,20260922,0,0,0,3,NA,7,3,NA,7,1,0,17,17,10,6,1,0,0
8919,20260922,0,0,0,NA,NA,4,NA,NA,4,0,0,17,17,13,0,0,0,0
8920,20260922,1,1,0,1,6,6,1,6,6,4,0,17,17,11,2052,5185,0,17476
8921,20260922,1,1,0,1,4,4,1,4,4,4,0,17,17,13,2124,4369,0,4369
8922,20260922,1,1,0,1,6,6,1,6,6,4,0,17,17,11,2052,9554,0,21845
8923,20260922,0,0,0,3,NA,7,3,NA,7,1,0,17,17,10,6,1,0,0
8924,20260922,0,0,0,NA,NA,4,NA,NA,4,0,0,17,17,13,0,0,0,0
8925,20260922,0,0,0,4,NA,11,4,NA,11,2,0,17,17,6,29,20,0,0
8926,20260922,1,1,0,1,4,4,1,4,4,4,0,17,17,13,2124,4369,0,4369
8927,20260922,1,1,0,1,4,4,1,4,4,4,0,17,17,13,2124,4369,0,4369
8928,20260922,0,0,0,NA,NA,4,NA,NA,4,0,0,17,17,13,0,0,0,0
8929,20260922,1,1,0,3,12,12,3,12,12,4,0,17,17,5,3294,4369,3294,4369
8930,20260922,0,0,0,NA,NA,4,NA,NA,4,0,0,17,17,13,0,0,0,0
8931,20260922,1,1,0,1,4,4,1,4,4,4,0,17,17,13,2124,4369,0,4369
8932,20260922,0,0,0,NA,NA,4,NA,NA,4,0,0,17,17,13,0,0,0,0
8933,20260922,0,0,0,3,NA,7,3,NA,7,1,0,17,17,10,6,1,0,0
8934,20260922,0,0,0,NA,NA,4,NA,NA,4,0,0,17,17,13,0,0,0,0
8935,20260922,1,1,0,3,12,12,3,12,12,4,0,17,17,5,3294,4641,3294,4641
8936,20260922,1,1,0,1,4,4,1,4,4,4,0,17,17,13,2124,4913,0,17476
8937,20260922,0,0,0,NA,NA,4,NA,NA,4,0,0,17,17,13,0,0,0,0
8938,20260922,0,0,0,4,NA,8,4,NA,8,1,0,17,17,9,5,2,0,0
8939,20260922,1,1,0,1,4,4,1,4,4,4,0,17,17,13,2124,4369,0,4369
8940,20260922,1,1,0,2,6,6,2,6,6,4,0,17,17,11,72,4369,0,4369
8941,20260922,0,0,0,NA,NA,4,NA,NA,4,0,0,17,17,13,0,0,0,0
8942,20260922,1,1,0,1,4,4,1,4,4,4,0,17,17,13,2124,4369,0,4369
8943,20260922,1,1,0,3,12,12,3,12,12,4,0,17,17,5,3294,4369,3294,4369
8944,20260922,0,0,0,3,NA,7,3,NA,7,1,0,17,17,10,6,1,0,0
8945,20260922,0,0,0,NA,NA,4,NA,NA,4,0,0,17,17,13,0,0,0,0
8946,20260922,0,0,0,NA,NA,4,NA,NA,4,0,0,17,17,13,0,0,0,0
8947,20260922,1,1,0,1,4,4,1,4,4,4,0,17,17,13,2124,4369,0,4369
8948,20260922,1,1,0,3,12,12,3,12,12,4,0,17,17,5,3294,4369,3294,4369
8949,20260922,1,1,0,1,6,6,1,6,6,4,0,17,17,11,2052,5185,0,17476
8950,20260922,0,0,0,NA,NA,4,NA,NA,4,0,0,17,17,13,0,0,0,0
8951,20260922,0,0,0,3,NA,7,3,NA,7,1,0,17,17,10,6,3,0,0
8952,20260922,1,1,0,1,6,6,1,6,6,4,0,17,17,11,2052,5185,0,17476
8953,20260922,0,0,0,4,NA,11,4,NA,11,2,0,17,17,6,29,20,0,0
8954,20260922,1,1,0,1,4,4,1,4,4,4,0,17,17,13,2124,4913,0,17476
8955,20260922,0,0,0,NA,NA,4,NA,NA,4,0,0,17,17,13,0,0,0,0
8956,20260922,0,0,0,NA,NA,4,NA,NA,4,0,0,17,17,13,0,0,0,0
8957,20260922,0,0,0,NA,NA,4,NA,NA,4,0,0,17,17,13,0,0,0,0
8958,20260922,0,0,0,3,NA,7,3,NA,7,1,0,17,17,10,6,1,0,0
8959,20260922,0,0,0,NA,NA,4,NA,NA,4,0,0,17,17,13,0,0,0,0
8960,20260922,0,0,0,NA,NA,4,NA,NA,4,0,0,17,17,13,0,0,0,0
8961,20260922,0,0,0,NA,NA,4,NA,NA,4,0,0,17,17,13,0,0,0,0
8962,20260922,0,0,0,3,NA,7,3,NA,7,1,0,17,17,10,6,1,0,0
8963,20260922,0,0,0,NA,NA,4,NA,NA,4,0,0,17,17,13,0,0,0,0
8964,20260922,0,0,0,3,NA,7,3,NA,7,1,0,17,17,10,6,1,0,0
8965,20260922,0,0,0,4,NA,8,4,NA,8,1,0,17,17,9,5,6,0,0
8966,20260922,1,1,0,1,6,6,1,6,6,4,0,17,17,11,2052,5729,0,26214
8967,20260922,0,0,0,NA,NA,4,NA,NA,4,0,0,17,17,13,0,0,0,0
8968,20260922,0,0,0,NA,NA,4,NA,NA,4,0,0,17,17,13,0,0,0,0
8969,20260922,0,0,0,NA,NA,4,NA,NA,4,0,0,17,17,13,0,0,0,0
8970,20260922,0,0,0,NA,NA,4,NA,NA,4,0,0,17,17,13,0,0,0,0
8971,20260922,1,1,0,1,4,4,1,4,4,4,0,17,17,13,2124,4369,0,4369
8972,20260922,0,0,0,NA,NA,4,NA,NA,4,0,0,17,17,13,0,0,0,0
8973,20260922,1,1,0,1,4,4,1,4,4,4,0,17,17,13,2124,4913,0,17476
8974,20260922,1,1,0,1,4,4,1,4,4,4,0,17,17,13,2124,4369,0,4369
8975,20260922,0,0,0,NA,NA,4,NA,NA,4,0,0,17,17,13,0,0,0,0
8976,20260922,0,0,0,3,NA,7,3,NA,7,1,0,17,17,10,6,1,0,0
8977,20260922,0,0,0,NA,NA,4,NA,NA,4,0,0,17,17,13,0,0,0,0
8978,20260922,1,1,0,2,8,8,2,8,8,4,0,17,17,9,0,4369,0,4369
8979,20260922,0,0,0,NA,NA,4,NA,NA,4,0,0,17,17,13,0,0,0,0
8980,20260922,1,1,0,1,4,4,1,4,4,4,0,17,17,13,2124,4369,0,4369
8981,20260922,0,0,0,NA,NA,4,NA,NA,4,0,0,17,17,13,0,0,0,0
8982,20260922,0,0,0,NA,NA,4,NA,NA,4,0,0,17,17,13,0,0,0,0
8983,20260922,1,1,0,1,4,4,1,4,4,4,0,17,17,13,2124,4369,0,4369
8984,20260922,1,1,0,3,12,12,3,12,12,4,0,17,17,5,3294,4369,3294,4369
8985,20260922,0,0,0,NA,NA,4,NA,NA,4,0,0,17,17,13,0,0,0,0
8986,20260922,0,0,0,1,NA,5,1,NA,5,1,0,17,17,12,4,1,0,0
8987,20260922,0,0,0,3,NA,7,3,NA,7,1,0,17,17,10,6,1,0,0
8988,20260922,1,1,0,2,6,6,2,6,6,4,0,17,17,11,72,8738,0,8738
8989,20260922,0,0,0,NA,NA,4,NA,NA,4,0,0,17,17,13,0,0,0,0
8990,20260922,0,0,0,NA,NA,4,NA,NA,4,0,0,17,17,13,0,0,0,0
8991,20260922,0,0,0,3,NA,7,3,NA,7,1,0,17,17,10,6,4,0,0
8992,20260922,0,0,0,NA,NA,4,NA,NA,4,0,0,17,17,13,0,0,0,0
8993,20260922,0,0,0,3,NA,7,3,NA,7,1,0,17,17,10,6,1,0,0
8994,20260922,1,1,0,3,12,12,3,12,12,4,0,17,17,5,3294,4369,3294,4369
8995,20260922,1,1,0,2,8,8,2,8,8,4,0,17,17,9,0,4369,0,4369
8996,20260922,1,1,0,1,4,4,1,4,4,4,0,17,17,13,2124,4913,0,17476
8997,20260922,1,1,0,1,6,6,1,6,6,4,0,17,17,11,2052,5729,0,26214
8998,20260922,0,0,0,NA,NA,4,NA,NA,4,0,0,17,17,13,0,0,0,0
8999,20260922,0,0,0,NA,NA,4,NA,NA,4,0,0,17,17,13,0,0,0,0
9000,20260922,0,0,0,NA,NA,4,NA,NA,4,0,0,17,17,13,0,0,0,0
9001,20260922,0,0,0,NA,NA,4,NA,NA,4,0,0,17,17,13,0,0,0,0
9002,20260922,1,1,0,2,8,8,2,8,8,4,0,17,17,9,0,26214,0,26214
9003,20260922,1,1,0,2,8,8,2,8,8,4,0,17,17,9,0,17476,0,17476
9004,20260922,0,0,0,NA,NA,4,NA,NA,4,0,0,17,17,13,0,0,0,0
9005,20260922,1,1,0,1,4,4,1,4,4,4,0,17,17,13,2124,4369,0,4369
9006,20260922,0,0,0,NA,NA,4,NA,NA,4,0,0,17,17,13,0,0,0,0
9007,20260922,1,1,0,1,4,4,1,4,4,4,0,17,17,13,2124,4369,0,4369
9008,20260922,0,0,0,NA,NA,4,NA,NA,4,0,0,17,17,13,0,0,0,0
9009,20260922,1,1,0,1,4,4,1,4,4,4,0,17,17,13,2124,12563,0,4369
9010,20260922,0,0,0,NA,NA,4,NA,NA,4,0,0,17,17,13,0,0,0,0
9011,20260922,1,1,0,3,12,12,3,12,12,4,0,17,17,5,3294,4369,3294,4369
9012,20260922,1,1,0,2,8,8,2,8,8,4,0,17,17,9,0,8738,0,8738
9013,20260922,0,0,0,NA,NA,4,NA,NA,4,0,0,17,17,13,0,0,0,0
9014,20260922,0,0,0,NA,NA,4,NA,NA,4,0,0,17,17,13,0,0,0,0
9015,20260922,1,1,0,1,4,4,1,4,4,4,0,17,17,13,2124,4913,0,17476
9016,20260922,0,0,0,NA,NA,4,NA,NA,4,0,0,17,17,13,0,0,0,0
9017,20260922,1,1,0,3,12,12,3,12,12,4,0,17,17,5,3294,8466,3294,8466
9018,20260922,0,0,0,NA,NA,4,NA,NA,4,0,0,17,17,13,0,0,0,0
9019,20260922,0,0,0,NA,NA,4,NA,NA,4,0,0,17,17,13,0,0,0,0
9020,20260922,0,0,0,3,NA,7,3,NA,7,1,0,17,17,10,6,3,0,0
9021,20260922,1,1,0,1,4,4,1,4,4,4,0,17,17,13,2124,4369,0,4369
9022,20260922,0,0,0,4,NA,8,4,NA,8,1,0,17,17,9,5,2,0,0
9023,20260922,0,0,0,NA,NA,4,NA,NA,4,0,0,17,17,13,0,0,0,0
9024,20260922,1,1,0,1,4,4,1,4,4,4,0,17,17,13,2124,4369,0,4369
9025,20260922,1,1,0,1,4,4,1,4,4,4,0,17,17,13,2124,4369,0,4369
9026,20260922,0,0,0,NA,NA,4,NA,NA,4,0,0,17,17,13,0,0,0,0
9027,20260922,1,1,0,1,4,4,1,4,4,4,0,17,17,13,2124,4369,0,4369
9028,20260922,1,1,0,1,4,4,1,4,4,4,0,17,17,13,2124,4913,0,17476
9029,20260922,0,0,0,NA,NA,4,NA,NA,4,0,0,17,17,13,0,0,0,0
9030,20260922,1,1,0,2,8,8,2,8,8,4,0,17,17,9,0,4369,0,4369
9031,20260922,0,0,0,NA,NA,4,NA,NA,4,0,0,17,17,13,0,0,0,0
9032,20260922,0,0,0,NA,NA,4,NA,NA,4,0,0,17,17,13,0,0,0,0
9033,20260922,0,0,0,NA,NA,4,NA,NA,4,0,0,17,17,13,0,0,0,0
9034,20260922,0,0,0,3,NA,7,3,NA,7,1,0,17,17,10,6,1,0,0
9035,20260922,1,1,0,1,6,6,1,6,6,4,0,17,17,11,2052,5185,0,17476
9036,20260922,1,1,0,1,4,4,1,4,4,4,0,17,17,13,2124,4369,0,4369
9037,20260922,0,0,0,NA,NA,4,NA,NA,4,0,0,17,17,13,0,0,0,0
9038,20260922,0,0,0,NA,NA,4,NA,NA,4,0,0,17,17,13,0,0,0,0
9039,20260922,1,1,0,1,6,6,1,6,6,4,0,17,17,11,2052,5185,0,17476
9040,20260922,1,1,0,1,6,6,1,6,6,4,0,17,17,11,2052,5729,0,26214
9041,20260922,0,0,0,NA,NA,4,NA,NA,4,0,0,17,17,13,0,0,0,0
9042,20260922,1,1,0,1,4,4,1,4,4,4,0,17,17,13,2124,9010,0,17476
9043,20260922,0,0,0,NA,NA,4,NA,NA,4,0,0,17,17,13,0,0,0,0
9044,20260922,1,1,0,1,4,4,1,4,4,4,0,17,17,13,2124,4369,0,4369
9045,20260922,0,0,0,3,NA,7,3,NA,7,1,0,17,17,10,6,1,0,0
9046,20260922,0,0,0,4,NA,8,4,NA,8,1,0,17,17,9,5,4,0,0
9047,20260922,1,1,0,1,4,4,1,4,4,4,0,17,17,13,2124,4369,0,4369
9048,20260922,0,0,0,NA,NA,4,NA,NA,4,0,0,17,17,13,0,0,0,0
9049,20260922,1,1,0,1,4,4,1,4,4,4,0,17,17,13,2124,12563,0,4369
9050,20260922,0,0,0,4,NA,11,4,NA,11,2,0,17,17,6,29,19,0,0
9051,20260922,0,0,0,3,NA,7,3,NA,7,1,0,17,17,10,6,1,0,0
9052,20260922,0,0,0,NA,NA,4,NA,NA,4,0,0,17,17,13,0,0,0,0
9053,20260922,0,0,0,NA,NA,4,NA,NA,4,0,0,17,17,13,0,0,0,0
9054,20260922,0,0,0,NA,NA,4,NA,NA,4,0,0,17,17,13,0,0,0,0
9055,20260922,0,0,0,3,NA,7,3,NA,7,1,0,17,17,10,6,1,0,0
9056,20260922,0,0,0,3,NA,7,3,NA,7,1,0,17,17,10,6,1,0,0
9057,20260922,1,1,0,1,4,4,1,4,4,4,0,17,17,13,2124,4369,0,4369
9058,20260922,1,1,0,3,12,12,3,12,12,4,0,17,17,5,3294,4369,3294,4369
9059,20260922,0,0,0,NA,NA,4,NA,NA,4,0,0,17,17,13,0,0,0,0
9060,20260922,0,0,0,NA,NA,4,NA,NA,4,0,0,17,17,13,0,0,0,0
9061,20260922,1,1,0,3,12,12,3,12,12,4,0,17,17,5,3294,4369,3294,4369
9062,20260922,1,1,0,1,4,4,1,4,4,4,0,17,17,13,2124,12563,0,4369
9063,20260922,1,1,0,1,4,4,1,4,4,4,0,17,17,13,2124,4369,0,4369
9064,20260922,1,1,0,1,4,4,1,4,4,4,0,17,17,13,2124,4369,0,4369
9065,20260922,0,0,0,NA,NA,4,NA,NA,4,0,0,17,17,13,0,0,0,0
9066,20260922,0,0,0,NA,NA,4,NA,NA,4,0,0,17,17,13,0,0,0,0
9067,20260922,1,1,0,3,12,12,3,12,12,4,0,17,17,5,3294,4369,3294,4369
9068,20260922,0,0,0,4,NA,8,4,NA,8,1,0,17,17,9,5,4,0,0
9069,20260922,0,0,0,NA,NA,4,NA,NA,4,0,0,17,17,13,0,0,0,0
9070,20260922,0,0,0,NA,NA,4,NA,NA,4,0,0,17,17,13,0,0,0,0
9071,20260922,0,0,0,NA,NA,4,NA,NA,4,0,0,17,17,13,0,0,0,0
9072,20260922,0,0,0,4,NA,8,4,NA,8,1,0,17,17,9,5,5,0,0
9073,20260922,1,1,0,1,4,4,1,4,4,4,0,17,17,13,2124,4369,0,4369
9074,20260922,0,0,0,NA,NA,4,NA,NA,4,0,0,17,17,13,0,0,0,0
9075,20260922,1,1,0,1,4,4,1,4,4,4,0,17,17,13,2124,4369,0,4369
9076,20260922,1,1,0,3,12,12,3,12,12,4,0,17,17,5,3294,4369,3294,4369
9077,20260922,0,0,0,NA,NA,4,NA,NA,4,0,0,17,17,13,0,0,0,0
9078,20260922,0,0,0,NA,NA,4,NA,NA,4,0,0,17,17,13,0,0,0,0
9079,20260922,1,1,0,1,4,4,1,4,4,4,0,17,17,13,2124,4369,0,4369
9080,20260922,0,0,0,3,NA,7,3,NA,7,1,0,17,17,10,6,1,0,0
9081,20260922,0,0,0,NA,NA,4,NA,NA,4,0,0,17,17,13,0,0,0,0
9082,20260922,1,1,0,1,6,6,1,6,6,4,0,17,17,11,2052,5729,0,26214
9083,20260922,1,1,0,1,4,4,1,4,4,4,0,17,17,13,2124,4369,0,4369
9084,20260922,1,1,0,1,4,4,1,4,4,4,0,17,17,13,2124,4913,0,17476
9085,20260922,1,1,0,1,6,6,1,6,6,4,0,17,17,11,2052,5185,0,17476
9086,20260922,0,0,0,4,NA,8,4,NA,8,1,0,17,17,9,5,9,0,0
9087,20260922,0,0,0,NA,NA,4,NA,NA,4,0,0,17,17,13,0,0,0,0
9088,20260922,1,1,0,1,4,4,1,4,4,4,0,17,17,13,2124,4369,0,4369
9089,20260922,1,1,0,3,12,12,3,12,12,4,0,17,17,5,3294,4369,3294,4369
9090,20260922,0,0,0,NA,NA,4,NA,NA,4,0,0,17,17,13,0,0,0,0
9091,20260922,0,0,0,NA,NA,4,NA,NA,4,0,0,17,17,13,0,0,0,0
9092,20260922,1,1,0,1,4,4,1,4,4,4,0,17,17,13,2124,4369,0,4369
9093,20260922,0,0,0,4,NA,11,4,NA,11,2,0,17,17,6,29,25,0,0
9094,20260922,0,0,0,NA,NA,4,NA,NA,4,0,0,17,17,13,0,0,0,0
9095,20260922,0,0,0,4,NA,8,4,NA,8,1,0,17,17,9,5,1,0,0
9096,20260922,0,0,0,NA,NA,4,NA,NA,4,0,0,17,17,13,0,0,0,0
9097,20260922,1,1,0,1,4,4,1,4,4,4,0,17,17,13,2124,4913,0,17476
9098,20260922,0,0,0,NA,NA,4,NA,NA,4,0,0,17,17,13,0,0,0,0
9099,20260922,0,0,0,NA,NA,4,NA,NA,4,0,0,17,17,13,0,0,0,0
9100,20260922,0,0,0,NA,NA,4,NA,NA,4,0,0,17,17,13,0,0,0,0
9101,20260922,0,0,0,4,NA,8,4,NA,8,1,0,17,17,9,5,9,0,0
9102,20260922,0,0,0,NA,NA,4,NA,NA,4,0,0,17,17,13,0,0,0,0
9103,20260922,0,0,0,NA,NA,4,NA,NA,4,0,0,17,17,13,0,0,0,0
9104,20260922,0,0,0,NA,NA,4,NA,NA,4,0,0,17,17,13,0,0,0,0
9105,20260922,0,0,0,NA,NA,4,NA,NA,4,0,0,17,17,13,0,0,0,0
9106,20260922,0,0,0,NA,NA,4,NA,NA,4,0,0,17,17,13,0,0,0,0
9107,20260922,1,1,0,2,8,8,2,8,8,4,0,17,17,9,0,26214,0,26214
9108,20260922,0,0,0,NA,NA,4,NA,NA,4,0,0,17,17,13,0,0,0,0
9109,20260922,0,0,0,NA,NA,4,NA,NA,4,0,0,17,17,13,0,0,0,0
9110,20260922,0,0,0,NA,NA,4,NA,NA,4,0,0,17,17,13,0,0,0,0
9111,20260922,1,1,0,1,4,4,1,4,4,4,0,17,17,13,2124,4369,0,4369
9112,20260922,1,1,0,1,4,4,1,4,4,4,0,17,17,13,2124,4369,0,4369
9113,20260922,0,0,0,NA,NA,4,NA,NA,4,0,0,17,17,13,0,0,0,0
9114,20260922,1,1,0,1,4,4,1,4,4,4,0,17,17,13,2124,4369,0,4369
9115,20260922,0,0,0,3,NA,7,3,NA,7,1,0,17,17,10,6,1,0,0
9116,20260922,0,0,0,3,NA,7,3,NA,7,1,0,17,17,10,6,1,0,0
9117,20260922,0,0,0,NA,NA,4,NA,NA,4,0,0,17,17,13,0,0,0,0
9118,20260922,0,0,0,NA,NA,4,NA,NA,4,0,0,17,17,13,0,0,0,0
9119,20260922,0,0,0,3,NA,7,3,NA,7,1,0,17,17,10,6,1,0,0
9120,20260922,0,0,0,NA,NA,4,NA,NA,4,0,0,17,17,13,0,0,0,0
9121,20260922,0,0,0,NA,NA,4,NA,NA,4,0,0,17,17,13,0,0,0,0
9122,20260922,1,1,0,1,4,4,1,4,4,4,0,17,17,13,2124,4369,0,4369
9123,20260922,1,1,0,2,6,6,2,6,6,4,0,17,17,11,72,4369,0,4369
9124,20260922,1,1,0,1,4,4,1,4,4,4,0,17,17,13,2124,4913,0,17476
9125,20260922,1,1,0,1,4,4,1,4,4,4,0,17,17,13,2124,4913,0,17476
9126,20260922,0,0,0,3,NA,7,3,NA,7,1,0,17,17,10,6,1,0,0
9127,20260922,0,0,0,NA,NA,4,NA,NA,4,0,0,17,17,13,0,0,0,0
9128,20260922,1,1,0,1,4,4,1,4,4,4,0,17,17,13,2124,4369,0,4369
9129,20260922,0,0,0,NA,NA,4,NA,NA,4,0,0,17,17,13,0,0,0,0
9130,20260922,1,1,0,2,6,6,2,6,6,4,0,17,17,11,72,4369,0,4369
9131,20260922,1,1,0,1,6,6,1,6,6,4,0,17,17,11,2052,5185,0,17476
9132,20260922,1,1,0,3,12,12,3,12,12,4,0,17,17,5,3294,4369,3294,4369
9133,20260922,0,0,0,NA,NA,4,NA,NA,4,0,0,17,17,13,0,0,0,0
9134,20260922,1,1,0,1,4,4,1,4,4,4,0,17,17,13,2124,4369,0,4369
9135,20260922,0,0,0,NA,NA,4,NA,NA,4,0,0,17,17,13,0,0,0,0
9136,20260922,0,0,0,NA,NA,4,NA,NA,4,0,0,17,17,13,0,0,0,0
9137,20260922,0,0,0,3,NA,7,3,NA,7,1,0,17,17,10,6,1,0,0
9138,20260922,0,0,0,NA,NA,4,NA,NA,4,0,0,17,17,13,0,0,0,0
9139,20260922,0,0,0,NA,NA,4,NA,NA,4,0,0,17,17,13,0,0,0,0
9140,20260922,0,0,0,3,NA,7,3,NA,7,1,0,17,17,10,6,1,0,0
9141,20260922,0,0,0,NA,NA,4,NA,NA,4,0,0,17,17,13,0,0,0,0
9142,20260922,1,1,0,1,4,4,1,4,4,4,0,17,17,13,2124,4369,0,4369
9143,20260922,1,1,0,1,4,4,1,4,4,4,0,17,17,13,2124,4369,0,4369
9144,20260922,1,1,0,1,4,4,1,4,4,4,0,17,17,13,2124,4913,0,17476
9145,20260922,0,0,0,NA,NA,4,NA,NA,4,0,0,17,17,13,0,0,0,0
9146,20260922,0,0,0,NA,NA,4,NA,NA,4,0,0,17,17,13,0,0,0,0
9147,20260922,1,1,0,1,4,4,1,4,4,4,0,17,17,13,2124,4641,0,13107
9148,20260922,0,0,0,NA,NA,4,NA,NA,4,0,0,17,17,13,0,0,0,0
9149,20260922,0,0,0,NA,NA,4,NA,NA,4,0,0,17,17,13,0,0,0,0
9150,20260922,0,0,0,NA,NA,4,NA,NA,4,0,0,17,17,13,0,0,0,0
9151,20260922,0,0,0,NA,NA,4,NA,NA,4,0,0,17,17,13,0,0,0,0
9152,20260922,0,0,0,NA,NA,4,NA,NA,4,0,0,17,17,13,0,0,0,0
9153,20260922,1,1,0,1,4,4,1,4,4,4,0,17,17,13,2124,4369,0,4369
9154,20260922,1,1,0,1,6,6,1,6,6,4,0,17,17,11,2052,5185,0,17476
9155,20260922,1,1,0,1,4,4,1,4,4,4,0,17,17,13,2124,12563,0,4369
9156,20260922,0,0,0,4,NA,8,4,NA,8,1,0,17,17,9,5,2,0,0
9157,20260922,0,0,0,NA,NA,4,NA,NA,4,0,0,17,17,13,0,0,0,0
9158,20260922,0,0,0,3,NA,7,3,NA,7,1,0,17,17,10,6,1,0,0
9159,20260922,0,0,0,NA,NA,4,NA,NA,4,0,0,17,17,13,0,0,0,0
9160,20260922,0,0,0,NA,NA,4,NA,NA,4,0,0,17,17,13,0,0,0,0
9161,20260922,1,1,0,1,4,4,1,4,4,4,0,17,17,13,2124,4369,0,4369
9162,20260922,1,1,0,2,8,8,2,8,8,4,0,17,17,9,0,17476,0,17476
9163,20260922,1,1,0,1,4,4,1,4,4,4,0,17,17,13,2124,12563,0,4369
9164,20260922,0,0,0,NA,NA,4,NA,NA,4,0,0,17,17,13,0,0,0,0
9165,20260922,1,1,0,2,6,6,2,6,6,4,0,17,17,11,72,4369,0,4369
9166,20260922,1,1,0,1,4,4,1,4,4,4,0,17,17,13,2124,4369,0,4369
9167,20260922,1,1,0,2,6,6,2,6,6,4,0,17,17,11,72,4369,0,4369
9168,20260922,0,0,0,4,NA,8,4,NA,8,1,0,17,17,9,5,8,0,0
9169,20260922,0,0,0,NA,NA,4,NA,NA,4,0,0,17,17,13,0,0,0,0
9170,20260922,0,0,0,NA,NA,4,NA,NA,4,0,0,17,17,13,0,0,0,0
9171,20260922,1,1,0,2,6,6,2,6,6,4,0,17,17,11,72,4369,0,4369
9172,20260922,0,0,0,NA,NA,4,NA,NA,4,0,0,17,17,13,0,0,0,0
9173,20260922,0,0,0,NA,NA,4,NA,NA,4,0,0,17,17,13,0,0,0,0
9174,20260922,1,1,0,2,6,6,2,6,6,4,0,17,17,11,72,4369,0,4369
9175,20260922,1,1,0,1,4,4,1,4,4,4,0,17,17,13,2124,4913,0,17476
9176,20260922,0,0,0,NA,NA,4,NA,NA,4,0,0,17,17,13,0,0,0,0
9177,20260922,1,1,0,3,12,12,3,12,12,4,0,17,17,5,3294,4369,3294,4369
9178,20260922,1,1,0,3,12,12,3,12,12,4,0,17,17,5,3294,4369,3294,4369
9179,20260922,0,0,0,NA,NA,4,NA,NA,4,0,0,17,17,13,0,0,0,0
9180,20260922,1,1,0,1,4,4,1,4,4,4,0,17,17,13,2124,12563,0,4369
9181,20260922,0,0,0,NA,NA,4,NA,NA,4,0,0,17,17,13,0,0,0,0
9182,20260922,0,0,0,NA,NA,4,NA,NA,4,0,0,17,17,13,0,0,0,0
9183,20260922,0,0,0,NA,NA,4,NA,NA,4,0,0,17,17,13,0,0,0,0
9184,20260922,1,1,0,1,6,6,1,6,6,4,0,17,17,11,2052,12563,0,4369
9185,20260922,1,1,0,1,4,4,1,4,4,4,0,17,17,13,2124,4913,0,17476
9186,20260922,0,0,0,NA,NA,4,NA,NA,4,0,0,17,17,13,0,0,0,0
9187,20260922,1,1,0,1,4,4,1,4,4,4,0,17,17,13,2124,4369,0,4369
9188,20260922,1,1,0,1,4,4,1,4,4,4,0,17,17,13,2124,4369,0,4369
9189,20260922,1,1,0,1,4,4,1,4,4,4,0,17,17,13,2124,4369,0,4369
9190,20260922,0,0,0,3,NA,7,3,NA,7,1,0,17,17,10,6,1,0,0
9191,20260922,1,1,0,3,12,12,3,12,12,4,0,17,17,5,3294,4913,3294,4913
9192,20260922,1,1,0,1,4,4,1,4,4,4,0,17,17,13,2124,12563,0,4369
9193,20260922,0,0,0,NA,NA,4,NA,NA,4,0,0,17,17,13,0,0,0,0
9194,20260922,0,0,0,NA,NA,4,NA,NA,4,0,0,17,17,13,0,0,0,0
9195,20260922,1,1,0,1,4,4,1,4,4,4,0,17,17,13,2124,12563,0,4369
9196,20260922,1,1,0,1,4,4,1,4,4,4,0,17,17,13,2124,12563,0,4369
9197,20260922,0,0,0,1,NA,5,1,NA,5,1,0,17,17,12,4,3,0,0
9198,20260922,1,1,0,1,4,4,1,4,4,4,0,17,17,13,2124,4369,0,4369
9199,20260922,1,1,0,1,6,6,1,6,6,4,0,17,17,11,2052,5729,0,26214
9200,20260922,0,0,0,NA,NA,4,NA,NA,4,0,0,17,17,13,0,0,0,0
9201,20260922,1,1,0,2,6,6,2,6,6,4,0,17,17,11,72,4369,0,4369
9202,20260922,1,1,0,2,8,8,2,8,8,4,0,17,17,9,0,21845,0,21845
9203,20260922,1,1,0,2,6,6,2,6,6,4,0,17,17,11,72,4369,0,4369
9204,20260922,1,1,0,2,6,6,2,6,6,4,0,17,17,11,72,4369,0,4369
9205,20260922,0,0,0,NA,NA,4,NA,NA,4,0,0,17,17,13,0,0,0,0
9206,20260922,0,0,0,NA,NA,4,NA,NA,4,0,0,17,17,13,0,0,0,0
9207,20260922,1,1,0,2,6,6,2,6,6,4,0,17,17,11,72,4369,0,4369
9208,20260922,0,0,0,NA,NA,4,NA,NA,4,0,0,17,17,13,0,0,0,0
9209,20260922,1,1,0,2,6,6,2,6,6,4,0,17,17,11,72,4369,0,4369
9210,20260922,0,0,0,NA,NA,4,NA,NA,4,0,0,17,17,13,0,0,0,0
9211,20260922,0,0,0,NA,NA,4,NA,NA,4,0,0,17,17,13,0,0,0,0
9212,20260922,1,1,0,1,4,4,1,4,4,4,0,17,17,13,2124,4369,0,4369
9213,20260922,0,0,0,NA,NA,4,NA,NA,4,0,0,17,17,13,0,0,0,0
9214,20260922,0,0,0,NA,NA,4,NA,NA,4,0,0,17,17,13,0,0,0,0
9215,20260922,1,1,0,3,12,12,3,12,12,4,0,17,17,5,3294,4369,3294,4369
9216,20260922,0,0,0,NA,NA,4,NA,NA,4,0,0,17,17,13,0,0,0,0
9217,20260922,1,1,0,1,4,4,1,4,4,4,0,17,17,13,2124,4369,0,4369
9218,20260922,0,0,0,3,NA,7,3,NA,7,1,0,17,17,10,6,4,0,0
9219,20260922,0,0,0,NA,NA,4,NA,NA,4,0,0,17,17,13,0,0,0,0
9220,20260922,1,1,0,1,4,4,1,4,4,4,0,17,17,13,2124,4369,0,4369
9221,20260922,1,1,0,1,6,6,1,6,6,4,0,17,17,11,2052,8466,0,4369
9222,20260922,0,0,0,NA,NA,4,NA,NA,4,0,0,17,17,13,0,0,0,0
9223,20260922,0,0,0,3,NA,7,3,NA,7,1,0,17,17,10,6,1,0,0
9224,20260922,1,1,0,1,4,4,1,4,4,4,0,17,17,13,2124,4369,0,4369
9225,20260922,0,0,0,NA,NA,4,NA,NA,4,0,0,17,17,13,0,0,0,0
9226,20260922,0,0,0,NA,NA,4,NA,NA,4,0,0,17,17,13,0,0,0,0
9227,20260922,0,0,0,NA,NA,4,NA,NA,4,0,0,17,17,13,0,0,0,0
9228,20260922,0,0,0,3,NA,7,3,NA,7,1,0,17,17,10,6,1,0,0
9229,20260922,0,0,0,3,NA,7,3,NA,7,1,0,17,17,10,6,1,0,0
9230,20260922,1,1,0,1,4,4,1,4,4,4,0,17,17,13,2124,4369,0,4369
9231,20260922,1,1,0,1,4,4,1,4,4,4,0,17,17,13,2124,4369,0,4369
9232,20260922,1,1,0,2,6,6,2,6,6,4,0,17,17,11,72,4369,0,4369
9233,20260922,0,0,0,NA,NA,4,NA,NA,4,0,0,17,17,13,0,0,0,0
9234,20260922,1,1,0,3,12,12,3,12,12,4,0,17,17,5,3294,4369,3294,4369
9235,20260922,0,0,0,NA,NA,4,NA,NA,4,0,0,17,17,13,0,0,0,0
9236,20260922,0,0,0,3,NA,7,3,NA,7,1,0,17,17,10,6,1,0,0
9237,20260922,1,1,0,2,6,6,2,6,6,4,0,17,17,11,72,4369,0,4369
9238,20260922,0,0,0,3,NA,7,3,NA,7,1,0,17,17,10,6,1,0,0
9239,20260922,0,0,0,4,NA,8,4,NA,8,1,0,17,17,9,5,7,0,0
9240,20260922,1,1,0,1,4,4,1,4,4,4,0,17,17,13,2124,4369,0,4369
9241,20260922,0,0,0,NA,NA,4,NA,NA,4,0,0,17,17,13,0,0,0,0
9242,20260922,1,1,0,1,4,4,1,4,4,4,0,17,17,13,2124,4369,0,4369
9243,20260922,0,0,0,NA,NA,4,NA,NA,4,0,0,17,17,13,0,0,0,0
9244,20260922,1,1,0,1,4,4,1,4,4,4,0,17,17,13,2124,4369,0,4369
9245,20260922,1,1,0,3,12,12,3,12,12,4,0,17,17,5,3294,4369,3294,4369
9246,20260922,1,1,0,1,4,4,1,4,4,4,0,17,17,13,2124,4369,0,4369
9247,20260922,1,1,0,1,4,4,1,4,4,4,0,17,17,13,2124,4369,0,4369
9248,20260922,0,0,0,4,NA,8,4,NA,8,1,0,17,17,9,5,4,0,0
9249,20260922,1,1,0,1,4,4,1,4,4,4,0,17,17,13,2124,4369,0,4369
9250,20260922,0,0,0,NA,NA,4,NA,NA,4,0,0,17,17,13,0,0,0,0
9251,20260922,0,0,0,NA,NA,4,NA,NA,4,0,0,17,17,13,0,0,0,0
9252,20260922,1,1,0,2,6,6,2,6,6,4,0,17,17,11,72,4369,0,4369
9253,20260922,1,1,0,3,12,12,3,12,12,4,0,17,17,5,3294,4369,3294,4369
9254,20260922,0,0,0,NA,NA,4,NA,NA,4,0,0,17,17,13,0,0,0,0
9255,20260922,1,1,0,1,4,4,1,4,4,4,0,17,17,13,2124,4369,0,4369
9256,20260922,1,1,0,1,4,4,1,4,4,4,0,17,17,13,2124,4369,0,4369
9257,20260922,1,1,0,1,4,4,1,4,4,4,0,17,17,13,2124,4369,0,4369
9258,20260922,1,1,0,2,6,6,2,6,6,4,0,17,17,11,72,4369,0,4369
9259,20260922,0,0,0,NA,NA,4,NA,NA,4,0,0,17,17,13,0,0,0,0
9260,20260922,1,1,0,2,8,8,2,8,8,4,0,17,17,9,0,17476,0,17476
9261,20260922,0,0,0,NA,NA,4,NA,NA,4,0,0,17,17,13,0,0,0,0
9262,20260922,1,1,0,1,4,4,1,4,4,4,0,17,17,13,2124,4369,0,4369
9263,20260922,0,0,0,NA,NA,4,NA,NA,4,0,0,17,17,13,0,0,0,0
9264,20260922,1,1,0,1,4,4,1,4,4,4,0,17,17,13,2124,4369,0,4369
9265,20260922,0,0,0,NA,NA,4,NA,NA,4,0,0,17,17,13,0,0,0,0
9266,20260922,1,1,0,1,4,4,1,4,4,4,0,17,17,13,2124,4369,0,4369
9267,20260922,0,0,0,NA,NA,4,NA,NA,4,0,0,17,17,13,0,0,0,0
9268,20260922,1,1,0,1,4,4,1,4,4,4,0,17,17,13,2124,4369,0,4369
9269,20260922,0,0,0,NA,NA,4,NA,NA,4,0,0,17,17,13,0,0,0,0
9270,20260922,1,1,0,1,4,4,1,4,4,4,0,17,17,13,2124,4369,0,4369
9271,20260922,0,0,0,NA,NA,4,NA,NA,4,0,0,17,17,13,0,0,0,0
9272,20260922,0,0,0,NA,NA,4,NA,NA,4,0,0,17,17,13,0,0,0,0
9273,20260922,1,1,0,1,4,4,1,4,4,4,0,17,17,13,2124,4369,0,4369
9274,20260922,0,0,0,3,NA,7,3,NA,7,1,0,17,17,10,6,1,0,0
9275,20260922,0,0,0,3,NA,7,3,NA,7,1,0,17,17,10,6,1,0,0
9276,20260922,1,1,0,1,4,4,1,4,4,4,0,17,17,13,2124,4369,0,4369
9277,20260922,1,1,0,1,4,4,1,4,4,4,0,17,17,13,2124,9010,0,21845
9278,20260922,0,0,0,NA,NA,4,NA,NA,4,0,0,17,17,13,0,0,0,0
9279,20260922,1,1,0,1,4,4,1,4,4,4,0,17,17,13,2124,4369,0,4369
9280,20260922,0,0,0,NA,NA,4,NA,NA,4,0,0,17,17,13,0,0,0,0
9281,20260922,0,0,0,NA,NA,4,NA,NA,4,0,0,17,17,13,0,0,0,0
9282,20260922,1,1,0,1,4,4,1,4,4,4,0,17,17,13,2124,4369,0,4369
9283,20260922,0,0,0,4,NA,8,4,NA,8,1,0,17,17,9,5,3,0,0
9284,20260922,0,0,0,NA,NA,4,NA,NA,4,0,0,17,17,13,0,0,0,0
9285,20260922,1,1,0,1,4,4,1,4,4,4,0,17,17,13,2124,4913,0,17476
9286,20260922,0,0,0,NA,NA,4,NA,NA,4,0,0,17,17,13,0,0,0,0
9287,20260922,1,1,0,1,4,4,1,4,4,4,0,17,17,13,2124,4369,0,4369
9288,20260922,0,0,0,NA,NA,4,NA,NA,4,0,0,17,17,13,0,0,0,0
9289,20260922,0,0,0,NA,NA,4,NA,NA,4,0,0,17,17,13,0,0,0,0
9290,20260922,0,0,0,4,NA,8,4,NA,8,1,0,17,17,9,5,4,0,0
9291,20260922,1,1,0,1,4,4,1,4,4,4,0,17,17,13,2124,4913,0,17476
9292,20260922,1,1,0,2,8,8,2,8,8,4,0,17,17,9,0,8738,0,8738
9293,20260922,1,1,0,1,4,4,1,4,4,4,0,17,17,13,2124,4369,0,4369
9294,20260922,1,1,0,1,4,4,1,4,4,4,0,17,17,13,2124,4369,0,4369
9295,20260922,1,1,0,1,4,4,1,4,4,4,0,17,17,13,2124,4369,0,4369
9296,20260922,1,1,0,1,4,4,1,4,4,4,0,17,17,13,2124,4369,0,4369
9297,20260922,0,0,0,NA,NA,4,NA,NA,4,0,0,17,17,13,0,0,0,0
9298,20260922,0,0,0,3,NA,7,3,NA,7,1,0,17,17,10,6,1,0,0
9299,20260922,0,0,0,NA,NA,4,NA,NA,4,0,0,17,17,13,0,0,0,0
9300,20260922,0,0,0,4,NA,8,4,NA,8,1,0,17,17,9,5,9,0,0
9301,20260922,0,0,0,4,NA,8,4,NA,8,1,0,17,17,9,5,5,0,0
9302,20260922,0,0,0,NA,NA,4,NA,NA,4,0,0,17,17,13,0,0,0,0
9303,20260922,1,1,0,3,12,12,3,12,12,4,0,17,17,5,3294,4369,3294,4369
9304,20260922,1,1,0,1,4,4,1,4,4,4,0,17,17,13,2124,4913,0,17476
9305,20260922,1,1,0,1,4,4,1,4,4,4,0,17,17,13,2124,4369,0,4369
9306,20260922,0,0,0,4,NA,8,4,NA,8,1,0,17,17,9,5,5,0,0
9307,20260922,0,0,0,4,NA,8,4,NA,8,1,0,17,17,9,5,8,0,0
9308,20260922,1,1,0,1,4,4,1,4,4,4,0,17,17,13,2124,4369,0,4369
9309,20260922,0,0,0,NA,NA,4,NA,NA,4,0,0,17,17,13,0,0,0,0
9310,20260922,0,0,0,3,NA,7,3,NA,7,1,0,17,17,10,6,1,0,0
9311,20260922,1,1,0,1,4,4,1,4,4,4,0,17,17,13,2124,4369,0,4369
9312,20260922,0,0,0,NA,NA,4,NA,NA,4,0,0,17,17,13,0,0,0,0
9313,20260922,1,1,0,3,12,12,3,12,12,4,0,17,17,5,3294,4369,3294,4369
9314,20260922,1,1,0,1,4,4,1,4,4,4,0,17,17,13,2124,12563,0,4369
9315,20260922,1,1,0,1,4,4,1,4,4,4,0,17,17,13,2124,4369,0,4369
9316,20260922,0,0,0,NA,NA,4,NA,NA,4,0,0,17,17,13,0,0,0,0
9317,20260922,0,0,0,3,NA,7,3,NA,7,1,0,17,17,10,6,1,0,0
9318,20260922,1,1,0,1,4,4,1,4,4,4,0,17,17,13,2124,4913,0,17476
9319,20260922,0,0,0,NA,NA,4,NA,NA,4,0,0,17,17,13,0,0,0,0
9320,20260922,0,0,0,NA,NA,4,NA,NA,4,0,0,17,17,13,0,0,0,0
9321,20260922,0,0,0,NA,NA,4,NA,NA,4,0,0,17,17,13,0,0,0,0
9322,20260922,0,0,0,3,NA,7,3,NA,7,1,0,17,17,10,6,1,0,0
9323,20260922,0,0,0,NA,NA,4,NA,NA,4,0,0,17,17,13,0,0,0,0
9324,20260922,0,0,0,NA,NA,4,NA,NA,4,0,0,17,17,13,0,0,0,0
9325,20260922,1,1,0,1,4,4,1,4,4,4,0,17,17,13,2124,4369,0,4369
9326,20260922,1,1,0,3,12,12,3,12,12,4,0,17,17,5,3294,4369,3294,4369
9327,20260922,1,1,0,3,12,12,3,12,12,4,0,17,17,5,3294,4369,3294,4369
9328,20260922,1,1,0,1,4,4,1,4,4,4,0,17,17,13,2124,4369,0,4369
9329,20260922,0,0,0,NA,NA,4,NA,NA,4,0,0,17,17,13,0,0,0,0
9330,20260922,0,0,0,NA,NA,4,NA,NA,4,0,0,17,17,13,0,0,0,0
9331,20260922,0,0,0,NA,NA,4,NA,NA,4,0,0,17,17,13,0,0,0,0
9332,20260922,0,0,0,NA,NA,4,NA,NA,4,0,0,17,17,13,0,0,0,0
9333,20260922,0,0,0,NA,NA,4,NA,NA,4,0,0,17,17,13,0,0,0,0
9334,20260922,1,1,0,1,4,4,1,4,4,4,0,17,17,13,2124,4369,0,4369
9335,20260922,1,1,0,1,4,4,1,4,4,4,0,17,17,13,2124,4369,0,4369
9336,20260922,1,1,0,2,6,6,2,6,6,4,0,17,17,11,72,4369,0,4369
9337,20260922,1,1,0,1,4,4,1,4,4,4,0,17,17,13,2124,12563,0,4369
9338,20260922,0,0,0,NA,NA,4,NA,NA,4,0,0,17,17,13,0,0,0,0
9339,20260922,0,0,0,4,NA,11,4,NA,11,2,0,17,17,6,29,23,0,0
9340,20260922,0,0,0,NA,NA,4,NA,NA,4,0,0,17,17,13,0,0,0,0
9341,20260922,1,1,0,1,4,4,1,4,4,4,0,17,17,13,2124,4369,0,4369
9342,20260922,1,1,0,1,4,4,1,4,4,4,0,17,17,13,2124,4369,0,4369
9343,20260922,0,0,0,NA,NA,4,NA,NA,4,0,0,17,17,13,0,0,0,0
9344,20260922,1,1,0,2,8,8,2,8,8,4,0,17,17,9,0,17476,0,17476
9345,20260922,0,0,0,4,NA,8,4,NA,8,1,0,17,17,9,5,1,0,0
9346,20260922,1,1,0,1,4,4,1,4,4,4,0,17,17,13,2124,4369,0,4369
9347,20260922,1,1,0,2,6,6,2,6,6,4,0,17,17,11,72,12835,0,13107
9348,20260922,0,0,0,NA,NA,4,NA,NA,4,0,0,17,17,13,0,0,0,0
9349,20260922,0,0,0,4,NA,8,4,NA,8,1,0,17,17,9,5,3,0,0
9350,20260922,0,0,0,NA,NA,4,NA,NA,4,0,0,17,17,13,0,0,0,0
9351,20260922,0,0,0,NA,NA,4,NA,NA,4,0,0,17,17,13,0,0,0,0
9352,20260922,0,0,0,NA,NA,4,NA,NA,4,0,0,17,17,13,0,0,0,0
9353,20260922,1,1,0,1,4,4,1,4,4,4,0,17,17,13,2124,4369,0,4369
9354,20260922,0,0,0,NA,NA,4,NA,NA,4,0,0,17,17,13,0,0,0,0
9355,20260922,0,0,0,NA,NA,4,NA,NA,4,0,0,17,17,13,0,0,0,0
9356,20260922,1,1,0,1,6,6,1,6,6,4,0,17,17,11,2052,5729,0,26214
9357,20260922,1,1,0,1,4,4,1,4,4,4,0,17,17,13,2124,4369,0,4369
9358,20260922,1,1,0,2,8,8,2,8,8,4,0,17,17,9,0,13107,0,13107
9359,20260922,0,0,0,NA,NA,4,NA,NA,4,0,0,17,17,13,0,0,0,0
9360,20260922,1,1,0,2,6,6,2,6,6,4,0,17,17,11,72,4369,0,4369
9361,20260922,1,1,0,1,4,4,1,4,4,4,0,17,17,13,2124,4369,0,4369
9362,20260922,1,1,0,2,6,6,2,6,6,4,0,17,17,11,72,4369,0,4369
9363,20260922,0,0,0,NA,NA,4,NA,NA,4,0,0,17,17,13,0,0,0,0
9364,20260922,0,0,0,NA,NA,4,NA,NA,4,0,0,17,17,13,0,0,0,0
9365,20260922,0,0,0,NA,NA,4,NA,NA,4,0,0,17,17,13,0,0,0,0
9366,20260922,1,1,0,2,8,8,2,8,8,4,0,17,17,9,0,13107,0,13107
9367,20260922,0,0,0,NA,NA,4,NA,NA,4,0,0,17,17,13,0,0,0,0
9368,20260922,0,0,0,3,NA,7,3,NA,7,1,0,17,17,10,6,1,0,0
9369,20260922,1,1,0,1,4,4,1,4,4,4,0,17,17,13,2124,4369,0,4369
9370,20260922,0,0,0,NA,NA,4,NA,NA,4,0,0,17,17,13,0,0,0,0
9371,20260922,1,1,0,2,6,6,2,6,6,4,0,17,17,11,72,4369,0,4369
9372,20260922,1,1,0,3,12,12,3,12,12,4,0,17,17,5,3294,4369,3294,4369
9373,20260922,1,1,0,3,12,12,3,12,12,4,0,17,17,5,3294,4369,3294,4369
9374,20260922,0,0,0,NA,NA,4,NA,NA,4,0,0,17,17,13,0,0,0,0
9375,20260922,1,1,0,1,4,4,1,4,4,4,0,17,17,13,2124,4369,0,4369
9376,20260922,0,0,0,NA,NA,4,NA,NA,4,0,0,17,17,13,0,0,0,0
9377,20260922,0,0,0,4,NA,8,4,NA,8,1,0,17,17,9,5,1,0,0
9378,20260922,1,1,0,2,8,8,2,8,8,4,0,17,17,9,0,8738,0,8738
9379,20260922,0,0,0,NA,NA,4,NA,NA,4,0,0,17,17,13,0,0,0,0
9380,20260922,1,1,0,2,8,8,2,8,8,4,0,17,17,9,0,4369,0,4369
9381,20260922,1,1,0,1,4,4,1,4,4,4,0,17,17,13,2124,4369,0,4369
9382,20260922,0,0,0,NA,NA,4,NA,NA,4,0,0,17,17,13,0,0,0,0
9383,20260922,0,0,0,NA,NA,4,NA,NA,4,0,0,17,17,13,0,0,0,0
9384,20260922,1,1,0,1,6,6,1,6,6,4,0,17,17,11,2052,5185,0,17476
9385,20260922,1,1,0,2,6,6,2,6,6,4,0,17,17,11,72,4369,0,4369
9386,20260922,1,1,0,1,4,4,1,4,4,4,0,17,17,13,2124,4913,0,17476
9387,20260922,0,0,0,NA,NA,4,NA,NA,4,0,0,17,17,13,0,0,0,0
9388,20260922,1,1,0,1,4,4,1,4,4,4,0,17,17,13,2124,12563,0,4369
9389,20260922,1,1,0,1,4,4,1,4,4,4,0,17,17,13,2124,4369,0,4369
9390,20260922,1,1,0,1,4,4,1,4,4,4,0,17,17,13,2124,4369,0,4369
9391,20260922,0,0,0,NA,NA,4,NA,NA,4,0,0,17,17,13,0,0,0,0
9392,20260922,0,0,0,NA,NA,4,NA,NA,4,0,0,17,17,13,0,0,0,0
9393,20260922,0,0,0,3,NA,7,3,NA,7,1,0,17,17,10,6,1,0,0
9394,20260922,0,0,0,NA,NA,4,NA,NA,4,0,0,17,17,13,0,0,0,0
9395,20260922,0,0,0,3,NA,7,3,NA,7,1,0,17,17,10,6,1,0,0
9396,20260922,0,0,0,NA,NA,4,NA,NA,4,0,0,17,17,13,0,0,0,0
9397,20260922,1,1,0,1,4,4,1,4,4,4,0,17,17,13,2124,12563,0,4369
9398,20260922,1,1,0,1,4,4,1,4,4,4,0,17,17,13,2124,4369,0,4369
9399,20260922,1,1,0,2,6,6,2,6,6,4,0,17,17,11,72,4369,0,4369
9400,20260922,0,0,0,NA,NA,4,NA,NA,4,0,0,17,17,13,0,0,0,0
9401,20260922,0,0,0,4,NA,8,4,NA,8,1,0,17,17,9,5,6,0,0
9402,20260922,0,0,0,NA,NA,4,NA,NA,4,0,0,17,17,13,0,0,0,0
9403,20260922,1,1,0,1,4,4,1,4,4,4,0,17,17,13,2124,4369,0,4369
9404,20260922,0,0,0,NA,NA,4,NA,NA,4,0,0,17,17,13,0,0,0,0
9405,20260922,0,0,0,NA,NA,4,NA,NA,4,0,0,17,17,13,0,0,0,0
9406,20260922,1,1,0,2,6,6,2,6,6,4,0,17,17,11,72,4369,0,4369
9407,20260922,0,0,0,NA,NA,4,NA,NA,4,0,0,17,17,13,0,0,0,0
9408,20260922,0,0,0,1,NA,5,1,NA,5,1,0,17,17,12,4,2,0,0
9409,20260922,1,1,0,3,12,12,3,12,12,4,0,17,17,5,3294,4369,3294,4369
9410,20260922,1,1,0,2,6,6,2,6,6,4,0,17,17,11,72,4369,0,4369
9411,20260922,0,0,0,NA,NA,4,NA,NA,4,0,0,17,17,13,0,0,0,0
9412,20260922,1,1,0,1,4,4,1,4,4,4,0,17,17,13,2124,4913,0,17476
9413,20260922,0,0,0,NA,NA,4,NA,NA,4,0,0,17,17,13,0,0,0,0
9414,20260922,1,1,0,1,4,4,1,4,4,4,0,17,17,13,2124,4913,0,17476
9415,20260922,0,0,0,NA,NA,4,NA,NA,4,0,0,17,17,13,0,0,0,0
9416,20260922,1,1,0,1,4,4,1,4,4,4,0,17,17,13,2124,4369,0,4369
9417,20260922,0,0,0,3,NA,7,3,NA,7,1,0,17,17,10,6,3,0,0
9418,20260922,1,1,0,1,4,4,1,4,4,4,0,17,17,13,2124,4369,0,4369
9419,20260922,0,0,0,NA,NA,4,NA,NA,4,0,0,17,17,13,0,0,0,0
9420,20260922,1,1,0,1,4,4,1,4,4,4,0,17,17,13,2124,4369,0,4369
9421,20260922,0,0,0,4,NA,8,4,NA,8,1,0,17,17,9,5,7,0,0
9422,20260922,0,0,0,4,NA,8,4,NA,8,1,0,17,17,9,5,1,0,0
9423,20260922,0,0,0,NA,NA,4,NA,NA,4,0,0,17,17,13,0,0,0,0
9424,20260922,0,0,0,NA,NA,4,NA,NA,4,0,0,17,17,13,0,0,0,0
9425,20260922,0,0,0,NA,NA,4,NA,NA,4,0,0,17,17,13,0,0,0,0
9426,20260922,1,1,0,1,4,4,1,4,4,4,0,17,17,13,2124,4369,0,4369
9427,20260922,1,1,0,3,12,12,3,12,12,4,0,17,17,5,3294,4369,3294,4369
9428,20260922,0,0,0,NA,NA,4,NA,NA,4,0,0,17,17,13,0,0,0,0
9429,20260922,1,1,0,1,4,4,1,4,4,4,0,17,17,13,2124,4369,0,4369
9430,20260922,1,1,0,2,8,8,2,8,8,4,0,17,17,9,0,26214,0,26214
9431,20260922,0,0,0,NA,NA,4,NA,NA,4,0,0,17,17,13,0,0,0,0
9432,20260922,0,0,0,3,NA,7,3,NA,7,1,0,17,17,10,6,1,0,0
9433,20260922,1,1,0,1,4,4,1,4,4,4,0,17,17,13,2124,4369,0,4369
9434,20260922,0,0,0,NA,NA,4,NA,NA,4,0,0,17,17,13,0,0,0,0
9435,20260922,0,0,0,NA,NA,4,NA,NA,4,0,0,17,17,13,0,0,0,0
9436,20260922,0,0,0,NA,NA,4,NA,NA,4,0,0,17,17,13,0,0,0,0
9437,20260922,1,1,0,2,6,6,2,6,6,4,0,17,17,11,72,4369,0,4369
9438,20260922,1,1,0,1,4,4,1,4,4,4,0,17,17,13,2124,4369,0,4369
9439,20260922,0,0,0,NA,NA,4,NA,NA,4,0,0,17,17,13,0,0,0,0
9440,20260922,0,0,0,NA,NA,4,NA,NA,4,0,0,17,17,13,0,0,0,0
9441,20260922,1,1,0,1,4,4,1,4,4,4,0,17,17,13,2124,4369,0,4369
9442,20260922,0,0,0,NA,NA,4,NA,NA,4,0,0,17,17,13,0,0,0,0
9443,20260922,0,0,0,NA,NA,4,NA,NA,4,0,0,17,17,13,0,0,0,0
9444,20260922,1,1,0,1,4,4,1,4,4,4,0,17,17,13,2124,4369,0,4369
9445,20260922,1,1,0,1,4,4,1,4,4,4,0,17,17,13,2124,4913,0,26214
9446,20260922,0,0,0,3,NA,7,3,NA,7,1,0,17,17,10,6,1,0,0
9447,20260922,0,0,0,3,NA,7,3,NA,7,1,0,17,17,10,6,1,0,0
9448,20260922,1,1,0,1,6,6,1,6,6,4,0,17,17,11,2052,5729,0,26214
9449,20260922,1,1,0,1,6,6,1,6,6,4,0,17,17,11,2052,5729,0,26214
9450,20260922,0,0,0,NA,NA,4,NA,NA,4,0,0,17,17,13,0,0,0,0
9451,20260922,0,0,0,4,NA,8,4,NA,8,1,0,17,17,9,5,7,0,0
9452,20260922,0,0,0,NA,NA,4,NA,NA,4,0,0,17,17,13,0,0,0,0
9453,20260922,0,0,0,NA,NA,4,NA,NA,4,0,0,17,17,13,0,0,0,0
9454,20260922,0,0,0,NA,NA,4,NA,NA,4,0,0,17,17,13,0,0,0,0
9455,20260922,0,0,0,NA,NA,4,NA,NA,4,0,0,17,17,13,0,0,0,0
9456,20260922,0,0,0,NA,NA,4,NA,NA,4,0,0,17,17,13,0,0,0,0
9457,20260922,0,0,0,NA,NA,4,NA,NA,4,0,0,17,17,13,0,0,0,0
9458,20260922,0,0,0,NA,NA,4,NA,NA,4,0,0,17,17,13,0,0,0,0
9459,20260922,1,1,0,1,4,4,1,4,4,4,0,17,17,13,2124,4369,0,4369
9460,20260922,0,0,0,NA,NA,4,NA,NA,4,0,0,17,17,13,0,0,0,0
9461,20260922,0,0,0,3,NA,7,3,NA,7,1,0,17,17,10,6,1,0,0
9462,20260922,1,1,0,1,6,6,1,6,6,4,0,17,17,11,2052,5185,0,17476
9463,20260922,0,0,0,4,NA,8,4,NA,8,1,0,17,17,9,5,10,0,0
9464,20260922,1,1,0,1,4,4,1,4,4,4,0,17,17,13,2124,4913,0,17476
9465,20260922,1,1,0,1,4,4,1,4,4,4,0,17,17,13,2124,4369,0,4369
9466,20260922,1,1,0,1,6,6,1,6,6,4,0,17,17,11,2052,5185,0,17476
9467,20260922,1,1,0,1,4,4,1,4,4,4,0,17,17,13,2124,4369,0,4369
9468,20260922,1,1,0,1,4,4,1,4,4,4,0,17,17,13,2124,4369,0,4369
9469,20260922,0,0,0,NA,NA,4,NA,NA,4,0,0,17,17,13,0,0,0,0
9470,20260922,0,0,0,NA,NA,4,NA,NA,4,0,0,17,17,13,0,0,0,0
9471,20260922,1,1,0,2,6,6,2,6,6,4,0,17,17,11,72,4369,0,4369
9472,20260922,0,0,0,NA,NA,4,NA,NA,4,0,0,17,17,13,0,0,0,0
9473,20260922,0,0,0,NA,NA,4,NA,NA,4,0,0,17,17,13,0,0,0,0
9474,20260922,0,0,0,NA,NA,4,NA,NA,4,0,0,17,17,13,0,0,0,0
9475,20260922,1,1,0,1,4,4,1,4,4,4,0,17,17,13,2124,4369,0,4369
9476,20260922,0,0,0,NA,NA,4,NA,NA,4,0,0,17,17,13,0,0,0,0
9477,20260922,1,1,0,1,4,4,1,4,4,4,0,17,17,13,2124,4369,0,4369
9478,20260922,1,1,0,1,4,4,1,4,4,4,0,17,17,13,2124,4369,0,4369
9479,20260922,0,0,0,NA,NA,4,NA,NA,4,0,0,17,17,13,0,0,0,0
9480,20260922,0,0,0,NA,NA,4,NA,NA,4,0,0,17,17,13,0,0,0,0
9481,20260922,0,0,0,NA,NA,4,NA,NA,4,0,0,17,17,13,0,0,0,0
9482,20260922,1,1,0,3,12,12,3,12,12,4,0,17,17,5,3294,4369,3294,4369
9483,20260922,0,0,0,NA,NA,4,NA,NA,4,0,0,17,17,13,0,0,0,0
9484,20260922,1,1,0,3,12,12,3,12,12,4,0,17,17,5,3294,4369,3294,4369
9485,20260922,0,0,0,NA,NA,4,NA,NA,4,0,0,17,17,13,0,0,0,0
9486,20260922,1,1,0,1,4,4,1,4,4,4,0,17,17,13,2124,4369,0,4369
9487,20260922,1,1,0,2,6,6,2,6,6,4,0,17,17,11,72,8738,0,8738
9488,20260922,1,1,0,2,6,6,2,6,6,4,0,17,17,11,72,17204,0,17476
9489,20260922,0,0,0,NA,NA,4,NA,NA,4,0,0,17,17,13,0,0,0,0
9490,20260922,0,0,0,NA,NA,4,NA,NA,4,0,0,17,17,13,0,0,0,0
9491,20260922,0,0,0,4,NA,8,4,NA,8,1,0,17,17,9,5,3,0,0
9492,20260922,1,1,0,2,8,8,2,8,8,4,0,17,17,9,0,13107,0,13107
9493,20260922,0,0,0,NA,NA,4,NA,NA,4,0,0,17,17,13,0,0,0,0
9494,20260922,0,0,0,3,NA,7,3,NA,7,1,0,17,17,10,6,1,0,0
9495,20260922,1,1,0,2,6,6,2,6,6,4,0,17,17,11,72,4369,0,4369
9496,20260922,1,1,0,2,8,8,2,8,8,4,0,17,17,9,0,26214,0,26214
9497,20260922,1,1,0,1,4,4,1,4,4,4,0,17,17,13,2124,4369,0,4369
9498,20260922,1,1,0,1,4,4,1,4,4,4,0,17,17,13,2124,4369,0,4369
9499,20260922,0,0,0,NA,NA,4,NA,NA,4,0,0,17,17,13,0,0,0,0
9500,20260922,0,0,0,4,NA,8,4,NA,8,1,0,17,17,9,5,10,0,0
9501,20260922,1,1,0,1,4,4,1,4,4,4,0,17,17,13,2124,4369,0,4369
9502,20260922,0,0,0,NA,NA,4,NA,NA,4,0,0,17,17,13,0,0,0,0
9503,20260922,0,0,0,NA,NA,4,NA,NA,4,0,0,17,17,13,0,0,0,0
9504,20260922,0,0,0,NA,NA,4,NA,NA,4,0,0,17,17,13,0,0,0,0
9505,20260922,1,1,0,1,4,4,1,4,4,4,0,17,17,13,2124,4369,0,4369
9506,20260922,1,1,0,1,4,4,1,4,4,4,0,17,17,13,2124,4369,0,4369
9507,20260922,1,1,0,2,8,8,2,8,8,4,0,17,17,9,0,21845,0,21845
9508,20260922,1,1,0,1,4,4,1,4,4,4,0,17,17,13,2124,4369,0,4369
9509,20260922,1,1,0,1,4,4,1,4,4,4,0,17,17,13,2124,12835,2124,12835
9510,20260922,0,0,0,3,NA,7,3,NA,7,1,0,17,17,10,6,1,0,0
9511,20260922,1,1,0,1,4,4,1,4,4,4,0,17,17,13,2124,4369,0,4369
9512,20260922,0,0,0,NA,NA,4,NA,NA,4,0,0,17,17,13,0,0,0,0
9513,20260922,0,0,0,3,NA,7,3,NA,7,1,0,17,17,10,6,1,0,0
9514,20260922,0,0,0,NA,NA,4,NA,NA,4,0,0,17,17,13,0,0,0,0
9515,20260922,1,1,0,1,4,4,1,4,4,4,0,17,17,13,2124,4369,0,4369
9516,20260922,0,0,0,NA,NA,4,NA,NA,4,0,0,17,17,13,0,0,0,0
9517,20260922,1,1,0,1,4,4,1,4,4,4,0,17,17,13,2124,12563,0,4369
9518,20260922,1,1,0,2,6,6,2,6,6,4,0,17,17,11,72,4369,0,4369
9519,20260922,0,0,0,NA,NA,4,NA,NA,4,0,0,17,17,13,0,0,0,0
9520,20260922,1,1,0,2,8,8,2,8,8,4,0,17,17,9,0,8738,0,8738
9521,20260922,0,0,0,3,NA,7,3,NA,7,1,0,17,17,10,6,1,0,0
9522,20260922,0,0,0,NA,NA,4,NA,NA,4,0,0,17,17,13,0,0,0,0
9523,20260922,0,0,0,NA,NA,4,NA,NA,4,0,0,17,17,13,0,0,0,0
9524,20260922,0,0,0,NA,NA,4,NA,NA,4,0,0,17,17,13,0,0,0,0
9525,20260922,0,0,0,NA,NA,4,NA,NA,4,0,0,17,17,13,0,0,0,0
9526,20260922,1,1,0,1,6,6,1,6,6,4,0,17,17,11,2052,5729,0,26214
9527,20260922,0,0,0,NA,NA,4,NA,NA,4,0,0,17,17,13,0,0,0,0
9528,20260922,0,0,0,NA,NA,4,NA,NA,4,0,0,17,17,13,0,0,0,0
9529,20260922,1,1,0,1,4,4,1,4,4,4,0,17,17,13,2124,4369,0,4369
9530,20260922,0,0,0,NA,NA,4,NA,NA,4,0,0,17,17,13,0,0,0,0
9531,20260922,1,1,0,2,8,8,2,8,8,4,0,17,17,9,0,13107,0,13107
9532,20260922,1,1,0,1,6,6,1,6,6,4,0,17,17,11,2052,5729,0,26214
9533,20260922,0,0,0,NA,NA,4,NA,NA,4,0,0,17,17,13,0,0,0,0
9534,20260922,0,0,0,NA,NA,4,NA,NA,4,0,0,17,17,13,0,0,0,0
9535,20260922,1,1,0,1,4,4,1,4,4,4,0,17,17,13,2124,4369,0,4369
9536,20260922,1,1,0,2,8,8,2,8,8,4,0,17,17,9,0,17476,0,17476
9537,20260922,0,0,0,NA,NA,4,NA,NA,4,0,0,17,17,13,0,0,0,0
9538,20260922,1,1,0,1,4,4,1,4,4,4,0,17,17,13,2124,4369,0,4369
9539,20260922,0,0,0,3,NA,7,3,NA,7,1,0,17,17,10,6,1,0,0
9540,20260922,1,1,0,1,6,6,1,6,6,4,0,17,17,11,2052,5729,0,26214
9541,20260922,0,0,0,NA,NA,4,NA,NA,4,0,0,17,17,13,0,0,0,0
9542,20260922,0,0,0,NA,NA,4,NA,NA,4,0,0,17,17,13,0,0,0,0
9543,20260922,0,0,0,4,NA,8,4,NA,8,1,0,17,17,9,5,3,0,0
9544,20260922,0,0,0,3,NA,7,3,NA,7,1,0,17,17,10,6,1,0,0
9545,20260922,0,0,0,NA,NA,4,NA,NA,4,0,0,17,17,13,0,0,0,0
9546,20260922,0,0,0,NA,NA,4,NA,NA,4,0,0,17,17,13,0,0,0,0
9547,20260922,0,0,0,3,NA,7,3,NA,7,1,0,17,17,10,6,1,0,0
9548,20260922,0,0,0,NA,NA,4,NA,NA,4,0,0,17,17,13,0,0,0,0
9549,20260922,1,1,0,1,4,4,1,4,4,4,0,17,17,13,2124,4369,0,4369
9550,20260922,1,1,0,1,4,4,1,4,4,4,0,17,17,13,2124,4369,0,4369
9551,20260922,0,0,0,NA,NA,4,NA,NA,4,0,0,17,17,13,0,0,0,0
9552,20260922,1,1,0,1,4,4,1,4,4,4,0,17,17,13,2124,4369,0,4369
9553,20260922,1,1,0,1,4,4,1,4,4,4,0,17,17,13,2124,4369,0,4369
9554,20260922,0,0,0,3,NA,7,3,NA,7,1,0,17,17,10,6,1,0,0
9555,20260922,0,0,0,3,NA,7,3,NA,7,1,0,17,17,10,6,1,0,0
9556,20260922,1,1,0,3,12,12,3,12,12,4,0,17,17,5,3294,4369,3294,4369
9557,20260922,0,0,0,3,NA,7,3,NA,7,1,0,17,17,10,6,1,0,0
9558,20260922,0,0,0,3,NA,7,3,NA,7,1,0,17,17,10,6,1,0,0
9559,20260922,1,1,0,2,8,8,2,8,8,4,0,17,17,9,0,8738,0,8738
9560,20260922,0,0,0,NA,NA,4,NA,NA,4,0,0,17,17,13,0,0,0,0
9561,20260922,1,1,0,3,12,12,3,12,12,4,0,17,17,5,3294,4369,3294,4369
9562,20260922,1,1,0,1,4,4,1,4,4,4,0,17,17,13,2124,4913,0,17476
9563,20260922,0,0,0,3,NA,7,3,NA,7,1,0,17,17,10,6,1,0,0
9564,20260922,0,0,0,NA,NA,4,NA,NA,4,0,0,17,17,13,0,0,0,0
9565,20260922,0,0,0,3,NA,7,3,NA,7,1,0,17,17,10,6,1,0,0
9566,20260922,0,0,0,3,NA,7,3,NA,7,1,0,17,17,10,6,1,0,0
9567,20260922,1,1,0,2,6,6,2,6,6,4,0,17,17,11,72,4369,0,4369
9568,20260922,0,0,0,NA,NA,4,NA,NA,4,0,0,17,17,13,0,0,0,0
9569,20260922,0,0,0,NA,NA,4,NA,NA,4,0,0,17,17,13,0,0,0,0
9570,20260922,0,0,0,NA,NA,4,NA,NA,4,0,0,17,17,13,0,0,0,0
9571,20260922,0,0,0,NA,NA,4,NA,NA,4,0,0,17,17,13,0,0,0,0
9572,20260922,0,0,0,NA,NA,4,NA,NA,4,0,0,17,17,13,0,0,0,0
9573,20260922,0,0,0,NA,NA,4,NA,NA,4,0,0,17,17,13,0,0,0,0
9574,20260922,0,0,0,NA,NA,4,NA,NA,4,0,0,17,17,13,0,0,0,0
9575,20260922,0,0,0,NA,NA,4,NA,NA,4,0,0,17,17,13,0,0,0,0
9576,20260922,1,1,0,1,6,6,1,6,6,4,0,17,17,11,2052,5185,0,17476
9577,20260922,1,1,0,3,12,12,3,12,12,4,0,17,17,5,3294,4369,3294,4369
9578,20260922,1,1,0,1,6,6,1,6,6,4,0,17,17,11,2052,5729,0,26214
9579,20260922,0,0,0,NA,NA,4,NA,NA,4,0,0,17,17,13,0,0,0,0
9580,20260922,0,0,0,3,NA,7,3,NA,7,1,0,17,17,10,6,1,0,0
9581,20260922,0,0,0,NA,NA,4,NA,NA,4,0,0,17,17,13,0,0,0,0
9582,20260922,0,0,0,NA,NA,4,NA,NA,4,0,0,17,17,13,0,0,0,0
9583,20260922,1,1,0,1,6,6,1,6,6,4,0,17,17,11,2052,13107,0,13107
9584,20260922,1,1,0,1,6,6,1,6,6,4,0,17,17,11,2052,5185,0,17476
9585,20260922,0,0,0,NA,NA,4,NA,NA,4,0,0,17,17,13,0,0,0,0
9586,20260922,1,1,0,1,4,4,1,4,4,4,0,17,17,13,2124,4369,0,4369
9587,20260922,0,0,0,NA,NA,4,NA,NA,4,0,0,17,17,13,0,0,0,0
9588,20260922,0,0,0,NA,NA,4,NA,NA,4,0,0,17,17,13,0,0,0,0
9589,20260922,0,0,0,NA,NA,4,NA,NA,4,0,0,17,17,13,0,0,0,0
9590,20260922,1,1,0,1,4,4,1,4,4,4,0,17,17,13,2124,4369,0,4369
9591,20260922,1,1,0,1,4,4,1,4,4,4,0,17,17,13,2124,4369,0,4369
9592,20260922,0,0,0,NA,NA,4,NA,NA,4,0,0,17,17,13,0,0,0,0
9593,20260922,0,0,0,NA,NA,4,NA,NA,4,0,0,17,17,13,0,0,0,0
9594,20260922,0,0,0,3,NA,7,3,NA,7,1,0,17,17,10,6,1,0,0
9595,20260922,1,1,0,1,6,6,1,6,6,4,0,17,17,11,2052,5185,0,17476
9596,20260922,0,0,0,NA,NA,4,NA,NA,4,0,0,17,17,13,0,0,0,0
9597,20260922,1,1,0,1,4,4,1,4,4,4,0,17,17,13,2124,4369,0,4369
9598,20260922,0,0,0,NA,NA,4,NA,NA,4,0,0,17,17,13,0,0,0,0
9599,20260922,0,0,0,NA,NA,4,NA,NA,4,0,0,17,17,13,0,0,0,0
9600,20260922,1,1,0,1,4,4,1,4,4,4,0,17,17,13,2124,4369,0,4369
9601,20260922,1,1,0,1,4,4,1,4,4,4,0,17,17,13,2124,4369,0,4369
9602,20260922,0,0,0,NA,NA,4,NA,NA,4,0,0,17,17,13,0,0,0,0
9603,20260922,0,0,0,NA,NA,4,NA,NA,4,0,0,17,17,13,0,0,0,0
9604,20260922,1,1,0,2,6,6,2,6,6,4,0,17,17,11,72,12835,0,13107
9605,20260922,0,0,0,NA,NA,4,NA,NA,4,0,0,17,17,13,0,0,0,0
9606,20260922,1,1,0,1,4,4,1,4,4,4,0,17,17,13,2124,4369,0,4369
9607,20260922,0,0,0,NA,NA,4,NA,NA,4,0,0,17,17,13,0,0,0,0
9608,20260922,0,0,0,NA,NA,4,NA,NA,4,0,0,17,17,13,0,0,0,0
9609,20260922,1,1,0,1,6,6,1,6,6,4,0,17,17,11,2052,5185,0,17476
9610,20260922,1,1,0,1,4,4,1,4,4,4,0,17,17,13,2124,4913,0,17476
9611,20260922,0,0,0,NA,NA,4,NA,NA,4,0,0,17,17,13,0,0,0,0
9612,20260922,0,0,0,NA,NA,4,NA,NA,4,0,0,17,17,13,0,0,0,0
9613,20260922,1,1,0,1,6,6,1,6,6,4,0,17,17,11,2052,5185,0,17476
9614,20260922,1,1,0,1,4,4,1,4,4,4,0,17,17,13,2124,12563,0,4369
9615,20260922,0,0,0,NA,NA,4,NA,NA,4,0,0,17,17,13,0,0,0,0
9616,20260922,1,1,0,1,4,4,1,4,4,4,0,17,17,13,2124,4369,0,4369
9617,20260922,1,1,0,2,6,6,2,6,6,4,0,17,17,11,72,4369,0,4369
9618,20260922,1,1,0,1,6,6,1,6,6,4,0,17,17,11,2052,5729,0,26214
9619,20260922,1,1,0,2,8,8,2,8,8,4,0,17,17,9,0,26214,0,26214
9620,20260922,1,1,0,1,4,4,1,4,4,4,0,17,17,13,2124,4369,0,4369
9621,20260922,1,1,0,1,8,8,1,8,8,4,0,17,17,9,2268,4913,2196,4641
9622,20260922,1,1,0,2,6,6,2,6,6,4,0,17,17,11,72,8738,0,8738
9623,20260922,0,0,0,NA,NA,4,NA,NA,4,0,0,17,17,13,0,0,0,0
9624,20260922,1,1,0,1,4,4,1,4,4,4,0,17,17,13,2124,4369,0,4369
9625,20260922,0,0,0,3,NA,7,3,NA,7,1,0,17,17,10,6,1,0,0
9626,20260922,1,1,0,3,12,12,3,12,12,4,0,17,17,5,3294,4369,3294,4369
9627,20260922,0,0,0,NA,NA,4,NA,NA,4,0,0,17,17,13,0,0,0,0
9628,20260922,0,0,0,NA,NA,4,NA,NA,4,0,0,17,17,13,0,0,0,0
9629,20260922,1,1,0,1,4,4,1,4,4,4,0,17,17,13,2124,4369,0,4369
9630,20260922,0,0,0,3,NA,7,3,NA,7,1,0,17,17,10,6,3,0,0
9631,20260922,1,1,0,2,8,8,2,8,8,4,0,17,17,9,0,21845,0,21845
9632,20260922,1,1,0,1,6,6,1,6,6,4,0,17,17,11,2052,5185,0,17476
9633,20260922,0,0,0,NA,NA,4,NA,NA,4,0,0,17,17,13,0,0,0,0
9634,20260922,1,1,0,3,12,12,3,12,12,4,0,17,17,5,3294,4369,3294,4369
9635,20260922,1,1,0,1,4,4,1,4,4,4,0,17,17,13,2124,4369,0,4369
9636,20260922,0,0,0,NA,NA,4,NA,NA,4,0,0,17,17,13,0,0,0,0
9637,20260922,0,0,0,NA,NA,4,NA,NA,4,0,0,17,17,13,0,0,0,0
9638,20260922,1,1,0,1,6,6,1,6,6,4,0,17,17,11,2052,5729,0,26214
9639,20260922,1,1,0,1,4,4,1,4,4,4,0,17,17,13,2124,4369,0,4369
9640,20260922,0,0,0,NA,NA,4,NA,NA,4,0,0,17,17,13,0,0,0,0
9641,20260922,1,1,0,1,6,6,1,6,6,4,0,17,17,11,2052,9554,0,21845
9642,20260922,1,1,0,1,4,4,1,4,4,4,0,17,17,13,2124,4369,0,4369
9643,20260922,0,0,0,NA,NA,4,NA,NA,4,0,0,17,17,13,0,0,0,0
9644,20260922,0,0,0,3,NA,7,3,NA,7,1,0,17,17,10,6,1,0,0
9645,20260922,0,0,0,NA,NA,4,NA,NA,4,0,0,17,17,13,0,0,0,0
9646,20260922,1,1,0,1,6,6,1,6,6,4,0,17,17,11,2052,5729,0,26214
9647,20260922,0,0,0,NA,NA,4,NA,NA,4,0,0,17,17,13,0,0,0,0
9648,20260922,0,0,0,NA,NA,4,NA,NA,4,0,0,17,17,13,0,0,0,0
9649,20260922,0,0,0,3,NA,7,3,NA,7,1,0,17,17,10,6,1,0,0
9650,20260922,0,0,0,NA,NA,4,NA,NA,4,0,0,17,17,13,0,0,0,0
9651,20260922,0,0,0,NA,NA,4,NA,NA,4,0,0,17,17,13,0,0,0,0
9652,20260922,1,1,0,1,4,4,1,4,4,4,0,17,17,13,2124,4369,0,4369
9653,20260922,0,0,0,NA,NA,4,NA,NA,4,0,0,17,17,13,0,0,0,0
9654,20260922,0,0,0,NA,NA,4,NA,NA,4,0,0,17,17,13,0,0,0,0
9655,20260922,0,0,0,NA,NA,4,NA,NA,4,0,0,17,17,13,0,0,0,0
9656,20260922,1,1,0,3,12,12,3,12,12,4,0,17,17,5,3294,4369,3294,4369
9657,20260922,0,0,0,NA,NA,4,NA,NA,4,0,0,17,17,13,0,0,0,0
9658,20260922,1,1,0,1,4,4,1,4,4,4,0,17,17,13,2124,4913,0,17476
9659,20260922,0,0,0,NA,NA,4,NA,NA,4,0,0,17,17,13,0,0,0,0
9660,20260922,0,0,0,3,NA,7,3,NA,7,1,0,17,17,10,6,1,0,0
9661,20260922,0,0,0,NA,NA,4,NA,NA,4,0,0,17,17,13,0,0,0,0
9662,20260922,1,1,0,2,6,6,2,6,6,4,0,17,17,11,72,4369,0,4369
9663,20260922,1,1,0,1,4,4,1,4,4,4,0,17,17,13,2124,12563,0,4369
9664,20260922,0,0,0,NA,NA,4,NA,NA,4,0,0,17,17,13,0,0,0,0
9665,20260922,1,1,0,1,4,4,1,4,4,4,0,17,17,13,2124,4369,0,4369
9666,20260922,0,0,0,NA,NA,4,NA,NA,4,0,0,17,17,13,0,0,0,0
9667,20260922,0,0,0,3,NA,7,3,NA,7,1,0,17,17,10,6,1,0,0
9668,20260922,1,1,0,1,4,4,1,4,4,4,0,17,17,13,2124,4369,0,4369
9669,20260922,1,1,0,2,8,8,2,8,8,4,0,17,17,9,0,8738,0,8738
9670,20260922,0,0,0,NA,NA,4,NA,NA,4,0,0,17,17,13,0,0,0,0
9671,20260922,1,1,0,1,4,4,1,4,4,4,0,17,17,13,2124,4369,0,4369
9672,20260922,0,0,0,NA,NA,4,NA,NA,4,0,0,17,17,13,0,0,0,0
9673,20260922,0,0,0,NA,NA,4,NA,NA,4,0,0,17,17,13,0,0,0,0
9674,20260922,0,0,0,NA,NA,4,NA,NA,4,0,0,17,17,13,0,0,0,0
9675,20260922,1,1,0,1,4,4,1,4,4,4,0,17,17,13,2124,4369,0,4369
9676,20260922,1,1,0,1,6,6,1,6,6,4,0,17,17,11,2052,5185,0,17476
9677,20260922,0,0,0,NA,NA,4,NA,NA,4,0,0,17,17,13,0,0,0,0
9678,20260922,0,0,0,NA,NA,4,NA,NA,4,0,0,17,17,13,0,0,0,0
9679,20260922,0,0,0,NA,NA,4,NA,NA,4,0,0,17,17,13,0,0,0,0
9680,20260922,0,0,0,4,NA,8,4,NA,8,1,0,17,17,9,5,7,0,0
9681,20260922,1,1,0,1,4,4,1,4,4,4,0,17,17,13,2124,4369,0,4369
9682,20260922,0,0,0,3,NA,7,3,NA,7,1,0,17,17,10,6,4,0,0
9683,20260922,0,0,0,NA,NA,4,NA,NA,4,0,0,17,17,13,0,0,0,0
9684,20260922,0,0,0,3,NA,7,3,NA,7,1,0,17,17,10,6,1,0,0
9685,20260922,1,1,0,1,4,4,1,4,4,4,0,17,17,13,2124,4369,0,4369
9686,20260922,0,0,0,NA,NA,4,NA,NA,4,0,0,17,17,13,0,0,0,0
9687,20260922,0,0,0,NA,NA,4,NA,NA,4,0,0,17,17,13,0,0,0,0
9688,20260922,0,0,0,NA,NA,4,NA,NA,4,0,0,17,17,13,0,0,0,0
9689,20260922,1,1,0,1,4,4,1,4,4,4,0,17,17,13,2124,4369,0,4369
9690,20260922,1,1,0,1,4,4,1,4,4,4,0,17,17,13,2124,4369,0,4369
9691,20260922,0,0,0,NA,NA,4,NA,NA,4,0,0,17,17,13,0,0,0,0
9692,20260922,1,1,0,3,12,12,3,12,12,4,0,17,17,5,3294,4369,3294,4369
9693,20260922,0,0,0,NA,NA,4,NA,NA,4,0,0,17,17,13,0,0,0,0
9694,20260922,0,0,0,NA,NA,4,NA,NA,4,0,0,17,17,13,0,0,0,0
9695,20260922,0,0,0,NA,NA,4,NA,NA,4,0,0,17,17,13,0,0,0,0
9696,20260922,1,1,0,3,12,12,3,12,12,4,0,17,17,5,3294,4369,3294,4369
9697,20260922,0,0,0,3,NA,7,3,NA,7,1,0,17,17,10,6,1,0,0
9698,20260922,0,0,0,NA,NA,4,NA,NA,4,0,0,17,17,13,0,0,0,0
9699,20260922,1,1,0,1,4,4,1,4,4,4,0,17,17,13,2124,4369,0,4369
9700,20260922,1,1,0,1,4,4,1,4,4,4,0,17,17,13,2124,4369,0,4369
9701,20260922,1,1,0,1,4,4,1,4,4,4,0,17,17,13,2124,12563,0,4369
9702,20260922,1,1,0,1,6,6,1,6,6,4,0,17,17,11,2052,5185,0,17476
9703,20260922,1,1,0,1,4,4,1,4,4,4,0,17,17,13,2124,4369,0,4369
9704,20260922,0,0,0,NA,NA,4,NA,NA,4,0,0,17,17,13,0,0,0,0
9705,20260922,1,1,0,1,4,4,1,4,4,4,0,17,17,13,2124,4913,0,17476
9706,20260922,0,0,0,NA,NA,4,NA,NA,4,0,0,17,17,13,0,0,0,0
9707,20260922,1,1,0,3,12,12,3,12,12,4,0,17,17,5,3294,4369,3294,4369
9708,20260922,1,1,0,1,4,4,1,4,4,4,0,17,17,13,2124,4369,0,4369
9709,20260922,0,0,0,NA,NA,4,NA,NA,4,0,0,17,17,13,0,0,0,0
9710,20260922,1,1,0,1,4,4,1,4,4,4,0,17,17,13,2124,4369,0,4369
9711,20260922,0,0,0,NA,NA,4,NA,NA,4,0,0,17,17,13,0,0,0,0
9712,20260922,1,1,0,1,4,4,1,4,4,4,0,17,17,13,2124,12563,0,4369
9713,20260922,1,1,0,1,4,4,1,4,4,4,0,17,17,13,2124,4369,0,4369
9714,20260922,0,0,0,NA,NA,4,NA,NA,4,0,0,17,17,13,0,0,0,0
9715,20260922,0,0,0,NA,NA,4,NA,NA,4,0,0,17,17,13,0,0,0,0
9716,20260922,0,0,0,NA,NA,4,NA,NA,4,0,0,17,17,13,0,0,0,0
9717,20260922,0,0,0,NA,NA,4,NA,NA,4,0,0,17,17,13,0,0,0,0
9718,20260922,1,1,0,1,4,4,1,4,4,4,0,17,17,13,2124,4369,0,4369
9719,20260922,0,0,0,NA,NA,4,NA,NA,4,0,0,17,17,13,0,0,0,0
9720,20260922,0,0,0,NA,NA,4,NA,NA,4,0,0,17,17,13,0,0,0,0
9721,20260922,1,1,0,1,4,4,1,4,4,4,0,17,17,13,2124,12563,0,4369
9722,20260922,0,0,0,NA,NA,4,NA,NA,4,0,0,17,17,13,0,0,0,0
9723,20260922,1,1,0,2,8,8,2,8,8,4,0,17,17,9,0,26214,0,26214
9724,20260922,1,1,0,1,4,4,1,4,4,4,0,17,17,13,2124,4369,0,4369
9725,20260922,1,1,0,1,6,6,1,6,6,4,0,17,17,11,2052,5185,0,17476
9726,20260922,0,0,0,NA,NA,4,NA,NA,4,0,0,17,17,13,0,0,0,0
9727,20260922,1,1,0,1,4,4,1,4,4,4,0,17,17,13,2124,4369,0,4369
9728,20260922,1,1,0,1,4,4,1,4,4,4,0,17,17,13,2124,4369,0,4369
9729,20260922,1,1,0,1,4,4,1,4,4,4,0,17,17,13,2124,4913,0,17476
9730,20260922,0,0,0,NA,NA,4,NA,NA,4,0,0,17,17,13,0,0,0,0
9731,20260922,1,1,0,1,6,6,1,6,6,4,0,17,17,11,2052,5729,0,26214
9732,20260922,1,1,0,1,4,4,1,4,4,4,0,17,17,13,2124,4369,0,4369
9733,20260922,1,1,0,2,8,8,2,8,8,4,0,17,17,9,0,4369,0,4369
9734,20260922,1,1,0,3,12,12,3,12,12,4,0,17,17,5,3294,4369,3294,4369
9735,20260922,0,0,0,NA,NA,4,NA,NA,4,0,0,17,17,13,0,0,0,0
9736,20260922,1,1,0,1,4,4,1,4,4,4,0,17,17,13,2124,4369,0,4369
9737,20260922,1,1,0,1,4,4,1,4,4,4,0,17,17,13,2124,4369,0,4369
9738,20260922,1,1,0,1,6,6,1,6,6,4,0,17,17,11,2052,5185,0,17476
9739,20260922,0,0,0,NA,NA,4,NA,NA,4,0,0,17,17,13,0,0,0,0
9740,20260922,1,1,0,1,4,4,1,4,4,4,0,17,17,13,2124,4369,0,4369
9741,20260922,0,0,0,NA,NA,4,NA,NA,4,0,0,17,17,13,0,0,0,0
9742,20260922,0,0,0,NA,NA,4,NA,NA,4,0,0,17,17,13,0,0,0,0
9743,20260922,0,0,0,NA,NA,4,NA,NA,4,0,0,17,17,13,0,0,0,0
9744,20260922,0,0,0,NA,NA,4,NA,NA,4,0,0,17,17,13,0,0,0,0
9745,20260922,0,0,0,NA,NA,4,NA,NA,4,0,0,17,17,13,0,0,0,0
9746,20260922,0,0,0,4,NA,8,4,NA,8,1,0,17,17,9,5,4,0,0
9747,20260922,0,0,0,NA,NA,4,NA,NA,4,0,0,17,17,13,0,0,0,0
9748,20260922,1,1,0,3,12,12,3,12,12,4,0,17,17,5,3294,4369,3294,4369
9749,20260922,0,0,0,NA,NA,4,NA,NA,4,0,0,17,17,13,0,0,0,0
9750,20260922,0,0,0,NA,NA,4,NA,NA,4,0,0,17,17,13,0,0,0,0
9751,20260922,0,0,0,NA,NA,4,NA,NA,4,0,0,17,17,13,0,0,0,0
9752,20260922,1,1,0,1,4,4,1,4,4,4,0,17,17,13,2124,4369,0,4369
9753,20260922,1,1,0,1,4,4,1,4,4,4,0,17,17,13,2124,4369,0,4369
9754,20260922,1,1,0,1,4,4,1,4,4,4,0,17,17,13,2124,4369,0,4369
9755,20260922,1,1,0,1,4,4,1,4,4,4,0,17,17,13,2124,4369,0,4369
9756,20260922,1,1,0,1,6,6,1,6,6,4,0,17,17,11,2052,5729,0,26214
9757,20260922,0,0,0,3,NA,7,3,NA,7,1,0,17,17,10,6,1,0,0
9758,20260922,1,1,0,1,4,4,1,4,4,4,0,17,17,13,2124,4369,0,4369
9759,20260922,0,0,0,NA,NA,4,NA,NA,4,0,0,17,17,13,0,0,0,0
9760,20260922,0,0,0,NA,NA,4,NA,NA,4,0,0,17,17,13,0,0,0,0
9761,20260922,1,1,0,1,4,4,1,4,4,4,0,17,17,13,2124,4369,0,4369
9762,20260922,1,1,0,1,6,6,1,6,6,4,0,17,17,11,2052,5729,0,26214
9763,20260922,0,0,0,NA,NA,4,NA,NA,4,0,0,17,17,13,0,0,0,0
9764,20260922,1,1,0,1,4,4,1,4,4,4,0,17,17,13,2124,4913,0,17476
9765,20260922,0,0,0,NA,NA,4,NA,NA,4,0,0,17,17,13,0,0,0,0
9766,20260922,0,0,0,NA,NA,4,NA,NA,4,0,0,17,17,13,0,0,0,0
9767,20260922,1,1,0,2,6,6,2,6,6,4,0,17,17,11,72,4369,0,4369
9768,20260922,1,1,0,1,4,4,1,4,4,4,0,17,17,13,2124,4369,0,4369
9769,20260922,0,0,0,NA,NA,4,NA,NA,4,0,0,17,17,13,0,0,0,0
9770,20260922,1,1,0,2,6,6,2,6,6,4,0,17,17,11,72,17204,0,17476
9771,20260922,0,0,0,4,NA,8,4,NA,8,1,0,17,17,9,5,1,0,0
9772,20260922,0,0,0,NA,NA,4,NA,NA,4,0,0,17,17,13,0,0,0,0
9773,20260922,0,0,0,NA,NA,4,NA,NA,4,0,0,17,17,13,0,0,0,0
9774,20260922,1,1,0,1,6,6,1,6,6,4,0,17,17,11,2052,5729,0,26214
9775,20260922,0,0,0,NA,NA,4,NA,NA,4,0,0,17,17,13,0,0,0,0
9776,20260922,1,1,0,2,6,6,2,6,6,4,0,17,17,11,72,4369,0,4369
9777,20260922,0,0,0,NA,NA,4,NA,NA,4,0,0,17,17,13,0,0,0,0
9778,20260922,0,0,0,4,NA,8,4,NA,8,1,0,17,17,9,5,7,0,0
9779,20260922,0,0,0,3,NA,7,3,NA,7,1,0,17,17,10,6,1,0,0
9780,20260922,1,1,0,1,4,4,1,4,4,4,0,17,17,13,2124,4369,0,4369
9781,20260922,0,0,0,3,NA,7,3,NA,7,1,0,17,17,10,6,1,0,0
9782,20260922,1,1,0,1,4,4,1,4,4,4,0,17,17,13,2124,4369,0,4369
9783,20260922,1,1,0,2,6,6,2,6,6,4,0,17,17,11,72,4369,0,4369
9784,20260922,0,0,0,NA,NA,4,NA,NA,4,0,0,17,17,13,0,0,0,0
9785,20260922,1,1,0,2,8,8,2,8,8,4,0,17,17,9,0,8738,0,8738
9786,20260922,0,0,0,3,NA,7,3,NA,7,1,0,17,17,10,6,1,0,0
9787,20260922,0,0,0,3,NA,7,3,NA,7,1,0,17,17,10,6,1,0,0
9788,20260922,1,1,0,1,4,4,1,4,4,4,0,17,17,13,2124,4369,0,4369
9789,20260922,0,0,0,NA,NA,4,NA,NA,4,0,0,17,17,13,0,0,0,0
9790,20260922,1,1,0,3,12,12,3,12,12,4,0,17,17,5,3294,4369,3294,4369
9791,20260922,0,0,0,NA,NA,4,NA,NA,4,0,0,17,17,13,0,0,0,0
9792,20260922,1,1,0,1,6,6,1,6,6,4,0,17,17,11,2052,5729,0,26214
9793,20260922,0,0,0,NA,NA,4,NA,NA,4,0,0,17,17,13,0,0,0,0
9794,20260922,1,1,0,1,6,6,1,6,6,4,0,17,17,11,2052,5185,0,17476
9795,20260922,0,0,0,3,NA,7,3,NA,7,1,0,17,17,10,6,1,0,0
9796,20260922,1,1,0,3,12,12,3,12,12,4,0,17,17,5,3294,4369,3294,4369
9797,20260922,0,0,0,NA,NA,4,NA,NA,4,0,0,17,17,13,0,0,0,0
9798,20260922,0,0,0,NA,NA,4,NA,NA,4,0,0,17,17,13,0,0,0,0
9799,20260922,0,0,0,3,NA,7,3,NA,7,1,0,17,17,10,6,1,0,0
9800,20260922,0,0,0,4,NA,8,4,NA,8,1,0,17,17,9,5,3,0,0
9801,20260922,0,0,0,NA,NA,4,NA,NA,4,0,0,17,17,13,0,0,0,0
9802,20260922,0,0,0,NA,NA,4,NA,NA,4,0,0,17,17,13,0,0,0,0
9803,20260922,0,0,0,4,NA,8,4,NA,8,1,0,17,17,9,5,2,0,0
9804,20260922,0,0,0,NA,NA,4,NA,NA,4,0,0,17,17,13,0,0,0,0
9805,20260922,0,0,0,NA,NA,4,NA,NA,4,0,0,17,17,13,0,0,0,0
9806,20260922,0,0,0,NA,NA,4,NA,NA,4,0,0,17,17,13,0,0,0,0
9807,20260922,0,0,0,1,NA,5,1,NA,5,1,0,17,17,12,4,2,0,0
9808,20260922,0,0,0,3,NA,7,3,NA,7,1,0,17,17,10,6,1,0,0
9809,20260922,0,0,0,4,NA,8,4,NA,8,1,0,17,17,9,5,7,0,0
9810,20260922,1,1,0,2,6,6,2,6,6,4,0,17,17,11,72,4369,0,4369
9811,20260922,0,0,0,NA,NA,4,NA,NA,4,0,0,17,17,13,0,0,0,0
9812,20260922,0,0,0,NA,NA,4,NA,NA,4,0,0,17,17,13,0,0,0,0
9813,20260922,0,0,0,NA,NA,4,NA,NA,4,0,0,17,17,13,0,0,0,0
9814,20260922,0,0,0,NA,NA,4,NA,NA,4,0,0,17,17,13,0,0,0,0
9815,20260922,1,1,0,1,4,4,1,4,4,4,0,17,17,13,2124,4369,0,4369
9816,20260922,0,0,0,NA,NA,4,NA,NA,4,0,0,17,17,13,0,0,0,0
9817,20260922,1,1,0,1,6,6,1,6,6,4,0,17,17,11,2052,5729,0,26214
9818,20260922,1,1,0,1,4,4,1,4,4,4,0,17,17,13,2124,4369,0,4369
9819,20260922,0,0,0,NA,NA,4,NA,NA,4,0,0,17,17,13,0,0,0,0
9820,20260922,0,0,0,NA,NA,4,NA,NA,4,0,0,17,17,13,0,0,0,0
9821,20260922,0,0,0,NA,NA,4,NA,NA,4,0,0,17,17,13,0,0,0,0
9822,20260922,1,1,0,1,4,4,1,4,4,4,0,17,17,13,2124,4369,0,4369
9823,20260922,1,1,0,1,6,6,1,6,6,4,0,17,17,11,2052,5185,0,17476
9824,20260922,0,0,0,NA,NA,4,NA,NA,4,0,0,17,17,13,0,0,0,0
9825,20260922,1,1,0,1,4,4,1,4,4,4,0,17,17,13,2124,8466,0,4369
9826,20260922,0,0,0,NA,NA,4,NA,NA,4,0,0,17,17,13,0,0,0,0
9827,20260922,1,1,0,2,6,6,2,6,6,4,0,17,17,11,72,4369,0,4369
9828,20260922,1,1,0,1,4,4,1,4,4,4,0,17,17,13,2124,4913,0,17476
9829,20260922,0,0,0,3,NA,7,3,NA,7,1,0,17,17,10,6,1,0,0
9830,20260922,0,0,0,NA,NA,4,NA,NA,4,0,0,17,17,13,0,0,0,0
9831,20260922,0,0,0,NA,NA,4,NA,NA,4,0,0,17,17,13,0,0,0,0
9832,20260922,0,0,0,NA,NA,4,NA,NA,4,0,0,17,17,13,0,0,0,0
9833,20260922,1,1,0,2,6,6,2,6,6,4,0,17,17,11,72,4369,0,4369
9834,20260922,1,1,0,1,4,4,1,4,4,4,0,17,17,13,2124,4369,0,4369
9835,20260922,0,0,0,NA,NA,4,NA,NA,4,0,0,17,17,13,0,0,0,0
9836,20260922,1,1,0,1,4,4,1,4,4,4,0,17,17,13,2124,4369,0,4369
9837,20260922,1,1,0,1,4,4,1,4,4,4,0,17,17,13,2124,4913,0,17476
9838,20260922,0,0,0,NA,NA,4,NA,NA,4,0,0,17,17,13,0,0,0,0
9839,20260922,1,1,0,2,6,6,2,6,6,4,0,17,17,11,72,4369,0,4369
9840,20260922,1,1,0,1,6,6,1,6,6,4,0,17,17,11,2052,5729,0,26214
9841,20260922,0,0,0,3,NA,7,3,NA,7,1,0,17,17,10,6,1,0,0
9842,20260922,1,1,0,3,12,12,3,12,12,4,0,17,17,5,3294,4369,3294,4369
9843,20260922,1,1,0,1,6,6,1,6,6,4,0,17,17,11,2052,5729,0,26214
9844,20260922,0,0,0,NA,NA,4,NA,NA,4,0,0,17,17,13,0,0,0,0
9845,20260922,1,1,0,3,12,12,3,12,12,4,0,17,17,5,3294,4369,3294,4369
9846,20260922,1,1,0,1,4,4,1,4,4,4,0,17,17,13,2124,4369,0,4369
9847,20260922,0,0,0,NA,NA,4,NA,NA,4,0,0,17,17,13,0,0,0,0
9848,20260922,0,0,0,NA,NA,4,NA,NA,4,0,0,17,17,13,0,0,0,0
9849,20260922,0,0,0,NA,NA,4,NA,NA,4,0,0,17,17,13,0,0,0,0
9850,20260922,0,0,0,NA,NA,4,NA,NA,4,0,0,17,17,13,0,0,0,0
9851,20260922,0,0,0,NA,NA,4,NA,NA,4,0,0,17,17,13,0,0,0,0
9852,20260922,0,0,0,NA,NA,4,NA,NA,4,0,0,17,17,13,0,0,0,0
9853,20260922,0,0,0,NA,NA,4,NA,NA,4,0,0,17,17,13,0,0,0,0
9854,20260922,0,0,0,NA,NA,4,NA,NA,4,0,0,17,17,13,0,0,0,0
9855,20260922,1,1,0,1,4,4,1,4,4,4,0,17,17,13,2124,4369,0,4369
9856,20260922,0,0,0,3,NA,7,3,NA,7,1,0,17,17,10,6,1,0,0
9857,20260922,1,1,0,1,4,4,1,4,4,4,0,17,17,13,2124,4369,0,4369
9858,20260922,1,1,0,1,4,4,1,4,4,4,0,17,17,13,2124,12563,0,4369
9859,20260922,0,0,0,3,NA,7,3,NA,7,1,0,17,17,10,6,4,0,0
9860,20260922,0,0,0,NA,NA,4,NA,NA,4,0,0,17,17,13,0,0,0,0
9861,20260922,0,0,0,NA,NA,4,NA,NA,4,0,0,17,17,13,0,0,0,0
9862,20260922,1,1,0,2,8,8,2,8,8,4,0,17,17,9,0,17476,0,17476
9863,20260922,1,1,0,1,6,6,1,6,6,4,0,17,17,11,2052,4913,0,13107
9864,20260922,0,0,0,NA,NA,4,NA,NA,4,0,0,17,17,13,0,0,0,0
9865,20260922,1,1,0,1,4,4,1,4,4,4,0,17,17,13,2124,4369,0,4369
9866,20260922,1,1,0,1,4,4,1,4,4,4,0,17,17,13,2124,4369,0,4369
9867,20260922,0,0,0,NA,NA,4,NA,NA,4,0,0,17,17,13,0,0,0,0
9868,20260922,1,1,0,1,6,6,1,6,6,4,0,17,17,11,2052,4369,0,4369
9869,20260922,1,1,0,1,4,4,1,4,4,4,0,17,17,13,2124,4369,0,4369
9870,20260922,0,0,0,NA,NA,4,NA,NA,4,0,0,17,17,13,0,0,0,0
9871,20260922,0,0,0,NA,NA,4,NA,NA,4,0,0,17,17,13,0,0,0,0
9872,20260922,1,1,0,1,4,4,1,4,4,4,0,17,17,13,2124,4369,0,4369
9873,20260922,1,1,0,3,12,12,3,12,12,4,0,17,17,5,3294,4369,3294,4369
9874,20260922,1,1,0,1,4,4,1,4,4,4,0,17,17,13,2124,4369,0,4369
9875,20260922,0,0,0,NA,NA,4,NA,NA,4,0,0,17,17,13,0,0,0,0
9876,20260922,0,0,0,NA,NA,4,NA,NA,4,0,0,17,17,13,0,0,0,0
9877,20260922,0,0,0,NA,NA,4,NA,NA,4,0,0,17,17,13,0,0,0,0
9878,20260922,0,0,0,NA,NA,4,NA,NA,4,0,0,17,17,13,0,0,0,0
9879,20260922,0,0,0,4,NA,8,4,NA,8,1,0,17,17,9,5,7,0,0
9880,20260922,0,0,0,3,NA,7,3,NA,7,1,0,17,17,10,6,4,0,0
9881,20260922,1,1,0,1,4,4,1,4,4,4,0,17,17,13,2124,4369,0,4369
9882,20260922,1,1,0,1,4,4,1,4,4,4,0,17,17,13,2124,4369,0,4369
9883,20260922,1,1,0,1,4,4,1,4,4,4,0,17,17,13,2124,4913,0,17476
9884,20260922,0,0,0,NA,NA,4,NA,NA,4,0,0,17,17,13,0,0,0,0
9885,20260922,1,1,0,1,4,4,1,4,4,4,0,17,17,13,2124,4913,0,17476
9886,20260922,0,0,0,NA,NA,4,NA,NA,4,0,0,17,17,13,0,0,0,0
9887,20260922,1,1,0,3,12,12,3,12,12,4,0,17,17,5,3294,4369,3294,4369
9888,20260922,0,0,0,NA,NA,4,NA,NA,4,0,0,17,17,13,0,0,0,0
9889,20260922,0,0,0,NA,NA,4,NA,NA,4,0,0,17,17,13,0,0,0,0
9890,20260922,1,1,0,1,6,6,1,6,6,4,0,17,17,11,2052,5729,0,26214
9891,20260922,1,1,0,2,6,6,2,6,6,4,0,17,17,11,72,17204,0,17476
9892,20260922,1,1,0,1,4,4,1,4,4,4,0,17,17,13,2124,4369,0,4369
9893,20260922,0,0,0,NA,NA,4,NA,NA,4,0,0,17,17,13,0,0,0,0
9894,20260922,0,0,0,4,NA,8,4,NA,8,1,0,17,17,9,5,7,0,0
9895,20260922,0,0,0,NA,NA,4,NA,NA,4,0,0,17,17,13,0,0,0,0
9896,20260922,0,0,0,NA,NA,4,NA,NA,4,0,0,17,17,13,0,0,0,0
9897,20260922,1,1,0,1,6,6,1,6,6,4,0,17,17,11,2052,5185,0,17476
9898,20260922,0,0,0,3,NA,7,3,NA,7,1,0,17,17,10,6,4,0,0
9899,20260922,0,0,0,3,NA,7,3,NA,7,1,0,17,17,10,6,1,0,0
9900,20260922,1,1,0,1,4,4,1,4,4,4,0,17,17,13,2124,12563,0,4369
9901,20260922,1,1,0,2,6,6,2,6,6,4,0,17,17,11,72,4369,0,4369
9902,20260922,0,0,0,NA,NA,4,NA,NA,4,0,0,17,17,13,0,0,0,0
9903,20260922,1,1,0,1,4,4,1,4,4,4,0,17,17,13,2124,4369,0,4369
9904,20260922,0,0,0,NA,NA,4,NA,NA,4,0,0,17,17,13,0,0,0,0
9905,20260922,1,1,0,1,4,4,1,4,4,4,0,17,17,13,2124,4369,0,4369
9906,20260922,0,0,0,3,NA,7,3,NA,7,1,0,17,17,10,6,1,0,0
9907,20260922,1,1,0,1,4,4,1,4,4,4,0,17,17,13,2124,4913,0,17476
9908,20260922,1,1,0,1,4,4,1,4,4,4,0,17,17,13,2124,4369,0,4369
9909,20260922,0,0,0,NA,NA,4,NA,NA,4,0,0,17,17,13,0,0,0,0
9910,20260922,1,1,0,1,4,4,1,4,4,4,0,17,17,13,2124,12563,0,4369
9911,20260922,0,0,0,3,NA,7,3,NA,7,1,0,17,17,10,6,1,0,0
9912,20260922,1,1,0,1,4,4,1,4,4,4,0,17,17,13,2124,4369,0,4369
9913,20260922,0,0,0,NA,NA,4,NA,NA,4,0,0,17,17,13,0,0,0,0
9914,20260922,1,1,0,1,4,4,1,4,4,4,0,17,17,13,2124,4913,0,17476
9915,20260922,1,1,0,1,4,4,1,4,4,4,0,17,17,13,2124,4369,0,4369
9916,20260922,0,0,0,NA,NA,4,NA,NA,4,0,0,17,17,13,0,0,0,0
9917,20260922,0,0,0,NA,NA,4,NA,NA,4,0,0,17,17,13,0,0,0,0
9918,20260922,0,0,0,NA,NA,4,NA,NA,4,0,0,17,17,13,0,0,0,0
9919,20260922,0,0,0,NA,NA,4,NA,NA,4,0,0,17,17,13,0,0,0,0
9920,20260922,0,0,0,3,NA,7,3,NA,7,1,0,17,17,10,6,1,0,0
9921,20260922,0,0,0,NA,NA,4,NA,NA,4,0,0,17,17,13,0,0,0,0
9922,20260922,0,0,0,4,NA,8,4,NA,8,1,0,17,17,9,5,2,0,0
9923,20260922,0,0,0,NA,NA,4,NA,NA,4,0,0,17,17,13,0,0,0,0
9924,20260922,1,1,0,1,4,4,1,4,4,4,0,17,17,13,2124,4369,0,4369
9925,20260922,1,1,0,1,4,4,1,4,4,4,0,17,17,13,2124,4913,0,17476
9926,20260922,0,0,0,NA,NA,4,NA,NA,4,0,0,17,17,13,0,0,0,0
9927,20260922,0,0,0,3,NA,7,3,NA,7,1,0,17,17,10,6,4,0,0
9928,20260922,1,1,0,1,6,6,1,6,6,4,0,17,17,11,2052,5729,0,26214
9929,20260922,1,1,0,2,8,8,2,8,8,4,0,17,17,9,0,8738,0,8738
9930,20260922,1,1,0,2,6,6,2,6,6,4,0,17,17,11,72,4369,0,4369
9931,20260922,0,0,0,NA,NA,4,NA,NA,4,0,0,17,17,13,0,0,0,0
9932,20260922,0,0,0,NA,NA,4,NA,NA,4,0,0,17,17,13,0,0,0,0
9933,20260922,1,1,0,2,6,6,2,6,6,4,0,17,17,11,72,4369,0,4369
9934,20260922,0,0,0,NA,NA,4,NA,NA,4,0,0,17,17,13,0,0,0,0
9935,20260922,1,1,0,1,4,4,1,4,4,4,0,17,17,13,2124,12563,0,4369
9936,20260922,1,1,0,1,4,4,1,4,4,4,0,17,17,13,2124,4369,0,4369
9937,20260922,0,0,0,4,NA,8,4,NA,8,1,0,17,17,9,5,6,0,0
9938,20260922,1,1,0,3,12,12,3,12,12,4,0,17,17,5,3294,4369,3294,4369
9939,20260922,0,0,0,NA,NA,4,NA,NA,4,0,0,17,17,13,0,0,0,0
9940,20260922,0,0,0,NA,NA,4,NA,NA,4,0,0,17,17,13,0,0,0,0
9941,20260922,0,0,0,NA,NA,4,NA,NA,4,0,0,17,17,13,0,0,0,0
9942,20260922,0,0,0,4,NA,8,4,NA,8,1,0,17,17,9,5,3,0,0
9943,20260922,0,0,0,NA,NA,4,NA,NA,4,0,0,17,17,13,0,0,0,0
9944,20260922,0,0,0,NA,NA,4,NA,NA,4,0,0,17,17,13,0,0,0,0
9945,20260922,0,0,0,NA,NA,4,NA,NA,4,0,0,17,17,13,0,0,0,0
9946,20260922,1,1,0,1,4,4,1,4,4,4,0,17,17,13,2124,4369,0,4369
9947,20260922,0,0,0,NA,NA,4,NA,NA,4,0,0,17,17,13,0,0,0,0
9948,20260922,0,0,0,NA,NA,4,NA,NA,4,0,0,17,17,13,0,0,0,0
9949,20260922,0,0,0,NA,NA,4,NA,NA,4,0,0,17,17,13,0,0,0,0
9950,20260922,0,0,0,3,NA,7,3,NA,7,1,0,17,17,10,6,3,0,0
9951,20260922,0,0,0,NA,NA,4,NA,NA,4,0,0,17,17,13,0,0,0,0
9952,20260922,0,0,0,NA,NA,4,NA,NA,4,0,0,17,17,13,0,0,0,0
9953,20260922,1,1,0,1,6,6,1,6,6,4,0,17,17,11,2052,5729,0,26214
9954,20260922,1,1,0,1,4,4,1,4,4,4,0,17,17,13,2124,12563,0,4369
9955,20260922,0,0,0,3,NA,7,3,NA,7,1,0,17,17,10,6,1,0,0
9956,20260922,1,1,0,1,4,4,1,4,4,4,0,17,17,13,2124,4369,0,4369
9957,20260922,1,1,0,1,4,4,1,4,4,4,0,17,17,13,2124,4913,0,17476
9958,20260922,0,0,0,3,NA,7,3,NA,7,1,0,17,17,10,6,1,0,0
9959,20260922,0,0,0,4,NA,8,4,NA,8,1,0,17,17,9,5,2,0,0
9960,20260922,1,1,0,1,6,6,1,6,6,4,0,17,17,11,2052,5729,0,26214
9961,20260922,0,0,0,NA,NA,4,NA,NA,4,0,0,17,17,13,0,0,0,0
9962,20260922,0,0,0,4,NA,8,4,NA,8,1,0,17,17,9,5,6,0,0
9963,20260922,1,1,0,1,4,4,1,4,4,4,0,17,17,13,2124,4369,0,4369
9964,20260922,0,0,0,NA,NA,4,NA,NA,4,0,0,17,17,13,0,0,0,0
9965,20260922,1,1,0,1,4,4,1,4,4,4,0,17,17,13,2124,4369,0,4369
9966,20260922,1,1,0,1,4,4,1,4,4,4,0,17,17,13,2124,4369,0,4369
9967,20260922,1,1,0,1,4,4,1,4,4,4,0,17,17,13,2124,4369,0,4369
9968,20260922,0,0,0,NA,NA,4,NA,NA,4,0,0,17,17,13,0,0,0,0
9969,20260922,0,0,0,NA,NA,4,NA,NA,4,0,0,17,17,13,0,0,0,0
9970,20260922,1,1,0,2,6,6,2,6,6,4,0,17,17,11,72,8738,0,8738
9971,20260922,1,1,0,1,6,6,1,6,6,4,0,17,17,11,2052,9554,0,21845
9972,20260922,0,0,0,NA,NA,4,NA,NA,4,0,0,17,17,13,0,0,0,0
9973,20260922,1,1,0,3,12,12,3,12,12,4,0,17,17,5,3294,4369,3294,4369
9974,20260922,0,0,0,NA,NA,4,NA,NA,4,0,0,17,17,13,0,0,0,0
9975,20260922,1,1,0,1,4,4,1,4,4,4,0,17,17,13,2124,4369,0,4369
9976,20260922,0,0,0,NA,NA,4,NA,NA,4,0,0,17,17,13,0,0,0,0
9977,20260922,0,0,0,4,NA,8,4,NA,8,1,0,17,17,9,5,2,0,0
9978,20260922,0,0,0,NA,NA,4,NA,NA,4,0,0,17,17,13,0,0,0,0
9979,20260922,1,1,0,1,4,4,1,4,4,4,0,17,17,13,2124,9010,2124,9010
9980,20260922,1,1,0,1,4,4,1,4,4,4,0,17,17,13,2124,4369,0,4369
9981,20260922,1,1,0,1,4,4,1,4,4,4,0,17,17,13,2124,4369,0,4369
9982,20260922,1,1,0,1,4,4,1,4,4,4,0,17,17,13,2124,4369,0,4369
9983,20260922,0,0,0,NA,NA,4,NA,NA,4,0,0,17,17,13,0,0,0,0
9984,20260922,1,1,0,1,4,4,1,4,4,4,0,17,17,13,2124,12563,0,4369
9985,20260922,0,0,0,4,NA,8,4,NA,8,1,0,17,17,9,5,1,0,0
9986,20260922,0,0,0,NA,NA,4,NA,NA,4,0,0,17,17,13,0,0,0,0
9987,20260922,1,1,0,3,12,12,3,12,12,4,0,17,17,5,3294,4369,3294,4369
9988,20260922,1,1,0,1,4,4,1,4,4,4,0,17,17,13,2124,4369,0,4369
9989,20260922,0,0,0,NA,NA,4,NA,NA,4,0,0,17,17,13,0,0,0,0
9990,20260922,1,1,0,1,4,4,1,4,4,4,0,17,17,13,2124,4369,0,4369
9991,20260922,1,1,0,1,4,4,1,4,4,4,0,17,17,13,2124,4369,0,4369
9992,20260922,0,0,0,NA,NA,4,NA,NA,4,0,0,17,17,13,0,0,0,0
9993,20260922,1,1,0,1,6,6,1,6,6,4,0,17,17,11,2052,5185,0,17476
9994,20260922,1,1,0,1,4,4,1,4,4,4,0,17,17,13,2124,4369,0,4369
9995,20260922,0,0,0,NA,NA,4,NA,NA,4,0,0,17,17,13,0,0,0,0
9996,20260922,1,1,0,2,6,6,2,6,6,4,0,17,17,11,72,4369,0,4369
9997,20260922,0,0,0,NA,NA,4,NA,NA,4,0,0,17,17,13,0,0,0,0
9998,20260922,0,0,0,NA,NA,4,NA,NA,4,0,0,17,17,13,0,0,0,0
9999,20260922,0,0,0,NA,NA,4,NA,NA,4,0,0,17,17,13,0,0,0,0
