 
****************************************
Report : constraint
        -all_violators
Design : multi_config_analyzer_area_engine_HYBRID_ENTRY_NUM7
Version: W-2024.09-SP2
Date   : Wed Sep  9 14:43:11 2026
****************************************


   max_delay/setup ('clk' group)

                             Required        Actual
   Endpoint                 Path Delay     Path Delay        Slack
   -----------------------------------------------------------------
   config_patterns_o_reg[2]/D
                               19.46          99.05 r       -79.59  (VIOLATED)
   config_patterns_o_reg[6]/D
                               19.46          99.05 r       -79.59  (VIOLATED)
   config_patterns_o_reg[10]/D
                               19.46          99.05 r       -79.59  (VIOLATED)
   config_patterns_o_reg[14]/D
                               19.46          99.05 r       -79.59  (VIOLATED)
   config_patterns_o_reg[18]/D
                               19.46          99.05 r       -79.59  (VIOLATED)
   config_patterns_o_reg[22]/D
                               19.46          99.05 r       -79.59  (VIOLATED)
   config_patterns_o_reg[26]/D
                               19.46          99.05 r       -79.59  (VIOLATED)
   config_patterns_o_reg[0]/D
                               19.46          99.03 r       -79.58  (VIOLATED)
   config_patterns_o_reg[1]/D
                               19.46          99.03 r       -79.58  (VIOLATED)
   config_patterns_o_reg[3]/D
                               19.46          99.03 r       -79.58  (VIOLATED)
   config_patterns_o_reg[4]/D
                               19.46          99.03 r       -79.58  (VIOLATED)
   config_patterns_o_reg[5]/D
                               19.46          99.03 r       -79.58  (VIOLATED)
   config_patterns_o_reg[7]/D
                               19.46          99.03 r       -79.58  (VIOLATED)
   config_patterns_o_reg[8]/D
                               19.46          99.03 r       -79.58  (VIOLATED)
   config_patterns_o_reg[9]/D
                               19.46          99.03 r       -79.58  (VIOLATED)
   config_patterns_o_reg[11]/D
                               19.46          99.03 r       -79.58  (VIOLATED)
   config_patterns_o_reg[12]/D
                               19.46          99.03 r       -79.58  (VIOLATED)
   config_patterns_o_reg[13]/D
                               19.46          99.03 r       -79.58  (VIOLATED)
   config_patterns_o_reg[15]/D
                               19.46          99.03 r       -79.58  (VIOLATED)
   config_patterns_o_reg[16]/D
                               19.46          99.03 r       -79.58  (VIOLATED)
   config_patterns_o_reg[17]/D
                               19.46          99.03 r       -79.58  (VIOLATED)
   config_patterns_o_reg[19]/D
                               19.46          99.03 r       -79.58  (VIOLATED)
   config_patterns_o_reg[20]/D
                               19.46          99.03 r       -79.58  (VIOLATED)
   config_patterns_o_reg[21]/D
                               19.46          99.03 r       -79.58  (VIOLATED)
   config_patterns_o_reg[23]/D
                               19.46          99.03 r       -79.58  (VIOLATED)
   config_patterns_o_reg[24]/D
                               19.46          99.03 r       -79.58  (VIOLATED)
   config_patterns_o_reg[25]/D
                               19.46          99.03 r       -79.58  (VIOLATED)
   config_patterns_o_reg[27]/D
                               19.46          99.03 r       -79.58  (VIOLATED)
   selected_pattern_reg[0]/E
                               19.27          97.13 r       -77.85  (VIOLATED)
   selected_pattern_reg[1]/E
                               19.27          97.13 r       -77.85  (VIOLATED)
   selected_pattern_reg[2]/E
                               19.27          97.13 r       -77.85  (VIOLATED)
   selected_pattern_reg[3]/E
                               19.27          97.13 r       -77.85  (VIOLATED)
   config_valid_o_reg[0]/D     19.47          97.30 r       -77.83  (VIOLATED)
   config_valid_o_reg[1]/D     19.47          97.30 r       -77.83  (VIOLATED)
   config_valid_o_reg[2]/D     19.47          97.30 r       -77.83  (VIOLATED)
   config_valid_o_reg[3]/D     19.47          97.30 r       -77.83  (VIOLATED)
   config_valid_o_reg[4]/D     19.47          97.30 r       -77.83  (VIOLATED)
   config_valid_o_reg[5]/D     19.47          97.30 r       -77.83  (VIOLATED)
   config_valid_o_reg[6]/D     19.47          97.30 r       -77.83  (VIOLATED)
   candidate_found_reg/E       19.31          96.52 r       -77.22  (VIOLATED)


   max_transition

                             Required        Actual
   Net                      Transition     Transition        Slack
   -----------------------------------------------------------------
   view/n299                    3.00           8.29          -5.29  (VIOLATED)
       PIN :   view/U899/B0     3.00           8.29          -5.29  (VIOLATED)
       PIN :   view/U899/A0     3.00           8.29          -5.29  (VIOLATED)
       PIN :   view/U884/B      3.00           8.29          -5.29  (VIOLATED)
       PIN :   view/U771/B0     3.00           8.29          -5.29  (VIOLATED)
       PIN :   view/U771/A0     3.00           8.29          -5.29  (VIOLATED)
       PIN :   view/U761/B      3.00           8.29          -5.29  (VIOLATED)
       PIN :   view/U687/B0     3.00           8.29          -5.29  (VIOLATED)
       PIN :   view/U687/A0     3.00           8.29          -5.29  (VIOLATED)
       PIN :   view/U677/B      3.00           8.29          -5.29  (VIOLATED)
       PIN :   view/U603/B0     3.00           8.29          -5.29  (VIOLATED)
       PIN :   view/U603/A0     3.00           8.29          -5.29  (VIOLATED)
       PIN :   view/U593/B      3.00           8.29          -5.29  (VIOLATED)
       PIN :   view/U519/B0     3.00           8.29          -5.29  (VIOLATED)
       PIN :   view/U519/A0     3.00           8.29          -5.29  (VIOLATED)
       PIN :   view/U509/B      3.00           8.29          -5.29  (VIOLATED)
       PIN :   view/U435/B0     3.00           8.29          -5.29  (VIOLATED)
       PIN :   view/U435/A0     3.00           8.29          -5.29  (VIOLATED)
       PIN :   view/U425/B      3.00           8.29          -5.29  (VIOLATED)
       PIN :   view/U346/B0     3.00           8.29          -5.29  (VIOLATED)
       PIN :   view/U346/A0     3.00           8.29          -5.29  (VIOLATED)
       PIN :   view/U341/B      3.00           8.29          -5.29  (VIOLATED)
       PIN :   view/U903/Y      3.00           8.29          -5.29  (VIOLATED)
   view/n56                     3.00           7.78          -4.78  (VIOLATED)
       PIN :   view/U1230/A1
                                3.00           7.78          -4.78  (VIOLATED)
       PIN :   view/U1223/A1
                                3.00           7.78          -4.78  (VIOLATED)
       PIN :   view/U1218/A1
                                3.00           7.78          -4.78  (VIOLATED)
       PIN :   view/U1214/A1
                                3.00           7.78          -4.78  (VIOLATED)
       PIN :   view/U1209/A1
                                3.00           7.78          -4.78  (VIOLATED)
       PIN :   view/U1205/A1
                                3.00           7.78          -4.78  (VIOLATED)
       PIN :   view/U1200/A1
                                3.00           7.78          -4.78  (VIOLATED)
       PIN :   view/U1196/A1
                                3.00           7.78          -4.78  (VIOLATED)
       PIN :   view/U1191/A1
                                3.00           7.78          -4.78  (VIOLATED)
       PIN :   view/U1187/A1
                                3.00           7.78          -4.78  (VIOLATED)
       PIN :   view/U895/C0     3.00           7.78          -4.78  (VIOLATED)
       PIN :   view/U777/B1     3.00           7.78          -4.78  (VIOLATED)
       PIN :   view/U693/B1     3.00           7.78          -4.78  (VIOLATED)
       PIN :   view/U609/B1     3.00           7.78          -4.78  (VIOLATED)
       PIN :   view/U525/B1     3.00           7.78          -4.78  (VIOLATED)
       PIN :   view/U441/B1     3.00           7.78          -4.78  (VIOLATED)
       PIN :   view/U357/B1     3.00           7.78          -4.78  (VIOLATED)
       PIN :   view/U276/A1     3.00           7.78          -4.78  (VIOLATED)
       PIN :   view/U67/B1      3.00           7.78          -4.78  (VIOLATED)
       PIN :   view/U62/B1      3.00           7.78          -4.78  (VIOLATED)
       PIN :   view/U57/B1      3.00           7.78          -4.78  (VIOLATED)
       PIN :   view/U52/B1      3.00           7.78          -4.78  (VIOLATED)
       PIN :   view/U49/A1      3.00           7.78          -4.78  (VIOLATED)
       PIN :   view/U1232/Y     3.00           7.78          -4.78  (VIOLATED)
   view/n54                     3.00           7.45          -4.45  (VIOLATED)
       PIN :   view/U1226/B1
                                3.00           7.45          -4.45  (VIOLATED)
       PIN :   view/U1222/B1
                                3.00           7.45          -4.45  (VIOLATED)
       PIN :   view/U1217/B1
                                3.00           7.45          -4.45  (VIOLATED)
       PIN :   view/U1213/B1
                                3.00           7.45          -4.45  (VIOLATED)
       PIN :   view/U1208/B1
                                3.00           7.45          -4.45  (VIOLATED)
       PIN :   view/U1204/B1
                                3.00           7.45          -4.45  (VIOLATED)
       PIN :   view/U1199/B1
                                3.00           7.45          -4.45  (VIOLATED)
       PIN :   view/U1195/B1
                                3.00           7.45          -4.45  (VIOLATED)
       PIN :   view/U1190/B1
                                3.00           7.45          -4.45  (VIOLATED)
       PIN :   view/U1186/B1
                                3.00           7.45          -4.45  (VIOLATED)
       PIN :   view/U779/B1     3.00           7.45          -4.45  (VIOLATED)
       PIN :   view/U695/B1     3.00           7.45          -4.45  (VIOLATED)
       PIN :   view/U611/B1     3.00           7.45          -4.45  (VIOLATED)
       PIN :   view/U527/B1     3.00           7.45          -4.45  (VIOLATED)
       PIN :   view/U443/B1     3.00           7.45          -4.45  (VIOLATED)
       PIN :   view/U359/B1     3.00           7.45          -4.45  (VIOLATED)
       PIN :   view/U275/B1     3.00           7.45          -4.45  (VIOLATED)
       PIN :   view/U69/B1      3.00           7.45          -4.45  (VIOLATED)
       PIN :   view/U64/B1      3.00           7.45          -4.45  (VIOLATED)
       PIN :   view/U59/B1      3.00           7.45          -4.45  (VIOLATED)
       PIN :   view/U54/B1      3.00           7.45          -4.45  (VIOLATED)
       PIN :   view/U48/B1      3.00           7.45          -4.45  (VIOLATED)
       PIN :   view/U1228/Y     3.00           7.45          -4.45  (VIOLATED)
   view/n57                     3.00           7.44          -4.44  (VIOLATED)
       PIN :   view/U1230/B1
                                3.00           7.44          -4.44  (VIOLATED)
       PIN :   view/U1223/B1
                                3.00           7.44          -4.44  (VIOLATED)
       PIN :   view/U1218/B1
                                3.00           7.44          -4.44  (VIOLATED)
       PIN :   view/U1214/B1
                                3.00           7.44          -4.44  (VIOLATED)
       PIN :   view/U1209/B1
                                3.00           7.44          -4.44  (VIOLATED)
       PIN :   view/U1205/B1
                                3.00           7.44          -4.44  (VIOLATED)
       PIN :   view/U1200/B1
                                3.00           7.44          -4.44  (VIOLATED)
       PIN :   view/U1196/B1
                                3.00           7.44          -4.44  (VIOLATED)
       PIN :   view/U1191/B1
                                3.00           7.44          -4.44  (VIOLATED)
       PIN :   view/U1187/B1
                                3.00           7.44          -4.44  (VIOLATED)
       PIN :   view/U778/A1     3.00           7.44          -4.44  (VIOLATED)
       PIN :   view/U694/A1     3.00           7.44          -4.44  (VIOLATED)
       PIN :   view/U610/A1     3.00           7.44          -4.44  (VIOLATED)
       PIN :   view/U526/A1     3.00           7.44          -4.44  (VIOLATED)
       PIN :   view/U442/A1     3.00           7.44          -4.44  (VIOLATED)
       PIN :   view/U358/A1     3.00           7.44          -4.44  (VIOLATED)
       PIN :   view/U276/B1     3.00           7.44          -4.44  (VIOLATED)
       PIN :   view/U68/A1      3.00           7.44          -4.44  (VIOLATED)
       PIN :   view/U63/A1      3.00           7.44          -4.44  (VIOLATED)
       PIN :   view/U58/A1      3.00           7.44          -4.44  (VIOLATED)
       PIN :   view/U53/A1      3.00           7.44          -4.44  (VIOLATED)
       PIN :   view/U49/B1      3.00           7.44          -4.44  (VIOLATED)
       PIN :   view/U1231/Y     3.00           7.44          -4.44  (VIOLATED)
   view/n53                     3.00           5.93          -2.93  (VIOLATED)
       PIN :   view/U1226/A1
                                3.00           5.93          -2.93  (VIOLATED)
       PIN :   view/U1222/A1
                                3.00           5.93          -2.93  (VIOLATED)
       PIN :   view/U1217/A1
                                3.00           5.93          -2.93  (VIOLATED)
       PIN :   view/U1213/A1
                                3.00           5.93          -2.93  (VIOLATED)
       PIN :   view/U1208/A1
                                3.00           5.93          -2.93  (VIOLATED)
       PIN :   view/U1204/A1
                                3.00           5.93          -2.93  (VIOLATED)
       PIN :   view/U1199/A1
                                3.00           5.93          -2.93  (VIOLATED)
       PIN :   view/U1195/A1
                                3.00           5.93          -2.93  (VIOLATED)
       PIN :   view/U1190/A1
                                3.00           5.93          -2.93  (VIOLATED)
       PIN :   view/U1186/A1
                                3.00           5.93          -2.93  (VIOLATED)
       PIN :   view/U780/B1     3.00           5.93          -2.93  (VIOLATED)
       PIN :   view/U696/B1     3.00           5.93          -2.93  (VIOLATED)
       PIN :   view/U612/B1     3.00           5.93          -2.93  (VIOLATED)
       PIN :   view/U528/B1     3.00           5.93          -2.93  (VIOLATED)
       PIN :   view/U444/B1     3.00           5.93          -2.93  (VIOLATED)
       PIN :   view/U360/B1     3.00           5.93          -2.93  (VIOLATED)
       PIN :   view/U275/A1     3.00           5.93          -2.93  (VIOLATED)
       PIN :   view/U70/B1      3.00           5.93          -2.93  (VIOLATED)
       PIN :   view/U65/B1      3.00           5.93          -2.93  (VIOLATED)
       PIN :   view/U60/B1      3.00           5.93          -2.93  (VIOLATED)
       PIN :   view/U55/B1      3.00           5.93          -2.93  (VIOLATED)
       PIN :   view/U48/A1      3.00           5.93          -2.93  (VIOLATED)
       PIN :   view/U1229/Y     3.00           5.93          -2.93  (VIOLATED)
   view/n55                     3.00           5.92          -2.92  (VIOLATED)
       PIN :   view/U1226/C1
                                3.00           5.92          -2.92  (VIOLATED)
       PIN :   view/U1222/C1
                                3.00           5.92          -2.92  (VIOLATED)
       PIN :   view/U1217/C1
                                3.00           5.92          -2.92  (VIOLATED)
       PIN :   view/U1213/C1
                                3.00           5.92          -2.92  (VIOLATED)
       PIN :   view/U1208/C1
                                3.00           5.92          -2.92  (VIOLATED)
       PIN :   view/U1204/C1
                                3.00           5.92          -2.92  (VIOLATED)
       PIN :   view/U1199/C1
                                3.00           5.92          -2.92  (VIOLATED)
       PIN :   view/U1195/C1
                                3.00           5.92          -2.92  (VIOLATED)
       PIN :   view/U1190/C1
                                3.00           5.92          -2.92  (VIOLATED)
       PIN :   view/U1186/C1
                                3.00           5.92          -2.92  (VIOLATED)
       PIN :   view/U780/A1     3.00           5.92          -2.92  (VIOLATED)
       PIN :   view/U696/A1     3.00           5.92          -2.92  (VIOLATED)
       PIN :   view/U612/A1     3.00           5.92          -2.92  (VIOLATED)
       PIN :   view/U528/A1     3.00           5.92          -2.92  (VIOLATED)
       PIN :   view/U444/A1     3.00           5.92          -2.92  (VIOLATED)
       PIN :   view/U360/A1     3.00           5.92          -2.92  (VIOLATED)
       PIN :   view/U275/C1     3.00           5.92          -2.92  (VIOLATED)
       PIN :   view/U70/A1      3.00           5.92          -2.92  (VIOLATED)
       PIN :   view/U65/A1      3.00           5.92          -2.92  (VIOLATED)
       PIN :   view/U60/A1      3.00           5.92          -2.92  (VIOLATED)
       PIN :   view/U55/A1      3.00           5.92          -2.92  (VIOLATED)
       PIN :   view/U48/C1      3.00           5.92          -2.92  (VIOLATED)
       PIN :   view/U1227/Y     3.00           5.92          -2.92  (VIOLATED)
   view/n58                     3.00           5.85          -2.85  (VIOLATED)
       PIN :   view/U1234/A1
                                3.00           5.85          -2.85  (VIOLATED)
       PIN :   view/U1224/A1
                                3.00           5.85          -2.85  (VIOLATED)
       PIN :   view/U1219/A1
                                3.00           5.85          -2.85  (VIOLATED)
       PIN :   view/U1215/A1
                                3.00           5.85          -2.85  (VIOLATED)
       PIN :   view/U1210/A1
                                3.00           5.85          -2.85  (VIOLATED)
       PIN :   view/U1206/A1
                                3.00           5.85          -2.85  (VIOLATED)
       PIN :   view/U1201/A1
                                3.00           5.85          -2.85  (VIOLATED)
       PIN :   view/U1197/A1
                                3.00           5.85          -2.85  (VIOLATED)
       PIN :   view/U1192/A1
                                3.00           5.85          -2.85  (VIOLATED)
       PIN :   view/U1188/A1
                                3.00           5.85          -2.85  (VIOLATED)
       PIN :   view/U778/B1     3.00           5.85          -2.85  (VIOLATED)
       PIN :   view/U694/B1     3.00           5.85          -2.85  (VIOLATED)
       PIN :   view/U610/B1     3.00           5.85          -2.85  (VIOLATED)
       PIN :   view/U526/B1     3.00           5.85          -2.85  (VIOLATED)
       PIN :   view/U442/B1     3.00           5.85          -2.85  (VIOLATED)
       PIN :   view/U358/B1     3.00           5.85          -2.85  (VIOLATED)
       PIN :   view/U277/A1     3.00           5.85          -2.85  (VIOLATED)
       PIN :   view/U68/B1      3.00           5.85          -2.85  (VIOLATED)
       PIN :   view/U63/B1      3.00           5.85          -2.85  (VIOLATED)
       PIN :   view/U58/B1      3.00           5.85          -2.85  (VIOLATED)
       PIN :   view/U53/B1      3.00           5.85          -2.85  (VIOLATED)
       PIN :   view/U50/A1      3.00           5.85          -2.85  (VIOLATED)
       PIN :   view/U1237/Y     3.00           5.85          -2.85  (VIOLATED)
   view/n59                     3.00           5.83          -2.83  (VIOLATED)
       PIN :   view/U1234/B1
                                3.00           5.83          -2.83  (VIOLATED)
       PIN :   view/U1224/B1
                                3.00           5.83          -2.83  (VIOLATED)
       PIN :   view/U1219/B1
                                3.00           5.83          -2.83  (VIOLATED)
       PIN :   view/U1215/B1
                                3.00           5.83          -2.83  (VIOLATED)
       PIN :   view/U1210/B1
                                3.00           5.83          -2.83  (VIOLATED)
       PIN :   view/U1206/B1
                                3.00           5.83          -2.83  (VIOLATED)
       PIN :   view/U1201/B1
                                3.00           5.83          -2.83  (VIOLATED)
       PIN :   view/U1197/B1
                                3.00           5.83          -2.83  (VIOLATED)
       PIN :   view/U1192/B1
                                3.00           5.83          -2.83  (VIOLATED)
       PIN :   view/U1188/B1
                                3.00           5.83          -2.83  (VIOLATED)
       PIN :   view/U779/A1     3.00           5.83          -2.83  (VIOLATED)
       PIN :   view/U695/A1     3.00           5.83          -2.83  (VIOLATED)
       PIN :   view/U611/A1     3.00           5.83          -2.83  (VIOLATED)
       PIN :   view/U527/A1     3.00           5.83          -2.83  (VIOLATED)
       PIN :   view/U443/A1     3.00           5.83          -2.83  (VIOLATED)
       PIN :   view/U359/A1     3.00           5.83          -2.83  (VIOLATED)
       PIN :   view/U277/B1     3.00           5.83          -2.83  (VIOLATED)
       PIN :   view/U69/A1      3.00           5.83          -2.83  (VIOLATED)
       PIN :   view/U64/A1      3.00           5.83          -2.83  (VIOLATED)
       PIN :   view/U59/A1      3.00           5.83          -2.83  (VIOLATED)
       PIN :   view/U54/A1      3.00           5.83          -2.83  (VIOLATED)
       PIN :   view/U50/B1      3.00           5.83          -2.83  (VIOLATED)
       PIN :   view/U1235/Y     3.00           5.83          -2.83  (VIOLATED)
   view/n64                     3.00           5.80          -2.80  (VIOLATED)
       PIN :   view/U896/B      3.00           5.80          -2.80  (VIOLATED)
       PIN :   view/U893/B0     3.00           5.80          -2.80  (VIOLATED)
       PIN :   view/U777/A1     3.00           5.80          -2.80  (VIOLATED)
       PIN :   view/U769/B0     3.00           5.80          -2.80  (VIOLATED)
       PIN :   view/U693/A1     3.00           5.80          -2.80  (VIOLATED)
       PIN :   view/U685/B0     3.00           5.80          -2.80  (VIOLATED)
       PIN :   view/U609/A1     3.00           5.80          -2.80  (VIOLATED)
       PIN :   view/U601/B0     3.00           5.80          -2.80  (VIOLATED)
       PIN :   view/U525/A1     3.00           5.80          -2.80  (VIOLATED)
       PIN :   view/U517/B0     3.00           5.80          -2.80  (VIOLATED)
       PIN :   view/U441/A1     3.00           5.80          -2.80  (VIOLATED)
       PIN :   view/U433/B0     3.00           5.80          -2.80  (VIOLATED)
       PIN :   view/U357/A1     3.00           5.80          -2.80  (VIOLATED)
       PIN :   view/U67/A1      3.00           5.80          -2.80  (VIOLATED)
       PIN :   view/U62/A1      3.00           5.80          -2.80  (VIOLATED)
       PIN :   view/U57/A1      3.00           5.80          -2.80  (VIOLATED)
       PIN :   view/U52/A0      3.00           5.80          -2.80  (VIOLATED)
       PIN :   view/U897/Y      3.00           5.80          -2.80  (VIOLATED)
   analyzer/n32                 3.00           4.60          -1.60  (VIOLATED)
       PIN :   analyzer/U2731/A
                                3.00           4.60          -1.60  (VIOLATED)
       PIN :   analyzer/U2715/B
                                3.00           4.60          -1.60  (VIOLATED)
       PIN :   analyzer/U2593/B
                                3.00           4.60          -1.60  (VIOLATED)
       PIN :   analyzer/U2474/B
                                3.00           4.60          -1.60  (VIOLATED)
       PIN :   analyzer/U2473/A0
                                3.00           4.60          -1.60  (VIOLATED)
       PIN :   analyzer/U2462/A0
                                3.00           4.60          -1.60  (VIOLATED)
       PIN :   analyzer/U2460/A0
                                3.00           4.60          -1.60  (VIOLATED)
       PIN :   analyzer/U2458/A0
                                3.00           4.60          -1.60  (VIOLATED)
       PIN :   analyzer/U2456/A0
                                3.00           4.60          -1.60  (VIOLATED)
       PIN :   analyzer/U2452/A0
                                3.00           4.60          -1.60  (VIOLATED)
       PIN :   analyzer/U2449/A0
                                3.00           4.60          -1.60  (VIOLATED)
       PIN :   analyzer/U2446/A0
                                3.00           4.60          -1.60  (VIOLATED)
       PIN :   analyzer/U2443/A0
                                3.00           4.60          -1.60  (VIOLATED)
       PIN :   analyzer/U2440/A0
                                3.00           4.60          -1.60  (VIOLATED)
       PIN :   analyzer/U2282/A0
                                3.00           4.60          -1.60  (VIOLATED)
       PIN :   analyzer/U2275/A0
                                3.00           4.60          -1.60  (VIOLATED)
       PIN :   analyzer/U2273/A0
                                3.00           4.60          -1.60  (VIOLATED)
       PIN :   analyzer/U2271/A0
                                3.00           4.60          -1.60  (VIOLATED)
       PIN :   analyzer/U2269/A0
                                3.00           4.60          -1.60  (VIOLATED)
       PIN :   analyzer/U2266/A0
                                3.00           4.60          -1.60  (VIOLATED)
       PIN :   analyzer/U2263/A0
                                3.00           4.60          -1.60  (VIOLATED)
       PIN :   analyzer/U2260/A0
                                3.00           4.60          -1.60  (VIOLATED)
       PIN :   analyzer/U2257/A0
                                3.00           4.60          -1.60  (VIOLATED)
       PIN :   analyzer/U2254/A0
                                3.00           4.60          -1.60  (VIOLATED)
       PIN :   analyzer/U185/A1
                                3.00           4.60          -1.60  (VIOLATED)
       PIN :   analyzer/U11/B1
                                3.00           4.60          -1.60  (VIOLATED)
       PIN :   analyzer/U2734/Y
                                3.00           4.60          -1.60  (VIOLATED)
   analyzer/n251                3.00           4.14          -1.14  (VIOLATED)
       PIN :   analyzer/U1770/A1N
                                3.00           4.14          -1.14  (VIOLATED)
       PIN :   analyzer/U1745/C
                                3.00           4.14          -1.14  (VIOLATED)
       PIN :   analyzer/U1670/D
                                3.00           4.14          -1.14  (VIOLATED)
       PIN :   analyzer/U1251/S0
                                3.00           4.14          -1.14  (VIOLATED)
       PIN :   analyzer/U1249/S0
                                3.00           4.14          -1.14  (VIOLATED)
       PIN :   analyzer/U1247/S0
                                3.00           4.14          -1.14  (VIOLATED)
       PIN :   analyzer/U1244/S0
                                3.00           4.14          -1.14  (VIOLATED)
       PIN :   analyzer/U1242/S0
                                3.00           4.14          -1.14  (VIOLATED)
       PIN :   analyzer/U1240/S0
                                3.00           4.14          -1.14  (VIOLATED)
       PIN :   analyzer/U1237/S0
                                3.00           4.14          -1.14  (VIOLATED)
       PIN :   analyzer/U1235/S0
                                3.00           4.14          -1.14  (VIOLATED)
       PIN :   analyzer/U1233/S0
                                3.00           4.14          -1.14  (VIOLATED)
       PIN :   analyzer/U1230/S0
                                3.00           4.14          -1.14  (VIOLATED)
       PIN :   analyzer/U172/B
                                3.00           4.14          -1.14  (VIOLATED)
       PIN :   analyzer/U98/B1
                                3.00           4.14          -1.14  (VIOLATED)
       PIN :   analyzer/U1790/Y
                                3.00           4.14          -1.14  (VIOLATED)
   analyzer/n177                3.00           4.10          -1.10  (VIOLATED)
       PIN :   analyzer/U2464/B0
                                3.00           4.10          -1.10  (VIOLATED)
       PIN :   analyzer/U2433/A0
                                3.00           4.10          -1.10  (VIOLATED)
       PIN :   analyzer/U2430/A
                                3.00           4.10          -1.10  (VIOLATED)
       PIN :   analyzer/U1967/S0
                                3.00           4.10          -1.10  (VIOLATED)
       PIN :   analyzer/U1964/S0
                                3.00           4.10          -1.10  (VIOLATED)
       PIN :   analyzer/U1962/S0
                                3.00           4.10          -1.10  (VIOLATED)
       PIN :   analyzer/U1959/S0
                                3.00           4.10          -1.10  (VIOLATED)
       PIN :   analyzer/U1957/S0
                                3.00           4.10          -1.10  (VIOLATED)
       PIN :   analyzer/U1952/S0
                                3.00           4.10          -1.10  (VIOLATED)
       PIN :   analyzer/U1949/S0
                                3.00           4.10          -1.10  (VIOLATED)
       PIN :   analyzer/U1946/S0
                                3.00           4.10          -1.10  (VIOLATED)
       PIN :   analyzer/U1942/S0
                                3.00           4.10          -1.10  (VIOLATED)
       PIN :   analyzer/U1937/S0
                                3.00           4.10          -1.10  (VIOLATED)
       PIN :   analyzer/U65/B
                                3.00           4.10          -1.10  (VIOLATED)
       PIN :   analyzer/U2465/Y
                                3.00           4.10          -1.10  (VIOLATED)
   analyzer/n684                3.00           4.05          -1.05  (VIOLATED)
       PIN :   analyzer/U566/B0
                                3.00           4.05          -1.05  (VIOLATED)
       PIN :   analyzer/U564/B0
                                3.00           4.05          -1.05  (VIOLATED)
       PIN :   analyzer/U561/B0
                                3.00           4.05          -1.05  (VIOLATED)
       PIN :   analyzer/U559/B0
                                3.00           4.05          -1.05  (VIOLATED)
       PIN :   analyzer/U557/B0
                                3.00           4.05          -1.05  (VIOLATED)
       PIN :   analyzer/U554/B0
                                3.00           4.05          -1.05  (VIOLATED)
       PIN :   analyzer/U552/B0
                                3.00           4.05          -1.05  (VIOLATED)
       PIN :   analyzer/U549/B0
                                3.00           4.05          -1.05  (VIOLATED)
       PIN :   analyzer/U547/B0
                                3.00           4.05          -1.05  (VIOLATED)
       PIN :   analyzer/U545/B0
                                3.00           4.05          -1.05  (VIOLATED)
       PIN :   analyzer/U480/B1
                                3.00           4.05          -1.05  (VIOLATED)
       PIN :   analyzer/U418/A
                                3.00           4.05          -1.05  (VIOLATED)
       PIN :   analyzer/U567/Y
                                3.00           4.05          -1.05  (VIOLATED)
   analyzer/n281                3.00           3.89          -0.89  (VIOLATED)
       PIN :   analyzer/U1670/B
                                3.00           3.89          -0.89  (VIOLATED)
       PIN :   analyzer/U1271/S0
                                3.00           3.89          -0.89  (VIOLATED)
       PIN :   analyzer/U1269/S0
                                3.00           3.89          -0.89  (VIOLATED)
       PIN :   analyzer/U1267/S0
                                3.00           3.89          -0.89  (VIOLATED)
       PIN :   analyzer/U1265/S0
                                3.00           3.89          -0.89  (VIOLATED)
       PIN :   analyzer/U1262/S0
                                3.00           3.89          -0.89  (VIOLATED)
       PIN :   analyzer/U1260/S0
                                3.00           3.89          -0.89  (VIOLATED)
       PIN :   analyzer/U1258/S0
                                3.00           3.89          -0.89  (VIOLATED)
       PIN :   analyzer/U1203/S0
                                3.00           3.89          -0.89  (VIOLATED)
       PIN :   analyzer/U1201/S0
                                3.00           3.89          -0.89  (VIOLATED)
       PIN :   analyzer/U1199/S0
                                3.00           3.89          -0.89  (VIOLATED)
       PIN :   analyzer/U431/C
                                3.00           3.89          -0.89  (VIOLATED)
       PIN :   analyzer/U114/A1
                                3.00           3.89          -0.89  (VIOLATED)
       PIN :   analyzer/U1673/Y
                                3.00           3.89          -0.89  (VIOLATED)
   analyzer/n716                3.00           3.81          -0.81  (VIOLATED)
       PIN :   analyzer/U1494/A1
                                3.00           3.81          -0.81  (VIOLATED)
       PIN :   analyzer/U1491/A1
                                3.00           3.81          -0.81  (VIOLATED)
       PIN :   analyzer/U1354/A1
                                3.00           3.81          -0.81  (VIOLATED)
       PIN :   analyzer/U1351/A1
                                3.00           3.81          -0.81  (VIOLATED)
       PIN :   analyzer/U1349/A1
                                3.00           3.81          -0.81  (VIOLATED)
       PIN :   analyzer/U1346/A1
                                3.00           3.81          -0.81  (VIOLATED)
       PIN :   analyzer/U1344/A1
                                3.00           3.81          -0.81  (VIOLATED)
       PIN :   analyzer/U1341/A1
                                3.00           3.81          -0.81  (VIOLATED)
       PIN :   analyzer/U1339/A1
                                3.00           3.81          -0.81  (VIOLATED)
       PIN :   analyzer/U1337/A1
                                3.00           3.81          -0.81  (VIOLATED)
       PIN :   analyzer/U452/A
                                3.00           3.81          -0.81  (VIOLATED)
       PIN :   analyzer/U1495/Y
                                3.00           3.81          -0.81  (VIOLATED)
   analyzer/n1384               3.00           3.79          -0.79  (VIOLATED)
       PIN :   analyzer/U1063/A
                                3.00           3.79          -0.79  (VIOLATED)
       PIN :   analyzer/U1062/A1
                                3.00           3.79          -0.79  (VIOLATED)
       PIN :   analyzer/U1059/A1
                                3.00           3.79          -0.79  (VIOLATED)
       PIN :   analyzer/U1056/A1
                                3.00           3.79          -0.79  (VIOLATED)
       PIN :   analyzer/U1052/A1
                                3.00           3.79          -0.79  (VIOLATED)
       PIN :   analyzer/U1049/A1
                                3.00           3.79          -0.79  (VIOLATED)
       PIN :   analyzer/U1046/A1
                                3.00           3.79          -0.79  (VIOLATED)
       PIN :   analyzer/U1043/A1
                                3.00           3.79          -0.79  (VIOLATED)
       PIN :   analyzer/U1039/A1
                                3.00           3.79          -0.79  (VIOLATED)
       PIN :   analyzer/U1036/A1
                                3.00           3.79          -0.79  (VIOLATED)
       PIN :   analyzer/U1033/A1
                                3.00           3.79          -0.79  (VIOLATED)
       PIN :   analyzer/U1064/Y
                                3.00           3.79          -0.79  (VIOLATED)
   view/n296                    3.00           3.74          -0.74  (VIOLATED)
       PIN :   view/U894/B      3.00           3.74          -0.74  (VIOLATED)
       PIN :   view/U882/B      3.00           3.74          -0.74  (VIOLATED)
       PIN :   view/U830/B      3.00           3.74          -0.74  (VIOLATED)
       PIN :   view/U828/A      3.00           3.74          -0.74  (VIOLATED)
       PIN :   view/U759/B      3.00           3.74          -0.74  (VIOLATED)
       PIN :   view/U675/B      3.00           3.74          -0.74  (VIOLATED)
       PIN :   view/U591/B      3.00           3.74          -0.74  (VIOLATED)
       PIN :   view/U507/B      3.00           3.74          -0.74  (VIOLATED)
       PIN :   view/U423/B      3.00           3.74          -0.74  (VIOLATED)
       PIN :   view/U339/B      3.00           3.74          -0.74  (VIOLATED)
       PIN :   view/U895/Y      3.00           3.74          -0.74  (VIOLATED)
   analyzer/n1315               3.00           3.71          -0.71  (VIOLATED)
       PIN :   analyzer/U1388/A1
                                3.00           3.71          -0.71  (VIOLATED)
       PIN :   analyzer/U1342/AN
                                3.00           3.71          -0.71  (VIOLATED)
       PIN :   analyzer/U1164/A0
                                3.00           3.71          -0.71  (VIOLATED)
       PIN :   analyzer/U1140/B
                                3.00           3.71          -0.71  (VIOLATED)
       PIN :   analyzer/U1139/A0
                                3.00           3.71          -0.71  (VIOLATED)
       PIN :   analyzer/U1136/A0
                                3.00           3.71          -0.71  (VIOLATED)
       PIN :   analyzer/U1133/A0
                                3.00           3.71          -0.71  (VIOLATED)
       PIN :   analyzer/U1131/A0
                                3.00           3.71          -0.71  (VIOLATED)
       PIN :   analyzer/U1127/A0
                                3.00           3.71          -0.71  (VIOLATED)
       PIN :   analyzer/U1124/A0
                                3.00           3.71          -0.71  (VIOLATED)
       PIN :   analyzer/U1024/A0
                                3.00           3.71          -0.71  (VIOLATED)
       PIN :   analyzer/U984/A0
                                3.00           3.71          -0.71  (VIOLATED)
       PIN :   analyzer/U982/A0
                                3.00           3.71          -0.71  (VIOLATED)
       PIN :   analyzer/U980/A0
                                3.00           3.71          -0.71  (VIOLATED)
       PIN :   analyzer/U1389/Y
                                3.00           3.71          -0.71  (VIOLATED)
   analyzer/n728                3.00           3.70          -0.70  (VIOLATED)
       PIN :   analyzer/U1885/B1
                                3.00           3.70          -0.70  (VIOLATED)
       PIN :   analyzer/U1883/B1
                                3.00           3.70          -0.70  (VIOLATED)
       PIN :   analyzer/U1881/B1
                                3.00           3.70          -0.70  (VIOLATED)
       PIN :   analyzer/U1879/B1
                                3.00           3.70          -0.70  (VIOLATED)
       PIN :   analyzer/U1876/B1
                                3.00           3.70          -0.70  (VIOLATED)
       PIN :   analyzer/U1874/B1
                                3.00           3.70          -0.70  (VIOLATED)
       PIN :   analyzer/U1869/B1
                                3.00           3.70          -0.70  (VIOLATED)
       PIN :   analyzer/U1867/B1
                                3.00           3.70          -0.70  (VIOLATED)
       PIN :   analyzer/U1865/B1
                                3.00           3.70          -0.70  (VIOLATED)
       PIN :   analyzer/U1863/B1
                                3.00           3.70          -0.70  (VIOLATED)
       PIN :   analyzer/U468/AN
                                3.00           3.70          -0.70  (VIOLATED)
       PIN :   analyzer/U1886/Y
                                3.00           3.70          -0.70  (VIOLATED)
   analyzer/n998                3.00           3.70          -0.70  (VIOLATED)
       PIN :   analyzer/U810/AN
                                3.00           3.70          -0.70  (VIOLATED)
       PIN :   analyzer/U718/B0
                                3.00           3.70          -0.70  (VIOLATED)
       PIN :   analyzer/U716/B0
                                3.00           3.70          -0.70  (VIOLATED)
       PIN :   analyzer/U714/B0
                                3.00           3.70          -0.70  (VIOLATED)
       PIN :   analyzer/U712/B0
                                3.00           3.70          -0.70  (VIOLATED)
       PIN :   analyzer/U710/B0
                                3.00           3.70          -0.70  (VIOLATED)
       PIN :   analyzer/U707/B0
                                3.00           3.70          -0.70  (VIOLATED)
       PIN :   analyzer/U705/B0
                                3.00           3.70          -0.70  (VIOLATED)
       PIN :   analyzer/U703/B0
                                3.00           3.70          -0.70  (VIOLATED)
       PIN :   analyzer/U700/B0
                                3.00           3.70          -0.70  (VIOLATED)
       PIN :   analyzer/U698/B0
                                3.00           3.70          -0.70  (VIOLATED)
       PIN :   analyzer/U811/Y
                                3.00           3.70          -0.70  (VIOLATED)
   analyzer/n2709               3.00           3.69          -0.69  (VIOLATED)
       PIN :   analyzer/U2775/B
                                3.00           3.69          -0.69  (VIOLATED)
       PIN :   analyzer/U2773/B
                                3.00           3.69          -0.69  (VIOLATED)
       PIN :   analyzer/U2770/B
                                3.00           3.69          -0.69  (VIOLATED)
       PIN :   analyzer/U2767/B
                                3.00           3.69          -0.69  (VIOLATED)
       PIN :   analyzer/U2764/B
                                3.00           3.69          -0.69  (VIOLATED)
       PIN :   analyzer/U2760/B
                                3.00           3.69          -0.69  (VIOLATED)
       PIN :   analyzer/U2757/B
                                3.00           3.69          -0.69  (VIOLATED)
       PIN :   analyzer/U2754/B
                                3.00           3.69          -0.69  (VIOLATED)
       PIN :   analyzer/U2747/A
                                3.00           3.69          -0.69  (VIOLATED)
       PIN :   analyzer/U2746/A0
                                3.00           3.69          -0.69  (VIOLATED)
       PIN :   analyzer/U2729/B
                                3.00           3.69          -0.69  (VIOLATED)
       PIN :   analyzer/U2726/B
                                3.00           3.69          -0.69  (VIOLATED)
       PIN :   analyzer/U2632/B
                                3.00           3.69          -0.69  (VIOLATED)
       PIN :   analyzer/U2630/B
                                3.00           3.69          -0.69  (VIOLATED)
       PIN :   analyzer/U2627/B
                                3.00           3.69          -0.69  (VIOLATED)
       PIN :   analyzer/U2624/B
                                3.00           3.69          -0.69  (VIOLATED)
       PIN :   analyzer/U2621/B
                                3.00           3.69          -0.69  (VIOLATED)
       PIN :   analyzer/U2617/B
                                3.00           3.69          -0.69  (VIOLATED)
       PIN :   analyzer/U2614/B
                                3.00           3.69          -0.69  (VIOLATED)
       PIN :   analyzer/U2611/B
                                3.00           3.69          -0.69  (VIOLATED)
       PIN :   analyzer/U2607/B
                                3.00           3.69          -0.69  (VIOLATED)
       PIN :   analyzer/U2604/B
                                3.00           3.69          -0.69  (VIOLATED)
       PIN :   analyzer/U2776/Y
                                3.00           3.69          -0.69  (VIOLATED)
   analyzer/n275                3.00           3.65          -0.65  (VIOLATED)
       PIN :   analyzer/U1204/AN
                                3.00           3.65          -0.65  (VIOLATED)
       PIN :   analyzer/U923/S0
                                3.00           3.65          -0.65  (VIOLATED)
       PIN :   analyzer/U921/S0
                                3.00           3.65          -0.65  (VIOLATED)
       PIN :   analyzer/U919/S0
                                3.00           3.65          -0.65  (VIOLATED)
       PIN :   analyzer/U916/S0
                                3.00           3.65          -0.65  (VIOLATED)
       PIN :   analyzer/U914/S0
                                3.00           3.65          -0.65  (VIOLATED)
       PIN :   analyzer/U912/S0
                                3.00           3.65          -0.65  (VIOLATED)
       PIN :   analyzer/U910/S0
                                3.00           3.65          -0.65  (VIOLATED)
       PIN :   analyzer/U907/S0
                                3.00           3.65          -0.65  (VIOLATED)
       PIN :   analyzer/U905/S0
                                3.00           3.65          -0.65  (VIOLATED)
       PIN :   analyzer/U903/S0
                                3.00           3.65          -0.65  (VIOLATED)
       PIN :   analyzer/U414/A2
                                3.00           3.65          -0.65  (VIOLATED)
       PIN :   analyzer/U111/A0
                                3.00           3.65          -0.65  (VIOLATED)
       PIN :   analyzer/U1252/Y
                                3.00           3.65          -0.65  (VIOLATED)
   view/n205                    3.00           3.50          -0.50  (VIOLATED)
       PIN :   view/U333/A0     3.00           3.50          -0.50  (VIOLATED)
       PIN :   view/U331/A0     3.00           3.50          -0.50  (VIOLATED)
       PIN :   view/U327/A0     3.00           3.50          -0.50  (VIOLATED)
       PIN :   view/U323/A0     3.00           3.50          -0.50  (VIOLATED)
       PIN :   view/U317/A0     3.00           3.50          -0.50  (VIOLATED)
       PIN :   view/U313/A      3.00           3.50          -0.50  (VIOLATED)
       PIN :   view/U309/A0     3.00           3.50          -0.50  (VIOLATED)
       PIN :   view/U300/A0     3.00           3.50          -0.50  (VIOLATED)
       PIN :   view/U298/A0     3.00           3.50          -0.50  (VIOLATED)
       PIN :   view/U295/A0     3.00           3.50          -0.50  (VIOLATED)
       PIN :   view/U293/A0     3.00           3.50          -0.50  (VIOLATED)
       PIN :   view/U289/A0     3.00           3.50          -0.50  (VIOLATED)
       PIN :   view/U284/A0     3.00           3.50          -0.50  (VIOLATED)
       PIN :   view/U335/Y      3.00           3.50          -0.50  (VIOLATED)
   view/n332                    3.00           3.50          -0.50  (VIOLATED)
       PIN :   view/U417/A0     3.00           3.50          -0.50  (VIOLATED)
       PIN :   view/U415/A0     3.00           3.50          -0.50  (VIOLATED)
       PIN :   view/U411/A0     3.00           3.50          -0.50  (VIOLATED)
       PIN :   view/U407/A0     3.00           3.50          -0.50  (VIOLATED)
       PIN :   view/U401/A0     3.00           3.50          -0.50  (VIOLATED)
       PIN :   view/U397/A      3.00           3.50          -0.50  (VIOLATED)
       PIN :   view/U393/A0     3.00           3.50          -0.50  (VIOLATED)
       PIN :   view/U384/A0     3.00           3.50          -0.50  (VIOLATED)
       PIN :   view/U382/A0     3.00           3.50          -0.50  (VIOLATED)
       PIN :   view/U379/A0     3.00           3.50          -0.50  (VIOLATED)
       PIN :   view/U377/A0     3.00           3.50          -0.50  (VIOLATED)
       PIN :   view/U373/A0     3.00           3.50          -0.50  (VIOLATED)
       PIN :   view/U368/A0     3.00           3.50          -0.50  (VIOLATED)
       PIN :   view/U419/Y      3.00           3.50          -0.50  (VIOLATED)
   view/n415                    3.00           3.50          -0.50  (VIOLATED)
       PIN :   view/U501/A0     3.00           3.50          -0.50  (VIOLATED)
       PIN :   view/U499/A0     3.00           3.50          -0.50  (VIOLATED)
       PIN :   view/U495/A0     3.00           3.50          -0.50  (VIOLATED)
       PIN :   view/U491/A0     3.00           3.50          -0.50  (VIOLATED)
       PIN :   view/U485/A0     3.00           3.50          -0.50  (VIOLATED)
       PIN :   view/U481/A      3.00           3.50          -0.50  (VIOLATED)
       PIN :   view/U477/A0     3.00           3.50          -0.50  (VIOLATED)
       PIN :   view/U468/A0     3.00           3.50          -0.50  (VIOLATED)
       PIN :   view/U466/A0     3.00           3.50          -0.50  (VIOLATED)
       PIN :   view/U463/A0     3.00           3.50          -0.50  (VIOLATED)
       PIN :   view/U461/A0     3.00           3.50          -0.50  (VIOLATED)
       PIN :   view/U457/A0     3.00           3.50          -0.50  (VIOLATED)
       PIN :   view/U452/A0     3.00           3.50          -0.50  (VIOLATED)
       PIN :   view/U503/Y      3.00           3.50          -0.50  (VIOLATED)
   view/n498                    3.00           3.50          -0.50  (VIOLATED)
       PIN :   view/U585/A0     3.00           3.50          -0.50  (VIOLATED)
       PIN :   view/U583/A0     3.00           3.50          -0.50  (VIOLATED)
       PIN :   view/U579/A0     3.00           3.50          -0.50  (VIOLATED)
       PIN :   view/U575/A0     3.00           3.50          -0.50  (VIOLATED)
       PIN :   view/U569/A0     3.00           3.50          -0.50  (VIOLATED)
       PIN :   view/U565/A      3.00           3.50          -0.50  (VIOLATED)
       PIN :   view/U561/A0     3.00           3.50          -0.50  (VIOLATED)
       PIN :   view/U552/A0     3.00           3.50          -0.50  (VIOLATED)
       PIN :   view/U550/A0     3.00           3.50          -0.50  (VIOLATED)
       PIN :   view/U547/A0     3.00           3.50          -0.50  (VIOLATED)
       PIN :   view/U545/A0     3.00           3.50          -0.50  (VIOLATED)
       PIN :   view/U541/A0     3.00           3.50          -0.50  (VIOLATED)
       PIN :   view/U536/A0     3.00           3.50          -0.50  (VIOLATED)
       PIN :   view/U587/Y      3.00           3.50          -0.50  (VIOLATED)
   view/n581                    3.00           3.50          -0.50  (VIOLATED)
       PIN :   view/U669/A0     3.00           3.50          -0.50  (VIOLATED)
       PIN :   view/U667/A0     3.00           3.50          -0.50  (VIOLATED)
       PIN :   view/U663/A0     3.00           3.50          -0.50  (VIOLATED)
       PIN :   view/U659/A0     3.00           3.50          -0.50  (VIOLATED)
       PIN :   view/U653/A0     3.00           3.50          -0.50  (VIOLATED)
       PIN :   view/U649/A      3.00           3.50          -0.50  (VIOLATED)
       PIN :   view/U645/A0     3.00           3.50          -0.50  (VIOLATED)
       PIN :   view/U636/A0     3.00           3.50          -0.50  (VIOLATED)
       PIN :   view/U634/A0     3.00           3.50          -0.50  (VIOLATED)
       PIN :   view/U631/A0     3.00           3.50          -0.50  (VIOLATED)
       PIN :   view/U629/A0     3.00           3.50          -0.50  (VIOLATED)
       PIN :   view/U625/A0     3.00           3.50          -0.50  (VIOLATED)
       PIN :   view/U620/A0     3.00           3.50          -0.50  (VIOLATED)
       PIN :   view/U671/Y      3.00           3.50          -0.50  (VIOLATED)
   view/n664                    3.00           3.50          -0.50  (VIOLATED)
       PIN :   view/U753/A0     3.00           3.50          -0.50  (VIOLATED)
       PIN :   view/U751/A0     3.00           3.50          -0.50  (VIOLATED)
       PIN :   view/U747/A0     3.00           3.50          -0.50  (VIOLATED)
       PIN :   view/U743/A0     3.00           3.50          -0.50  (VIOLATED)
       PIN :   view/U737/A0     3.00           3.50          -0.50  (VIOLATED)
       PIN :   view/U733/A      3.00           3.50          -0.50  (VIOLATED)
       PIN :   view/U729/A0     3.00           3.50          -0.50  (VIOLATED)
       PIN :   view/U720/A0     3.00           3.50          -0.50  (VIOLATED)
       PIN :   view/U718/A0     3.00           3.50          -0.50  (VIOLATED)
       PIN :   view/U715/A0     3.00           3.50          -0.50  (VIOLATED)
       PIN :   view/U713/A0     3.00           3.50          -0.50  (VIOLATED)
       PIN :   view/U709/A0     3.00           3.50          -0.50  (VIOLATED)
       PIN :   view/U704/A0     3.00           3.50          -0.50  (VIOLATED)
       PIN :   view/U755/Y      3.00           3.50          -0.50  (VIOLATED)
   view/n747                    3.00           3.50          -0.50  (VIOLATED)
       PIN :   view/U875/A0     3.00           3.50          -0.50  (VIOLATED)
       PIN :   view/U871/A0     3.00           3.50          -0.50  (VIOLATED)
       PIN :   view/U865/A0     3.00           3.50          -0.50  (VIOLATED)
       PIN :   view/U859/A0     3.00           3.50          -0.50  (VIOLATED)
       PIN :   view/U853/A0     3.00           3.50          -0.50  (VIOLATED)
       PIN :   view/U843/A      3.00           3.50          -0.50  (VIOLATED)
       PIN :   view/U834/A0     3.00           3.50          -0.50  (VIOLATED)
       PIN :   view/U821/A0     3.00           3.50          -0.50  (VIOLATED)
       PIN :   view/U817/A0     3.00           3.50          -0.50  (VIOLATED)
       PIN :   view/U812/A0     3.00           3.50          -0.50  (VIOLATED)
       PIN :   view/U808/A0     3.00           3.50          -0.50  (VIOLATED)
       PIN :   view/U804/A0     3.00           3.50          -0.50  (VIOLATED)
       PIN :   view/U788/A0     3.00           3.50          -0.50  (VIOLATED)
       PIN :   view/U877/Y      3.00           3.50          -0.50  (VIOLATED)
   analyzer/n2462               3.00           3.50          -0.50  (VIOLATED)
       PIN :   analyzer/U2473/B1
                                3.00           3.50          -0.50  (VIOLATED)
       PIN :   analyzer/U2462/B1
                                3.00           3.50          -0.50  (VIOLATED)
       PIN :   analyzer/U2460/B1
                                3.00           3.50          -0.50  (VIOLATED)
       PIN :   analyzer/U2458/B1
                                3.00           3.50          -0.50  (VIOLATED)
       PIN :   analyzer/U2456/B1
                                3.00           3.50          -0.50  (VIOLATED)
       PIN :   analyzer/U2452/B1
                                3.00           3.50          -0.50  (VIOLATED)
       PIN :   analyzer/U2449/B1
                                3.00           3.50          -0.50  (VIOLATED)
       PIN :   analyzer/U2446/B1
                                3.00           3.50          -0.50  (VIOLATED)
       PIN :   analyzer/U2443/B1
                                3.00           3.50          -0.50  (VIOLATED)
       PIN :   analyzer/U2440/B1
                                3.00           3.50          -0.50  (VIOLATED)
       PIN :   analyzer/U2282/B1
                                3.00           3.50          -0.50  (VIOLATED)
       PIN :   analyzer/U2275/B1
                                3.00           3.50          -0.50  (VIOLATED)
       PIN :   analyzer/U2273/B1
                                3.00           3.50          -0.50  (VIOLATED)
       PIN :   analyzer/U2271/B1
                                3.00           3.50          -0.50  (VIOLATED)
       PIN :   analyzer/U2269/B1
                                3.00           3.50          -0.50  (VIOLATED)
       PIN :   analyzer/U2266/B1
                                3.00           3.50          -0.50  (VIOLATED)
       PIN :   analyzer/U2263/B1
                                3.00           3.50          -0.50  (VIOLATED)
       PIN :   analyzer/U2260/B1
                                3.00           3.50          -0.50  (VIOLATED)
       PIN :   analyzer/U2257/B1
                                3.00           3.50          -0.50  (VIOLATED)
       PIN :   analyzer/U2254/B1
                                3.00           3.50          -0.50  (VIOLATED)
       PIN :   analyzer/U2474/Y
                                3.00           3.50          -0.50  (VIOLATED)
   analyzer/n1195               3.00           3.47          -0.47  (VIOLATED)
       PIN :   analyzer/U894/B0
                                3.00           3.47          -0.47  (VIOLATED)
       PIN :   analyzer/U891/B0
                                3.00           3.47          -0.47  (VIOLATED)
       PIN :   analyzer/U888/B0
                                3.00           3.47          -0.47  (VIOLATED)
       PIN :   analyzer/U885/B0
                                3.00           3.47          -0.47  (VIOLATED)
       PIN :   analyzer/U882/B0
                                3.00           3.47          -0.47  (VIOLATED)
       PIN :   analyzer/U878/B0
                                3.00           3.47          -0.47  (VIOLATED)
       PIN :   analyzer/U875/B0
                                3.00           3.47          -0.47  (VIOLATED)
       PIN :   analyzer/U872/B0
                                3.00           3.47          -0.47  (VIOLATED)
       PIN :   analyzer/U868/B0
                                3.00           3.47          -0.47  (VIOLATED)
       PIN :   analyzer/U865/B0
                                3.00           3.47          -0.47  (VIOLATED)
       PIN :   analyzer/U896/Y
                                3.00           3.47          -0.47  (VIOLATED)
   analyzer/n308                3.00           3.42          -0.42  (VIOLATED)
       PIN :   analyzer/U2735/A
                                3.00           3.42          -0.42  (VIOLATED)
       PIN :   analyzer/U2680/B
                                3.00           3.42          -0.42  (VIOLATED)
       PIN :   analyzer/U2678/A
                                3.00           3.42          -0.42  (VIOLATED)
       PIN :   analyzer/U2641/A
                                3.00           3.42          -0.42  (VIOLATED)
       PIN :   analyzer/U2514/B1
                                3.00           3.42          -0.42  (VIOLATED)
       PIN :   analyzer/U2497/A
                                3.00           3.42          -0.42  (VIOLATED)
       PIN :   analyzer/U279/B
                                3.00           3.42          -0.42  (VIOLATED)
       PIN :   analyzer/U137/A1
                                3.00           3.42          -0.42  (VIOLATED)
       PIN :   analyzer/U126/A1
                                3.00           3.42          -0.42  (VIOLATED)
       PIN :   analyzer/U2738/Y
                                3.00           3.42          -0.42  (VIOLATED)
   analyzer/n942                3.00           3.40          -0.40  (VIOLATED)
       PIN :   analyzer/U667/B0
                                3.00           3.40          -0.40  (VIOLATED)
       PIN :   analyzer/U665/A
                                3.00           3.40          -0.40  (VIOLATED)
       PIN :   analyzer/U661/B0
                                3.00           3.40          -0.40  (VIOLATED)
       PIN :   analyzer/U657/B0
                                3.00           3.40          -0.40  (VIOLATED)
       PIN :   analyzer/U655/B0
                                3.00           3.40          -0.40  (VIOLATED)
       PIN :   analyzer/U652/B0
                                3.00           3.40          -0.40  (VIOLATED)
       PIN :   analyzer/U649/B0
                                3.00           3.40          -0.40  (VIOLATED)
       PIN :   analyzer/U646/B0
                                3.00           3.40          -0.40  (VIOLATED)
       PIN :   analyzer/U644/B0
                                3.00           3.40          -0.40  (VIOLATED)
       PIN :   analyzer/U641/B0
                                3.00           3.40          -0.40  (VIOLATED)
       PIN :   analyzer/U668/Y
                                3.00           3.40          -0.40  (VIOLATED)
   analyzer/n577                3.00           3.39          -0.39  (VIOLATED)
       PIN :   analyzer/U2373/A
                                3.00           3.39          -0.39  (VIOLATED)
       PIN :   analyzer/U2223/B
                                3.00           3.39          -0.39  (VIOLATED)
       PIN :   analyzer/U2222/B1
                                3.00           3.39          -0.39  (VIOLATED)
       PIN :   analyzer/U2220/B1
                                3.00           3.39          -0.39  (VIOLATED)
       PIN :   analyzer/U2217/B1
                                3.00           3.39          -0.39  (VIOLATED)
       PIN :   analyzer/U2215/B1
                                3.00           3.39          -0.39  (VIOLATED)
       PIN :   analyzer/U2213/B1
                                3.00           3.39          -0.39  (VIOLATED)
       PIN :   analyzer/U2210/B1
                                3.00           3.39          -0.39  (VIOLATED)
       PIN :   analyzer/U2208/B1
                                3.00           3.39          -0.39  (VIOLATED)
       PIN :   analyzer/U2204/B1
                                3.00           3.39          -0.39  (VIOLATED)
       PIN :   analyzer/U2202/B1
                                3.00           3.39          -0.39  (VIOLATED)
       PIN :   analyzer/U2200/B1
                                3.00           3.39          -0.39  (VIOLATED)
       PIN :   analyzer/U319/B1
                                3.00           3.39          -0.39  (VIOLATED)
       PIN :   analyzer/U2374/Y
                                3.00           3.39          -0.39  (VIOLATED)
   analyzer/n1602               3.00           3.39          -0.39  (VIOLATED)
       PIN :   analyzer/U1321/B1
                                3.00           3.39          -0.39  (VIOLATED)
       PIN :   analyzer/U1318/B1
                                3.00           3.39          -0.39  (VIOLATED)
       PIN :   analyzer/U1316/B1
                                3.00           3.39          -0.39  (VIOLATED)
       PIN :   analyzer/U1314/B1
                                3.00           3.39          -0.39  (VIOLATED)
       PIN :   analyzer/U1312/B1
                                3.00           3.39          -0.39  (VIOLATED)
       PIN :   analyzer/U1306/B1
                                3.00           3.39          -0.39  (VIOLATED)
       PIN :   analyzer/U1303/B1
                                3.00           3.39          -0.39  (VIOLATED)
       PIN :   analyzer/U1300/B1
                                3.00           3.39          -0.39  (VIOLATED)
       PIN :   analyzer/U1297/B1
                                3.00           3.39          -0.39  (VIOLATED)
       PIN :   analyzer/U1295/B1
                                3.00           3.39          -0.39  (VIOLATED)
       PIN :   analyzer/U1322/Y
                                3.00           3.39          -0.39  (VIOLATED)
   analyzer/n2325               3.00           3.39          -0.39  (VIOLATED)
       PIN :   analyzer/U2104/B1
                                3.00           3.39          -0.39  (VIOLATED)
       PIN :   analyzer/U2102/B1
                                3.00           3.39          -0.39  (VIOLATED)
       PIN :   analyzer/U2100/B1
                                3.00           3.39          -0.39  (VIOLATED)
       PIN :   analyzer/U2098/B1
                                3.00           3.39          -0.39  (VIOLATED)
       PIN :   analyzer/U2096/B1
                                3.00           3.39          -0.39  (VIOLATED)
       PIN :   analyzer/U2093/B1
                                3.00           3.39          -0.39  (VIOLATED)
       PIN :   analyzer/U2090/B1
                                3.00           3.39          -0.39  (VIOLATED)
       PIN :   analyzer/U2087/B1
                                3.00           3.39          -0.39  (VIOLATED)
       PIN :   analyzer/U2084/B1
                                3.00           3.39          -0.39  (VIOLATED)
       PIN :   analyzer/U2082/B1
                                3.00           3.39          -0.39  (VIOLATED)
       PIN :   analyzer/U2105/Y
                                3.00           3.39          -0.39  (VIOLATED)
   analyzer/n225                3.00           3.22          -0.22  (VIOLATED)
       PIN :   analyzer/U2803/A
                                3.00           3.22          -0.22  (VIOLATED)
       PIN :   analyzer/U2786/A
                                3.00           3.22          -0.22  (VIOLATED)
       PIN :   analyzer/U2777/A0
                                3.00           3.22          -0.22  (VIOLATED)
       PIN :   analyzer/U2749/A0
                                3.00           3.22          -0.22  (VIOLATED)
       PIN :   analyzer/U2745/B
                                3.00           3.22          -0.22  (VIOLATED)
       PIN :   analyzer/U2742/A
                                3.00           3.22          -0.22  (VIOLATED)
       PIN :   analyzer/U2495/A1
                                3.00           3.22          -0.22  (VIOLATED)
       PIN :   analyzer/U2192/B1
                                3.00           3.22          -0.22  (VIOLATED)
       PIN :   analyzer/U1856/A0
                                3.00           3.22          -0.22  (VIOLATED)
       PIN :   analyzer/U1843/B1
                                3.00           3.22          -0.22  (VIOLATED)
       PIN :   analyzer/U1483/A1N
                                3.00           3.22          -0.22  (VIOLATED)
       PIN :   analyzer/U1175/A0
                                3.00           3.22          -0.22  (VIOLATED)
       PIN :   analyzer/U1174/A0
                                3.00           3.22          -0.22  (VIOLATED)
       PIN :   analyzer/U825/B0
                                3.00           3.22          -0.22  (VIOLATED)
       PIN :   analyzer/U823/A2
                                3.00           3.22          -0.22  (VIOLATED)
       PIN :   analyzer/U819/A1
                                3.00           3.22          -0.22  (VIOLATED)
       PIN :   analyzer/U815/B1
                                3.00           3.22          -0.22  (VIOLATED)
       PIN :   analyzer/U448/B
                                3.00           3.22          -0.22  (VIOLATED)
       PIN :   analyzer/U86/B0
                                3.00           3.22          -0.22  (VIOLATED)
       PIN :   analyzer/U2831/Y
                                3.00           3.22          -0.22  (VIOLATED)
   analyzer/n1438               3.00           3.22          -0.22  (VIOLATED)
       PIN :   analyzer/U1417/B0
                                3.00           3.22          -0.22  (VIOLATED)
       PIN :   analyzer/U1115/A
                                3.00           3.22          -0.22  (VIOLATED)
       PIN :   analyzer/U1114/A1
                                3.00           3.22          -0.22  (VIOLATED)
       PIN :   analyzer/U1112/A1
                                3.00           3.22          -0.22  (VIOLATED)
       PIN :   analyzer/U1110/A1
                                3.00           3.22          -0.22  (VIOLATED)
       PIN :   analyzer/U1107/A1
                                3.00           3.22          -0.22  (VIOLATED)
       PIN :   analyzer/U1105/A1
                                3.00           3.22          -0.22  (VIOLATED)
       PIN :   analyzer/U1103/A0
                                3.00           3.22          -0.22  (VIOLATED)
       PIN :   analyzer/U1100/A1
                                3.00           3.22          -0.22  (VIOLATED)
       PIN :   analyzer/U1098/A1
                                3.00           3.22          -0.22  (VIOLATED)
       PIN :   analyzer/U1096/A1
                                3.00           3.22          -0.22  (VIOLATED)
       PIN :   analyzer/U1092/A1
                                3.00           3.22          -0.22  (VIOLATED)
       PIN :   analyzer/U1418/Y
                                3.00           3.22          -0.22  (VIOLATED)
   view_hybrid_valid[2]         3.00           3.21          -0.21  (VIOLATED)
       PIN :   analyzer/U22/A1
                                3.00           3.21          -0.21  (VIOLATED)
       PIN :   analyzer/U141/A0
                                3.00           3.21          -0.21  (VIOLATED)
       PIN :   analyzer/U182/B1
                                3.00           3.21          -0.21  (VIOLATED)
       PIN :   analyzer/U353/B1
                                3.00           3.21          -0.21  (VIOLATED)
       PIN :   analyzer/U376/A
                                3.00           3.21          -0.21  (VIOLATED)
       PIN :   analyzer/U434/B1
                                3.00           3.21          -0.21  (VIOLATED)
       PIN :   analyzer/U1481/B0
                                3.00           3.21          -0.21  (VIOLATED)
       PIN :   analyzer/U1565/B
                                3.00           3.21          -0.21  (VIOLATED)
       PIN :   analyzer/U1598/C
                                3.00           3.21          -0.21  (VIOLATED)
       PIN :   analyzer/U1656/A
                                3.00           3.21          -0.21  (VIOLATED)
       PIN :   analyzer/U1720/B
                                3.00           3.21          -0.21  (VIOLATED)
       PIN :   analyzer/U1791/S0
                                3.00           3.21          -0.21  (VIOLATED)
       PIN :   analyzer/U1804/A
                                3.00           3.21          -0.21  (VIOLATED)
       PIN :   analyzer/U1808/S0
                                3.00           3.21          -0.21  (VIOLATED)
       PIN :   analyzer/U1812/S0
                                3.00           3.21          -0.21  (VIOLATED)
       PIN :   analyzer/U1820/C
                                3.00           3.21          -0.21  (VIOLATED)
       PIN :   analyzer/U1835/B
                                3.00           3.21          -0.21  (VIOLATED)
       PIN :   analyzer/U1857/A
                                3.00           3.21          -0.21  (VIOLATED)
       PIN :   view/U607/Y      3.00           3.21          -0.21  (VIOLATED)
   view/n333                    3.00           3.19          -0.19  (VIOLATED)
       PIN :   view/U417/B0     3.00           3.19          -0.19  (VIOLATED)
       PIN :   view/U415/B0     3.00           3.19          -0.19  (VIOLATED)
       PIN :   view/U411/B0     3.00           3.19          -0.19  (VIOLATED)
       PIN :   view/U407/B0     3.00           3.19          -0.19  (VIOLATED)
       PIN :   view/U395/A0     3.00           3.19          -0.19  (VIOLATED)
       PIN :   view/U393/B0     3.00           3.19          -0.19  (VIOLATED)
       PIN :   view/U384/B0     3.00           3.19          -0.19  (VIOLATED)
       PIN :   view/U382/B0     3.00           3.19          -0.19  (VIOLATED)
       PIN :   view/U379/B0     3.00           3.19          -0.19  (VIOLATED)
       PIN :   view/U377/B0     3.00           3.19          -0.19  (VIOLATED)
       PIN :   view/U370/A0     3.00           3.19          -0.19  (VIOLATED)
       PIN :   view/U368/B0     3.00           3.19          -0.19  (VIOLATED)
       PIN :   view/U418/Y      3.00           3.19          -0.19  (VIOLATED)
   view/n416                    3.00           3.19          -0.19  (VIOLATED)
       PIN :   view/U501/B0     3.00           3.19          -0.19  (VIOLATED)
       PIN :   view/U499/B0     3.00           3.19          -0.19  (VIOLATED)
       PIN :   view/U495/B0     3.00           3.19          -0.19  (VIOLATED)
       PIN :   view/U491/B0     3.00           3.19          -0.19  (VIOLATED)
       PIN :   view/U479/A0     3.00           3.19          -0.19  (VIOLATED)
       PIN :   view/U477/B0     3.00           3.19          -0.19  (VIOLATED)
       PIN :   view/U468/B0     3.00           3.19          -0.19  (VIOLATED)
       PIN :   view/U466/B0     3.00           3.19          -0.19  (VIOLATED)
       PIN :   view/U463/B0     3.00           3.19          -0.19  (VIOLATED)
       PIN :   view/U461/B0     3.00           3.19          -0.19  (VIOLATED)
       PIN :   view/U454/A0     3.00           3.19          -0.19  (VIOLATED)
       PIN :   view/U452/B0     3.00           3.19          -0.19  (VIOLATED)
       PIN :   view/U502/Y      3.00           3.19          -0.19  (VIOLATED)
   view/n499                    3.00           3.19          -0.19  (VIOLATED)
       PIN :   view/U585/B0     3.00           3.19          -0.19  (VIOLATED)
       PIN :   view/U583/B0     3.00           3.19          -0.19  (VIOLATED)
       PIN :   view/U579/B0     3.00           3.19          -0.19  (VIOLATED)
       PIN :   view/U575/B0     3.00           3.19          -0.19  (VIOLATED)
       PIN :   view/U563/A0     3.00           3.19          -0.19  (VIOLATED)
       PIN :   view/U561/B0     3.00           3.19          -0.19  (VIOLATED)
       PIN :   view/U552/B0     3.00           3.19          -0.19  (VIOLATED)
       PIN :   view/U550/B0     3.00           3.19          -0.19  (VIOLATED)
       PIN :   view/U547/B0     3.00           3.19          -0.19  (VIOLATED)
       PIN :   view/U545/B0     3.00           3.19          -0.19  (VIOLATED)
       PIN :   view/U538/A0     3.00           3.19          -0.19  (VIOLATED)
       PIN :   view/U536/B0     3.00           3.19          -0.19  (VIOLATED)
       PIN :   view/U586/Y      3.00           3.19          -0.19  (VIOLATED)
   view/n582                    3.00           3.19          -0.19  (VIOLATED)
       PIN :   view/U669/B0     3.00           3.19          -0.19  (VIOLATED)
       PIN :   view/U667/B0     3.00           3.19          -0.19  (VIOLATED)
       PIN :   view/U663/B0     3.00           3.19          -0.19  (VIOLATED)
       PIN :   view/U659/B0     3.00           3.19          -0.19  (VIOLATED)
       PIN :   view/U647/A0     3.00           3.19          -0.19  (VIOLATED)
       PIN :   view/U645/B0     3.00           3.19          -0.19  (VIOLATED)
       PIN :   view/U636/B0     3.00           3.19          -0.19  (VIOLATED)
       PIN :   view/U634/B0     3.00           3.19          -0.19  (VIOLATED)
       PIN :   view/U631/B0     3.00           3.19          -0.19  (VIOLATED)
       PIN :   view/U629/B0     3.00           3.19          -0.19  (VIOLATED)
       PIN :   view/U622/A0     3.00           3.19          -0.19  (VIOLATED)
       PIN :   view/U620/B0     3.00           3.19          -0.19  (VIOLATED)
       PIN :   view/U670/Y      3.00           3.19          -0.19  (VIOLATED)
   view/n665                    3.00           3.19          -0.19  (VIOLATED)
       PIN :   view/U753/B0     3.00           3.19          -0.19  (VIOLATED)
       PIN :   view/U751/B0     3.00           3.19          -0.19  (VIOLATED)
       PIN :   view/U747/B0     3.00           3.19          -0.19  (VIOLATED)
       PIN :   view/U743/B0     3.00           3.19          -0.19  (VIOLATED)
       PIN :   view/U731/A0     3.00           3.19          -0.19  (VIOLATED)
       PIN :   view/U729/B0     3.00           3.19          -0.19  (VIOLATED)
       PIN :   view/U720/B0     3.00           3.19          -0.19  (VIOLATED)
       PIN :   view/U718/B0     3.00           3.19          -0.19  (VIOLATED)
       PIN :   view/U715/B0     3.00           3.19          -0.19  (VIOLATED)
       PIN :   view/U713/B0     3.00           3.19          -0.19  (VIOLATED)
       PIN :   view/U706/A0     3.00           3.19          -0.19  (VIOLATED)
       PIN :   view/U704/B0     3.00           3.19          -0.19  (VIOLATED)
       PIN :   view/U754/Y      3.00           3.19          -0.19  (VIOLATED)
   view/n748                    3.00           3.19          -0.19  (VIOLATED)
       PIN :   view/U875/B0     3.00           3.19          -0.19  (VIOLATED)
       PIN :   view/U871/B0     3.00           3.19          -0.19  (VIOLATED)
       PIN :   view/U865/B0     3.00           3.19          -0.19  (VIOLATED)
       PIN :   view/U859/B0     3.00           3.19          -0.19  (VIOLATED)
       PIN :   view/U841/A0     3.00           3.19          -0.19  (VIOLATED)
       PIN :   view/U834/B0     3.00           3.19          -0.19  (VIOLATED)
       PIN :   view/U821/B0     3.00           3.19          -0.19  (VIOLATED)
       PIN :   view/U817/B0     3.00           3.19          -0.19  (VIOLATED)
       PIN :   view/U812/B0     3.00           3.19          -0.19  (VIOLATED)
       PIN :   view/U808/B0     3.00           3.19          -0.19  (VIOLATED)
       PIN :   view/U795/A0     3.00           3.19          -0.19  (VIOLATED)
       PIN :   view/U788/B0     3.00           3.19          -0.19  (VIOLATED)
       PIN :   view/U876/Y      3.00           3.19          -0.19  (VIOLATED)
   view/n206                    3.00           3.19          -0.19  (VIOLATED)
       PIN :   view/U333/B0     3.00           3.19          -0.19  (VIOLATED)
       PIN :   view/U331/B0     3.00           3.19          -0.19  (VIOLATED)
       PIN :   view/U327/B0     3.00           3.19          -0.19  (VIOLATED)
       PIN :   view/U323/B0     3.00           3.19          -0.19  (VIOLATED)
       PIN :   view/U311/A2     3.00           3.19          -0.19  (VIOLATED)
       PIN :   view/U309/B0     3.00           3.19          -0.19  (VIOLATED)
       PIN :   view/U300/B0     3.00           3.19          -0.19  (VIOLATED)
       PIN :   view/U298/B0     3.00           3.19          -0.19  (VIOLATED)
       PIN :   view/U295/B0     3.00           3.19          -0.19  (VIOLATED)
       PIN :   view/U293/B0     3.00           3.19          -0.19  (VIOLATED)
       PIN :   view/U286/A2     3.00           3.19          -0.19  (VIOLATED)
       PIN :   view/U284/B0     3.00           3.19          -0.19  (VIOLATED)
       PIN :   view/U334/Y      3.00           3.19          -0.19  (VIOLATED)
   view_hybrid_valid[3]         3.00           3.18          -0.18  (VIOLATED)
       PIN :   analyzer/U63/A1N
                                3.00           3.18          -0.18  (VIOLATED)
       PIN :   analyzer/U129/A0
                                3.00           3.18          -0.18  (VIOLATED)
       PIN :   analyzer/U172/A
                                3.00           3.18          -0.18  (VIOLATED)
       PIN :   analyzer/U289/A
                                3.00           3.18          -0.18  (VIOLATED)
       PIN :   analyzer/U302/C
                                3.00           3.18          -0.18  (VIOLATED)
       PIN :   analyzer/U374/A
                                3.00           3.18          -0.18  (VIOLATED)
       PIN :   analyzer/U431/B
                                3.00           3.18          -0.18  (VIOLATED)
       PIN :   analyzer/U455/B0
                                3.00           3.18          -0.18  (VIOLATED)
       PIN :   analyzer/U462/A0
                                3.00           3.18          -0.18  (VIOLATED)
       PIN :   analyzer/U464/A
                                3.00           3.18          -0.18  (VIOLATED)
       PIN :   analyzer/U1224/S0
                                3.00           3.18          -0.18  (VIOLATED)
       PIN :   analyzer/U1324/B
                                3.00           3.18          -0.18  (VIOLATED)
       PIN :   analyzer/U1442/B
                                3.00           3.18          -0.18  (VIOLATED)
       PIN :   analyzer/U1446/S0
                                3.00           3.18          -0.18  (VIOLATED)
       PIN :   analyzer/U1449/S0
                                3.00           3.18          -0.18  (VIOLATED)
       PIN :   analyzer/U1476/A
                                3.00           3.18          -0.18  (VIOLATED)
       PIN :   analyzer/U1486/A
                                3.00           3.18          -0.18  (VIOLATED)
       PIN :   analyzer/U1496/A
                                3.00           3.18          -0.18  (VIOLATED)
       PIN :   view/U523/Y      3.00           3.18          -0.18  (VIOLATED)

   -----------------------------------------------------------------
   Total                      47                -53.52  

   max_fanout

                             Required        Actual
   Net                        Fanout         Fanout          Slack
   -----------------------------------------------------------------
   analyzer/n32                10.00          26.00         -16.00  (VIOLATED)
   view/n56                    10.00          23.00         -13.00  (VIOLATED)
   analyzer/n2709              10.00          22.00         -12.00  (VIOLATED)
   view/n53                    10.00          22.00         -12.00  (VIOLATED)
   view/n54                    10.00          22.00         -12.00  (VIOLATED)
   view/n55                    10.00          22.00         -12.00  (VIOLATED)
   view/n57                    10.00          22.00         -12.00  (VIOLATED)
   view/n58                    10.00          22.00         -12.00  (VIOLATED)
   view/n59                    10.00          22.00         -12.00  (VIOLATED)
   view/n299                   10.00          21.00         -11.00  (VIOLATED)
   analyzer/n2462              10.00          20.00         -10.00  (VIOLATED)
   analyzer/n225               10.00          19.00          -9.00  (VIOLATED)
   view_hybrid_valid[2]        10.00          18.00          -8.00  (VIOLATED)
   view_hybrid_valid[3]        10.00          18.00          -8.00  (VIOLATED)
   view/n64                    10.00          17.00          -7.00  (VIOLATED)
   analyzer/n207               10.00          15.00          -5.00  (VIOLATED)
   analyzer/n251               10.00          15.00          -5.00  (VIOLATED)
   view/n201                   10.00          15.00          -5.00  (VIOLATED)
   view/n203                   10.00          15.00          -5.00  (VIOLATED)
   view/n305                   10.00          15.00          -5.00  (VIOLATED)
   view/n329                   10.00          15.00          -5.00  (VIOLATED)
   view/n330                   10.00          15.00          -5.00  (VIOLATED)
   view/n412                   10.00          15.00          -5.00  (VIOLATED)
   view/n413                   10.00          15.00          -5.00  (VIOLATED)
   view/n495                   10.00          15.00          -5.00  (VIOLATED)
   view/n496                   10.00          15.00          -5.00  (VIOLATED)
   view/n578                   10.00          15.00          -5.00  (VIOLATED)
   view/n579                   10.00          15.00          -5.00  (VIOLATED)
   view/n661                   10.00          15.00          -5.00  (VIOLATED)
   view/n662                   10.00          15.00          -5.00  (VIOLATED)
   view/n744                   10.00          15.00          -5.00  (VIOLATED)
   view/n745                   10.00          15.00          -5.00  (VIOLATED)
   view_hybrid_valid[1]        10.00          15.00          -5.00  (VIOLATED)
   analyzer/n177               10.00          14.00          -4.00  (VIOLATED)
   analyzer/n197               10.00          14.00          -4.00  (VIOLATED)
   analyzer/n412               10.00          14.00          -4.00  (VIOLATED)
   analyzer/n612               10.00          14.00          -4.00  (VIOLATED)
   analyzer/n663               10.00          14.00          -4.00  (VIOLATED)
   analyzer/n756               10.00          14.00          -4.00  (VIOLATED)
   analyzer/n1315              10.00          14.00          -4.00  (VIOLATED)
   analyzer/n1640              10.00          14.00          -4.00  (VIOLATED)
   active_cfg[1]               10.00          13.00          -3.00  (VIOLATED)
   analyzer/n239               10.00          13.00          -3.00  (VIOLATED)
   analyzer/n240               10.00          13.00          -3.00  (VIOLATED)
   analyzer/n275               10.00          13.00          -3.00  (VIOLATED)
   analyzer/n281               10.00          13.00          -3.00  (VIOLATED)
   analyzer/n377               10.00          13.00          -3.00  (VIOLATED)
   analyzer/n514               10.00          13.00          -3.00  (VIOLATED)
   analyzer/n577               10.00          13.00          -3.00  (VIOLATED)
   analyzer/n630               10.00          13.00          -3.00  (VIOLATED)
   analyzer/n704               10.00          13.00          -3.00  (VIOLATED)
   analyzer/n771               10.00          13.00          -3.00  (VIOLATED)
   analyzer/n809               10.00          13.00          -3.00  (VIOLATED)
   analyzer/n1285              10.00          13.00          -3.00  (VIOLATED)
   analyzer/n1508              10.00          13.00          -3.00  (VIOLATED)
   analyzer/n2115              10.00          13.00          -3.00  (VIOLATED)
   view/n205                   10.00          13.00          -3.00  (VIOLATED)
   view/n332                   10.00          13.00          -3.00  (VIOLATED)
   view/n415                   10.00          13.00          -3.00  (VIOLATED)
   view/n498                   10.00          13.00          -3.00  (VIOLATED)
   view/n581                   10.00          13.00          -3.00  (VIOLATED)
   view/n664                   10.00          13.00          -3.00  (VIOLATED)
   view/n747                   10.00          13.00          -3.00  (VIOLATED)
   analyzer/n84                10.00          12.00          -2.00  (VIOLATED)
   analyzer/n358               10.00          12.00          -2.00  (VIOLATED)
   analyzer/n536               10.00          12.00          -2.00  (VIOLATED)
   analyzer/n551               10.00          12.00          -2.00  (VIOLATED)
   analyzer/n555               10.00          12.00          -2.00  (VIOLATED)
   analyzer/n684               10.00          12.00          -2.00  (VIOLATED)
   analyzer/n699               10.00          12.00          -2.00  (VIOLATED)
   analyzer/n717               10.00          12.00          -2.00  (VIOLATED)
   analyzer/n759               10.00          12.00          -2.00  (VIOLATED)
   analyzer/n1194              10.00          12.00          -2.00  (VIOLATED)
   analyzer/n1438              10.00          12.00          -2.00  (VIOLATED)
   analyzer/n1872              10.00          12.00          -2.00  (VIOLATED)
   analyzer/n2262              10.00          12.00          -2.00  (VIOLATED)
   analyzer/n2323              10.00          12.00          -2.00  (VIOLATED)
   n86                         10.00          12.00          -2.00  (VIOLATED)
   n87                         10.00          12.00          -2.00  (VIOLATED)
   n88                         10.00          12.00          -2.00  (VIOLATED)
   n89                         10.00          12.00          -2.00  (VIOLATED)
   n90                         10.00          12.00          -2.00  (VIOLATED)
   n91                         10.00          12.00          -2.00  (VIOLATED)
   n92                         10.00          12.00          -2.00  (VIOLATED)
   n93                         10.00          12.00          -2.00  (VIOLATED)
   n94                         10.00          12.00          -2.00  (VIOLATED)
   n95                         10.00          12.00          -2.00  (VIOLATED)
   n96                         10.00          12.00          -2.00  (VIOLATED)
   n97                         10.00          12.00          -2.00  (VIOLATED)
   n98                         10.00          12.00          -2.00  (VIOLATED)
   n99                         10.00          12.00          -2.00  (VIOLATED)
   n100                        10.00          12.00          -2.00  (VIOLATED)
   n101                        10.00          12.00          -2.00  (VIOLATED)
   n102                        10.00          12.00          -2.00  (VIOLATED)
   n103                        10.00          12.00          -2.00  (VIOLATED)
   n104                        10.00          12.00          -2.00  (VIOLATED)
   n105                        10.00          12.00          -2.00  (VIOLATED)
   n106                        10.00          12.00          -2.00  (VIOLATED)
   n107                        10.00          12.00          -2.00  (VIOLATED)
   n108                        10.00          12.00          -2.00  (VIOLATED)
   n109                        10.00          12.00          -2.00  (VIOLATED)
   n110                        10.00          12.00          -2.00  (VIOLATED)
   n111                        10.00          12.00          -2.00  (VIOLATED)
   n112                        10.00          12.00          -2.00  (VIOLATED)
   n113                        10.00          12.00          -2.00  (VIOLATED)
   n114                        10.00          12.00          -2.00  (VIOLATED)
   n115                        10.00          12.00          -2.00  (VIOLATED)
   n116                        10.00          12.00          -2.00  (VIOLATED)
   n117                        10.00          12.00          -2.00  (VIOLATED)
   n118                        10.00          12.00          -2.00  (VIOLATED)
   n119                        10.00          12.00          -2.00  (VIOLATED)
   n120                        10.00          12.00          -2.00  (VIOLATED)
   n135                        10.00          12.00          -2.00  (VIOLATED)
   n136                        10.00          12.00          -2.00  (VIOLATED)
   n137                        10.00          12.00          -2.00  (VIOLATED)
   n138                        10.00          12.00          -2.00  (VIOLATED)
   n139                        10.00          12.00          -2.00  (VIOLATED)
   n140                        10.00          12.00          -2.00  (VIOLATED)
   n141                        10.00          12.00          -2.00  (VIOLATED)
   n142                        10.00          12.00          -2.00  (VIOLATED)
   n143                        10.00          12.00          -2.00  (VIOLATED)
   n144                        10.00          12.00          -2.00  (VIOLATED)
   n145                        10.00          12.00          -2.00  (VIOLATED)
   n146                        10.00          12.00          -2.00  (VIOLATED)
   n147                        10.00          12.00          -2.00  (VIOLATED)
   n148                        10.00          12.00          -2.00  (VIOLATED)
   n149                        10.00          12.00          -2.00  (VIOLATED)
   n150                        10.00          12.00          -2.00  (VIOLATED)
   n151                        10.00          12.00          -2.00  (VIOLATED)
   n152                        10.00          12.00          -2.00  (VIOLATED)
   n153                        10.00          12.00          -2.00  (VIOLATED)
   n154                        10.00          12.00          -2.00  (VIOLATED)
   n155                        10.00          12.00          -2.00  (VIOLATED)
   n156                        10.00          12.00          -2.00  (VIOLATED)
   n157                        10.00          12.00          -2.00  (VIOLATED)
   n158                        10.00          12.00          -2.00  (VIOLATED)
   n159                        10.00          12.00          -2.00  (VIOLATED)
   n160                        10.00          12.00          -2.00  (VIOLATED)
   n161                        10.00          12.00          -2.00  (VIOLATED)
   n162                        10.00          12.00          -2.00  (VIOLATED)
   n163                        10.00          12.00          -2.00  (VIOLATED)
   n164                        10.00          12.00          -2.00  (VIOLATED)
   n165                        10.00          12.00          -2.00  (VIOLATED)
   n166                        10.00          12.00          -2.00  (VIOLATED)
   n167                        10.00          12.00          -2.00  (VIOLATED)
   n168                        10.00          12.00          -2.00  (VIOLATED)
   n169                        10.00          12.00          -2.00  (VIOLATED)
   n170                        10.00          12.00          -2.00  (VIOLATED)
   n267                        10.00          12.00          -2.00  (VIOLATED)
   view/n7                     10.00          12.00          -2.00  (VIOLATED)
   view/n8                     10.00          12.00          -2.00  (VIOLATED)
   view/n9                     10.00          12.00          -2.00  (VIOLATED)
   view/n10                    10.00          12.00          -2.00  (VIOLATED)
   view/n11                    10.00          12.00          -2.00  (VIOLATED)
   view/n12                    10.00          12.00          -2.00  (VIOLATED)
   view/n13                    10.00          12.00          -2.00  (VIOLATED)
   view/n14                    10.00          12.00          -2.00  (VIOLATED)
   view/n15                    10.00          12.00          -2.00  (VIOLATED)
   view/n16                    10.00          12.00          -2.00  (VIOLATED)
   view/n17                    10.00          12.00          -2.00  (VIOLATED)
   view/n18                    10.00          12.00          -2.00  (VIOLATED)
   view/n19                    10.00          12.00          -2.00  (VIOLATED)
   view/n20                    10.00          12.00          -2.00  (VIOLATED)
   view/n21                    10.00          12.00          -2.00  (VIOLATED)
   view/n22                    10.00          12.00          -2.00  (VIOLATED)
   view/n23                    10.00          12.00          -2.00  (VIOLATED)
   view/n24                    10.00          12.00          -2.00  (VIOLATED)
   view/n25                    10.00          12.00          -2.00  (VIOLATED)
   view/n26                    10.00          12.00          -2.00  (VIOLATED)
   view/n206                   10.00          12.00          -2.00  (VIOLATED)
   view/n333                   10.00          12.00          -2.00  (VIOLATED)
   view/n416                   10.00          12.00          -2.00  (VIOLATED)
   view/n499                   10.00          12.00          -2.00  (VIOLATED)
   view/n582                   10.00          12.00          -2.00  (VIOLATED)
   view/n665                   10.00          12.00          -2.00  (VIOLATED)
   view/n748                   10.00          12.00          -2.00  (VIOLATED)
   view_hybrid_valid[4]        10.00          12.00          -2.00  (VIOLATED)
   analyzer/n164               10.00          11.00          -1.00  (VIOLATED)
   analyzer/n317               10.00          11.00          -1.00  (VIOLATED)
   analyzer/n338               10.00          11.00          -1.00  (VIOLATED)
   analyzer/n385               10.00          11.00          -1.00  (VIOLATED)
   analyzer/n391               10.00          11.00          -1.00  (VIOLATED)
   analyzer/n452               10.00          11.00          -1.00  (VIOLATED)
   analyzer/n488               10.00          11.00          -1.00  (VIOLATED)
   analyzer/n492               10.00          11.00          -1.00  (VIOLATED)
   analyzer/n498               10.00          11.00          -1.00  (VIOLATED)
   analyzer/n517               10.00          11.00          -1.00  (VIOLATED)
   analyzer/n591               10.00          11.00          -1.00  (VIOLATED)
   analyzer/n596               10.00          11.00          -1.00  (VIOLATED)
   analyzer/n621               10.00          11.00          -1.00  (VIOLATED)
   analyzer/n690               10.00          11.00          -1.00  (VIOLATED)
   analyzer/n716               10.00          11.00          -1.00  (VIOLATED)
   analyzer/n728               10.00          11.00          -1.00  (VIOLATED)
   analyzer/n751               10.00          11.00          -1.00  (VIOLATED)
   analyzer/n889               10.00          11.00          -1.00  (VIOLATED)
   analyzer/n998               10.00          11.00          -1.00  (VIOLATED)
   analyzer/n1384              10.00          11.00          -1.00  (VIOLATED)
   analyzer/n1793              10.00          11.00          -1.00  (VIOLATED)
   analyzer/n1794              10.00          11.00          -1.00  (VIOLATED)
   analyzer/n1993              10.00          11.00          -1.00  (VIOLATED)
   analyzer/n2504              10.00          11.00          -1.00  (VIOLATED)
   n121                        10.00          11.00          -1.00  (VIOLATED)

   -----------------------------------------------------------------
   Total                      202              -607.00  

   max_capacitance

                             Required        Actual
   Net                      Capacitance    Capacitance       Slack
   -----------------------------------------------------------------
   analyzer/n32                 0.15           0.38          -0.23  (VIOLATED)
   view/n56                     0.15           0.33          -0.18  (VIOLATED)
   view/n53                     0.15           0.32          -0.17  (VIOLATED)
   view/n55                     0.15           0.32          -0.17  (VIOLATED)
   view/n54                     0.15           0.32          -0.17  (VIOLATED)
   view/n58                     0.15           0.32          -0.17  (VIOLATED)
   view/n57                     0.15           0.32          -0.17  (VIOLATED)
   view/n59                     0.15           0.32          -0.17  (VIOLATED)
   view/n299                    0.15           0.32          -0.17  (VIOLATED)
   analyzer/n2709               0.15           0.30          -0.15  (VIOLATED)
   analyzer/n2462               0.15           0.28          -0.13  (VIOLATED)
   analyzer/n225                0.15           0.26          -0.11  (VIOLATED)
   view_hybrid_valid[2]         0.15           0.26          -0.11  (VIOLATED)
   view_hybrid_valid[3]         0.15           0.26          -0.11  (VIOLATED)
   view/n64                     0.15           0.25          -0.10  (VIOLATED)
   view/n305                    0.15           0.23          -0.08  (VIOLATED)
   analyzer/n251                0.15           0.23          -0.08  (VIOLATED)
   analyzer/n177                0.15           0.22          -0.07  (VIOLATED)
   analyzer/n207                0.15           0.21          -0.06  (VIOLATED)
   view_hybrid_valid[1]         0.15           0.21          -0.06  (VIOLATED)
   analyzer/n612                0.15           0.21          -0.06  (VIOLATED)
   analyzer/n281                0.15           0.21          -0.06  (VIOLATED)
   analyzer/n1315               0.15           0.20          -0.05  (VIOLATED)
   view/n201                    0.15           0.20          -0.05  (VIOLATED)
   view/n329                    0.15           0.20          -0.05  (VIOLATED)
   view/n412                    0.15           0.20          -0.05  (VIOLATED)
   view/n495                    0.15           0.20          -0.05  (VIOLATED)
   view/n578                    0.15           0.20          -0.05  (VIOLATED)
   view/n661                    0.15           0.20          -0.05  (VIOLATED)
   view/n744                    0.15           0.20          -0.05  (VIOLATED)
   analyzer/n663                0.15           0.20          -0.05  (VIOLATED)
   view/n203                    0.15           0.20          -0.05  (VIOLATED)
   view/n330                    0.15           0.20          -0.05  (VIOLATED)
   view/n413                    0.15           0.20          -0.05  (VIOLATED)
   view/n496                    0.15           0.20          -0.05  (VIOLATED)
   view/n579                    0.15           0.20          -0.05  (VIOLATED)
   view/n662                    0.15           0.20          -0.05  (VIOLATED)
   view/n745                    0.15           0.20          -0.05  (VIOLATED)
   view/n7                      0.15           0.20          -0.05  (VIOLATED)
   view/n8                      0.15           0.20          -0.05  (VIOLATED)
   view/n9                      0.15           0.20          -0.05  (VIOLATED)
   view/n10                     0.15           0.20          -0.05  (VIOLATED)
   view/n11                     0.15           0.20          -0.05  (VIOLATED)
   view/n12                     0.15           0.20          -0.05  (VIOLATED)
   view/n13                     0.15           0.20          -0.05  (VIOLATED)
   view/n14                     0.15           0.20          -0.05  (VIOLATED)
   view/n15                     0.15           0.20          -0.05  (VIOLATED)
   view/n16                     0.15           0.20          -0.05  (VIOLATED)
   view/n17                     0.15           0.20          -0.05  (VIOLATED)
   view/n18                     0.15           0.20          -0.05  (VIOLATED)
   view/n19                     0.15           0.20          -0.05  (VIOLATED)
   view/n20                     0.15           0.20          -0.05  (VIOLATED)
   view/n21                     0.15           0.20          -0.05  (VIOLATED)
   view/n22                     0.15           0.20          -0.05  (VIOLATED)
   view/n23                     0.15           0.20          -0.05  (VIOLATED)
   view/n24                     0.15           0.20          -0.05  (VIOLATED)
   view/n25                     0.15           0.20          -0.05  (VIOLATED)
   view/n26                     0.15           0.20          -0.05  (VIOLATED)
   analyzer/n1640               0.15           0.20          -0.05  (VIOLATED)
   analyzer/n275                0.15           0.20          -0.05  (VIOLATED)
   analyzer/n377                0.15           0.20          -0.05  (VIOLATED)
   analyzer/n1508               0.15           0.20          -0.05  (VIOLATED)
   analyzer/n1285               0.15           0.20          -0.05  (VIOLATED)
   analyzer/n197                0.15           0.20          -0.05  (VIOLATED)
   analyzer/n412                0.15           0.19          -0.04  (VIOLATED)
   analyzer/n699                0.15           0.19          -0.04  (VIOLATED)
   analyzer/n756                0.15           0.19          -0.04  (VIOLATED)
   view/n205                    0.15           0.19          -0.04  (VIOLATED)
   view/n332                    0.15           0.19          -0.04  (VIOLATED)
   view/n415                    0.15           0.19          -0.04  (VIOLATED)
   view/n498                    0.15           0.19          -0.04  (VIOLATED)
   view/n581                    0.15           0.19          -0.04  (VIOLATED)
   view/n664                    0.15           0.19          -0.04  (VIOLATED)
   view/n747                    0.15           0.19          -0.04  (VIOLATED)
   analyzer/n809                0.15           0.19          -0.04  (VIOLATED)
   analyzer/n2115               0.15           0.19          -0.04  (VIOLATED)
   n135                         0.15           0.19          -0.04  (VIOLATED)
   n136                         0.15           0.19          -0.04  (VIOLATED)
   n137                         0.15           0.19          -0.04  (VIOLATED)
   n138                         0.15           0.19          -0.04  (VIOLATED)
   n139                         0.15           0.19          -0.04  (VIOLATED)
   n140                         0.15           0.19          -0.04  (VIOLATED)
   n141                         0.15           0.19          -0.04  (VIOLATED)
   n142                         0.15           0.19          -0.04  (VIOLATED)
   n143                         0.15           0.19          -0.04  (VIOLATED)
   n144                         0.15           0.19          -0.04  (VIOLATED)
   n145                         0.15           0.19          -0.04  (VIOLATED)
   n146                         0.15           0.19          -0.04  (VIOLATED)
   n147                         0.15           0.19          -0.04  (VIOLATED)
   n148                         0.15           0.19          -0.04  (VIOLATED)
   n149                         0.15           0.19          -0.04  (VIOLATED)
   n150                         0.15           0.19          -0.04  (VIOLATED)
   n151                         0.15           0.19          -0.04  (VIOLATED)
   n152                         0.15           0.19          -0.04  (VIOLATED)
   n153                         0.15           0.19          -0.04  (VIOLATED)
   n154                         0.15           0.19          -0.04  (VIOLATED)
   n155                         0.15           0.19          -0.04  (VIOLATED)
   n156                         0.15           0.19          -0.04  (VIOLATED)
   n157                         0.15           0.19          -0.04  (VIOLATED)
   n158                         0.15           0.19          -0.04  (VIOLATED)
   n159                         0.15           0.19          -0.04  (VIOLATED)
   n160                         0.15           0.19          -0.04  (VIOLATED)
   n161                         0.15           0.19          -0.04  (VIOLATED)
   n162                         0.15           0.19          -0.04  (VIOLATED)
   n163                         0.15           0.19          -0.04  (VIOLATED)
   n164                         0.15           0.19          -0.04  (VIOLATED)
   n165                         0.15           0.19          -0.04  (VIOLATED)
   n166                         0.15           0.19          -0.04  (VIOLATED)
   n167                         0.15           0.19          -0.04  (VIOLATED)
   n168                         0.15           0.19          -0.04  (VIOLATED)
   n169                         0.15           0.19          -0.04  (VIOLATED)
   analyzer/n704                0.15           0.19          -0.04  (VIOLATED)
   analyzer/n514                0.15           0.19          -0.04  (VIOLATED)
   analyzer/n240                0.15           0.19          -0.04  (VIOLATED)
   analyzer/n239                0.15           0.19          -0.04  (VIOLATED)
   n170                         0.15           0.18          -0.03  (VIOLATED)
   analyzer/n771                0.15           0.18          -0.03  (VIOLATED)
   analyzer/n577                0.15           0.18          -0.03  (VIOLATED)
   analyzer/n630                0.15           0.18          -0.03  (VIOLATED)
   view_hybrid_valid[4]         0.15           0.18          -0.03  (VIOLATED)
   active_cfg[1]                0.15           0.18          -0.03  (VIOLATED)
   analyzer/n1872               0.15           0.17          -0.02  (VIOLATED)
   analyzer/n2323               0.15           0.17          -0.02  (VIOLATED)
   analyzer/n1438               0.15           0.17          -0.02  (VIOLATED)
   analyzer/n536                0.15           0.17          -0.02  (VIOLATED)
   analyzer/n717                0.15           0.17          -0.02  (VIOLATED)
   analyzer/n358                0.15           0.17          -0.02  (VIOLATED)
   analyzer/n84                 0.15           0.17          -0.02  (VIOLATED)
   analyzer/n2262               0.15           0.17          -0.02  (VIOLATED)
   n267                         0.15           0.17          -0.02  (VIOLATED)
   analyzer/n759                0.15           0.17          -0.02  (VIOLATED)
   view/n333                    0.15           0.17          -0.02  (VIOLATED)
   view/n416                    0.15           0.17          -0.02  (VIOLATED)
   view/n499                    0.15           0.17          -0.02  (VIOLATED)
   view/n582                    0.15           0.17          -0.02  (VIOLATED)
   view/n665                    0.15           0.17          -0.02  (VIOLATED)
   view/n748                    0.15           0.17          -0.02  (VIOLATED)
   view/n206                    0.15           0.17          -0.02  (VIOLATED)
   analyzer/n1194               0.15           0.17          -0.02  (VIOLATED)
   analyzer/n684                0.15           0.17          -0.02  (VIOLATED)
   analyzer/n621                0.15           0.17          -0.02  (VIOLATED)
   analyzer/n555                0.15           0.17          -0.02  (VIOLATED)
   analyzer/n391                0.15           0.17          -0.02  (VIOLATED)
   n86                          0.15           0.17          -0.02  (VIOLATED)
   n87                          0.15           0.17          -0.02  (VIOLATED)
   n88                          0.15           0.17          -0.02  (VIOLATED)
   n89                          0.15           0.17          -0.02  (VIOLATED)
   n90                          0.15           0.17          -0.02  (VIOLATED)
   n91                          0.15           0.17          -0.02  (VIOLATED)
   n92                          0.15           0.17          -0.02  (VIOLATED)
   n93                          0.15           0.17          -0.02  (VIOLATED)
   n94                          0.15           0.17          -0.02  (VIOLATED)
   n95                          0.15           0.17          -0.02  (VIOLATED)
   n96                          0.15           0.17          -0.02  (VIOLATED)
   n97                          0.15           0.17          -0.02  (VIOLATED)
   n98                          0.15           0.17          -0.02  (VIOLATED)
   n99                          0.15           0.17          -0.02  (VIOLATED)
   n100                         0.15           0.17          -0.02  (VIOLATED)
   n101                         0.15           0.17          -0.02  (VIOLATED)
   n102                         0.15           0.17          -0.02  (VIOLATED)
   n103                         0.15           0.17          -0.02  (VIOLATED)
   n104                         0.15           0.17          -0.02  (VIOLATED)
   n105                         0.15           0.17          -0.02  (VIOLATED)
   n106                         0.15           0.17          -0.02  (VIOLATED)
   n107                         0.15           0.17          -0.02  (VIOLATED)
   n108                         0.15           0.17          -0.02  (VIOLATED)
   n109                         0.15           0.17          -0.02  (VIOLATED)
   n110                         0.15           0.17          -0.02  (VIOLATED)
   n111                         0.15           0.17          -0.02  (VIOLATED)
   n112                         0.15           0.17          -0.02  (VIOLATED)
   n113                         0.15           0.17          -0.02  (VIOLATED)
   n114                         0.15           0.17          -0.02  (VIOLATED)
   n115                         0.15           0.17          -0.02  (VIOLATED)
   n116                         0.15           0.17          -0.02  (VIOLATED)
   n117                         0.15           0.17          -0.02  (VIOLATED)
   n118                         0.15           0.17          -0.02  (VIOLATED)
   n119                         0.15           0.17          -0.02  (VIOLATED)
   n120                         0.15           0.17          -0.02  (VIOLATED)
   analyzer/n551                0.15           0.17          -0.02  (VIOLATED)
   view/n27                     0.15           0.17          -0.02  (VIOLATED)
   analyzer/n889                0.15           0.16          -0.01  (VIOLATED)
   analyzer/n1993               0.15           0.16          -0.01  (VIOLATED)
   analyzer/n716                0.15           0.16          -0.01  (VIOLATED)
   analyzer/n1794               0.15           0.16          -0.01  (VIOLATED)
   analyzer/n498                0.15           0.16          -0.01  (VIOLATED)
   analyzer/n338                0.15           0.16          -0.01  (VIOLATED)
   analyzer/n1384               0.15           0.16          -0.01  (VIOLATED)
   analyzer/n1793               0.15           0.16          -0.01  (VIOLATED)
   analyzer/n690                0.15           0.16          -0.01  (VIOLATED)
   analyzer/n164                0.15           0.16          -0.01  (VIOLATED)
   analyzer/n492                0.15           0.16          -0.01  (VIOLATED)
   analyzer/n2504               0.15           0.16          -0.01  (VIOLATED)
   analyzer/n591                0.15           0.16          -0.01  (VIOLATED)
   analyzer/n385                0.15           0.16          -0.01  (VIOLATED)
   analyzer/n452                0.15           0.16          -0.01  (VIOLATED)
   analyzer/n751                0.15           0.16          -0.01  (VIOLATED)
   analyzer/n488                0.15           0.16          -0.01  (VIOLATED)
   view/n296                    0.15           0.16          -0.01  (VIOLATED)
   analyzer/n728                0.15           0.16          -0.01  (VIOLATED)
   analyzer/n998                0.15           0.16          -0.01  (VIOLATED)
   analyzer/n517                0.15           0.16          -0.01  (VIOLATED)
   n121                         0.15           0.15           0.00  (VIOLATED: increase significant digits)
   analyzer/n596                0.15           0.15           0.00  (VIOLATED: increase significant digits)
   view/n304                    0.15           0.15           0.00  (VIOLATED: increase significant digits)

   -----------------------------------------------------------------
   Total                      204                -8.49  

1
