 
****************************************
Report : constraint
        -all_violators
Design : shared_fault_collector_HYBRID_SHARED_ENTRIES14
Version: W-2024.09-SP2
Date   : Wed Sep  9 14:40:38 2026
****************************************


   max_delay/setup ('clk' group)

                             Required        Actual
   Endpoint                 Path Delay     Path Delay        Slack
   -----------------------------------------------------------------
   reuse/cfg_mem_reg[10][0]/D
                               19.56          21.88 f        -2.32  (VIOLATED)
   reuse/cfg_mem_reg[10][1]/D
                               19.56          21.88 f        -2.32  (VIOLATED)
   reuse/cfg_mem_reg[10][2]/D
                               19.56          21.88 f        -2.32  (VIOLATED)
   reuse/cfg_mem_reg[10][3]/D
                               19.56          21.88 f        -2.32  (VIOLATED)
   reuse/cfg_mem_reg[10][4]/D
                               19.56          21.88 f        -2.32  (VIOLATED)
   reuse/cfg_mem_reg[10][5]/D
                               19.56          21.88 f        -2.32  (VIOLATED)
   reuse/cfg_mem_reg[10][6]/D
                               19.56          21.88 f        -2.32  (VIOLATED)
   reuse/cfg_mem_reg[11][0]/D
                               19.56          21.88 f        -2.32  (VIOLATED)
   reuse/cfg_mem_reg[11][1]/D
                               19.56          21.88 f        -2.32  (VIOLATED)
   reuse/cfg_mem_reg[11][2]/D
                               19.56          21.88 f        -2.32  (VIOLATED)
   reuse/cfg_mem_reg[11][3]/D
                               19.56          21.88 f        -2.32  (VIOLATED)
   reuse/cfg_mem_reg[11][4]/D
                               19.56          21.88 f        -2.32  (VIOLATED)
   reuse/cfg_mem_reg[11][5]/D
                               19.56          21.88 f        -2.32  (VIOLATED)
   reuse/cfg_mem_reg[11][6]/D
                               19.56          21.88 f        -2.32  (VIOLATED)
   reuse/col_mem_reg[10][0]/D
                               19.56          21.88 f        -2.32  (VIOLATED)
   reuse/col_mem_reg[10][1]/D
                               19.56          21.88 f        -2.32  (VIOLATED)
   reuse/col_mem_reg[10][2]/D
                               19.56          21.88 f        -2.32  (VIOLATED)
   reuse/col_mem_reg[10][3]/D
                               19.56          21.88 f        -2.32  (VIOLATED)
   reuse/col_mem_reg[10][4]/D
                               19.56          21.88 f        -2.32  (VIOLATED)
   reuse/col_mem_reg[10][5]/D
                               19.56          21.88 f        -2.32  (VIOLATED)
   reuse/col_mem_reg[10][6]/D
                               19.56          21.88 f        -2.32  (VIOLATED)
   reuse/col_mem_reg[10][7]/D
                               19.56          21.88 f        -2.32  (VIOLATED)
   reuse/col_mem_reg[10][8]/D
                               19.56          21.88 f        -2.32  (VIOLATED)
   reuse/col_mem_reg[10][9]/D
                               19.56          21.88 f        -2.32  (VIOLATED)
   reuse/col_mem_reg[11][0]/D
                               19.56          21.88 f        -2.32  (VIOLATED)
   reuse/col_mem_reg[11][1]/D
                               19.56          21.88 f        -2.32  (VIOLATED)
   reuse/col_mem_reg[11][2]/D
                               19.56          21.88 f        -2.32  (VIOLATED)
   reuse/col_mem_reg[11][3]/D
                               19.56          21.88 f        -2.32  (VIOLATED)
   reuse/col_mem_reg[11][4]/D
                               19.56          21.88 f        -2.32  (VIOLATED)
   reuse/col_mem_reg[11][5]/D
                               19.56          21.88 f        -2.32  (VIOLATED)
   reuse/col_mem_reg[11][6]/D
                               19.56          21.88 f        -2.32  (VIOLATED)
   reuse/col_mem_reg[11][7]/D
                               19.56          21.88 f        -2.32  (VIOLATED)
   reuse/col_mem_reg[11][8]/D
                               19.56          21.88 f        -2.32  (VIOLATED)
   reuse/col_mem_reg[11][9]/D
                               19.56          21.88 f        -2.32  (VIOLATED)
   reuse/row_mem_reg[10][0]/D
                               19.56          21.88 f        -2.32  (VIOLATED)
   reuse/row_mem_reg[10][1]/D
                               19.56          21.88 f        -2.32  (VIOLATED)
   reuse/row_mem_reg[10][2]/D
                               19.56          21.88 f        -2.32  (VIOLATED)
   reuse/row_mem_reg[10][3]/D
                               19.56          21.88 f        -2.32  (VIOLATED)
   reuse/row_mem_reg[10][4]/D
                               19.56          21.88 f        -2.32  (VIOLATED)
   reuse/row_mem_reg[10][5]/D
                               19.56          21.88 f        -2.32  (VIOLATED)
   reuse/row_mem_reg[10][6]/D
                               19.56          21.88 f        -2.32  (VIOLATED)
   reuse/row_mem_reg[10][7]/D
                               19.56          21.88 f        -2.32  (VIOLATED)
   reuse/row_mem_reg[10][8]/D
                               19.56          21.88 f        -2.32  (VIOLATED)
   reuse/row_mem_reg[10][9]/D
                               19.56          21.88 f        -2.32  (VIOLATED)
   reuse/row_mem_reg[11][0]/D
                               19.56          21.88 f        -2.32  (VIOLATED)
   reuse/row_mem_reg[11][1]/D
                               19.56          21.88 f        -2.32  (VIOLATED)
   reuse/row_mem_reg[11][2]/D
                               19.56          21.88 f        -2.32  (VIOLATED)
   reuse/row_mem_reg[11][3]/D
                               19.56          21.88 f        -2.32  (VIOLATED)
   reuse/row_mem_reg[11][4]/D
                               19.56          21.88 f        -2.32  (VIOLATED)
   reuse/row_mem_reg[11][5]/D
                               19.56          21.88 f        -2.32  (VIOLATED)
   reuse/row_mem_reg[11][6]/D
                               19.56          21.88 f        -2.32  (VIOLATED)
   reuse/row_mem_reg[11][7]/D
                               19.56          21.88 f        -2.32  (VIOLATED)
   reuse/row_mem_reg[11][8]/D
                               19.56          21.88 f        -2.32  (VIOLATED)
   reuse/row_mem_reg[11][9]/D
                               19.56          21.88 f        -2.32  (VIOLATED)
   reuse/cfg_mem_reg[8][0]/D
                               19.56          21.87 f        -2.31  (VIOLATED)
   reuse/cfg_mem_reg[8][1]/D
                               19.56          21.87 f        -2.31  (VIOLATED)
   reuse/cfg_mem_reg[8][2]/D
                               19.56          21.87 f        -2.31  (VIOLATED)
   reuse/cfg_mem_reg[8][3]/D
                               19.56          21.87 f        -2.31  (VIOLATED)
   reuse/cfg_mem_reg[8][4]/D
                               19.56          21.87 f        -2.31  (VIOLATED)
   reuse/cfg_mem_reg[8][5]/D
                               19.56          21.87 f        -2.31  (VIOLATED)
   reuse/cfg_mem_reg[8][6]/D
                               19.56          21.87 f        -2.31  (VIOLATED)
   reuse/cfg_mem_reg[9][0]/D
                               19.56          21.87 f        -2.31  (VIOLATED)
   reuse/cfg_mem_reg[9][1]/D
                               19.56          21.87 f        -2.31  (VIOLATED)
   reuse/cfg_mem_reg[9][2]/D
                               19.56          21.87 f        -2.31  (VIOLATED)
   reuse/cfg_mem_reg[9][3]/D
                               19.56          21.87 f        -2.31  (VIOLATED)
   reuse/cfg_mem_reg[9][4]/D
                               19.56          21.87 f        -2.31  (VIOLATED)
   reuse/cfg_mem_reg[9][5]/D
                               19.56          21.87 f        -2.31  (VIOLATED)
   reuse/cfg_mem_reg[9][6]/D
                               19.56          21.87 f        -2.31  (VIOLATED)
   reuse/col_mem_reg[8][0]/D
                               19.56          21.87 f        -2.31  (VIOLATED)
   reuse/col_mem_reg[8][1]/D
                               19.56          21.87 f        -2.31  (VIOLATED)
   reuse/col_mem_reg[8][2]/D
                               19.56          21.87 f        -2.31  (VIOLATED)
   reuse/col_mem_reg[8][3]/D
                               19.56          21.87 f        -2.31  (VIOLATED)
   reuse/col_mem_reg[8][4]/D
                               19.56          21.87 f        -2.31  (VIOLATED)
   reuse/col_mem_reg[8][5]/D
                               19.56          21.87 f        -2.31  (VIOLATED)
   reuse/col_mem_reg[8][6]/D
                               19.56          21.87 f        -2.31  (VIOLATED)
   reuse/col_mem_reg[8][7]/D
                               19.56          21.87 f        -2.31  (VIOLATED)
   reuse/col_mem_reg[8][8]/D
                               19.56          21.87 f        -2.31  (VIOLATED)
   reuse/col_mem_reg[8][9]/D
                               19.56          21.87 f        -2.31  (VIOLATED)
   reuse/col_mem_reg[9][0]/D
                               19.56          21.87 f        -2.31  (VIOLATED)
   reuse/col_mem_reg[9][1]/D
                               19.56          21.87 f        -2.31  (VIOLATED)
   reuse/col_mem_reg[9][2]/D
                               19.56          21.87 f        -2.31  (VIOLATED)
   reuse/col_mem_reg[9][3]/D
                               19.56          21.87 f        -2.31  (VIOLATED)
   reuse/col_mem_reg[9][4]/D
                               19.56          21.87 f        -2.31  (VIOLATED)
   reuse/col_mem_reg[9][5]/D
                               19.56          21.87 f        -2.31  (VIOLATED)
   reuse/col_mem_reg[9][6]/D
                               19.56          21.87 f        -2.31  (VIOLATED)
   reuse/col_mem_reg[9][7]/D
                               19.56          21.87 f        -2.31  (VIOLATED)
   reuse/col_mem_reg[9][8]/D
                               19.56          21.87 f        -2.31  (VIOLATED)
   reuse/col_mem_reg[9][9]/D
                               19.56          21.87 f        -2.31  (VIOLATED)
   reuse/row_mem_reg[8][0]/D
                               19.56          21.87 f        -2.31  (VIOLATED)
   reuse/row_mem_reg[8][1]/D
                               19.56          21.87 f        -2.31  (VIOLATED)
   reuse/row_mem_reg[8][2]/D
                               19.56          21.87 f        -2.31  (VIOLATED)
   reuse/row_mem_reg[8][3]/D
                               19.56          21.87 f        -2.31  (VIOLATED)
   reuse/row_mem_reg[8][4]/D
                               19.56          21.87 f        -2.31  (VIOLATED)
   reuse/row_mem_reg[8][5]/D
                               19.56          21.87 f        -2.31  (VIOLATED)
   reuse/row_mem_reg[8][6]/D
                               19.56          21.87 f        -2.31  (VIOLATED)
   reuse/row_mem_reg[8][7]/D
                               19.56          21.87 f        -2.31  (VIOLATED)
   reuse/row_mem_reg[8][8]/D
                               19.56          21.87 f        -2.31  (VIOLATED)
   reuse/row_mem_reg[8][9]/D
                               19.56          21.87 f        -2.31  (VIOLATED)
   reuse/row_mem_reg[9][0]/D
                               19.56          21.87 f        -2.31  (VIOLATED)
   reuse/row_mem_reg[9][1]/D
                               19.56          21.87 f        -2.31  (VIOLATED)
   reuse/row_mem_reg[9][2]/D
                               19.56          21.87 f        -2.31  (VIOLATED)
   reuse/row_mem_reg[9][3]/D
                               19.56          21.87 f        -2.31  (VIOLATED)
   reuse/row_mem_reg[9][4]/D
                               19.56          21.87 f        -2.31  (VIOLATED)
   reuse/row_mem_reg[9][5]/D
                               19.56          21.87 f        -2.31  (VIOLATED)
   reuse/row_mem_reg[9][6]/D
                               19.56          21.87 f        -2.31  (VIOLATED)
   reuse/row_mem_reg[9][7]/D
                               19.56          21.87 f        -2.31  (VIOLATED)
   reuse/row_mem_reg[9][8]/D
                               19.56          21.87 f        -2.31  (VIOLATED)
   reuse/row_mem_reg[9][9]/D
                               19.56          21.87 f        -2.31  (VIOLATED)
   reuse/cfg_mem_reg[0][0]/D
                               19.56          21.80 f        -2.24  (VIOLATED)
   reuse/cfg_mem_reg[0][1]/D
                               19.56          21.80 f        -2.24  (VIOLATED)
   reuse/cfg_mem_reg[0][2]/D
                               19.56          21.80 f        -2.24  (VIOLATED)
   reuse/cfg_mem_reg[0][3]/D
                               19.56          21.80 f        -2.24  (VIOLATED)
   reuse/cfg_mem_reg[0][4]/D
                               19.56          21.80 f        -2.24  (VIOLATED)
   reuse/cfg_mem_reg[0][5]/D
                               19.56          21.80 f        -2.24  (VIOLATED)
   reuse/cfg_mem_reg[0][6]/D
                               19.56          21.80 f        -2.24  (VIOLATED)
   reuse/cfg_mem_reg[1][0]/D
                               19.56          21.80 f        -2.24  (VIOLATED)
   reuse/cfg_mem_reg[1][1]/D
                               19.56          21.80 f        -2.24  (VIOLATED)
   reuse/cfg_mem_reg[1][2]/D
                               19.56          21.80 f        -2.24  (VIOLATED)
   reuse/cfg_mem_reg[1][3]/D
                               19.56          21.80 f        -2.24  (VIOLATED)
   reuse/cfg_mem_reg[1][4]/D
                               19.56          21.80 f        -2.24  (VIOLATED)
   reuse/cfg_mem_reg[1][5]/D
                               19.56          21.80 f        -2.24  (VIOLATED)
   reuse/cfg_mem_reg[1][6]/D
                               19.56          21.80 f        -2.24  (VIOLATED)
   reuse/cfg_mem_reg[2][0]/D
                               19.56          21.80 f        -2.24  (VIOLATED)
   reuse/cfg_mem_reg[2][1]/D
                               19.56          21.80 f        -2.24  (VIOLATED)
   reuse/cfg_mem_reg[2][2]/D
                               19.56          21.80 f        -2.24  (VIOLATED)
   reuse/cfg_mem_reg[2][3]/D
                               19.56          21.80 f        -2.24  (VIOLATED)
   reuse/cfg_mem_reg[2][4]/D
                               19.56          21.80 f        -2.24  (VIOLATED)
   reuse/cfg_mem_reg[2][5]/D
                               19.56          21.80 f        -2.24  (VIOLATED)
   reuse/cfg_mem_reg[2][6]/D
                               19.56          21.80 f        -2.24  (VIOLATED)
   reuse/cfg_mem_reg[3][0]/D
                               19.56          21.80 f        -2.24  (VIOLATED)
   reuse/cfg_mem_reg[3][1]/D
                               19.56          21.80 f        -2.24  (VIOLATED)
   reuse/cfg_mem_reg[3][2]/D
                               19.56          21.80 f        -2.24  (VIOLATED)
   reuse/cfg_mem_reg[3][3]/D
                               19.56          21.80 f        -2.24  (VIOLATED)
   reuse/cfg_mem_reg[3][4]/D
                               19.56          21.80 f        -2.24  (VIOLATED)
   reuse/cfg_mem_reg[3][5]/D
                               19.56          21.80 f        -2.24  (VIOLATED)
   reuse/cfg_mem_reg[3][6]/D
                               19.56          21.80 f        -2.24  (VIOLATED)
   reuse/col_mem_reg[0][0]/D
                               19.56          21.80 f        -2.24  (VIOLATED)
   reuse/col_mem_reg[0][1]/D
                               19.56          21.80 f        -2.24  (VIOLATED)
   reuse/col_mem_reg[0][2]/D
                               19.56          21.80 f        -2.24  (VIOLATED)
   reuse/col_mem_reg[0][3]/D
                               19.56          21.80 f        -2.24  (VIOLATED)
   reuse/col_mem_reg[0][4]/D
                               19.56          21.80 f        -2.24  (VIOLATED)
   reuse/col_mem_reg[0][5]/D
                               19.56          21.80 f        -2.24  (VIOLATED)
   reuse/col_mem_reg[0][6]/D
                               19.56          21.80 f        -2.24  (VIOLATED)
   reuse/col_mem_reg[0][7]/D
                               19.56          21.80 f        -2.24  (VIOLATED)
   reuse/col_mem_reg[0][8]/D
                               19.56          21.80 f        -2.24  (VIOLATED)
   reuse/col_mem_reg[0][9]/D
                               19.56          21.80 f        -2.24  (VIOLATED)
   reuse/col_mem_reg[1][0]/D
                               19.56          21.80 f        -2.24  (VIOLATED)
   reuse/col_mem_reg[1][1]/D
                               19.56          21.80 f        -2.24  (VIOLATED)
   reuse/col_mem_reg[1][2]/D
                               19.56          21.80 f        -2.24  (VIOLATED)
   reuse/col_mem_reg[1][3]/D
                               19.56          21.80 f        -2.24  (VIOLATED)
   reuse/col_mem_reg[1][4]/D
                               19.56          21.80 f        -2.24  (VIOLATED)
   reuse/col_mem_reg[1][5]/D
                               19.56          21.80 f        -2.24  (VIOLATED)
   reuse/col_mem_reg[1][6]/D
                               19.56          21.80 f        -2.24  (VIOLATED)
   reuse/col_mem_reg[1][7]/D
                               19.56          21.80 f        -2.24  (VIOLATED)
   reuse/col_mem_reg[1][8]/D
                               19.56          21.80 f        -2.24  (VIOLATED)
   reuse/col_mem_reg[1][9]/D
                               19.56          21.80 f        -2.24  (VIOLATED)
   reuse/col_mem_reg[2][0]/D
                               19.56          21.80 f        -2.24  (VIOLATED)
   reuse/col_mem_reg[2][1]/D
                               19.56          21.80 f        -2.24  (VIOLATED)
   reuse/col_mem_reg[2][2]/D
                               19.56          21.80 f        -2.24  (VIOLATED)
   reuse/col_mem_reg[2][3]/D
                               19.56          21.80 f        -2.24  (VIOLATED)
   reuse/col_mem_reg[2][4]/D
                               19.56          21.80 f        -2.24  (VIOLATED)
   reuse/col_mem_reg[2][5]/D
                               19.56          21.80 f        -2.24  (VIOLATED)
   reuse/col_mem_reg[2][6]/D
                               19.56          21.80 f        -2.24  (VIOLATED)
   reuse/col_mem_reg[2][7]/D
                               19.56          21.80 f        -2.24  (VIOLATED)
   reuse/col_mem_reg[2][8]/D
                               19.56          21.80 f        -2.24  (VIOLATED)
   reuse/col_mem_reg[2][9]/D
                               19.56          21.80 f        -2.24  (VIOLATED)
   reuse/col_mem_reg[3][0]/D
                               19.56          21.80 f        -2.24  (VIOLATED)
   reuse/col_mem_reg[3][1]/D
                               19.56          21.80 f        -2.24  (VIOLATED)
   reuse/col_mem_reg[3][2]/D
                               19.56          21.80 f        -2.24  (VIOLATED)
   reuse/col_mem_reg[3][3]/D
                               19.56          21.80 f        -2.24  (VIOLATED)
   reuse/col_mem_reg[3][4]/D
                               19.56          21.80 f        -2.24  (VIOLATED)
   reuse/col_mem_reg[3][5]/D
                               19.56          21.80 f        -2.24  (VIOLATED)
   reuse/col_mem_reg[3][6]/D
                               19.56          21.80 f        -2.24  (VIOLATED)
   reuse/col_mem_reg[3][7]/D
                               19.56          21.80 f        -2.24  (VIOLATED)
   reuse/col_mem_reg[3][8]/D
                               19.56          21.80 f        -2.24  (VIOLATED)
   reuse/col_mem_reg[3][9]/D
                               19.56          21.80 f        -2.24  (VIOLATED)
   reuse/row_mem_reg[0][0]/D
                               19.56          21.80 f        -2.24  (VIOLATED)
   reuse/row_mem_reg[0][1]/D
                               19.56          21.80 f        -2.24  (VIOLATED)
   reuse/row_mem_reg[0][2]/D
                               19.56          21.80 f        -2.24  (VIOLATED)
   reuse/row_mem_reg[0][3]/D
                               19.56          21.80 f        -2.24  (VIOLATED)
   reuse/row_mem_reg[0][4]/D
                               19.56          21.80 f        -2.24  (VIOLATED)
   reuse/row_mem_reg[0][5]/D
                               19.56          21.80 f        -2.24  (VIOLATED)
   reuse/row_mem_reg[0][6]/D
                               19.56          21.80 f        -2.24  (VIOLATED)
   reuse/row_mem_reg[0][7]/D
                               19.56          21.80 f        -2.24  (VIOLATED)
   reuse/row_mem_reg[0][8]/D
                               19.56          21.80 f        -2.24  (VIOLATED)
   reuse/row_mem_reg[0][9]/D
                               19.56          21.80 f        -2.24  (VIOLATED)
   reuse/row_mem_reg[1][0]/D
                               19.56          21.80 f        -2.24  (VIOLATED)
   reuse/row_mem_reg[1][1]/D
                               19.56          21.80 f        -2.24  (VIOLATED)
   reuse/row_mem_reg[1][2]/D
                               19.56          21.80 f        -2.24  (VIOLATED)
   reuse/row_mem_reg[1][3]/D
                               19.56          21.80 f        -2.24  (VIOLATED)
   reuse/row_mem_reg[1][4]/D
                               19.56          21.80 f        -2.24  (VIOLATED)
   reuse/row_mem_reg[1][5]/D
                               19.56          21.80 f        -2.24  (VIOLATED)
   reuse/row_mem_reg[1][6]/D
                               19.56          21.80 f        -2.24  (VIOLATED)
   reuse/row_mem_reg[1][7]/D
                               19.56          21.80 f        -2.24  (VIOLATED)
   reuse/row_mem_reg[1][8]/D
                               19.56          21.80 f        -2.24  (VIOLATED)
   reuse/row_mem_reg[1][9]/D
                               19.56          21.80 f        -2.24  (VIOLATED)
   reuse/row_mem_reg[2][0]/D
                               19.56          21.80 f        -2.24  (VIOLATED)
   reuse/row_mem_reg[2][1]/D
                               19.56          21.80 f        -2.24  (VIOLATED)
   reuse/row_mem_reg[2][2]/D
                               19.56          21.80 f        -2.24  (VIOLATED)
   reuse/row_mem_reg[2][3]/D
                               19.56          21.80 f        -2.24  (VIOLATED)
   reuse/row_mem_reg[2][4]/D
                               19.56          21.80 f        -2.24  (VIOLATED)
   reuse/row_mem_reg[2][5]/D
                               19.56          21.80 f        -2.24  (VIOLATED)
   reuse/row_mem_reg[2][6]/D
                               19.56          21.80 f        -2.24  (VIOLATED)
   reuse/row_mem_reg[2][7]/D
                               19.56          21.80 f        -2.24  (VIOLATED)
   reuse/row_mem_reg[2][8]/D
                               19.56          21.80 f        -2.24  (VIOLATED)
   reuse/row_mem_reg[2][9]/D
                               19.56          21.80 f        -2.24  (VIOLATED)
   reuse/row_mem_reg[3][0]/D
                               19.56          21.80 f        -2.24  (VIOLATED)
   reuse/row_mem_reg[3][1]/D
                               19.56          21.80 f        -2.24  (VIOLATED)
   reuse/row_mem_reg[3][2]/D
                               19.56          21.80 f        -2.24  (VIOLATED)
   reuse/row_mem_reg[3][3]/D
                               19.56          21.80 f        -2.24  (VIOLATED)
   reuse/row_mem_reg[3][4]/D
                               19.56          21.80 f        -2.24  (VIOLATED)
   reuse/row_mem_reg[3][5]/D
                               19.56          21.80 f        -2.24  (VIOLATED)
   reuse/row_mem_reg[3][6]/D
                               19.56          21.80 f        -2.24  (VIOLATED)
   reuse/row_mem_reg[3][7]/D
                               19.56          21.80 f        -2.24  (VIOLATED)
   reuse/row_mem_reg[3][8]/D
                               19.56          21.80 f        -2.24  (VIOLATED)
   reuse/row_mem_reg[3][9]/D
                               19.56          21.80 f        -2.24  (VIOLATED)
   reuse/cfg_mem_reg[7][0]/D
                               19.56          21.11 f        -1.55  (VIOLATED)
   reuse/cfg_mem_reg[7][1]/D
                               19.56          21.11 f        -1.55  (VIOLATED)
   reuse/cfg_mem_reg[7][2]/D
                               19.56          21.11 f        -1.55  (VIOLATED)
   reuse/cfg_mem_reg[7][3]/D
                               19.56          21.11 f        -1.55  (VIOLATED)
   reuse/cfg_mem_reg[7][4]/D
                               19.56          21.11 f        -1.55  (VIOLATED)
   reuse/cfg_mem_reg[7][5]/D
                               19.56          21.11 f        -1.55  (VIOLATED)
   reuse/cfg_mem_reg[7][6]/D
                               19.56          21.11 f        -1.55  (VIOLATED)
   reuse/col_mem_reg[7][0]/D
                               19.56          21.11 f        -1.55  (VIOLATED)
   reuse/col_mem_reg[7][1]/D
                               19.56          21.11 f        -1.55  (VIOLATED)
   reuse/col_mem_reg[7][2]/D
                               19.56          21.11 f        -1.55  (VIOLATED)
   reuse/col_mem_reg[7][3]/D
                               19.56          21.11 f        -1.55  (VIOLATED)
   reuse/col_mem_reg[7][4]/D
                               19.56          21.11 f        -1.55  (VIOLATED)
   reuse/col_mem_reg[7][5]/D
                               19.56          21.11 f        -1.55  (VIOLATED)
   reuse/col_mem_reg[7][6]/D
                               19.56          21.11 f        -1.55  (VIOLATED)
   reuse/col_mem_reg[7][7]/D
                               19.56          21.11 f        -1.55  (VIOLATED)
   reuse/col_mem_reg[7][8]/D
                               19.56          21.11 f        -1.55  (VIOLATED)
   reuse/col_mem_reg[7][9]/D
                               19.56          21.11 f        -1.55  (VIOLATED)
   reuse/row_mem_reg[7][0]/D
                               19.56          21.11 f        -1.55  (VIOLATED)
   reuse/row_mem_reg[7][1]/D
                               19.56          21.11 f        -1.55  (VIOLATED)
   reuse/row_mem_reg[7][2]/D
                               19.56          21.11 f        -1.55  (VIOLATED)
   reuse/row_mem_reg[7][3]/D
                               19.56          21.11 f        -1.55  (VIOLATED)
   reuse/row_mem_reg[7][4]/D
                               19.56          21.11 f        -1.55  (VIOLATED)
   reuse/row_mem_reg[7][5]/D
                               19.56          21.11 f        -1.55  (VIOLATED)
   reuse/row_mem_reg[7][6]/D
                               19.56          21.11 f        -1.55  (VIOLATED)
   reuse/row_mem_reg[7][7]/D
                               19.56          21.11 f        -1.55  (VIOLATED)
   reuse/row_mem_reg[7][8]/D
                               19.56          21.11 f        -1.55  (VIOLATED)
   reuse/row_mem_reg[7][9]/D
                               19.56          21.11 f        -1.55  (VIOLATED)
   reuse/valid_mem_reg[10]/D
                               19.49          20.96 f        -1.47  (VIOLATED)
   reuse/valid_mem_reg[11]/D
                               19.49          20.96 f        -1.47  (VIOLATED)
   reuse/valid_mem_reg[8]/D    19.49          20.95 f        -1.46  (VIOLATED)
   reuse/valid_mem_reg[9]/D    19.49          20.95 f        -1.46  (VIOLATED)
   reuse/cfg_mem_reg[4][0]/D
                               19.56          21.00 f        -1.44  (VIOLATED)
   reuse/cfg_mem_reg[4][1]/D
                               19.56          21.00 f        -1.44  (VIOLATED)
   reuse/cfg_mem_reg[4][2]/D
                               19.56          21.00 f        -1.44  (VIOLATED)
   reuse/cfg_mem_reg[4][3]/D
                               19.56          21.00 f        -1.44  (VIOLATED)
   reuse/cfg_mem_reg[4][4]/D
                               19.56          21.00 f        -1.44  (VIOLATED)
   reuse/cfg_mem_reg[4][5]/D
                               19.56          21.00 f        -1.44  (VIOLATED)
   reuse/cfg_mem_reg[4][6]/D
                               19.56          21.00 f        -1.44  (VIOLATED)
   reuse/cfg_mem_reg[5][0]/D
                               19.56          21.00 f        -1.44  (VIOLATED)
   reuse/cfg_mem_reg[5][1]/D
                               19.56          21.00 f        -1.44  (VIOLATED)
   reuse/cfg_mem_reg[5][2]/D
                               19.56          21.00 f        -1.44  (VIOLATED)
   reuse/cfg_mem_reg[5][3]/D
                               19.56          21.00 f        -1.44  (VIOLATED)
   reuse/cfg_mem_reg[5][4]/D
                               19.56          21.00 f        -1.44  (VIOLATED)
   reuse/cfg_mem_reg[5][5]/D
                               19.56          21.00 f        -1.44  (VIOLATED)
   reuse/cfg_mem_reg[5][6]/D
                               19.56          21.00 f        -1.44  (VIOLATED)
   reuse/cfg_mem_reg[6][0]/D
                               19.56          21.00 f        -1.44  (VIOLATED)
   reuse/cfg_mem_reg[6][1]/D
                               19.56          21.00 f        -1.44  (VIOLATED)
   reuse/cfg_mem_reg[6][2]/D
                               19.56          21.00 f        -1.44  (VIOLATED)
   reuse/cfg_mem_reg[6][3]/D
                               19.56          21.00 f        -1.44  (VIOLATED)
   reuse/cfg_mem_reg[6][4]/D
                               19.56          21.00 f        -1.44  (VIOLATED)
   reuse/cfg_mem_reg[6][5]/D
                               19.56          21.00 f        -1.44  (VIOLATED)
   reuse/cfg_mem_reg[6][6]/D
                               19.56          21.00 f        -1.44  (VIOLATED)
   reuse/col_mem_reg[4][0]/D
                               19.56          21.00 f        -1.44  (VIOLATED)
   reuse/col_mem_reg[4][1]/D
                               19.56          21.00 f        -1.44  (VIOLATED)
   reuse/col_mem_reg[4][2]/D
                               19.56          21.00 f        -1.44  (VIOLATED)
   reuse/col_mem_reg[4][3]/D
                               19.56          21.00 f        -1.44  (VIOLATED)
   reuse/col_mem_reg[4][4]/D
                               19.56          21.00 f        -1.44  (VIOLATED)
   reuse/col_mem_reg[4][5]/D
                               19.56          21.00 f        -1.44  (VIOLATED)
   reuse/col_mem_reg[4][6]/D
                               19.56          21.00 f        -1.44  (VIOLATED)
   reuse/col_mem_reg[4][7]/D
                               19.56          21.00 f        -1.44  (VIOLATED)
   reuse/col_mem_reg[4][8]/D
                               19.56          21.00 f        -1.44  (VIOLATED)
   reuse/col_mem_reg[4][9]/D
                               19.56          21.00 f        -1.44  (VIOLATED)
   reuse/col_mem_reg[5][0]/D
                               19.56          21.00 f        -1.44  (VIOLATED)
   reuse/col_mem_reg[5][1]/D
                               19.56          21.00 f        -1.44  (VIOLATED)
   reuse/col_mem_reg[5][2]/D
                               19.56          21.00 f        -1.44  (VIOLATED)
   reuse/col_mem_reg[5][3]/D
                               19.56          21.00 f        -1.44  (VIOLATED)
   reuse/col_mem_reg[5][4]/D
                               19.56          21.00 f        -1.44  (VIOLATED)
   reuse/col_mem_reg[5][5]/D
                               19.56          21.00 f        -1.44  (VIOLATED)
   reuse/col_mem_reg[5][6]/D
                               19.56          21.00 f        -1.44  (VIOLATED)
   reuse/col_mem_reg[5][7]/D
                               19.56          21.00 f        -1.44  (VIOLATED)
   reuse/col_mem_reg[5][8]/D
                               19.56          21.00 f        -1.44  (VIOLATED)
   reuse/col_mem_reg[5][9]/D
                               19.56          21.00 f        -1.44  (VIOLATED)
   reuse/col_mem_reg[6][0]/D
                               19.56          21.00 f        -1.44  (VIOLATED)
   reuse/col_mem_reg[6][1]/D
                               19.56          21.00 f        -1.44  (VIOLATED)
   reuse/col_mem_reg[6][2]/D
                               19.56          21.00 f        -1.44  (VIOLATED)
   reuse/col_mem_reg[6][3]/D
                               19.56          21.00 f        -1.44  (VIOLATED)
   reuse/col_mem_reg[6][4]/D
                               19.56          21.00 f        -1.44  (VIOLATED)
   reuse/col_mem_reg[6][5]/D
                               19.56          21.00 f        -1.44  (VIOLATED)
   reuse/col_mem_reg[6][6]/D
                               19.56          21.00 f        -1.44  (VIOLATED)
   reuse/col_mem_reg[6][7]/D
                               19.56          21.00 f        -1.44  (VIOLATED)
   reuse/col_mem_reg[6][8]/D
                               19.56          21.00 f        -1.44  (VIOLATED)
   reuse/col_mem_reg[6][9]/D
                               19.56          21.00 f        -1.44  (VIOLATED)
   reuse/row_mem_reg[4][0]/D
                               19.56          21.00 f        -1.44  (VIOLATED)
   reuse/row_mem_reg[4][1]/D
                               19.56          21.00 f        -1.44  (VIOLATED)
   reuse/row_mem_reg[4][2]/D
                               19.56          21.00 f        -1.44  (VIOLATED)
   reuse/row_mem_reg[4][3]/D
                               19.56          21.00 f        -1.44  (VIOLATED)
   reuse/row_mem_reg[4][4]/D
                               19.56          21.00 f        -1.44  (VIOLATED)
   reuse/row_mem_reg[4][5]/D
                               19.56          21.00 f        -1.44  (VIOLATED)
   reuse/row_mem_reg[4][6]/D
                               19.56          21.00 f        -1.44  (VIOLATED)
   reuse/row_mem_reg[4][7]/D
                               19.56          21.00 f        -1.44  (VIOLATED)
   reuse/row_mem_reg[4][8]/D
                               19.56          21.00 f        -1.44  (VIOLATED)
   reuse/row_mem_reg[4][9]/D
                               19.56          21.00 f        -1.44  (VIOLATED)
   reuse/row_mem_reg[5][0]/D
                               19.56          21.00 f        -1.44  (VIOLATED)
   reuse/row_mem_reg[5][1]/D
                               19.56          21.00 f        -1.44  (VIOLATED)
   reuse/row_mem_reg[5][2]/D
                               19.56          21.00 f        -1.44  (VIOLATED)
   reuse/row_mem_reg[5][3]/D
                               19.56          21.00 f        -1.44  (VIOLATED)
   reuse/row_mem_reg[5][4]/D
                               19.56          21.00 f        -1.44  (VIOLATED)
   reuse/row_mem_reg[5][5]/D
                               19.56          21.00 f        -1.44  (VIOLATED)
   reuse/row_mem_reg[5][6]/D
                               19.56          21.00 f        -1.44  (VIOLATED)
   reuse/row_mem_reg[5][7]/D
                               19.56          21.00 f        -1.44  (VIOLATED)
   reuse/row_mem_reg[5][8]/D
                               19.56          21.00 f        -1.44  (VIOLATED)
   reuse/row_mem_reg[5][9]/D
                               19.56          21.00 f        -1.44  (VIOLATED)
   reuse/row_mem_reg[6][0]/D
                               19.56          21.00 f        -1.44  (VIOLATED)
   reuse/row_mem_reg[6][1]/D
                               19.56          21.00 f        -1.44  (VIOLATED)
   reuse/row_mem_reg[6][2]/D
                               19.56          21.00 f        -1.44  (VIOLATED)
   reuse/row_mem_reg[6][3]/D
                               19.56          21.00 f        -1.44  (VIOLATED)
   reuse/row_mem_reg[6][4]/D
                               19.56          21.00 f        -1.44  (VIOLATED)
   reuse/row_mem_reg[6][5]/D
                               19.56          21.00 f        -1.44  (VIOLATED)
   reuse/row_mem_reg[6][6]/D
                               19.56          21.00 f        -1.44  (VIOLATED)
   reuse/row_mem_reg[6][7]/D
                               19.56          21.00 f        -1.44  (VIOLATED)
   reuse/row_mem_reg[6][8]/D
                               19.56          21.00 f        -1.44  (VIOLATED)
   reuse/row_mem_reg[6][9]/D
                               19.56          21.00 f        -1.44  (VIOLATED)
   reuse/valid_mem_reg[0]/D    19.49          20.88 f        -1.39  (VIOLATED)
   reuse/valid_mem_reg[1]/D    19.49          20.88 f        -1.39  (VIOLATED)
   reuse/valid_mem_reg[2]/D    19.49          20.88 f        -1.39  (VIOLATED)
   reuse/valid_mem_reg[3]/D    19.49          20.88 f        -1.39  (VIOLATED)
   reuse/occupancy_o_reg[3]/D
                               19.47          20.42 f        -0.96  (VIOLATED)
   reuse/valid_mem_reg[7]/D    19.49          20.17 f        -0.68  (VIOLATED)
   reuse/valid_mem_reg[4]/D    19.49          20.08 f        -0.59  (VIOLATED)
   reuse/valid_mem_reg[5]/D    19.49          20.08 f        -0.59  (VIOLATED)
   reuse/valid_mem_reg[6]/D    19.49          20.08 f        -0.59  (VIOLATED)


   max_transition

                             Required        Actual
   Net                      Transition     Transition        Slack
   -----------------------------------------------------------------
   hybrid_cfg_mask[6]           3.00          10.66          -7.66  (VIOLATED)
       PIN :   hybrids/U107/A
                                3.00          10.66          -7.66  (VIOLATED)
       PIN :   hybrids/U114/A
                                3.00          10.66          -7.66  (VIOLATED)
       PIN :   hybrids/U121/A
                                3.00          10.66          -7.66  (VIOLATED)
       PIN :   hybrids/U128/A
                                3.00          10.66          -7.66  (VIOLATED)
       PIN :   hybrids/U135/A
                                3.00          10.66          -7.66  (VIOLATED)
       PIN :   hybrids/U142/A
                                3.00          10.66          -7.66  (VIOLATED)
       PIN :   hybrids/U149/A
                                3.00          10.66          -7.66  (VIOLATED)
       PIN :   hybrids/U156/A
                                3.00          10.66          -7.66  (VIOLATED)
       PIN :   hybrids/U163/A
                                3.00          10.66          -7.66  (VIOLATED)
       PIN :   hybrids/U170/A
                                3.00          10.66          -7.66  (VIOLATED)
       PIN :   hybrids/U177/A
                                3.00          10.66          -7.66  (VIOLATED)
       PIN :   hybrids/U184/A
                                3.00          10.66          -7.66  (VIOLATED)
       PIN :   hybrids/U191/A
                                3.00          10.66          -7.66  (VIOLATED)
       PIN :   hybrids/U198/A
                                3.00          10.66          -7.66  (VIOLATED)
       PIN :   hybrids/U110/A
                                3.00          10.66          -7.66  (VIOLATED)
       PIN :   hybrids/U117/A
                                3.00          10.66          -7.66  (VIOLATED)
       PIN :   hybrids/U124/A
                                3.00          10.66          -7.66  (VIOLATED)
       PIN :   hybrids/U131/A
                                3.00          10.66          -7.66  (VIOLATED)
       PIN :   hybrids/U138/A
                                3.00          10.66          -7.66  (VIOLATED)
       PIN :   hybrids/U145/A
                                3.00          10.66          -7.66  (VIOLATED)
       PIN :   hybrids/U152/A
                                3.00          10.66          -7.66  (VIOLATED)
       PIN :   hybrids/U159/A
                                3.00          10.66          -7.66  (VIOLATED)
       PIN :   hybrids/U166/A
                                3.00          10.66          -7.66  (VIOLATED)
       PIN :   hybrids/U173/A
                                3.00          10.66          -7.66  (VIOLATED)
       PIN :   hybrids/U180/A
                                3.00          10.66          -7.66  (VIOLATED)
       PIN :   hybrids/U187/A
                                3.00          10.66          -7.66  (VIOLATED)
       PIN :   hybrids/U194/A
                                3.00          10.66          -7.66  (VIOLATED)
       PIN :   hybrids/U201/A
                                3.00          10.66          -7.66  (VIOLATED)
       PIN :   U83/A            3.00          10.66          -7.66  (VIOLATED)
       PIN :   U95/B0           3.00          10.66          -7.66  (VIOLATED)
       PIN :   U97/Y            3.00          10.66          -7.66  (VIOLATED)
       PIN :   hybrids/U113/A
                                3.00          10.66          -7.66  (VIOLATED)
       PIN :   hybrids/U120/A
                                3.00          10.66          -7.66  (VIOLATED)
       PIN :   hybrids/U127/A
                                3.00          10.66          -7.66  (VIOLATED)
       PIN :   hybrids/U134/A
                                3.00          10.66          -7.66  (VIOLATED)
       PIN :   hybrids/U141/A
                                3.00          10.66          -7.66  (VIOLATED)
       PIN :   hybrids/U148/A
                                3.00          10.66          -7.66  (VIOLATED)
       PIN :   hybrids/U155/A
                                3.00          10.66          -7.66  (VIOLATED)
       PIN :   hybrids/U162/A
                                3.00          10.66          -7.66  (VIOLATED)
       PIN :   hybrids/U169/A
                                3.00          10.66          -7.66  (VIOLATED)
       PIN :   hybrids/U176/A
                                3.00          10.66          -7.66  (VIOLATED)
       PIN :   hybrids/U183/A
                                3.00          10.66          -7.66  (VIOLATED)
       PIN :   hybrids/U190/A
                                3.00          10.66          -7.66  (VIOLATED)
       PIN :   hybrids/U197/A
                                3.00          10.66          -7.66  (VIOLATED)
       PIN :   hybrids/U204/A
                                3.00          10.66          -7.66  (VIOLATED)
   pivots/n179                  3.00           9.17          -6.17  (VIOLATED)
       PIN :   pivots/U144/S0
                                3.00           9.17          -6.17  (VIOLATED)
       PIN :   pivots/U143/S0
                                3.00           9.17          -6.17  (VIOLATED)
       PIN :   pivots/U142/S0
                                3.00           9.17          -6.17  (VIOLATED)
       PIN :   pivots/U141/S0
                                3.00           9.17          -6.17  (VIOLATED)
       PIN :   pivots/U140/S0
                                3.00           9.17          -6.17  (VIOLATED)
       PIN :   pivots/U139/S0
                                3.00           9.17          -6.17  (VIOLATED)
       PIN :   pivots/U138/S0
                                3.00           9.17          -6.17  (VIOLATED)
       PIN :   pivots/U137/S0
                                3.00           9.17          -6.17  (VIOLATED)
       PIN :   pivots/U136/S0
                                3.00           9.17          -6.17  (VIOLATED)
       PIN :   pivots/U135/S0
                                3.00           9.17          -6.17  (VIOLATED)
       PIN :   pivots/U126/S0
                                3.00           9.17          -6.17  (VIOLATED)
       PIN :   pivots/U125/S0
                                3.00           9.17          -6.17  (VIOLATED)
       PIN :   pivots/U124/S0
                                3.00           9.17          -6.17  (VIOLATED)
       PIN :   pivots/U123/S0
                                3.00           9.17          -6.17  (VIOLATED)
       PIN :   pivots/U122/S0
                                3.00           9.17          -6.17  (VIOLATED)
       PIN :   pivots/U121/S0
                                3.00           9.17          -6.17  (VIOLATED)
       PIN :   pivots/U120/S0
                                3.00           9.17          -6.17  (VIOLATED)
       PIN :   pivots/U119/S0
                                3.00           9.17          -6.17  (VIOLATED)
       PIN :   pivots/U118/S0
                                3.00           9.17          -6.17  (VIOLATED)
       PIN :   pivots/U117/S0
                                3.00           9.17          -6.17  (VIOLATED)
       PIN :   pivots/U72/B0
                                3.00           9.17          -6.17  (VIOLATED)
       PIN :   pivots/U145/Y
                                3.00           9.17          -6.17  (VIOLATED)
   reuse_cfg_mask[6]            3.00           8.72          -5.72  (VIOLATED)
       PIN :   reuse/U88/A      3.00           8.72          -5.72  (VIOLATED)
       PIN :   reuse/U95/A      3.00           8.72          -5.72  (VIOLATED)
       PIN :   reuse/U102/A     3.00           8.72          -5.72  (VIOLATED)
       PIN :   reuse/U109/A     3.00           8.72          -5.72  (VIOLATED)
       PIN :   reuse/U116/A     3.00           8.72          -5.72  (VIOLATED)
       PIN :   reuse/U123/A     3.00           8.72          -5.72  (VIOLATED)
       PIN :   reuse/U130/A     3.00           8.72          -5.72  (VIOLATED)
       PIN :   reuse/U137/A     3.00           8.72          -5.72  (VIOLATED)
       PIN :   reuse/U144/A     3.00           8.72          -5.72  (VIOLATED)
       PIN :   reuse/U151/A     3.00           8.72          -5.72  (VIOLATED)
       PIN :   reuse/U158/A     3.00           8.72          -5.72  (VIOLATED)
       PIN :   reuse/U165/A     3.00           8.72          -5.72  (VIOLATED)
       PIN :   reuse/U91/A      3.00           8.72          -5.72  (VIOLATED)
       PIN :   reuse/U98/A      3.00           8.72          -5.72  (VIOLATED)
       PIN :   reuse/U105/A     3.00           8.72          -5.72  (VIOLATED)
       PIN :   reuse/U112/A     3.00           8.72          -5.72  (VIOLATED)
       PIN :   reuse/U119/A     3.00           8.72          -5.72  (VIOLATED)
       PIN :   reuse/U126/A     3.00           8.72          -5.72  (VIOLATED)
       PIN :   reuse/U133/A     3.00           8.72          -5.72  (VIOLATED)
       PIN :   reuse/U140/A     3.00           8.72          -5.72  (VIOLATED)
       PIN :   reuse/U147/A     3.00           8.72          -5.72  (VIOLATED)
       PIN :   reuse/U154/A     3.00           8.72          -5.72  (VIOLATED)
       PIN :   reuse/U161/A     3.00           8.72          -5.72  (VIOLATED)
       PIN :   reuse/U168/A     3.00           8.72          -5.72  (VIOLATED)
       PIN :   U83/Y            3.00           8.72          -5.72  (VIOLATED)
       PIN :   reuse/U94/A      3.00           8.72          -5.72  (VIOLATED)
       PIN :   reuse/U101/A     3.00           8.72          -5.72  (VIOLATED)
       PIN :   reuse/U108/A     3.00           8.72          -5.72  (VIOLATED)
       PIN :   reuse/U115/A     3.00           8.72          -5.72  (VIOLATED)
       PIN :   reuse/U122/A     3.00           8.72          -5.72  (VIOLATED)
       PIN :   reuse/U129/A     3.00           8.72          -5.72  (VIOLATED)
       PIN :   reuse/U136/A     3.00           8.72          -5.72  (VIOLATED)
       PIN :   reuse/U143/A     3.00           8.72          -5.72  (VIOLATED)
       PIN :   reuse/U150/A     3.00           8.72          -5.72  (VIOLATED)
       PIN :   reuse/U157/A     3.00           8.72          -5.72  (VIOLATED)
       PIN :   reuse/U164/A     3.00           8.72          -5.72  (VIOLATED)
       PIN :   reuse/U171/A     3.00           8.72          -5.72  (VIOLATED)
   counters/n81                 3.00           7.60          -4.60  (VIOLATED)
       PIN :   counters/U949/A
                                3.00           7.60          -4.60  (VIOLATED)
       PIN :   counters/U925/A0
                                3.00           7.60          -4.60  (VIOLATED)
       PIN :   counters/U921/A0
                                3.00           7.60          -4.60  (VIOLATED)
       PIN :   counters/U918/A0
                                3.00           7.60          -4.60  (VIOLATED)
       PIN :   counters/U914/A0
                                3.00           7.60          -4.60  (VIOLATED)
       PIN :   counters/U912/A0
                                3.00           7.60          -4.60  (VIOLATED)
       PIN :   counters/U910/A0
                                3.00           7.60          -4.60  (VIOLATED)
       PIN :   counters/U908/A0
                                3.00           7.60          -4.60  (VIOLATED)
       PIN :   counters/U903/A1
                                3.00           7.60          -4.60  (VIOLATED)
       PIN :   counters/U901/A1
                                3.00           7.60          -4.60  (VIOLATED)
       PIN :   counters/U899/A1
                                3.00           7.60          -4.60  (VIOLATED)
       PIN :   counters/U653/B
                                3.00           7.60          -4.60  (VIOLATED)
       PIN :   counters/U652/A1
                                3.00           7.60          -4.60  (VIOLATED)
       PIN :   counters/U605/A1
                                3.00           7.60          -4.60  (VIOLATED)
       PIN :   counters/U593/A1
                                3.00           7.60          -4.60  (VIOLATED)
       PIN :   counters/U581/A1
                                3.00           7.60          -4.60  (VIOLATED)
       PIN :   counters/U569/A1
                                3.00           7.60          -4.60  (VIOLATED)
       PIN :   counters/U557/A1
                                3.00           7.60          -4.60  (VIOLATED)
       PIN :   counters/U546/A1
                                3.00           7.60          -4.60  (VIOLATED)
       PIN :   counters/U534/A1
                                3.00           7.60          -4.60  (VIOLATED)
       PIN :   counters/U524/A1
                                3.00           7.60          -4.60  (VIOLATED)
       PIN :   counters/U512/A1
                                3.00           7.60          -4.60  (VIOLATED)
       PIN :   counters/U501/A1
                                3.00           7.60          -4.60  (VIOLATED)
       PIN :   counters/U489/A1
                                3.00           7.60          -4.60  (VIOLATED)
       PIN :   counters/U356/A0
                                3.00           7.60          -4.60  (VIOLATED)
       PIN :   counters/U355/A0
                                3.00           7.60          -4.60  (VIOLATED)
       PIN :   counters/U354/A0
                                3.00           7.60          -4.60  (VIOLATED)
       PIN :   counters/U353/A0
                                3.00           7.60          -4.60  (VIOLATED)
       PIN :   counters/U352/A0
                                3.00           7.60          -4.60  (VIOLATED)
       PIN :   counters/U351/A0
                                3.00           7.60          -4.60  (VIOLATED)
       PIN :   counters/U350/A0
                                3.00           7.60          -4.60  (VIOLATED)
       PIN :   counters/U348/A0
                                3.00           7.60          -4.60  (VIOLATED)
       PIN :   counters/U347/A0
                                3.00           7.60          -4.60  (VIOLATED)
       PIN :   counters/U346/A0
                                3.00           7.60          -4.60  (VIOLATED)
       PIN :   counters/U294/B
                                3.00           7.60          -4.60  (VIOLATED)
       PIN :   counters/U293/A1
                                3.00           7.60          -4.60  (VIOLATED)
       PIN :   counters/U279/A1
                                3.00           7.60          -4.60  (VIOLATED)
       PIN :   counters/U269/A1
                                3.00           7.60          -4.60  (VIOLATED)
       PIN :   counters/U259/A1
                                3.00           7.60          -4.60  (VIOLATED)
       PIN :   counters/U249/A1
                                3.00           7.60          -4.60  (VIOLATED)
       PIN :   counters/U239/A1
                                3.00           7.60          -4.60  (VIOLATED)
       PIN :   counters/U229/A1
                                3.00           7.60          -4.60  (VIOLATED)
       PIN :   counters/U219/A1
                                3.00           7.60          -4.60  (VIOLATED)
       PIN :   counters/U209/A1
                                3.00           7.60          -4.60  (VIOLATED)
       PIN :   counters/U199/A1
                                3.00           7.60          -4.60  (VIOLATED)
       PIN :   counters/U189/A1
                                3.00           7.60          -4.60  (VIOLATED)
       PIN :   counters/U179/A1
                                3.00           7.60          -4.60  (VIOLATED)
       PIN :   counters/U950/Y
                                3.00           7.60          -4.60  (VIOLATED)
   reuse_cfg_mask[5]            3.00           7.46          -4.46  (VIOLATED)
       PIN :   reuse/U90/A      3.00           7.46          -4.46  (VIOLATED)
       PIN :   reuse/U97/A      3.00           7.46          -4.46  (VIOLATED)
       PIN :   reuse/U104/A     3.00           7.46          -4.46  (VIOLATED)
       PIN :   reuse/U111/A     3.00           7.46          -4.46  (VIOLATED)
       PIN :   reuse/U118/A     3.00           7.46          -4.46  (VIOLATED)
       PIN :   reuse/U125/A     3.00           7.46          -4.46  (VIOLATED)
       PIN :   reuse/U132/A     3.00           7.46          -4.46  (VIOLATED)
       PIN :   reuse/U139/A     3.00           7.46          -4.46  (VIOLATED)
       PIN :   reuse/U146/A     3.00           7.46          -4.46  (VIOLATED)
       PIN :   reuse/U153/A     3.00           7.46          -4.46  (VIOLATED)
       PIN :   reuse/U160/A     3.00           7.46          -4.46  (VIOLATED)
       PIN :   reuse/U167/A     3.00           7.46          -4.46  (VIOLATED)
       PIN :   U84/Y            3.00           7.46          -4.46  (VIOLATED)
       PIN :   reuse/U93/A      3.00           7.46          -4.46  (VIOLATED)
       PIN :   reuse/U100/A     3.00           7.46          -4.46  (VIOLATED)
       PIN :   reuse/U107/A     3.00           7.46          -4.46  (VIOLATED)
       PIN :   reuse/U114/A     3.00           7.46          -4.46  (VIOLATED)
       PIN :   reuse/U121/A     3.00           7.46          -4.46  (VIOLATED)
       PIN :   reuse/U128/A     3.00           7.46          -4.46  (VIOLATED)
       PIN :   reuse/U135/A     3.00           7.46          -4.46  (VIOLATED)
       PIN :   reuse/U142/A     3.00           7.46          -4.46  (VIOLATED)
       PIN :   reuse/U149/A     3.00           7.46          -4.46  (VIOLATED)
       PIN :   reuse/U156/A     3.00           7.46          -4.46  (VIOLATED)
       PIN :   reuse/U163/A     3.00           7.46          -4.46  (VIOLATED)
       PIN :   reuse/U170/A     3.00           7.46          -4.46  (VIOLATED)
   hybrids/n611                 3.00           6.85          -3.85  (VIOLATED)
       PIN :   hybrids/U602/S0
                                3.00           6.85          -3.85  (VIOLATED)
       PIN :   hybrids/U601/S0
                                3.00           6.85          -3.85  (VIOLATED)
       PIN :   hybrids/U600/S0
                                3.00           6.85          -3.85  (VIOLATED)
       PIN :   hybrids/U562/S0
                                3.00           6.85          -3.85  (VIOLATED)
       PIN :   hybrids/U494/S0
                                3.00           6.85          -3.85  (VIOLATED)
       PIN :   hybrids/U493/S0
                                3.00           6.85          -3.85  (VIOLATED)
       PIN :   hybrids/U492/S0
                                3.00           6.85          -3.85  (VIOLATED)
       PIN :   hybrids/U491/S0
                                3.00           6.85          -3.85  (VIOLATED)
       PIN :   hybrids/U490/S0
                                3.00           6.85          -3.85  (VIOLATED)
       PIN :   hybrids/U489/S0
                                3.00           6.85          -3.85  (VIOLATED)
       PIN :   hybrids/U488/S0
                                3.00           6.85          -3.85  (VIOLATED)
       PIN :   hybrids/U487/S0
                                3.00           6.85          -3.85  (VIOLATED)
       PIN :   hybrids/U486/S0
                                3.00           6.85          -3.85  (VIOLATED)
       PIN :   hybrids/U485/S0
                                3.00           6.85          -3.85  (VIOLATED)
       PIN :   hybrids/U354/S0
                                3.00           6.85          -3.85  (VIOLATED)
       PIN :   hybrids/U353/S0
                                3.00           6.85          -3.85  (VIOLATED)
       PIN :   hybrids/U352/S0
                                3.00           6.85          -3.85  (VIOLATED)
       PIN :   hybrids/U351/S0
                                3.00           6.85          -3.85  (VIOLATED)
       PIN :   hybrids/U350/S0
                                3.00           6.85          -3.85  (VIOLATED)
       PIN :   hybrids/U349/S0
                                3.00           6.85          -3.85  (VIOLATED)
       PIN :   hybrids/U348/S0
                                3.00           6.85          -3.85  (VIOLATED)
       PIN :   hybrids/U347/S0
                                3.00           6.85          -3.85  (VIOLATED)
       PIN :   hybrids/U346/S0
                                3.00           6.85          -3.85  (VIOLATED)
       PIN :   hybrids/U345/S0
                                3.00           6.85          -3.85  (VIOLATED)
       PIN :   hybrids/U250/S0
                                3.00           6.85          -3.85  (VIOLATED)
       PIN :   hybrids/U249/S0
                                3.00           6.85          -3.85  (VIOLATED)
       PIN :   hybrids/U248/S0
                                3.00           6.85          -3.85  (VIOLATED)
       PIN :   hybrids/U247/S0
                                3.00           6.85          -3.85  (VIOLATED)
       PIN :   hybrids/U211/B0
                                3.00           6.85          -3.85  (VIOLATED)
       PIN :   hybrids/U155/S0
                                3.00           6.85          -3.85  (VIOLATED)
       PIN :   hybrids/U154/S0
                                3.00           6.85          -3.85  (VIOLATED)
       PIN :   hybrids/U153/S0
                                3.00           6.85          -3.85  (VIOLATED)
       PIN :   hybrids/U152/S0
                                3.00           6.85          -3.85  (VIOLATED)
       PIN :   hybrids/U151/S0
                                3.00           6.85          -3.85  (VIOLATED)
       PIN :   hybrids/U150/S0
                                3.00           6.85          -3.85  (VIOLATED)
       PIN :   hybrids/U149/S0
                                3.00           6.85          -3.85  (VIOLATED)
       PIN :   hybrids/U603/Y
                                3.00           6.85          -3.85  (VIOLATED)
   hybrids/n613                 3.00           6.85          -3.85  (VIOLATED)
       PIN :   hybrids/U594/S0
                                3.00           6.85          -3.85  (VIOLATED)
       PIN :   hybrids/U593/S0
                                3.00           6.85          -3.85  (VIOLATED)
       PIN :   hybrids/U592/S0
                                3.00           6.85          -3.85  (VIOLATED)
       PIN :   hybrids/U560/S0
                                3.00           6.85          -3.85  (VIOLATED)
       PIN :   hybrids/U474/S0
                                3.00           6.85          -3.85  (VIOLATED)
       PIN :   hybrids/U473/S0
                                3.00           6.85          -3.85  (VIOLATED)
       PIN :   hybrids/U472/S0
                                3.00           6.85          -3.85  (VIOLATED)
       PIN :   hybrids/U471/S0
                                3.00           6.85          -3.85  (VIOLATED)
       PIN :   hybrids/U470/S0
                                3.00           6.85          -3.85  (VIOLATED)
       PIN :   hybrids/U469/S0
                                3.00           6.85          -3.85  (VIOLATED)
       PIN :   hybrids/U468/S0
                                3.00           6.85          -3.85  (VIOLATED)
       PIN :   hybrids/U467/S0
                                3.00           6.85          -3.85  (VIOLATED)
       PIN :   hybrids/U466/S0
                                3.00           6.85          -3.85  (VIOLATED)
       PIN :   hybrids/U465/S0
                                3.00           6.85          -3.85  (VIOLATED)
       PIN :   hybrids/U334/S0
                                3.00           6.85          -3.85  (VIOLATED)
       PIN :   hybrids/U333/S0
                                3.00           6.85          -3.85  (VIOLATED)
       PIN :   hybrids/U332/S0
                                3.00           6.85          -3.85  (VIOLATED)
       PIN :   hybrids/U331/S0
                                3.00           6.85          -3.85  (VIOLATED)
       PIN :   hybrids/U330/S0
                                3.00           6.85          -3.85  (VIOLATED)
       PIN :   hybrids/U329/S0
                                3.00           6.85          -3.85  (VIOLATED)
       PIN :   hybrids/U328/S0
                                3.00           6.85          -3.85  (VIOLATED)
       PIN :   hybrids/U327/S0
                                3.00           6.85          -3.85  (VIOLATED)
       PIN :   hybrids/U326/S0
                                3.00           6.85          -3.85  (VIOLATED)
       PIN :   hybrids/U325/S0
                                3.00           6.85          -3.85  (VIOLATED)
       PIN :   hybrids/U242/S0
                                3.00           6.85          -3.85  (VIOLATED)
       PIN :   hybrids/U241/S0
                                3.00           6.85          -3.85  (VIOLATED)
       PIN :   hybrids/U240/S0
                                3.00           6.85          -3.85  (VIOLATED)
       PIN :   hybrids/U239/S0
                                3.00           6.85          -3.85  (VIOLATED)
       PIN :   hybrids/U213/B0
                                3.00           6.85          -3.85  (VIOLATED)
       PIN :   hybrids/U169/S0
                                3.00           6.85          -3.85  (VIOLATED)
       PIN :   hybrids/U168/S0
                                3.00           6.85          -3.85  (VIOLATED)
       PIN :   hybrids/U167/S0
                                3.00           6.85          -3.85  (VIOLATED)
       PIN :   hybrids/U166/S0
                                3.00           6.85          -3.85  (VIOLATED)
       PIN :   hybrids/U165/S0
                                3.00           6.85          -3.85  (VIOLATED)
       PIN :   hybrids/U164/S0
                                3.00           6.85          -3.85  (VIOLATED)
       PIN :   hybrids/U163/S0
                                3.00           6.85          -3.85  (VIOLATED)
       PIN :   hybrids/U595/Y
                                3.00           6.85          -3.85  (VIOLATED)
   hybrids/n81                  3.00           6.17          -3.17  (VIOLATED)
       PIN :   hybrids/U618/S0
                                3.00           6.17          -3.17  (VIOLATED)
       PIN :   hybrids/U617/S0
                                3.00           6.17          -3.17  (VIOLATED)
       PIN :   hybrids/U565/S0
                                3.00           6.17          -3.17  (VIOLATED)
       PIN :   hybrids/U524/S0
                                3.00           6.17          -3.17  (VIOLATED)
       PIN :   hybrids/U523/S0
                                3.00           6.17          -3.17  (VIOLATED)
       PIN :   hybrids/U522/S0
                                3.00           6.17          -3.17  (VIOLATED)
       PIN :   hybrids/U521/S0
                                3.00           6.17          -3.17  (VIOLATED)
       PIN :   hybrids/U520/S0
                                3.00           6.17          -3.17  (VIOLATED)
       PIN :   hybrids/U519/S0
                                3.00           6.17          -3.17  (VIOLATED)
       PIN :   hybrids/U518/S0
                                3.00           6.17          -3.17  (VIOLATED)
       PIN :   hybrids/U517/S0
                                3.00           6.17          -3.17  (VIOLATED)
       PIN :   hybrids/U516/S0
                                3.00           6.17          -3.17  (VIOLATED)
       PIN :   hybrids/U515/S0
                                3.00           6.17          -3.17  (VIOLATED)
       PIN :   hybrids/U384/S0
                                3.00           6.17          -3.17  (VIOLATED)
       PIN :   hybrids/U383/S0
                                3.00           6.17          -3.17  (VIOLATED)
       PIN :   hybrids/U382/S0
                                3.00           6.17          -3.17  (VIOLATED)
       PIN :   hybrids/U381/S0
                                3.00           6.17          -3.17  (VIOLATED)
       PIN :   hybrids/U380/S0
                                3.00           6.17          -3.17  (VIOLATED)
       PIN :   hybrids/U379/S0
                                3.00           6.17          -3.17  (VIOLATED)
       PIN :   hybrids/U378/S0
                                3.00           6.17          -3.17  (VIOLATED)
       PIN :   hybrids/U377/S0
                                3.00           6.17          -3.17  (VIOLATED)
       PIN :   hybrids/U376/S0
                                3.00           6.17          -3.17  (VIOLATED)
       PIN :   hybrids/U375/S0
                                3.00           6.17          -3.17  (VIOLATED)
       PIN :   hybrids/U262/S0
                                3.00           6.17          -3.17  (VIOLATED)
       PIN :   hybrids/U261/S0
                                3.00           6.17          -3.17  (VIOLATED)
       PIN :   hybrids/U260/S0
                                3.00           6.17          -3.17  (VIOLATED)
       PIN :   hybrids/U259/S0
                                3.00           6.17          -3.17  (VIOLATED)
       PIN :   hybrids/U208/B0
                                3.00           6.17          -3.17  (VIOLATED)
       PIN :   hybrids/U134/S0
                                3.00           6.17          -3.17  (VIOLATED)
       PIN :   hybrids/U133/S0
                                3.00           6.17          -3.17  (VIOLATED)
       PIN :   hybrids/U132/S0
                                3.00           6.17          -3.17  (VIOLATED)
       PIN :   hybrids/U131/S0
                                3.00           6.17          -3.17  (VIOLATED)
       PIN :   hybrids/U130/S0
                                3.00           6.17          -3.17  (VIOLATED)
       PIN :   hybrids/U129/S0
                                3.00           6.17          -3.17  (VIOLATED)
       PIN :   hybrids/U128/S0
                                3.00           6.17          -3.17  (VIOLATED)
       PIN :   hybrids/U82/S0
                                3.00           6.17          -3.17  (VIOLATED)
       PIN :   hybrids/U619/Y
                                3.00           6.17          -3.17  (VIOLATED)
   hybrids/n83                  3.00           6.17          -3.17  (VIOLATED)
       PIN :   hybrids/U568/S0
                                3.00           6.17          -3.17  (VIOLATED)
       PIN :   hybrids/U544/S0
                                3.00           6.17          -3.17  (VIOLATED)
       PIN :   hybrids/U543/S0
                                3.00           6.17          -3.17  (VIOLATED)
       PIN :   hybrids/U542/S0
                                3.00           6.17          -3.17  (VIOLATED)
       PIN :   hybrids/U541/S0
                                3.00           6.17          -3.17  (VIOLATED)
       PIN :   hybrids/U540/S0
                                3.00           6.17          -3.17  (VIOLATED)
       PIN :   hybrids/U539/S0
                                3.00           6.17          -3.17  (VIOLATED)
       PIN :   hybrids/U538/S0
                                3.00           6.17          -3.17  (VIOLATED)
       PIN :   hybrids/U537/S0
                                3.00           6.17          -3.17  (VIOLATED)
       PIN :   hybrids/U536/S0
                                3.00           6.17          -3.17  (VIOLATED)
       PIN :   hybrids/U535/S0
                                3.00           6.17          -3.17  (VIOLATED)
       PIN :   hybrids/U404/S0
                                3.00           6.17          -3.17  (VIOLATED)
       PIN :   hybrids/U403/S0
                                3.00           6.17          -3.17  (VIOLATED)
       PIN :   hybrids/U402/S0
                                3.00           6.17          -3.17  (VIOLATED)
       PIN :   hybrids/U401/S0
                                3.00           6.17          -3.17  (VIOLATED)
       PIN :   hybrids/U400/S0
                                3.00           6.17          -3.17  (VIOLATED)
       PIN :   hybrids/U399/S0
                                3.00           6.17          -3.17  (VIOLATED)
       PIN :   hybrids/U398/S0
                                3.00           6.17          -3.17  (VIOLATED)
       PIN :   hybrids/U397/S0
                                3.00           6.17          -3.17  (VIOLATED)
       PIN :   hybrids/U396/S0
                                3.00           6.17          -3.17  (VIOLATED)
       PIN :   hybrids/U395/S0
                                3.00           6.17          -3.17  (VIOLATED)
       PIN :   hybrids/U270/S0
                                3.00           6.17          -3.17  (VIOLATED)
       PIN :   hybrids/U269/S0
                                3.00           6.17          -3.17  (VIOLATED)
       PIN :   hybrids/U268/S0
                                3.00           6.17          -3.17  (VIOLATED)
       PIN :   hybrids/U267/S0
                                3.00           6.17          -3.17  (VIOLATED)
       PIN :   hybrids/U206/B0
                                3.00           6.17          -3.17  (VIOLATED)
       PIN :   hybrids/U120/S0
                                3.00           6.17          -3.17  (VIOLATED)
       PIN :   hybrids/U119/S0
                                3.00           6.17          -3.17  (VIOLATED)
       PIN :   hybrids/U118/S0
                                3.00           6.17          -3.17  (VIOLATED)
       PIN :   hybrids/U117/S0
                                3.00           6.17          -3.17  (VIOLATED)
       PIN :   hybrids/U116/S0
                                3.00           6.17          -3.17  (VIOLATED)
       PIN :   hybrids/U115/S0
                                3.00           6.17          -3.17  (VIOLATED)
       PIN :   hybrids/U114/S0
                                3.00           6.17          -3.17  (VIOLATED)
       PIN :   hybrids/U88/S0
                                3.00           6.17          -3.17  (VIOLATED)
       PIN :   hybrids/U87/S0
                                3.00           6.17          -3.17  (VIOLATED)
       PIN :   hybrids/U86/S0
                                3.00           6.17          -3.17  (VIOLATED)
       PIN :   hybrids/U569/Y
                                3.00           6.17          -3.17  (VIOLATED)
   hybrids/n610                 3.00           6.17          -3.17  (VIOLATED)
       PIN :   hybrids/U609/S0
                                3.00           6.17          -3.17  (VIOLATED)
       PIN :   hybrids/U608/S0
                                3.00           6.17          -3.17  (VIOLATED)
       PIN :   hybrids/U607/S0
                                3.00           6.17          -3.17  (VIOLATED)
       PIN :   hybrids/U563/S0
                                3.00           6.17          -3.17  (VIOLATED)
       PIN :   hybrids/U504/S0
                                3.00           6.17          -3.17  (VIOLATED)
       PIN :   hybrids/U503/S0
                                3.00           6.17          -3.17  (VIOLATED)
       PIN :   hybrids/U502/S0
                                3.00           6.17          -3.17  (VIOLATED)
       PIN :   hybrids/U501/S0
                                3.00           6.17          -3.17  (VIOLATED)
       PIN :   hybrids/U500/S0
                                3.00           6.17          -3.17  (VIOLATED)
       PIN :   hybrids/U499/S0
                                3.00           6.17          -3.17  (VIOLATED)
       PIN :   hybrids/U498/S0
                                3.00           6.17          -3.17  (VIOLATED)
       PIN :   hybrids/U497/S0
                                3.00           6.17          -3.17  (VIOLATED)
       PIN :   hybrids/U496/S0
                                3.00           6.17          -3.17  (VIOLATED)
       PIN :   hybrids/U495/S0
                                3.00           6.17          -3.17  (VIOLATED)
       PIN :   hybrids/U364/S0
                                3.00           6.17          -3.17  (VIOLATED)
       PIN :   hybrids/U363/S0
                                3.00           6.17          -3.17  (VIOLATED)
       PIN :   hybrids/U362/S0
                                3.00           6.17          -3.17  (VIOLATED)
       PIN :   hybrids/U361/S0
                                3.00           6.17          -3.17  (VIOLATED)
       PIN :   hybrids/U360/S0
                                3.00           6.17          -3.17  (VIOLATED)
       PIN :   hybrids/U359/S0
                                3.00           6.17          -3.17  (VIOLATED)
       PIN :   hybrids/U358/S0
                                3.00           6.17          -3.17  (VIOLATED)
       PIN :   hybrids/U357/S0
                                3.00           6.17          -3.17  (VIOLATED)
       PIN :   hybrids/U356/S0
                                3.00           6.17          -3.17  (VIOLATED)
       PIN :   hybrids/U355/S0
                                3.00           6.17          -3.17  (VIOLATED)
       PIN :   hybrids/U254/S0
                                3.00           6.17          -3.17  (VIOLATED)
       PIN :   hybrids/U253/S0
                                3.00           6.17          -3.17  (VIOLATED)
       PIN :   hybrids/U252/S0
                                3.00           6.17          -3.17  (VIOLATED)
       PIN :   hybrids/U251/S0
                                3.00           6.17          -3.17  (VIOLATED)
       PIN :   hybrids/U210/B0
                                3.00           6.17          -3.17  (VIOLATED)
       PIN :   hybrids/U148/S0
                                3.00           6.17          -3.17  (VIOLATED)
       PIN :   hybrids/U147/S0
                                3.00           6.17          -3.17  (VIOLATED)
       PIN :   hybrids/U146/S0
                                3.00           6.17          -3.17  (VIOLATED)
       PIN :   hybrids/U145/S0
                                3.00           6.17          -3.17  (VIOLATED)
       PIN :   hybrids/U144/S0
                                3.00           6.17          -3.17  (VIOLATED)
       PIN :   hybrids/U143/S0
                                3.00           6.17          -3.17  (VIOLATED)
       PIN :   hybrids/U142/S0
                                3.00           6.17          -3.17  (VIOLATED)
       PIN :   hybrids/U610/Y
                                3.00           6.17          -3.17  (VIOLATED)
   hybrids/n84                  3.00           6.17          -3.17  (VIOLATED)
       PIN :   hybrids/U570/S0
                                3.00           6.17          -3.17  (VIOLATED)
       PIN :   hybrids/U554/S0
                                3.00           6.17          -3.17  (VIOLATED)
       PIN :   hybrids/U553/S0
                                3.00           6.17          -3.17  (VIOLATED)
       PIN :   hybrids/U552/S0
                                3.00           6.17          -3.17  (VIOLATED)
       PIN :   hybrids/U551/S0
                                3.00           6.17          -3.17  (VIOLATED)
       PIN :   hybrids/U550/S0
                                3.00           6.17          -3.17  (VIOLATED)
       PIN :   hybrids/U549/S0
                                3.00           6.17          -3.17  (VIOLATED)
       PIN :   hybrids/U548/S0
                                3.00           6.17          -3.17  (VIOLATED)
       PIN :   hybrids/U547/S0
                                3.00           6.17          -3.17  (VIOLATED)
       PIN :   hybrids/U546/S0
                                3.00           6.17          -3.17  (VIOLATED)
       PIN :   hybrids/U545/S0
                                3.00           6.17          -3.17  (VIOLATED)
       PIN :   hybrids/U414/S0
                                3.00           6.17          -3.17  (VIOLATED)
       PIN :   hybrids/U413/S0
                                3.00           6.17          -3.17  (VIOLATED)
       PIN :   hybrids/U412/S0
                                3.00           6.17          -3.17  (VIOLATED)
       PIN :   hybrids/U411/S0
                                3.00           6.17          -3.17  (VIOLATED)
       PIN :   hybrids/U410/S0
                                3.00           6.17          -3.17  (VIOLATED)
       PIN :   hybrids/U409/S0
                                3.00           6.17          -3.17  (VIOLATED)
       PIN :   hybrids/U408/S0
                                3.00           6.17          -3.17  (VIOLATED)
       PIN :   hybrids/U407/S0
                                3.00           6.17          -3.17  (VIOLATED)
       PIN :   hybrids/U406/S0
                                3.00           6.17          -3.17  (VIOLATED)
       PIN :   hybrids/U405/S0
                                3.00           6.17          -3.17  (VIOLATED)
       PIN :   hybrids/U274/S0
                                3.00           6.17          -3.17  (VIOLATED)
       PIN :   hybrids/U273/S0
                                3.00           6.17          -3.17  (VIOLATED)
       PIN :   hybrids/U272/S0
                                3.00           6.17          -3.17  (VIOLATED)
       PIN :   hybrids/U271/S0
                                3.00           6.17          -3.17  (VIOLATED)
       PIN :   hybrids/U205/B0
                                3.00           6.17          -3.17  (VIOLATED)
       PIN :   hybrids/U113/S0
                                3.00           6.17          -3.17  (VIOLATED)
       PIN :   hybrids/U112/S0
                                3.00           6.17          -3.17  (VIOLATED)
       PIN :   hybrids/U111/S0
                                3.00           6.17          -3.17  (VIOLATED)
       PIN :   hybrids/U110/S0
                                3.00           6.17          -3.17  (VIOLATED)
       PIN :   hybrids/U109/S0
                                3.00           6.17          -3.17  (VIOLATED)
       PIN :   hybrids/U108/S0
                                3.00           6.17          -3.17  (VIOLATED)
       PIN :   hybrids/U107/S0
                                3.00           6.17          -3.17  (VIOLATED)
       PIN :   hybrids/U91/S0
                                3.00           6.17          -3.17  (VIOLATED)
       PIN :   hybrids/U90/S0
                                3.00           6.17          -3.17  (VIOLATED)
       PIN :   hybrids/U89/S0
                                3.00           6.17          -3.17  (VIOLATED)
       PIN :   hybrids/U571/Y
                                3.00           6.17          -3.17  (VIOLATED)
   hybrids/n609                 3.00           6.17          -3.17  (VIOLATED)
       PIN :   hybrids/U613/S0
                                3.00           6.17          -3.17  (VIOLATED)
       PIN :   hybrids/U612/S0
                                3.00           6.17          -3.17  (VIOLATED)
       PIN :   hybrids/U611/S0
                                3.00           6.17          -3.17  (VIOLATED)
       PIN :   hybrids/U564/S0
                                3.00           6.17          -3.17  (VIOLATED)
       PIN :   hybrids/U514/S0
                                3.00           6.17          -3.17  (VIOLATED)
       PIN :   hybrids/U513/S0
                                3.00           6.17          -3.17  (VIOLATED)
       PIN :   hybrids/U512/S0
                                3.00           6.17          -3.17  (VIOLATED)
       PIN :   hybrids/U511/S0
                                3.00           6.17          -3.17  (VIOLATED)
       PIN :   hybrids/U510/S0
                                3.00           6.17          -3.17  (VIOLATED)
       PIN :   hybrids/U509/S0
                                3.00           6.17          -3.17  (VIOLATED)
       PIN :   hybrids/U508/S0
                                3.00           6.17          -3.17  (VIOLATED)
       PIN :   hybrids/U507/S0
                                3.00           6.17          -3.17  (VIOLATED)
       PIN :   hybrids/U506/S0
                                3.00           6.17          -3.17  (VIOLATED)
       PIN :   hybrids/U505/S0
                                3.00           6.17          -3.17  (VIOLATED)
       PIN :   hybrids/U374/S0
                                3.00           6.17          -3.17  (VIOLATED)
       PIN :   hybrids/U373/S0
                                3.00           6.17          -3.17  (VIOLATED)
       PIN :   hybrids/U372/S0
                                3.00           6.17          -3.17  (VIOLATED)
       PIN :   hybrids/U371/S0
                                3.00           6.17          -3.17  (VIOLATED)
       PIN :   hybrids/U370/S0
                                3.00           6.17          -3.17  (VIOLATED)
       PIN :   hybrids/U369/S0
                                3.00           6.17          -3.17  (VIOLATED)
       PIN :   hybrids/U368/S0
                                3.00           6.17          -3.17  (VIOLATED)
       PIN :   hybrids/U367/S0
                                3.00           6.17          -3.17  (VIOLATED)
       PIN :   hybrids/U366/S0
                                3.00           6.17          -3.17  (VIOLATED)
       PIN :   hybrids/U365/S0
                                3.00           6.17          -3.17  (VIOLATED)
       PIN :   hybrids/U258/S0
                                3.00           6.17          -3.17  (VIOLATED)
       PIN :   hybrids/U257/S0
                                3.00           6.17          -3.17  (VIOLATED)
       PIN :   hybrids/U256/S0
                                3.00           6.17          -3.17  (VIOLATED)
       PIN :   hybrids/U255/S0
                                3.00           6.17          -3.17  (VIOLATED)
       PIN :   hybrids/U209/B0
                                3.00           6.17          -3.17  (VIOLATED)
       PIN :   hybrids/U141/S0
                                3.00           6.17          -3.17  (VIOLATED)
       PIN :   hybrids/U140/S0
                                3.00           6.17          -3.17  (VIOLATED)
       PIN :   hybrids/U139/S0
                                3.00           6.17          -3.17  (VIOLATED)
       PIN :   hybrids/U138/S0
                                3.00           6.17          -3.17  (VIOLATED)
       PIN :   hybrids/U137/S0
                                3.00           6.17          -3.17  (VIOLATED)
       PIN :   hybrids/U136/S0
                                3.00           6.17          -3.17  (VIOLATED)
       PIN :   hybrids/U135/S0
                                3.00           6.17          -3.17  (VIOLATED)
       PIN :   hybrids/U614/Y
                                3.00           6.17          -3.17  (VIOLATED)
   hybrids/n82                  3.00           6.17          -3.17  (VIOLATED)
       PIN :   hybrids/U566/S0
                                3.00           6.17          -3.17  (VIOLATED)
       PIN :   hybrids/U534/S0
                                3.00           6.17          -3.17  (VIOLATED)
       PIN :   hybrids/U533/S0
                                3.00           6.17          -3.17  (VIOLATED)
       PIN :   hybrids/U532/S0
                                3.00           6.17          -3.17  (VIOLATED)
       PIN :   hybrids/U531/S0
                                3.00           6.17          -3.17  (VIOLATED)
       PIN :   hybrids/U530/S0
                                3.00           6.17          -3.17  (VIOLATED)
       PIN :   hybrids/U529/S0
                                3.00           6.17          -3.17  (VIOLATED)
       PIN :   hybrids/U528/S0
                                3.00           6.17          -3.17  (VIOLATED)
       PIN :   hybrids/U527/S0
                                3.00           6.17          -3.17  (VIOLATED)
       PIN :   hybrids/U526/S0
                                3.00           6.17          -3.17  (VIOLATED)
       PIN :   hybrids/U525/S0
                                3.00           6.17          -3.17  (VIOLATED)
       PIN :   hybrids/U394/S0
                                3.00           6.17          -3.17  (VIOLATED)
       PIN :   hybrids/U393/S0
                                3.00           6.17          -3.17  (VIOLATED)
       PIN :   hybrids/U392/S0
                                3.00           6.17          -3.17  (VIOLATED)
       PIN :   hybrids/U391/S0
                                3.00           6.17          -3.17  (VIOLATED)
       PIN :   hybrids/U390/S0
                                3.00           6.17          -3.17  (VIOLATED)
       PIN :   hybrids/U389/S0
                                3.00           6.17          -3.17  (VIOLATED)
       PIN :   hybrids/U388/S0
                                3.00           6.17          -3.17  (VIOLATED)
       PIN :   hybrids/U387/S0
                                3.00           6.17          -3.17  (VIOLATED)
       PIN :   hybrids/U386/S0
                                3.00           6.17          -3.17  (VIOLATED)
       PIN :   hybrids/U385/S0
                                3.00           6.17          -3.17  (VIOLATED)
       PIN :   hybrids/U266/S0
                                3.00           6.17          -3.17  (VIOLATED)
       PIN :   hybrids/U265/S0
                                3.00           6.17          -3.17  (VIOLATED)
       PIN :   hybrids/U264/S0
                                3.00           6.17          -3.17  (VIOLATED)
       PIN :   hybrids/U263/S0
                                3.00           6.17          -3.17  (VIOLATED)
       PIN :   hybrids/U207/B0
                                3.00           6.17          -3.17  (VIOLATED)
       PIN :   hybrids/U127/S0
                                3.00           6.17          -3.17  (VIOLATED)
       PIN :   hybrids/U126/S0
                                3.00           6.17          -3.17  (VIOLATED)
       PIN :   hybrids/U125/S0
                                3.00           6.17          -3.17  (VIOLATED)
       PIN :   hybrids/U124/S0
                                3.00           6.17          -3.17  (VIOLATED)
       PIN :   hybrids/U123/S0
                                3.00           6.17          -3.17  (VIOLATED)
       PIN :   hybrids/U122/S0
                                3.00           6.17          -3.17  (VIOLATED)
       PIN :   hybrids/U121/S0
                                3.00           6.17          -3.17  (VIOLATED)
       PIN :   hybrids/U85/S0
                                3.00           6.17          -3.17  (VIOLATED)
       PIN :   hybrids/U84/S0
                                3.00           6.17          -3.17  (VIOLATED)
       PIN :   hybrids/U83/S0
                                3.00           6.17          -3.17  (VIOLATED)
       PIN :   hybrids/U567/Y
                                3.00           6.17          -3.17  (VIOLATED)
   hybrids/n615                 3.00           6.17          -3.17  (VIOLATED)
       PIN :   hybrids/U586/S0
                                3.00           6.17          -3.17  (VIOLATED)
       PIN :   hybrids/U585/S0
                                3.00           6.17          -3.17  (VIOLATED)
       PIN :   hybrids/U584/S0
                                3.00           6.17          -3.17  (VIOLATED)
       PIN :   hybrids/U558/S0
                                3.00           6.17          -3.17  (VIOLATED)
       PIN :   hybrids/U454/S0
                                3.00           6.17          -3.17  (VIOLATED)
       PIN :   hybrids/U453/S0
                                3.00           6.17          -3.17  (VIOLATED)
       PIN :   hybrids/U452/S0
                                3.00           6.17          -3.17  (VIOLATED)
       PIN :   hybrids/U451/S0
                                3.00           6.17          -3.17  (VIOLATED)
       PIN :   hybrids/U450/S0
                                3.00           6.17          -3.17  (VIOLATED)
       PIN :   hybrids/U449/S0
                                3.00           6.17          -3.17  (VIOLATED)
       PIN :   hybrids/U448/S0
                                3.00           6.17          -3.17  (VIOLATED)
       PIN :   hybrids/U447/S0
                                3.00           6.17          -3.17  (VIOLATED)
       PIN :   hybrids/U446/S0
                                3.00           6.17          -3.17  (VIOLATED)
       PIN :   hybrids/U445/S0
                                3.00           6.17          -3.17  (VIOLATED)
       PIN :   hybrids/U314/S0
                                3.00           6.17          -3.17  (VIOLATED)
       PIN :   hybrids/U313/S0
                                3.00           6.17          -3.17  (VIOLATED)
       PIN :   hybrids/U312/S0
                                3.00           6.17          -3.17  (VIOLATED)
       PIN :   hybrids/U311/S0
                                3.00           6.17          -3.17  (VIOLATED)
       PIN :   hybrids/U310/S0
                                3.00           6.17          -3.17  (VIOLATED)
       PIN :   hybrids/U309/S0
                                3.00           6.17          -3.17  (VIOLATED)
       PIN :   hybrids/U308/S0
                                3.00           6.17          -3.17  (VIOLATED)
       PIN :   hybrids/U307/S0
                                3.00           6.17          -3.17  (VIOLATED)
       PIN :   hybrids/U306/S0
                                3.00           6.17          -3.17  (VIOLATED)
       PIN :   hybrids/U305/S0
                                3.00           6.17          -3.17  (VIOLATED)
       PIN :   hybrids/U234/S0
                                3.00           6.17          -3.17  (VIOLATED)
       PIN :   hybrids/U233/S0
                                3.00           6.17          -3.17  (VIOLATED)
       PIN :   hybrids/U232/S0
                                3.00           6.17          -3.17  (VIOLATED)
       PIN :   hybrids/U231/S0
                                3.00           6.17          -3.17  (VIOLATED)
       PIN :   hybrids/U215/B0
                                3.00           6.17          -3.17  (VIOLATED)
       PIN :   hybrids/U183/S0
                                3.00           6.17          -3.17  (VIOLATED)
       PIN :   hybrids/U182/S0
                                3.00           6.17          -3.17  (VIOLATED)
       PIN :   hybrids/U181/S0
                                3.00           6.17          -3.17  (VIOLATED)
       PIN :   hybrids/U180/S0
                                3.00           6.17          -3.17  (VIOLATED)
       PIN :   hybrids/U179/S0
                                3.00           6.17          -3.17  (VIOLATED)
       PIN :   hybrids/U178/S0
                                3.00           6.17          -3.17  (VIOLATED)
       PIN :   hybrids/U177/S0
                                3.00           6.17          -3.17  (VIOLATED)
       PIN :   hybrids/U587/Y
                                3.00           6.17          -3.17  (VIOLATED)
   hybrids/n616                 3.00           6.17          -3.17  (VIOLATED)
       PIN :   hybrids/U582/S0
                                3.00           6.17          -3.17  (VIOLATED)
       PIN :   hybrids/U581/S0
                                3.00           6.17          -3.17  (VIOLATED)
       PIN :   hybrids/U580/S0
                                3.00           6.17          -3.17  (VIOLATED)
       PIN :   hybrids/U557/S0
                                3.00           6.17          -3.17  (VIOLATED)
       PIN :   hybrids/U444/S0
                                3.00           6.17          -3.17  (VIOLATED)
       PIN :   hybrids/U443/S0
                                3.00           6.17          -3.17  (VIOLATED)
       PIN :   hybrids/U442/S0
                                3.00           6.17          -3.17  (VIOLATED)
       PIN :   hybrids/U441/S0
                                3.00           6.17          -3.17  (VIOLATED)
       PIN :   hybrids/U440/S0
                                3.00           6.17          -3.17  (VIOLATED)
       PIN :   hybrids/U439/S0
                                3.00           6.17          -3.17  (VIOLATED)
       PIN :   hybrids/U438/S0
                                3.00           6.17          -3.17  (VIOLATED)
       PIN :   hybrids/U437/S0
                                3.00           6.17          -3.17  (VIOLATED)
       PIN :   hybrids/U436/S0
                                3.00           6.17          -3.17  (VIOLATED)
       PIN :   hybrids/U435/S0
                                3.00           6.17          -3.17  (VIOLATED)
       PIN :   hybrids/U304/S0
                                3.00           6.17          -3.17  (VIOLATED)
       PIN :   hybrids/U303/S0
                                3.00           6.17          -3.17  (VIOLATED)
       PIN :   hybrids/U302/S0
                                3.00           6.17          -3.17  (VIOLATED)
       PIN :   hybrids/U301/S0
                                3.00           6.17          -3.17  (VIOLATED)
       PIN :   hybrids/U300/S0
                                3.00           6.17          -3.17  (VIOLATED)
       PIN :   hybrids/U299/S0
                                3.00           6.17          -3.17  (VIOLATED)
       PIN :   hybrids/U298/S0
                                3.00           6.17          -3.17  (VIOLATED)
       PIN :   hybrids/U297/S0
                                3.00           6.17          -3.17  (VIOLATED)
       PIN :   hybrids/U296/S0
                                3.00           6.17          -3.17  (VIOLATED)
       PIN :   hybrids/U295/S0
                                3.00           6.17          -3.17  (VIOLATED)
       PIN :   hybrids/U230/S0
                                3.00           6.17          -3.17  (VIOLATED)
       PIN :   hybrids/U229/S0
                                3.00           6.17          -3.17  (VIOLATED)
       PIN :   hybrids/U228/S0
                                3.00           6.17          -3.17  (VIOLATED)
       PIN :   hybrids/U227/S0
                                3.00           6.17          -3.17  (VIOLATED)
       PIN :   hybrids/U216/B0
                                3.00           6.17          -3.17  (VIOLATED)
       PIN :   hybrids/U190/S0
                                3.00           6.17          -3.17  (VIOLATED)
       PIN :   hybrids/U189/S0
                                3.00           6.17          -3.17  (VIOLATED)
       PIN :   hybrids/U188/S0
                                3.00           6.17          -3.17  (VIOLATED)
       PIN :   hybrids/U187/S0
                                3.00           6.17          -3.17  (VIOLATED)
       PIN :   hybrids/U186/S0
                                3.00           6.17          -3.17  (VIOLATED)
       PIN :   hybrids/U185/S0
                                3.00           6.17          -3.17  (VIOLATED)
       PIN :   hybrids/U184/S0
                                3.00           6.17          -3.17  (VIOLATED)
       PIN :   hybrids/U583/Y
                                3.00           6.17          -3.17  (VIOLATED)
   hybrids/n617                 3.00           6.17          -3.17  (VIOLATED)
       PIN :   hybrids/U578/S0
                                3.00           6.17          -3.17  (VIOLATED)
       PIN :   hybrids/U577/S0
                                3.00           6.17          -3.17  (VIOLATED)
       PIN :   hybrids/U576/S0
                                3.00           6.17          -3.17  (VIOLATED)
       PIN :   hybrids/U556/S0
                                3.00           6.17          -3.17  (VIOLATED)
       PIN :   hybrids/U434/S0
                                3.00           6.17          -3.17  (VIOLATED)
       PIN :   hybrids/U433/S0
                                3.00           6.17          -3.17  (VIOLATED)
       PIN :   hybrids/U432/S0
                                3.00           6.17          -3.17  (VIOLATED)
       PIN :   hybrids/U431/S0
                                3.00           6.17          -3.17  (VIOLATED)
       PIN :   hybrids/U430/S0
                                3.00           6.17          -3.17  (VIOLATED)
       PIN :   hybrids/U429/S0
                                3.00           6.17          -3.17  (VIOLATED)
       PIN :   hybrids/U428/S0
                                3.00           6.17          -3.17  (VIOLATED)
       PIN :   hybrids/U427/S0
                                3.00           6.17          -3.17  (VIOLATED)
       PIN :   hybrids/U426/S0
                                3.00           6.17          -3.17  (VIOLATED)
       PIN :   hybrids/U425/S0
                                3.00           6.17          -3.17  (VIOLATED)
       PIN :   hybrids/U294/S0
                                3.00           6.17          -3.17  (VIOLATED)
       PIN :   hybrids/U293/S0
                                3.00           6.17          -3.17  (VIOLATED)
       PIN :   hybrids/U292/S0
                                3.00           6.17          -3.17  (VIOLATED)
       PIN :   hybrids/U291/S0
                                3.00           6.17          -3.17  (VIOLATED)
       PIN :   hybrids/U290/S0
                                3.00           6.17          -3.17  (VIOLATED)
       PIN :   hybrids/U289/S0
                                3.00           6.17          -3.17  (VIOLATED)
       PIN :   hybrids/U288/S0
                                3.00           6.17          -3.17  (VIOLATED)
       PIN :   hybrids/U287/S0
                                3.00           6.17          -3.17  (VIOLATED)
       PIN :   hybrids/U286/S0
                                3.00           6.17          -3.17  (VIOLATED)
       PIN :   hybrids/U285/S0
                                3.00           6.17          -3.17  (VIOLATED)
       PIN :   hybrids/U226/S0
                                3.00           6.17          -3.17  (VIOLATED)
       PIN :   hybrids/U225/S0
                                3.00           6.17          -3.17  (VIOLATED)
       PIN :   hybrids/U224/S0
                                3.00           6.17          -3.17  (VIOLATED)
       PIN :   hybrids/U223/S0
                                3.00           6.17          -3.17  (VIOLATED)
       PIN :   hybrids/U217/B0
                                3.00           6.17          -3.17  (VIOLATED)
       PIN :   hybrids/U197/S0
                                3.00           6.17          -3.17  (VIOLATED)
       PIN :   hybrids/U196/S0
                                3.00           6.17          -3.17  (VIOLATED)
       PIN :   hybrids/U195/S0
                                3.00           6.17          -3.17  (VIOLATED)
       PIN :   hybrids/U194/S0
                                3.00           6.17          -3.17  (VIOLATED)
       PIN :   hybrids/U193/S0
                                3.00           6.17          -3.17  (VIOLATED)
       PIN :   hybrids/U192/S0
                                3.00           6.17          -3.17  (VIOLATED)
       PIN :   hybrids/U191/S0
                                3.00           6.17          -3.17  (VIOLATED)
       PIN :   hybrids/U579/Y
                                3.00           6.17          -3.17  (VIOLATED)
   hybrids/n618                 3.00           6.17          -3.17  (VIOLATED)
       PIN :   hybrids/U574/S0
                                3.00           6.17          -3.17  (VIOLATED)
       PIN :   hybrids/U573/S0
                                3.00           6.17          -3.17  (VIOLATED)
       PIN :   hybrids/U572/S0
                                3.00           6.17          -3.17  (VIOLATED)
       PIN :   hybrids/U555/S0
                                3.00           6.17          -3.17  (VIOLATED)
       PIN :   hybrids/U424/S0
                                3.00           6.17          -3.17  (VIOLATED)
       PIN :   hybrids/U423/S0
                                3.00           6.17          -3.17  (VIOLATED)
       PIN :   hybrids/U422/S0
                                3.00           6.17          -3.17  (VIOLATED)
       PIN :   hybrids/U421/S0
                                3.00           6.17          -3.17  (VIOLATED)
       PIN :   hybrids/U420/S0
                                3.00           6.17          -3.17  (VIOLATED)
       PIN :   hybrids/U419/S0
                                3.00           6.17          -3.17  (VIOLATED)
       PIN :   hybrids/U418/S0
                                3.00           6.17          -3.17  (VIOLATED)
       PIN :   hybrids/U417/S0
                                3.00           6.17          -3.17  (VIOLATED)
       PIN :   hybrids/U416/S0
                                3.00           6.17          -3.17  (VIOLATED)
       PIN :   hybrids/U415/S0
                                3.00           6.17          -3.17  (VIOLATED)
       PIN :   hybrids/U284/S0
                                3.00           6.17          -3.17  (VIOLATED)
       PIN :   hybrids/U283/S0
                                3.00           6.17          -3.17  (VIOLATED)
       PIN :   hybrids/U282/S0
                                3.00           6.17          -3.17  (VIOLATED)
       PIN :   hybrids/U281/S0
                                3.00           6.17          -3.17  (VIOLATED)
       PIN :   hybrids/U280/S0
                                3.00           6.17          -3.17  (VIOLATED)
       PIN :   hybrids/U279/S0
                                3.00           6.17          -3.17  (VIOLATED)
       PIN :   hybrids/U278/S0
                                3.00           6.17          -3.17  (VIOLATED)
       PIN :   hybrids/U277/S0
                                3.00           6.17          -3.17  (VIOLATED)
       PIN :   hybrids/U276/S0
                                3.00           6.17          -3.17  (VIOLATED)
       PIN :   hybrids/U275/S0
                                3.00           6.17          -3.17  (VIOLATED)
       PIN :   hybrids/U222/S0
                                3.00           6.17          -3.17  (VIOLATED)
       PIN :   hybrids/U221/S0
                                3.00           6.17          -3.17  (VIOLATED)
       PIN :   hybrids/U220/S0
                                3.00           6.17          -3.17  (VIOLATED)
       PIN :   hybrids/U219/S0
                                3.00           6.17          -3.17  (VIOLATED)
       PIN :   hybrids/U218/B0
                                3.00           6.17          -3.17  (VIOLATED)
       PIN :   hybrids/U204/S0
                                3.00           6.17          -3.17  (VIOLATED)
       PIN :   hybrids/U203/S0
                                3.00           6.17          -3.17  (VIOLATED)
       PIN :   hybrids/U202/S0
                                3.00           6.17          -3.17  (VIOLATED)
       PIN :   hybrids/U201/S0
                                3.00           6.17          -3.17  (VIOLATED)
       PIN :   hybrids/U200/S0
                                3.00           6.17          -3.17  (VIOLATED)
       PIN :   hybrids/U199/S0
                                3.00           6.17          -3.17  (VIOLATED)
       PIN :   hybrids/U198/S0
                                3.00           6.17          -3.17  (VIOLATED)
       PIN :   hybrids/U575/Y
                                3.00           6.17          -3.17  (VIOLATED)
   hybrids/n612                 3.00           6.17          -3.17  (VIOLATED)
       PIN :   hybrids/U598/S0
                                3.00           6.17          -3.17  (VIOLATED)
       PIN :   hybrids/U597/S0
                                3.00           6.17          -3.17  (VIOLATED)
       PIN :   hybrids/U596/S0
                                3.00           6.17          -3.17  (VIOLATED)
       PIN :   hybrids/U561/S0
                                3.00           6.17          -3.17  (VIOLATED)
       PIN :   hybrids/U484/S0
                                3.00           6.17          -3.17  (VIOLATED)
       PIN :   hybrids/U483/S0
                                3.00           6.17          -3.17  (VIOLATED)
       PIN :   hybrids/U482/S0
                                3.00           6.17          -3.17  (VIOLATED)
       PIN :   hybrids/U481/S0
                                3.00           6.17          -3.17  (VIOLATED)
       PIN :   hybrids/U480/S0
                                3.00           6.17          -3.17  (VIOLATED)
       PIN :   hybrids/U479/S0
                                3.00           6.17          -3.17  (VIOLATED)
       PIN :   hybrids/U478/S0
                                3.00           6.17          -3.17  (VIOLATED)
       PIN :   hybrids/U477/S0
                                3.00           6.17          -3.17  (VIOLATED)
       PIN :   hybrids/U476/S0
                                3.00           6.17          -3.17  (VIOLATED)
       PIN :   hybrids/U475/S0
                                3.00           6.17          -3.17  (VIOLATED)
       PIN :   hybrids/U344/S0
                                3.00           6.17          -3.17  (VIOLATED)
       PIN :   hybrids/U343/S0
                                3.00           6.17          -3.17  (VIOLATED)
       PIN :   hybrids/U342/S0
                                3.00           6.17          -3.17  (VIOLATED)
       PIN :   hybrids/U341/S0
                                3.00           6.17          -3.17  (VIOLATED)
       PIN :   hybrids/U340/S0
                                3.00           6.17          -3.17  (VIOLATED)
       PIN :   hybrids/U339/S0
                                3.00           6.17          -3.17  (VIOLATED)
       PIN :   hybrids/U338/S0
                                3.00           6.17          -3.17  (VIOLATED)
       PIN :   hybrids/U337/S0
                                3.00           6.17          -3.17  (VIOLATED)
       PIN :   hybrids/U336/S0
                                3.00           6.17          -3.17  (VIOLATED)
       PIN :   hybrids/U335/S0
                                3.00           6.17          -3.17  (VIOLATED)
       PIN :   hybrids/U246/S0
                                3.00           6.17          -3.17  (VIOLATED)
       PIN :   hybrids/U245/S0
                                3.00           6.17          -3.17  (VIOLATED)
       PIN :   hybrids/U244/S0
                                3.00           6.17          -3.17  (VIOLATED)
       PIN :   hybrids/U243/S0
                                3.00           6.17          -3.17  (VIOLATED)
       PIN :   hybrids/U212/B0
                                3.00           6.17          -3.17  (VIOLATED)
       PIN :   hybrids/U162/S0
                                3.00           6.17          -3.17  (VIOLATED)
       PIN :   hybrids/U161/S0
                                3.00           6.17          -3.17  (VIOLATED)
       PIN :   hybrids/U160/S0
                                3.00           6.17          -3.17  (VIOLATED)
       PIN :   hybrids/U159/S0
                                3.00           6.17          -3.17  (VIOLATED)
       PIN :   hybrids/U158/S0
                                3.00           6.17          -3.17  (VIOLATED)
       PIN :   hybrids/U157/S0
                                3.00           6.17          -3.17  (VIOLATED)
       PIN :   hybrids/U156/S0
                                3.00           6.17          -3.17  (VIOLATED)
       PIN :   hybrids/U599/Y
                                3.00           6.17          -3.17  (VIOLATED)
   hybrids/n614                 3.00           6.17          -3.17  (VIOLATED)
       PIN :   hybrids/U590/S0
                                3.00           6.17          -3.17  (VIOLATED)
       PIN :   hybrids/U589/S0
                                3.00           6.17          -3.17  (VIOLATED)
       PIN :   hybrids/U588/S0
                                3.00           6.17          -3.17  (VIOLATED)
       PIN :   hybrids/U559/S0
                                3.00           6.17          -3.17  (VIOLATED)
       PIN :   hybrids/U464/S0
                                3.00           6.17          -3.17  (VIOLATED)
       PIN :   hybrids/U463/S0
                                3.00           6.17          -3.17  (VIOLATED)
       PIN :   hybrids/U462/S0
                                3.00           6.17          -3.17  (VIOLATED)
       PIN :   hybrids/U461/S0
                                3.00           6.17          -3.17  (VIOLATED)
       PIN :   hybrids/U460/S0
                                3.00           6.17          -3.17  (VIOLATED)
       PIN :   hybrids/U459/S0
                                3.00           6.17          -3.17  (VIOLATED)
       PIN :   hybrids/U458/S0
                                3.00           6.17          -3.17  (VIOLATED)
       PIN :   hybrids/U457/S0
                                3.00           6.17          -3.17  (VIOLATED)
       PIN :   hybrids/U456/S0
                                3.00           6.17          -3.17  (VIOLATED)
       PIN :   hybrids/U455/S0
                                3.00           6.17          -3.17  (VIOLATED)
       PIN :   hybrids/U324/S0
                                3.00           6.17          -3.17  (VIOLATED)
       PIN :   hybrids/U323/S0
                                3.00           6.17          -3.17  (VIOLATED)
       PIN :   hybrids/U322/S0
                                3.00           6.17          -3.17  (VIOLATED)
       PIN :   hybrids/U321/S0
                                3.00           6.17          -3.17  (VIOLATED)
       PIN :   hybrids/U320/S0
                                3.00           6.17          -3.17  (VIOLATED)
       PIN :   hybrids/U319/S0
                                3.00           6.17          -3.17  (VIOLATED)
       PIN :   hybrids/U318/S0
                                3.00           6.17          -3.17  (VIOLATED)
       PIN :   hybrids/U317/S0
                                3.00           6.17          -3.17  (VIOLATED)
       PIN :   hybrids/U316/S0
                                3.00           6.17          -3.17  (VIOLATED)
       PIN :   hybrids/U315/S0
                                3.00           6.17          -3.17  (VIOLATED)
       PIN :   hybrids/U238/S0
                                3.00           6.17          -3.17  (VIOLATED)
       PIN :   hybrids/U237/S0
                                3.00           6.17          -3.17  (VIOLATED)
       PIN :   hybrids/U236/S0
                                3.00           6.17          -3.17  (VIOLATED)
       PIN :   hybrids/U235/S0
                                3.00           6.17          -3.17  (VIOLATED)
       PIN :   hybrids/U214/B0
                                3.00           6.17          -3.17  (VIOLATED)
       PIN :   hybrids/U176/S0
                                3.00           6.17          -3.17  (VIOLATED)
       PIN :   hybrids/U175/S0
                                3.00           6.17          -3.17  (VIOLATED)
       PIN :   hybrids/U174/S0
                                3.00           6.17          -3.17  (VIOLATED)
       PIN :   hybrids/U173/S0
                                3.00           6.17          -3.17  (VIOLATED)
       PIN :   hybrids/U172/S0
                                3.00           6.17          -3.17  (VIOLATED)
       PIN :   hybrids/U171/S0
                                3.00           6.17          -3.17  (VIOLATED)
       PIN :   hybrids/U170/S0
                                3.00           6.17          -3.17  (VIOLATED)
       PIN :   hybrids/U591/Y
                                3.00           6.17          -3.17  (VIOLATED)
   reuse/n66                    3.00           5.51          -2.51  (VIOLATED)
       PIN :   reuse/U394/S0
                                3.00           5.51          -2.51  (VIOLATED)
       PIN :   reuse/U393/S0
                                3.00           5.51          -2.51  (VIOLATED)
       PIN :   reuse/U392/S0
                                3.00           5.51          -2.51  (VIOLATED)
       PIN :   reuse/U391/S0
                                3.00           5.51          -2.51  (VIOLATED)
       PIN :   reuse/U390/S0
                                3.00           5.51          -2.51  (VIOLATED)
       PIN :   reuse/U389/S0
                                3.00           5.51          -2.51  (VIOLATED)
       PIN :   reuse/U388/S0
                                3.00           5.51          -2.51  (VIOLATED)
       PIN :   reuse/U387/S0
                                3.00           5.51          -2.51  (VIOLATED)
       PIN :   reuse/U386/S0
                                3.00           5.51          -2.51  (VIOLATED)
       PIN :   reuse/U385/S0
                                3.00           5.51          -2.51  (VIOLATED)
       PIN :   reuse/U263/S0
                                3.00           5.51          -2.51  (VIOLATED)
       PIN :   reuse/U262/S0
                                3.00           5.51          -2.51  (VIOLATED)
       PIN :   reuse/U261/S0
                                3.00           5.51          -2.51  (VIOLATED)
       PIN :   reuse/U260/S0
                                3.00           5.51          -2.51  (VIOLATED)
       PIN :   reuse/U259/S0
                                3.00           5.51          -2.51  (VIOLATED)
       PIN :   reuse/U258/S0
                                3.00           5.51          -2.51  (VIOLATED)
       PIN :   reuse/U257/S0
                                3.00           5.51          -2.51  (VIOLATED)
       PIN :   reuse/U256/S0
                                3.00           5.51          -2.51  (VIOLATED)
       PIN :   reuse/U255/S0
                                3.00           5.51          -2.51  (VIOLATED)
       PIN :   reuse/U254/S0
                                3.00           5.51          -2.51  (VIOLATED)
       PIN :   reuse/U176/B0
                                3.00           5.51          -2.51  (VIOLATED)
       PIN :   reuse/U122/S0
                                3.00           5.51          -2.51  (VIOLATED)
       PIN :   reuse/U121/S0
                                3.00           5.51          -2.51  (VIOLATED)
       PIN :   reuse/U120/S0
                                3.00           5.51          -2.51  (VIOLATED)
       PIN :   reuse/U119/S0
                                3.00           5.51          -2.51  (VIOLATED)
       PIN :   reuse/U118/S0
                                3.00           5.51          -2.51  (VIOLATED)
       PIN :   reuse/U117/S0
                                3.00           5.51          -2.51  (VIOLATED)
       PIN :   reuse/U116/S0
                                3.00           5.51          -2.51  (VIOLATED)
       PIN :   reuse/U82/B0     3.00           5.51          -2.51  (VIOLATED)
       PIN :   reuse/U395/Y     3.00           5.51          -2.51  (VIOLATED)
   reuse/n77                    3.00           5.34          -2.34  (VIOLATED)
       PIN :   reuse/U348/S0
                                3.00           5.34          -2.34  (VIOLATED)
       PIN :   reuse/U347/S0
                                3.00           5.34          -2.34  (VIOLATED)
       PIN :   reuse/U346/S0
                                3.00           5.34          -2.34  (VIOLATED)
       PIN :   reuse/U345/S0
                                3.00           5.34          -2.34  (VIOLATED)
       PIN :   reuse/U344/S0
                                3.00           5.34          -2.34  (VIOLATED)
       PIN :   reuse/U343/S0
                                3.00           5.34          -2.34  (VIOLATED)
       PIN :   reuse/U342/S0
                                3.00           5.34          -2.34  (VIOLATED)
       PIN :   reuse/U341/S0
                                3.00           5.34          -2.34  (VIOLATED)
       PIN :   reuse/U340/S0
                                3.00           5.34          -2.34  (VIOLATED)
       PIN :   reuse/U339/S0
                                3.00           5.34          -2.34  (VIOLATED)
       PIN :   reuse/U223/S0
                                3.00           5.34          -2.34  (VIOLATED)
       PIN :   reuse/U222/S0
                                3.00           5.34          -2.34  (VIOLATED)
       PIN :   reuse/U221/S0
                                3.00           5.34          -2.34  (VIOLATED)
       PIN :   reuse/U220/S0
                                3.00           5.34          -2.34  (VIOLATED)
       PIN :   reuse/U219/S0
                                3.00           5.34          -2.34  (VIOLATED)
       PIN :   reuse/U218/S0
                                3.00           5.34          -2.34  (VIOLATED)
       PIN :   reuse/U217/S0
                                3.00           5.34          -2.34  (VIOLATED)
       PIN :   reuse/U216/S0
                                3.00           5.34          -2.34  (VIOLATED)
       PIN :   reuse/U215/S0
                                3.00           5.34          -2.34  (VIOLATED)
       PIN :   reuse/U214/S0
                                3.00           5.34          -2.34  (VIOLATED)
       PIN :   reuse/U180/B0
                                3.00           5.34          -2.34  (VIOLATED)
       PIN :   reuse/U150/S0
                                3.00           5.34          -2.34  (VIOLATED)
       PIN :   reuse/U149/S0
                                3.00           5.34          -2.34  (VIOLATED)
       PIN :   reuse/U148/S0
                                3.00           5.34          -2.34  (VIOLATED)
       PIN :   reuse/U147/S0
                                3.00           5.34          -2.34  (VIOLATED)
       PIN :   reuse/U146/S0
                                3.00           5.34          -2.34  (VIOLATED)
       PIN :   reuse/U145/S0
                                3.00           5.34          -2.34  (VIOLATED)
       PIN :   reuse/U144/S0
                                3.00           5.34          -2.34  (VIOLATED)
       PIN :   reuse/U349/Y     3.00           5.34          -2.34  (VIOLATED)
   reuse/n74                    3.00           5.34          -2.34  (VIOLATED)
       PIN :   reuse/U382/S0
                                3.00           5.34          -2.34  (VIOLATED)
       PIN :   reuse/U381/S0
                                3.00           5.34          -2.34  (VIOLATED)
       PIN :   reuse/U380/S0
                                3.00           5.34          -2.34  (VIOLATED)
       PIN :   reuse/U379/S0
                                3.00           5.34          -2.34  (VIOLATED)
       PIN :   reuse/U378/S0
                                3.00           5.34          -2.34  (VIOLATED)
       PIN :   reuse/U377/S0
                                3.00           5.34          -2.34  (VIOLATED)
       PIN :   reuse/U376/S0
                                3.00           5.34          -2.34  (VIOLATED)
       PIN :   reuse/U375/S0
                                3.00           5.34          -2.34  (VIOLATED)
       PIN :   reuse/U374/S0
                                3.00           5.34          -2.34  (VIOLATED)
       PIN :   reuse/U373/S0
                                3.00           5.34          -2.34  (VIOLATED)
       PIN :   reuse/U253/S0
                                3.00           5.34          -2.34  (VIOLATED)
       PIN :   reuse/U252/S0
                                3.00           5.34          -2.34  (VIOLATED)
       PIN :   reuse/U251/S0
                                3.00           5.34          -2.34  (VIOLATED)
       PIN :   reuse/U250/S0
                                3.00           5.34          -2.34  (VIOLATED)
       PIN :   reuse/U249/S0
                                3.00           5.34          -2.34  (VIOLATED)
       PIN :   reuse/U248/S0
                                3.00           5.34          -2.34  (VIOLATED)
       PIN :   reuse/U247/S0
                                3.00           5.34          -2.34  (VIOLATED)
       PIN :   reuse/U246/S0
                                3.00           5.34          -2.34  (VIOLATED)
       PIN :   reuse/U245/S0
                                3.00           5.34          -2.34  (VIOLATED)
       PIN :   reuse/U244/S0
                                3.00           5.34          -2.34  (VIOLATED)
       PIN :   reuse/U177/B0
                                3.00           5.34          -2.34  (VIOLATED)
       PIN :   reuse/U129/S0
                                3.00           5.34          -2.34  (VIOLATED)
       PIN :   reuse/U128/S0
                                3.00           5.34          -2.34  (VIOLATED)
       PIN :   reuse/U127/S0
                                3.00           5.34          -2.34  (VIOLATED)
       PIN :   reuse/U126/S0
                                3.00           5.34          -2.34  (VIOLATED)
       PIN :   reuse/U125/S0
                                3.00           5.34          -2.34  (VIOLATED)
       PIN :   reuse/U124/S0
                                3.00           5.34          -2.34  (VIOLATED)
       PIN :   reuse/U123/S0
                                3.00           5.34          -2.34  (VIOLATED)
       PIN :   reuse/U383/Y     3.00           5.34          -2.34  (VIOLATED)
   reuse/n78                    3.00           5.34          -2.34  (VIOLATED)
       PIN :   reuse/U337/S0
                                3.00           5.34          -2.34  (VIOLATED)
       PIN :   reuse/U336/S0
                                3.00           5.34          -2.34  (VIOLATED)
       PIN :   reuse/U335/S0
                                3.00           5.34          -2.34  (VIOLATED)
       PIN :   reuse/U334/S0
                                3.00           5.34          -2.34  (VIOLATED)
       PIN :   reuse/U333/S0
                                3.00           5.34          -2.34  (VIOLATED)
       PIN :   reuse/U332/S0
                                3.00           5.34          -2.34  (VIOLATED)
       PIN :   reuse/U331/S0
                                3.00           5.34          -2.34  (VIOLATED)
       PIN :   reuse/U330/S0
                                3.00           5.34          -2.34  (VIOLATED)
       PIN :   reuse/U329/S0
                                3.00           5.34          -2.34  (VIOLATED)
       PIN :   reuse/U328/S0
                                3.00           5.34          -2.34  (VIOLATED)
       PIN :   reuse/U213/S0
                                3.00           5.34          -2.34  (VIOLATED)
       PIN :   reuse/U212/S0
                                3.00           5.34          -2.34  (VIOLATED)
       PIN :   reuse/U211/S0
                                3.00           5.34          -2.34  (VIOLATED)
       PIN :   reuse/U210/S0
                                3.00           5.34          -2.34  (VIOLATED)
       PIN :   reuse/U209/S0
                                3.00           5.34          -2.34  (VIOLATED)
       PIN :   reuse/U208/S0
                                3.00           5.34          -2.34  (VIOLATED)
       PIN :   reuse/U207/S0
                                3.00           5.34          -2.34  (VIOLATED)
       PIN :   reuse/U206/S0
                                3.00           5.34          -2.34  (VIOLATED)
       PIN :   reuse/U205/S0
                                3.00           5.34          -2.34  (VIOLATED)
       PIN :   reuse/U204/S0
                                3.00           5.34          -2.34  (VIOLATED)
       PIN :   reuse/U181/B0
                                3.00           5.34          -2.34  (VIOLATED)
       PIN :   reuse/U157/S0
                                3.00           5.34          -2.34  (VIOLATED)
       PIN :   reuse/U156/S0
                                3.00           5.34          -2.34  (VIOLATED)
       PIN :   reuse/U155/S0
                                3.00           5.34          -2.34  (VIOLATED)
       PIN :   reuse/U154/S0
                                3.00           5.34          -2.34  (VIOLATED)
       PIN :   reuse/U153/S0
                                3.00           5.34          -2.34  (VIOLATED)
       PIN :   reuse/U152/S0
                                3.00           5.34          -2.34  (VIOLATED)
       PIN :   reuse/U151/S0
                                3.00           5.34          -2.34  (VIOLATED)
       PIN :   reuse/U338/Y     3.00           5.34          -2.34  (VIOLATED)
   reuse/n73                    3.00           5.34          -2.34  (VIOLATED)
       PIN :   reuse/U408/S0
                                3.00           5.34          -2.34  (VIOLATED)
       PIN :   reuse/U407/S0
                                3.00           5.34          -2.34  (VIOLATED)
       PIN :   reuse/U406/S0
                                3.00           5.34          -2.34  (VIOLATED)
       PIN :   reuse/U405/S0
                                3.00           5.34          -2.34  (VIOLATED)
       PIN :   reuse/U404/S0
                                3.00           5.34          -2.34  (VIOLATED)
       PIN :   reuse/U403/S0
                                3.00           5.34          -2.34  (VIOLATED)
       PIN :   reuse/U402/S0
                                3.00           5.34          -2.34  (VIOLATED)
       PIN :   reuse/U401/S0
                                3.00           5.34          -2.34  (VIOLATED)
       PIN :   reuse/U400/S0
                                3.00           5.34          -2.34  (VIOLATED)
       PIN :   reuse/U399/S0
                                3.00           5.34          -2.34  (VIOLATED)
       PIN :   reuse/U273/S0
                                3.00           5.34          -2.34  (VIOLATED)
       PIN :   reuse/U272/S0
                                3.00           5.34          -2.34  (VIOLATED)
       PIN :   reuse/U271/S0
                                3.00           5.34          -2.34  (VIOLATED)
       PIN :   reuse/U270/S0
                                3.00           5.34          -2.34  (VIOLATED)
       PIN :   reuse/U269/S0
                                3.00           5.34          -2.34  (VIOLATED)
       PIN :   reuse/U268/S0
                                3.00           5.34          -2.34  (VIOLATED)
       PIN :   reuse/U267/S0
                                3.00           5.34          -2.34  (VIOLATED)
       PIN :   reuse/U266/S0
                                3.00           5.34          -2.34  (VIOLATED)
       PIN :   reuse/U265/S0
                                3.00           5.34          -2.34  (VIOLATED)
       PIN :   reuse/U264/S0
                                3.00           5.34          -2.34  (VIOLATED)
       PIN :   reuse/U175/B0
                                3.00           5.34          -2.34  (VIOLATED)
       PIN :   reuse/U115/S0
                                3.00           5.34          -2.34  (VIOLATED)
       PIN :   reuse/U114/S0
                                3.00           5.34          -2.34  (VIOLATED)
       PIN :   reuse/U113/S0
                                3.00           5.34          -2.34  (VIOLATED)
       PIN :   reuse/U112/S0
                                3.00           5.34          -2.34  (VIOLATED)
       PIN :   reuse/U111/S0
                                3.00           5.34          -2.34  (VIOLATED)
       PIN :   reuse/U110/S0
                                3.00           5.34          -2.34  (VIOLATED)
       PIN :   reuse/U109/S0
                                3.00           5.34          -2.34  (VIOLATED)
       PIN :   reuse/U409/Y     3.00           5.34          -2.34  (VIOLATED)
   reuse/n76                    3.00           5.34          -2.34  (VIOLATED)
       PIN :   reuse/U360/S0
                                3.00           5.34          -2.34  (VIOLATED)
       PIN :   reuse/U359/S0
                                3.00           5.34          -2.34  (VIOLATED)
       PIN :   reuse/U358/S0
                                3.00           5.34          -2.34  (VIOLATED)
       PIN :   reuse/U357/S0
                                3.00           5.34          -2.34  (VIOLATED)
       PIN :   reuse/U356/S0
                                3.00           5.34          -2.34  (VIOLATED)
       PIN :   reuse/U355/S0
                                3.00           5.34          -2.34  (VIOLATED)
       PIN :   reuse/U354/S0
                                3.00           5.34          -2.34  (VIOLATED)
       PIN :   reuse/U353/S0
                                3.00           5.34          -2.34  (VIOLATED)
       PIN :   reuse/U352/S0
                                3.00           5.34          -2.34  (VIOLATED)
       PIN :   reuse/U351/S0
                                3.00           5.34          -2.34  (VIOLATED)
       PIN :   reuse/U233/S0
                                3.00           5.34          -2.34  (VIOLATED)
       PIN :   reuse/U232/S0
                                3.00           5.34          -2.34  (VIOLATED)
       PIN :   reuse/U231/S0
                                3.00           5.34          -2.34  (VIOLATED)
       PIN :   reuse/U230/S0
                                3.00           5.34          -2.34  (VIOLATED)
       PIN :   reuse/U229/S0
                                3.00           5.34          -2.34  (VIOLATED)
       PIN :   reuse/U228/S0
                                3.00           5.34          -2.34  (VIOLATED)
       PIN :   reuse/U227/S0
                                3.00           5.34          -2.34  (VIOLATED)
       PIN :   reuse/U226/S0
                                3.00           5.34          -2.34  (VIOLATED)
       PIN :   reuse/U225/S0
                                3.00           5.34          -2.34  (VIOLATED)
       PIN :   reuse/U224/S0
                                3.00           5.34          -2.34  (VIOLATED)
       PIN :   reuse/U179/B0
                                3.00           5.34          -2.34  (VIOLATED)
       PIN :   reuse/U143/S0
                                3.00           5.34          -2.34  (VIOLATED)
       PIN :   reuse/U142/S0
                                3.00           5.34          -2.34  (VIOLATED)
       PIN :   reuse/U141/S0
                                3.00           5.34          -2.34  (VIOLATED)
       PIN :   reuse/U140/S0
                                3.00           5.34          -2.34  (VIOLATED)
       PIN :   reuse/U139/S0
                                3.00           5.34          -2.34  (VIOLATED)
       PIN :   reuse/U138/S0
                                3.00           5.34          -2.34  (VIOLATED)
       PIN :   reuse/U137/S0
                                3.00           5.34          -2.34  (VIOLATED)
       PIN :   reuse/U361/Y     3.00           5.34          -2.34  (VIOLATED)
   reuse/n419                   3.00           5.34          -2.34  (VIOLATED)
       PIN :   reuse/U315/S0
                                3.00           5.34          -2.34  (VIOLATED)
       PIN :   reuse/U314/S0
                                3.00           5.34          -2.34  (VIOLATED)
       PIN :   reuse/U313/S0
                                3.00           5.34          -2.34  (VIOLATED)
       PIN :   reuse/U312/S0
                                3.00           5.34          -2.34  (VIOLATED)
       PIN :   reuse/U311/S0
                                3.00           5.34          -2.34  (VIOLATED)
       PIN :   reuse/U310/S0
                                3.00           5.34          -2.34  (VIOLATED)
       PIN :   reuse/U309/S0
                                3.00           5.34          -2.34  (VIOLATED)
       PIN :   reuse/U308/S0
                                3.00           5.34          -2.34  (VIOLATED)
       PIN :   reuse/U307/S0
                                3.00           5.34          -2.34  (VIOLATED)
       PIN :   reuse/U306/S0
                                3.00           5.34          -2.34  (VIOLATED)
       PIN :   reuse/U193/S0
                                3.00           5.34          -2.34  (VIOLATED)
       PIN :   reuse/U192/S0
                                3.00           5.34          -2.34  (VIOLATED)
       PIN :   reuse/U191/S0
                                3.00           5.34          -2.34  (VIOLATED)
       PIN :   reuse/U190/S0
                                3.00           5.34          -2.34  (VIOLATED)
       PIN :   reuse/U189/S0
                                3.00           5.34          -2.34  (VIOLATED)
       PIN :   reuse/U188/S0
                                3.00           5.34          -2.34  (VIOLATED)
       PIN :   reuse/U187/S0
                                3.00           5.34          -2.34  (VIOLATED)
       PIN :   reuse/U186/S0
                                3.00           5.34          -2.34  (VIOLATED)
       PIN :   reuse/U185/S0
                                3.00           5.34          -2.34  (VIOLATED)
       PIN :   reuse/U184/S0
                                3.00           5.34          -2.34  (VIOLATED)
       PIN :   reuse/U183/B0
                                3.00           5.34          -2.34  (VIOLATED)
       PIN :   reuse/U171/S0
                                3.00           5.34          -2.34  (VIOLATED)
       PIN :   reuse/U170/S0
                                3.00           5.34          -2.34  (VIOLATED)
       PIN :   reuse/U169/S0
                                3.00           5.34          -2.34  (VIOLATED)
       PIN :   reuse/U168/S0
                                3.00           5.34          -2.34  (VIOLATED)
       PIN :   reuse/U167/S0
                                3.00           5.34          -2.34  (VIOLATED)
       PIN :   reuse/U166/S0
                                3.00           5.34          -2.34  (VIOLATED)
       PIN :   reuse/U165/S0
                                3.00           5.34          -2.34  (VIOLATED)
       PIN :   reuse/U316/Y     3.00           5.34          -2.34  (VIOLATED)
   reuse/n59                    3.00           5.34          -2.34  (VIOLATED)
       PIN :   reuse/U418/S0
                                3.00           5.34          -2.34  (VIOLATED)
       PIN :   reuse/U417/S0
                                3.00           5.34          -2.34  (VIOLATED)
       PIN :   reuse/U416/S0
                                3.00           5.34          -2.34  (VIOLATED)
       PIN :   reuse/U415/S0
                                3.00           5.34          -2.34  (VIOLATED)
       PIN :   reuse/U414/S0
                                3.00           5.34          -2.34  (VIOLATED)
       PIN :   reuse/U413/S0
                                3.00           5.34          -2.34  (VIOLATED)
       PIN :   reuse/U412/S0
                                3.00           5.34          -2.34  (VIOLATED)
       PIN :   reuse/U411/S0
                                3.00           5.34          -2.34  (VIOLATED)
       PIN :   reuse/U410/S0
                                3.00           5.34          -2.34  (VIOLATED)
       PIN :   reuse/U283/S0
                                3.00           5.34          -2.34  (VIOLATED)
       PIN :   reuse/U282/S0
                                3.00           5.34          -2.34  (VIOLATED)
       PIN :   reuse/U281/S0
                                3.00           5.34          -2.34  (VIOLATED)
       PIN :   reuse/U280/S0
                                3.00           5.34          -2.34  (VIOLATED)
       PIN :   reuse/U279/S0
                                3.00           5.34          -2.34  (VIOLATED)
       PIN :   reuse/U278/S0
                                3.00           5.34          -2.34  (VIOLATED)
       PIN :   reuse/U277/S0
                                3.00           5.34          -2.34  (VIOLATED)
       PIN :   reuse/U276/S0
                                3.00           5.34          -2.34  (VIOLATED)
       PIN :   reuse/U275/S0
                                3.00           5.34          -2.34  (VIOLATED)
       PIN :   reuse/U274/S0
                                3.00           5.34          -2.34  (VIOLATED)
       PIN :   reuse/U174/B0
                                3.00           5.34          -2.34  (VIOLATED)
       PIN :   reuse/U108/S0
                                3.00           5.34          -2.34  (VIOLATED)
       PIN :   reuse/U107/S0
                                3.00           5.34          -2.34  (VIOLATED)
       PIN :   reuse/U106/S0
                                3.00           5.34          -2.34  (VIOLATED)
       PIN :   reuse/U105/S0
                                3.00           5.34          -2.34  (VIOLATED)
       PIN :   reuse/U104/S0
                                3.00           5.34          -2.34  (VIOLATED)
       PIN :   reuse/U103/S0
                                3.00           5.34          -2.34  (VIOLATED)
       PIN :   reuse/U102/S0
                                3.00           5.34          -2.34  (VIOLATED)
       PIN :   reuse/U59/S0     3.00           5.34          -2.34  (VIOLATED)
       PIN :   reuse/U419/Y     3.00           5.34          -2.34  (VIOLATED)
   reuse/n75                    3.00           5.34          -2.34  (VIOLATED)
       PIN :   reuse/U371/S0
                                3.00           5.34          -2.34  (VIOLATED)
       PIN :   reuse/U370/S0
                                3.00           5.34          -2.34  (VIOLATED)
       PIN :   reuse/U369/S0
                                3.00           5.34          -2.34  (VIOLATED)
       PIN :   reuse/U368/S0
                                3.00           5.34          -2.34  (VIOLATED)
       PIN :   reuse/U367/S0
                                3.00           5.34          -2.34  (VIOLATED)
       PIN :   reuse/U366/S0
                                3.00           5.34          -2.34  (VIOLATED)
       PIN :   reuse/U365/S0
                                3.00           5.34          -2.34  (VIOLATED)
       PIN :   reuse/U364/S0
                                3.00           5.34          -2.34  (VIOLATED)
       PIN :   reuse/U363/S0
                                3.00           5.34          -2.34  (VIOLATED)
       PIN :   reuse/U362/S0
                                3.00           5.34          -2.34  (VIOLATED)
       PIN :   reuse/U243/S0
                                3.00           5.34          -2.34  (VIOLATED)
       PIN :   reuse/U242/S0
                                3.00           5.34          -2.34  (VIOLATED)
       PIN :   reuse/U241/S0
                                3.00           5.34          -2.34  (VIOLATED)
       PIN :   reuse/U240/S0
                                3.00           5.34          -2.34  (VIOLATED)
       PIN :   reuse/U239/S0
                                3.00           5.34          -2.34  (VIOLATED)
       PIN :   reuse/U238/S0
                                3.00           5.34          -2.34  (VIOLATED)
       PIN :   reuse/U237/S0
                                3.00           5.34          -2.34  (VIOLATED)
       PIN :   reuse/U236/S0
                                3.00           5.34          -2.34  (VIOLATED)
       PIN :   reuse/U235/S0
                                3.00           5.34          -2.34  (VIOLATED)
       PIN :   reuse/U234/S0
                                3.00           5.34          -2.34  (VIOLATED)
       PIN :   reuse/U178/B0
                                3.00           5.34          -2.34  (VIOLATED)
       PIN :   reuse/U136/S0
                                3.00           5.34          -2.34  (VIOLATED)
       PIN :   reuse/U135/S0
                                3.00           5.34          -2.34  (VIOLATED)
       PIN :   reuse/U134/S0
                                3.00           5.34          -2.34  (VIOLATED)
       PIN :   reuse/U133/S0
                                3.00           5.34          -2.34  (VIOLATED)
       PIN :   reuse/U132/S0
                                3.00           5.34          -2.34  (VIOLATED)
       PIN :   reuse/U131/S0
                                3.00           5.34          -2.34  (VIOLATED)
       PIN :   reuse/U130/S0
                                3.00           5.34          -2.34  (VIOLATED)
       PIN :   reuse/U372/Y     3.00           5.34          -2.34  (VIOLATED)
   reuse/n418                   3.00           5.34          -2.34  (VIOLATED)
       PIN :   reuse/U326/S0
                                3.00           5.34          -2.34  (VIOLATED)
       PIN :   reuse/U325/S0
                                3.00           5.34          -2.34  (VIOLATED)
       PIN :   reuse/U324/S0
                                3.00           5.34          -2.34  (VIOLATED)
       PIN :   reuse/U323/S0
                                3.00           5.34          -2.34  (VIOLATED)
       PIN :   reuse/U322/S0
                                3.00           5.34          -2.34  (VIOLATED)
       PIN :   reuse/U321/S0
                                3.00           5.34          -2.34  (VIOLATED)
       PIN :   reuse/U320/S0
                                3.00           5.34          -2.34  (VIOLATED)
       PIN :   reuse/U319/S0
                                3.00           5.34          -2.34  (VIOLATED)
       PIN :   reuse/U318/S0
                                3.00           5.34          -2.34  (VIOLATED)
       PIN :   reuse/U317/S0
                                3.00           5.34          -2.34  (VIOLATED)
       PIN :   reuse/U203/S0
                                3.00           5.34          -2.34  (VIOLATED)
       PIN :   reuse/U202/S0
                                3.00           5.34          -2.34  (VIOLATED)
       PIN :   reuse/U201/S0
                                3.00           5.34          -2.34  (VIOLATED)
       PIN :   reuse/U200/S0
                                3.00           5.34          -2.34  (VIOLATED)
       PIN :   reuse/U199/S0
                                3.00           5.34          -2.34  (VIOLATED)
       PIN :   reuse/U198/S0
                                3.00           5.34          -2.34  (VIOLATED)
       PIN :   reuse/U197/S0
                                3.00           5.34          -2.34  (VIOLATED)
       PIN :   reuse/U196/S0
                                3.00           5.34          -2.34  (VIOLATED)
       PIN :   reuse/U195/S0
                                3.00           5.34          -2.34  (VIOLATED)
       PIN :   reuse/U194/S0
                                3.00           5.34          -2.34  (VIOLATED)
       PIN :   reuse/U182/B0
                                3.00           5.34          -2.34  (VIOLATED)
       PIN :   reuse/U164/S0
                                3.00           5.34          -2.34  (VIOLATED)
       PIN :   reuse/U163/S0
                                3.00           5.34          -2.34  (VIOLATED)
       PIN :   reuse/U162/S0
                                3.00           5.34          -2.34  (VIOLATED)
       PIN :   reuse/U161/S0
                                3.00           5.34          -2.34  (VIOLATED)
       PIN :   reuse/U160/S0
                                3.00           5.34          -2.34  (VIOLATED)
       PIN :   reuse/U159/S0
                                3.00           5.34          -2.34  (VIOLATED)
       PIN :   reuse/U158/S0
                                3.00           5.34          -2.34  (VIOLATED)
       PIN :   reuse/U327/Y     3.00           5.34          -2.34  (VIOLATED)
   reuse/n60                    3.00           5.34          -2.34  (VIOLATED)
       PIN :   reuse/U293/S0
                                3.00           5.34          -2.34  (VIOLATED)
       PIN :   reuse/U292/S0
                                3.00           5.34          -2.34  (VIOLATED)
       PIN :   reuse/U291/S0
                                3.00           5.34          -2.34  (VIOLATED)
       PIN :   reuse/U290/S0
                                3.00           5.34          -2.34  (VIOLATED)
       PIN :   reuse/U289/S0
                                3.00           5.34          -2.34  (VIOLATED)
       PIN :   reuse/U288/S0
                                3.00           5.34          -2.34  (VIOLATED)
       PIN :   reuse/U287/S0
                                3.00           5.34          -2.34  (VIOLATED)
       PIN :   reuse/U286/S0
                                3.00           5.34          -2.34  (VIOLATED)
       PIN :   reuse/U285/S0
                                3.00           5.34          -2.34  (VIOLATED)
       PIN :   reuse/U284/S0
                                3.00           5.34          -2.34  (VIOLATED)
       PIN :   reuse/U173/B0
                                3.00           5.34          -2.34  (VIOLATED)
       PIN :   reuse/U101/S0
                                3.00           5.34          -2.34  (VIOLATED)
       PIN :   reuse/U100/S0
                                3.00           5.34          -2.34  (VIOLATED)
       PIN :   reuse/U99/S0     3.00           5.34          -2.34  (VIOLATED)
       PIN :   reuse/U98/S0     3.00           5.34          -2.34  (VIOLATED)
       PIN :   reuse/U97/S0     3.00           5.34          -2.34  (VIOLATED)
       PIN :   reuse/U96/S0     3.00           5.34          -2.34  (VIOLATED)
       PIN :   reuse/U95/S0     3.00           5.34          -2.34  (VIOLATED)
       PIN :   reuse/U69/S0     3.00           5.34          -2.34  (VIOLATED)
       PIN :   reuse/U68/S0     3.00           5.34          -2.34  (VIOLATED)
       PIN :   reuse/U67/S0     3.00           5.34          -2.34  (VIOLATED)
       PIN :   reuse/U66/S0     3.00           5.34          -2.34  (VIOLATED)
       PIN :   reuse/U65/S0     3.00           5.34          -2.34  (VIOLATED)
       PIN :   reuse/U64/S0     3.00           5.34          -2.34  (VIOLATED)
       PIN :   reuse/U63/S0     3.00           5.34          -2.34  (VIOLATED)
       PIN :   reuse/U62/S0     3.00           5.34          -2.34  (VIOLATED)
       PIN :   reuse/U61/S0     3.00           5.34          -2.34  (VIOLATED)
       PIN :   reuse/U60/S0     3.00           5.34          -2.34  (VIOLATED)
       PIN :   reuse/U294/Y     3.00           5.34          -2.34  (VIOLATED)
   reuse/n61                    3.00           5.34          -2.34  (VIOLATED)
       PIN :   reuse/U304/S0
                                3.00           5.34          -2.34  (VIOLATED)
       PIN :   reuse/U303/S0
                                3.00           5.34          -2.34  (VIOLATED)
       PIN :   reuse/U302/S0
                                3.00           5.34          -2.34  (VIOLATED)
       PIN :   reuse/U301/S0
                                3.00           5.34          -2.34  (VIOLATED)
       PIN :   reuse/U300/S0
                                3.00           5.34          -2.34  (VIOLATED)
       PIN :   reuse/U299/S0
                                3.00           5.34          -2.34  (VIOLATED)
       PIN :   reuse/U298/S0
                                3.00           5.34          -2.34  (VIOLATED)
       PIN :   reuse/U297/S0
                                3.00           5.34          -2.34  (VIOLATED)
       PIN :   reuse/U296/S0
                                3.00           5.34          -2.34  (VIOLATED)
       PIN :   reuse/U295/S0
                                3.00           5.34          -2.34  (VIOLATED)
       PIN :   reuse/U172/B0
                                3.00           5.34          -2.34  (VIOLATED)
       PIN :   reuse/U94/S0     3.00           5.34          -2.34  (VIOLATED)
       PIN :   reuse/U93/S0     3.00           5.34          -2.34  (VIOLATED)
       PIN :   reuse/U92/S0     3.00           5.34          -2.34  (VIOLATED)
       PIN :   reuse/U91/S0     3.00           5.34          -2.34  (VIOLATED)
       PIN :   reuse/U90/S0     3.00           5.34          -2.34  (VIOLATED)
       PIN :   reuse/U89/S0     3.00           5.34          -2.34  (VIOLATED)
       PIN :   reuse/U88/S0     3.00           5.34          -2.34  (VIOLATED)
       PIN :   reuse/U79/S0     3.00           5.34          -2.34  (VIOLATED)
       PIN :   reuse/U78/S0     3.00           5.34          -2.34  (VIOLATED)
       PIN :   reuse/U77/S0     3.00           5.34          -2.34  (VIOLATED)
       PIN :   reuse/U76/S0     3.00           5.34          -2.34  (VIOLATED)
       PIN :   reuse/U75/S0     3.00           5.34          -2.34  (VIOLATED)
       PIN :   reuse/U74/S0     3.00           5.34          -2.34  (VIOLATED)
       PIN :   reuse/U73/S0     3.00           5.34          -2.34  (VIOLATED)
       PIN :   reuse/U72/S0     3.00           5.34          -2.34  (VIOLATED)
       PIN :   reuse/U71/S0     3.00           5.34          -2.34  (VIOLATED)
       PIN :   reuse/U70/S0     3.00           5.34          -2.34  (VIOLATED)
       PIN :   reuse/U305/Y     3.00           5.34          -2.34  (VIOLATED)
   relation_ptr[0]              3.00           5.23          -2.23  (VIOLATED)
       PIN :   U95/A1N          3.00           5.23          -2.23  (VIOLATED)
       PIN :   U96/Y            3.00           5.23          -2.23  (VIOLATED)
       PIN :   hybrids/U82/A
                                3.00           5.23          -2.23  (VIOLATED)
       PIN :   hybrids/U85/A
                                3.00           5.23          -2.23  (VIOLATED)
       PIN :   hybrids/U88/A
                                3.00           5.23          -2.23  (VIOLATED)
       PIN :   hybrids/U91/A
                                3.00           5.23          -2.23  (VIOLATED)
       PIN :   hybrids/U574/A
                                3.00           5.23          -2.23  (VIOLATED)
       PIN :   hybrids/U578/A
                                3.00           5.23          -2.23  (VIOLATED)
       PIN :   hybrids/U582/A
                                3.00           5.23          -2.23  (VIOLATED)
       PIN :   hybrids/U586/A
                                3.00           5.23          -2.23  (VIOLATED)
       PIN :   hybrids/U590/A
                                3.00           5.23          -2.23  (VIOLATED)
       PIN :   hybrids/U594/A
                                3.00           5.23          -2.23  (VIOLATED)
       PIN :   hybrids/U598/A
                                3.00           5.23          -2.23  (VIOLATED)
       PIN :   hybrids/U602/A
                                3.00           5.23          -2.23  (VIOLATED)
       PIN :   hybrids/U609/A
                                3.00           5.23          -2.23  (VIOLATED)
       PIN :   hybrids/U613/A
                                3.00           5.23          -2.23  (VIOLATED)
   descriptor                   3.00           4.94          -1.94  (VIOLATED)
       PIN :   U102/Y           3.00           4.94          -1.94  (VIOLATED)
       PIN :   hybrids/U555/A
                                3.00           4.94          -1.94  (VIOLATED)
       PIN :   hybrids/U556/A
                                3.00           4.94          -1.94  (VIOLATED)
       PIN :   hybrids/U557/A
                                3.00           4.94          -1.94  (VIOLATED)
       PIN :   hybrids/U558/A
                                3.00           4.94          -1.94  (VIOLATED)
       PIN :   hybrids/U559/A
                                3.00           4.94          -1.94  (VIOLATED)
       PIN :   hybrids/U560/A
                                3.00           4.94          -1.94  (VIOLATED)
       PIN :   hybrids/U561/A
                                3.00           4.94          -1.94  (VIOLATED)
       PIN :   hybrids/U562/A
                                3.00           4.94          -1.94  (VIOLATED)
       PIN :   hybrids/U563/A
                                3.00           4.94          -1.94  (VIOLATED)
       PIN :   hybrids/U564/A
                                3.00           4.94          -1.94  (VIOLATED)
       PIN :   hybrids/U565/A
                                3.00           4.94          -1.94  (VIOLATED)
       PIN :   hybrids/U566/A
                                3.00           4.94          -1.94  (VIOLATED)
       PIN :   hybrids/U568/A
                                3.00           4.94          -1.94  (VIOLATED)
       PIN :   hybrids/U570/A
                                3.00           4.94          -1.94  (VIOLATED)
   hybrid_cfg_mask[5]           3.00           4.89          -1.89  (VIOLATED)
       PIN :   hybrids/U109/A
                                3.00           4.89          -1.89  (VIOLATED)
       PIN :   hybrids/U116/A
                                3.00           4.89          -1.89  (VIOLATED)
       PIN :   hybrids/U123/A
                                3.00           4.89          -1.89  (VIOLATED)
       PIN :   hybrids/U130/A
                                3.00           4.89          -1.89  (VIOLATED)
       PIN :   hybrids/U137/A
                                3.00           4.89          -1.89  (VIOLATED)
       PIN :   hybrids/U144/A
                                3.00           4.89          -1.89  (VIOLATED)
       PIN :   hybrids/U151/A
                                3.00           4.89          -1.89  (VIOLATED)
       PIN :   hybrids/U158/A
                                3.00           4.89          -1.89  (VIOLATED)
       PIN :   hybrids/U165/A
                                3.00           4.89          -1.89  (VIOLATED)
       PIN :   hybrids/U172/A
                                3.00           4.89          -1.89  (VIOLATED)
       PIN :   hybrids/U179/A
                                3.00           4.89          -1.89  (VIOLATED)
       PIN :   hybrids/U186/A
                                3.00           4.89          -1.89  (VIOLATED)
       PIN :   hybrids/U193/A
                                3.00           4.89          -1.89  (VIOLATED)
       PIN :   hybrids/U200/A
                                3.00           4.89          -1.89  (VIOLATED)
       PIN :   U84/C0           3.00           4.89          -1.89  (VIOLATED)
       PIN :   U85/C            3.00           4.89          -1.89  (VIOLATED)
       PIN :   U98/Y            3.00           4.89          -1.89  (VIOLATED)
       PIN :   hybrids/U112/A
                                3.00           4.89          -1.89  (VIOLATED)
       PIN :   hybrids/U119/A
                                3.00           4.89          -1.89  (VIOLATED)
       PIN :   hybrids/U126/A
                                3.00           4.89          -1.89  (VIOLATED)
       PIN :   hybrids/U133/A
                                3.00           4.89          -1.89  (VIOLATED)
       PIN :   hybrids/U140/A
                                3.00           4.89          -1.89  (VIOLATED)
       PIN :   hybrids/U147/A
                                3.00           4.89          -1.89  (VIOLATED)
       PIN :   hybrids/U154/A
                                3.00           4.89          -1.89  (VIOLATED)
       PIN :   hybrids/U161/A
                                3.00           4.89          -1.89  (VIOLATED)
       PIN :   hybrids/U168/A
                                3.00           4.89          -1.89  (VIOLATED)
       PIN :   hybrids/U175/A
                                3.00           4.89          -1.89  (VIOLATED)
       PIN :   hybrids/U182/A
                                3.00           4.89          -1.89  (VIOLATED)
       PIN :   hybrids/U189/A
                                3.00           4.89          -1.89  (VIOLATED)
       PIN :   hybrids/U196/A
                                3.00           4.89          -1.89  (VIOLATED)
       PIN :   hybrids/U203/A
                                3.00           4.89          -1.89  (VIOLATED)
   n78                          3.00           4.54          -1.54  (VIOLATED)
       PIN :   hybrids/U108/A
                                3.00           4.54          -1.54  (VIOLATED)
       PIN :   hybrids/U115/A
                                3.00           4.54          -1.54  (VIOLATED)
       PIN :   hybrids/U122/A
                                3.00           4.54          -1.54  (VIOLATED)
       PIN :   hybrids/U129/A
                                3.00           4.54          -1.54  (VIOLATED)
       PIN :   hybrids/U136/A
                                3.00           4.54          -1.54  (VIOLATED)
       PIN :   hybrids/U143/A
                                3.00           4.54          -1.54  (VIOLATED)
       PIN :   hybrids/U150/A
                                3.00           4.54          -1.54  (VIOLATED)
       PIN :   hybrids/U157/A
                                3.00           4.54          -1.54  (VIOLATED)
       PIN :   hybrids/U164/A
                                3.00           4.54          -1.54  (VIOLATED)
       PIN :   hybrids/U171/A
                                3.00           4.54          -1.54  (VIOLATED)
       PIN :   hybrids/U178/A
                                3.00           4.54          -1.54  (VIOLATED)
       PIN :   hybrids/U185/A
                                3.00           4.54          -1.54  (VIOLATED)
       PIN :   hybrids/U192/A
                                3.00           4.54          -1.54  (VIOLATED)
       PIN :   hybrids/U199/A
                                3.00           4.54          -1.54  (VIOLATED)
       PIN :   U94/Y            3.00           4.54          -1.54  (VIOLATED)
       PIN :   hybrids/U111/A
                                3.00           4.54          -1.54  (VIOLATED)
       PIN :   hybrids/U118/A
                                3.00           4.54          -1.54  (VIOLATED)
       PIN :   hybrids/U125/A
                                3.00           4.54          -1.54  (VIOLATED)
       PIN :   hybrids/U132/A
                                3.00           4.54          -1.54  (VIOLATED)
       PIN :   hybrids/U139/A
                                3.00           4.54          -1.54  (VIOLATED)
       PIN :   hybrids/U146/A
                                3.00           4.54          -1.54  (VIOLATED)
       PIN :   hybrids/U153/A
                                3.00           4.54          -1.54  (VIOLATED)
       PIN :   hybrids/U160/A
                                3.00           4.54          -1.54  (VIOLATED)
       PIN :   hybrids/U167/A
                                3.00           4.54          -1.54  (VIOLATED)
       PIN :   hybrids/U174/A
                                3.00           4.54          -1.54  (VIOLATED)
       PIN :   hybrids/U181/A
                                3.00           4.54          -1.54  (VIOLATED)
       PIN :   hybrids/U188/A
                                3.00           4.54          -1.54  (VIOLATED)
       PIN :   hybrids/U195/A
                                3.00           4.54          -1.54  (VIOLATED)
       PIN :   hybrids/U202/A
                                3.00           4.54          -1.54  (VIOLATED)
   n79                          3.00           3.90          -0.90  (VIOLATED)
       PIN :   reuse/U89/A      3.00           3.90          -0.90  (VIOLATED)
       PIN :   reuse/U96/A      3.00           3.90          -0.90  (VIOLATED)
       PIN :   reuse/U103/A     3.00           3.90          -0.90  (VIOLATED)
       PIN :   reuse/U110/A     3.00           3.90          -0.90  (VIOLATED)
       PIN :   reuse/U117/A     3.00           3.90          -0.90  (VIOLATED)
       PIN :   reuse/U124/A     3.00           3.90          -0.90  (VIOLATED)
       PIN :   reuse/U131/A     3.00           3.90          -0.90  (VIOLATED)
       PIN :   reuse/U138/A     3.00           3.90          -0.90  (VIOLATED)
       PIN :   reuse/U145/A     3.00           3.90          -0.90  (VIOLATED)
       PIN :   reuse/U152/A     3.00           3.90          -0.90  (VIOLATED)
       PIN :   reuse/U159/A     3.00           3.90          -0.90  (VIOLATED)
       PIN :   reuse/U166/A     3.00           3.90          -0.90  (VIOLATED)
       PIN :   U88/Y            3.00           3.90          -0.90  (VIOLATED)
       PIN :   reuse/U92/A      3.00           3.90          -0.90  (VIOLATED)
       PIN :   reuse/U99/A      3.00           3.90          -0.90  (VIOLATED)
       PIN :   reuse/U106/A     3.00           3.90          -0.90  (VIOLATED)
       PIN :   reuse/U113/A     3.00           3.90          -0.90  (VIOLATED)
       PIN :   reuse/U120/A     3.00           3.90          -0.90  (VIOLATED)
       PIN :   reuse/U127/A     3.00           3.90          -0.90  (VIOLATED)
       PIN :   reuse/U134/A     3.00           3.90          -0.90  (VIOLATED)
       PIN :   reuse/U141/A     3.00           3.90          -0.90  (VIOLATED)
       PIN :   reuse/U148/A     3.00           3.90          -0.90  (VIOLATED)
       PIN :   reuse/U155/A     3.00           3.90          -0.90  (VIOLATED)
       PIN :   reuse/U162/A     3.00           3.90          -0.90  (VIOLATED)
       PIN :   reuse/U169/A     3.00           3.90          -0.90  (VIOLATED)
   pivots/n180                  3.00           3.77          -0.77  (VIOLATED)
       PIN :   pivots/U155/S0
                                3.00           3.77          -0.77  (VIOLATED)
       PIN :   pivots/U154/S0
                                3.00           3.77          -0.77  (VIOLATED)
       PIN :   pivots/U153/S0
                                3.00           3.77          -0.77  (VIOLATED)
       PIN :   pivots/U152/S0
                                3.00           3.77          -0.77  (VIOLATED)
       PIN :   pivots/U151/S0
                                3.00           3.77          -0.77  (VIOLATED)
       PIN :   pivots/U150/S0
                                3.00           3.77          -0.77  (VIOLATED)
       PIN :   pivots/U149/S0
                                3.00           3.77          -0.77  (VIOLATED)
       PIN :   pivots/U148/S0
                                3.00           3.77          -0.77  (VIOLATED)
       PIN :   pivots/U147/S0
                                3.00           3.77          -0.77  (VIOLATED)
       PIN :   pivots/U146/S0
                                3.00           3.77          -0.77  (VIOLATED)
       PIN :   pivots/U128/B0
                                3.00           3.77          -0.77  (VIOLATED)
       PIN :   pivots/U116/S0
                                3.00           3.77          -0.77  (VIOLATED)
       PIN :   pivots/U115/S0
                                3.00           3.77          -0.77  (VIOLATED)
       PIN :   pivots/U114/S0
                                3.00           3.77          -0.77  (VIOLATED)
       PIN :   pivots/U113/S0
                                3.00           3.77          -0.77  (VIOLATED)
       PIN :   pivots/U112/S0
                                3.00           3.77          -0.77  (VIOLATED)
       PIN :   pivots/U111/S0
                                3.00           3.77          -0.77  (VIOLATED)
       PIN :   pivots/U110/S0
                                3.00           3.77          -0.77  (VIOLATED)
       PIN :   pivots/U109/S0
                                3.00           3.77          -0.77  (VIOLATED)
       PIN :   pivots/U108/S0
                                3.00           3.77          -0.77  (VIOLATED)
       PIN :   pivots/U107/S0
                                3.00           3.77          -0.77  (VIOLATED)
       PIN :   pivots/U73/B0
                                3.00           3.77          -0.77  (VIOLATED)
       PIN :   pivots/U156/Y
                                3.00           3.77          -0.77  (VIOLATED)
   hybrids/n80                  3.00           3.74          -0.74  (VIOLATED)
       PIN :   hybrids/U622/B
                                3.00           3.74          -0.74  (VIOLATED)
       PIN :   hybrids/U218/A1N
                                3.00           3.74          -0.74  (VIOLATED)
       PIN :   hybrids/U217/A1N
                                3.00           3.74          -0.74  (VIOLATED)
       PIN :   hybrids/U216/A1N
                                3.00           3.74          -0.74  (VIOLATED)
       PIN :   hybrids/U215/A1N
                                3.00           3.74          -0.74  (VIOLATED)
       PIN :   hybrids/U214/A1N
                                3.00           3.74          -0.74  (VIOLATED)
       PIN :   hybrids/U213/A1N
                                3.00           3.74          -0.74  (VIOLATED)
       PIN :   hybrids/U212/A1N
                                3.00           3.74          -0.74  (VIOLATED)
       PIN :   hybrids/U211/A1N
                                3.00           3.74          -0.74  (VIOLATED)
       PIN :   hybrids/U210/A1N
                                3.00           3.74          -0.74  (VIOLATED)
       PIN :   hybrids/U209/A1N
                                3.00           3.74          -0.74  (VIOLATED)
       PIN :   hybrids/U208/A1N
                                3.00           3.74          -0.74  (VIOLATED)
       PIN :   hybrids/U207/A1N
                                3.00           3.74          -0.74  (VIOLATED)
       PIN :   hybrids/U206/A1N
                                3.00           3.74          -0.74  (VIOLATED)
       PIN :   hybrids/U205/A1N
                                3.00           3.74          -0.74  (VIOLATED)
       PIN :   hybrids/U106/A
                                3.00           3.74          -0.74  (VIOLATED)
       PIN :   hybrids/U81/B1
                                3.00           3.74          -0.74  (VIOLATED)
       PIN :   hybrids/U623/Y
                                3.00           3.74          -0.74  (VIOLATED)
   pivots/n177                  3.00           3.63          -0.63  (VIOLATED)
       PIN :   pivots/U187/S0
                                3.00           3.63          -0.63  (VIOLATED)
       PIN :   pivots/U186/S0
                                3.00           3.63          -0.63  (VIOLATED)
       PIN :   pivots/U185/S0
                                3.00           3.63          -0.63  (VIOLATED)
       PIN :   pivots/U184/S0
                                3.00           3.63          -0.63  (VIOLATED)
       PIN :   pivots/U183/S0
                                3.00           3.63          -0.63  (VIOLATED)
       PIN :   pivots/U182/S0
                                3.00           3.63          -0.63  (VIOLATED)
       PIN :   pivots/U181/S0
                                3.00           3.63          -0.63  (VIOLATED)
       PIN :   pivots/U180/S0
                                3.00           3.63          -0.63  (VIOLATED)
       PIN :   pivots/U179/S0
                                3.00           3.63          -0.63  (VIOLATED)
       PIN :   pivots/U86/S0
                                3.00           3.63          -0.63  (VIOLATED)
       PIN :   pivots/U85/S0
                                3.00           3.63          -0.63  (VIOLATED)
       PIN :   pivots/U84/S0
                                3.00           3.63          -0.63  (VIOLATED)
       PIN :   pivots/U83/S0
                                3.00           3.63          -0.63  (VIOLATED)
       PIN :   pivots/U82/S0
                                3.00           3.63          -0.63  (VIOLATED)
       PIN :   pivots/U81/S0
                                3.00           3.63          -0.63  (VIOLATED)
       PIN :   pivots/U80/S0
                                3.00           3.63          -0.63  (VIOLATED)
       PIN :   pivots/U79/S0
                                3.00           3.63          -0.63  (VIOLATED)
       PIN :   pivots/U78/S0
                                3.00           3.63          -0.63  (VIOLATED)
       PIN :   pivots/U77/S0
                                3.00           3.63          -0.63  (VIOLATED)
       PIN :   pivots/U76/B0
                                3.00           3.63          -0.63  (VIOLATED)
       PIN :   pivots/U70/S0
                                3.00           3.63          -0.63  (VIOLATED)
       PIN :   pivots/U188/Y
                                3.00           3.63          -0.63  (VIOLATED)
   pivots/n182                  3.00           3.63          -0.63  (VIOLATED)
       PIN :   pivots/U177/S0
                                3.00           3.63          -0.63  (VIOLATED)
       PIN :   pivots/U176/S0
                                3.00           3.63          -0.63  (VIOLATED)
       PIN :   pivots/U175/S0
                                3.00           3.63          -0.63  (VIOLATED)
       PIN :   pivots/U174/S0
                                3.00           3.63          -0.63  (VIOLATED)
       PIN :   pivots/U173/S0
                                3.00           3.63          -0.63  (VIOLATED)
       PIN :   pivots/U172/S0
                                3.00           3.63          -0.63  (VIOLATED)
       PIN :   pivots/U171/S0
                                3.00           3.63          -0.63  (VIOLATED)
       PIN :   pivots/U170/S0
                                3.00           3.63          -0.63  (VIOLATED)
       PIN :   pivots/U169/S0
                                3.00           3.63          -0.63  (VIOLATED)
       PIN :   pivots/U168/S0
                                3.00           3.63          -0.63  (VIOLATED)
       PIN :   pivots/U96/S0
                                3.00           3.63          -0.63  (VIOLATED)
       PIN :   pivots/U95/S0
                                3.00           3.63          -0.63  (VIOLATED)
       PIN :   pivots/U94/S0
                                3.00           3.63          -0.63  (VIOLATED)
       PIN :   pivots/U93/S0
                                3.00           3.63          -0.63  (VIOLATED)
       PIN :   pivots/U92/S0
                                3.00           3.63          -0.63  (VIOLATED)
       PIN :   pivots/U91/S0
                                3.00           3.63          -0.63  (VIOLATED)
       PIN :   pivots/U90/S0
                                3.00           3.63          -0.63  (VIOLATED)
       PIN :   pivots/U89/S0
                                3.00           3.63          -0.63  (VIOLATED)
       PIN :   pivots/U88/S0
                                3.00           3.63          -0.63  (VIOLATED)
       PIN :   pivots/U87/S0
                                3.00           3.63          -0.63  (VIOLATED)
       PIN :   pivots/U75/B0
                                3.00           3.63          -0.63  (VIOLATED)
       PIN :   pivots/U178/Y
                                3.00           3.63          -0.63  (VIOLATED)
   pivots/n181                  3.00           3.63          -0.63  (VIOLATED)
       PIN :   pivots/U166/S0
                                3.00           3.63          -0.63  (VIOLATED)
       PIN :   pivots/U165/S0
                                3.00           3.63          -0.63  (VIOLATED)
       PIN :   pivots/U164/S0
                                3.00           3.63          -0.63  (VIOLATED)
       PIN :   pivots/U163/S0
                                3.00           3.63          -0.63  (VIOLATED)
       PIN :   pivots/U162/S0
                                3.00           3.63          -0.63  (VIOLATED)
       PIN :   pivots/U161/S0
                                3.00           3.63          -0.63  (VIOLATED)
       PIN :   pivots/U160/S0
                                3.00           3.63          -0.63  (VIOLATED)
       PIN :   pivots/U159/S0
                                3.00           3.63          -0.63  (VIOLATED)
       PIN :   pivots/U158/S0
                                3.00           3.63          -0.63  (VIOLATED)
       PIN :   pivots/U157/S0
                                3.00           3.63          -0.63  (VIOLATED)
       PIN :   pivots/U106/S0
                                3.00           3.63          -0.63  (VIOLATED)
       PIN :   pivots/U105/S0
                                3.00           3.63          -0.63  (VIOLATED)
       PIN :   pivots/U104/S0
                                3.00           3.63          -0.63  (VIOLATED)
       PIN :   pivots/U103/S0
                                3.00           3.63          -0.63  (VIOLATED)
       PIN :   pivots/U102/S0
                                3.00           3.63          -0.63  (VIOLATED)
       PIN :   pivots/U101/S0
                                3.00           3.63          -0.63  (VIOLATED)
       PIN :   pivots/U100/S0
                                3.00           3.63          -0.63  (VIOLATED)
       PIN :   pivots/U99/S0
                                3.00           3.63          -0.63  (VIOLATED)
       PIN :   pivots/U98/S0
                                3.00           3.63          -0.63  (VIOLATED)
       PIN :   pivots/U97/S0
                                3.00           3.63          -0.63  (VIOLATED)
       PIN :   pivots/U74/B0
                                3.00           3.63          -0.63  (VIOLATED)
       PIN :   pivots/U167/Y
                                3.00           3.63          -0.63  (VIOLATED)
   reuse/n58                    3.00           3.31          -0.31  (VIOLATED)
       PIN :   reuse/U426/B     3.00           3.31          -0.31  (VIOLATED)
       PIN :   reuse/U183/A1N
                                3.00           3.31          -0.31  (VIOLATED)
       PIN :   reuse/U182/A1N
                                3.00           3.31          -0.31  (VIOLATED)
       PIN :   reuse/U181/A1N
                                3.00           3.31          -0.31  (VIOLATED)
       PIN :   reuse/U180/A1N
                                3.00           3.31          -0.31  (VIOLATED)
       PIN :   reuse/U179/A1N
                                3.00           3.31          -0.31  (VIOLATED)
       PIN :   reuse/U178/A1N
                                3.00           3.31          -0.31  (VIOLATED)
       PIN :   reuse/U177/A1N
                                3.00           3.31          -0.31  (VIOLATED)
       PIN :   reuse/U176/A1N
                                3.00           3.31          -0.31  (VIOLATED)
       PIN :   reuse/U175/A1N
                                3.00           3.31          -0.31  (VIOLATED)
       PIN :   reuse/U174/A1N
                                3.00           3.31          -0.31  (VIOLATED)
       PIN :   reuse/U173/A1N
                                3.00           3.31          -0.31  (VIOLATED)
       PIN :   reuse/U172/A1N
                                3.00           3.31          -0.31  (VIOLATED)
       PIN :   reuse/U87/B0     3.00           3.31          -0.31  (VIOLATED)
       PIN :   reuse/U58/B1     3.00           3.31          -0.31  (VIOLATED)
       PIN :   reuse/U427/Y     3.00           3.31          -0.31  (VIOLATED)
   counters/n72                 3.00           3.20          -0.20  (VIOLATED)
       PIN :   counters/U284/A
                                3.00           3.20          -0.20  (VIOLATED)
       PIN :   counters/U273/A
                                3.00           3.20          -0.20  (VIOLATED)
       PIN :   counters/U263/A
                                3.00           3.20          -0.20  (VIOLATED)
       PIN :   counters/U253/A
                                3.00           3.20          -0.20  (VIOLATED)
       PIN :   counters/U243/A
                                3.00           3.20          -0.20  (VIOLATED)
       PIN :   counters/U233/A
                                3.00           3.20          -0.20  (VIOLATED)
       PIN :   counters/U223/A
                                3.00           3.20          -0.20  (VIOLATED)
       PIN :   counters/U213/A
                                3.00           3.20          -0.20  (VIOLATED)
       PIN :   counters/U203/A
                                3.00           3.20          -0.20  (VIOLATED)
       PIN :   counters/U193/A
                                3.00           3.20          -0.20  (VIOLATED)
       PIN :   counters/U183/A
                                3.00           3.20          -0.20  (VIOLATED)
       PIN :   counters/U172/A
                                3.00           3.20          -0.20  (VIOLATED)
       PIN :   counters/U286/Y
                                3.00           3.20          -0.20  (VIOLATED)
   counters/n246                3.00           3.20          -0.20  (VIOLATED)
       PIN :   counters/U619/A
                                3.00           3.20          -0.20  (VIOLATED)
       PIN :   counters/U597/A
                                3.00           3.20          -0.20  (VIOLATED)
       PIN :   counters/U585/A
                                3.00           3.20          -0.20  (VIOLATED)
       PIN :   counters/U573/A
                                3.00           3.20          -0.20  (VIOLATED)
       PIN :   counters/U561/A
                                3.00           3.20          -0.20  (VIOLATED)
       PIN :   counters/U550/A
                                3.00           3.20          -0.20  (VIOLATED)
       PIN :   counters/U539/A
                                3.00           3.20          -0.20  (VIOLATED)
       PIN :   counters/U528/A
                                3.00           3.20          -0.20  (VIOLATED)
       PIN :   counters/U516/A
                                3.00           3.20          -0.20  (VIOLATED)
       PIN :   counters/U505/A
                                3.00           3.20          -0.20  (VIOLATED)
       PIN :   counters/U494/A
                                3.00           3.20          -0.20  (VIOLATED)
       PIN :   counters/U483/A
                                3.00           3.20          -0.20  (VIOLATED)
       PIN :   counters/U621/Y
                                3.00           3.20          -0.20  (VIOLATED)

   -----------------------------------------------------------------
   Total                      44               -115.12  

   max_fanout

                             Required        Actual
   Net                        Fanout         Fanout          Slack
   -----------------------------------------------------------------
   fault_col_i[2]              10.00          60.00         -50.00  (VIOLATED)
   fault_col_i[3]              10.00          60.00         -50.00  (VIOLATED)
   fault_col_i[4]              10.00          60.00         -50.00  (VIOLATED)
   fault_col_i[5]              10.00          60.00         -50.00  (VIOLATED)
   fault_col_i[6]              10.00          60.00         -50.00  (VIOLATED)
   fault_row_i[2]              10.00          60.00         -50.00  (VIOLATED)
   fault_row_i[3]              10.00          60.00         -50.00  (VIOLATED)
   fault_row_i[4]              10.00          60.00         -50.00  (VIOLATED)
   fault_row_i[5]              10.00          60.00         -50.00  (VIOLATED)
   fault_row_i[6]              10.00          60.00         -50.00  (VIOLATED)
   fault_col_i[1]              10.00          59.00         -49.00  (VIOLATED)
   fault_row_i[1]              10.00          59.00         -49.00  (VIOLATED)
   fault_col_i[0]              10.00          56.00         -46.00  (VIOLATED)
   fault_col_i[7]              10.00          56.00         -46.00  (VIOLATED)
   fault_col_i[9]              10.00          56.00         -46.00  (VIOLATED)
   fault_row_i[0]              10.00          56.00         -46.00  (VIOLATED)
   fault_row_i[7]              10.00          56.00         -46.00  (VIOLATED)
   fault_row_i[9]              10.00          56.00         -46.00  (VIOLATED)
   fault_col_i[8]              10.00          55.00         -45.00  (VIOLATED)
   fault_row_i[8]              10.00          55.00         -45.00  (VIOLATED)
   counters/n81                10.00          47.00         -37.00  (VIOLATED)
   hybrid_cfg_mask[6]          10.00          44.00         -34.00  (VIOLATED)
   hybrids/n81                 10.00          36.00         -26.00  (VIOLATED)
   hybrids/n82                 10.00          36.00         -26.00  (VIOLATED)
   hybrids/n83                 10.00          36.00         -26.00  (VIOLATED)
   hybrids/n84                 10.00          36.00         -26.00  (VIOLATED)
   hybrids/n609                10.00          36.00         -26.00  (VIOLATED)
   hybrids/n610                10.00          36.00         -26.00  (VIOLATED)
   hybrids/n611                10.00          36.00         -26.00  (VIOLATED)
   hybrids/n612                10.00          36.00         -26.00  (VIOLATED)
   hybrids/n613                10.00          36.00         -26.00  (VIOLATED)
   hybrids/n614                10.00          36.00         -26.00  (VIOLATED)
   hybrids/n615                10.00          36.00         -26.00  (VIOLATED)
   hybrids/n616                10.00          36.00         -26.00  (VIOLATED)
   hybrids/n617                10.00          36.00         -26.00  (VIOLATED)
   hybrids/n618                10.00          36.00         -26.00  (VIOLATED)
   reuse_cfg_mask[6]           10.00          36.00         -26.00  (VIOLATED)
   hybrid_cfg_mask[5]          10.00          30.00         -20.00  (VIOLATED)
   reuse/n66                   10.00          29.00         -19.00  (VIOLATED)
   n78                         10.00          28.00         -18.00  (VIOLATED)
   reuse/n59                   10.00          28.00         -18.00  (VIOLATED)
   reuse/n60                   10.00          28.00         -18.00  (VIOLATED)
   reuse/n61                   10.00          28.00         -18.00  (VIOLATED)
   reuse/n73                   10.00          28.00         -18.00  (VIOLATED)
   reuse/n74                   10.00          28.00         -18.00  (VIOLATED)
   reuse/n75                   10.00          28.00         -18.00  (VIOLATED)
   reuse/n76                   10.00          28.00         -18.00  (VIOLATED)
   reuse/n77                   10.00          28.00         -18.00  (VIOLATED)
   reuse/n78                   10.00          28.00         -18.00  (VIOLATED)
   reuse/n418                  10.00          28.00         -18.00  (VIOLATED)
   reuse/n419                  10.00          28.00         -18.00  (VIOLATED)
   n79                         10.00          24.00         -14.00  (VIOLATED)
   reuse_cfg_mask[5]           10.00          24.00         -14.00  (VIOLATED)
   pivots/n180                 10.00          22.00         -12.00  (VIOLATED)
   pivots/n177                 10.00          21.00         -11.00  (VIOLATED)
   pivots/n179                 10.00          21.00         -11.00  (VIOLATED)
   pivots/n181                 10.00          21.00         -11.00  (VIOLATED)
   pivots/n182                 10.00          21.00         -11.00  (VIOLATED)
   hybrids/n80                 10.00          17.00          -7.00  (VIOLATED)
   relation_ptr[1]             10.00          17.00          -7.00  (VIOLATED)
   n81                         10.00          16.00          -6.00  (VIOLATED)
   relation_ptr[0]             10.00          15.00          -5.00  (VIOLATED)
   reuse/n58                   10.00          15.00          -5.00  (VIOLATED)
   descriptor                  10.00          14.00          -4.00  (VIOLATED)
   fault_count_o[0]            10.00          14.00          -4.00  (VIOLATED)
   fault_count_o[1]            10.00          14.00          -4.00  (VIOLATED)
   fault_count_o[2]            10.00          14.00          -4.00  (VIOLATED)
   fault_count_o[3]            10.00          14.00          -4.00  (VIOLATED)
   counters/n57                10.00          12.00          -2.00  (VIOLATED)
   counters/n58                10.00          12.00          -2.00  (VIOLATED)
   counters/n59                10.00          12.00          -2.00  (VIOLATED)
   counters/n60                10.00          12.00          -2.00  (VIOLATED)
   counters/n61                10.00          12.00          -2.00  (VIOLATED)
   counters/n62                10.00          12.00          -2.00  (VIOLATED)
   counters/n63                10.00          12.00          -2.00  (VIOLATED)
   counters/n64                10.00          12.00          -2.00  (VIOLATED)
   counters/n65                10.00          12.00          -2.00  (VIOLATED)
   counters/n66                10.00          12.00          -2.00  (VIOLATED)
   counters/n67                10.00          12.00          -2.00  (VIOLATED)
   counters/n68                10.00          12.00          -2.00  (VIOLATED)
   counters/n69                10.00          12.00          -2.00  (VIOLATED)
   counters/n72                10.00          12.00          -2.00  (VIOLATED)
   counters/n74                10.00          12.00          -2.00  (VIOLATED)
   counters/n76                10.00          12.00          -2.00  (VIOLATED)
   counters/n82                10.00          12.00          -2.00  (VIOLATED)
   counters/n213               10.00          12.00          -2.00  (VIOLATED)
   counters/n215               10.00          12.00          -2.00  (VIOLATED)
   counters/n217               10.00          12.00          -2.00  (VIOLATED)
   counters/n219               10.00          12.00          -2.00  (VIOLATED)
   counters/n221               10.00          12.00          -2.00  (VIOLATED)
   counters/n223               10.00          12.00          -2.00  (VIOLATED)
   counters/n225               10.00          12.00          -2.00  (VIOLATED)
   counters/n227               10.00          12.00          -2.00  (VIOLATED)
   counters/n229               10.00          12.00          -2.00  (VIOLATED)
   counters/n231               10.00          12.00          -2.00  (VIOLATED)
   counters/n233               10.00          12.00          -2.00  (VIOLATED)
   counters/n235               10.00          12.00          -2.00  (VIOLATED)
   counters/n240               10.00          12.00          -2.00  (VIOLATED)
   counters/n243               10.00          12.00          -2.00  (VIOLATED)
   counters/n246               10.00          12.00          -2.00  (VIOLATED)
   counters/n248               10.00          12.00          -2.00  (VIOLATED)
   counters/n253               10.00          12.00          -2.00  (VIOLATED)

   -----------------------------------------------------------------
   Total                      102             -1882.00  

   max_capacitance

                             Required        Actual
   Net                      Capacitance    Capacitance       Slack
   -----------------------------------------------------------------
   fault_row_i[4]               0.15           0.85          -0.70  (VIOLATED)
   fault_row_i[5]               0.15           0.85          -0.70  (VIOLATED)
   fault_row_i[2]               0.15           0.85          -0.70  (VIOLATED)
   fault_row_i[3]               0.15           0.85          -0.70  (VIOLATED)
   fault_row_i[6]               0.15           0.84          -0.69  (VIOLATED)
   fault_col_i[4]               0.15           0.84          -0.69  (VIOLATED)
   fault_col_i[5]               0.15           0.84          -0.69  (VIOLATED)
   fault_col_i[2]               0.15           0.84          -0.69  (VIOLATED)
   fault_col_i[3]               0.15           0.84          -0.69  (VIOLATED)
   fault_col_i[6]               0.15           0.83          -0.68  (VIOLATED)
   fault_row_i[1]               0.15           0.83          -0.68  (VIOLATED)
   fault_col_i[1]               0.15           0.82          -0.67  (VIOLATED)
   fault_row_i[9]               0.15           0.78          -0.63  (VIOLATED)
   fault_row_i[0]               0.15           0.78          -0.63  (VIOLATED)
   fault_row_i[7]               0.15           0.78          -0.63  (VIOLATED)
   fault_col_i[9]               0.15           0.78          -0.63  (VIOLATED)
   fault_col_i[0]               0.15           0.77          -0.62  (VIOLATED)
   fault_col_i[7]               0.15           0.77          -0.62  (VIOLATED)
   fault_row_i[8]               0.15           0.76          -0.61  (VIOLATED)
   fault_col_i[8]               0.15           0.76          -0.61  (VIOLATED)
   counters/n81                 0.15           0.62          -0.47  (VIOLATED)
   hybrid_cfg_mask[6]           0.15           0.59          -0.44  (VIOLATED)
   hybrids/n81                  0.15           0.56          -0.41  (VIOLATED)
   hybrids/n82                  0.15           0.56          -0.41  (VIOLATED)
   hybrids/n83                  0.15           0.56          -0.41  (VIOLATED)
   hybrids/n84                  0.15           0.56          -0.41  (VIOLATED)
   hybrids/n609                 0.15           0.56          -0.41  (VIOLATED)
   hybrids/n610                 0.15           0.56          -0.41  (VIOLATED)
   hybrids/n611                 0.15           0.56          -0.41  (VIOLATED)
   hybrids/n612                 0.15           0.56          -0.41  (VIOLATED)
   hybrids/n613                 0.15           0.56          -0.41  (VIOLATED)
   hybrids/n614                 0.15           0.56          -0.41  (VIOLATED)
   hybrids/n615                 0.15           0.56          -0.41  (VIOLATED)
   hybrids/n616                 0.15           0.56          -0.41  (VIOLATED)
   hybrids/n617                 0.15           0.56          -0.41  (VIOLATED)
   hybrids/n618                 0.15           0.56          -0.41  (VIOLATED)
   reuse_cfg_mask[6]            0.15           0.48          -0.33  (VIOLATED)
   reuse/n66                    0.15           0.45          -0.30  (VIOLATED)
   reuse/n59                    0.15           0.44          -0.29  (VIOLATED)
   reuse/n60                    0.15           0.44          -0.29  (VIOLATED)
   reuse/n61                    0.15           0.44          -0.29  (VIOLATED)
   reuse/n73                    0.15           0.44          -0.29  (VIOLATED)
   reuse/n74                    0.15           0.44          -0.29  (VIOLATED)
   reuse/n75                    0.15           0.44          -0.29  (VIOLATED)
   reuse/n76                    0.15           0.44          -0.29  (VIOLATED)
   reuse/n77                    0.15           0.44          -0.29  (VIOLATED)
   reuse/n78                    0.15           0.44          -0.29  (VIOLATED)
   reuse/n418                   0.15           0.44          -0.29  (VIOLATED)
   reuse/n419                   0.15           0.44          -0.29  (VIOLATED)
   hybrid_cfg_mask[5]           0.15           0.40          -0.25  (VIOLATED)
   n78                          0.15           0.37          -0.22  (VIOLATED)
   pivots/n180                  0.15           0.34          -0.19  (VIOLATED)
   pivots/n179                  0.15           0.33          -0.18  (VIOLATED)
   pivots/n177                  0.15           0.33          -0.18  (VIOLATED)
   pivots/n181                  0.15           0.33          -0.18  (VIOLATED)
   pivots/n182                  0.15           0.33          -0.18  (VIOLATED)
   n79                          0.15           0.32          -0.17  (VIOLATED)
   reuse_cfg_mask[5]            0.15           0.32          -0.17  (VIOLATED)
   fault_count_o[0]             0.15           0.25          -0.10  (VIOLATED)
   fault_count_o[1]             0.15           0.25          -0.10  (VIOLATED)
   fault_count_o[2]             0.15           0.25          -0.10  (VIOLATED)
   fault_count_o[3]             0.15           0.25          -0.10  (VIOLATED)
   relation_ptr[1]              0.15           0.23          -0.08  (VIOLATED)
   n81                          0.15           0.21          -0.06  (VIOLATED)
   hybrids/n80                  0.15           0.20          -0.05  (VIOLATED)
   relation_ptr[0]              0.15           0.20          -0.05  (VIOLATED)
   descriptor                   0.15           0.19          -0.04  (VIOLATED)
   counters/n57                 0.15           0.18          -0.03  (VIOLATED)
   counters/n65                 0.15           0.18          -0.03  (VIOLATED)
   counters/n221                0.15           0.18          -0.03  (VIOLATED)
   counters/n213                0.15           0.18          -0.03  (VIOLATED)
   counters/n58                 0.15           0.18          -0.03  (VIOLATED)
   counters/n59                 0.15           0.18          -0.03  (VIOLATED)
   counters/n60                 0.15           0.18          -0.03  (VIOLATED)
   counters/n62                 0.15           0.18          -0.03  (VIOLATED)
   counters/n63                 0.15           0.18          -0.03  (VIOLATED)
   counters/n64                 0.15           0.18          -0.03  (VIOLATED)
   counters/n66                 0.15           0.18          -0.03  (VIOLATED)
   counters/n67                 0.15           0.18          -0.03  (VIOLATED)
   counters/n68                 0.15           0.18          -0.03  (VIOLATED)
   counters/n215                0.15           0.18          -0.03  (VIOLATED)
   counters/n217                0.15           0.18          -0.03  (VIOLATED)
   counters/n219                0.15           0.18          -0.03  (VIOLATED)
   counters/n223                0.15           0.18          -0.03  (VIOLATED)
   counters/n225                0.15           0.18          -0.03  (VIOLATED)
   counters/n227                0.15           0.18          -0.03  (VIOLATED)
   counters/n231                0.15           0.18          -0.03  (VIOLATED)
   counters/n233                0.15           0.18          -0.03  (VIOLATED)
   counters/n235                0.15           0.18          -0.03  (VIOLATED)
   counters/n61                 0.15           0.18          -0.03  (VIOLATED)
   counters/n229                0.15           0.18          -0.03  (VIOLATED)
   reuse/n58                    0.15           0.18          -0.03  (VIOLATED)
   counters/n69                 0.15           0.17          -0.02  (VIOLATED)
   counters/n72                 0.15           0.17          -0.02  (VIOLATED)
   counters/n74                 0.15           0.17          -0.02  (VIOLATED)
   counters/n76                 0.15           0.17          -0.02  (VIOLATED)
   counters/n240                0.15           0.17          -0.02  (VIOLATED)
   counters/n243                0.15           0.17          -0.02  (VIOLATED)
   counters/n246                0.15           0.17          -0.02  (VIOLATED)
   counters/n248                0.15           0.17          -0.02  (VIOLATED)
   counters/n82                 0.15           0.16          -0.01  (VIOLATED)
   counters/n253                0.15           0.16          -0.01  (VIOLATED)

   -----------------------------------------------------------------
   Total                      102               -26.98  

1
