 
****************************************
Report : constraint
        -all_violators
Design : multi_config_analyzer_area_engine_HYBRID_ENTRY_NUM14
Version: W-2024.09-SP2
Date   : Wed Sep  9 14:41:33 2026
****************************************


   max_delay/setup ('clk' group)

                             Required        Actual
   Endpoint                 Path Delay     Path Delay        Slack
   -----------------------------------------------------------------
   config_patterns_o_reg[2]/D
                               19.46         189.56 r      -170.10  (VIOLATED)
   config_patterns_o_reg[6]/D
                               19.46         189.56 r      -170.10  (VIOLATED)
   config_patterns_o_reg[10]/D
                               19.46         189.56 r      -170.10  (VIOLATED)
   config_patterns_o_reg[14]/D
                               19.46         189.56 r      -170.10  (VIOLATED)
   config_patterns_o_reg[18]/D
                               19.46         189.56 r      -170.10  (VIOLATED)
   config_patterns_o_reg[22]/D
                               19.46         189.56 r      -170.10  (VIOLATED)
   config_patterns_o_reg[26]/D
                               19.46         189.56 r      -170.10  (VIOLATED)
   config_patterns_o_reg[0]/D
                               19.46         189.54 r      -170.09  (VIOLATED)
   config_patterns_o_reg[1]/D
                               19.46         189.54 r      -170.09  (VIOLATED)
   config_patterns_o_reg[3]/D
                               19.46         189.54 r      -170.09  (VIOLATED)
   config_patterns_o_reg[4]/D
                               19.46         189.54 r      -170.09  (VIOLATED)
   config_patterns_o_reg[5]/D
                               19.46         189.54 r      -170.09  (VIOLATED)
   config_patterns_o_reg[7]/D
                               19.46         189.54 r      -170.09  (VIOLATED)
   config_patterns_o_reg[8]/D
                               19.46         189.54 r      -170.09  (VIOLATED)
   config_patterns_o_reg[9]/D
                               19.46         189.54 r      -170.09  (VIOLATED)
   config_patterns_o_reg[11]/D
                               19.46         189.54 r      -170.09  (VIOLATED)
   config_patterns_o_reg[12]/D
                               19.46         189.54 r      -170.09  (VIOLATED)
   config_patterns_o_reg[13]/D
                               19.46         189.54 r      -170.09  (VIOLATED)
   config_patterns_o_reg[15]/D
                               19.46         189.54 r      -170.09  (VIOLATED)
   config_patterns_o_reg[16]/D
                               19.46         189.54 r      -170.09  (VIOLATED)
   config_patterns_o_reg[17]/D
                               19.46         189.54 r      -170.09  (VIOLATED)
   config_patterns_o_reg[19]/D
                               19.46         189.54 r      -170.09  (VIOLATED)
   config_patterns_o_reg[20]/D
                               19.46         189.54 r      -170.09  (VIOLATED)
   config_patterns_o_reg[21]/D
                               19.46         189.54 r      -170.09  (VIOLATED)
   config_patterns_o_reg[23]/D
                               19.46         189.54 r      -170.09  (VIOLATED)
   config_patterns_o_reg[24]/D
                               19.46         189.54 r      -170.09  (VIOLATED)
   config_patterns_o_reg[25]/D
                               19.46         189.54 r      -170.09  (VIOLATED)
   config_patterns_o_reg[27]/D
                               19.46         189.54 r      -170.09  (VIOLATED)
   selected_pattern_reg[0]/E
                               19.27         187.64 r      -168.36  (VIOLATED)
   selected_pattern_reg[1]/E
                               19.27         187.64 r      -168.36  (VIOLATED)
   selected_pattern_reg[2]/E
                               19.27         187.64 r      -168.36  (VIOLATED)
   selected_pattern_reg[3]/E
                               19.27         187.64 r      -168.36  (VIOLATED)
   config_valid_o_reg[0]/D     19.47         187.81 r      -168.34  (VIOLATED)
   config_valid_o_reg[1]/D     19.47         187.81 r      -168.34  (VIOLATED)
   config_valid_o_reg[2]/D     19.47         187.81 r      -168.34  (VIOLATED)
   config_valid_o_reg[3]/D     19.47         187.81 r      -168.34  (VIOLATED)
   config_valid_o_reg[4]/D     19.47         187.81 r      -168.34  (VIOLATED)
   config_valid_o_reg[5]/D     19.47         187.81 r      -168.34  (VIOLATED)
   config_valid_o_reg[6]/D     19.47         187.81 r      -168.34  (VIOLATED)
   candidate_found_reg/E       19.31         187.04 r      -167.73  (VIOLATED)


   max_transition

                             Required        Actual
   Net                      Transition     Transition        Slack
   -----------------------------------------------------------------
   view/n320                    3.00          16.43         -13.43  (VIOLATED)
       PIN :   view/U1508/B0
                                3.00          16.43         -13.43  (VIOLATED)
       PIN :   view/U1508/A0
                                3.00          16.43         -13.43  (VIOLATED)
       PIN :   view/U1493/B     3.00          16.43         -13.43  (VIOLATED)
       PIN :   view/U1380/B0
                                3.00          16.43         -13.43  (VIOLATED)
       PIN :   view/U1380/A0
                                3.00          16.43         -13.43  (VIOLATED)
       PIN :   view/U1370/B     3.00          16.43         -13.43  (VIOLATED)
       PIN :   view/U1296/B0
                                3.00          16.43         -13.43  (VIOLATED)
       PIN :   view/U1296/A0
                                3.00          16.43         -13.43  (VIOLATED)
       PIN :   view/U1286/B     3.00          16.43         -13.43  (VIOLATED)
       PIN :   view/U1212/B0
                                3.00          16.43         -13.43  (VIOLATED)
       PIN :   view/U1212/A0
                                3.00          16.43         -13.43  (VIOLATED)
       PIN :   view/U1202/B     3.00          16.43         -13.43  (VIOLATED)
       PIN :   view/U1123/B0
                                3.00          16.43         -13.43  (VIOLATED)
       PIN :   view/U1123/A0
                                3.00          16.43         -13.43  (VIOLATED)
       PIN :   view/U1118/B     3.00          16.43         -13.43  (VIOLATED)
       PIN :   view/U1044/B0
                                3.00          16.43         -13.43  (VIOLATED)
       PIN :   view/U1044/A0
                                3.00          16.43         -13.43  (VIOLATED)
       PIN :   view/U1034/B     3.00          16.43         -13.43  (VIOLATED)
       PIN :   view/U960/B0     3.00          16.43         -13.43  (VIOLATED)
       PIN :   view/U960/A0     3.00          16.43         -13.43  (VIOLATED)
       PIN :   view/U950/B      3.00          16.43         -13.43  (VIOLATED)
       PIN :   view/U876/B0     3.00          16.43         -13.43  (VIOLATED)
       PIN :   view/U876/A0     3.00          16.43         -13.43  (VIOLATED)
       PIN :   view/U866/B      3.00          16.43         -13.43  (VIOLATED)
       PIN :   view/U792/B0     3.00          16.43         -13.43  (VIOLATED)
       PIN :   view/U792/A0     3.00          16.43         -13.43  (VIOLATED)
       PIN :   view/U782/B      3.00          16.43         -13.43  (VIOLATED)
       PIN :   view/U708/B0     3.00          16.43         -13.43  (VIOLATED)
       PIN :   view/U708/A0     3.00          16.43         -13.43  (VIOLATED)
       PIN :   view/U698/B      3.00          16.43         -13.43  (VIOLATED)
       PIN :   view/U624/B0     3.00          16.43         -13.43  (VIOLATED)
       PIN :   view/U624/A0     3.00          16.43         -13.43  (VIOLATED)
       PIN :   view/U614/B      3.00          16.43         -13.43  (VIOLATED)
       PIN :   view/U540/B0     3.00          16.43         -13.43  (VIOLATED)
       PIN :   view/U540/A0     3.00          16.43         -13.43  (VIOLATED)
       PIN :   view/U530/B      3.00          16.43         -13.43  (VIOLATED)
       PIN :   view/U456/B0     3.00          16.43         -13.43  (VIOLATED)
       PIN :   view/U456/A0     3.00          16.43         -13.43  (VIOLATED)
       PIN :   view/U446/B      3.00          16.43         -13.43  (VIOLATED)
       PIN :   view/U372/B0     3.00          16.43         -13.43  (VIOLATED)
       PIN :   view/U372/A0     3.00          16.43         -13.43  (VIOLATED)
       PIN :   view/U362/B      3.00          16.43         -13.43  (VIOLATED)
       PIN :   view/U1512/Y     3.00          16.43         -13.43  (VIOLATED)
   view/n85                     3.00          10.45          -7.45  (VIOLATED)
       PIN :   view/U1505/B     3.00          10.45          -7.45  (VIOLATED)
       PIN :   view/U1502/B0
                                3.00          10.45          -7.45  (VIOLATED)
       PIN :   view/U1386/A1
                                3.00          10.45          -7.45  (VIOLATED)
       PIN :   view/U1378/B0
                                3.00          10.45          -7.45  (VIOLATED)
       PIN :   view/U1302/A1
                                3.00          10.45          -7.45  (VIOLATED)
       PIN :   view/U1294/B0
                                3.00          10.45          -7.45  (VIOLATED)
       PIN :   view/U1218/A1
                                3.00          10.45          -7.45  (VIOLATED)
       PIN :   view/U1210/B0
                                3.00          10.45          -7.45  (VIOLATED)
       PIN :   view/U1134/A1
                                3.00          10.45          -7.45  (VIOLATED)
       PIN :   view/U1042/B0
                                3.00          10.45          -7.45  (VIOLATED)
       PIN :   view/U966/A1     3.00          10.45          -7.45  (VIOLATED)
       PIN :   view/U958/B0     3.00          10.45          -7.45  (VIOLATED)
       PIN :   view/U882/A1     3.00          10.45          -7.45  (VIOLATED)
       PIN :   view/U874/B0     3.00          10.45          -7.45  (VIOLATED)
       PIN :   view/U798/A1     3.00          10.45          -7.45  (VIOLATED)
       PIN :   view/U790/B0     3.00          10.45          -7.45  (VIOLATED)
       PIN :   view/U714/A1     3.00          10.45          -7.45  (VIOLATED)
       PIN :   view/U706/B0     3.00          10.45          -7.45  (VIOLATED)
       PIN :   view/U630/A1     3.00          10.45          -7.45  (VIOLATED)
       PIN :   view/U622/B0     3.00          10.45          -7.45  (VIOLATED)
       PIN :   view/U546/A1     3.00          10.45          -7.45  (VIOLATED)
       PIN :   view/U538/B0     3.00          10.45          -7.45  (VIOLATED)
       PIN :   view/U462/A1     3.00          10.45          -7.45  (VIOLATED)
       PIN :   view/U454/B0     3.00          10.45          -7.45  (VIOLATED)
       PIN :   view/U378/A1     3.00          10.45          -7.45  (VIOLATED)
       PIN :   view/U370/B0     3.00          10.45          -7.45  (VIOLATED)
       PIN :   view/U294/A1     3.00          10.45          -7.45  (VIOLATED)
       PIN :   view/U88/A1      3.00          10.45          -7.45  (VIOLATED)
       PIN :   view/U83/A1      3.00          10.45          -7.45  (VIOLATED)
       PIN :   view/U78/A1      3.00          10.45          -7.45  (VIOLATED)
       PIN :   view/U73/A0      3.00          10.45          -7.45  (VIOLATED)
       PIN :   view/U1506/Y     3.00          10.45          -7.45  (VIOLATED)
   view/n77                     3.00          10.07          -7.07  (VIOLATED)
       PIN :   view/U2119/A1
                                3.00          10.07          -7.07  (VIOLATED)
       PIN :   view/U2112/A1
                                3.00          10.07          -7.07  (VIOLATED)
       PIN :   view/U2107/A1
                                3.00          10.07          -7.07  (VIOLATED)
       PIN :   view/U2103/A1
                                3.00          10.07          -7.07  (VIOLATED)
       PIN :   view/U2098/A1
                                3.00          10.07          -7.07  (VIOLATED)
       PIN :   view/U2094/A1
                                3.00          10.07          -7.07  (VIOLATED)
       PIN :   view/U2089/A1
                                3.00          10.07          -7.07  (VIOLATED)
       PIN :   view/U2085/A1
                                3.00          10.07          -7.07  (VIOLATED)
       PIN :   view/U2080/A1
                                3.00          10.07          -7.07  (VIOLATED)
       PIN :   view/U2076/A1
                                3.00          10.07          -7.07  (VIOLATED)
       PIN :   view/U1504/C0
                                3.00          10.07          -7.07  (VIOLATED)
       PIN :   view/U1386/B1
                                3.00          10.07          -7.07  (VIOLATED)
       PIN :   view/U1302/B1
                                3.00          10.07          -7.07  (VIOLATED)
       PIN :   view/U1218/B1
                                3.00          10.07          -7.07  (VIOLATED)
       PIN :   view/U1134/B1
                                3.00          10.07          -7.07  (VIOLATED)
       PIN :   view/U1053/A1
                                3.00          10.07          -7.07  (VIOLATED)
       PIN :   view/U966/B1     3.00          10.07          -7.07  (VIOLATED)
       PIN :   view/U882/B1     3.00          10.07          -7.07  (VIOLATED)
       PIN :   view/U798/B1     3.00          10.07          -7.07  (VIOLATED)
       PIN :   view/U714/B1     3.00          10.07          -7.07  (VIOLATED)
       PIN :   view/U630/B1     3.00          10.07          -7.07  (VIOLATED)
       PIN :   view/U546/B1     3.00          10.07          -7.07  (VIOLATED)
       PIN :   view/U462/B1     3.00          10.07          -7.07  (VIOLATED)
       PIN :   view/U378/B1     3.00          10.07          -7.07  (VIOLATED)
       PIN :   view/U294/B1     3.00          10.07          -7.07  (VIOLATED)
       PIN :   view/U88/B1      3.00          10.07          -7.07  (VIOLATED)
       PIN :   view/U83/B1      3.00          10.07          -7.07  (VIOLATED)
       PIN :   view/U78/B1      3.00          10.07          -7.07  (VIOLATED)
       PIN :   view/U73/B1      3.00          10.07          -7.07  (VIOLATED)
       PIN :   view/U70/A1      3.00          10.07          -7.07  (VIOLATED)
       PIN :   view/U2121/Y     3.00          10.07          -7.07  (VIOLATED)
   view/n78                     3.00           9.79          -6.79  (VIOLATED)
       PIN :   view/U2119/B1
                                3.00           9.79          -6.79  (VIOLATED)
       PIN :   view/U2112/B1
                                3.00           9.79          -6.79  (VIOLATED)
       PIN :   view/U2107/B1
                                3.00           9.79          -6.79  (VIOLATED)
       PIN :   view/U2103/B1
                                3.00           9.79          -6.79  (VIOLATED)
       PIN :   view/U2098/B1
                                3.00           9.79          -6.79  (VIOLATED)
       PIN :   view/U2094/B1
                                3.00           9.79          -6.79  (VIOLATED)
       PIN :   view/U2089/B1
                                3.00           9.79          -6.79  (VIOLATED)
       PIN :   view/U2085/B1
                                3.00           9.79          -6.79  (VIOLATED)
       PIN :   view/U2080/B1
                                3.00           9.79          -6.79  (VIOLATED)
       PIN :   view/U2076/B1
                                3.00           9.79          -6.79  (VIOLATED)
       PIN :   view/U1387/A1
                                3.00           9.79          -6.79  (VIOLATED)
       PIN :   view/U1303/A1
                                3.00           9.79          -6.79  (VIOLATED)
       PIN :   view/U1219/A1
                                3.00           9.79          -6.79  (VIOLATED)
       PIN :   view/U1135/A1
                                3.00           9.79          -6.79  (VIOLATED)
       PIN :   view/U1053/B1
                                3.00           9.79          -6.79  (VIOLATED)
       PIN :   view/U967/A1     3.00           9.79          -6.79  (VIOLATED)
       PIN :   view/U883/A1     3.00           9.79          -6.79  (VIOLATED)
       PIN :   view/U799/A1     3.00           9.79          -6.79  (VIOLATED)
       PIN :   view/U715/A1     3.00           9.79          -6.79  (VIOLATED)
       PIN :   view/U631/A1     3.00           9.79          -6.79  (VIOLATED)
       PIN :   view/U547/A1     3.00           9.79          -6.79  (VIOLATED)
       PIN :   view/U463/A1     3.00           9.79          -6.79  (VIOLATED)
       PIN :   view/U379/A1     3.00           9.79          -6.79  (VIOLATED)
       PIN :   view/U295/A1     3.00           9.79          -6.79  (VIOLATED)
       PIN :   view/U89/A1      3.00           9.79          -6.79  (VIOLATED)
       PIN :   view/U84/A1      3.00           9.79          -6.79  (VIOLATED)
       PIN :   view/U79/A1      3.00           9.79          -6.79  (VIOLATED)
       PIN :   view/U74/A1      3.00           9.79          -6.79  (VIOLATED)
       PIN :   view/U70/B1      3.00           9.79          -6.79  (VIOLATED)
       PIN :   view/U2120/Y     3.00           9.79          -6.79  (VIOLATED)
   view/n75                     3.00           9.75          -6.75  (VIOLATED)
       PIN :   view/U2115/B1
                                3.00           9.75          -6.75  (VIOLATED)
       PIN :   view/U2111/B1
                                3.00           9.75          -6.75  (VIOLATED)
       PIN :   view/U2106/B1
                                3.00           9.75          -6.75  (VIOLATED)
       PIN :   view/U2102/B1
                                3.00           9.75          -6.75  (VIOLATED)
       PIN :   view/U2097/B1
                                3.00           9.75          -6.75  (VIOLATED)
       PIN :   view/U2093/B1
                                3.00           9.75          -6.75  (VIOLATED)
       PIN :   view/U2088/B1
                                3.00           9.75          -6.75  (VIOLATED)
       PIN :   view/U2084/B1
                                3.00           9.75          -6.75  (VIOLATED)
       PIN :   view/U2079/B1
                                3.00           9.75          -6.75  (VIOLATED)
       PIN :   view/U2075/B1
                                3.00           9.75          -6.75  (VIOLATED)
       PIN :   view/U1388/B1
                                3.00           9.75          -6.75  (VIOLATED)
       PIN :   view/U1304/B1
                                3.00           9.75          -6.75  (VIOLATED)
       PIN :   view/U1220/B1
                                3.00           9.75          -6.75  (VIOLATED)
       PIN :   view/U1136/B1
                                3.00           9.75          -6.75  (VIOLATED)
       PIN :   view/U1052/B1
                                3.00           9.75          -6.75  (VIOLATED)
       PIN :   view/U968/B1     3.00           9.75          -6.75  (VIOLATED)
       PIN :   view/U884/B1     3.00           9.75          -6.75  (VIOLATED)
       PIN :   view/U800/B1     3.00           9.75          -6.75  (VIOLATED)
       PIN :   view/U716/B1     3.00           9.75          -6.75  (VIOLATED)
       PIN :   view/U632/B1     3.00           9.75          -6.75  (VIOLATED)
       PIN :   view/U548/B1     3.00           9.75          -6.75  (VIOLATED)
       PIN :   view/U464/B1     3.00           9.75          -6.75  (VIOLATED)
       PIN :   view/U380/B1     3.00           9.75          -6.75  (VIOLATED)
       PIN :   view/U296/B1     3.00           9.75          -6.75  (VIOLATED)
       PIN :   view/U90/B1      3.00           9.75          -6.75  (VIOLATED)
       PIN :   view/U85/B1      3.00           9.75          -6.75  (VIOLATED)
       PIN :   view/U80/B1      3.00           9.75          -6.75  (VIOLATED)
       PIN :   view/U75/B1      3.00           9.75          -6.75  (VIOLATED)
       PIN :   view/U69/B1      3.00           9.75          -6.75  (VIOLATED)
       PIN :   view/U2117/Y     3.00           9.75          -6.75  (VIOLATED)
   view/n76                     3.00           7.78          -4.78  (VIOLATED)
       PIN :   view/U2115/C1
                                3.00           7.78          -4.78  (VIOLATED)
       PIN :   view/U2111/C1
                                3.00           7.78          -4.78  (VIOLATED)
       PIN :   view/U2106/C1
                                3.00           7.78          -4.78  (VIOLATED)
       PIN :   view/U2102/C1
                                3.00           7.78          -4.78  (VIOLATED)
       PIN :   view/U2097/C1
                                3.00           7.78          -4.78  (VIOLATED)
       PIN :   view/U2093/C1
                                3.00           7.78          -4.78  (VIOLATED)
       PIN :   view/U2088/C1
                                3.00           7.78          -4.78  (VIOLATED)
       PIN :   view/U2084/C1
                                3.00           7.78          -4.78  (VIOLATED)
       PIN :   view/U2079/C1
                                3.00           7.78          -4.78  (VIOLATED)
       PIN :   view/U2075/C1
                                3.00           7.78          -4.78  (VIOLATED)
       PIN :   view/U1389/A1
                                3.00           7.78          -4.78  (VIOLATED)
       PIN :   view/U1305/A1
                                3.00           7.78          -4.78  (VIOLATED)
       PIN :   view/U1221/A1
                                3.00           7.78          -4.78  (VIOLATED)
       PIN :   view/U1137/A1
                                3.00           7.78          -4.78  (VIOLATED)
       PIN :   view/U1052/C1
                                3.00           7.78          -4.78  (VIOLATED)
       PIN :   view/U969/A1     3.00           7.78          -4.78  (VIOLATED)
       PIN :   view/U885/A1     3.00           7.78          -4.78  (VIOLATED)
       PIN :   view/U801/A1     3.00           7.78          -4.78  (VIOLATED)
       PIN :   view/U717/A1     3.00           7.78          -4.78  (VIOLATED)
       PIN :   view/U633/A1     3.00           7.78          -4.78  (VIOLATED)
       PIN :   view/U549/A1     3.00           7.78          -4.78  (VIOLATED)
       PIN :   view/U465/A1     3.00           7.78          -4.78  (VIOLATED)
       PIN :   view/U381/A1     3.00           7.78          -4.78  (VIOLATED)
       PIN :   view/U297/A1     3.00           7.78          -4.78  (VIOLATED)
       PIN :   view/U91/A1      3.00           7.78          -4.78  (VIOLATED)
       PIN :   view/U86/A1      3.00           7.78          -4.78  (VIOLATED)
       PIN :   view/U81/A1      3.00           7.78          -4.78  (VIOLATED)
       PIN :   view/U76/A1      3.00           7.78          -4.78  (VIOLATED)
       PIN :   view/U69/C1      3.00           7.78          -4.78  (VIOLATED)
       PIN :   view/U2116/Y     3.00           7.78          -4.78  (VIOLATED)
   view/n74                     3.00           7.74          -4.74  (VIOLATED)
       PIN :   view/U2115/A1
                                3.00           7.74          -4.74  (VIOLATED)
       PIN :   view/U2111/A1
                                3.00           7.74          -4.74  (VIOLATED)
       PIN :   view/U2106/A1
                                3.00           7.74          -4.74  (VIOLATED)
       PIN :   view/U2102/A1
                                3.00           7.74          -4.74  (VIOLATED)
       PIN :   view/U2097/A1
                                3.00           7.74          -4.74  (VIOLATED)
       PIN :   view/U2093/A1
                                3.00           7.74          -4.74  (VIOLATED)
       PIN :   view/U2088/A1
                                3.00           7.74          -4.74  (VIOLATED)
       PIN :   view/U2084/A1
                                3.00           7.74          -4.74  (VIOLATED)
       PIN :   view/U2079/A1
                                3.00           7.74          -4.74  (VIOLATED)
       PIN :   view/U2075/A1
                                3.00           7.74          -4.74  (VIOLATED)
       PIN :   view/U1389/B1
                                3.00           7.74          -4.74  (VIOLATED)
       PIN :   view/U1305/B1
                                3.00           7.74          -4.74  (VIOLATED)
       PIN :   view/U1221/B1
                                3.00           7.74          -4.74  (VIOLATED)
       PIN :   view/U1137/B1
                                3.00           7.74          -4.74  (VIOLATED)
       PIN :   view/U1052/A1
                                3.00           7.74          -4.74  (VIOLATED)
       PIN :   view/U969/B1     3.00           7.74          -4.74  (VIOLATED)
       PIN :   view/U885/B1     3.00           7.74          -4.74  (VIOLATED)
       PIN :   view/U801/B1     3.00           7.74          -4.74  (VIOLATED)
       PIN :   view/U717/B1     3.00           7.74          -4.74  (VIOLATED)
       PIN :   view/U633/B1     3.00           7.74          -4.74  (VIOLATED)
       PIN :   view/U549/B1     3.00           7.74          -4.74  (VIOLATED)
       PIN :   view/U465/B1     3.00           7.74          -4.74  (VIOLATED)
       PIN :   view/U381/B1     3.00           7.74          -4.74  (VIOLATED)
       PIN :   view/U297/B1     3.00           7.74          -4.74  (VIOLATED)
       PIN :   view/U91/B1      3.00           7.74          -4.74  (VIOLATED)
       PIN :   view/U86/B1      3.00           7.74          -4.74  (VIOLATED)
       PIN :   view/U81/B1      3.00           7.74          -4.74  (VIOLATED)
       PIN :   view/U76/B1      3.00           7.74          -4.74  (VIOLATED)
       PIN :   view/U69/A1      3.00           7.74          -4.74  (VIOLATED)
       PIN :   view/U2118/Y     3.00           7.74          -4.74  (VIOLATED)
   view/n80                     3.00           7.69          -4.69  (VIOLATED)
       PIN :   view/U2123/B1
                                3.00           7.69          -4.69  (VIOLATED)
       PIN :   view/U2113/B1
                                3.00           7.69          -4.69  (VIOLATED)
       PIN :   view/U2108/B1
                                3.00           7.69          -4.69  (VIOLATED)
       PIN :   view/U2104/B1
                                3.00           7.69          -4.69  (VIOLATED)
       PIN :   view/U2099/B1
                                3.00           7.69          -4.69  (VIOLATED)
       PIN :   view/U2095/B1
                                3.00           7.69          -4.69  (VIOLATED)
       PIN :   view/U2090/B1
                                3.00           7.69          -4.69  (VIOLATED)
       PIN :   view/U2086/B1
                                3.00           7.69          -4.69  (VIOLATED)
       PIN :   view/U2081/B1
                                3.00           7.69          -4.69  (VIOLATED)
       PIN :   view/U2077/B1
                                3.00           7.69          -4.69  (VIOLATED)
       PIN :   view/U1388/A1
                                3.00           7.69          -4.69  (VIOLATED)
       PIN :   view/U1304/A1
                                3.00           7.69          -4.69  (VIOLATED)
       PIN :   view/U1220/A1
                                3.00           7.69          -4.69  (VIOLATED)
       PIN :   view/U1136/A1
                                3.00           7.69          -4.69  (VIOLATED)
       PIN :   view/U1054/B1
                                3.00           7.69          -4.69  (VIOLATED)
       PIN :   view/U968/A1     3.00           7.69          -4.69  (VIOLATED)
       PIN :   view/U884/A1     3.00           7.69          -4.69  (VIOLATED)
       PIN :   view/U800/A1     3.00           7.69          -4.69  (VIOLATED)
       PIN :   view/U716/A1     3.00           7.69          -4.69  (VIOLATED)
       PIN :   view/U632/A1     3.00           7.69          -4.69  (VIOLATED)
       PIN :   view/U548/A1     3.00           7.69          -4.69  (VIOLATED)
       PIN :   view/U464/A1     3.00           7.69          -4.69  (VIOLATED)
       PIN :   view/U380/A1     3.00           7.69          -4.69  (VIOLATED)
       PIN :   view/U296/A1     3.00           7.69          -4.69  (VIOLATED)
       PIN :   view/U90/A1      3.00           7.69          -4.69  (VIOLATED)
       PIN :   view/U85/A1      3.00           7.69          -4.69  (VIOLATED)
       PIN :   view/U80/A1      3.00           7.69          -4.69  (VIOLATED)
       PIN :   view/U75/A1      3.00           7.69          -4.69  (VIOLATED)
       PIN :   view/U71/B1      3.00           7.69          -4.69  (VIOLATED)
       PIN :   view/U2124/Y     3.00           7.69          -4.69  (VIOLATED)
   view/n79                     3.00           7.65          -4.65  (VIOLATED)
       PIN :   view/U2123/A1
                                3.00           7.65          -4.65  (VIOLATED)
       PIN :   view/U2113/A1
                                3.00           7.65          -4.65  (VIOLATED)
       PIN :   view/U2108/A1
                                3.00           7.65          -4.65  (VIOLATED)
       PIN :   view/U2104/A1
                                3.00           7.65          -4.65  (VIOLATED)
       PIN :   view/U2099/A1
                                3.00           7.65          -4.65  (VIOLATED)
       PIN :   view/U2095/A1
                                3.00           7.65          -4.65  (VIOLATED)
       PIN :   view/U2090/A1
                                3.00           7.65          -4.65  (VIOLATED)
       PIN :   view/U2086/A1
                                3.00           7.65          -4.65  (VIOLATED)
       PIN :   view/U2081/A1
                                3.00           7.65          -4.65  (VIOLATED)
       PIN :   view/U2077/A1
                                3.00           7.65          -4.65  (VIOLATED)
       PIN :   view/U1387/B1
                                3.00           7.65          -4.65  (VIOLATED)
       PIN :   view/U1303/B1
                                3.00           7.65          -4.65  (VIOLATED)
       PIN :   view/U1219/B1
                                3.00           7.65          -4.65  (VIOLATED)
       PIN :   view/U1135/B1
                                3.00           7.65          -4.65  (VIOLATED)
       PIN :   view/U1054/A1
                                3.00           7.65          -4.65  (VIOLATED)
       PIN :   view/U967/B1     3.00           7.65          -4.65  (VIOLATED)
       PIN :   view/U883/B1     3.00           7.65          -4.65  (VIOLATED)
       PIN :   view/U799/B1     3.00           7.65          -4.65  (VIOLATED)
       PIN :   view/U715/B1     3.00           7.65          -4.65  (VIOLATED)
       PIN :   view/U631/B1     3.00           7.65          -4.65  (VIOLATED)
       PIN :   view/U547/B1     3.00           7.65          -4.65  (VIOLATED)
       PIN :   view/U463/B1     3.00           7.65          -4.65  (VIOLATED)
       PIN :   view/U379/B1     3.00           7.65          -4.65  (VIOLATED)
       PIN :   view/U295/B1     3.00           7.65          -4.65  (VIOLATED)
       PIN :   view/U89/B1      3.00           7.65          -4.65  (VIOLATED)
       PIN :   view/U84/B1      3.00           7.65          -4.65  (VIOLATED)
       PIN :   view/U79/B1      3.00           7.65          -4.65  (VIOLATED)
       PIN :   view/U74/B1      3.00           7.65          -4.65  (VIOLATED)
       PIN :   view/U71/A1      3.00           7.65          -4.65  (VIOLATED)
       PIN :   view/U2126/Y     3.00           7.65          -4.65  (VIOLATED)
   view/n317                    3.00           6.33          -3.33  (VIOLATED)
       PIN :   view/U1503/B     3.00           6.33          -3.33  (VIOLATED)
       PIN :   view/U1491/B     3.00           6.33          -3.33  (VIOLATED)
       PIN :   view/U1439/B     3.00           6.33          -3.33  (VIOLATED)
       PIN :   view/U1437/A     3.00           6.33          -3.33  (VIOLATED)
       PIN :   view/U1368/B     3.00           6.33          -3.33  (VIOLATED)
       PIN :   view/U1284/B     3.00           6.33          -3.33  (VIOLATED)
       PIN :   view/U1200/B     3.00           6.33          -3.33  (VIOLATED)
       PIN :   view/U1116/B     3.00           6.33          -3.33  (VIOLATED)
       PIN :   view/U1032/B     3.00           6.33          -3.33  (VIOLATED)
       PIN :   view/U948/B      3.00           6.33          -3.33  (VIOLATED)
       PIN :   view/U864/B      3.00           6.33          -3.33  (VIOLATED)
       PIN :   view/U780/B      3.00           6.33          -3.33  (VIOLATED)
       PIN :   view/U696/B      3.00           6.33          -3.33  (VIOLATED)
       PIN :   view/U612/B      3.00           6.33          -3.33  (VIOLATED)
       PIN :   view/U528/B      3.00           6.33          -3.33  (VIOLATED)
       PIN :   view/U444/B      3.00           6.33          -3.33  (VIOLATED)
       PIN :   view/U360/B      3.00           6.33          -3.33  (VIOLATED)
       PIN :   view/U1504/Y     3.00           6.33          -3.33  (VIOLATED)
   analyzer/n1267               3.00           6.22          -3.22  (VIOLATED)
       PIN :   analyzer/U6107/A
                                3.00           6.22          -3.22  (VIOLATED)
       PIN :   analyzer/U5646/B0
                                3.00           6.22          -3.22  (VIOLATED)
       PIN :   analyzer/U5498/B0
                                3.00           6.22          -3.22  (VIOLATED)
       PIN :   analyzer/U5290/B1
                                3.00           6.22          -3.22  (VIOLATED)
       PIN :   analyzer/U5143/B1
                                3.00           6.22          -3.22  (VIOLATED)
       PIN :   analyzer/U5142/A1
                                3.00           6.22          -3.22  (VIOLATED)
       PIN :   analyzer/U5137/A1
                                3.00           6.22          -3.22  (VIOLATED)
       PIN :   analyzer/U4923/B1
                                3.00           6.22          -3.22  (VIOLATED)
       PIN :   analyzer/U4778/A1
                                3.00           6.22          -3.22  (VIOLATED)
       PIN :   analyzer/U4774/A1
                                3.00           6.22          -3.22  (VIOLATED)
       PIN :   analyzer/U4590/B1
                                3.00           6.22          -3.22  (VIOLATED)
       PIN :   analyzer/U4427/B1
                                3.00           6.22          -3.22  (VIOLATED)
       PIN :   analyzer/U4237/B1
                                3.00           6.22          -3.22  (VIOLATED)
       PIN :   analyzer/U4082/A1
                                3.00           6.22          -3.22  (VIOLATED)
       PIN :   analyzer/U4077/A1
                                3.00           6.22          -3.22  (VIOLATED)
       PIN :   analyzer/U3716/B1
                                3.00           6.22          -3.22  (VIOLATED)
       PIN :   analyzer/U3540/A1
                                3.00           6.22          -3.22  (VIOLATED)
       PIN :   analyzer/U3384/B1
                                3.00           6.22          -3.22  (VIOLATED)
       PIN :   analyzer/U3379/A1
                                3.00           6.22          -3.22  (VIOLATED)
       PIN :   analyzer/U3005/A1
                                3.00           6.22          -3.22  (VIOLATED)
       PIN :   analyzer/U2991/A1
                                3.00           6.22          -3.22  (VIOLATED)
       PIN :   analyzer/U2985/A1
                                3.00           6.22          -3.22  (VIOLATED)
       PIN :   analyzer/U2619/A1
                                3.00           6.22          -3.22  (VIOLATED)
       PIN :   analyzer/U2558/B1
                                3.00           6.22          -3.22  (VIOLATED)
       PIN :   analyzer/U2556/A1
                                3.00           6.22          -3.22  (VIOLATED)
       PIN :   analyzer/U2550/A1
                                3.00           6.22          -3.22  (VIOLATED)
       PIN :   analyzer/U2214/A1
                                3.00           6.22          -3.22  (VIOLATED)
       PIN :   analyzer/U2208/A1
                                3.00           6.22          -3.22  (VIOLATED)
       PIN :   analyzer/U2203/A1
                                3.00           6.22          -3.22  (VIOLATED)
       PIN :   analyzer/U2052/B1
                                3.00           6.22          -3.22  (VIOLATED)
       PIN :   analyzer/U1846/A1
                                3.00           6.22          -3.22  (VIOLATED)
       PIN :   analyzer/U1843/B1
                                3.00           6.22          -3.22  (VIOLATED)
       PIN :   analyzer/U1837/A1
                                3.00           6.22          -3.22  (VIOLATED)
       PIN :   analyzer/U1819/B1
                                3.00           6.22          -3.22  (VIOLATED)
       PIN :   analyzer/U1483/A1
                                3.00           6.22          -3.22  (VIOLATED)
       PIN :   analyzer/U1208/B1
                                3.00           6.22          -3.22  (VIOLATED)
       PIN :   analyzer/U1053/A1
                                3.00           6.22          -3.22  (VIOLATED)
       PIN :   analyzer/U719/B
                                3.00           6.22          -3.22  (VIOLATED)
       PIN :   analyzer/U6108/Y
                                3.00           6.22          -3.22  (VIOLATED)
   analyzer/n1556               3.00           6.12          -3.12  (VIOLATED)
       PIN :   analyzer/U6128/A
                                3.00           6.12          -3.12  (VIOLATED)
       PIN :   analyzer/U6099/B
                                3.00           6.12          -3.12  (VIOLATED)
       PIN :   analyzer/U6095/B
                                3.00           6.12          -3.12  (VIOLATED)
       PIN :   analyzer/U6069/C
                                3.00           6.12          -3.12  (VIOLATED)
       PIN :   analyzer/U6057/A
                                3.00           6.12          -3.12  (VIOLATED)
       PIN :   analyzer/U5142/B0
                                3.00           6.12          -3.12  (VIOLATED)
       PIN :   analyzer/U5139/A2
                                3.00           6.12          -3.12  (VIOLATED)
       PIN :   analyzer/U4781/B0
                                3.00           6.12          -3.12  (VIOLATED)
       PIN :   analyzer/U4778/B0
                                3.00           6.12          -3.12  (VIOLATED)
       PIN :   analyzer/U4776/A2
                                3.00           6.12          -3.12  (VIOLATED)
       PIN :   analyzer/U4423/A2
                                3.00           6.12          -3.12  (VIOLATED)
       PIN :   analyzer/U4082/B0
                                3.00           6.12          -3.12  (VIOLATED)
       PIN :   analyzer/U4079/A2
                                3.00           6.12          -3.12  (VIOLATED)
       PIN :   analyzer/U4073/B0
                                3.00           6.12          -3.12  (VIOLATED)
       PIN :   analyzer/U4043/A2
                                3.00           6.12          -3.12  (VIOLATED)
       PIN :   analyzer/U3720/B0
                                3.00           6.12          -3.12  (VIOLATED)
       PIN :   analyzer/U3540/C0
                                3.00           6.12          -3.12  (VIOLATED)
       PIN :   analyzer/U3384/A0
                                3.00           6.12          -3.12  (VIOLATED)
       PIN :   analyzer/U3381/A2
                                3.00           6.12          -3.12  (VIOLATED)
       PIN :   analyzer/U3374/B0
                                3.00           6.12          -3.12  (VIOLATED)
       PIN :   analyzer/U3005/C0
                                3.00           6.12          -3.12  (VIOLATED)
       PIN :   analyzer/U2995/B0
                                3.00           6.12          -3.12  (VIOLATED)
       PIN :   analyzer/U2991/B0
                                3.00           6.12          -3.12  (VIOLATED)
       PIN :   analyzer/U2987/A2
                                3.00           6.12          -3.12  (VIOLATED)
       PIN :   analyzer/U2619/C0
                                3.00           6.12          -3.12  (VIOLATED)
       PIN :   analyzer/U2556/B0
                                3.00           6.12          -3.12  (VIOLATED)
       PIN :   analyzer/U2552/A2
                                3.00           6.12          -3.12  (VIOLATED)
       PIN :   analyzer/U2214/B0
                                3.00           6.12          -3.12  (VIOLATED)
       PIN :   analyzer/U2210/A2
                                3.00           6.12          -3.12  (VIOLATED)
       PIN :   analyzer/U2203/C0
                                3.00           6.12          -3.12  (VIOLATED)
       PIN :   analyzer/U1846/C0
                                3.00           6.12          -3.12  (VIOLATED)
       PIN :   analyzer/U1843/A0
                                3.00           6.12          -3.12  (VIOLATED)
       PIN :   analyzer/U1839/A2
                                3.00           6.12          -3.12  (VIOLATED)
       PIN :   analyzer/U1488/A2
                                3.00           6.12          -3.12  (VIOLATED)
       PIN :   analyzer/U1421/B0
                                3.00           6.12          -3.12  (VIOLATED)
       PIN :   analyzer/U1051/A0
                                3.00           6.12          -3.12  (VIOLATED)
       PIN :   analyzer/U6129/Y
                                3.00           6.12          -3.12  (VIOLATED)
   view/n324                    3.00           5.37          -2.37  (VIOLATED)
       PIN :   view/U2121/C     3.00           5.37          -2.37  (VIOLATED)
       PIN :   view/U1511/B     3.00           5.37          -2.37  (VIOLATED)
       PIN :   view/U1506/A     3.00           5.37          -2.37  (VIOLATED)
       PIN :   view/U1501/B     3.00           5.37          -2.37  (VIOLATED)
       PIN :   view/U1383/B     3.00           5.37          -2.37  (VIOLATED)
       PIN :   view/U1377/B     3.00           5.37          -2.37  (VIOLATED)
       PIN :   view/U1299/B     3.00           5.37          -2.37  (VIOLATED)
       PIN :   view/U1293/B     3.00           5.37          -2.37  (VIOLATED)
       PIN :   view/U1215/B     3.00           5.37          -2.37  (VIOLATED)
       PIN :   view/U1209/B     3.00           5.37          -2.37  (VIOLATED)
       PIN :   view/U1131/B     3.00           5.37          -2.37  (VIOLATED)
       PIN :   view/U1047/B     3.00           5.37          -2.37  (VIOLATED)
       PIN :   view/U1041/B     3.00           5.37          -2.37  (VIOLATED)
       PIN :   view/U963/B      3.00           5.37          -2.37  (VIOLATED)
       PIN :   view/U957/B      3.00           5.37          -2.37  (VIOLATED)
       PIN :   view/U879/B      3.00           5.37          -2.37  (VIOLATED)
       PIN :   view/U873/B      3.00           5.37          -2.37  (VIOLATED)
       PIN :   view/U795/B      3.00           5.37          -2.37  (VIOLATED)
       PIN :   view/U789/B      3.00           5.37          -2.37  (VIOLATED)
       PIN :   view/U711/B      3.00           5.37          -2.37  (VIOLATED)
       PIN :   view/U705/B      3.00           5.37          -2.37  (VIOLATED)
       PIN :   view/U627/B      3.00           5.37          -2.37  (VIOLATED)
       PIN :   view/U621/B      3.00           5.37          -2.37  (VIOLATED)
       PIN :   view/U543/B      3.00           5.37          -2.37  (VIOLATED)
       PIN :   view/U537/B      3.00           5.37          -2.37  (VIOLATED)
       PIN :   view/U459/B      3.00           5.37          -2.37  (VIOLATED)
       PIN :   view/U453/B      3.00           5.37          -2.37  (VIOLATED)
       PIN :   view/U375/B      3.00           5.37          -2.37  (VIOLATED)
       PIN :   view/U369/B      3.00           5.37          -2.37  (VIOLATED)
       PIN :   view/U2122/Y     3.00           5.37          -2.37  (VIOLATED)
   analyzer/n1560               3.00           5.34          -2.34  (VIOLATED)
       PIN :   analyzer/U6109/B
                                3.00           5.34          -2.34  (VIOLATED)
       PIN :   analyzer/U6108/A
                                3.00           5.34          -2.34  (VIOLATED)
       PIN :   analyzer/U6069/B
                                3.00           5.34          -2.34  (VIOLATED)
       PIN :   analyzer/U5942/A0
                                3.00           5.34          -2.34  (VIOLATED)
       PIN :   analyzer/U5647/A1
                                3.00           5.34          -2.34  (VIOLATED)
       PIN :   analyzer/U5499/A1
                                3.00           5.34          -2.34  (VIOLATED)
       PIN :   analyzer/U5291/A1
                                3.00           5.34          -2.34  (VIOLATED)
       PIN :   analyzer/U5144/A1
                                3.00           5.34          -2.34  (VIOLATED)
       PIN :   analyzer/U5138/B0
                                3.00           5.34          -2.34  (VIOLATED)
       PIN :   analyzer/U4924/A1
                                3.00           5.34          -2.34  (VIOLATED)
       PIN :   analyzer/U4775/B0
                                3.00           5.34          -2.34  (VIOLATED)
       PIN :   analyzer/U4591/A1
                                3.00           5.34          -2.34  (VIOLATED)
       PIN :   analyzer/U4428/A1
                                3.00           5.34          -2.34  (VIOLATED)
       PIN :   analyzer/U4238/A1
                                3.00           5.34          -2.34  (VIOLATED)
       PIN :   analyzer/U4078/B0
                                3.00           5.34          -2.34  (VIOLATED)
       PIN :   analyzer/U3717/A1
                                3.00           5.34          -2.34  (VIOLATED)
       PIN :   analyzer/U3552/B0
                                3.00           5.34          -2.34  (VIOLATED)
       PIN :   analyzer/U3380/B0
                                3.00           5.34          -2.34  (VIOLATED)
       PIN :   analyzer/U3008/B0
                                3.00           5.34          -2.34  (VIOLATED)
       PIN :   analyzer/U2986/B0
                                3.00           5.34          -2.34  (VIOLATED)
       PIN :   analyzer/U2620/B0
                                3.00           5.34          -2.34  (VIOLATED)
       PIN :   analyzer/U2559/A1
                                3.00           5.34          -2.34  (VIOLATED)
       PIN :   analyzer/U2551/B0
                                3.00           5.34          -2.34  (VIOLATED)
       PIN :   analyzer/U2209/B0
                                3.00           5.34          -2.34  (VIOLATED)
       PIN :   analyzer/U2206/B0
                                3.00           5.34          -2.34  (VIOLATED)
       PIN :   analyzer/U2053/A1
                                3.00           5.34          -2.34  (VIOLATED)
       PIN :   analyzer/U1849/B0
                                3.00           5.34          -2.34  (VIOLATED)
       PIN :   analyzer/U1838/B0
                                3.00           5.34          -2.34  (VIOLATED)
       PIN :   analyzer/U1820/A1
                                3.00           5.34          -2.34  (VIOLATED)
       PIN :   analyzer/U1209/A1
                                3.00           5.34          -2.34  (VIOLATED)
       PIN :   analyzer/U1054/A1
                                3.00           5.34          -2.34  (VIOLATED)
       PIN :   analyzer/U6111/Y
                                3.00           5.34          -2.34  (VIOLATED)
   analyzer/n330                3.00           4.81          -1.81  (VIOLATED)
       PIN :   analyzer/U1477/B1
                                3.00           4.81          -1.81  (VIOLATED)
       PIN :   analyzer/U1115/A0
                                3.00           4.81          -1.81  (VIOLATED)
       PIN :   analyzer/U1113/A0
                                3.00           4.81          -1.81  (VIOLATED)
       PIN :   analyzer/U1111/A0
                                3.00           4.81          -1.81  (VIOLATED)
       PIN :   analyzer/U1109/A0
                                3.00           4.81          -1.81  (VIOLATED)
       PIN :   analyzer/U1107/A0
                                3.00           4.81          -1.81  (VIOLATED)
       PIN :   analyzer/U1104/A0
                                3.00           4.81          -1.81  (VIOLATED)
       PIN :   analyzer/U1102/A0
                                3.00           4.81          -1.81  (VIOLATED)
       PIN :   analyzer/U1100/A0
                                3.00           4.81          -1.81  (VIOLATED)
       PIN :   analyzer/U1097/A0
                                3.00           4.81          -1.81  (VIOLATED)
       PIN :   analyzer/U1095/A0
                                3.00           4.81          -1.81  (VIOLATED)
       PIN :   analyzer/U648/B1
                                3.00           4.81          -1.81  (VIOLATED)
       PIN :   analyzer/U520/B0
                                3.00           4.81          -1.81  (VIOLATED)
       PIN :   analyzer/U99/B1
                                3.00           4.81          -1.81  (VIOLATED)
       PIN :   analyzer/U1478/Y
                                3.00           4.81          -1.81  (VIOLATED)
   view/n272                    3.00           4.28          -1.28  (VIOLATED)
       PIN :   view/U1503/AN
                                3.00           4.28          -1.28  (VIOLATED)
       PIN :   view/U1439/A     3.00           4.28          -1.28  (VIOLATED)
       PIN :   view/U1438/A     3.00           4.28          -1.28  (VIOLATED)
       PIN :   view/U1437/B     3.00           4.28          -1.28  (VIOLATED)
       PIN :   view/U1334/A     3.00           4.28          -1.28  (VIOLATED)
       PIN :   view/U1250/A     3.00           4.28          -1.28  (VIOLATED)
       PIN :   view/U1166/A     3.00           4.28          -1.28  (VIOLATED)
       PIN :   view/U1082/A     3.00           4.28          -1.28  (VIOLATED)
       PIN :   view/U998/A      3.00           4.28          -1.28  (VIOLATED)
       PIN :   view/U914/A      3.00           4.28          -1.28  (VIOLATED)
       PIN :   view/U830/A      3.00           4.28          -1.28  (VIOLATED)
       PIN :   view/U746/A      3.00           4.28          -1.28  (VIOLATED)
       PIN :   view/U662/A      3.00           4.28          -1.28  (VIOLATED)
       PIN :   view/U578/A      3.00           4.28          -1.28  (VIOLATED)
       PIN :   view/U494/A      3.00           4.28          -1.28  (VIOLATED)
       PIN :   view/U410/A      3.00           4.28          -1.28  (VIOLATED)
       PIN :   view/U326/A      3.00           4.28          -1.28  (VIOLATED)
       PIN :   view/U1505/Y     3.00           4.28          -1.28  (VIOLATED)
   analyzer/n1266               3.00           4.21          -1.21  (VIOLATED)
       PIN :   analyzer/U6124/A
                                3.00           4.21          -1.21  (VIOLATED)
       PIN :   analyzer/U6109/A
                                3.00           4.21          -1.21  (VIOLATED)
       PIN :   analyzer/U6106/B
                                3.00           4.21          -1.21  (VIOLATED)
       PIN :   analyzer/U6063/B
                                3.00           4.21          -1.21  (VIOLATED)
       PIN :   analyzer/U5942/B0
                                3.00           4.21          -1.21  (VIOLATED)
       PIN :   analyzer/U5647/B1
                                3.00           4.21          -1.21  (VIOLATED)
       PIN :   analyzer/U5499/B1
                                3.00           4.21          -1.21  (VIOLATED)
       PIN :   analyzer/U5291/B1
                                3.00           4.21          -1.21  (VIOLATED)
       PIN :   analyzer/U5144/B1
                                3.00           4.21          -1.21  (VIOLATED)
       PIN :   analyzer/U4924/B1
                                3.00           4.21          -1.21  (VIOLATED)
       PIN :   analyzer/U4591/B1
                                3.00           4.21          -1.21  (VIOLATED)
       PIN :   analyzer/U4428/B1
                                3.00           4.21          -1.21  (VIOLATED)
       PIN :   analyzer/U4426/B0
                                3.00           4.21          -1.21  (VIOLATED)
       PIN :   analyzer/U4238/B1
                                3.00           4.21          -1.21  (VIOLATED)
       PIN :   analyzer/U4055/B0
                                3.00           4.21          -1.21  (VIOLATED)
       PIN :   analyzer/U3717/B1
                                3.00           4.21          -1.21  (VIOLATED)
       PIN :   analyzer/U2559/B1
                                3.00           4.21          -1.21  (VIOLATED)
       PIN :   analyzer/U2053/B1
                                3.00           4.21          -1.21  (VIOLATED)
       PIN :   analyzer/U1820/B1
                                3.00           4.21          -1.21  (VIOLATED)
       PIN :   analyzer/U1493/B1
                                3.00           4.21          -1.21  (VIOLATED)
       PIN :   analyzer/U1482/A0
                                3.00           4.21          -1.21  (VIOLATED)
       PIN :   analyzer/U1418/A1
                                3.00           4.21          -1.21  (VIOLATED)
       PIN :   analyzer/U1209/B1
                                3.00           4.21          -1.21  (VIOLATED)
       PIN :   analyzer/U719/A
                                3.00           4.21          -1.21  (VIOLATED)
       PIN :   analyzer/U6128/Y
                                3.00           4.21          -1.21  (VIOLATED)
   analyzer/n2057               3.00           4.12          -1.12  (VIOLATED)
       PIN :   analyzer/U1814/C
                                3.00           4.12          -1.12  (VIOLATED)
       PIN :   analyzer/U1813/A0
                                3.00           4.12          -1.12  (VIOLATED)
       PIN :   analyzer/U1811/A0
                                3.00           4.12          -1.12  (VIOLATED)
       PIN :   analyzer/U1809/A0
                                3.00           4.12          -1.12  (VIOLATED)
       PIN :   analyzer/U1807/A0
                                3.00           4.12          -1.12  (VIOLATED)
       PIN :   analyzer/U1805/A0
                                3.00           4.12          -1.12  (VIOLATED)
       PIN :   analyzer/U1800/A0
                                3.00           4.12          -1.12  (VIOLATED)
       PIN :   analyzer/U1798/A0
                                3.00           4.12          -1.12  (VIOLATED)
       PIN :   analyzer/U1795/A0
                                3.00           4.12          -1.12  (VIOLATED)
       PIN :   analyzer/U1792/A0
                                3.00           4.12          -1.12  (VIOLATED)
       PIN :   analyzer/U1790/A0
                                3.00           4.12          -1.12  (VIOLATED)
       PIN :   analyzer/U1492/A
                                3.00           4.12          -1.12  (VIOLATED)
       PIN :   analyzer/U1821/Y
                                3.00           4.12          -1.12  (VIOLATED)
   analyzer/n3459               3.00           4.08          -1.08  (VIOLATED)
       PIN :   analyzer/U3371/C
                                3.00           4.08          -1.08  (VIOLATED)
       PIN :   analyzer/U3370/A0
                                3.00           4.08          -1.08  (VIOLATED)
       PIN :   analyzer/U3367/A0
                                3.00           4.08          -1.08  (VIOLATED)
       PIN :   analyzer/U3365/A0
                                3.00           4.08          -1.08  (VIOLATED)
       PIN :   analyzer/U3363/A0
                                3.00           4.08          -1.08  (VIOLATED)
       PIN :   analyzer/U3361/A0
                                3.00           4.08          -1.08  (VIOLATED)
       PIN :   analyzer/U3355/A0
                                3.00           4.08          -1.08  (VIOLATED)
       PIN :   analyzer/U3352/A0
                                3.00           4.08          -1.08  (VIOLATED)
       PIN :   analyzer/U3349/A0
                                3.00           4.08          -1.08  (VIOLATED)
       PIN :   analyzer/U3346/A0
                                3.00           4.08          -1.08  (VIOLATED)
       PIN :   analyzer/U3344/A0
                                3.00           4.08          -1.08  (VIOLATED)
       PIN :   analyzer/U2990/AN
                                3.00           4.08          -1.08  (VIOLATED)
       PIN :   analyzer/U3699/Y
                                3.00           4.08          -1.08  (VIOLATED)
   analyzer/n2723               3.00           4.08          -1.08  (VIOLATED)
       PIN :   analyzer/U2543/C
                                3.00           4.08          -1.08  (VIOLATED)
       PIN :   analyzer/U2435/A0
                                3.00           4.08          -1.08  (VIOLATED)
       PIN :   analyzer/U2433/A0
                                3.00           4.08          -1.08  (VIOLATED)
       PIN :   analyzer/U2431/A0
                                3.00           4.08          -1.08  (VIOLATED)
       PIN :   analyzer/U2429/A0
                                3.00           4.08          -1.08  (VIOLATED)
       PIN :   analyzer/U2427/A0
                                3.00           4.08          -1.08  (VIOLATED)
       PIN :   analyzer/U2424/A0
                                3.00           4.08          -1.08  (VIOLATED)
       PIN :   analyzer/U2422/A0
                                3.00           4.08          -1.08  (VIOLATED)
       PIN :   analyzer/U2420/A0
                                3.00           4.08          -1.08  (VIOLATED)
       PIN :   analyzer/U2417/A0
                                3.00           4.08          -1.08  (VIOLATED)
       PIN :   analyzer/U2415/A0
                                3.00           4.08          -1.08  (VIOLATED)
       PIN :   analyzer/U2213/AN
                                3.00           4.08          -1.08  (VIOLATED)
       PIN :   analyzer/U2544/Y
                                3.00           4.08          -1.08  (VIOLATED)
   analyzer/n4744               3.00           4.07          -1.07  (VIOLATED)
       PIN :   analyzer/U4594/A
                                3.00           4.07          -1.07  (VIOLATED)
       PIN :   analyzer/U4478/A1
                                3.00           4.07          -1.07  (VIOLATED)
       PIN :   analyzer/U4475/A1
                                3.00           4.07          -1.07  (VIOLATED)
       PIN :   analyzer/U4472/A1
                                3.00           4.07          -1.07  (VIOLATED)
       PIN :   analyzer/U4469/A1
                                3.00           4.07          -1.07  (VIOLATED)
       PIN :   analyzer/U4466/A1
                                3.00           4.07          -1.07  (VIOLATED)
       PIN :   analyzer/U4462/A1
                                3.00           4.07          -1.07  (VIOLATED)
       PIN :   analyzer/U4459/A1
                                3.00           4.07          -1.07  (VIOLATED)
       PIN :   analyzer/U4456/A1
                                3.00           4.07          -1.07  (VIOLATED)
       PIN :   analyzer/U4452/A1
                                3.00           4.07          -1.07  (VIOLATED)
       PIN :   analyzer/U4449/A1
                                3.00           4.07          -1.07  (VIOLATED)
       PIN :   analyzer/U4425/AN
                                3.00           4.07          -1.07  (VIOLATED)
       PIN :   analyzer/U4596/Y
                                3.00           4.07          -1.07  (VIOLATED)
   analyzer/n5887               3.00           3.79          -0.79  (VIOLATED)
       PIN :   analyzer/U5743/B1
                                3.00           3.79          -0.79  (VIOLATED)
       PIN :   analyzer/U5726/B1
                                3.00           3.79          -0.79  (VIOLATED)
       PIN :   analyzer/U5723/B1
                                3.00           3.79          -0.79  (VIOLATED)
       PIN :   analyzer/U5720/B1
                                3.00           3.79          -0.79  (VIOLATED)
       PIN :   analyzer/U5715/B1
                                3.00           3.79          -0.79  (VIOLATED)
       PIN :   analyzer/U5712/B1
                                3.00           3.79          -0.79  (VIOLATED)
       PIN :   analyzer/U5709/B1
                                3.00           3.79          -0.79  (VIOLATED)
       PIN :   analyzer/U5705/B1
                                3.00           3.79          -0.79  (VIOLATED)
       PIN :   analyzer/U5702/B1
                                3.00           3.79          -0.79  (VIOLATED)
       PIN :   analyzer/U5699/B1
                                3.00           3.79          -0.79  (VIOLATED)
       PIN :   analyzer/U5744/Y
                                3.00           3.79          -0.79  (VIOLATED)
   analyzer/n4270               3.00           3.78          -0.78  (VIOLATED)
       PIN :   analyzer/U4059/B
                                3.00           3.78          -0.78  (VIOLATED)
       PIN :   analyzer/U3913/A0
                                3.00           3.78          -0.78  (VIOLATED)
       PIN :   analyzer/U3911/A0
                                3.00           3.78          -0.78  (VIOLATED)
       PIN :   analyzer/U3909/A0
                                3.00           3.78          -0.78  (VIOLATED)
       PIN :   analyzer/U3907/A0
                                3.00           3.78          -0.78  (VIOLATED)
       PIN :   analyzer/U3905/A0
                                3.00           3.78          -0.78  (VIOLATED)
       PIN :   analyzer/U3902/A0
                                3.00           3.78          -0.78  (VIOLATED)
       PIN :   analyzer/U3900/A0
                                3.00           3.78          -0.78  (VIOLATED)
       PIN :   analyzer/U3898/A0
                                3.00           3.78          -0.78  (VIOLATED)
       PIN :   analyzer/U3895/A0
                                3.00           3.78          -0.78  (VIOLATED)
       PIN :   analyzer/U3893/A0
                                3.00           3.78          -0.78  (VIOLATED)
       PIN :   analyzer/U4060/Y
                                3.00           3.78          -0.78  (VIOLATED)
   analyzer/n4459               3.00           3.78          -0.78  (VIOLATED)
       PIN :   analyzer/U4241/B
                                3.00           3.78          -0.78  (VIOLATED)
       PIN :   analyzer/U4128/A0
                                3.00           3.78          -0.78  (VIOLATED)
       PIN :   analyzer/U4125/A0
                                3.00           3.78          -0.78  (VIOLATED)
       PIN :   analyzer/U4122/A0
                                3.00           3.78          -0.78  (VIOLATED)
       PIN :   analyzer/U4119/A0
                                3.00           3.78          -0.78  (VIOLATED)
       PIN :   analyzer/U4116/A0
                                3.00           3.78          -0.78  (VIOLATED)
       PIN :   analyzer/U4112/A0
                                3.00           3.78          -0.78  (VIOLATED)
       PIN :   analyzer/U4109/A0
                                3.00           3.78          -0.78  (VIOLATED)
       PIN :   analyzer/U4106/A0
                                3.00           3.78          -0.78  (VIOLATED)
       PIN :   analyzer/U4102/A0
                                3.00           3.78          -0.78  (VIOLATED)
       PIN :   analyzer/U4099/A0
                                3.00           3.78          -0.78  (VIOLATED)
       PIN :   analyzer/U4242/Y
                                3.00           3.78          -0.78  (VIOLATED)
   analyzer/n5270               3.00           3.78          -0.78  (VIOLATED)
       PIN :   analyzer/U5068/B
                                3.00           3.78          -0.78  (VIOLATED)
       PIN :   analyzer/U5001/A0
                                3.00           3.78          -0.78  (VIOLATED)
       PIN :   analyzer/U4999/A0
                                3.00           3.78          -0.78  (VIOLATED)
       PIN :   analyzer/U4997/A0
                                3.00           3.78          -0.78  (VIOLATED)
       PIN :   analyzer/U4995/A0
                                3.00           3.78          -0.78  (VIOLATED)
       PIN :   analyzer/U4993/A0
                                3.00           3.78          -0.78  (VIOLATED)
       PIN :   analyzer/U4990/A0
                                3.00           3.78          -0.78  (VIOLATED)
       PIN :   analyzer/U4988/A0
                                3.00           3.78          -0.78  (VIOLATED)
       PIN :   analyzer/U4986/A0
                                3.00           3.78          -0.78  (VIOLATED)
       PIN :   analyzer/U4983/A0
                                3.00           3.78          -0.78  (VIOLATED)
       PIN :   analyzer/U4981/A0
                                3.00           3.78          -0.78  (VIOLATED)
       PIN :   analyzer/U5069/Y
                                3.00           3.78          -0.78  (VIOLATED)
   analyzer/n328                3.00           3.78          -0.78  (VIOLATED)
       PIN :   analyzer/U5817/A1
                                3.00           3.78          -0.78  (VIOLATED)
       PIN :   analyzer/U5815/A1
                                3.00           3.78          -0.78  (VIOLATED)
       PIN :   analyzer/U5812/A1
                                3.00           3.78          -0.78  (VIOLATED)
       PIN :   analyzer/U5809/A1
                                3.00           3.78          -0.78  (VIOLATED)
       PIN :   analyzer/U5806/A1
                                3.00           3.78          -0.78  (VIOLATED)
       PIN :   analyzer/U5803/B
                                3.00           3.78          -0.78  (VIOLATED)
       PIN :   analyzer/U5802/A1
                                3.00           3.78          -0.78  (VIOLATED)
       PIN :   analyzer/U5800/A1
                                3.00           3.78          -0.78  (VIOLATED)
       PIN :   analyzer/U5798/A1
                                3.00           3.78          -0.78  (VIOLATED)
       PIN :   analyzer/U5794/A1
                                3.00           3.78          -0.78  (VIOLATED)
       PIN :   analyzer/U5791/A1
                                3.00           3.78          -0.78  (VIOLATED)
       PIN :   analyzer/U1477/A1
                                3.00           3.78          -0.78  (VIOLATED)
       PIN :   analyzer/U520/A0
                                3.00           3.78          -0.78  (VIOLATED)
       PIN :   analyzer/U99/A1
                                3.00           3.78          -0.78  (VIOLATED)
       PIN :   analyzer/U5820/Y
                                3.00           3.78          -0.78  (VIOLATED)
   analyzer/n1822               3.00           3.77          -0.77  (VIOLATED)
       PIN :   analyzer/U1365/AN
                                3.00           3.77          -0.77  (VIOLATED)
       PIN :   analyzer/U1283/A0
                                3.00           3.77          -0.77  (VIOLATED)
       PIN :   analyzer/U1281/A0
                                3.00           3.77          -0.77  (VIOLATED)
       PIN :   analyzer/U1279/A0
                                3.00           3.77          -0.77  (VIOLATED)
       PIN :   analyzer/U1277/A0
                                3.00           3.77          -0.77  (VIOLATED)
       PIN :   analyzer/U1275/A0
                                3.00           3.77          -0.77  (VIOLATED)
       PIN :   analyzer/U1272/A0
                                3.00           3.77          -0.77  (VIOLATED)
       PIN :   analyzer/U1270/A0
                                3.00           3.77          -0.77  (VIOLATED)
       PIN :   analyzer/U1268/A0
                                3.00           3.77          -0.77  (VIOLATED)
       PIN :   analyzer/U1265/A0
                                3.00           3.77          -0.77  (VIOLATED)
       PIN :   analyzer/U1263/A0
                                3.00           3.77          -0.77  (VIOLATED)
       PIN :   analyzer/U1366/Y
                                3.00           3.77          -0.77  (VIOLATED)
   view/n325                    3.00           3.76          -0.76  (VIOLATED)
       PIN :   view/U1502/A1
                                3.00           3.76          -0.76  (VIOLATED)
       PIN :   view/U1378/A1
                                3.00           3.76          -0.76  (VIOLATED)
       PIN :   view/U1294/A1
                                3.00           3.76          -0.76  (VIOLATED)
       PIN :   view/U1210/A1
                                3.00           3.76          -0.76  (VIOLATED)
       PIN :   view/U1121/A     3.00           3.76          -0.76  (VIOLATED)
       PIN :   view/U1042/A1
                                3.00           3.76          -0.76  (VIOLATED)
       PIN :   view/U958/A1     3.00           3.76          -0.76  (VIOLATED)
       PIN :   view/U874/A1     3.00           3.76          -0.76  (VIOLATED)
       PIN :   view/U790/A1     3.00           3.76          -0.76  (VIOLATED)
       PIN :   view/U706/A1     3.00           3.76          -0.76  (VIOLATED)
       PIN :   view/U622/A1     3.00           3.76          -0.76  (VIOLATED)
       PIN :   view/U538/A1     3.00           3.76          -0.76  (VIOLATED)
       PIN :   view/U454/A1     3.00           3.76          -0.76  (VIOLATED)
       PIN :   view/U370/A1     3.00           3.76          -0.76  (VIOLATED)
       PIN :   view/U1503/Y     3.00           3.76          -0.76  (VIOLATED)
   analyzer/n1215               3.00           3.76          -0.76  (VIOLATED)
       PIN :   analyzer/U5174/B1
                                3.00           3.76          -0.76  (VIOLATED)
       PIN :   analyzer/U5172/B1
                                3.00           3.76          -0.76  (VIOLATED)
       PIN :   analyzer/U5169/B1
                                3.00           3.76          -0.76  (VIOLATED)
       PIN :   analyzer/U5167/B1
                                3.00           3.76          -0.76  (VIOLATED)
       PIN :   analyzer/U5165/B1
                                3.00           3.76          -0.76  (VIOLATED)
       PIN :   analyzer/U5162/B1
                                3.00           3.76          -0.76  (VIOLATED)
       PIN :   analyzer/U5160/B1
                                3.00           3.76          -0.76  (VIOLATED)
       PIN :   analyzer/U5156/B1
                                3.00           3.76          -0.76  (VIOLATED)
       PIN :   analyzer/U5154/B1
                                3.00           3.76          -0.76  (VIOLATED)
       PIN :   analyzer/U5152/B1
                                3.00           3.76          -0.76  (VIOLATED)
       PIN :   analyzer/U648/A1
                                3.00           3.76          -0.76  (VIOLATED)
       PIN :   analyzer/U5175/Y
                                3.00           3.76          -0.76  (VIOLATED)
   analyzer/n4129               3.00           3.75          -0.75  (VIOLATED)
       PIN :   analyzer/U4053/AN
                                3.00           3.75          -0.75  (VIOLATED)
       PIN :   analyzer/U3762/A0
                                3.00           3.75          -0.75  (VIOLATED)
       PIN :   analyzer/U3760/A0
                                3.00           3.75          -0.75  (VIOLATED)
       PIN :   analyzer/U3758/A0
                                3.00           3.75          -0.75  (VIOLATED)
       PIN :   analyzer/U3756/A0
                                3.00           3.75          -0.75  (VIOLATED)
       PIN :   analyzer/U3754/A0
                                3.00           3.75          -0.75  (VIOLATED)
       PIN :   analyzer/U3751/A0
                                3.00           3.75          -0.75  (VIOLATED)
       PIN :   analyzer/U3749/A0
                                3.00           3.75          -0.75  (VIOLATED)
       PIN :   analyzer/U3747/A0
                                3.00           3.75          -0.75  (VIOLATED)
       PIN :   analyzer/U3744/A0
                                3.00           3.75          -0.75  (VIOLATED)
       PIN :   analyzer/U3742/A0
                                3.00           3.75          -0.75  (VIOLATED)
       PIN :   analyzer/U4054/Y
                                3.00           3.75          -0.75  (VIOLATED)
   analyzer/n4612               3.00           3.75          -0.75  (VIOLATED)
       PIN :   analyzer/U4388/AN
                                3.00           3.75          -0.75  (VIOLATED)
       PIN :   analyzer/U4299/A0
                                3.00           3.75          -0.75  (VIOLATED)
       PIN :   analyzer/U4296/A0
                                3.00           3.75          -0.75  (VIOLATED)
       PIN :   analyzer/U4293/A0
                                3.00           3.75          -0.75  (VIOLATED)
       PIN :   analyzer/U4290/A0
                                3.00           3.75          -0.75  (VIOLATED)
       PIN :   analyzer/U4287/A0
                                3.00           3.75          -0.75  (VIOLATED)
       PIN :   analyzer/U4283/A0
                                3.00           3.75          -0.75  (VIOLATED)
       PIN :   analyzer/U4280/A0
                                3.00           3.75          -0.75  (VIOLATED)
       PIN :   analyzer/U4277/A0
                                3.00           3.75          -0.75  (VIOLATED)
       PIN :   analyzer/U4273/A0
                                3.00           3.75          -0.75  (VIOLATED)
       PIN :   analyzer/U4270/A0
                                3.00           3.75          -0.75  (VIOLATED)
       PIN :   analyzer/U4389/Y
                                3.00           3.75          -0.75  (VIOLATED)
   analyzer/n5085               3.00           3.75          -0.75  (VIOLATED)
       PIN :   analyzer/U4928/AN
                                3.00           3.75          -0.75  (VIOLATED)
       PIN :   analyzer/U4827/A0
                                3.00           3.75          -0.75  (VIOLATED)
       PIN :   analyzer/U4824/A0
                                3.00           3.75          -0.75  (VIOLATED)
       PIN :   analyzer/U4821/A0
                                3.00           3.75          -0.75  (VIOLATED)
       PIN :   analyzer/U4817/A0
                                3.00           3.75          -0.75  (VIOLATED)
       PIN :   analyzer/U4814/A0
                                3.00           3.75          -0.75  (VIOLATED)
       PIN :   analyzer/U4810/A0
                                3.00           3.75          -0.75  (VIOLATED)
       PIN :   analyzer/U4807/A0
                                3.00           3.75          -0.75  (VIOLATED)
       PIN :   analyzer/U4804/A0
                                3.00           3.75          -0.75  (VIOLATED)
       PIN :   analyzer/U4800/A0
                                3.00           3.75          -0.75  (VIOLATED)
       PIN :   analyzer/U4797/A0
                                3.00           3.75          -0.75  (VIOLATED)
       PIN :   analyzer/U4929/Y
                                3.00           3.75          -0.75  (VIOLATED)
   analyzer/n2481               3.00           3.74          -0.74  (VIOLATED)
       PIN :   analyzer/U2045/B
                                3.00           3.74          -0.74  (VIOLATED)
       PIN :   analyzer/U1937/B1
                                3.00           3.74          -0.74  (VIOLATED)
       PIN :   analyzer/U1935/B1
                                3.00           3.74          -0.74  (VIOLATED)
       PIN :   analyzer/U1933/B1
                                3.00           3.74          -0.74  (VIOLATED)
       PIN :   analyzer/U1931/B1
                                3.00           3.74          -0.74  (VIOLATED)
       PIN :   analyzer/U1929/B1
                                3.00           3.74          -0.74  (VIOLATED)
       PIN :   analyzer/U1926/B1
                                3.00           3.74          -0.74  (VIOLATED)
       PIN :   analyzer/U1924/B1
                                3.00           3.74          -0.74  (VIOLATED)
       PIN :   analyzer/U1922/B1
                                3.00           3.74          -0.74  (VIOLATED)
       PIN :   analyzer/U1919/B1
                                3.00           3.74          -0.74  (VIOLATED)
       PIN :   analyzer/U1917/B1
                                3.00           3.74          -0.74  (VIOLATED)
       PIN :   analyzer/U2046/Y
                                3.00           3.74          -0.74  (VIOLATED)
   analyzer/n3160               3.00           3.74          -0.74  (VIOLATED)
       PIN :   analyzer/U2791/B
                                3.00           3.74          -0.74  (VIOLATED)
       PIN :   analyzer/U2686/B1
                                3.00           3.74          -0.74  (VIOLATED)
       PIN :   analyzer/U2684/B1
                                3.00           3.74          -0.74  (VIOLATED)
       PIN :   analyzer/U2682/B1
                                3.00           3.74          -0.74  (VIOLATED)
       PIN :   analyzer/U2680/B1
                                3.00           3.74          -0.74  (VIOLATED)
       PIN :   analyzer/U2678/B1
                                3.00           3.74          -0.74  (VIOLATED)
       PIN :   analyzer/U2675/B1
                                3.00           3.74          -0.74  (VIOLATED)
       PIN :   analyzer/U2673/B1
                                3.00           3.74          -0.74  (VIOLATED)
       PIN :   analyzer/U2671/B1
                                3.00           3.74          -0.74  (VIOLATED)
       PIN :   analyzer/U2668/B1
                                3.00           3.74          -0.74  (VIOLATED)
       PIN :   analyzer/U2666/B1
                                3.00           3.74          -0.74  (VIOLATED)
       PIN :   analyzer/U2792/Y
                                3.00           3.74          -0.74  (VIOLATED)
   analyzer/n673                3.00           3.73          -0.73  (VIOLATED)
       PIN :   analyzer/U4858/A0
                                3.00           3.73          -0.73  (VIOLATED)
       PIN :   analyzer/U4856/A0
                                3.00           3.73          -0.73  (VIOLATED)
       PIN :   analyzer/U4854/A0
                                3.00           3.73          -0.73  (VIOLATED)
       PIN :   analyzer/U4851/A0
                                3.00           3.73          -0.73  (VIOLATED)
       PIN :   analyzer/U4849/A0
                                3.00           3.73          -0.73  (VIOLATED)
       PIN :   analyzer/U4847/A0
                                3.00           3.73          -0.73  (VIOLATED)
       PIN :   analyzer/U4844/A0
                                3.00           3.73          -0.73  (VIOLATED)
       PIN :   analyzer/U4841/A0
                                3.00           3.73          -0.73  (VIOLATED)
       PIN :   analyzer/U4839/A0
                                3.00           3.73          -0.73  (VIOLATED)
       PIN :   analyzer/U4837/A0
                                3.00           3.73          -0.73  (VIOLATED)
       PIN :   analyzer/U247/A1N
                                3.00           3.73          -0.73  (VIOLATED)
       PIN :   analyzer/U4860/Y
                                3.00           3.73          -0.73  (VIOLATED)
   view/n273                    3.00           3.64          -0.64  (VIOLATED)
       PIN :   view/U1438/B     3.00           3.64          -0.64  (VIOLATED)
       PIN :   view/U1334/B     3.00           3.64          -0.64  (VIOLATED)
       PIN :   view/U1250/B     3.00           3.64          -0.64  (VIOLATED)
       PIN :   view/U1166/B     3.00           3.64          -0.64  (VIOLATED)
       PIN :   view/U1082/B     3.00           3.64          -0.64  (VIOLATED)
       PIN :   view/U998/B      3.00           3.64          -0.64  (VIOLATED)
       PIN :   view/U914/B      3.00           3.64          -0.64  (VIOLATED)
       PIN :   view/U830/B      3.00           3.64          -0.64  (VIOLATED)
       PIN :   view/U746/B      3.00           3.64          -0.64  (VIOLATED)
       PIN :   view/U662/B      3.00           3.64          -0.64  (VIOLATED)
       PIN :   view/U578/B      3.00           3.64          -0.64  (VIOLATED)
       PIN :   view/U494/B      3.00           3.64          -0.64  (VIOLATED)
       PIN :   view/U410/B      3.00           3.64          -0.64  (VIOLATED)
       PIN :   view/U326/B      3.00           3.64          -0.64  (VIOLATED)
       PIN :   view/U1439/Y     3.00           3.64          -0.64  (VIOLATED)
   view_pivot_valid[0]          3.00           3.61          -0.61  (VIOLATED)
       PIN :   analyzer/U5912/B
                                3.00           3.61          -0.61  (VIOLATED)
       PIN :   analyzer/U5915/B
                                3.00           3.61          -0.61  (VIOLATED)
       PIN :   analyzer/U5919/B
                                3.00           3.61          -0.61  (VIOLATED)
       PIN :   analyzer/U5922/B
                                3.00           3.61          -0.61  (VIOLATED)
       PIN :   analyzer/U5925/B
                                3.00           3.61          -0.61  (VIOLATED)
       PIN :   analyzer/U5929/B
                                3.00           3.61          -0.61  (VIOLATED)
       PIN :   analyzer/U5932/B
                                3.00           3.61          -0.61  (VIOLATED)
       PIN :   analyzer/U5935/B
                                3.00           3.61          -0.61  (VIOLATED)
       PIN :   analyzer/U5938/B
                                3.00           3.61          -0.61  (VIOLATED)
       PIN :   analyzer/U5940/B
                                3.00           3.61          -0.61  (VIOLATED)
       PIN :   analyzer/U6040/B
                                3.00           3.61          -0.61  (VIOLATED)
       PIN :   analyzer/U6043/B
                                3.00           3.61          -0.61  (VIOLATED)
       PIN :   analyzer/U6064/A
                                3.00           3.61          -0.61  (VIOLATED)
       PIN :   analyzer/U6065/A1
                                3.00           3.61          -0.61  (VIOLATED)
       PIN :   analyzer/U6072/B
                                3.00           3.61          -0.61  (VIOLATED)
       PIN :   analyzer/U6075/B
                                3.00           3.61          -0.61  (VIOLATED)
       PIN :   analyzer/U6078/B
                                3.00           3.61          -0.61  (VIOLATED)
       PIN :   analyzer/U6082/B
                                3.00           3.61          -0.61  (VIOLATED)
       PIN :   analyzer/U6085/B
                                3.00           3.61          -0.61  (VIOLATED)
       PIN :   analyzer/U6088/B
                                3.00           3.61          -0.61  (VIOLATED)
       PIN :   analyzer/U6091/B
                                3.00           3.61          -0.61  (VIOLATED)
       PIN :   analyzer/U6093/B
                                3.00           3.61          -0.61  (VIOLATED)
       PIN :   view/U87/Y       3.00           3.61          -0.61  (VIOLATED)
   view/n226                    3.00           3.50          -0.50  (VIOLATED)
       PIN :   view/U354/A0     3.00           3.50          -0.50  (VIOLATED)
       PIN :   view/U352/A0     3.00           3.50          -0.50  (VIOLATED)
       PIN :   view/U348/A0     3.00           3.50          -0.50  (VIOLATED)
       PIN :   view/U344/A0     3.00           3.50          -0.50  (VIOLATED)
       PIN :   view/U338/A0     3.00           3.50          -0.50  (VIOLATED)
       PIN :   view/U334/A      3.00           3.50          -0.50  (VIOLATED)
       PIN :   view/U330/A0     3.00           3.50          -0.50  (VIOLATED)
       PIN :   view/U321/A0     3.00           3.50          -0.50  (VIOLATED)
       PIN :   view/U319/A0     3.00           3.50          -0.50  (VIOLATED)
       PIN :   view/U316/A0     3.00           3.50          -0.50  (VIOLATED)
       PIN :   view/U314/A0     3.00           3.50          -0.50  (VIOLATED)
       PIN :   view/U310/A0     3.00           3.50          -0.50  (VIOLATED)
       PIN :   view/U305/A0     3.00           3.50          -0.50  (VIOLATED)
       PIN :   view/U356/Y      3.00           3.50          -0.50  (VIOLATED)
   view/n353                    3.00           3.50          -0.50  (VIOLATED)
       PIN :   view/U438/A0     3.00           3.50          -0.50  (VIOLATED)
       PIN :   view/U436/A0     3.00           3.50          -0.50  (VIOLATED)
       PIN :   view/U432/A0     3.00           3.50          -0.50  (VIOLATED)
       PIN :   view/U428/A0     3.00           3.50          -0.50  (VIOLATED)
       PIN :   view/U422/A0     3.00           3.50          -0.50  (VIOLATED)
       PIN :   view/U418/A      3.00           3.50          -0.50  (VIOLATED)
       PIN :   view/U414/A0     3.00           3.50          -0.50  (VIOLATED)
       PIN :   view/U405/A0     3.00           3.50          -0.50  (VIOLATED)
       PIN :   view/U403/A0     3.00           3.50          -0.50  (VIOLATED)
       PIN :   view/U400/A0     3.00           3.50          -0.50  (VIOLATED)
       PIN :   view/U398/A0     3.00           3.50          -0.50  (VIOLATED)
       PIN :   view/U394/A0     3.00           3.50          -0.50  (VIOLATED)
       PIN :   view/U389/A0     3.00           3.50          -0.50  (VIOLATED)
       PIN :   view/U440/Y      3.00           3.50          -0.50  (VIOLATED)
   view/n436                    3.00           3.50          -0.50  (VIOLATED)
       PIN :   view/U522/A0     3.00           3.50          -0.50  (VIOLATED)
       PIN :   view/U520/A0     3.00           3.50          -0.50  (VIOLATED)
       PIN :   view/U516/A0     3.00           3.50          -0.50  (VIOLATED)
       PIN :   view/U512/A0     3.00           3.50          -0.50  (VIOLATED)
       PIN :   view/U506/A0     3.00           3.50          -0.50  (VIOLATED)
       PIN :   view/U502/A      3.00           3.50          -0.50  (VIOLATED)
       PIN :   view/U498/A0     3.00           3.50          -0.50  (VIOLATED)
       PIN :   view/U489/A0     3.00           3.50          -0.50  (VIOLATED)
       PIN :   view/U487/A0     3.00           3.50          -0.50  (VIOLATED)
       PIN :   view/U484/A0     3.00           3.50          -0.50  (VIOLATED)
       PIN :   view/U482/A0     3.00           3.50          -0.50  (VIOLATED)
       PIN :   view/U478/A0     3.00           3.50          -0.50  (VIOLATED)
       PIN :   view/U473/A0     3.00           3.50          -0.50  (VIOLATED)
       PIN :   view/U524/Y      3.00           3.50          -0.50  (VIOLATED)
   view/n519                    3.00           3.50          -0.50  (VIOLATED)
       PIN :   view/U606/A0     3.00           3.50          -0.50  (VIOLATED)
       PIN :   view/U604/A0     3.00           3.50          -0.50  (VIOLATED)
       PIN :   view/U600/A0     3.00           3.50          -0.50  (VIOLATED)
       PIN :   view/U596/A0     3.00           3.50          -0.50  (VIOLATED)
       PIN :   view/U590/A0     3.00           3.50          -0.50  (VIOLATED)
       PIN :   view/U586/A      3.00           3.50          -0.50  (VIOLATED)
       PIN :   view/U582/A0     3.00           3.50          -0.50  (VIOLATED)
       PIN :   view/U573/A0     3.00           3.50          -0.50  (VIOLATED)
       PIN :   view/U571/A0     3.00           3.50          -0.50  (VIOLATED)
       PIN :   view/U568/A0     3.00           3.50          -0.50  (VIOLATED)
       PIN :   view/U566/A0     3.00           3.50          -0.50  (VIOLATED)
       PIN :   view/U562/A0     3.00           3.50          -0.50  (VIOLATED)
       PIN :   view/U557/A0     3.00           3.50          -0.50  (VIOLATED)
       PIN :   view/U608/Y      3.00           3.50          -0.50  (VIOLATED)
   view/n602                    3.00           3.50          -0.50  (VIOLATED)
       PIN :   view/U690/A0     3.00           3.50          -0.50  (VIOLATED)
       PIN :   view/U688/A0     3.00           3.50          -0.50  (VIOLATED)
       PIN :   view/U684/A0     3.00           3.50          -0.50  (VIOLATED)
       PIN :   view/U680/A0     3.00           3.50          -0.50  (VIOLATED)
       PIN :   view/U674/A0     3.00           3.50          -0.50  (VIOLATED)
       PIN :   view/U670/A      3.00           3.50          -0.50  (VIOLATED)
       PIN :   view/U666/A0     3.00           3.50          -0.50  (VIOLATED)
       PIN :   view/U657/A0     3.00           3.50          -0.50  (VIOLATED)
       PIN :   view/U655/A0     3.00           3.50          -0.50  (VIOLATED)
       PIN :   view/U652/A0     3.00           3.50          -0.50  (VIOLATED)
       PIN :   view/U650/A0     3.00           3.50          -0.50  (VIOLATED)
       PIN :   view/U646/A0     3.00           3.50          -0.50  (VIOLATED)
       PIN :   view/U641/A0     3.00           3.50          -0.50  (VIOLATED)
       PIN :   view/U692/Y      3.00           3.50          -0.50  (VIOLATED)
   view/n685                    3.00           3.50          -0.50  (VIOLATED)
       PIN :   view/U774/A0     3.00           3.50          -0.50  (VIOLATED)
       PIN :   view/U772/A0     3.00           3.50          -0.50  (VIOLATED)
       PIN :   view/U768/A0     3.00           3.50          -0.50  (VIOLATED)
       PIN :   view/U764/A0     3.00           3.50          -0.50  (VIOLATED)
       PIN :   view/U758/A0     3.00           3.50          -0.50  (VIOLATED)
       PIN :   view/U754/A      3.00           3.50          -0.50  (VIOLATED)
       PIN :   view/U750/A0     3.00           3.50          -0.50  (VIOLATED)
       PIN :   view/U741/A0     3.00           3.50          -0.50  (VIOLATED)
       PIN :   view/U739/A0     3.00           3.50          -0.50  (VIOLATED)
       PIN :   view/U736/A0     3.00           3.50          -0.50  (VIOLATED)
       PIN :   view/U734/A0     3.00           3.50          -0.50  (VIOLATED)
       PIN :   view/U730/A0     3.00           3.50          -0.50  (VIOLATED)
       PIN :   view/U725/A0     3.00           3.50          -0.50  (VIOLATED)
       PIN :   view/U776/Y      3.00           3.50          -0.50  (VIOLATED)
   view/n768                    3.00           3.50          -0.50  (VIOLATED)
       PIN :   view/U858/A0     3.00           3.50          -0.50  (VIOLATED)
       PIN :   view/U856/A0     3.00           3.50          -0.50  (VIOLATED)
       PIN :   view/U852/A0     3.00           3.50          -0.50  (VIOLATED)
       PIN :   view/U848/A0     3.00           3.50          -0.50  (VIOLATED)
       PIN :   view/U842/A0     3.00           3.50          -0.50  (VIOLATED)
       PIN :   view/U838/A      3.00           3.50          -0.50  (VIOLATED)
       PIN :   view/U834/A0     3.00           3.50          -0.50  (VIOLATED)
       PIN :   view/U825/A0     3.00           3.50          -0.50  (VIOLATED)
       PIN :   view/U823/A0     3.00           3.50          -0.50  (VIOLATED)
       PIN :   view/U820/A0     3.00           3.50          -0.50  (VIOLATED)
       PIN :   view/U818/A0     3.00           3.50          -0.50  (VIOLATED)
       PIN :   view/U814/A0     3.00           3.50          -0.50  (VIOLATED)
       PIN :   view/U809/A0     3.00           3.50          -0.50  (VIOLATED)
       PIN :   view/U860/Y      3.00           3.50          -0.50  (VIOLATED)
   view/n851                    3.00           3.50          -0.50  (VIOLATED)
       PIN :   view/U942/A0     3.00           3.50          -0.50  (VIOLATED)
       PIN :   view/U940/A0     3.00           3.50          -0.50  (VIOLATED)
       PIN :   view/U936/A0     3.00           3.50          -0.50  (VIOLATED)
       PIN :   view/U932/A0     3.00           3.50          -0.50  (VIOLATED)
       PIN :   view/U926/A0     3.00           3.50          -0.50  (VIOLATED)
       PIN :   view/U922/A      3.00           3.50          -0.50  (VIOLATED)
       PIN :   view/U918/A0     3.00           3.50          -0.50  (VIOLATED)
       PIN :   view/U909/A0     3.00           3.50          -0.50  (VIOLATED)
       PIN :   view/U907/A0     3.00           3.50          -0.50  (VIOLATED)
       PIN :   view/U904/A0     3.00           3.50          -0.50  (VIOLATED)
       PIN :   view/U902/A0     3.00           3.50          -0.50  (VIOLATED)
       PIN :   view/U898/A0     3.00           3.50          -0.50  (VIOLATED)
       PIN :   view/U893/A0     3.00           3.50          -0.50  (VIOLATED)
       PIN :   view/U944/Y      3.00           3.50          -0.50  (VIOLATED)
   view/n934                    3.00           3.50          -0.50  (VIOLATED)
       PIN :   view/U1026/A0
                                3.00           3.50          -0.50  (VIOLATED)
       PIN :   view/U1024/A0
                                3.00           3.50          -0.50  (VIOLATED)
       PIN :   view/U1020/A0
                                3.00           3.50          -0.50  (VIOLATED)
       PIN :   view/U1016/A0
                                3.00           3.50          -0.50  (VIOLATED)
       PIN :   view/U1010/A0
                                3.00           3.50          -0.50  (VIOLATED)
       PIN :   view/U1006/A     3.00           3.50          -0.50  (VIOLATED)
       PIN :   view/U1002/A0
                                3.00           3.50          -0.50  (VIOLATED)
       PIN :   view/U993/A0     3.00           3.50          -0.50  (VIOLATED)
       PIN :   view/U991/A0     3.00           3.50          -0.50  (VIOLATED)
       PIN :   view/U988/A0     3.00           3.50          -0.50  (VIOLATED)
       PIN :   view/U986/A0     3.00           3.50          -0.50  (VIOLATED)
       PIN :   view/U982/A0     3.00           3.50          -0.50  (VIOLATED)
       PIN :   view/U977/A0     3.00           3.50          -0.50  (VIOLATED)
       PIN :   view/U1028/Y     3.00           3.50          -0.50  (VIOLATED)
   view/n1017                   3.00           3.50          -0.50  (VIOLATED)
       PIN :   view/U1110/A0
                                3.00           3.50          -0.50  (VIOLATED)
       PIN :   view/U1108/A0
                                3.00           3.50          -0.50  (VIOLATED)
       PIN :   view/U1104/A0
                                3.00           3.50          -0.50  (VIOLATED)
       PIN :   view/U1100/A0
                                3.00           3.50          -0.50  (VIOLATED)
       PIN :   view/U1094/A0
                                3.00           3.50          -0.50  (VIOLATED)
       PIN :   view/U1090/A     3.00           3.50          -0.50  (VIOLATED)
       PIN :   view/U1086/A0
                                3.00           3.50          -0.50  (VIOLATED)
       PIN :   view/U1077/A0
                                3.00           3.50          -0.50  (VIOLATED)
       PIN :   view/U1075/A0
                                3.00           3.50          -0.50  (VIOLATED)
       PIN :   view/U1072/A0
                                3.00           3.50          -0.50  (VIOLATED)
       PIN :   view/U1070/A0
                                3.00           3.50          -0.50  (VIOLATED)
       PIN :   view/U1066/A0
                                3.00           3.50          -0.50  (VIOLATED)
       PIN :   view/U1061/A0
                                3.00           3.50          -0.50  (VIOLATED)
       PIN :   view/U1112/Y     3.00           3.50          -0.50  (VIOLATED)
   view/n1100                   3.00           3.50          -0.50  (VIOLATED)
       PIN :   view/U1194/A0
                                3.00           3.50          -0.50  (VIOLATED)
       PIN :   view/U1192/A0
                                3.00           3.50          -0.50  (VIOLATED)
       PIN :   view/U1188/A0
                                3.00           3.50          -0.50  (VIOLATED)
       PIN :   view/U1184/A0
                                3.00           3.50          -0.50  (VIOLATED)
       PIN :   view/U1178/A0
                                3.00           3.50          -0.50  (VIOLATED)
       PIN :   view/U1174/A     3.00           3.50          -0.50  (VIOLATED)
       PIN :   view/U1170/A0
                                3.00           3.50          -0.50  (VIOLATED)
       PIN :   view/U1161/A0
                                3.00           3.50          -0.50  (VIOLATED)
       PIN :   view/U1159/A0
                                3.00           3.50          -0.50  (VIOLATED)
       PIN :   view/U1156/A0
                                3.00           3.50          -0.50  (VIOLATED)
       PIN :   view/U1154/A0
                                3.00           3.50          -0.50  (VIOLATED)
       PIN :   view/U1150/A0
                                3.00           3.50          -0.50  (VIOLATED)
       PIN :   view/U1145/A0
                                3.00           3.50          -0.50  (VIOLATED)
       PIN :   view/U1196/Y     3.00           3.50          -0.50  (VIOLATED)
   view/n1183                   3.00           3.50          -0.50  (VIOLATED)
       PIN :   view/U1278/A0
                                3.00           3.50          -0.50  (VIOLATED)
       PIN :   view/U1276/A0
                                3.00           3.50          -0.50  (VIOLATED)
       PIN :   view/U1272/A0
                                3.00           3.50          -0.50  (VIOLATED)
       PIN :   view/U1268/A0
                                3.00           3.50          -0.50  (VIOLATED)
       PIN :   view/U1262/A0
                                3.00           3.50          -0.50  (VIOLATED)
       PIN :   view/U1258/A     3.00           3.50          -0.50  (VIOLATED)
       PIN :   view/U1254/A0
                                3.00           3.50          -0.50  (VIOLATED)
       PIN :   view/U1245/A0
                                3.00           3.50          -0.50  (VIOLATED)
       PIN :   view/U1243/A0
                                3.00           3.50          -0.50  (VIOLATED)
       PIN :   view/U1240/A0
                                3.00           3.50          -0.50  (VIOLATED)
       PIN :   view/U1238/A0
                                3.00           3.50          -0.50  (VIOLATED)
       PIN :   view/U1234/A0
                                3.00           3.50          -0.50  (VIOLATED)
       PIN :   view/U1229/A0
                                3.00           3.50          -0.50  (VIOLATED)
       PIN :   view/U1280/Y     3.00           3.50          -0.50  (VIOLATED)
   view/n1266                   3.00           3.50          -0.50  (VIOLATED)
       PIN :   view/U1362/A0
                                3.00           3.50          -0.50  (VIOLATED)
       PIN :   view/U1360/A0
                                3.00           3.50          -0.50  (VIOLATED)
       PIN :   view/U1356/A0
                                3.00           3.50          -0.50  (VIOLATED)
       PIN :   view/U1352/A0
                                3.00           3.50          -0.50  (VIOLATED)
       PIN :   view/U1346/A0
                                3.00           3.50          -0.50  (VIOLATED)
       PIN :   view/U1342/A     3.00           3.50          -0.50  (VIOLATED)
       PIN :   view/U1338/A0
                                3.00           3.50          -0.50  (VIOLATED)
       PIN :   view/U1329/A0
                                3.00           3.50          -0.50  (VIOLATED)
       PIN :   view/U1327/A0
                                3.00           3.50          -0.50  (VIOLATED)
       PIN :   view/U1324/A0
                                3.00           3.50          -0.50  (VIOLATED)
       PIN :   view/U1322/A0
                                3.00           3.50          -0.50  (VIOLATED)
       PIN :   view/U1318/A0
                                3.00           3.50          -0.50  (VIOLATED)
       PIN :   view/U1313/A0
                                3.00           3.50          -0.50  (VIOLATED)
       PIN :   view/U1364/Y     3.00           3.50          -0.50  (VIOLATED)
   view/n1349                   3.00           3.50          -0.50  (VIOLATED)
       PIN :   view/U1484/A0
                                3.00           3.50          -0.50  (VIOLATED)
       PIN :   view/U1480/A0
                                3.00           3.50          -0.50  (VIOLATED)
       PIN :   view/U1474/A0
                                3.00           3.50          -0.50  (VIOLATED)
       PIN :   view/U1468/A0
                                3.00           3.50          -0.50  (VIOLATED)
       PIN :   view/U1462/A0
                                3.00           3.50          -0.50  (VIOLATED)
       PIN :   view/U1452/A     3.00           3.50          -0.50  (VIOLATED)
       PIN :   view/U1443/A0
                                3.00           3.50          -0.50  (VIOLATED)
       PIN :   view/U1430/A0
                                3.00           3.50          -0.50  (VIOLATED)
       PIN :   view/U1426/A0
                                3.00           3.50          -0.50  (VIOLATED)
       PIN :   view/U1421/A0
                                3.00           3.50          -0.50  (VIOLATED)
       PIN :   view/U1417/A0
                                3.00           3.50          -0.50  (VIOLATED)
       PIN :   view/U1413/A0
                                3.00           3.50          -0.50  (VIOLATED)
       PIN :   view/U1397/A0
                                3.00           3.50          -0.50  (VIOLATED)
       PIN :   view/U1486/Y     3.00           3.50          -0.50  (VIOLATED)
   analyzer/n474                3.00           3.50          -0.50  (VIOLATED)
       PIN :   analyzer/U3413/B1
                                3.00           3.50          -0.50  (VIOLATED)
       PIN :   analyzer/U3411/B1
                                3.00           3.50          -0.50  (VIOLATED)
       PIN :   analyzer/U3408/B1
                                3.00           3.50          -0.50  (VIOLATED)
       PIN :   analyzer/U3406/B1
                                3.00           3.50          -0.50  (VIOLATED)
       PIN :   analyzer/U3404/B1
                                3.00           3.50          -0.50  (VIOLATED)
       PIN :   analyzer/U3401/B1
                                3.00           3.50          -0.50  (VIOLATED)
       PIN :   analyzer/U3399/B1
                                3.00           3.50          -0.50  (VIOLATED)
       PIN :   analyzer/U3397/B1
                                3.00           3.50          -0.50  (VIOLATED)
       PIN :   analyzer/U3393/B1
                                3.00           3.50          -0.50  (VIOLATED)
       PIN :   analyzer/U3391/B1
                                3.00           3.50          -0.50  (VIOLATED)
       PIN :   analyzer/U949/C0
                                3.00           3.50          -0.50  (VIOLATED)
       PIN :   analyzer/U543/C0
                                3.00           3.50          -0.50  (VIOLATED)
       PIN :   analyzer/U320/C0
                                3.00           3.50          -0.50  (VIOLATED)
       PIN :   analyzer/U146/C0
                                3.00           3.50          -0.50  (VIOLATED)
       PIN :   analyzer/U3414/Y
                                3.00           3.50          -0.50  (VIOLATED)
   analyzer/n478                3.00           3.48          -0.48  (VIOLATED)
       PIN :   analyzer/U4034/B1
                                3.00           3.48          -0.48  (VIOLATED)
       PIN :   analyzer/U4031/B1
                                3.00           3.48          -0.48  (VIOLATED)
       PIN :   analyzer/U4028/B1
                                3.00           3.48          -0.48  (VIOLATED)
       PIN :   analyzer/U4025/B1
                                3.00           3.48          -0.48  (VIOLATED)
       PIN :   analyzer/U4021/B1
                                3.00           3.48          -0.48  (VIOLATED)
       PIN :   analyzer/U4018/B1
                                3.00           3.48          -0.48  (VIOLATED)
       PIN :   analyzer/U3916/B1
                                3.00           3.48          -0.48  (VIOLATED)
       PIN :   analyzer/U3886/B1
                                3.00           3.48          -0.48  (VIOLATED)
       PIN :   analyzer/U3883/B1
                                3.00           3.48          -0.48  (VIOLATED)
       PIN :   analyzer/U3880/B1
                                3.00           3.48          -0.48  (VIOLATED)
       PIN :   analyzer/U950/B0
                                3.00           3.48          -0.48  (VIOLATED)
       PIN :   analyzer/U543/A0
                                3.00           3.48          -0.48  (VIOLATED)
       PIN :   analyzer/U320/B0
                                3.00           3.48          -0.48  (VIOLATED)
       PIN :   analyzer/U149/B0
                                3.00           3.48          -0.48  (VIOLATED)
       PIN :   analyzer/U4035/Y
                                3.00           3.48          -0.48  (VIOLATED)
   analyzer/n647                3.00           3.47          -0.47  (VIOLATED)
       PIN :   analyzer/U5941/B
                                3.00           3.47          -0.47  (VIOLATED)
       PIN :   analyzer/U5829/A
                                3.00           3.47          -0.47  (VIOLATED)
       PIN :   analyzer/U5495/B0
                                3.00           3.47          -0.47  (VIOLATED)
       PIN :   analyzer/U5483/A
                                3.00           3.47          -0.47  (VIOLATED)
       PIN :   analyzer/U1399/B
                                3.00           3.47          -0.47  (VIOLATED)
       PIN :   analyzer/U1000/B0
                                3.00           3.47          -0.47  (VIOLATED)
       PIN :   analyzer/U817/C
                                3.00           3.47          -0.47  (VIOLATED)
       PIN :   analyzer/U775/B0
                                3.00           3.47          -0.47  (VIOLATED)
       PIN :   analyzer/U739/B0
                                3.00           3.47          -0.47  (VIOLATED)
       PIN :   analyzer/U231/B0
                                3.00           3.47          -0.47  (VIOLATED)
       PIN :   analyzer/U5942/Y
                                3.00           3.47          -0.47  (VIOLATED)
   analyzer/n5072               3.00           3.46          -0.46  (VIOLATED)
       PIN :   analyzer/U5276/A0
                                3.00           3.46          -0.46  (VIOLATED)
       PIN :   analyzer/U4921/A0N
                                3.00           3.46          -0.46  (VIOLATED)
       PIN :   analyzer/U4921/B1
                                3.00           3.46          -0.46  (VIOLATED)
       PIN :   analyzer/U4919/A0N
                                3.00           3.46          -0.46  (VIOLATED)
       PIN :   analyzer/U4919/B1
                                3.00           3.46          -0.46  (VIOLATED)
       PIN :   analyzer/U4917/A0N
                                3.00           3.46          -0.46  (VIOLATED)
       PIN :   analyzer/U4917/B1
                                3.00           3.46          -0.46  (VIOLATED)
       PIN :   analyzer/U4915/A0N
                                3.00           3.46          -0.46  (VIOLATED)
       PIN :   analyzer/U4915/B1
                                3.00           3.46          -0.46  (VIOLATED)
       PIN :   analyzer/U4912/A0N
                                3.00           3.46          -0.46  (VIOLATED)
       PIN :   analyzer/U4912/B1
                                3.00           3.46          -0.46  (VIOLATED)
       PIN :   analyzer/U4910/A0N
                                3.00           3.46          -0.46  (VIOLATED)
       PIN :   analyzer/U4910/B1
                                3.00           3.46          -0.46  (VIOLATED)
       PIN :   analyzer/U4829/A0N
                                3.00           3.46          -0.46  (VIOLATED)
       PIN :   analyzer/U4829/B1
                                3.00           3.46          -0.46  (VIOLATED)
       PIN :   analyzer/U4791/A0N
                                3.00           3.46          -0.46  (VIOLATED)
       PIN :   analyzer/U4791/B1
                                3.00           3.46          -0.46  (VIOLATED)
       PIN :   analyzer/U4789/A0N
                                3.00           3.46          -0.46  (VIOLATED)
       PIN :   analyzer/U4789/B1
                                3.00           3.46          -0.46  (VIOLATED)
       PIN :   analyzer/U4787/A0N
                                3.00           3.46          -0.46  (VIOLATED)
       PIN :   analyzer/U4787/B1
                                3.00           3.46          -0.46  (VIOLATED)
       PIN :   analyzer/U5278/Y
                                3.00           3.46          -0.46  (VIOLATED)
   analyzer/n4551               3.00           3.42          -0.42  (VIOLATED)
       PIN :   analyzer/U4213/B1
                                3.00           3.42          -0.42  (VIOLATED)
       PIN :   analyzer/U4210/B1
                                3.00           3.42          -0.42  (VIOLATED)
       PIN :   analyzer/U4207/B1
                                3.00           3.42          -0.42  (VIOLATED)
       PIN :   analyzer/U4203/B1
                                3.00           3.42          -0.42  (VIOLATED)
       PIN :   analyzer/U4200/B1
                                3.00           3.42          -0.42  (VIOLATED)
       PIN :   analyzer/U4197/B1
                                3.00           3.42          -0.42  (VIOLATED)
       PIN :   analyzer/U4193/B1
                                3.00           3.42          -0.42  (VIOLATED)
       PIN :   analyzer/U4190/B1
                                3.00           3.42          -0.42  (VIOLATED)
       PIN :   analyzer/U4187/B1
                                3.00           3.42          -0.42  (VIOLATED)
       PIN :   analyzer/U4183/B1
                                3.00           3.42          -0.42  (VIOLATED)
       PIN :   analyzer/U4214/Y
                                3.00           3.42          -0.42  (VIOLATED)
   analyzer/n162                3.00           3.24          -0.24  (VIOLATED)
       PIN :   analyzer/U5783/A1
                                3.00           3.24          -0.24  (VIOLATED)
       PIN :   analyzer/U5780/A1
                                3.00           3.24          -0.24  (VIOLATED)
       PIN :   analyzer/U5778/A1
                                3.00           3.24          -0.24  (VIOLATED)
       PIN :   analyzer/U5775/A1
                                3.00           3.24          -0.24  (VIOLATED)
       PIN :   analyzer/U5773/A1
                                3.00           3.24          -0.24  (VIOLATED)
       PIN :   analyzer/U5770/A1
                                3.00           3.24          -0.24  (VIOLATED)
       PIN :   analyzer/U5766/A1
                                3.00           3.24          -0.24  (VIOLATED)
       PIN :   analyzer/U5763/A1
                                3.00           3.24          -0.24  (VIOLATED)
       PIN :   analyzer/U5761/A1
                                3.00           3.24          -0.24  (VIOLATED)
       PIN :   analyzer/U5750/A1
                                3.00           3.24          -0.24  (VIOLATED)
       PIN :   analyzer/U405/A1
                                3.00           3.24          -0.24  (VIOLATED)
       PIN :   analyzer/U47/A1
                                3.00           3.24          -0.24  (VIOLATED)
       PIN :   analyzer/U5785/Y
                                3.00           3.24          -0.24  (VIOLATED)
   analyzer/n610                3.00           3.23          -0.23  (VIOLATED)
       PIN :   analyzer/U3871/C
                                3.00           3.23          -0.23  (VIOLATED)
       PIN :   analyzer/U3870/A0
                                3.00           3.23          -0.23  (VIOLATED)
       PIN :   analyzer/U3866/A0
                                3.00           3.23          -0.23  (VIOLATED)
       PIN :   analyzer/U3862/A0
                                3.00           3.23          -0.23  (VIOLATED)
       PIN :   analyzer/U3858/A0
                                3.00           3.23          -0.23  (VIOLATED)
       PIN :   analyzer/U3853/A0
                                3.00           3.23          -0.23  (VIOLATED)
       PIN :   analyzer/U3849/A0
                                3.00           3.23          -0.23  (VIOLATED)
       PIN :   analyzer/U3764/A0
                                3.00           3.23          -0.23  (VIOLATED)
       PIN :   analyzer/U3735/A0
                                3.00           3.23          -0.23  (VIOLATED)
       PIN :   analyzer/U3732/A0
                                3.00           3.23          -0.23  (VIOLATED)
       PIN :   analyzer/U3729/A0
                                3.00           3.23          -0.23  (VIOLATED)
       PIN :   analyzer/U209/B0
                                3.00           3.23          -0.23  (VIOLATED)
       PIN :   analyzer/U3873/Y
                                3.00           3.23          -0.23  (VIOLATED)
   analyzer/n561                3.00           3.23          -0.23  (VIOLATED)
       PIN :   analyzer/U4408/C
                                3.00           3.23          -0.23  (VIOLATED)
       PIN :   analyzer/U4407/A0
                                3.00           3.23          -0.23  (VIOLATED)
       PIN :   analyzer/U4404/A0
                                3.00           3.23          -0.23  (VIOLATED)
       PIN :   analyzer/U4401/A0
                                3.00           3.23          -0.23  (VIOLATED)
       PIN :   analyzer/U4398/A0
                                3.00           3.23          -0.23  (VIOLATED)
       PIN :   analyzer/U4394/A0
                                3.00           3.23          -0.23  (VIOLATED)
       PIN :   analyzer/U4391/A0
                                3.00           3.23          -0.23  (VIOLATED)
       PIN :   analyzer/U4301/A0
                                3.00           3.23          -0.23  (VIOLATED)
       PIN :   analyzer/U4264/A0
                                3.00           3.23          -0.23  (VIOLATED)
       PIN :   analyzer/U4262/A0
                                3.00           3.23          -0.23  (VIOLATED)
       PIN :   analyzer/U4260/A0
                                3.00           3.23          -0.23  (VIOLATED)
       PIN :   analyzer/U188/B0
                                3.00           3.23          -0.23  (VIOLATED)
       PIN :   analyzer/U4410/Y
                                3.00           3.23          -0.23  (VIOLATED)
   view_hybrid_valid[4]         3.00           3.22          -0.22  (VIOLATED)
       PIN :   analyzer/U87/B0
                                3.00           3.22          -0.22  (VIOLATED)
       PIN :   analyzer/U607/A
                                3.00           3.22          -0.22  (VIOLATED)
       PIN :   analyzer/U803/B0
                                3.00           3.22          -0.22  (VIOLATED)
       PIN :   analyzer/U837/A
                                3.00           3.22          -0.22  (VIOLATED)
       PIN :   analyzer/U1023/B0
                                3.00           3.22          -0.22  (VIOLATED)
       PIN :   analyzer/U1026/A
                                3.00           3.22          -0.22  (VIOLATED)
       PIN :   analyzer/U1456/A
                                3.00           3.22          -0.22  (VIOLATED)
       PIN :   analyzer/U4082/C0
                                3.00           3.22          -0.22  (VIOLATED)
       PIN :   analyzer/U4159/A
                                3.00           3.22          -0.22  (VIOLATED)
       PIN :   analyzer/U4232/A
                                3.00           3.22          -0.22  (VIOLATED)
       PIN :   analyzer/U4236/A
                                3.00           3.22          -0.22  (VIOLATED)
       PIN :   analyzer/U4239/A1
                                3.00           3.22          -0.22  (VIOLATED)
       PIN :   analyzer/U4245/S0
                                3.00           3.22          -0.22  (VIOLATED)
       PIN :   analyzer/U4248/S0
                                3.00           3.22          -0.22  (VIOLATED)
       PIN :   analyzer/U4342/S0
                                3.00           3.22          -0.22  (VIOLATED)
       PIN :   analyzer/U4387/B
                                3.00           3.22          -0.22  (VIOLATED)
       PIN :   analyzer/U4408/B
                                3.00           3.22          -0.22  (VIOLATED)
       PIN :   analyzer/U4413/S0
                                3.00           3.22          -0.22  (VIOLATED)
       PIN :   view/U712/Y      3.00           3.22          -0.22  (VIOLATED)
   view/n227                    3.00           3.19          -0.19  (VIOLATED)
       PIN :   view/U354/B0     3.00           3.19          -0.19  (VIOLATED)
       PIN :   view/U352/B0     3.00           3.19          -0.19  (VIOLATED)
       PIN :   view/U348/B0     3.00           3.19          -0.19  (VIOLATED)
       PIN :   view/U344/B0     3.00           3.19          -0.19  (VIOLATED)
       PIN :   view/U332/A0     3.00           3.19          -0.19  (VIOLATED)
       PIN :   view/U330/B0     3.00           3.19          -0.19  (VIOLATED)
       PIN :   view/U321/B0     3.00           3.19          -0.19  (VIOLATED)
       PIN :   view/U319/B0     3.00           3.19          -0.19  (VIOLATED)
       PIN :   view/U316/B0     3.00           3.19          -0.19  (VIOLATED)
       PIN :   view/U314/B0     3.00           3.19          -0.19  (VIOLATED)
       PIN :   view/U307/A0     3.00           3.19          -0.19  (VIOLATED)
       PIN :   view/U305/B0     3.00           3.19          -0.19  (VIOLATED)
       PIN :   view/U355/Y      3.00           3.19          -0.19  (VIOLATED)
   view/n354                    3.00           3.19          -0.19  (VIOLATED)
       PIN :   view/U438/B0     3.00           3.19          -0.19  (VIOLATED)
       PIN :   view/U436/B0     3.00           3.19          -0.19  (VIOLATED)
       PIN :   view/U432/B0     3.00           3.19          -0.19  (VIOLATED)
       PIN :   view/U428/B0     3.00           3.19          -0.19  (VIOLATED)
       PIN :   view/U416/A0     3.00           3.19          -0.19  (VIOLATED)
       PIN :   view/U414/B0     3.00           3.19          -0.19  (VIOLATED)
       PIN :   view/U405/B0     3.00           3.19          -0.19  (VIOLATED)
       PIN :   view/U403/B0     3.00           3.19          -0.19  (VIOLATED)
       PIN :   view/U400/B0     3.00           3.19          -0.19  (VIOLATED)
       PIN :   view/U398/B0     3.00           3.19          -0.19  (VIOLATED)
       PIN :   view/U391/A0     3.00           3.19          -0.19  (VIOLATED)
       PIN :   view/U389/B0     3.00           3.19          -0.19  (VIOLATED)
       PIN :   view/U439/Y      3.00           3.19          -0.19  (VIOLATED)
   view/n437                    3.00           3.19          -0.19  (VIOLATED)
       PIN :   view/U522/B0     3.00           3.19          -0.19  (VIOLATED)
       PIN :   view/U520/B0     3.00           3.19          -0.19  (VIOLATED)
       PIN :   view/U516/B0     3.00           3.19          -0.19  (VIOLATED)
       PIN :   view/U512/B0     3.00           3.19          -0.19  (VIOLATED)
       PIN :   view/U500/A0     3.00           3.19          -0.19  (VIOLATED)
       PIN :   view/U498/B0     3.00           3.19          -0.19  (VIOLATED)
       PIN :   view/U489/B0     3.00           3.19          -0.19  (VIOLATED)
       PIN :   view/U487/B0     3.00           3.19          -0.19  (VIOLATED)
       PIN :   view/U484/B0     3.00           3.19          -0.19  (VIOLATED)
       PIN :   view/U482/B0     3.00           3.19          -0.19  (VIOLATED)
       PIN :   view/U475/A0     3.00           3.19          -0.19  (VIOLATED)
       PIN :   view/U473/B0     3.00           3.19          -0.19  (VIOLATED)
       PIN :   view/U523/Y      3.00           3.19          -0.19  (VIOLATED)
   view/n520                    3.00           3.19          -0.19  (VIOLATED)
       PIN :   view/U606/B0     3.00           3.19          -0.19  (VIOLATED)
       PIN :   view/U604/B0     3.00           3.19          -0.19  (VIOLATED)
       PIN :   view/U600/B0     3.00           3.19          -0.19  (VIOLATED)
       PIN :   view/U596/B0     3.00           3.19          -0.19  (VIOLATED)
       PIN :   view/U584/A0     3.00           3.19          -0.19  (VIOLATED)
       PIN :   view/U582/B0     3.00           3.19          -0.19  (VIOLATED)
       PIN :   view/U573/B0     3.00           3.19          -0.19  (VIOLATED)
       PIN :   view/U571/B0     3.00           3.19          -0.19  (VIOLATED)
       PIN :   view/U568/B0     3.00           3.19          -0.19  (VIOLATED)
       PIN :   view/U566/B0     3.00           3.19          -0.19  (VIOLATED)
       PIN :   view/U559/A0     3.00           3.19          -0.19  (VIOLATED)
       PIN :   view/U557/B0     3.00           3.19          -0.19  (VIOLATED)
       PIN :   view/U607/Y      3.00           3.19          -0.19  (VIOLATED)
   view/n603                    3.00           3.19          -0.19  (VIOLATED)
       PIN :   view/U690/B0     3.00           3.19          -0.19  (VIOLATED)
       PIN :   view/U688/B0     3.00           3.19          -0.19  (VIOLATED)
       PIN :   view/U684/B0     3.00           3.19          -0.19  (VIOLATED)
       PIN :   view/U680/B0     3.00           3.19          -0.19  (VIOLATED)
       PIN :   view/U668/A0     3.00           3.19          -0.19  (VIOLATED)
       PIN :   view/U666/B0     3.00           3.19          -0.19  (VIOLATED)
       PIN :   view/U657/B0     3.00           3.19          -0.19  (VIOLATED)
       PIN :   view/U655/B0     3.00           3.19          -0.19  (VIOLATED)
       PIN :   view/U652/B0     3.00           3.19          -0.19  (VIOLATED)
       PIN :   view/U650/B0     3.00           3.19          -0.19  (VIOLATED)
       PIN :   view/U643/A0     3.00           3.19          -0.19  (VIOLATED)
       PIN :   view/U641/B0     3.00           3.19          -0.19  (VIOLATED)
       PIN :   view/U691/Y      3.00           3.19          -0.19  (VIOLATED)
   view/n686                    3.00           3.19          -0.19  (VIOLATED)
       PIN :   view/U774/B0     3.00           3.19          -0.19  (VIOLATED)
       PIN :   view/U772/B0     3.00           3.19          -0.19  (VIOLATED)
       PIN :   view/U768/B0     3.00           3.19          -0.19  (VIOLATED)
       PIN :   view/U764/B0     3.00           3.19          -0.19  (VIOLATED)
       PIN :   view/U752/A0     3.00           3.19          -0.19  (VIOLATED)
       PIN :   view/U750/B0     3.00           3.19          -0.19  (VIOLATED)
       PIN :   view/U741/B0     3.00           3.19          -0.19  (VIOLATED)
       PIN :   view/U739/B0     3.00           3.19          -0.19  (VIOLATED)
       PIN :   view/U736/B0     3.00           3.19          -0.19  (VIOLATED)
       PIN :   view/U734/B0     3.00           3.19          -0.19  (VIOLATED)
       PIN :   view/U727/A0     3.00           3.19          -0.19  (VIOLATED)
       PIN :   view/U725/B0     3.00           3.19          -0.19  (VIOLATED)
       PIN :   view/U775/Y      3.00           3.19          -0.19  (VIOLATED)
   view/n769                    3.00           3.19          -0.19  (VIOLATED)
       PIN :   view/U858/B0     3.00           3.19          -0.19  (VIOLATED)
       PIN :   view/U856/B0     3.00           3.19          -0.19  (VIOLATED)
       PIN :   view/U852/B0     3.00           3.19          -0.19  (VIOLATED)
       PIN :   view/U848/B0     3.00           3.19          -0.19  (VIOLATED)
       PIN :   view/U836/A0     3.00           3.19          -0.19  (VIOLATED)
       PIN :   view/U834/B0     3.00           3.19          -0.19  (VIOLATED)
       PIN :   view/U825/B0     3.00           3.19          -0.19  (VIOLATED)
       PIN :   view/U823/B0     3.00           3.19          -0.19  (VIOLATED)
       PIN :   view/U820/B0     3.00           3.19          -0.19  (VIOLATED)
       PIN :   view/U818/B0     3.00           3.19          -0.19  (VIOLATED)
       PIN :   view/U811/A0     3.00           3.19          -0.19  (VIOLATED)
       PIN :   view/U809/B0     3.00           3.19          -0.19  (VIOLATED)
       PIN :   view/U859/Y      3.00           3.19          -0.19  (VIOLATED)
   view/n852                    3.00           3.19          -0.19  (VIOLATED)
       PIN :   view/U942/B0     3.00           3.19          -0.19  (VIOLATED)
       PIN :   view/U940/B0     3.00           3.19          -0.19  (VIOLATED)
       PIN :   view/U936/B0     3.00           3.19          -0.19  (VIOLATED)
       PIN :   view/U932/B0     3.00           3.19          -0.19  (VIOLATED)
       PIN :   view/U920/A0     3.00           3.19          -0.19  (VIOLATED)
       PIN :   view/U918/B0     3.00           3.19          -0.19  (VIOLATED)
       PIN :   view/U909/B0     3.00           3.19          -0.19  (VIOLATED)
       PIN :   view/U907/B0     3.00           3.19          -0.19  (VIOLATED)
       PIN :   view/U904/B0     3.00           3.19          -0.19  (VIOLATED)
       PIN :   view/U902/B0     3.00           3.19          -0.19  (VIOLATED)
       PIN :   view/U895/A0     3.00           3.19          -0.19  (VIOLATED)
       PIN :   view/U893/B0     3.00           3.19          -0.19  (VIOLATED)
       PIN :   view/U943/Y      3.00           3.19          -0.19  (VIOLATED)
   view/n935                    3.00           3.19          -0.19  (VIOLATED)
       PIN :   view/U1026/B0
                                3.00           3.19          -0.19  (VIOLATED)
       PIN :   view/U1024/B0
                                3.00           3.19          -0.19  (VIOLATED)
       PIN :   view/U1020/B0
                                3.00           3.19          -0.19  (VIOLATED)
       PIN :   view/U1016/B0
                                3.00           3.19          -0.19  (VIOLATED)
       PIN :   view/U1004/A0
                                3.00           3.19          -0.19  (VIOLATED)
       PIN :   view/U1002/B0
                                3.00           3.19          -0.19  (VIOLATED)
       PIN :   view/U993/B0     3.00           3.19          -0.19  (VIOLATED)
       PIN :   view/U991/B0     3.00           3.19          -0.19  (VIOLATED)
       PIN :   view/U988/B0     3.00           3.19          -0.19  (VIOLATED)
       PIN :   view/U986/B0     3.00           3.19          -0.19  (VIOLATED)
       PIN :   view/U979/A0     3.00           3.19          -0.19  (VIOLATED)
       PIN :   view/U977/B0     3.00           3.19          -0.19  (VIOLATED)
       PIN :   view/U1027/Y     3.00           3.19          -0.19  (VIOLATED)
   view/n1101                   3.00           3.19          -0.19  (VIOLATED)
       PIN :   view/U1194/B0
                                3.00           3.19          -0.19  (VIOLATED)
       PIN :   view/U1192/B0
                                3.00           3.19          -0.19  (VIOLATED)
       PIN :   view/U1188/B0
                                3.00           3.19          -0.19  (VIOLATED)
       PIN :   view/U1184/B0
                                3.00           3.19          -0.19  (VIOLATED)
       PIN :   view/U1172/A0
                                3.00           3.19          -0.19  (VIOLATED)
       PIN :   view/U1170/B0
                                3.00           3.19          -0.19  (VIOLATED)
       PIN :   view/U1161/B0
                                3.00           3.19          -0.19  (VIOLATED)
       PIN :   view/U1159/B0
                                3.00           3.19          -0.19  (VIOLATED)
       PIN :   view/U1156/B0
                                3.00           3.19          -0.19  (VIOLATED)
       PIN :   view/U1154/B0
                                3.00           3.19          -0.19  (VIOLATED)
       PIN :   view/U1147/A0
                                3.00           3.19          -0.19  (VIOLATED)
       PIN :   view/U1145/B0
                                3.00           3.19          -0.19  (VIOLATED)
       PIN :   view/U1195/Y     3.00           3.19          -0.19  (VIOLATED)
   view/n1184                   3.00           3.19          -0.19  (VIOLATED)
       PIN :   view/U1278/B0
                                3.00           3.19          -0.19  (VIOLATED)
       PIN :   view/U1276/B0
                                3.00           3.19          -0.19  (VIOLATED)
       PIN :   view/U1272/B0
                                3.00           3.19          -0.19  (VIOLATED)
       PIN :   view/U1268/B0
                                3.00           3.19          -0.19  (VIOLATED)
       PIN :   view/U1256/A0
                                3.00           3.19          -0.19  (VIOLATED)
       PIN :   view/U1254/B0
                                3.00           3.19          -0.19  (VIOLATED)
       PIN :   view/U1245/B0
                                3.00           3.19          -0.19  (VIOLATED)
       PIN :   view/U1243/B0
                                3.00           3.19          -0.19  (VIOLATED)
       PIN :   view/U1240/B0
                                3.00           3.19          -0.19  (VIOLATED)
       PIN :   view/U1238/B0
                                3.00           3.19          -0.19  (VIOLATED)
       PIN :   view/U1231/A0
                                3.00           3.19          -0.19  (VIOLATED)
       PIN :   view/U1229/B0
                                3.00           3.19          -0.19  (VIOLATED)
       PIN :   view/U1279/Y     3.00           3.19          -0.19  (VIOLATED)
   view/n1267                   3.00           3.19          -0.19  (VIOLATED)
       PIN :   view/U1362/B0
                                3.00           3.19          -0.19  (VIOLATED)
       PIN :   view/U1360/B0
                                3.00           3.19          -0.19  (VIOLATED)
       PIN :   view/U1356/B0
                                3.00           3.19          -0.19  (VIOLATED)
       PIN :   view/U1352/B0
                                3.00           3.19          -0.19  (VIOLATED)
       PIN :   view/U1340/A0
                                3.00           3.19          -0.19  (VIOLATED)
       PIN :   view/U1338/B0
                                3.00           3.19          -0.19  (VIOLATED)
       PIN :   view/U1329/B0
                                3.00           3.19          -0.19  (VIOLATED)
       PIN :   view/U1327/B0
                                3.00           3.19          -0.19  (VIOLATED)
       PIN :   view/U1324/B0
                                3.00           3.19          -0.19  (VIOLATED)
       PIN :   view/U1322/B0
                                3.00           3.19          -0.19  (VIOLATED)
       PIN :   view/U1315/A0
                                3.00           3.19          -0.19  (VIOLATED)
       PIN :   view/U1313/B0
                                3.00           3.19          -0.19  (VIOLATED)
       PIN :   view/U1363/Y     3.00           3.19          -0.19  (VIOLATED)
   view/n1350                   3.00           3.19          -0.19  (VIOLATED)
       PIN :   view/U1484/B0
                                3.00           3.19          -0.19  (VIOLATED)
       PIN :   view/U1480/B0
                                3.00           3.19          -0.19  (VIOLATED)
       PIN :   view/U1474/B0
                                3.00           3.19          -0.19  (VIOLATED)
       PIN :   view/U1468/B0
                                3.00           3.19          -0.19  (VIOLATED)
       PIN :   view/U1450/A0
                                3.00           3.19          -0.19  (VIOLATED)
       PIN :   view/U1443/B0
                                3.00           3.19          -0.19  (VIOLATED)
       PIN :   view/U1430/B0
                                3.00           3.19          -0.19  (VIOLATED)
       PIN :   view/U1426/B0
                                3.00           3.19          -0.19  (VIOLATED)
       PIN :   view/U1421/B0
                                3.00           3.19          -0.19  (VIOLATED)
       PIN :   view/U1417/B0
                                3.00           3.19          -0.19  (VIOLATED)
       PIN :   view/U1404/A0
                                3.00           3.19          -0.19  (VIOLATED)
       PIN :   view/U1397/B0
                                3.00           3.19          -0.19  (VIOLATED)
       PIN :   view/U1485/Y     3.00           3.19          -0.19  (VIOLATED)
   view/n1018                   3.00           3.19          -0.19  (VIOLATED)
       PIN :   view/U1110/B0
                                3.00           3.19          -0.19  (VIOLATED)
       PIN :   view/U1108/B0
                                3.00           3.19          -0.19  (VIOLATED)
       PIN :   view/U1104/B0
                                3.00           3.19          -0.19  (VIOLATED)
       PIN :   view/U1100/B0
                                3.00           3.19          -0.19  (VIOLATED)
       PIN :   view/U1088/A2
                                3.00           3.19          -0.19  (VIOLATED)
       PIN :   view/U1086/B0
                                3.00           3.19          -0.19  (VIOLATED)
       PIN :   view/U1077/B0
                                3.00           3.19          -0.19  (VIOLATED)
       PIN :   view/U1075/B0
                                3.00           3.19          -0.19  (VIOLATED)
       PIN :   view/U1072/B0
                                3.00           3.19          -0.19  (VIOLATED)
       PIN :   view/U1070/B0
                                3.00           3.19          -0.19  (VIOLATED)
       PIN :   view/U1063/A2
                                3.00           3.19          -0.19  (VIOLATED)
       PIN :   view/U1061/B0
                                3.00           3.19          -0.19  (VIOLATED)
       PIN :   view/U1111/Y     3.00           3.19          -0.19  (VIOLATED)
   view/n323                    3.00           3.18          -0.18  (VIOLATED)
       PIN :   view/U2128/A     3.00           3.18          -0.18  (VIOLATED)
       PIN :   view/U2116/B     3.00           3.18          -0.18  (VIOLATED)
       PIN :   view/U1506/C     3.00           3.18          -0.18  (VIOLATED)
       PIN :   view/U1500/A     3.00           3.18          -0.18  (VIOLATED)
       PIN :   view/U1376/A     3.00           3.18          -0.18  (VIOLATED)
       PIN :   view/U1292/A     3.00           3.18          -0.18  (VIOLATED)
       PIN :   view/U1208/A     3.00           3.18          -0.18  (VIOLATED)
       PIN :   view/U1129/A     3.00           3.18          -0.18  (VIOLATED)
       PIN :   view/U1040/A     3.00           3.18          -0.18  (VIOLATED)
       PIN :   view/U956/A      3.00           3.18          -0.18  (VIOLATED)
       PIN :   view/U872/A      3.00           3.18          -0.18  (VIOLATED)
       PIN :   view/U788/A      3.00           3.18          -0.18  (VIOLATED)
       PIN :   view/U704/A      3.00           3.18          -0.18  (VIOLATED)
       PIN :   view/U620/A      3.00           3.18          -0.18  (VIOLATED)
       PIN :   view/U536/A      3.00           3.18          -0.18  (VIOLATED)
       PIN :   view/U452/A      3.00           3.18          -0.18  (VIOLATED)
       PIN :   view/U368/A      3.00           3.18          -0.18  (VIOLATED)
       PIN :   view/U2129/Y     3.00           3.18          -0.18  (VIOLATED)
   analyzer/n72                 3.00           3.18          -0.18  (VIOLATED)
       PIN :   analyzer/U6048/A
                                3.00           3.18          -0.18  (VIOLATED)
       PIN :   analyzer/U6029/B
                                3.00           3.18          -0.18  (VIOLATED)
       PIN :   analyzer/U5901/B
                                3.00           3.18          -0.18  (VIOLATED)
       PIN :   analyzer/U5744/A0
                                3.00           3.18          -0.18  (VIOLATED)
       PIN :   analyzer/U5603/B
                                3.00           3.18          -0.18  (VIOLATED)
       PIN :   analyzer/U5602/A0
                                3.00           3.18          -0.18  (VIOLATED)
       PIN :   analyzer/U5597/A0
                                3.00           3.18          -0.18  (VIOLATED)
       PIN :   analyzer/U5595/A0
                                3.00           3.18          -0.18  (VIOLATED)
       PIN :   analyzer/U5593/A0
                                3.00           3.18          -0.18  (VIOLATED)
       PIN :   analyzer/U5589/A0
                                3.00           3.18          -0.18  (VIOLATED)
       PIN :   analyzer/U5587/A0
                                3.00           3.18          -0.18  (VIOLATED)
       PIN :   analyzer/U5585/A0
                                3.00           3.18          -0.18  (VIOLATED)
       PIN :   analyzer/U5582/A0
                                3.00           3.18          -0.18  (VIOLATED)
       PIN :   analyzer/U5580/A0
                                3.00           3.18          -0.18  (VIOLATED)
       PIN :   analyzer/U5578/A0
                                3.00           3.18          -0.18  (VIOLATED)
       PIN :   analyzer/U999/B0
                                3.00           3.18          -0.18  (VIOLATED)
       PIN :   analyzer/U770/B
                                3.00           3.18          -0.18  (VIOLATED)
       PIN :   analyzer/U24/C0
                                3.00           3.18          -0.18  (VIOLATED)
       PIN :   analyzer/U6049/Y
                                3.00           3.18          -0.18  (VIOLATED)
   analyzer/n1065               3.00           3.17          -0.17  (VIOLATED)
       PIN :   analyzer/U2717/AN
                                3.00           3.17          -0.17  (VIOLATED)
       PIN :   analyzer/U2532/A0
                                3.00           3.17          -0.17  (VIOLATED)
       PIN :   analyzer/U2529/A0
                                3.00           3.17          -0.17  (VIOLATED)
       PIN :   analyzer/U2526/A0
                                3.00           3.17          -0.17  (VIOLATED)
       PIN :   analyzer/U2523/A0
                                3.00           3.17          -0.17  (VIOLATED)
       PIN :   analyzer/U2521/A0
                                3.00           3.17          -0.17  (VIOLATED)
       PIN :   analyzer/U2519/A0
                                3.00           3.17          -0.17  (VIOLATED)
       PIN :   analyzer/U2517/A0
                                3.00           3.17          -0.17  (VIOLATED)
       PIN :   analyzer/U2513/A0
                                3.00           3.17          -0.17  (VIOLATED)
       PIN :   analyzer/U2510/A0
                                3.00           3.17          -0.17  (VIOLATED)
       PIN :   analyzer/U2507/A0
                                3.00           3.17          -0.17  (VIOLATED)
       PIN :   analyzer/U517/B
                                3.00           3.17          -0.17  (VIOLATED)
       PIN :   analyzer/U2721/Y
                                3.00           3.17          -0.17  (VIOLATED)
   view_hybrid_rows[129]        3.00           3.11          -0.11  (VIOLATED)
       PIN :   analyzer/U1220/A1
                                3.00           3.11          -0.11  (VIOLATED)
       PIN :   analyzer/U1268/A1
                                3.00           3.11          -0.11  (VIOLATED)
       PIN :   analyzer/U1302/A1
                                3.00           3.11          -0.11  (VIOLATED)
       PIN :   analyzer/U1336/A1
                                3.00           3.11          -0.11  (VIOLATED)
       PIN :   analyzer/U1375/A1
                                3.00           3.11          -0.11  (VIOLATED)
       PIN :   analyzer/U1668/B
                                3.00           3.11          -0.11  (VIOLATED)
       PIN :   analyzer/U1690/B
                                3.00           3.11          -0.11  (VIOLATED)
       PIN :   analyzer/U1719/A
                                3.00           3.11          -0.11  (VIOLATED)
       PIN :   analyzer/U1757/B
                                3.00           3.11          -0.11  (VIOLATED)
       PIN :   analyzer/U1806/B
                                3.00           3.11          -0.11  (VIOLATED)
       PIN :   view/U1620/Y     3.00           3.11          -0.11  (VIOLATED)
   view_hybrid_rows[120]        3.00           3.09          -0.09  (VIOLATED)
       PIN :   analyzer/U1229/A1
                                3.00           3.09          -0.09  (VIOLATED)
       PIN :   analyzer/U1275/A1
                                3.00           3.09          -0.09  (VIOLATED)
       PIN :   analyzer/U1312/A1
                                3.00           3.09          -0.09  (VIOLATED)
       PIN :   analyzer/U1349/A1
                                3.00           3.09          -0.09  (VIOLATED)
       PIN :   analyzer/U1373/A1
                                3.00           3.09          -0.09  (VIOLATED)
       PIN :   analyzer/U1663/B
                                3.00           3.09          -0.09  (VIOLATED)
       PIN :   analyzer/U1692/B
                                3.00           3.09          -0.09  (VIOLATED)
       PIN :   analyzer/U1721/A
                                3.00           3.09          -0.09  (VIOLATED)
       PIN :   analyzer/U1761/A
                                3.00           3.09          -0.09  (VIOLATED)
       PIN :   analyzer/U1812/A
                                3.00           3.09          -0.09  (VIOLATED)
       PIN :   view/U1629/Y     3.00           3.09          -0.09  (VIOLATED)
   view_hybrid_rows[121]        3.00           3.09          -0.09  (VIOLATED)
       PIN :   analyzer/U1218/A1
                                3.00           3.09          -0.09  (VIOLATED)
       PIN :   analyzer/U1270/A1
                                3.00           3.09          -0.09  (VIOLATED)
       PIN :   analyzer/U1300/A1
                                3.00           3.09          -0.09  (VIOLATED)
       PIN :   analyzer/U1343/A1
                                3.00           3.09          -0.09  (VIOLATED)
       PIN :   analyzer/U1371/A1
                                3.00           3.09          -0.09  (VIOLATED)
       PIN :   analyzer/U1666/B
                                3.00           3.09          -0.09  (VIOLATED)
       PIN :   analyzer/U1694/B
                                3.00           3.09          -0.09  (VIOLATED)
       PIN :   analyzer/U1723/A
                                3.00           3.09          -0.09  (VIOLATED)
       PIN :   analyzer/U1759/A
                                3.00           3.09          -0.09  (VIOLATED)
       PIN :   analyzer/U1810/A
                                3.00           3.09          -0.09  (VIOLATED)
       PIN :   view/U1628/Y     3.00           3.09          -0.09  (VIOLATED)
   view_hybrid_rows[126]        3.00           3.09          -0.09  (VIOLATED)
       PIN :   analyzer/U1232/A1
                                3.00           3.09          -0.09  (VIOLATED)
       PIN :   analyzer/U1279/A1
                                3.00           3.09          -0.09  (VIOLATED)
       PIN :   analyzer/U1289/A1
                                3.00           3.09          -0.09  (VIOLATED)
       PIN :   analyzer/U1316/A1
                                3.00           3.09          -0.09  (VIOLATED)
       PIN :   analyzer/U1346/A1
                                3.00           3.09          -0.09  (VIOLATED)
       PIN :   analyzer/U1646/B
                                3.00           3.09          -0.09  (VIOLATED)
       PIN :   analyzer/U1708/B
                                3.00           3.09          -0.09  (VIOLATED)
       PIN :   analyzer/U1737/A
                                3.00           3.09          -0.09  (VIOLATED)
       PIN :   analyzer/U1768/A
                                3.00           3.09          -0.09  (VIOLATED)
       PIN :   analyzer/U1799/A
                                3.00           3.09          -0.09  (VIOLATED)
       PIN :   view/U1623/Y     3.00           3.09          -0.09  (VIOLATED)
   view_hybrid_rows[125]        3.00           3.07          -0.07  (VIOLATED)
       PIN :   analyzer/U1223/A1
                                3.00           3.07          -0.07  (VIOLATED)
       PIN :   analyzer/U1281/A1
                                3.00           3.07          -0.07  (VIOLATED)
       PIN :   analyzer/U1318/A1
                                3.00           3.07          -0.07  (VIOLATED)
       PIN :   analyzer/U1358/A1
                                3.00           3.07          -0.07  (VIOLATED)
       PIN :   analyzer/U1380/A1
                                3.00           3.07          -0.07  (VIOLATED)
       PIN :   analyzer/U1661/B
                                3.00           3.07          -0.07  (VIOLATED)
       PIN :   analyzer/U1699/A
                                3.00           3.07          -0.07  (VIOLATED)
       PIN :   analyzer/U1731/A
                                3.00           3.07          -0.07  (VIOLATED)
       PIN :   analyzer/U1766/A
                                3.00           3.07          -0.07  (VIOLATED)
       PIN :   analyzer/U1797/A
                                3.00           3.07          -0.07  (VIOLATED)
       PIN :   view/U1624/Y     3.00           3.07          -0.07  (VIOLATED)
   view_hybrid_rows[127]        3.00           3.06          -0.06  (VIOLATED)
       PIN :   analyzer/U1238/A1
                                3.00           3.06          -0.06  (VIOLATED)
       PIN :   analyzer/U1265/A1
                                3.00           3.06          -0.06  (VIOLATED)
       PIN :   analyzer/U1287/A1
                                3.00           3.06          -0.06  (VIOLATED)
       PIN :   analyzer/U1309/A1
                                3.00           3.06          -0.06  (VIOLATED)
       PIN :   analyzer/U1329/A1
                                3.00           3.06          -0.06  (VIOLATED)
       PIN :   analyzer/U1648/B
                                3.00           3.06          -0.06  (VIOLATED)
       PIN :   analyzer/U1710/B
                                3.00           3.06          -0.06  (VIOLATED)
       PIN :   analyzer/U1734/A
                                3.00           3.06          -0.06  (VIOLATED)
       PIN :   analyzer/U1772/A
                                3.00           3.06          -0.06  (VIOLATED)
       PIN :   analyzer/U1789/B
                                3.00           3.06          -0.06  (VIOLATED)
       PIN :   view/U1622/Y     3.00           3.06          -0.06  (VIOLATED)
   view_hybrid_cols[126]        3.00           3.06          -0.06  (VIOLATED)
       PIN :   analyzer/U1067/A1
                                3.00           3.06          -0.06  (VIOLATED)
       PIN :   analyzer/U1104/A1
                                3.00           3.06          -0.06  (VIOLATED)
       PIN :   analyzer/U1137/A1
                                3.00           3.06          -0.06  (VIOLATED)
       PIN :   analyzer/U1171/A1
                                3.00           3.06          -0.06  (VIOLATED)
       PIN :   analyzer/U1185/A1
                                3.00           3.06          -0.06  (VIOLATED)
       PIN :   analyzer/U1497/A
                                3.00           3.06          -0.06  (VIOLATED)
       PIN :   analyzer/U1532/A
                                3.00           3.06          -0.06  (VIOLATED)
       PIN :   analyzer/U1571/A
                                3.00           3.06          -0.06  (VIOLATED)
       PIN :   analyzer/U1606/A
                                3.00           3.06          -0.06  (VIOLATED)
       PIN :   analyzer/U1622/A
                                3.00           3.06          -0.06  (VIOLATED)
       PIN :   view/U1983/Y     3.00           3.06          -0.06  (VIOLATED)
   view_hybrid_valid[5]         3.00           3.05          -0.05  (VIOLATED)
       PIN :   analyzer/U88/B0
                                3.00           3.05          -0.05  (VIOLATED)
       PIN :   analyzer/U470/A
                                3.00           3.05          -0.05  (VIOLATED)
       PIN :   analyzer/U610/A
                                3.00           3.05          -0.05  (VIOLATED)
       PIN :   analyzer/U750/B0
                                3.00           3.05          -0.05  (VIOLATED)
       PIN :   analyzer/U831/A
                                3.00           3.05          -0.05  (VIOLATED)
       PIN :   analyzer/U1029/B0
                                3.00           3.05          -0.05  (VIOLATED)
       PIN :   analyzer/U1032/A
                                3.00           3.05          -0.05  (VIOLATED)
       PIN :   analyzer/U1445/B0
                                3.00           3.05          -0.05  (VIOLATED)
       PIN :   analyzer/U3803/S0
                                3.00           3.05          -0.05  (VIOLATED)
       PIN :   analyzer/U3847/B
                                3.00           3.05          -0.05  (VIOLATED)
       PIN :   analyzer/U3871/B
                                3.00           3.05          -0.05  (VIOLATED)
       PIN :   analyzer/U3944/S0
                                3.00           3.05          -0.05  (VIOLATED)
       PIN :   analyzer/U4002/B
                                3.00           3.05          -0.05  (VIOLATED)
       PIN :   analyzer/U4006/S0
                                3.00           3.05          -0.05  (VIOLATED)
       PIN :   analyzer/U4035/B
                                3.00           3.05          -0.05  (VIOLATED)
       PIN :   analyzer/U4056/A
                                3.00           3.05          -0.05  (VIOLATED)
       PIN :   analyzer/U4067/S0
                                3.00           3.05          -0.05  (VIOLATED)
       PIN :   view/U628/Y      3.00           3.05          -0.05  (VIOLATED)
   view_hybrid_cols[103]        3.00           3.05          -0.05  (VIOLATED)
       PIN :   analyzer/U1870/B0
                                3.00           3.05          -0.05  (VIOLATED)
       PIN :   analyzer/U2075/B0
                                3.00           3.05          -0.05  (VIOLATED)
       PIN :   analyzer/U2097/B0
                                3.00           3.05          -0.05  (VIOLATED)
       PIN :   analyzer/U2152/B0
                                3.00           3.05          -0.05  (VIOLATED)
       PIN :   analyzer/U2181/B0
                                3.00           3.05          -0.05  (VIOLATED)
       PIN :   analyzer/U2240/B
                                3.00           3.05          -0.05  (VIOLATED)
       PIN :   analyzer/U2268/A
                                3.00           3.05          -0.05  (VIOLATED)
       PIN :   analyzer/U2291/A
                                3.00           3.05          -0.05  (VIOLATED)
       PIN :   analyzer/U2322/A
                                3.00           3.05          -0.05  (VIOLATED)
       PIN :   analyzer/U2365/B
                                3.00           3.05          -0.05  (VIOLATED)
       PIN :   view/U2058/Y     3.00           3.05          -0.05  (VIOLATED)
   view_hybrid_cols[109]        3.00           3.05          -0.05  (VIOLATED)
       PIN :   analyzer/U1879/B0
                                3.00           3.05          -0.05  (VIOLATED)
       PIN :   analyzer/U2062/B0
                                3.00           3.05          -0.05  (VIOLATED)
       PIN :   analyzer/U2103/B0
                                3.00           3.05          -0.05  (VIOLATED)
       PIN :   analyzer/U2154/B0
                                3.00           3.05          -0.05  (VIOLATED)
       PIN :   analyzer/U2184/B0
                                3.00           3.05          -0.05  (VIOLATED)
       PIN :   analyzer/U2249/B
                                3.00           3.05          -0.05  (VIOLATED)
       PIN :   analyzer/U2270/A
                                3.00           3.05          -0.05  (VIOLATED)
       PIN :   analyzer/U2280/A
                                3.00           3.05          -0.05  (VIOLATED)
       PIN :   analyzer/U2328/A
                                3.00           3.05          -0.05  (VIOLATED)
       PIN :   analyzer/U2367/B
                                3.00           3.05          -0.05  (VIOLATED)
       PIN :   view/U2040/Y     3.00           3.05          -0.05  (VIOLATED)
   view_hybrid_rows[107]        3.00           3.05          -0.05  (VIOLATED)
       PIN :   analyzer/U1889/B0
                                3.00           3.05          -0.05  (VIOLATED)
       PIN :   analyzer/U1917/B0
                                3.00           3.05          -0.05  (VIOLATED)
       PIN :   analyzer/U1963/B0
                                3.00           3.05          -0.05  (VIOLATED)
       PIN :   analyzer/U2016/B0
                                3.00           3.05          -0.05  (VIOLATED)
       PIN :   analyzer/U2017/B0
                                3.00           3.05          -0.05  (VIOLATED)
       PIN :   analyzer/U2387/B
                                3.00           3.05          -0.05  (VIOLATED)
       PIN :   analyzer/U2414/B
                                3.00           3.05          -0.05  (VIOLATED)
       PIN :   analyzer/U2458/A
                                3.00           3.05          -0.05  (VIOLATED)
       PIN :   analyzer/U2468/A
                                3.00           3.05          -0.05  (VIOLATED)
       PIN :   analyzer/U2490/A
                                3.00           3.05          -0.05  (VIOLATED)
       PIN :   view/U1644/Y     3.00           3.05          -0.05  (VIOLATED)
   view_hybrid_cols[127]        3.00           3.04          -0.04  (VIOLATED)
       PIN :   analyzer/U1069/A1
                                3.00           3.04          -0.04  (VIOLATED)
       PIN :   analyzer/U1095/A1
                                3.00           3.04          -0.04  (VIOLATED)
       PIN :   analyzer/U1139/A1
                                3.00           3.04          -0.04  (VIOLATED)
       PIN :   analyzer/U1203/B0
                                3.00           3.04          -0.04  (VIOLATED)
       PIN :   analyzer/U1206/B0
                                3.00           3.04          -0.04  (VIOLATED)
       PIN :   analyzer/U1499/A
                                3.00           3.04          -0.04  (VIOLATED)
       PIN :   analyzer/U1527/A
                                3.00           3.04          -0.04  (VIOLATED)
       PIN :   analyzer/U1573/A
                                3.00           3.04          -0.04  (VIOLATED)
       PIN :   analyzer/U1580/A
                                3.00           3.04          -0.04  (VIOLATED)
       PIN :   analyzer/U1602/A
                                3.00           3.04          -0.04  (VIOLATED)
       PIN :   view/U1980/Y     3.00           3.04          -0.04  (VIOLATED)
   view_hybrid_rows[100]        3.00           3.03          -0.03  (VIOLATED)
       PIN :   analyzer/U1905/B0
                                3.00           3.03          -0.03  (VIOLATED)
       PIN :   analyzer/U1937/B0
                                3.00           3.03          -0.03  (VIOLATED)
       PIN :   analyzer/U1943/B0
                                3.00           3.03          -0.03  (VIOLATED)
       PIN :   analyzer/U1979/B0
                                3.00           3.03          -0.03  (VIOLATED)
       PIN :   analyzer/U2031/B0
                                3.00           3.03          -0.03  (VIOLATED)
       PIN :   analyzer/U2402/B
                                3.00           3.03          -0.03  (VIOLATED)
       PIN :   analyzer/U2434/A
                                3.00           3.03          -0.03  (VIOLATED)
       PIN :   analyzer/U2440/A
                                3.00           3.03          -0.03  (VIOLATED)
       PIN :   analyzer/U2477/A
                                3.00           3.03          -0.03  (VIOLATED)
       PIN :   analyzer/U2522/A
                                3.00           3.03          -0.03  (VIOLATED)
       PIN :   view/U1651/Y     3.00           3.03          -0.03  (VIOLATED)
   view_hybrid_rows[101]        3.00           3.03          -0.03  (VIOLATED)
       PIN :   analyzer/U1908/B0
                                3.00           3.03          -0.03  (VIOLATED)
       PIN :   analyzer/U1935/B0
                                3.00           3.03          -0.03  (VIOLATED)
       PIN :   analyzer/U1945/B0
                                3.00           3.03          -0.03  (VIOLATED)
       PIN :   analyzer/U1982/B0
                                3.00           3.03          -0.03  (VIOLATED)
       PIN :   analyzer/U2029/B0
                                3.00           3.03          -0.03  (VIOLATED)
       PIN :   analyzer/U2405/B
                                3.00           3.03          -0.03  (VIOLATED)
       PIN :   analyzer/U2432/A
                                3.00           3.03          -0.03  (VIOLATED)
       PIN :   analyzer/U2442/A
                                3.00           3.03          -0.03  (VIOLATED)
       PIN :   analyzer/U2479/A
                                3.00           3.03          -0.03  (VIOLATED)
       PIN :   analyzer/U2520/A
                                3.00           3.03          -0.03  (VIOLATED)
       PIN :   view/U1650/Y     3.00           3.03          -0.03  (VIOLATED)
   view_hybrid_cols[106]        3.00           3.03          -0.03  (VIOLATED)
       PIN :   analyzer/U1863/B0
                                3.00           3.03          -0.03  (VIOLATED)
       PIN :   analyzer/U2084/B0
                                3.00           3.03          -0.03  (VIOLATED)
       PIN :   analyzer/U2110/B0
                                3.00           3.03          -0.03  (VIOLATED)
       PIN :   analyzer/U2146/B0
                                3.00           3.03          -0.03  (VIOLATED)
       PIN :   analyzer/U2171/B0
                                3.00           3.03          -0.03  (VIOLATED)
       PIN :   analyzer/U2233/B
                                3.00           3.03          -0.03  (VIOLATED)
       PIN :   analyzer/U2261/A
                                3.00           3.03          -0.03  (VIOLATED)
       PIN :   analyzer/U2309/A
                                3.00           3.03          -0.03  (VIOLATED)
       PIN :   analyzer/U2336/A
                                3.00           3.03          -0.03  (VIOLATED)
       PIN :   analyzer/U2358/A
                                3.00           3.03          -0.03  (VIOLATED)
       PIN :   view/U2049/Y     3.00           3.03          -0.03  (VIOLATED)
   view_hybrid_cols[123]        3.00           3.01          -0.01  (VIOLATED)
       PIN :   analyzer/U1079/A1
                                3.00           3.01          -0.01  (VIOLATED)
       PIN :   analyzer/U1107/A1
                                3.00           3.01          -0.01  (VIOLATED)
       PIN :   analyzer/U1130/A1
                                3.00           3.01          -0.01  (VIOLATED)
       PIN :   analyzer/U1159/A1
                                3.00           3.01          -0.01  (VIOLATED)
       PIN :   analyzer/U1194/A1
                                3.00           3.01          -0.01  (VIOLATED)
       PIN :   analyzer/U1510/A
                                3.00           3.01          -0.01  (VIOLATED)
       PIN :   analyzer/U1539/A
                                3.00           3.01          -0.01  (VIOLATED)
       PIN :   analyzer/U1565/A
                                3.00           3.01          -0.01  (VIOLATED)
       PIN :   analyzer/U1591/A
                                3.00           3.01          -0.01  (VIOLATED)
       PIN :   analyzer/U1629/A
                                3.00           3.01          -0.01  (VIOLATED)
       PIN :   view/U1992/Y     3.00           3.01          -0.01  (VIOLATED)
   view_hybrid_cols[129]        3.00           3.01          -0.01  (VIOLATED)
       PIN :   analyzer/U1088/A1
                                3.00           3.01          -0.01  (VIOLATED)
       PIN :   analyzer/U1109/A1
                                3.00           3.01          -0.01  (VIOLATED)
       PIN :   analyzer/U1119/A1
                                3.00           3.01          -0.01  (VIOLATED)
       PIN :   analyzer/U1150/A1
                                3.00           3.01          -0.01  (VIOLATED)
       PIN :   analyzer/U1197/A1
                                3.00           3.01          -0.01  (VIOLATED)
       PIN :   analyzer/U1519/A
                                3.00           3.01          -0.01  (VIOLATED)
       PIN :   analyzer/U1541/A
                                3.00           3.01          -0.01  (VIOLATED)
       PIN :   analyzer/U1552/A
                                3.00           3.01          -0.01  (VIOLATED)
       PIN :   analyzer/U1599/A
                                3.00           3.01          -0.01  (VIOLATED)
       PIN :   analyzer/U1631/A
                                3.00           3.01          -0.01  (VIOLATED)
       PIN :   view/U1974/Y     3.00           3.01          -0.01  (VIOLATED)
   view_hybrid_rows[103]        3.00           3.01          -0.01  (VIOLATED)
       PIN :   analyzer/U1901/B0
                                3.00           3.01          -0.01  (VIOLATED)
       PIN :   analyzer/U1929/B0
                                3.00           3.01          -0.01  (VIOLATED)
       PIN :   analyzer/U1952/A0N
                                3.00           3.01          -0.01  (VIOLATED)
       PIN :   analyzer/U1992/B0
                                3.00           3.01          -0.01  (VIOLATED)
       PIN :   analyzer/U2024/B0
                                3.00           3.01          -0.01  (VIOLATED)
       PIN :   analyzer/U2398/B
                                3.00           3.01          -0.01  (VIOLATED)
       PIN :   analyzer/U2426/B
                                3.00           3.01          -0.01  (VIOLATED)
       PIN :   analyzer/U2449/A
                                3.00           3.01          -0.01  (VIOLATED)
       PIN :   analyzer/U2486/A
                                3.00           3.01          -0.01  (VIOLATED)
       PIN :   analyzer/U2516/B
                                3.00           3.01          -0.01  (VIOLATED)
       PIN :   view/U1648/Y     3.00           3.01          -0.01  (VIOLATED)
   view_hybrid_valid[6]         3.00           3.01          -0.01  (VIOLATED)
       PIN :   analyzer/U36/A0
                                3.00           3.01          -0.01  (VIOLATED)
       PIN :   analyzer/U468/A
                                3.00           3.01          -0.01  (VIOLATED)
       PIN :   analyzer/U618/A1
                                3.00           3.01          -0.01  (VIOLATED)
       PIN :   analyzer/U743/B0
                                3.00           3.01          -0.01  (VIOLATED)
       PIN :   analyzer/U819/A
                                3.00           3.01          -0.01  (VIOLATED)
       PIN :   analyzer/U978/B
                                3.00           3.01          -0.01  (VIOLATED)
       PIN :   analyzer/U1010/A
                                3.00           3.01          -0.01  (VIOLATED)
       PIN :   analyzer/U3384/C0
                                3.00           3.01          -0.01  (VIOLATED)
       PIN :   analyzer/U3414/B
                                3.00           3.01          -0.01  (VIOLATED)
       PIN :   analyzer/U3486/B
                                3.00           3.01          -0.01  (VIOLATED)
       PIN :   analyzer/U3489/A
                                3.00           3.01          -0.01  (VIOLATED)
       PIN :   analyzer/U3542/A1
                                3.00           3.01          -0.01  (VIOLATED)
       PIN :   analyzer/U3546/S0
                                3.00           3.01          -0.01  (VIOLATED)
       PIN :   analyzer/U3554/S0
                                3.00           3.01          -0.01  (VIOLATED)
       PIN :   analyzer/U3701/S0
                                3.00           3.01          -0.01  (VIOLATED)
       PIN :   analyzer/U3707/B
                                3.00           3.01          -0.01  (VIOLATED)
       PIN :   analyzer/U3711/S0
                                3.00           3.01          -0.01  (VIOLATED)
       PIN :   view/U544/Y      3.00           3.01          -0.01  (VIOLATED)

   -----------------------------------------------------------------
   Total                      96               -109.79  

   max_fanout

                             Required        Actual
   Net                        Fanout         Fanout          Slack
   -----------------------------------------------------------------
   view/n320                   10.00          42.00         -32.00  (VIOLATED)
   analyzer/n1267              10.00          38.00         -28.00  (VIOLATED)
   analyzer/n1556              10.00          36.00         -26.00  (VIOLATED)
   analyzer/n1560              10.00          31.00         -21.00  (VIOLATED)
   view/n85                    10.00          31.00         -21.00  (VIOLATED)
   view/n77                    10.00          30.00         -20.00  (VIOLATED)
   view/n74                    10.00          29.00         -19.00  (VIOLATED)
   view/n75                    10.00          29.00         -19.00  (VIOLATED)
   view/n76                    10.00          29.00         -19.00  (VIOLATED)
   view/n78                    10.00          29.00         -19.00  (VIOLATED)
   view/n79                    10.00          29.00         -19.00  (VIOLATED)
   view/n80                    10.00          29.00         -19.00  (VIOLATED)
   view/n324                   10.00          29.00         -19.00  (VIOLATED)
   analyzer/n1266              10.00          24.00         -14.00  (VIOLATED)
   view_pivot_valid[0]         10.00          22.00         -12.00  (VIOLATED)
   analyzer/n5072              10.00          21.00         -11.00  (VIOLATED)
   active_cfg[1]               10.00          20.00         -10.00  (VIOLATED)
   analyzer/n72                10.00          18.00          -8.00  (VIOLATED)
   view_hybrid_valid[4]        10.00          18.00          -8.00  (VIOLATED)
   analyzer/n1997              10.00          17.00          -7.00  (VIOLATED)
   view/n272                   10.00          17.00          -7.00  (VIOLATED)
   view/n317                   10.00          17.00          -7.00  (VIOLATED)
   view/n323                   10.00          17.00          -7.00  (VIOLATED)
   view_hybrid_valid[5]        10.00          17.00          -7.00  (VIOLATED)
   view_hybrid_valid[6]        10.00          17.00          -7.00  (VIOLATED)
   view_hybrid_valid[9]        10.00          16.00          -6.00  (VIOLATED)
   view_hybrid_valid[10]       10.00          16.00          -6.00  (VIOLATED)
   analyzer/n1753              10.00          15.00          -5.00  (VIOLATED)
   analyzer/n2994              10.00          15.00          -5.00  (VIOLATED)
   analyzer/n4069              10.00          15.00          -5.00  (VIOLATED)
   col_must_reg[3]             10.00          15.00          -5.00  (VIOLATED)
   col_must_reg[6]             10.00          15.00          -5.00  (VIOLATED)
   col_must_reg[7]             10.00          15.00          -5.00  (VIOLATED)
   col_must_reg[10]            10.00          15.00          -5.00  (VIOLATED)
   col_must_reg[14]            10.00          15.00          -5.00  (VIOLATED)
   col_must_reg[16]            10.00          15.00          -5.00  (VIOLATED)
   col_must_reg[17]            10.00          15.00          -5.00  (VIOLATED)
   col_must_reg[18]            10.00          15.00          -5.00  (VIOLATED)
   col_must_reg[19]            10.00          15.00          -5.00  (VIOLATED)
   col_must_reg[20]            10.00          15.00          -5.00  (VIOLATED)
   col_must_reg[21]            10.00          15.00          -5.00  (VIOLATED)
   col_must_reg[22]            10.00          15.00          -5.00  (VIOLATED)
   col_must_reg[23]            10.00          15.00          -5.00  (VIOLATED)
   col_must_reg[32]            10.00          15.00          -5.00  (VIOLATED)
   col_must_reg[33]            10.00          15.00          -5.00  (VIOLATED)
   col_must_reg[34]            10.00          15.00          -5.00  (VIOLATED)
   row_must_reg[3]             10.00          15.00          -5.00  (VIOLATED)
   row_must_reg[6]             10.00          15.00          -5.00  (VIOLATED)
   row_must_reg[7]             10.00          15.00          -5.00  (VIOLATED)
   row_must_reg[10]            10.00          15.00          -5.00  (VIOLATED)
   row_must_reg[14]            10.00          15.00          -5.00  (VIOLATED)
   row_must_reg[16]            10.00          15.00          -5.00  (VIOLATED)
   row_must_reg[17]            10.00          15.00          -5.00  (VIOLATED)
   row_must_reg[18]            10.00          15.00          -5.00  (VIOLATED)
   row_must_reg[19]            10.00          15.00          -5.00  (VIOLATED)
   row_must_reg[20]            10.00          15.00          -5.00  (VIOLATED)
   row_must_reg[21]            10.00          15.00          -5.00  (VIOLATED)
   row_must_reg[22]            10.00          15.00          -5.00  (VIOLATED)
   row_must_reg[23]            10.00          15.00          -5.00  (VIOLATED)
   row_must_reg[32]            10.00          15.00          -5.00  (VIOLATED)
   row_must_reg[33]            10.00          15.00          -5.00  (VIOLATED)
   row_must_reg[34]            10.00          15.00          -5.00  (VIOLATED)
   view/n222                   10.00          15.00          -5.00  (VIOLATED)
   view/n224                   10.00          15.00          -5.00  (VIOLATED)
   view/n350                   10.00          15.00          -5.00  (VIOLATED)
   view/n351                   10.00          15.00          -5.00  (VIOLATED)
   view/n433                   10.00          15.00          -5.00  (VIOLATED)
   view/n434                   10.00          15.00          -5.00  (VIOLATED)
   view/n516                   10.00          15.00          -5.00  (VIOLATED)
   view/n517                   10.00          15.00          -5.00  (VIOLATED)
   view/n599                   10.00          15.00          -5.00  (VIOLATED)
   view/n600                   10.00          15.00          -5.00  (VIOLATED)
   view/n682                   10.00          15.00          -5.00  (VIOLATED)
   view/n683                   10.00          15.00          -5.00  (VIOLATED)
   view/n765                   10.00          15.00          -5.00  (VIOLATED)
   view/n766                   10.00          15.00          -5.00  (VIOLATED)
   view/n848                   10.00          15.00          -5.00  (VIOLATED)
   view/n849                   10.00          15.00          -5.00  (VIOLATED)
   view/n931                   10.00          15.00          -5.00  (VIOLATED)
   view/n932                   10.00          15.00          -5.00  (VIOLATED)
   view/n1014                  10.00          15.00          -5.00  (VIOLATED)
   view/n1015                  10.00          15.00          -5.00  (VIOLATED)
   view/n1097                  10.00          15.00          -5.00  (VIOLATED)
   view/n1098                  10.00          15.00          -5.00  (VIOLATED)
   view/n1180                  10.00          15.00          -5.00  (VIOLATED)
   view/n1181                  10.00          15.00          -5.00  (VIOLATED)
   view/n1263                  10.00          15.00          -5.00  (VIOLATED)
   view/n1264                  10.00          15.00          -5.00  (VIOLATED)
   view/n1346                  10.00          15.00          -5.00  (VIOLATED)
   view/n1347                  10.00          15.00          -5.00  (VIOLATED)
   analyzer/n328               10.00          14.00          -4.00  (VIOLATED)
   analyzer/n330               10.00          14.00          -4.00  (VIOLATED)
   analyzer/n473               10.00          14.00          -4.00  (VIOLATED)
   analyzer/n474               10.00          14.00          -4.00  (VIOLATED)
   analyzer/n478               10.00          14.00          -4.00  (VIOLATED)
   analyzer/n540               10.00          14.00          -4.00  (VIOLATED)
   analyzer/n1208              10.00          14.00          -4.00  (VIOLATED)
   analyzer/n1248              10.00          14.00          -4.00  (VIOLATED)
   analyzer/n1381              10.00          14.00          -4.00  (VIOLATED)
   analyzer/n1402              10.00          14.00          -4.00  (VIOLATED)
   analyzer/n1693              10.00          14.00          -4.00  (VIOLATED)
   analyzer/n2054              10.00          14.00          -4.00  (VIOLATED)
   view/n221                   10.00          14.00          -4.00  (VIOLATED)
   view/n223                   10.00          14.00          -4.00  (VIOLATED)
   view/n228                   10.00          14.00          -4.00  (VIOLATED)
   view/n229                   10.00          14.00          -4.00  (VIOLATED)
   view/n230                   10.00          14.00          -4.00  (VIOLATED)
   view/n235                   10.00          14.00          -4.00  (VIOLATED)
   view/n236                   10.00          14.00          -4.00  (VIOLATED)
   view/n237                   10.00          14.00          -4.00  (VIOLATED)
   view/n238                   10.00          14.00          -4.00  (VIOLATED)
   view/n239                   10.00          14.00          -4.00  (VIOLATED)
   view/n241                   10.00          14.00          -4.00  (VIOLATED)
   view/n249                   10.00          14.00          -4.00  (VIOLATED)
   view/n250                   10.00          14.00          -4.00  (VIOLATED)
   view/n252                   10.00          14.00          -4.00  (VIOLATED)
   view/n253                   10.00          14.00          -4.00  (VIOLATED)
   view/n258                   10.00          14.00          -4.00  (VIOLATED)
   view/n259                   10.00          14.00          -4.00  (VIOLATED)
   view/n261                   10.00          14.00          -4.00  (VIOLATED)
   view/n262                   10.00          14.00          -4.00  (VIOLATED)
   view/n271                   10.00          14.00          -4.00  (VIOLATED)
   view/n273                   10.00          14.00          -4.00  (VIOLATED)
   view/n280                   10.00          14.00          -4.00  (VIOLATED)
   view/n281                   10.00          14.00          -4.00  (VIOLATED)
   view/n283                   10.00          14.00          -4.00  (VIOLATED)
   view/n284                   10.00          14.00          -4.00  (VIOLATED)
   view/n285                   10.00          14.00          -4.00  (VIOLATED)
   view/n288                   10.00          14.00          -4.00  (VIOLATED)
   view/n289                   10.00          14.00          -4.00  (VIOLATED)
   view/n290                   10.00          14.00          -4.00  (VIOLATED)
   view/n291                   10.00          14.00          -4.00  (VIOLATED)
   view/n292                   10.00          14.00          -4.00  (VIOLATED)
   view/n293                   10.00          14.00          -4.00  (VIOLATED)
   view/n298                   10.00          14.00          -4.00  (VIOLATED)
   view/n299                   10.00          14.00          -4.00  (VIOLATED)
   view/n302                   10.00          14.00          -4.00  (VIOLATED)
   view/n303                   10.00          14.00          -4.00  (VIOLATED)
   view/n307                   10.00          14.00          -4.00  (VIOLATED)
   view/n308                   10.00          14.00          -4.00  (VIOLATED)
   view/n310                   10.00          14.00          -4.00  (VIOLATED)
   view/n311                   10.00          14.00          -4.00  (VIOLATED)
   view/n325                   10.00          14.00          -4.00  (VIOLATED)
   view_hybrid_valid[1]        10.00          14.00          -4.00  (VIOLATED)
   view_hybrid_valid[2]        10.00          14.00          -4.00  (VIOLATED)
   view_hybrid_valid[3]        10.00          14.00          -4.00  (VIOLATED)
   view_hybrid_valid[7]        10.00          14.00          -4.00  (VIOLATED)
   view_hybrid_valid[12]       10.00          14.00          -4.00  (VIOLATED)
   analyzer/n644               10.00          13.00          -3.00  (VIOLATED)
   analyzer/n800               10.00          13.00          -3.00  (VIOLATED)
   analyzer/n1023              10.00          13.00          -3.00  (VIOLATED)
   analyzer/n1029              10.00          13.00          -3.00  (VIOLATED)
   analyzer/n1063              10.00          13.00          -3.00  (VIOLATED)
   analyzer/n1066              10.00          13.00          -3.00  (VIOLATED)
   analyzer/n1225              10.00          13.00          -3.00  (VIOLATED)
   analyzer/n1337              10.00          13.00          -3.00  (VIOLATED)
   analyzer/n1405              10.00          13.00          -3.00  (VIOLATED)
   analyzer/n1494              10.00          13.00          -3.00  (VIOLATED)
   analyzer/n1504              10.00          13.00          -3.00  (VIOLATED)
   analyzer/n1512              10.00          13.00          -3.00  (VIOLATED)
   analyzer/n1535              10.00          13.00          -3.00  (VIOLATED)
   analyzer/n1539              10.00          13.00          -3.00  (VIOLATED)
   analyzer/n1541              10.00          13.00          -3.00  (VIOLATED)
   analyzer/n1986              10.00          13.00          -3.00  (VIOLATED)
   analyzer/n1988              10.00          13.00          -3.00  (VIOLATED)
   analyzer/n1989              10.00          13.00          -3.00  (VIOLATED)
   analyzer/n3184              10.00          13.00          -3.00  (VIOLATED)
   analyzer/n3224              10.00          13.00          -3.00  (VIOLATED)
   analyzer/n3397              10.00          13.00          -3.00  (VIOLATED)
   view/n226                   10.00          13.00          -3.00  (VIOLATED)
   view/n353                   10.00          13.00          -3.00  (VIOLATED)
   view/n436                   10.00          13.00          -3.00  (VIOLATED)
   view/n519                   10.00          13.00          -3.00  (VIOLATED)
   view/n602                   10.00          13.00          -3.00  (VIOLATED)
   view/n685                   10.00          13.00          -3.00  (VIOLATED)
   view/n768                   10.00          13.00          -3.00  (VIOLATED)
   view/n851                   10.00          13.00          -3.00  (VIOLATED)
   view/n934                   10.00          13.00          -3.00  (VIOLATED)
   view/n1017                  10.00          13.00          -3.00  (VIOLATED)
   view/n1100                  10.00          13.00          -3.00  (VIOLATED)
   view/n1183                  10.00          13.00          -3.00  (VIOLATED)
   view/n1266                  10.00          13.00          -3.00  (VIOLATED)
   view/n1349                  10.00          13.00          -3.00  (VIOLATED)
   view_hybrid_valid[8]        10.00          13.00          -3.00  (VIOLATED)
   analyzer/n162               10.00          12.00          -2.00  (VIOLATED)
   analyzer/n561               10.00          12.00          -2.00  (VIOLATED)
   analyzer/n610               10.00          12.00          -2.00  (VIOLATED)
   analyzer/n688               10.00          12.00          -2.00  (VIOLATED)
   analyzer/n703               10.00          12.00          -2.00  (VIOLATED)
   analyzer/n710               10.00          12.00          -2.00  (VIOLATED)
   analyzer/n717               10.00          12.00          -2.00  (VIOLATED)
   analyzer/n724               10.00          12.00          -2.00  (VIOLATED)
   analyzer/n965               10.00          12.00          -2.00  (VIOLATED)
   analyzer/n994               10.00          12.00          -2.00  (VIOLATED)
   analyzer/n1062              10.00          12.00          -2.00  (VIOLATED)
   analyzer/n1065              10.00          12.00          -2.00  (VIOLATED)
   analyzer/n1151              10.00          12.00          -2.00  (VIOLATED)
   analyzer/n1156              10.00          12.00          -2.00  (VIOLATED)
   analyzer/n1166              10.00          12.00          -2.00  (VIOLATED)
   analyzer/n1176              10.00          12.00          -2.00  (VIOLATED)
   analyzer/n1179              10.00          12.00          -2.00  (VIOLATED)
   analyzer/n1222              10.00          12.00          -2.00  (VIOLATED)
   analyzer/n1226              10.00          12.00          -2.00  (VIOLATED)
   analyzer/n1376              10.00          12.00          -2.00  (VIOLATED)
   analyzer/n1425              10.00          12.00          -2.00  (VIOLATED)
   analyzer/n1427              10.00          12.00          -2.00  (VIOLATED)
   analyzer/n1439              10.00          12.00          -2.00  (VIOLATED)
   analyzer/n1614              10.00          12.00          -2.00  (VIOLATED)
   analyzer/n2000              10.00          12.00          -2.00  (VIOLATED)
   analyzer/n2018              10.00          12.00          -2.00  (VIOLATED)
   analyzer/n2057              10.00          12.00          -2.00  (VIOLATED)
   analyzer/n2112              10.00          12.00          -2.00  (VIOLATED)
   analyzer/n2303              10.00          12.00          -2.00  (VIOLATED)
   analyzer/n2407              10.00          12.00          -2.00  (VIOLATED)
   analyzer/n2723              10.00          12.00          -2.00  (VIOLATED)
   analyzer/n2846              10.00          12.00          -2.00  (VIOLATED)
   analyzer/n2866              10.00          12.00          -2.00  (VIOLATED)
   analyzer/n3053              10.00          12.00          -2.00  (VIOLATED)
   analyzer/n3065              10.00          12.00          -2.00  (VIOLATED)
   analyzer/n3088              10.00          12.00          -2.00  (VIOLATED)
   analyzer/n3098              10.00          12.00          -2.00  (VIOLATED)
   analyzer/n3226              10.00          12.00          -2.00  (VIOLATED)
   analyzer/n3459              10.00          12.00          -2.00  (VIOLATED)
   analyzer/n3720              10.00          12.00          -2.00  (VIOLATED)
   analyzer/n3932              10.00          12.00          -2.00  (VIOLATED)
   analyzer/n4702              10.00          12.00          -2.00  (VIOLATED)
   analyzer/n4744              10.00          12.00          -2.00  (VIOLATED)
   analyzer/n4862              10.00          12.00          -2.00  (VIOLATED)
   n79                         10.00          12.00          -2.00  (VIOLATED)
   n80                         10.00          12.00          -2.00  (VIOLATED)
   n81                         10.00          12.00          -2.00  (VIOLATED)
   n82                         10.00          12.00          -2.00  (VIOLATED)
   n83                         10.00          12.00          -2.00  (VIOLATED)
   n84                         10.00          12.00          -2.00  (VIOLATED)
   n85                         10.00          12.00          -2.00  (VIOLATED)
   n86                         10.00          12.00          -2.00  (VIOLATED)
   n87                         10.00          12.00          -2.00  (VIOLATED)
   n88                         10.00          12.00          -2.00  (VIOLATED)
   n89                         10.00          12.00          -2.00  (VIOLATED)
   n90                         10.00          12.00          -2.00  (VIOLATED)
   n91                         10.00          12.00          -2.00  (VIOLATED)
   n92                         10.00          12.00          -2.00  (VIOLATED)
   n93                         10.00          12.00          -2.00  (VIOLATED)
   n94                         10.00          12.00          -2.00  (VIOLATED)
   n95                         10.00          12.00          -2.00  (VIOLATED)
   n96                         10.00          12.00          -2.00  (VIOLATED)
   n97                         10.00          12.00          -2.00  (VIOLATED)
   n98                         10.00          12.00          -2.00  (VIOLATED)
   n99                         10.00          12.00          -2.00  (VIOLATED)
   n100                        10.00          12.00          -2.00  (VIOLATED)
   n101                        10.00          12.00          -2.00  (VIOLATED)
   n102                        10.00          12.00          -2.00  (VIOLATED)
   n103                        10.00          12.00          -2.00  (VIOLATED)
   n104                        10.00          12.00          -2.00  (VIOLATED)
   n105                        10.00          12.00          -2.00  (VIOLATED)
   n106                        10.00          12.00          -2.00  (VIOLATED)
   n107                        10.00          12.00          -2.00  (VIOLATED)
   n108                        10.00          12.00          -2.00  (VIOLATED)
   n109                        10.00          12.00          -2.00  (VIOLATED)
   n110                        10.00          12.00          -2.00  (VIOLATED)
   n111                        10.00          12.00          -2.00  (VIOLATED)
   n112                        10.00          12.00          -2.00  (VIOLATED)
   n113                        10.00          12.00          -2.00  (VIOLATED)
   n114                        10.00          12.00          -2.00  (VIOLATED)
   n115                        10.00          12.00          -2.00  (VIOLATED)
   n116                        10.00          12.00          -2.00  (VIOLATED)
   n117                        10.00          12.00          -2.00  (VIOLATED)
   n118                        10.00          12.00          -2.00  (VIOLATED)
   n119                        10.00          12.00          -2.00  (VIOLATED)
   n120                        10.00          12.00          -2.00  (VIOLATED)
   n121                        10.00          12.00          -2.00  (VIOLATED)
   n122                        10.00          12.00          -2.00  (VIOLATED)
   n123                        10.00          12.00          -2.00  (VIOLATED)
   n124                        10.00          12.00          -2.00  (VIOLATED)
   n125                        10.00          12.00          -2.00  (VIOLATED)
   n126                        10.00          12.00          -2.00  (VIOLATED)
   n127                        10.00          12.00          -2.00  (VIOLATED)
   n128                        10.00          12.00          -2.00  (VIOLATED)
   n129                        10.00          12.00          -2.00  (VIOLATED)
   n130                        10.00          12.00          -2.00  (VIOLATED)
   n131                        10.00          12.00          -2.00  (VIOLATED)
   n132                        10.00          12.00          -2.00  (VIOLATED)
   n167                        10.00          12.00          -2.00  (VIOLATED)
   n168                        10.00          12.00          -2.00  (VIOLATED)
   n169                        10.00          12.00          -2.00  (VIOLATED)
   n170                        10.00          12.00          -2.00  (VIOLATED)
   n171                        10.00          12.00          -2.00  (VIOLATED)
   n172                        10.00          12.00          -2.00  (VIOLATED)
   n173                        10.00          12.00          -2.00  (VIOLATED)
   n174                        10.00          12.00          -2.00  (VIOLATED)
   n175                        10.00          12.00          -2.00  (VIOLATED)
   n176                        10.00          12.00          -2.00  (VIOLATED)
   n177                        10.00          12.00          -2.00  (VIOLATED)
   n178                        10.00          12.00          -2.00  (VIOLATED)
   n179                        10.00          12.00          -2.00  (VIOLATED)
   n180                        10.00          12.00          -2.00  (VIOLATED)
   n181                        10.00          12.00          -2.00  (VIOLATED)
   n182                        10.00          12.00          -2.00  (VIOLATED)
   n183                        10.00          12.00          -2.00  (VIOLATED)
   n184                        10.00          12.00          -2.00  (VIOLATED)
   n185                        10.00          12.00          -2.00  (VIOLATED)
   n186                        10.00          12.00          -2.00  (VIOLATED)
   n187                        10.00          12.00          -2.00  (VIOLATED)
   n188                        10.00          12.00          -2.00  (VIOLATED)
   n189                        10.00          12.00          -2.00  (VIOLATED)
   n190                        10.00          12.00          -2.00  (VIOLATED)
   n191                        10.00          12.00          -2.00  (VIOLATED)
   n192                        10.00          12.00          -2.00  (VIOLATED)
   n193                        10.00          12.00          -2.00  (VIOLATED)
   n194                        10.00          12.00          -2.00  (VIOLATED)
   n195                        10.00          12.00          -2.00  (VIOLATED)
   n196                        10.00          12.00          -2.00  (VIOLATED)
   n197                        10.00          12.00          -2.00  (VIOLATED)
   n198                        10.00          12.00          -2.00  (VIOLATED)
   n199                        10.00          12.00          -2.00  (VIOLATED)
   n200                        10.00          12.00          -2.00  (VIOLATED)
   n201                        10.00          12.00          -2.00  (VIOLATED)
   n202                        10.00          12.00          -2.00  (VIOLATED)
   n203                        10.00          12.00          -2.00  (VIOLATED)
   n204                        10.00          12.00          -2.00  (VIOLATED)
   n205                        10.00          12.00          -2.00  (VIOLATED)
   n206                        10.00          12.00          -2.00  (VIOLATED)
   n207                        10.00          12.00          -2.00  (VIOLATED)
   n208                        10.00          12.00          -2.00  (VIOLATED)
   n209                        10.00          12.00          -2.00  (VIOLATED)
   n210                        10.00          12.00          -2.00  (VIOLATED)
   n211                        10.00          12.00          -2.00  (VIOLATED)
   n212                        10.00          12.00          -2.00  (VIOLATED)
   n213                        10.00          12.00          -2.00  (VIOLATED)
   n214                        10.00          12.00          -2.00  (VIOLATED)
   n215                        10.00          12.00          -2.00  (VIOLATED)
   n216                        10.00          12.00          -2.00  (VIOLATED)
   n217                        10.00          12.00          -2.00  (VIOLATED)
   n218                        10.00          12.00          -2.00  (VIOLATED)
   n219                        10.00          12.00          -2.00  (VIOLATED)
   n220                        10.00          12.00          -2.00  (VIOLATED)
   n328                        10.00          12.00          -2.00  (VIOLATED)
   view/n1                     10.00          12.00          -2.00  (VIOLATED)
   view/n2                     10.00          12.00          -2.00  (VIOLATED)
   view/n3                     10.00          12.00          -2.00  (VIOLATED)
   view/n4                     10.00          12.00          -2.00  (VIOLATED)
   view/n5                     10.00          12.00          -2.00  (VIOLATED)
   view/n6                     10.00          12.00          -2.00  (VIOLATED)
   view/n7                     10.00          12.00          -2.00  (VIOLATED)
   view/n8                     10.00          12.00          -2.00  (VIOLATED)
   view/n9                     10.00          12.00          -2.00  (VIOLATED)
   view/n10                    10.00          12.00          -2.00  (VIOLATED)
   view/n11                    10.00          12.00          -2.00  (VIOLATED)
   view/n12                    10.00          12.00          -2.00  (VIOLATED)
   view/n13                    10.00          12.00          -2.00  (VIOLATED)
   view/n14                    10.00          12.00          -2.00  (VIOLATED)
   view/n15                    10.00          12.00          -2.00  (VIOLATED)
   view/n16                    10.00          12.00          -2.00  (VIOLATED)
   view/n17                    10.00          12.00          -2.00  (VIOLATED)
   view/n18                    10.00          12.00          -2.00  (VIOLATED)
   view/n19                    10.00          12.00          -2.00  (VIOLATED)
   view/n20                    10.00          12.00          -2.00  (VIOLATED)
   view/n21                    10.00          12.00          -2.00  (VIOLATED)
   view/n22                    10.00          12.00          -2.00  (VIOLATED)
   view/n23                    10.00          12.00          -2.00  (VIOLATED)
   view/n24                    10.00          12.00          -2.00  (VIOLATED)
   view/n25                    10.00          12.00          -2.00  (VIOLATED)
   view/n26                    10.00          12.00          -2.00  (VIOLATED)
   view/n27                    10.00          12.00          -2.00  (VIOLATED)
   view/n28                    10.00          12.00          -2.00  (VIOLATED)
   view/n29                    10.00          12.00          -2.00  (VIOLATED)
   view/n30                    10.00          12.00          -2.00  (VIOLATED)
   view/n31                    10.00          12.00          -2.00  (VIOLATED)
   view/n32                    10.00          12.00          -2.00  (VIOLATED)
   view/n227                   10.00          12.00          -2.00  (VIOLATED)
   view/n354                   10.00          12.00          -2.00  (VIOLATED)
   view/n437                   10.00          12.00          -2.00  (VIOLATED)
   view/n520                   10.00          12.00          -2.00  (VIOLATED)
   view/n603                   10.00          12.00          -2.00  (VIOLATED)
   view/n686                   10.00          12.00          -2.00  (VIOLATED)
   view/n769                   10.00          12.00          -2.00  (VIOLATED)
   view/n852                   10.00          12.00          -2.00  (VIOLATED)
   view/n935                   10.00          12.00          -2.00  (VIOLATED)
   view/n1018                  10.00          12.00          -2.00  (VIOLATED)
   view/n1101                  10.00          12.00          -2.00  (VIOLATED)
   view/n1184                  10.00          12.00          -2.00  (VIOLATED)
   view/n1267                  10.00          12.00          -2.00  (VIOLATED)
   view/n1350                  10.00          12.00          -2.00  (VIOLATED)
   analyzer/n23                10.00          11.00          -1.00  (VIOLATED)
   analyzer/n160               10.00          11.00          -1.00  (VIOLATED)
   analyzer/n632               10.00          11.00          -1.00  (VIOLATED)
   analyzer/n635               10.00          11.00          -1.00  (VIOLATED)
   analyzer/n673               10.00          11.00          -1.00  (VIOLATED)
   analyzer/n682               10.00          11.00          -1.00  (VIOLATED)
   analyzer/n807               10.00          11.00          -1.00  (VIOLATED)
   analyzer/n847               10.00          11.00          -1.00  (VIOLATED)
   analyzer/n1031              10.00          11.00          -1.00  (VIOLATED)
   analyzer/n1154              10.00          11.00          -1.00  (VIOLATED)
   analyzer/n1183              10.00          11.00          -1.00  (VIOLATED)
   analyzer/n1186              10.00          11.00          -1.00  (VIOLATED)
   analyzer/n1204              10.00          11.00          -1.00  (VIOLATED)
   analyzer/n1213              10.00          11.00          -1.00  (VIOLATED)
   analyzer/n1214              10.00          11.00          -1.00  (VIOLATED)
   analyzer/n1215              10.00          11.00          -1.00  (VIOLATED)
   analyzer/n1241              10.00          11.00          -1.00  (VIOLATED)
   analyzer/n1422              10.00          11.00          -1.00  (VIOLATED)
   analyzer/n1571              10.00          11.00          -1.00  (VIOLATED)
   analyzer/n1766              10.00          11.00          -1.00  (VIOLATED)
   analyzer/n1822              10.00          11.00          -1.00  (VIOLATED)
   analyzer/n1858              10.00          11.00          -1.00  (VIOLATED)
   analyzer/n1911              10.00          11.00          -1.00  (VIOLATED)
   analyzer/n1913              10.00          11.00          -1.00  (VIOLATED)
   analyzer/n2025              10.00          11.00          -1.00  (VIOLATED)
   analyzer/n2175              10.00          11.00          -1.00  (VIOLATED)
   analyzer/n2195              10.00          11.00          -1.00  (VIOLATED)
   analyzer/n2362              10.00          11.00          -1.00  (VIOLATED)
   analyzer/n2481              10.00          11.00          -1.00  (VIOLATED)
   analyzer/n2628              10.00          11.00          -1.00  (VIOLATED)
   analyzer/n2652              10.00          11.00          -1.00  (VIOLATED)
   analyzer/n2683              10.00          11.00          -1.00  (VIOLATED)
   analyzer/n2685              10.00          11.00          -1.00  (VIOLATED)
   analyzer/n2782              10.00          11.00          -1.00  (VIOLATED)
   analyzer/n2784              10.00          11.00          -1.00  (VIOLATED)
   analyzer/n2810              10.00          11.00          -1.00  (VIOLATED)
   analyzer/n2934              10.00          11.00          -1.00  (VIOLATED)
   analyzer/n3077              10.00          11.00          -1.00  (VIOLATED)
   analyzer/n3160              10.00          11.00          -1.00  (VIOLATED)
   analyzer/n3335              10.00          11.00          -1.00  (VIOLATED)
   analyzer/n3337              10.00          11.00          -1.00  (VIOLATED)
   analyzer/n3554              10.00          11.00          -1.00  (VIOLATED)
   analyzer/n3557              10.00          11.00          -1.00  (VIOLATED)
   analyzer/n3591              10.00          11.00          -1.00  (VIOLATED)
   analyzer/n3778              10.00          11.00          -1.00  (VIOLATED)
   analyzer/n3859              10.00          11.00          -1.00  (VIOLATED)
   analyzer/n4001              10.00          11.00          -1.00  (VIOLATED)
   analyzer/n4002              10.00          11.00          -1.00  (VIOLATED)
   analyzer/n4129              10.00          11.00          -1.00  (VIOLATED)
   analyzer/n4131              10.00          11.00          -1.00  (VIOLATED)
   analyzer/n4270              10.00          11.00          -1.00  (VIOLATED)
   analyzer/n4272              10.00          11.00          -1.00  (VIOLATED)
   analyzer/n4459              10.00          11.00          -1.00  (VIOLATED)
   analyzer/n4612              10.00          11.00          -1.00  (VIOLATED)
   analyzer/n4614              10.00          11.00          -1.00  (VIOLATED)
   analyzer/n4756              10.00          11.00          -1.00  (VIOLATED)
   analyzer/n4776              10.00          11.00          -1.00  (VIOLATED)
   analyzer/n4929              10.00          11.00          -1.00  (VIOLATED)
   analyzer/n5085              10.00          11.00          -1.00  (VIOLATED)
   analyzer/n5088              10.00          11.00          -1.00  (VIOLATED)
   analyzer/n5176              10.00          11.00          -1.00  (VIOLATED)
   analyzer/n5270              10.00          11.00          -1.00  (VIOLATED)
   analyzer/n5434              10.00          11.00          -1.00  (VIOLATED)
   analyzer/n5748              10.00          11.00          -1.00  (VIOLATED)
   view_hybrid_valid[11]       10.00          11.00          -1.00  (VIOLATED)

   -----------------------------------------------------------------
   Total                      448             -1516.00  

   max_capacitance

                             Required        Actual
   Net                      Capacitance    Capacitance       Slack
   -----------------------------------------------------------------
   view/n320                    0.15           0.63          -0.48  (VIOLATED)
   analyzer/n1267               0.15           0.51          -0.36  (VIOLATED)
   analyzer/n1556               0.15           0.50          -0.35  (VIOLATED)
   view/n85                     0.15           0.45          -0.30  (VIOLATED)
   view/n324                    0.15           0.44          -0.29  (VIOLATED)
   analyzer/n1560               0.15           0.44          -0.29  (VIOLATED)
   view/n77                     0.15           0.43          -0.28  (VIOLATED)
   view/n76                     0.15           0.43          -0.28  (VIOLATED)
   view/n74                     0.15           0.42          -0.27  (VIOLATED)
   view/n78                     0.15           0.42          -0.27  (VIOLATED)
   view/n80                     0.15           0.42          -0.27  (VIOLATED)
   view/n75                     0.15           0.42          -0.27  (VIOLATED)
   view/n79                     0.15           0.42          -0.27  (VIOLATED)
   analyzer/n1266               0.15           0.35          -0.20  (VIOLATED)
   view_pivot_valid[0]          0.15           0.31          -0.16  (VIOLATED)
   analyzer/n5072               0.15           0.28          -0.13  (VIOLATED)
   view/n317                    0.15           0.27          -0.12  (VIOLATED)
   active_cfg[1]                0.15           0.27          -0.12  (VIOLATED)
   view_hybrid_valid[4]         0.15           0.26          -0.11  (VIOLATED)
   view/n323                    0.15           0.26          -0.11  (VIOLATED)
   analyzer/n72                 0.15           0.26          -0.11  (VIOLATED)
   view_hybrid_valid[5]         0.15           0.25          -0.10  (VIOLATED)
   view_hybrid_valid[6]         0.15           0.25          -0.10  (VIOLATED)
   analyzer/n1997               0.15           0.24          -0.09  (VIOLATED)
   view_hybrid_valid[9]         0.15           0.24          -0.09  (VIOLATED)
   view_hybrid_valid[10]        0.15           0.23          -0.08  (VIOLATED)
   view/n272                    0.15           0.23          -0.08  (VIOLATED)
   col_must_reg[6]              0.15           0.23          -0.08  (VIOLATED)
   row_must_reg[6]              0.15           0.23          -0.08  (VIOLATED)
   col_must_reg[33]             0.15           0.23          -0.08  (VIOLATED)
   row_must_reg[33]             0.15           0.23          -0.08  (VIOLATED)
   col_must_reg[34]             0.15           0.22          -0.07  (VIOLATED)
   row_must_reg[34]             0.15           0.22          -0.07  (VIOLATED)
   col_must_reg[10]             0.15           0.22          -0.07  (VIOLATED)
   row_must_reg[10]             0.15           0.22          -0.07  (VIOLATED)
   col_must_reg[14]             0.15           0.22          -0.07  (VIOLATED)
   row_must_reg[14]             0.15           0.22          -0.07  (VIOLATED)
   col_must_reg[32]             0.15           0.22          -0.07  (VIOLATED)
   row_must_reg[32]             0.15           0.22          -0.07  (VIOLATED)
   col_must_reg[7]              0.15           0.22          -0.07  (VIOLATED)
   col_must_reg[20]             0.15           0.22          -0.07  (VIOLATED)
   col_must_reg[21]             0.15           0.22          -0.07  (VIOLATED)
   col_must_reg[22]             0.15           0.22          -0.07  (VIOLATED)
   col_must_reg[23]             0.15           0.22          -0.07  (VIOLATED)
   row_must_reg[7]              0.15           0.22          -0.07  (VIOLATED)
   row_must_reg[20]             0.15           0.22          -0.07  (VIOLATED)
   row_must_reg[21]             0.15           0.22          -0.07  (VIOLATED)
   row_must_reg[22]             0.15           0.22          -0.07  (VIOLATED)
   row_must_reg[23]             0.15           0.22          -0.07  (VIOLATED)
   col_must_reg[3]              0.15           0.22          -0.07  (VIOLATED)
   row_must_reg[3]              0.15           0.22          -0.07  (VIOLATED)
   col_must_reg[16]             0.15           0.22          -0.07  (VIOLATED)
   col_must_reg[17]             0.15           0.22          -0.07  (VIOLATED)
   col_must_reg[18]             0.15           0.22          -0.07  (VIOLATED)
   col_must_reg[19]             0.15           0.22          -0.07  (VIOLATED)
   row_must_reg[16]             0.15           0.22          -0.07  (VIOLATED)
   row_must_reg[17]             0.15           0.22          -0.07  (VIOLATED)
   row_must_reg[18]             0.15           0.22          -0.07  (VIOLATED)
   row_must_reg[19]             0.15           0.22          -0.07  (VIOLATED)
   analyzer/n4069               0.15           0.21          -0.06  (VIOLATED)
   view_hybrid_valid[12]        0.15           0.21          -0.06  (VIOLATED)
   view_hybrid_valid[2]         0.15           0.21          -0.06  (VIOLATED)
   analyzer/n2994               0.15           0.21          -0.06  (VIOLATED)
   view_hybrid_valid[3]         0.15           0.21          -0.06  (VIOLATED)
   view_hybrid_valid[1]         0.15           0.21          -0.06  (VIOLATED)
   analyzer/n328                0.15           0.21          -0.06  (VIOLATED)
   view_hybrid_valid[7]         0.15           0.21          -0.06  (VIOLATED)
   analyzer/n330                0.15           0.20          -0.05  (VIOLATED)
   analyzer/n1753               0.15           0.20          -0.05  (VIOLATED)
   analyzer/n2054               0.15           0.20          -0.05  (VIOLATED)
   analyzer/n540                0.15           0.20          -0.05  (VIOLATED)
   view/n325                    0.15           0.20          -0.05  (VIOLATED)
   view/n222                    0.15           0.20          -0.05  (VIOLATED)
   view/n350                    0.15           0.20          -0.05  (VIOLATED)
   view/n433                    0.15           0.20          -0.05  (VIOLATED)
   view/n516                    0.15           0.20          -0.05  (VIOLATED)
   view/n599                    0.15           0.20          -0.05  (VIOLATED)
   view/n682                    0.15           0.20          -0.05  (VIOLATED)
   view/n765                    0.15           0.20          -0.05  (VIOLATED)
   view/n848                    0.15           0.20          -0.05  (VIOLATED)
   view/n931                    0.15           0.20          -0.05  (VIOLATED)
   view/n1014                   0.15           0.20          -0.05  (VIOLATED)
   view/n1097                   0.15           0.20          -0.05  (VIOLATED)
   view/n1180                   0.15           0.20          -0.05  (VIOLATED)
   view/n1263                   0.15           0.20          -0.05  (VIOLATED)
   view/n1346                   0.15           0.20          -0.05  (VIOLATED)
   analyzer/n1402               0.15           0.20          -0.05  (VIOLATED)
   view/n224                    0.15           0.20          -0.05  (VIOLATED)
   view/n351                    0.15           0.20          -0.05  (VIOLATED)
   view/n434                    0.15           0.20          -0.05  (VIOLATED)
   view/n517                    0.15           0.20          -0.05  (VIOLATED)
   view/n600                    0.15           0.20          -0.05  (VIOLATED)
   view/n683                    0.15           0.20          -0.05  (VIOLATED)
   view/n766                    0.15           0.20          -0.05  (VIOLATED)
   view/n849                    0.15           0.20          -0.05  (VIOLATED)
   view/n932                    0.15           0.20          -0.05  (VIOLATED)
   view/n1015                   0.15           0.20          -0.05  (VIOLATED)
   view/n1098                   0.15           0.20          -0.05  (VIOLATED)
   view/n1181                   0.15           0.20          -0.05  (VIOLATED)
   view/n1264                   0.15           0.20          -0.05  (VIOLATED)
   view/n1347                   0.15           0.20          -0.05  (VIOLATED)
   view/n1                      0.15           0.20          -0.05  (VIOLATED)
   view/n2                      0.15           0.20          -0.05  (VIOLATED)
   view/n3                      0.15           0.20          -0.05  (VIOLATED)
   view/n4                      0.15           0.20          -0.05  (VIOLATED)
   view/n5                      0.15           0.20          -0.05  (VIOLATED)
   view/n6                      0.15           0.20          -0.05  (VIOLATED)
   view/n7                      0.15           0.20          -0.05  (VIOLATED)
   view/n8                      0.15           0.20          -0.05  (VIOLATED)
   view/n9                      0.15           0.20          -0.05  (VIOLATED)
   view/n10                     0.15           0.20          -0.05  (VIOLATED)
   view/n11                     0.15           0.20          -0.05  (VIOLATED)
   view/n12                     0.15           0.20          -0.05  (VIOLATED)
   view/n13                     0.15           0.20          -0.05  (VIOLATED)
   view/n14                     0.15           0.20          -0.05  (VIOLATED)
   view/n15                     0.15           0.20          -0.05  (VIOLATED)
   view/n16                     0.15           0.20          -0.05  (VIOLATED)
   view/n17                     0.15           0.20          -0.05  (VIOLATED)
   view/n18                     0.15           0.20          -0.05  (VIOLATED)
   view/n19                     0.15           0.20          -0.05  (VIOLATED)
   view/n20                     0.15           0.20          -0.05  (VIOLATED)
   view/n21                     0.15           0.20          -0.05  (VIOLATED)
   view/n22                     0.15           0.20          -0.05  (VIOLATED)
   view/n23                     0.15           0.20          -0.05  (VIOLATED)
   view/n24                     0.15           0.20          -0.05  (VIOLATED)
   view/n25                     0.15           0.20          -0.05  (VIOLATED)
   view/n26                     0.15           0.20          -0.05  (VIOLATED)
   view/n27                     0.15           0.20          -0.05  (VIOLATED)
   view/n28                     0.15           0.20          -0.05  (VIOLATED)
   view/n29                     0.15           0.20          -0.05  (VIOLATED)
   view/n30                     0.15           0.20          -0.05  (VIOLATED)
   view/n31                     0.15           0.20          -0.05  (VIOLATED)
   view/n32                     0.15           0.20          -0.05  (VIOLATED)
   analyzer/n1693               0.15           0.20          -0.05  (VIOLATED)
   analyzer/n1208               0.15           0.20          -0.05  (VIOLATED)
   analyzer/n1248               0.15           0.20          -0.05  (VIOLATED)
   analyzer/n1381               0.15           0.20          -0.05  (VIOLATED)
   analyzer/n474                0.15           0.20          -0.05  (VIOLATED)
   analyzer/n473                0.15           0.20          -0.05  (VIOLATED)
   analyzer/n478                0.15           0.20          -0.05  (VIOLATED)
   view/n273                    0.15           0.19          -0.04  (VIOLATED)
   view/n230                    0.15           0.19          -0.04  (VIOLATED)
   view/n237                    0.15           0.19          -0.04  (VIOLATED)
   view/n241                    0.15           0.19          -0.04  (VIOLATED)
   view/n285                    0.15           0.19          -0.04  (VIOLATED)
   view/n290                    0.15           0.19          -0.04  (VIOLATED)
   view/n293                    0.15           0.19          -0.04  (VIOLATED)
   view_hybrid_valid[8]         0.15           0.19          -0.04  (VIOLATED)
   view/n228                    0.15           0.19          -0.04  (VIOLATED)
   view/n235                    0.15           0.19          -0.04  (VIOLATED)
   view/n238                    0.15           0.19          -0.04  (VIOLATED)
   view/n283                    0.15           0.19          -0.04  (VIOLATED)
   view/n288                    0.15           0.19          -0.04  (VIOLATED)
   view/n291                    0.15           0.19          -0.04  (VIOLATED)
   view/n221                    0.15           0.19          -0.04  (VIOLATED)
   view/n249                    0.15           0.19          -0.04  (VIOLATED)
   view/n252                    0.15           0.19          -0.04  (VIOLATED)
   view/n258                    0.15           0.19          -0.04  (VIOLATED)
   view/n261                    0.15           0.19          -0.04  (VIOLATED)
   view/n280                    0.15           0.19          -0.04  (VIOLATED)
   view/n298                    0.15           0.19          -0.04  (VIOLATED)
   view/n302                    0.15           0.19          -0.04  (VIOLATED)
   view/n307                    0.15           0.19          -0.04  (VIOLATED)
   view/n310                    0.15           0.19          -0.04  (VIOLATED)
   view/n226                    0.15           0.19          -0.04  (VIOLATED)
   view/n353                    0.15           0.19          -0.04  (VIOLATED)
   view/n436                    0.15           0.19          -0.04  (VIOLATED)
   view/n519                    0.15           0.19          -0.04  (VIOLATED)
   view/n602                    0.15           0.19          -0.04  (VIOLATED)
   view/n685                    0.15           0.19          -0.04  (VIOLATED)
   view/n768                    0.15           0.19          -0.04  (VIOLATED)
   view/n851                    0.15           0.19          -0.04  (VIOLATED)
   view/n934                    0.15           0.19          -0.04  (VIOLATED)
   view/n1017                   0.15           0.19          -0.04  (VIOLATED)
   view/n1100                   0.15           0.19          -0.04  (VIOLATED)
   view/n1183                   0.15           0.19          -0.04  (VIOLATED)
   view/n1266                   0.15           0.19          -0.04  (VIOLATED)
   view/n1349                   0.15           0.19          -0.04  (VIOLATED)
   view/n229                    0.15           0.19          -0.04  (VIOLATED)
   view/n236                    0.15           0.19          -0.04  (VIOLATED)
   view/n239                    0.15           0.19          -0.04  (VIOLATED)
   view/n284                    0.15           0.19          -0.04  (VIOLATED)
   view/n289                    0.15           0.19          -0.04  (VIOLATED)
   view/n292                    0.15           0.19          -0.04  (VIOLATED)
   view/n223                    0.15           0.19          -0.04  (VIOLATED)
   view/n250                    0.15           0.19          -0.04  (VIOLATED)
   view/n253                    0.15           0.19          -0.04  (VIOLATED)
   view/n259                    0.15           0.19          -0.04  (VIOLATED)
   view/n262                    0.15           0.19          -0.04  (VIOLATED)
   view/n281                    0.15           0.19          -0.04  (VIOLATED)
   view/n299                    0.15           0.19          -0.04  (VIOLATED)
   view/n303                    0.15           0.19          -0.04  (VIOLATED)
   view/n308                    0.15           0.19          -0.04  (VIOLATED)
   view/n311                    0.15           0.19          -0.04  (VIOLATED)
   analyzer/n1225               0.15           0.19          -0.04  (VIOLATED)
   n167                         0.15           0.19          -0.04  (VIOLATED)
   n168                         0.15           0.19          -0.04  (VIOLATED)
   n169                         0.15           0.19          -0.04  (VIOLATED)
   n170                         0.15           0.19          -0.04  (VIOLATED)
   n171                         0.15           0.19          -0.04  (VIOLATED)
   n172                         0.15           0.19          -0.04  (VIOLATED)
   n173                         0.15           0.19          -0.04  (VIOLATED)
   n174                         0.15           0.19          -0.04  (VIOLATED)
   n175                         0.15           0.19          -0.04  (VIOLATED)
   n176                         0.15           0.19          -0.04  (VIOLATED)
   n177                         0.15           0.19          -0.04  (VIOLATED)
   n178                         0.15           0.19          -0.04  (VIOLATED)
   n179                         0.15           0.19          -0.04  (VIOLATED)
   n180                         0.15           0.19          -0.04  (VIOLATED)
   n181                         0.15           0.19          -0.04  (VIOLATED)
   n182                         0.15           0.19          -0.04  (VIOLATED)
   n183                         0.15           0.19          -0.04  (VIOLATED)
   n184                         0.15           0.19          -0.04  (VIOLATED)
   n185                         0.15           0.19          -0.04  (VIOLATED)
   n186                         0.15           0.19          -0.04  (VIOLATED)
   n187                         0.15           0.19          -0.04  (VIOLATED)
   n188                         0.15           0.19          -0.04  (VIOLATED)
   n189                         0.15           0.19          -0.04  (VIOLATED)
   n190                         0.15           0.19          -0.04  (VIOLATED)
   n191                         0.15           0.19          -0.04  (VIOLATED)
   n192                         0.15           0.19          -0.04  (VIOLATED)
   n193                         0.15           0.19          -0.04  (VIOLATED)
   n194                         0.15           0.19          -0.04  (VIOLATED)
   n195                         0.15           0.19          -0.04  (VIOLATED)
   n196                         0.15           0.19          -0.04  (VIOLATED)
   n197                         0.15           0.19          -0.04  (VIOLATED)
   n198                         0.15           0.19          -0.04  (VIOLATED)
   n199                         0.15           0.19          -0.04  (VIOLATED)
   n200                         0.15           0.19          -0.04  (VIOLATED)
   n201                         0.15           0.19          -0.04  (VIOLATED)
   n202                         0.15           0.19          -0.04  (VIOLATED)
   n203                         0.15           0.19          -0.04  (VIOLATED)
   n204                         0.15           0.19          -0.04  (VIOLATED)
   n205                         0.15           0.19          -0.04  (VIOLATED)
   n206                         0.15           0.19          -0.04  (VIOLATED)
   n207                         0.15           0.19          -0.04  (VIOLATED)
   n208                         0.15           0.19          -0.04  (VIOLATED)
   n209                         0.15           0.19          -0.04  (VIOLATED)
   n210                         0.15           0.19          -0.04  (VIOLATED)
   n211                         0.15           0.19          -0.04  (VIOLATED)
   n212                         0.15           0.19          -0.04  (VIOLATED)
   n213                         0.15           0.19          -0.04  (VIOLATED)
   n214                         0.15           0.19          -0.04  (VIOLATED)
   n215                         0.15           0.19          -0.04  (VIOLATED)
   n216                         0.15           0.19          -0.04  (VIOLATED)
   n217                         0.15           0.19          -0.04  (VIOLATED)
   n218                         0.15           0.19          -0.04  (VIOLATED)
   n219                         0.15           0.19          -0.04  (VIOLATED)
   n220                         0.15           0.19          -0.04  (VIOLATED)
   analyzer/n1989               0.15           0.19          -0.04  (VIOLATED)
   analyzer/n1337               0.15           0.19          -0.04  (VIOLATED)
   analyzer/n1988               0.15           0.19          -0.04  (VIOLATED)
   analyzer/n1512               0.15           0.19          -0.04  (VIOLATED)
   analyzer/n1063               0.15           0.19          -0.04  (VIOLATED)
   analyzer/n1539               0.15           0.19          -0.04  (VIOLATED)
   analyzer/n3224               0.15           0.19          -0.04  (VIOLATED)
   analyzer/n644                0.15           0.19          -0.04  (VIOLATED)
   analyzer/n1541               0.15           0.19          -0.04  (VIOLATED)
   analyzer/n800                0.15           0.19          -0.04  (VIOLATED)
   analyzer/n1066               0.15           0.19          -0.04  (VIOLATED)
   analyzer/n3397               0.15           0.19          -0.04  (VIOLATED)
   analyzer/n1023               0.15           0.18          -0.03  (VIOLATED)
   analyzer/n1029               0.15           0.18          -0.03  (VIOLATED)
   analyzer/n1535               0.15           0.18          -0.03  (VIOLATED)
   analyzer/n3184               0.15           0.18          -0.03  (VIOLATED)
   analyzer/n1494               0.15           0.18          -0.03  (VIOLATED)
   analyzer/n1405               0.15           0.18          -0.03  (VIOLATED)
   analyzer/n1504               0.15           0.18          -0.03  (VIOLATED)
   analyzer/n1986               0.15           0.18          -0.03  (VIOLATED)
   analyzer/n162                0.15           0.18          -0.03  (VIOLATED)
   analyzer/n2407               0.15           0.18          -0.03  (VIOLATED)
   analyzer/n3053               0.15           0.18          -0.03  (VIOLATED)
   analyzer/n1425               0.15           0.17          -0.02  (VIOLATED)
   analyzer/n1062               0.15           0.17          -0.02  (VIOLATED)
   analyzer/n561                0.15           0.17          -0.02  (VIOLATED)
   analyzer/n610                0.15           0.17          -0.02  (VIOLATED)
   analyzer/n3088               0.15           0.17          -0.02  (VIOLATED)
   analyzer/n2057               0.15           0.17          -0.02  (VIOLATED)
   analyzer/n2303               0.15           0.17          -0.02  (VIOLATED)
   analyzer/n4702               0.15           0.17          -0.02  (VIOLATED)
   n328                         0.15           0.17          -0.02  (VIOLATED)
   analyzer/n2000               0.15           0.17          -0.02  (VIOLATED)
   analyzer/n3932               0.15           0.17          -0.02  (VIOLATED)
   analyzer/n703                0.15           0.17          -0.02  (VIOLATED)
   analyzer/n710                0.15           0.17          -0.02  (VIOLATED)
   analyzer/n717                0.15           0.17          -0.02  (VIOLATED)
   analyzer/n1156               0.15           0.17          -0.02  (VIOLATED)
   analyzer/n1166               0.15           0.17          -0.02  (VIOLATED)
   analyzer/n1226               0.15           0.17          -0.02  (VIOLATED)
   view/n227                    0.15           0.17          -0.02  (VIOLATED)
   view/n354                    0.15           0.17          -0.02  (VIOLATED)
   view/n437                    0.15           0.17          -0.02  (VIOLATED)
   view/n520                    0.15           0.17          -0.02  (VIOLATED)
   view/n603                    0.15           0.17          -0.02  (VIOLATED)
   view/n686                    0.15           0.17          -0.02  (VIOLATED)
   view/n769                    0.15           0.17          -0.02  (VIOLATED)
   view/n852                    0.15           0.17          -0.02  (VIOLATED)
   view/n935                    0.15           0.17          -0.02  (VIOLATED)
   view/n1101                   0.15           0.17          -0.02  (VIOLATED)
   view/n1184                   0.15           0.17          -0.02  (VIOLATED)
   view/n1267                   0.15           0.17          -0.02  (VIOLATED)
   view/n1350                   0.15           0.17          -0.02  (VIOLATED)
   analyzer/n1614               0.15           0.17          -0.02  (VIOLATED)
   view/n1018                   0.15           0.17          -0.02  (VIOLATED)
   analyzer/n965                0.15           0.17          -0.02  (VIOLATED)
   analyzer/n3720               0.15           0.17          -0.02  (VIOLATED)
   analyzer/n1376               0.15           0.17          -0.02  (VIOLATED)
   analyzer/n2723               0.15           0.17          -0.02  (VIOLATED)
   analyzer/n3459               0.15           0.17          -0.02  (VIOLATED)
   analyzer/n2846               0.15           0.17          -0.02  (VIOLATED)
   analyzer/n4744               0.15           0.17          -0.02  (VIOLATED)
   analyzer/n1065               0.15           0.17          -0.02  (VIOLATED)
   analyzer/n4862               0.15           0.17          -0.02  (VIOLATED)
   analyzer/n3226               0.15           0.17          -0.02  (VIOLATED)
   analyzer/n2866               0.15           0.17          -0.02  (VIOLATED)
   analyzer/n1151               0.15           0.17          -0.02  (VIOLATED)
   analyzer/n994                0.15           0.17          -0.02  (VIOLATED)
   analyzer/n3098               0.15           0.17          -0.02  (VIOLATED)
   analyzer/n3065               0.15           0.17          -0.02  (VIOLATED)
   analyzer/n1427               0.15           0.17          -0.02  (VIOLATED)
   analyzer/n1176               0.15           0.17          -0.02  (VIOLATED)
   analyzer/n2112               0.15           0.17          -0.02  (VIOLATED)
   n79                          0.15           0.17          -0.02  (VIOLATED)
   n80                          0.15           0.17          -0.02  (VIOLATED)
   n81                          0.15           0.17          -0.02  (VIOLATED)
   n82                          0.15           0.17          -0.02  (VIOLATED)
   n83                          0.15           0.17          -0.02  (VIOLATED)
   n84                          0.15           0.17          -0.02  (VIOLATED)
   n85                          0.15           0.17          -0.02  (VIOLATED)
   n86                          0.15           0.17          -0.02  (VIOLATED)
   n87                          0.15           0.17          -0.02  (VIOLATED)
   n88                          0.15           0.17          -0.02  (VIOLATED)
   n89                          0.15           0.17          -0.02  (VIOLATED)
   n90                          0.15           0.17          -0.02  (VIOLATED)
   n91                          0.15           0.17          -0.02  (VIOLATED)
   n92                          0.15           0.17          -0.02  (VIOLATED)
   n93                          0.15           0.17          -0.02  (VIOLATED)
   n94                          0.15           0.17          -0.02  (VIOLATED)
   n95                          0.15           0.17          -0.02  (VIOLATED)
   n96                          0.15           0.17          -0.02  (VIOLATED)
   n97                          0.15           0.17          -0.02  (VIOLATED)
   n98                          0.15           0.17          -0.02  (VIOLATED)
   n99                          0.15           0.17          -0.02  (VIOLATED)
   n100                         0.15           0.17          -0.02  (VIOLATED)
   n101                         0.15           0.17          -0.02  (VIOLATED)
   n102                         0.15           0.17          -0.02  (VIOLATED)
   n103                         0.15           0.17          -0.02  (VIOLATED)
   n104                         0.15           0.17          -0.02  (VIOLATED)
   n105                         0.15           0.17          -0.02  (VIOLATED)
   n106                         0.15           0.17          -0.02  (VIOLATED)
   n107                         0.15           0.17          -0.02  (VIOLATED)
   n108                         0.15           0.17          -0.02  (VIOLATED)
   n109                         0.15           0.17          -0.02  (VIOLATED)
   n110                         0.15           0.17          -0.02  (VIOLATED)
   n111                         0.15           0.17          -0.02  (VIOLATED)
   n112                         0.15           0.17          -0.02  (VIOLATED)
   n113                         0.15           0.17          -0.02  (VIOLATED)
   n114                         0.15           0.17          -0.02  (VIOLATED)
   n115                         0.15           0.17          -0.02  (VIOLATED)
   n116                         0.15           0.17          -0.02  (VIOLATED)
   n117                         0.15           0.17          -0.02  (VIOLATED)
   n118                         0.15           0.17          -0.02  (VIOLATED)
   n119                         0.15           0.17          -0.02  (VIOLATED)
   n120                         0.15           0.17          -0.02  (VIOLATED)
   n121                         0.15           0.17          -0.02  (VIOLATED)
   n122                         0.15           0.17          -0.02  (VIOLATED)
   n123                         0.15           0.17          -0.02  (VIOLATED)
   n124                         0.15           0.17          -0.02  (VIOLATED)
   n125                         0.15           0.17          -0.02  (VIOLATED)
   n126                         0.15           0.17          -0.02  (VIOLATED)
   n127                         0.15           0.17          -0.02  (VIOLATED)
   n128                         0.15           0.17          -0.02  (VIOLATED)
   n129                         0.15           0.17          -0.02  (VIOLATED)
   n130                         0.15           0.17          -0.02  (VIOLATED)
   n131                         0.15           0.17          -0.02  (VIOLATED)
   n132                         0.15           0.17          -0.02  (VIOLATED)
   analyzer/n2018               0.15           0.17          -0.02  (VIOLATED)
   analyzer/n688                0.15           0.17          -0.02  (VIOLATED)
   analyzer/n724                0.15           0.17          -0.02  (VIOLATED)
   analyzer/n1179               0.15           0.17          -0.02  (VIOLATED)
   analyzer/n1222               0.15           0.17          -0.02  (VIOLATED)
   analyzer/n1439               0.15           0.17          -0.02  (VIOLATED)
   view/n271                    0.15           0.17          -0.02  (VIOLATED)
   view_hybrid_valid[11]        0.15           0.16          -0.01  (VIOLATED)
   analyzer/n4001               0.15           0.16          -0.01  (VIOLATED)
   analyzer/n632                0.15           0.16          -0.01  (VIOLATED)
   analyzer/n1204               0.15           0.16          -0.01  (VIOLATED)
   analyzer/n1911               0.15           0.16          -0.01  (VIOLATED)
   analyzer/n3859               0.15           0.16          -0.01  (VIOLATED)
   analyzer/n847                0.15           0.16          -0.01  (VIOLATED)
   analyzer/n1154               0.15           0.16          -0.01  (VIOLATED)
   analyzer/n1186               0.15           0.16          -0.01  (VIOLATED)
   analyzer/n1571               0.15           0.16          -0.01  (VIOLATED)
   analyzer/n2683               0.15           0.16          -0.01  (VIOLATED)
   analyzer/n3335               0.15           0.16          -0.01  (VIOLATED)
   analyzer/n5176               0.15           0.16          -0.01  (VIOLATED)
   analyzer/n682                0.15           0.16          -0.01  (VIOLATED)
   analyzer/n2195               0.15           0.16          -0.01  (VIOLATED)
   analyzer/n2175               0.15           0.16          -0.01  (VIOLATED)
   analyzer/n5748               0.15           0.16          -0.01  (VIOLATED)
   analyzer/n160                0.15           0.16          -0.01  (VIOLATED)
   analyzer/n2782               0.15           0.16          -0.01  (VIOLATED)
   analyzer/n3554               0.15           0.16          -0.01  (VIOLATED)
   analyzer/n4270               0.15           0.16          -0.01  (VIOLATED)
   analyzer/n4459               0.15           0.16          -0.01  (VIOLATED)
   analyzer/n4756               0.15           0.16          -0.01  (VIOLATED)
   analyzer/n5270               0.15           0.16          -0.01  (VIOLATED)
   analyzer/n1241               0.15           0.16          -0.01  (VIOLATED)
   analyzer/n1822               0.15           0.16          -0.01  (VIOLATED)
   analyzer/n2025               0.15           0.16          -0.01  (VIOLATED)
   analyzer/n1215               0.15           0.16          -0.01  (VIOLATED)
   analyzer/n3077               0.15           0.16          -0.01  (VIOLATED)
   analyzer/n4929               0.15           0.16          -0.01  (VIOLATED)
   analyzer/n4129               0.15           0.16          -0.01  (VIOLATED)
   analyzer/n4612               0.15           0.16          -0.01  (VIOLATED)
   analyzer/n5085               0.15           0.16          -0.01  (VIOLATED)
   analyzer/n4059               0.15           0.16          -0.01  (VIOLATED)
   analyzer/n1422               0.15           0.16          -0.01  (VIOLATED)
   analyzer/n2628               0.15           0.16          -0.01  (VIOLATED)
   analyzer/n2652               0.15           0.16          -0.01  (VIOLATED)
   analyzer/n2481               0.15           0.16          -0.01  (VIOLATED)
   analyzer/n3160               0.15           0.16          -0.01  (VIOLATED)
   analyzer/n4002               0.15           0.16          -0.01  (VIOLATED)
   analyzer/n5434               0.15           0.16          -0.01  (VIOLATED)
   analyzer/n2685               0.15           0.16          -0.01  (VIOLATED)
   analyzer/n3337               0.15           0.16          -0.01  (VIOLATED)
   analyzer/n673                0.15           0.16          -0.01  (VIOLATED)
   analyzer/n1766               0.15           0.16          -0.01  (VIOLATED)
   analyzer/n1858               0.15           0.16          -0.01  (VIOLATED)
   analyzer/n1913               0.15           0.16          -0.01  (VIOLATED)
   analyzer/n3676               0.15           0.16          -0.01  (VIOLATED)
   analyzer/n807                0.15           0.16          -0.01  (VIOLATED)
   analyzer/n2362               0.15           0.16          -0.01  (VIOLATED)
   analyzer/n2934               0.15           0.16          -0.01  (VIOLATED)
   analyzer/n3778               0.15           0.16          -0.01  (VIOLATED)
   analyzer/n4131               0.15           0.16          -0.01  (VIOLATED)
   analyzer/n4614               0.15           0.16          -0.01  (VIOLATED)
   analyzer/n4776               0.15           0.16          -0.01  (VIOLATED)
   analyzer/n5088               0.15           0.16          -0.01  (VIOLATED)
   analyzer/n1183               0.15           0.16          -0.01  (VIOLATED)
   analyzer/n2784               0.15           0.16          -0.01  (VIOLATED)
   analyzer/n2810               0.15           0.16          -0.01  (VIOLATED)
   analyzer/n3557               0.15           0.16          -0.01  (VIOLATED)
   analyzer/n3591               0.15           0.16          -0.01  (VIOLATED)
   analyzer/n4272               0.15           0.16          -0.01  (VIOLATED)
   analyzer/n1213               0.15           0.16          -0.01  (VIOLATED)
   analyzer/n1214               0.15           0.16          -0.01  (VIOLATED)
   view_hybrid_rows[129]        0.15           0.15           0.00  (VIOLATED: increase significant digits)
   analyzer/n1031               0.15           0.15           0.00  (VIOLATED: increase significant digits)
   analyzer/n2242               0.15           0.15           0.00  (VIOLATED: increase significant digits)
   view_hybrid_rows[120]        0.15           0.15           0.00  (VIOLATED: increase significant digits)
   view_hybrid_rows[121]        0.15           0.15           0.00  (VIOLATED: increase significant digits)
   view_hybrid_rows[126]        0.15           0.15           0.00  (VIOLATED: increase significant digits)
   analyzer/n2252               0.15           0.15           0.00  (VIOLATED: increase significant digits)
   view_hybrid_rows[125]        0.15           0.15           0.00  (VIOLATED: increase significant digits)
   analyzer/n23                 0.15           0.15           0.00  (VIOLATED: increase significant digits)
   view_hybrid_rows[127]        0.15           0.15           0.00  (VIOLATED: increase significant digits)
   view_hybrid_cols[126]        0.15           0.15           0.00  (VIOLATED: increase significant digits)
   analyzer/n635                0.15           0.15           0.00  (VIOLATED: increase significant digits)
   view_hybrid_cols[103]        0.15           0.15           0.00  (VIOLATED: increase significant digits)
   view_hybrid_cols[109]        0.15           0.15           0.00  (VIOLATED: increase significant digits)
   view_hybrid_rows[107]        0.15           0.15           0.00  (VIOLATED: increase significant digits)
   view_hybrid_cols[127]        0.15           0.15           0.00  (VIOLATED: increase significant digits)
   view_hybrid_rows[100]        0.15           0.15           0.00  (VIOLATED: increase significant digits)
   view_hybrid_rows[101]        0.15           0.15           0.00  (VIOLATED: increase significant digits)
   view_hybrid_cols[106]        0.15           0.15           0.00  (VIOLATED: increase significant digits)

   -----------------------------------------------------------------
   Total                      466               -19.93  

1
