 
****************************************
check_design summary:
Version:     W-2024.09-SP2
Date:        Wed Sep  9 14:00:02 2026
****************************************

                   Name                                            Total
--------------------------------------------------------------------------------
Inputs/Outputs                                                    155
    Shorted outputs (LINT-31)                                      84
    Constant outputs (LINT-52)                                     71

Cells                                                             814
    Cells do not drive (LINT-1)                                   800
    Connected to power or ground (LINT-32)                         11
    Nets connected to multiple pins on same cell (LINT-33)          3

Nets                                                              285
    Unloaded nets (LINT-2)                                        285
--------------------------------------------------------------------------------

Warning: In design 'dss_analyzer_top_PARALLEL_ORIENTATION0', cell 'C3920' does not drive any nets. (LINT-1)
Warning: In design 'shared_fault_collector_ROW_W10_COL_W10_MAX_FAULTS12_MAX_K5_NUM_CFG7_HYBRID_SHARED_ENTRIES14_CAM_REUSE_ENTRIES12', cell 'C355' does not drive any nets. (LINT-1)
Warning: In design 'shared_fault_collector_ROW_W10_COL_W10_MAX_FAULTS12_MAX_K5_NUM_CFG7_HYBRID_SHARED_ENTRIES14_CAM_REUSE_ENTRIES12', cell 'C365' does not drive any nets. (LINT-1)
Warning: In design 'shared_fault_collector_ROW_W10_COL_W10_MAX_FAULTS12_MAX_K5_NUM_CFG7_HYBRID_SHARED_ENTRIES14_CAM_REUSE_ENTRIES12', cell 'C377' does not drive any nets. (LINT-1)
Warning: In design 'shared_fault_collector_ROW_W10_COL_W10_MAX_FAULTS12_MAX_K5_NUM_CFG7_HYBRID_SHARED_ENTRIES14_CAM_REUSE_ENTRIES12', cell 'C389' does not drive any nets. (LINT-1)
Warning: In design 'shared_fault_collector_ROW_W10_COL_W10_MAX_FAULTS12_MAX_K5_NUM_CFG7_HYBRID_SHARED_ENTRIES14_CAM_REUSE_ENTRIES12', cell 'C401' does not drive any nets. (LINT-1)
Warning: In design 'shared_fault_collector_ROW_W10_COL_W10_MAX_FAULTS12_MAX_K5_NUM_CFG7_HYBRID_SHARED_ENTRIES14_CAM_REUSE_ENTRIES12', cell 'C471' does not drive any nets. (LINT-1)
Warning: In design 'config_must_view_MAX_K5_NUM_CFG7_ENTRY_NUM12_ROW_W10_COL_W10_COUNT_W4', cell 'B_125' does not drive any nets. (LINT-1)
Warning: In design 'config_must_view_MAX_K5_NUM_CFG7_ENTRY_NUM12_ROW_W10_COL_W10_COUNT_W4', cell 'B_126' does not drive any nets. (LINT-1)
Warning: In design 'config_must_view_MAX_K5_NUM_CFG7_ENTRY_NUM12_ROW_W10_COL_W10_COUNT_W4', cell 'B_127' does not drive any nets. (LINT-1)
Warning: In design 'config_must_view_MAX_K5_NUM_CFG7_ENTRY_NUM12_ROW_W10_COL_W10_COUNT_W4', cell 'B_128' does not drive any nets. (LINT-1)
Warning: In design 'config_must_view_MAX_K5_NUM_CFG7_ENTRY_NUM12_ROW_W10_COL_W10_COUNT_W4', cell 'B_129' does not drive any nets. (LINT-1)
Warning: In design 'multi_config_analyzer_area_engine_MAX_K5_NUM_CFG7_HYBRID_ENTRY_NUM14_ADDR_W10_PATTERN_ID_W4', cell 'C2013' does not drive any nets. (LINT-1)
Warning: In design 'multi_config_early_selector_NUM_SA4_NUM_CFG7_PATTERN_ID_W4_SHARED_ROWS1_SHARED_COLS1_MAX_BORROWS3', cell 'B_135' does not drive any nets. (LINT-1)
Warning: In design 'multi_config_early_selector_NUM_SA4_NUM_CFG7_PATTERN_ID_W4_SHARED_ROWS1_SHARED_COLS1_MAX_BORROWS3', cell 'B_136' does not drive any nets. (LINT-1)
Warning: In design 'multi_config_early_selector_NUM_SA4_NUM_CFG7_PATTERN_ID_W4_SHARED_ROWS1_SHARED_COLS1_MAX_BORROWS3', cell 'B_137' does not drive any nets. (LINT-1)
Warning: In design 'multi_config_early_selector_NUM_SA4_NUM_CFG7_PATTERN_ID_W4_SHARED_ROWS1_SHARED_COLS1_MAX_BORROWS3', cell 'B_138' does not drive any nets. (LINT-1)
Warning: In design 'multi_config_early_selector_NUM_SA4_NUM_CFG7_PATTERN_ID_W4_SHARED_ROWS1_SHARED_COLS1_MAX_BORROWS3', cell 'B_139' does not drive any nets. (LINT-1)
Warning: In design 'multi_config_early_selector_NUM_SA4_NUM_CFG7_PATTERN_ID_W4_SHARED_ROWS1_SHARED_COLS1_MAX_BORROWS3', cell 'C1483' does not drive any nets. (LINT-1)
Warning: In design 'multi_config_group_selector_NUM_SA4_NUM_CFG7_PATTERN_ID_W4_SHARED_ROWS1_SHARED_COLS1_MAX_BORROWS3', cell 'B_148' does not drive any nets. (LINT-1)
Warning: In design 'multi_config_group_selector_NUM_SA4_NUM_CFG7_PATTERN_ID_W4_SHARED_ROWS1_SHARED_COLS1_MAX_BORROWS3', cell 'B_149' does not drive any nets. (LINT-1)
Warning: In design 'multi_config_group_selector_NUM_SA4_NUM_CFG7_PATTERN_ID_W4_SHARED_ROWS1_SHARED_COLS1_MAX_BORROWS3', cell 'B_151' does not drive any nets. (LINT-1)
Warning: In design 'multi_config_group_selector_NUM_SA4_NUM_CFG7_PATTERN_ID_W4_SHARED_ROWS1_SHARED_COLS1_MAX_BORROWS3', cell 'B_152' does not drive any nets. (LINT-1)
Warning: In design 'multi_config_group_selector_NUM_SA4_NUM_CFG7_PATTERN_ID_W4_SHARED_ROWS1_SHARED_COLS1_MAX_BORROWS3', cell 'B_154' does not drive any nets. (LINT-1)
Warning: In design 'multi_config_group_selector_NUM_SA4_NUM_CFG7_PATTERN_ID_W4_SHARED_ROWS1_SHARED_COLS1_MAX_BORROWS3', cell 'B_155' does not drive any nets. (LINT-1)
Warning: In design 'multi_config_group_selector_NUM_SA4_NUM_CFG7_PATTERN_ID_W4_SHARED_ROWS1_SHARED_COLS1_MAX_BORROWS3', cell 'B_157' does not drive any nets. (LINT-1)
Warning: In design 'multi_config_group_selector_NUM_SA4_NUM_CFG7_PATTERN_ID_W4_SHARED_ROWS1_SHARED_COLS1_MAX_BORROWS3', cell 'B_158' does not drive any nets. (LINT-1)
Warning: In design 'multi_config_group_selector_NUM_SA4_NUM_CFG7_PATTERN_ID_W4_SHARED_ROWS1_SHARED_COLS1_MAX_BORROWS3', cell 'B_159' does not drive any nets. (LINT-1)
Warning: In design 'multi_config_group_selector_NUM_SA4_NUM_CFG7_PATTERN_ID_W4_SHARED_ROWS1_SHARED_COLS1_MAX_BORROWS3', cell 'B_160' does not drive any nets. (LINT-1)
Warning: In design 'multi_config_group_selector_NUM_SA4_NUM_CFG7_PATTERN_ID_W4_SHARED_ROWS1_SHARED_COLS1_MAX_BORROWS3', cell 'B_161' does not drive any nets. (LINT-1)
Warning: In design 'multi_config_group_selector_NUM_SA4_NUM_CFG7_PATTERN_ID_W4_SHARED_ROWS1_SHARED_COLS1_MAX_BORROWS3', cell 'B_162' does not drive any nets. (LINT-1)
Warning: In design 'multi_config_group_selector_NUM_SA4_NUM_CFG7_PATTERN_ID_W4_SHARED_ROWS1_SHARED_COLS1_MAX_BORROWS3', cell 'C2504' does not drive any nets. (LINT-1)
Warning: In design 'multi_config_group_selector_NUM_SA4_NUM_CFG7_PATTERN_ID_W4_SHARED_ROWS1_SHARED_COLS1_MAX_BORROWS3', cell 'C2514' does not drive any nets. (LINT-1)
Warning: In design 'multi_config_group_selector_NUM_SA4_NUM_CFG7_PATTERN_ID_W4_SHARED_ROWS1_SHARED_COLS1_MAX_BORROWS3', cell 'C2518' does not drive any nets. (LINT-1)
Warning: In design 'multi_config_group_selector_NUM_SA4_NUM_CFG7_PATTERN_ID_W4_SHARED_ROWS1_SHARED_COLS1_MAX_BORROWS3', cell 'C2519' does not drive any nets. (LINT-1)
Warning: In design 'multi_config_group_selector_NUM_SA4_NUM_CFG7_PATTERN_ID_W4_SHARED_ROWS1_SHARED_COLS1_MAX_BORROWS3', cell 'C2526' does not drive any nets. (LINT-1)
Warning: In design 'multi_config_group_selector_NUM_SA4_NUM_CFG7_PATTERN_ID_W4_SHARED_ROWS1_SHARED_COLS1_MAX_BORROWS3', cell 'C2528' does not drive any nets. (LINT-1)
Warning: In design 'repair_decode_area_engine_NUM_SA4_MAX_K5_NUM_CFG7_ENTRY_NUM14_ROW_W10_COL_W10_PATTERN_ID_W4', cell 'C1911' does not drive any nets. (LINT-1)
Warning: In design 'shared_pivot_cam_ROW_W10_COL_W10_MAX_K5_NUM_CFG7', cell 'C537' does not drive any nets. (LINT-1)
Warning: In design 'shared_fault_counter_ENTRY_NUM12_ROW_W10_COL_W10_COUNT_W4', cell 'C4969' does not drive any nets. (LINT-1)
Warning: In design 'shared_fault_counter_ENTRY_NUM12_ROW_W10_COL_W10_COUNT_W4', cell 'C4974' does not drive any nets. (LINT-1)
Warning: In design 'shared_fault_counter_ENTRY_NUM12_ROW_W10_COL_W10_COUNT_W4', cell 'C4977' does not drive any nets. (LINT-1)
Warning: In design 'tagged_hybrid_store_ENTRY_NUM14_FAULT_REF_W4_ROW_W10_COL_W10_PIVOT_PTR_W3_NUM_CFG7', cell 'C2271' does not drive any nets. (LINT-1)
Warning: In design 'cam_reuse_temp_buffer_ENTRY_NUM12_ROW_W10_COL_W10_NUM_CFG7', cell 'C1517' does not drive any nets. (LINT-1)
Warning: In design 'config_logical_view_MAX_K5_NUM_CFG7_HYBRID_ENTRY_NUM14_ADDR_W10_PTR_W3', cell 'C8016' does not drive any nets. (LINT-1)
Warning: In design 'config_logical_view_MAX_K5_NUM_CFG7_HYBRID_ENTRY_NUM14_ADDR_W10_PTR_W3', cell 'C8017' does not drive any nets. (LINT-1)
Warning: In design 'config_logical_view_MAX_K5_NUM_CFG7_HYBRID_ENTRY_NUM14_ADDR_W10_PTR_W3', cell 'C8027' does not drive any nets. (LINT-1)
Warning: In design 'config_logical_view_MAX_K5_NUM_CFG7_HYBRID_ENTRY_NUM14_ADDR_W10_PTR_W3', cell 'C8028' does not drive any nets. (LINT-1)
Warning: In design 'config_logical_view_MAX_K5_NUM_CFG7_HYBRID_ENTRY_NUM14_ADDR_W10_PTR_W3', cell 'C8038' does not drive any nets. (LINT-1)
Warning: In design 'config_logical_view_MAX_K5_NUM_CFG7_HYBRID_ENTRY_NUM14_ADDR_W10_PTR_W3', cell 'C8039' does not drive any nets. (LINT-1)
Warning: In design 'config_logical_view_MAX_K5_NUM_CFG7_HYBRID_ENTRY_NUM14_ADDR_W10_PTR_W3', cell 'C8049' does not drive any nets. (LINT-1)
Warning: In design 'config_logical_view_MAX_K5_NUM_CFG7_HYBRID_ENTRY_NUM14_ADDR_W10_PTR_W3', cell 'C8050' does not drive any nets. (LINT-1)
Warning: In design 'config_logical_view_MAX_K5_NUM_CFG7_HYBRID_ENTRY_NUM14_ADDR_W10_PTR_W3', cell 'C8060' does not drive any nets. (LINT-1)
Warning: In design 'config_logical_view_MAX_K5_NUM_CFG7_HYBRID_ENTRY_NUM14_ADDR_W10_PTR_W3', cell 'C8061' does not drive any nets. (LINT-1)
Warning: In design 'config_logical_view_MAX_K5_NUM_CFG7_HYBRID_ENTRY_NUM14_ADDR_W10_PTR_W3', cell 'C8071' does not drive any nets. (LINT-1)
Warning: In design 'config_logical_view_MAX_K5_NUM_CFG7_HYBRID_ENTRY_NUM14_ADDR_W10_PTR_W3', cell 'C8072' does not drive any nets. (LINT-1)
Warning: In design 'config_logical_view_MAX_K5_NUM_CFG7_HYBRID_ENTRY_NUM14_ADDR_W10_PTR_W3', cell 'C8082' does not drive any nets. (LINT-1)
Warning: In design 'config_logical_view_MAX_K5_NUM_CFG7_HYBRID_ENTRY_NUM14_ADDR_W10_PTR_W3', cell 'C8083' does not drive any nets. (LINT-1)
Warning: In design 'config_logical_view_MAX_K5_NUM_CFG7_HYBRID_ENTRY_NUM14_ADDR_W10_PTR_W3', cell 'C8093' does not drive any nets. (LINT-1)
Warning: In design 'config_logical_view_MAX_K5_NUM_CFG7_HYBRID_ENTRY_NUM14_ADDR_W10_PTR_W3', cell 'C8094' does not drive any nets. (LINT-1)
Warning: In design 'config_logical_view_MAX_K5_NUM_CFG7_HYBRID_ENTRY_NUM14_ADDR_W10_PTR_W3', cell 'C8104' does not drive any nets. (LINT-1)
Warning: In design 'config_logical_view_MAX_K5_NUM_CFG7_HYBRID_ENTRY_NUM14_ADDR_W10_PTR_W3', cell 'C8105' does not drive any nets. (LINT-1)
Warning: In design 'config_logical_view_MAX_K5_NUM_CFG7_HYBRID_ENTRY_NUM14_ADDR_W10_PTR_W3', cell 'C8115' does not drive any nets. (LINT-1)
Warning: In design 'config_logical_view_MAX_K5_NUM_CFG7_HYBRID_ENTRY_NUM14_ADDR_W10_PTR_W3', cell 'C8116' does not drive any nets. (LINT-1)
Warning: In design 'config_logical_view_MAX_K5_NUM_CFG7_HYBRID_ENTRY_NUM14_ADDR_W10_PTR_W3', cell 'C8126' does not drive any nets. (LINT-1)
Warning: In design 'config_logical_view_MAX_K5_NUM_CFG7_HYBRID_ENTRY_NUM14_ADDR_W10_PTR_W3', cell 'C8127' does not drive any nets. (LINT-1)
Warning: In design 'config_logical_view_MAX_K5_NUM_CFG7_HYBRID_ENTRY_NUM14_ADDR_W10_PTR_W3', cell 'C8137' does not drive any nets. (LINT-1)
Warning: In design 'config_logical_view_MAX_K5_NUM_CFG7_HYBRID_ENTRY_NUM14_ADDR_W10_PTR_W3', cell 'C8138' does not drive any nets. (LINT-1)
Warning: In design 'config_logical_view_MAX_K5_NUM_CFG7_HYBRID_ENTRY_NUM14_ADDR_W10_PTR_W3', cell 'C8149' does not drive any nets. (LINT-1)
Warning: In design 'config_logical_view_MAX_K5_NUM_CFG7_HYBRID_ENTRY_NUM14_ADDR_W10_PTR_W3', cell 'C8150' does not drive any nets. (LINT-1)
Warning: In design 'config_logical_view_MAX_K5_NUM_CFG7_HYBRID_ENTRY_NUM14_ADDR_W10_PTR_W3', cell 'C8161' does not drive any nets. (LINT-1)
Warning: In design 'config_logical_view_MAX_K5_NUM_CFG7_HYBRID_ENTRY_NUM14_ADDR_W10_PTR_W3', cell 'C8162' does not drive any nets. (LINT-1)
Warning: In design 'config_analyzer_MAX_K5_HYBRID_ENTRY_NUM14_ROW_W10_COL_W10_PATTERN_ID_W4_MAX_PATTERNS10', cell 'B_3203' does not drive any nets. (LINT-1)
Warning: In design 'config_analyzer_MAX_K5_HYBRID_ENTRY_NUM14_ROW_W10_COL_W10_PATTERN_ID_W4_MAX_PATTERNS10', cell 'B_3204' does not drive any nets. (LINT-1)
Warning: In design 'config_analyzer_MAX_K5_HYBRID_ENTRY_NUM14_ROW_W10_COL_W10_PATTERN_ID_W4_MAX_PATTERNS10', cell 'B_3205' does not drive any nets. (LINT-1)
Warning: In design 'config_analyzer_MAX_K5_HYBRID_ENTRY_NUM14_ROW_W10_COL_W10_PATTERN_ID_W4_MAX_PATTERNS10', cell 'B_3206' does not drive any nets. (LINT-1)
Warning: In design 'config_analyzer_MAX_K5_HYBRID_ENTRY_NUM14_ROW_W10_COL_W10_PATTERN_ID_W4_MAX_PATTERNS10', cell 'B_3207' does not drive any nets. (LINT-1)
Warning: In design 'config_analyzer_MAX_K5_HYBRID_ENTRY_NUM14_ROW_W10_COL_W10_PATTERN_ID_W4_MAX_PATTERNS10', cell 'B_3208' does not drive any nets. (LINT-1)
Warning: In design 'config_analyzer_MAX_K5_HYBRID_ENTRY_NUM14_ROW_W10_COL_W10_PATTERN_ID_W4_MAX_PATTERNS10', cell 'B_3209' does not drive any nets. (LINT-1)
Warning: In design 'config_analyzer_MAX_K5_HYBRID_ENTRY_NUM14_ROW_W10_COL_W10_PATTERN_ID_W4_MAX_PATTERNS10', cell 'B_3210' does not drive any nets. (LINT-1)
Warning: In design 'config_analyzer_MAX_K5_HYBRID_ENTRY_NUM14_ROW_W10_COL_W10_PATTERN_ID_W4_MAX_PATTERNS10', cell 'B_3211' does not drive any nets. (LINT-1)
Warning: In design 'config_analyzer_MAX_K5_HYBRID_ENTRY_NUM14_ROW_W10_COL_W10_PATTERN_ID_W4_MAX_PATTERNS10', cell 'B_3212' does not drive any nets. (LINT-1)
Warning: In design 'config_analyzer_MAX_K5_HYBRID_ENTRY_NUM14_ROW_W10_COL_W10_PATTERN_ID_W4_MAX_PATTERNS10', cell 'B_3213' does not drive any nets. (LINT-1)
Warning: In design 'config_analyzer_MAX_K5_HYBRID_ENTRY_NUM14_ROW_W10_COL_W10_PATTERN_ID_W4_MAX_PATTERNS10', cell 'B_3214' does not drive any nets. (LINT-1)
Warning: In design 'config_analyzer_MAX_K5_HYBRID_ENTRY_NUM14_ROW_W10_COL_W10_PATTERN_ID_W4_MAX_PATTERNS10', cell 'B_3215' does not drive any nets. (LINT-1)
Warning: In design 'config_analyzer_MAX_K5_HYBRID_ENTRY_NUM14_ROW_W10_COL_W10_PATTERN_ID_W4_MAX_PATTERNS10', cell 'B_3216' does not drive any nets. (LINT-1)
Warning: In design 'config_analyzer_MAX_K5_HYBRID_ENTRY_NUM14_ROW_W10_COL_W10_PATTERN_ID_W4_MAX_PATTERNS10', cell 'B_3217' does not drive any nets. (LINT-1)
Warning: In design 'config_analyzer_MAX_K5_HYBRID_ENTRY_NUM14_ROW_W10_COL_W10_PATTERN_ID_W4_MAX_PATTERNS10', cell 'B_3218' does not drive any nets. (LINT-1)
Warning: In design 'config_analyzer_MAX_K5_HYBRID_ENTRY_NUM14_ROW_W10_COL_W10_PATTERN_ID_W4_MAX_PATTERNS10', cell 'B_3219' does not drive any nets. (LINT-1)
Warning: In design 'config_analyzer_MAX_K5_HYBRID_ENTRY_NUM14_ROW_W10_COL_W10_PATTERN_ID_W4_MAX_PATTERNS10', cell 'B_3220' does not drive any nets. (LINT-1)
Warning: In design 'config_analyzer_MAX_K5_HYBRID_ENTRY_NUM14_ROW_W10_COL_W10_PATTERN_ID_W4_MAX_PATTERNS10', cell 'B_3221' does not drive any nets. (LINT-1)
Warning: In design 'config_analyzer_MAX_K5_HYBRID_ENTRY_NUM14_ROW_W10_COL_W10_PATTERN_ID_W4_MAX_PATTERNS10', cell 'B_3222' does not drive any nets. (LINT-1)
Warning: In design 'config_analyzer_MAX_K5_HYBRID_ENTRY_NUM14_ROW_W10_COL_W10_PATTERN_ID_W4_MAX_PATTERNS10', cell 'B_3223' does not drive any nets. (LINT-1)
Warning: In design 'config_analyzer_MAX_K5_HYBRID_ENTRY_NUM14_ROW_W10_COL_W10_PATTERN_ID_W4_MAX_PATTERNS10', cell 'B_3224' does not drive any nets. (LINT-1)
Warning: In design 'config_analyzer_MAX_K5_HYBRID_ENTRY_NUM14_ROW_W10_COL_W10_PATTERN_ID_W4_MAX_PATTERNS10', cell 'B_3225' does not drive any nets. (LINT-1)
Warning: In design 'config_analyzer_MAX_K5_HYBRID_ENTRY_NUM14_ROW_W10_COL_W10_PATTERN_ID_W4_MAX_PATTERNS10', cell 'B_3226' does not drive any nets. (LINT-1)
Warning: In design 'config_analyzer_MAX_K5_HYBRID_ENTRY_NUM14_ROW_W10_COL_W10_PATTERN_ID_W4_MAX_PATTERNS10', cell 'B_3227' does not drive any nets. (LINT-1)
Warning: In design 'config_analyzer_MAX_K5_HYBRID_ENTRY_NUM14_ROW_W10_COL_W10_PATTERN_ID_W4_MAX_PATTERNS10', cell 'B_3228' does not drive any nets. (LINT-1)
Warning: In design 'config_analyzer_MAX_K5_HYBRID_ENTRY_NUM14_ROW_W10_COL_W10_PATTERN_ID_W4_MAX_PATTERNS10', cell 'C45231' does not drive any nets. (LINT-1)
Warning: In design 'config_analyzer_MAX_K5_HYBRID_ENTRY_NUM14_ROW_W10_COL_W10_PATTERN_ID_W4_MAX_PATTERNS10', cell 'C45238' does not drive any nets. (LINT-1)
Warning: In design 'config_analyzer_MAX_K5_HYBRID_ENTRY_NUM14_ROW_W10_COL_W10_PATTERN_ID_W4_MAX_PATTERNS10', cell 'C45244' does not drive any nets. (LINT-1)
Warning: In design 'config_analyzer_MAX_K5_HYBRID_ENTRY_NUM14_ROW_W10_COL_W10_PATTERN_ID_W4_MAX_PATTERNS10', cell 'C45250' does not drive any nets. (LINT-1)
Warning: In design 'config_analyzer_MAX_K5_HYBRID_ENTRY_NUM14_ROW_W10_COL_W10_PATTERN_ID_W4_MAX_PATTERNS10', cell 'C45256' does not drive any nets. (LINT-1)
Warning: In design 'config_analyzer_MAX_K5_HYBRID_ENTRY_NUM14_ROW_W10_COL_W10_PATTERN_ID_W4_MAX_PATTERNS10', cell 'C45259' does not drive any nets. (LINT-1)
Warning: In design 'config_analyzer_MAX_K5_HYBRID_ENTRY_NUM14_ROW_W10_COL_W10_PATTERN_ID_W4_MAX_PATTERNS10', cell 'C45411' does not drive any nets. (LINT-1)
Warning: In design 'config_analyzer_MAX_K5_HYBRID_ENTRY_NUM14_ROW_W10_COL_W10_PATTERN_ID_W4_MAX_PATTERNS10', cell 'C45418' does not drive any nets. (LINT-1)
Warning: In design 'config_analyzer_MAX_K5_HYBRID_ENTRY_NUM14_ROW_W10_COL_W10_PATTERN_ID_W4_MAX_PATTERNS10', cell 'C45424' does not drive any nets. (LINT-1)
Warning: In design 'config_analyzer_MAX_K5_HYBRID_ENTRY_NUM14_ROW_W10_COL_W10_PATTERN_ID_W4_MAX_PATTERNS10', cell 'C45430' does not drive any nets. (LINT-1)
Warning: In design 'config_analyzer_MAX_K5_HYBRID_ENTRY_NUM14_ROW_W10_COL_W10_PATTERN_ID_W4_MAX_PATTERNS10', cell 'C45436' does not drive any nets. (LINT-1)
Warning: In design 'config_analyzer_MAX_K5_HYBRID_ENTRY_NUM14_ROW_W10_COL_W10_PATTERN_ID_W4_MAX_PATTERNS10', cell 'C45593' does not drive any nets. (LINT-1)
Warning: In design 'config_analyzer_MAX_K5_HYBRID_ENTRY_NUM14_ROW_W10_COL_W10_PATTERN_ID_W4_MAX_PATTERNS10', cell 'C45599' does not drive any nets. (LINT-1)
Warning: In design 'config_analyzer_MAX_K5_HYBRID_ENTRY_NUM14_ROW_W10_COL_W10_PATTERN_ID_W4_MAX_PATTERNS10', cell 'C45606' does not drive any nets. (LINT-1)
Warning: In design 'config_analyzer_MAX_K5_HYBRID_ENTRY_NUM14_ROW_W10_COL_W10_PATTERN_ID_W4_MAX_PATTERNS10', cell 'C45612' does not drive any nets. (LINT-1)
Warning: In design 'config_analyzer_MAX_K5_HYBRID_ENTRY_NUM14_ROW_W10_COL_W10_PATTERN_ID_W4_MAX_PATTERNS10', cell 'C45618' does not drive any nets. (LINT-1)
Warning: In design 'config_analyzer_MAX_K5_HYBRID_ENTRY_NUM14_ROW_W10_COL_W10_PATTERN_ID_W4_MAX_PATTERNS10', cell 'C45624' does not drive any nets. (LINT-1)
Warning: In design 'config_analyzer_MAX_K5_HYBRID_ENTRY_NUM14_ROW_W10_COL_W10_PATTERN_ID_W4_MAX_PATTERNS10', cell 'C45782' does not drive any nets. (LINT-1)
Warning: In design 'config_analyzer_MAX_K5_HYBRID_ENTRY_NUM14_ROW_W10_COL_W10_PATTERN_ID_W4_MAX_PATTERNS10', cell 'C45788' does not drive any nets. (LINT-1)
Warning: In design 'config_analyzer_MAX_K5_HYBRID_ENTRY_NUM14_ROW_W10_COL_W10_PATTERN_ID_W4_MAX_PATTERNS10', cell 'C45795' does not drive any nets. (LINT-1)
Warning: In design 'config_analyzer_MAX_K5_HYBRID_ENTRY_NUM14_ROW_W10_COL_W10_PATTERN_ID_W4_MAX_PATTERNS10', cell 'C45801' does not drive any nets. (LINT-1)
Warning: In design 'config_analyzer_MAX_K5_HYBRID_ENTRY_NUM14_ROW_W10_COL_W10_PATTERN_ID_W4_MAX_PATTERNS10', cell 'C45807' does not drive any nets. (LINT-1)
Warning: In design 'config_analyzer_MAX_K5_HYBRID_ENTRY_NUM14_ROW_W10_COL_W10_PATTERN_ID_W4_MAX_PATTERNS10', cell 'C45813' does not drive any nets. (LINT-1)
Warning: In design 'config_analyzer_MAX_K5_HYBRID_ENTRY_NUM14_ROW_W10_COL_W10_PATTERN_ID_W4_MAX_PATTERNS10', cell 'C45973' does not drive any nets. (LINT-1)
Warning: In design 'config_analyzer_MAX_K5_HYBRID_ENTRY_NUM14_ROW_W10_COL_W10_PATTERN_ID_W4_MAX_PATTERNS10', cell 'C45979' does not drive any nets. (LINT-1)
Warning: In design 'config_analyzer_MAX_K5_HYBRID_ENTRY_NUM14_ROW_W10_COL_W10_PATTERN_ID_W4_MAX_PATTERNS10', cell 'C45986' does not drive any nets. (LINT-1)
Warning: In design 'config_analyzer_MAX_K5_HYBRID_ENTRY_NUM14_ROW_W10_COL_W10_PATTERN_ID_W4_MAX_PATTERNS10', cell 'C45992' does not drive any nets. (LINT-1)
Warning: In design 'config_analyzer_MAX_K5_HYBRID_ENTRY_NUM14_ROW_W10_COL_W10_PATTERN_ID_W4_MAX_PATTERNS10', cell 'C45998' does not drive any nets. (LINT-1)
Warning: In design 'config_analyzer_MAX_K5_HYBRID_ENTRY_NUM14_ROW_W10_COL_W10_PATTERN_ID_W4_MAX_PATTERNS10', cell 'C46004' does not drive any nets. (LINT-1)
Warning: In design 'config_analyzer_MAX_K5_HYBRID_ENTRY_NUM14_ROW_W10_COL_W10_PATTERN_ID_W4_MAX_PATTERNS10', cell 'C46169' does not drive any nets. (LINT-1)
Warning: In design 'config_analyzer_MAX_K5_HYBRID_ENTRY_NUM14_ROW_W10_COL_W10_PATTERN_ID_W4_MAX_PATTERNS10', cell 'C46175' does not drive any nets. (LINT-1)
Warning: In design 'config_analyzer_MAX_K5_HYBRID_ENTRY_NUM14_ROW_W10_COL_W10_PATTERN_ID_W4_MAX_PATTERNS10', cell 'C46182' does not drive any nets. (LINT-1)
Warning: In design 'config_analyzer_MAX_K5_HYBRID_ENTRY_NUM14_ROW_W10_COL_W10_PATTERN_ID_W4_MAX_PATTERNS10', cell 'C46188' does not drive any nets. (LINT-1)
Warning: In design 'config_analyzer_MAX_K5_HYBRID_ENTRY_NUM14_ROW_W10_COL_W10_PATTERN_ID_W4_MAX_PATTERNS10', cell 'C46194' does not drive any nets. (LINT-1)
Warning: In design 'config_analyzer_MAX_K5_HYBRID_ENTRY_NUM14_ROW_W10_COL_W10_PATTERN_ID_W4_MAX_PATTERNS10', cell 'C46200' does not drive any nets. (LINT-1)
Warning: In design 'config_analyzer_MAX_K5_HYBRID_ENTRY_NUM14_ROW_W10_COL_W10_PATTERN_ID_W4_MAX_PATTERNS10', cell 'C46367' does not drive any nets. (LINT-1)
Warning: In design 'config_analyzer_MAX_K5_HYBRID_ENTRY_NUM14_ROW_W10_COL_W10_PATTERN_ID_W4_MAX_PATTERNS10', cell 'C46373' does not drive any nets. (LINT-1)
Warning: In design 'config_analyzer_MAX_K5_HYBRID_ENTRY_NUM14_ROW_W10_COL_W10_PATTERN_ID_W4_MAX_PATTERNS10', cell 'C46380' does not drive any nets. (LINT-1)
Warning: In design 'config_analyzer_MAX_K5_HYBRID_ENTRY_NUM14_ROW_W10_COL_W10_PATTERN_ID_W4_MAX_PATTERNS10', cell 'C46386' does not drive any nets. (LINT-1)
Warning: In design 'config_analyzer_MAX_K5_HYBRID_ENTRY_NUM14_ROW_W10_COL_W10_PATTERN_ID_W4_MAX_PATTERNS10', cell 'C46392' does not drive any nets. (LINT-1)
Warning: In design 'config_analyzer_MAX_K5_HYBRID_ENTRY_NUM14_ROW_W10_COL_W10_PATTERN_ID_W4_MAX_PATTERNS10', cell 'C46398' does not drive any nets. (LINT-1)
Warning: In design 'config_analyzer_MAX_K5_HYBRID_ENTRY_NUM14_ROW_W10_COL_W10_PATTERN_ID_W4_MAX_PATTERNS10', cell 'C46565' does not drive any nets. (LINT-1)
Warning: In design 'config_analyzer_MAX_K5_HYBRID_ENTRY_NUM14_ROW_W10_COL_W10_PATTERN_ID_W4_MAX_PATTERNS10', cell 'C46571' does not drive any nets. (LINT-1)
Warning: In design 'config_analyzer_MAX_K5_HYBRID_ENTRY_NUM14_ROW_W10_COL_W10_PATTERN_ID_W4_MAX_PATTERNS10', cell 'C46578' does not drive any nets. (LINT-1)
Warning: In design 'config_analyzer_MAX_K5_HYBRID_ENTRY_NUM14_ROW_W10_COL_W10_PATTERN_ID_W4_MAX_PATTERNS10', cell 'C46584' does not drive any nets. (LINT-1)
Warning: In design 'config_analyzer_MAX_K5_HYBRID_ENTRY_NUM14_ROW_W10_COL_W10_PATTERN_ID_W4_MAX_PATTERNS10', cell 'C46590' does not drive any nets. (LINT-1)
Warning: In design 'config_analyzer_MAX_K5_HYBRID_ENTRY_NUM14_ROW_W10_COL_W10_PATTERN_ID_W4_MAX_PATTERNS10', cell 'C46596' does not drive any nets. (LINT-1)
Warning: In design 'config_analyzer_MAX_K5_HYBRID_ENTRY_NUM14_ROW_W10_COL_W10_PATTERN_ID_W4_MAX_PATTERNS10', cell 'C46763' does not drive any nets. (LINT-1)
Warning: In design 'config_analyzer_MAX_K5_HYBRID_ENTRY_NUM14_ROW_W10_COL_W10_PATTERN_ID_W4_MAX_PATTERNS10', cell 'C46769' does not drive any nets. (LINT-1)
Warning: In design 'config_analyzer_MAX_K5_HYBRID_ENTRY_NUM14_ROW_W10_COL_W10_PATTERN_ID_W4_MAX_PATTERNS10', cell 'C46776' does not drive any nets. (LINT-1)
Warning: In design 'config_analyzer_MAX_K5_HYBRID_ENTRY_NUM14_ROW_W10_COL_W10_PATTERN_ID_W4_MAX_PATTERNS10', cell 'C46782' does not drive any nets. (LINT-1)
Warning: In design 'config_analyzer_MAX_K5_HYBRID_ENTRY_NUM14_ROW_W10_COL_W10_PATTERN_ID_W4_MAX_PATTERNS10', cell 'C46788' does not drive any nets. (LINT-1)
Warning: In design 'config_analyzer_MAX_K5_HYBRID_ENTRY_NUM14_ROW_W10_COL_W10_PATTERN_ID_W4_MAX_PATTERNS10', cell 'C46794' does not drive any nets. (LINT-1)
Warning: In design 'config_analyzer_MAX_K5_HYBRID_ENTRY_NUM14_ROW_W10_COL_W10_PATTERN_ID_W4_MAX_PATTERNS10', cell 'C46961' does not drive any nets. (LINT-1)
Warning: In design 'config_analyzer_MAX_K5_HYBRID_ENTRY_NUM14_ROW_W10_COL_W10_PATTERN_ID_W4_MAX_PATTERNS10', cell 'C46967' does not drive any nets. (LINT-1)
Warning: In design 'config_analyzer_MAX_K5_HYBRID_ENTRY_NUM14_ROW_W10_COL_W10_PATTERN_ID_W4_MAX_PATTERNS10', cell 'C46974' does not drive any nets. (LINT-1)
Warning: In design 'config_analyzer_MAX_K5_HYBRID_ENTRY_NUM14_ROW_W10_COL_W10_PATTERN_ID_W4_MAX_PATTERNS10', cell 'C46980' does not drive any nets. (LINT-1)
Warning: In design 'config_analyzer_MAX_K5_HYBRID_ENTRY_NUM14_ROW_W10_COL_W10_PATTERN_ID_W4_MAX_PATTERNS10', cell 'C46986' does not drive any nets. (LINT-1)
Warning: In design 'config_analyzer_MAX_K5_HYBRID_ENTRY_NUM14_ROW_W10_COL_W10_PATTERN_ID_W4_MAX_PATTERNS10', cell 'C46992' does not drive any nets. (LINT-1)
Warning: In design 'config_analyzer_MAX_K5_HYBRID_ENTRY_NUM14_ROW_W10_COL_W10_PATTERN_ID_W4_MAX_PATTERNS10', cell 'C47159' does not drive any nets. (LINT-1)
Warning: In design 'config_analyzer_MAX_K5_HYBRID_ENTRY_NUM14_ROW_W10_COL_W10_PATTERN_ID_W4_MAX_PATTERNS10', cell 'C47165' does not drive any nets. (LINT-1)
Warning: In design 'config_analyzer_MAX_K5_HYBRID_ENTRY_NUM14_ROW_W10_COL_W10_PATTERN_ID_W4_MAX_PATTERNS10', cell 'C47172' does not drive any nets. (LINT-1)
Warning: In design 'config_analyzer_MAX_K5_HYBRID_ENTRY_NUM14_ROW_W10_COL_W10_PATTERN_ID_W4_MAX_PATTERNS10', cell 'C47178' does not drive any nets. (LINT-1)
Warning: In design 'config_analyzer_MAX_K5_HYBRID_ENTRY_NUM14_ROW_W10_COL_W10_PATTERN_ID_W4_MAX_PATTERNS10', cell 'C47184' does not drive any nets. (LINT-1)
Warning: In design 'config_analyzer_MAX_K5_HYBRID_ENTRY_NUM14_ROW_W10_COL_W10_PATTERN_ID_W4_MAX_PATTERNS10', cell 'C47190' does not drive any nets. (LINT-1)
Warning: In design 'config_analyzer_MAX_K5_HYBRID_ENTRY_NUM14_ROW_W10_COL_W10_PATTERN_ID_W4_MAX_PATTERNS10', cell 'C47357' does not drive any nets. (LINT-1)
Warning: In design 'config_analyzer_MAX_K5_HYBRID_ENTRY_NUM14_ROW_W10_COL_W10_PATTERN_ID_W4_MAX_PATTERNS10', cell 'C47363' does not drive any nets. (LINT-1)
Warning: In design 'config_analyzer_MAX_K5_HYBRID_ENTRY_NUM14_ROW_W10_COL_W10_PATTERN_ID_W4_MAX_PATTERNS10', cell 'C47370' does not drive any nets. (LINT-1)
Warning: In design 'config_analyzer_MAX_K5_HYBRID_ENTRY_NUM14_ROW_W10_COL_W10_PATTERN_ID_W4_MAX_PATTERNS10', cell 'C47376' does not drive any nets. (LINT-1)
Warning: In design 'config_analyzer_MAX_K5_HYBRID_ENTRY_NUM14_ROW_W10_COL_W10_PATTERN_ID_W4_MAX_PATTERNS10', cell 'C47382' does not drive any nets. (LINT-1)
Warning: In design 'config_analyzer_MAX_K5_HYBRID_ENTRY_NUM14_ROW_W10_COL_W10_PATTERN_ID_W4_MAX_PATTERNS10', cell 'C47388' does not drive any nets. (LINT-1)
Warning: In design 'config_analyzer_MAX_K5_HYBRID_ENTRY_NUM14_ROW_W10_COL_W10_PATTERN_ID_W4_MAX_PATTERNS10', cell 'C47555' does not drive any nets. (LINT-1)
Warning: In design 'config_analyzer_MAX_K5_HYBRID_ENTRY_NUM14_ROW_W10_COL_W10_PATTERN_ID_W4_MAX_PATTERNS10', cell 'C47561' does not drive any nets. (LINT-1)
Warning: In design 'config_analyzer_MAX_K5_HYBRID_ENTRY_NUM14_ROW_W10_COL_W10_PATTERN_ID_W4_MAX_PATTERNS10', cell 'C47568' does not drive any nets. (LINT-1)
Warning: In design 'config_analyzer_MAX_K5_HYBRID_ENTRY_NUM14_ROW_W10_COL_W10_PATTERN_ID_W4_MAX_PATTERNS10', cell 'C47574' does not drive any nets. (LINT-1)
Warning: In design 'config_analyzer_MAX_K5_HYBRID_ENTRY_NUM14_ROW_W10_COL_W10_PATTERN_ID_W4_MAX_PATTERNS10', cell 'C47580' does not drive any nets. (LINT-1)
Warning: In design 'config_analyzer_MAX_K5_HYBRID_ENTRY_NUM14_ROW_W10_COL_W10_PATTERN_ID_W4_MAX_PATTERNS10', cell 'C47586' does not drive any nets. (LINT-1)
Warning: In design 'config_analyzer_MAX_K5_HYBRID_ENTRY_NUM14_ROW_W10_COL_W10_PATTERN_ID_W4_MAX_PATTERNS10', cell 'C47753' does not drive any nets. (LINT-1)
Warning: In design 'config_analyzer_MAX_K5_HYBRID_ENTRY_NUM14_ROW_W10_COL_W10_PATTERN_ID_W4_MAX_PATTERNS10', cell 'C47759' does not drive any nets. (LINT-1)
Warning: In design 'config_analyzer_MAX_K5_HYBRID_ENTRY_NUM14_ROW_W10_COL_W10_PATTERN_ID_W4_MAX_PATTERNS10', cell 'C47766' does not drive any nets. (LINT-1)
Warning: In design 'config_analyzer_MAX_K5_HYBRID_ENTRY_NUM14_ROW_W10_COL_W10_PATTERN_ID_W4_MAX_PATTERNS10', cell 'C47772' does not drive any nets. (LINT-1)
Warning: In design 'config_analyzer_MAX_K5_HYBRID_ENTRY_NUM14_ROW_W10_COL_W10_PATTERN_ID_W4_MAX_PATTERNS10', cell 'C47778' does not drive any nets. (LINT-1)
Warning: In design 'config_analyzer_MAX_K5_HYBRID_ENTRY_NUM14_ROW_W10_COL_W10_PATTERN_ID_W4_MAX_PATTERNS10', cell 'C47784' does not drive any nets. (LINT-1)
Warning: In design 'config_analyzer_MAX_K5_HYBRID_ENTRY_NUM14_ROW_W10_COL_W10_PATTERN_ID_W4_MAX_PATTERNS10', cell 'C47951' does not drive any nets. (LINT-1)
Warning: In design 'config_analyzer_MAX_K5_HYBRID_ENTRY_NUM14_ROW_W10_COL_W10_PATTERN_ID_W4_MAX_PATTERNS10', cell 'C47957' does not drive any nets. (LINT-1)
Warning: In design 'config_analyzer_MAX_K5_HYBRID_ENTRY_NUM14_ROW_W10_COL_W10_PATTERN_ID_W4_MAX_PATTERNS10', cell 'C47964' does not drive any nets. (LINT-1)
Warning: In design 'config_analyzer_MAX_K5_HYBRID_ENTRY_NUM14_ROW_W10_COL_W10_PATTERN_ID_W4_MAX_PATTERNS10', cell 'C47970' does not drive any nets. (LINT-1)
Warning: In design 'config_analyzer_MAX_K5_HYBRID_ENTRY_NUM14_ROW_W10_COL_W10_PATTERN_ID_W4_MAX_PATTERNS10', cell 'C47976' does not drive any nets. (LINT-1)
Warning: In design 'config_analyzer_MAX_K5_HYBRID_ENTRY_NUM14_ROW_W10_COL_W10_PATTERN_ID_W4_MAX_PATTERNS10', cell 'C47982' does not drive any nets. (LINT-1)
Warning: In design 'config_analyzer_MAX_K5_HYBRID_ENTRY_NUM14_ROW_W10_COL_W10_PATTERN_ID_W4_MAX_PATTERNS10', cell 'C48149' does not drive any nets. (LINT-1)
Warning: In design 'config_analyzer_MAX_K5_HYBRID_ENTRY_NUM14_ROW_W10_COL_W10_PATTERN_ID_W4_MAX_PATTERNS10', cell 'C48155' does not drive any nets. (LINT-1)
Warning: In design 'config_analyzer_MAX_K5_HYBRID_ENTRY_NUM14_ROW_W10_COL_W10_PATTERN_ID_W4_MAX_PATTERNS10', cell 'C48162' does not drive any nets. (LINT-1)
Warning: In design 'config_analyzer_MAX_K5_HYBRID_ENTRY_NUM14_ROW_W10_COL_W10_PATTERN_ID_W4_MAX_PATTERNS10', cell 'C48168' does not drive any nets. (LINT-1)
Warning: In design 'config_analyzer_MAX_K5_HYBRID_ENTRY_NUM14_ROW_W10_COL_W10_PATTERN_ID_W4_MAX_PATTERNS10', cell 'C48174' does not drive any nets. (LINT-1)
Warning: In design 'config_analyzer_MAX_K5_HYBRID_ENTRY_NUM14_ROW_W10_COL_W10_PATTERN_ID_W4_MAX_PATTERNS10', cell 'C48180' does not drive any nets. (LINT-1)
Warning: In design 'config_analyzer_MAX_K5_HYBRID_ENTRY_NUM14_ROW_W10_COL_W10_PATTERN_ID_W4_MAX_PATTERNS10', cell 'C48347' does not drive any nets. (LINT-1)
Warning: In design 'config_analyzer_MAX_K5_HYBRID_ENTRY_NUM14_ROW_W10_COL_W10_PATTERN_ID_W4_MAX_PATTERNS10', cell 'C48353' does not drive any nets. (LINT-1)
Warning: In design 'config_analyzer_MAX_K5_HYBRID_ENTRY_NUM14_ROW_W10_COL_W10_PATTERN_ID_W4_MAX_PATTERNS10', cell 'C48360' does not drive any nets. (LINT-1)
Warning: In design 'config_analyzer_MAX_K5_HYBRID_ENTRY_NUM14_ROW_W10_COL_W10_PATTERN_ID_W4_MAX_PATTERNS10', cell 'C48366' does not drive any nets. (LINT-1)
Warning: In design 'config_analyzer_MAX_K5_HYBRID_ENTRY_NUM14_ROW_W10_COL_W10_PATTERN_ID_W4_MAX_PATTERNS10', cell 'C48372' does not drive any nets. (LINT-1)
Warning: In design 'config_analyzer_MAX_K5_HYBRID_ENTRY_NUM14_ROW_W10_COL_W10_PATTERN_ID_W4_MAX_PATTERNS10', cell 'C48378' does not drive any nets. (LINT-1)
Warning: In design 'config_analyzer_MAX_K5_HYBRID_ENTRY_NUM14_ROW_W10_COL_W10_PATTERN_ID_W4_MAX_PATTERNS10', cell 'C48545' does not drive any nets. (LINT-1)
Warning: In design 'config_analyzer_MAX_K5_HYBRID_ENTRY_NUM14_ROW_W10_COL_W10_PATTERN_ID_W4_MAX_PATTERNS10', cell 'C48551' does not drive any nets. (LINT-1)
Warning: In design 'config_analyzer_MAX_K5_HYBRID_ENTRY_NUM14_ROW_W10_COL_W10_PATTERN_ID_W4_MAX_PATTERNS10', cell 'C48558' does not drive any nets. (LINT-1)
Warning: In design 'config_analyzer_MAX_K5_HYBRID_ENTRY_NUM14_ROW_W10_COL_W10_PATTERN_ID_W4_MAX_PATTERNS10', cell 'C48564' does not drive any nets. (LINT-1)
Warning: In design 'config_analyzer_MAX_K5_HYBRID_ENTRY_NUM14_ROW_W10_COL_W10_PATTERN_ID_W4_MAX_PATTERNS10', cell 'C48570' does not drive any nets. (LINT-1)
Warning: In design 'config_analyzer_MAX_K5_HYBRID_ENTRY_NUM14_ROW_W10_COL_W10_PATTERN_ID_W4_MAX_PATTERNS10', cell 'C48576' does not drive any nets. (LINT-1)
Warning: In design 'config_analyzer_MAX_K5_HYBRID_ENTRY_NUM14_ROW_W10_COL_W10_PATTERN_ID_W4_MAX_PATTERNS10', cell 'C48743' does not drive any nets. (LINT-1)
Warning: In design 'config_analyzer_MAX_K5_HYBRID_ENTRY_NUM14_ROW_W10_COL_W10_PATTERN_ID_W4_MAX_PATTERNS10', cell 'C48749' does not drive any nets. (LINT-1)
Warning: In design 'config_analyzer_MAX_K5_HYBRID_ENTRY_NUM14_ROW_W10_COL_W10_PATTERN_ID_W4_MAX_PATTERNS10', cell 'C48756' does not drive any nets. (LINT-1)
Warning: In design 'config_analyzer_MAX_K5_HYBRID_ENTRY_NUM14_ROW_W10_COL_W10_PATTERN_ID_W4_MAX_PATTERNS10', cell 'C48762' does not drive any nets. (LINT-1)
Warning: In design 'config_analyzer_MAX_K5_HYBRID_ENTRY_NUM14_ROW_W10_COL_W10_PATTERN_ID_W4_MAX_PATTERNS10', cell 'C48768' does not drive any nets. (LINT-1)
Warning: In design 'config_analyzer_MAX_K5_HYBRID_ENTRY_NUM14_ROW_W10_COL_W10_PATTERN_ID_W4_MAX_PATTERNS10', cell 'C48774' does not drive any nets. (LINT-1)
Warning: In design 'config_analyzer_MAX_K5_HYBRID_ENTRY_NUM14_ROW_W10_COL_W10_PATTERN_ID_W4_MAX_PATTERNS10', cell 'C48941' does not drive any nets. (LINT-1)
Warning: In design 'config_analyzer_MAX_K5_HYBRID_ENTRY_NUM14_ROW_W10_COL_W10_PATTERN_ID_W4_MAX_PATTERNS10', cell 'C48947' does not drive any nets. (LINT-1)
Warning: In design 'config_analyzer_MAX_K5_HYBRID_ENTRY_NUM14_ROW_W10_COL_W10_PATTERN_ID_W4_MAX_PATTERNS10', cell 'C48954' does not drive any nets. (LINT-1)
Warning: In design 'config_analyzer_MAX_K5_HYBRID_ENTRY_NUM14_ROW_W10_COL_W10_PATTERN_ID_W4_MAX_PATTERNS10', cell 'C48960' does not drive any nets. (LINT-1)
Warning: In design 'config_analyzer_MAX_K5_HYBRID_ENTRY_NUM14_ROW_W10_COL_W10_PATTERN_ID_W4_MAX_PATTERNS10', cell 'C48966' does not drive any nets. (LINT-1)
Warning: In design 'config_analyzer_MAX_K5_HYBRID_ENTRY_NUM14_ROW_W10_COL_W10_PATTERN_ID_W4_MAX_PATTERNS10', cell 'C48972' does not drive any nets. (LINT-1)
Warning: In design 'config_analyzer_MAX_K5_HYBRID_ENTRY_NUM14_ROW_W10_COL_W10_PATTERN_ID_W4_MAX_PATTERNS10', cell 'C49139' does not drive any nets. (LINT-1)
Warning: In design 'config_analyzer_MAX_K5_HYBRID_ENTRY_NUM14_ROW_W10_COL_W10_PATTERN_ID_W4_MAX_PATTERNS10', cell 'C49145' does not drive any nets. (LINT-1)
Warning: In design 'config_analyzer_MAX_K5_HYBRID_ENTRY_NUM14_ROW_W10_COL_W10_PATTERN_ID_W4_MAX_PATTERNS10', cell 'C49152' does not drive any nets. (LINT-1)
Warning: In design 'config_analyzer_MAX_K5_HYBRID_ENTRY_NUM14_ROW_W10_COL_W10_PATTERN_ID_W4_MAX_PATTERNS10', cell 'C49158' does not drive any nets. (LINT-1)
Warning: In design 'config_analyzer_MAX_K5_HYBRID_ENTRY_NUM14_ROW_W10_COL_W10_PATTERN_ID_W4_MAX_PATTERNS10', cell 'C49164' does not drive any nets. (LINT-1)
Warning: In design 'config_analyzer_MAX_K5_HYBRID_ENTRY_NUM14_ROW_W10_COL_W10_PATTERN_ID_W4_MAX_PATTERNS10', cell 'C49170' does not drive any nets. (LINT-1)
Warning: In design 'config_analyzer_MAX_K5_HYBRID_ENTRY_NUM14_ROW_W10_COL_W10_PATTERN_ID_W4_MAX_PATTERNS10', cell 'C49337' does not drive any nets. (LINT-1)
Warning: In design 'config_analyzer_MAX_K5_HYBRID_ENTRY_NUM14_ROW_W10_COL_W10_PATTERN_ID_W4_MAX_PATTERNS10', cell 'C49343' does not drive any nets. (LINT-1)
Warning: In design 'config_analyzer_MAX_K5_HYBRID_ENTRY_NUM14_ROW_W10_COL_W10_PATTERN_ID_W4_MAX_PATTERNS10', cell 'C49350' does not drive any nets. (LINT-1)
Warning: In design 'config_analyzer_MAX_K5_HYBRID_ENTRY_NUM14_ROW_W10_COL_W10_PATTERN_ID_W4_MAX_PATTERNS10', cell 'C49356' does not drive any nets. (LINT-1)
Warning: In design 'config_analyzer_MAX_K5_HYBRID_ENTRY_NUM14_ROW_W10_COL_W10_PATTERN_ID_W4_MAX_PATTERNS10', cell 'C49362' does not drive any nets. (LINT-1)
Warning: In design 'config_analyzer_MAX_K5_HYBRID_ENTRY_NUM14_ROW_W10_COL_W10_PATTERN_ID_W4_MAX_PATTERNS10', cell 'C49368' does not drive any nets. (LINT-1)
Warning: In design 'config_analyzer_MAX_K5_HYBRID_ENTRY_NUM14_ROW_W10_COL_W10_PATTERN_ID_W4_MAX_PATTERNS10', cell 'C49535' does not drive any nets. (LINT-1)
Warning: In design 'config_analyzer_MAX_K5_HYBRID_ENTRY_NUM14_ROW_W10_COL_W10_PATTERN_ID_W4_MAX_PATTERNS10', cell 'C49541' does not drive any nets. (LINT-1)
Warning: In design 'config_analyzer_MAX_K5_HYBRID_ENTRY_NUM14_ROW_W10_COL_W10_PATTERN_ID_W4_MAX_PATTERNS10', cell 'C49548' does not drive any nets. (LINT-1)
Warning: In design 'config_analyzer_MAX_K5_HYBRID_ENTRY_NUM14_ROW_W10_COL_W10_PATTERN_ID_W4_MAX_PATTERNS10', cell 'C49554' does not drive any nets. (LINT-1)
Warning: In design 'config_analyzer_MAX_K5_HYBRID_ENTRY_NUM14_ROW_W10_COL_W10_PATTERN_ID_W4_MAX_PATTERNS10', cell 'C49560' does not drive any nets. (LINT-1)
Warning: In design 'config_analyzer_MAX_K5_HYBRID_ENTRY_NUM14_ROW_W10_COL_W10_PATTERN_ID_W4_MAX_PATTERNS10', cell 'C49566' does not drive any nets. (LINT-1)
Warning: In design 'config_analyzer_MAX_K5_HYBRID_ENTRY_NUM14_ROW_W10_COL_W10_PATTERN_ID_W4_MAX_PATTERNS10', cell 'C49733' does not drive any nets. (LINT-1)
Warning: In design 'config_analyzer_MAX_K5_HYBRID_ENTRY_NUM14_ROW_W10_COL_W10_PATTERN_ID_W4_MAX_PATTERNS10', cell 'C49739' does not drive any nets. (LINT-1)
Warning: In design 'config_analyzer_MAX_K5_HYBRID_ENTRY_NUM14_ROW_W10_COL_W10_PATTERN_ID_W4_MAX_PATTERNS10', cell 'C49746' does not drive any nets. (LINT-1)
Warning: In design 'config_analyzer_MAX_K5_HYBRID_ENTRY_NUM14_ROW_W10_COL_W10_PATTERN_ID_W4_MAX_PATTERNS10', cell 'C49752' does not drive any nets. (LINT-1)
Warning: In design 'config_analyzer_MAX_K5_HYBRID_ENTRY_NUM14_ROW_W10_COL_W10_PATTERN_ID_W4_MAX_PATTERNS10', cell 'C49758' does not drive any nets. (LINT-1)
Warning: In design 'config_analyzer_MAX_K5_HYBRID_ENTRY_NUM14_ROW_W10_COL_W10_PATTERN_ID_W4_MAX_PATTERNS10', cell 'C49764' does not drive any nets. (LINT-1)
Warning: In design 'config_analyzer_MAX_K5_HYBRID_ENTRY_NUM14_ROW_W10_COL_W10_PATTERN_ID_W4_MAX_PATTERNS10', cell 'C49931' does not drive any nets. (LINT-1)
Warning: In design 'config_analyzer_MAX_K5_HYBRID_ENTRY_NUM14_ROW_W10_COL_W10_PATTERN_ID_W4_MAX_PATTERNS10', cell 'C49937' does not drive any nets. (LINT-1)
Warning: In design 'config_analyzer_MAX_K5_HYBRID_ENTRY_NUM14_ROW_W10_COL_W10_PATTERN_ID_W4_MAX_PATTERNS10', cell 'C49944' does not drive any nets. (LINT-1)
Warning: In design 'config_analyzer_MAX_K5_HYBRID_ENTRY_NUM14_ROW_W10_COL_W10_PATTERN_ID_W4_MAX_PATTERNS10', cell 'C49950' does not drive any nets. (LINT-1)
Warning: In design 'config_analyzer_MAX_K5_HYBRID_ENTRY_NUM14_ROW_W10_COL_W10_PATTERN_ID_W4_MAX_PATTERNS10', cell 'C49956' does not drive any nets. (LINT-1)
Warning: In design 'config_analyzer_MAX_K5_HYBRID_ENTRY_NUM14_ROW_W10_COL_W10_PATTERN_ID_W4_MAX_PATTERNS10', cell 'C49962' does not drive any nets. (LINT-1)
Warning: In design 'config_analyzer_MAX_K5_HYBRID_ENTRY_NUM14_ROW_W10_COL_W10_PATTERN_ID_W4_MAX_PATTERNS10', cell 'C50129' does not drive any nets. (LINT-1)
Warning: In design 'config_analyzer_MAX_K5_HYBRID_ENTRY_NUM14_ROW_W10_COL_W10_PATTERN_ID_W4_MAX_PATTERNS10', cell 'C50135' does not drive any nets. (LINT-1)
Warning: In design 'config_analyzer_MAX_K5_HYBRID_ENTRY_NUM14_ROW_W10_COL_W10_PATTERN_ID_W4_MAX_PATTERNS10', cell 'C50142' does not drive any nets. (LINT-1)
Warning: In design 'config_analyzer_MAX_K5_HYBRID_ENTRY_NUM14_ROW_W10_COL_W10_PATTERN_ID_W4_MAX_PATTERNS10', cell 'C50148' does not drive any nets. (LINT-1)
Warning: In design 'config_analyzer_MAX_K5_HYBRID_ENTRY_NUM14_ROW_W10_COL_W10_PATTERN_ID_W4_MAX_PATTERNS10', cell 'C50154' does not drive any nets. (LINT-1)
Warning: In design 'config_analyzer_MAX_K5_HYBRID_ENTRY_NUM14_ROW_W10_COL_W10_PATTERN_ID_W4_MAX_PATTERNS10', cell 'C50160' does not drive any nets. (LINT-1)
Warning: In design 'config_analyzer_MAX_K5_HYBRID_ENTRY_NUM14_ROW_W10_COL_W10_PATTERN_ID_W4_MAX_PATTERNS10', cell 'C50327' does not drive any nets. (LINT-1)
Warning: In design 'config_analyzer_MAX_K5_HYBRID_ENTRY_NUM14_ROW_W10_COL_W10_PATTERN_ID_W4_MAX_PATTERNS10', cell 'C50333' does not drive any nets. (LINT-1)
Warning: In design 'config_analyzer_MAX_K5_HYBRID_ENTRY_NUM14_ROW_W10_COL_W10_PATTERN_ID_W4_MAX_PATTERNS10', cell 'C50340' does not drive any nets. (LINT-1)
Warning: In design 'config_analyzer_MAX_K5_HYBRID_ENTRY_NUM14_ROW_W10_COL_W10_PATTERN_ID_W4_MAX_PATTERNS10', cell 'C50346' does not drive any nets. (LINT-1)
Warning: In design 'config_analyzer_MAX_K5_HYBRID_ENTRY_NUM14_ROW_W10_COL_W10_PATTERN_ID_W4_MAX_PATTERNS10', cell 'C50352' does not drive any nets. (LINT-1)
Warning: In design 'config_analyzer_MAX_K5_HYBRID_ENTRY_NUM14_ROW_W10_COL_W10_PATTERN_ID_W4_MAX_PATTERNS10', cell 'C50358' does not drive any nets. (LINT-1)
Warning: In design 'config_analyzer_MAX_K5_HYBRID_ENTRY_NUM14_ROW_W10_COL_W10_PATTERN_ID_W4_MAX_PATTERNS10', cell 'C50525' does not drive any nets. (LINT-1)
Warning: In design 'config_analyzer_MAX_K5_HYBRID_ENTRY_NUM14_ROW_W10_COL_W10_PATTERN_ID_W4_MAX_PATTERNS10', cell 'C50531' does not drive any nets. (LINT-1)
Warning: In design 'config_analyzer_MAX_K5_HYBRID_ENTRY_NUM14_ROW_W10_COL_W10_PATTERN_ID_W4_MAX_PATTERNS10', cell 'C50538' does not drive any nets. (LINT-1)
Warning: In design 'config_analyzer_MAX_K5_HYBRID_ENTRY_NUM14_ROW_W10_COL_W10_PATTERN_ID_W4_MAX_PATTERNS10', cell 'C50544' does not drive any nets. (LINT-1)
Warning: In design 'config_analyzer_MAX_K5_HYBRID_ENTRY_NUM14_ROW_W10_COL_W10_PATTERN_ID_W4_MAX_PATTERNS10', cell 'C50550' does not drive any nets. (LINT-1)
Warning: In design 'config_analyzer_MAX_K5_HYBRID_ENTRY_NUM14_ROW_W10_COL_W10_PATTERN_ID_W4_MAX_PATTERNS10', cell 'C50556' does not drive any nets. (LINT-1)
Warning: In design 'config_analyzer_MAX_K5_HYBRID_ENTRY_NUM14_ROW_W10_COL_W10_PATTERN_ID_W4_MAX_PATTERNS10', cell 'C50723' does not drive any nets. (LINT-1)
Warning: In design 'config_analyzer_MAX_K5_HYBRID_ENTRY_NUM14_ROW_W10_COL_W10_PATTERN_ID_W4_MAX_PATTERNS10', cell 'C50729' does not drive any nets. (LINT-1)
Warning: In design 'config_analyzer_MAX_K5_HYBRID_ENTRY_NUM14_ROW_W10_COL_W10_PATTERN_ID_W4_MAX_PATTERNS10', cell 'C50736' does not drive any nets. (LINT-1)
Warning: In design 'config_analyzer_MAX_K5_HYBRID_ENTRY_NUM14_ROW_W10_COL_W10_PATTERN_ID_W4_MAX_PATTERNS10', cell 'C50742' does not drive any nets. (LINT-1)
Warning: In design 'config_analyzer_MAX_K5_HYBRID_ENTRY_NUM14_ROW_W10_COL_W10_PATTERN_ID_W4_MAX_PATTERNS10', cell 'C50748' does not drive any nets. (LINT-1)
Warning: In design 'config_analyzer_MAX_K5_HYBRID_ENTRY_NUM14_ROW_W10_COL_W10_PATTERN_ID_W4_MAX_PATTERNS10', cell 'C50754' does not drive any nets. (LINT-1)
Warning: In design 'config_analyzer_MAX_K5_HYBRID_ENTRY_NUM14_ROW_W10_COL_W10_PATTERN_ID_W4_MAX_PATTERNS10', cell 'C50921' does not drive any nets. (LINT-1)
Warning: In design 'config_analyzer_MAX_K5_HYBRID_ENTRY_NUM14_ROW_W10_COL_W10_PATTERN_ID_W4_MAX_PATTERNS10', cell 'C50927' does not drive any nets. (LINT-1)
Warning: In design 'config_analyzer_MAX_K5_HYBRID_ENTRY_NUM14_ROW_W10_COL_W10_PATTERN_ID_W4_MAX_PATTERNS10', cell 'C50934' does not drive any nets. (LINT-1)
Warning: In design 'config_analyzer_MAX_K5_HYBRID_ENTRY_NUM14_ROW_W10_COL_W10_PATTERN_ID_W4_MAX_PATTERNS10', cell 'C50940' does not drive any nets. (LINT-1)
Warning: In design 'config_analyzer_MAX_K5_HYBRID_ENTRY_NUM14_ROW_W10_COL_W10_PATTERN_ID_W4_MAX_PATTERNS10', cell 'C50946' does not drive any nets. (LINT-1)
Warning: In design 'config_analyzer_MAX_K5_HYBRID_ENTRY_NUM14_ROW_W10_COL_W10_PATTERN_ID_W4_MAX_PATTERNS10', cell 'C50952' does not drive any nets. (LINT-1)
Warning: In design 'config_analyzer_MAX_K5_HYBRID_ENTRY_NUM14_ROW_W10_COL_W10_PATTERN_ID_W4_MAX_PATTERNS10', cell 'C51119' does not drive any nets. (LINT-1)
Warning: In design 'config_analyzer_MAX_K5_HYBRID_ENTRY_NUM14_ROW_W10_COL_W10_PATTERN_ID_W4_MAX_PATTERNS10', cell 'C51125' does not drive any nets. (LINT-1)
Warning: In design 'config_analyzer_MAX_K5_HYBRID_ENTRY_NUM14_ROW_W10_COL_W10_PATTERN_ID_W4_MAX_PATTERNS10', cell 'C51132' does not drive any nets. (LINT-1)
Warning: In design 'config_analyzer_MAX_K5_HYBRID_ENTRY_NUM14_ROW_W10_COL_W10_PATTERN_ID_W4_MAX_PATTERNS10', cell 'C51138' does not drive any nets. (LINT-1)
Warning: In design 'config_analyzer_MAX_K5_HYBRID_ENTRY_NUM14_ROW_W10_COL_W10_PATTERN_ID_W4_MAX_PATTERNS10', cell 'C51144' does not drive any nets. (LINT-1)
Warning: In design 'config_analyzer_MAX_K5_HYBRID_ENTRY_NUM14_ROW_W10_COL_W10_PATTERN_ID_W4_MAX_PATTERNS10', cell 'C51150' does not drive any nets. (LINT-1)
Warning: In design 'config_analyzer_MAX_K5_HYBRID_ENTRY_NUM14_ROW_W10_COL_W10_PATTERN_ID_W4_MAX_PATTERNS10', cell 'C51317' does not drive any nets. (LINT-1)
Warning: In design 'config_analyzer_MAX_K5_HYBRID_ENTRY_NUM14_ROW_W10_COL_W10_PATTERN_ID_W4_MAX_PATTERNS10', cell 'C51323' does not drive any nets. (LINT-1)
Warning: In design 'config_analyzer_MAX_K5_HYBRID_ENTRY_NUM14_ROW_W10_COL_W10_PATTERN_ID_W4_MAX_PATTERNS10', cell 'C51330' does not drive any nets. (LINT-1)
Warning: In design 'config_analyzer_MAX_K5_HYBRID_ENTRY_NUM14_ROW_W10_COL_W10_PATTERN_ID_W4_MAX_PATTERNS10', cell 'C51336' does not drive any nets. (LINT-1)
Warning: In design 'config_analyzer_MAX_K5_HYBRID_ENTRY_NUM14_ROW_W10_COL_W10_PATTERN_ID_W4_MAX_PATTERNS10', cell 'C51342' does not drive any nets. (LINT-1)
Warning: In design 'config_analyzer_MAX_K5_HYBRID_ENTRY_NUM14_ROW_W10_COL_W10_PATTERN_ID_W4_MAX_PATTERNS10', cell 'C51348' does not drive any nets. (LINT-1)
Warning: In design 'config_analyzer_MAX_K5_HYBRID_ENTRY_NUM14_ROW_W10_COL_W10_PATTERN_ID_W4_MAX_PATTERNS10', cell 'C51515' does not drive any nets. (LINT-1)
Warning: In design 'config_analyzer_MAX_K5_HYBRID_ENTRY_NUM14_ROW_W10_COL_W10_PATTERN_ID_W4_MAX_PATTERNS10', cell 'C51521' does not drive any nets. (LINT-1)
Warning: In design 'config_analyzer_MAX_K5_HYBRID_ENTRY_NUM14_ROW_W10_COL_W10_PATTERN_ID_W4_MAX_PATTERNS10', cell 'C51525' does not drive any nets. (LINT-1)
Warning: In design 'config_analyzer_MAX_K5_HYBRID_ENTRY_NUM14_ROW_W10_COL_W10_PATTERN_ID_W4_MAX_PATTERNS10', cell 'C51529' does not drive any nets. (LINT-1)
Warning: In design 'config_analyzer_MAX_K5_HYBRID_ENTRY_NUM14_ROW_W10_COL_W10_PATTERN_ID_W4_MAX_PATTERNS10', cell 'C51533' does not drive any nets. (LINT-1)
Warning: In design 'config_analyzer_MAX_K5_HYBRID_ENTRY_NUM14_ROW_W10_COL_W10_PATTERN_ID_W4_MAX_PATTERNS10', cell 'C51535' does not drive any nets. (LINT-1)
Warning: In design 'config_analyzer_MAX_K5_HYBRID_ENTRY_NUM14_ROW_W10_COL_W10_PATTERN_ID_W4_MAX_PATTERNS10', cell 'C51538' does not drive any nets. (LINT-1)
Warning: In design 'config_analyzer_MAX_K5_HYBRID_ENTRY_NUM14_ROW_W10_COL_W10_PATTERN_ID_W4_MAX_PATTERNS10', cell 'C51544' does not drive any nets. (LINT-1)
Warning: In design 'config_analyzer_MAX_K5_HYBRID_ENTRY_NUM14_ROW_W10_COL_W10_PATTERN_ID_W4_MAX_PATTERNS10', cell 'C51548' does not drive any nets. (LINT-1)
Warning: In design 'config_analyzer_MAX_K5_HYBRID_ENTRY_NUM14_ROW_W10_COL_W10_PATTERN_ID_W4_MAX_PATTERNS10', cell 'C51552' does not drive any nets. (LINT-1)
Warning: In design 'config_analyzer_MAX_K5_HYBRID_ENTRY_NUM14_ROW_W10_COL_W10_PATTERN_ID_W4_MAX_PATTERNS10', cell 'C51556' does not drive any nets. (LINT-1)
Warning: In design 'config_analyzer_MAX_K5_HYBRID_ENTRY_NUM14_ROW_W10_COL_W10_PATTERN_ID_W4_MAX_PATTERNS10', cell 'C51558' does not drive any nets. (LINT-1)
Warning: In design 'config_analyzer_MAX_K5_HYBRID_ENTRY_NUM14_ROW_W10_COL_W10_PATTERN_ID_W4_MAX_PATTERNS10', cell 'C51561' does not drive any nets. (LINT-1)
Warning: In design 'config_analyzer_MAX_K5_HYBRID_ENTRY_NUM14_ROW_W10_COL_W10_PATTERN_ID_W4_MAX_PATTERNS10', cell 'C51567' does not drive any nets. (LINT-1)
Warning: In design 'config_analyzer_MAX_K5_HYBRID_ENTRY_NUM14_ROW_W10_COL_W10_PATTERN_ID_W4_MAX_PATTERNS10', cell 'C51571' does not drive any nets. (LINT-1)
Warning: In design 'config_analyzer_MAX_K5_HYBRID_ENTRY_NUM14_ROW_W10_COL_W10_PATTERN_ID_W4_MAX_PATTERNS10', cell 'C51575' does not drive any nets. (LINT-1)
Warning: In design 'config_analyzer_MAX_K5_HYBRID_ENTRY_NUM14_ROW_W10_COL_W10_PATTERN_ID_W4_MAX_PATTERNS10', cell 'C51579' does not drive any nets. (LINT-1)
Warning: In design 'config_analyzer_MAX_K5_HYBRID_ENTRY_NUM14_ROW_W10_COL_W10_PATTERN_ID_W4_MAX_PATTERNS10', cell 'C51581' does not drive any nets. (LINT-1)
Warning: In design 'config_analyzer_MAX_K5_HYBRID_ENTRY_NUM14_ROW_W10_COL_W10_PATTERN_ID_W4_MAX_PATTERNS10', cell 'C51584' does not drive any nets. (LINT-1)
Warning: In design 'config_analyzer_MAX_K5_HYBRID_ENTRY_NUM14_ROW_W10_COL_W10_PATTERN_ID_W4_MAX_PATTERNS10', cell 'C51590' does not drive any nets. (LINT-1)
Warning: In design 'config_analyzer_MAX_K5_HYBRID_ENTRY_NUM14_ROW_W10_COL_W10_PATTERN_ID_W4_MAX_PATTERNS10', cell 'C51594' does not drive any nets. (LINT-1)
Warning: In design 'config_analyzer_MAX_K5_HYBRID_ENTRY_NUM14_ROW_W10_COL_W10_PATTERN_ID_W4_MAX_PATTERNS10', cell 'C51598' does not drive any nets. (LINT-1)
Warning: In design 'config_analyzer_MAX_K5_HYBRID_ENTRY_NUM14_ROW_W10_COL_W10_PATTERN_ID_W4_MAX_PATTERNS10', cell 'C51602' does not drive any nets. (LINT-1)
Warning: In design 'config_analyzer_MAX_K5_HYBRID_ENTRY_NUM14_ROW_W10_COL_W10_PATTERN_ID_W4_MAX_PATTERNS10', cell 'C51604' does not drive any nets. (LINT-1)
Warning: In design 'config_analyzer_MAX_K5_HYBRID_ENTRY_NUM14_ROW_W10_COL_W10_PATTERN_ID_W4_MAX_PATTERNS10', cell 'C51607' does not drive any nets. (LINT-1)
Warning: In design 'config_analyzer_MAX_K5_HYBRID_ENTRY_NUM14_ROW_W10_COL_W10_PATTERN_ID_W4_MAX_PATTERNS10', cell 'C51613' does not drive any nets. (LINT-1)
Warning: In design 'config_analyzer_MAX_K5_HYBRID_ENTRY_NUM14_ROW_W10_COL_W10_PATTERN_ID_W4_MAX_PATTERNS10', cell 'C51617' does not drive any nets. (LINT-1)
Warning: In design 'config_analyzer_MAX_K5_HYBRID_ENTRY_NUM14_ROW_W10_COL_W10_PATTERN_ID_W4_MAX_PATTERNS10', cell 'C51621' does not drive any nets. (LINT-1)
Warning: In design 'config_analyzer_MAX_K5_HYBRID_ENTRY_NUM14_ROW_W10_COL_W10_PATTERN_ID_W4_MAX_PATTERNS10', cell 'C51625' does not drive any nets. (LINT-1)
Warning: In design 'config_analyzer_MAX_K5_HYBRID_ENTRY_NUM14_ROW_W10_COL_W10_PATTERN_ID_W4_MAX_PATTERNS10', cell 'C51627' does not drive any nets. (LINT-1)
Warning: In design 'config_analyzer_MAX_K5_HYBRID_ENTRY_NUM14_ROW_W10_COL_W10_PATTERN_ID_W4_MAX_PATTERNS10', cell 'C51630' does not drive any nets. (LINT-1)
Warning: In design 'config_analyzer_MAX_K5_HYBRID_ENTRY_NUM14_ROW_W10_COL_W10_PATTERN_ID_W4_MAX_PATTERNS10', cell 'C51636' does not drive any nets. (LINT-1)
Warning: In design 'config_analyzer_MAX_K5_HYBRID_ENTRY_NUM14_ROW_W10_COL_W10_PATTERN_ID_W4_MAX_PATTERNS10', cell 'C51640' does not drive any nets. (LINT-1)
Warning: In design 'config_analyzer_MAX_K5_HYBRID_ENTRY_NUM14_ROW_W10_COL_W10_PATTERN_ID_W4_MAX_PATTERNS10', cell 'C51644' does not drive any nets. (LINT-1)
Warning: In design 'config_analyzer_MAX_K5_HYBRID_ENTRY_NUM14_ROW_W10_COL_W10_PATTERN_ID_W4_MAX_PATTERNS10', cell 'C51648' does not drive any nets. (LINT-1)
Warning: In design 'config_analyzer_MAX_K5_HYBRID_ENTRY_NUM14_ROW_W10_COL_W10_PATTERN_ID_W4_MAX_PATTERNS10', cell 'C51650' does not drive any nets. (LINT-1)
Warning: In design 'config_analyzer_MAX_K5_HYBRID_ENTRY_NUM14_ROW_W10_COL_W10_PATTERN_ID_W4_MAX_PATTERNS10', cell 'C51653' does not drive any nets. (LINT-1)
Warning: In design 'config_analyzer_MAX_K5_HYBRID_ENTRY_NUM14_ROW_W10_COL_W10_PATTERN_ID_W4_MAX_PATTERNS10', cell 'C51659' does not drive any nets. (LINT-1)
Warning: In design 'config_analyzer_MAX_K5_HYBRID_ENTRY_NUM14_ROW_W10_COL_W10_PATTERN_ID_W4_MAX_PATTERNS10', cell 'C51663' does not drive any nets. (LINT-1)
Warning: In design 'config_analyzer_MAX_K5_HYBRID_ENTRY_NUM14_ROW_W10_COL_W10_PATTERN_ID_W4_MAX_PATTERNS10', cell 'C51667' does not drive any nets. (LINT-1)
Warning: In design 'config_analyzer_MAX_K5_HYBRID_ENTRY_NUM14_ROW_W10_COL_W10_PATTERN_ID_W4_MAX_PATTERNS10', cell 'C51671' does not drive any nets. (LINT-1)
Warning: In design 'config_analyzer_MAX_K5_HYBRID_ENTRY_NUM14_ROW_W10_COL_W10_PATTERN_ID_W4_MAX_PATTERNS10', cell 'C51673' does not drive any nets. (LINT-1)
Warning: In design 'config_analyzer_MAX_K5_HYBRID_ENTRY_NUM14_ROW_W10_COL_W10_PATTERN_ID_W4_MAX_PATTERNS10', cell 'C51676' does not drive any nets. (LINT-1)
Warning: In design 'config_analyzer_MAX_K5_HYBRID_ENTRY_NUM14_ROW_W10_COL_W10_PATTERN_ID_W4_MAX_PATTERNS10', cell 'C51682' does not drive any nets. (LINT-1)
Warning: In design 'config_analyzer_MAX_K5_HYBRID_ENTRY_NUM14_ROW_W10_COL_W10_PATTERN_ID_W4_MAX_PATTERNS10', cell 'C51686' does not drive any nets. (LINT-1)
Warning: In design 'config_analyzer_MAX_K5_HYBRID_ENTRY_NUM14_ROW_W10_COL_W10_PATTERN_ID_W4_MAX_PATTERNS10', cell 'C51690' does not drive any nets. (LINT-1)
Warning: In design 'config_analyzer_MAX_K5_HYBRID_ENTRY_NUM14_ROW_W10_COL_W10_PATTERN_ID_W4_MAX_PATTERNS10', cell 'C51694' does not drive any nets. (LINT-1)
Warning: In design 'config_analyzer_MAX_K5_HYBRID_ENTRY_NUM14_ROW_W10_COL_W10_PATTERN_ID_W4_MAX_PATTERNS10', cell 'C51696' does not drive any nets. (LINT-1)
Warning: In design 'config_analyzer_MAX_K5_HYBRID_ENTRY_NUM14_ROW_W10_COL_W10_PATTERN_ID_W4_MAX_PATTERNS10', cell 'C51699' does not drive any nets. (LINT-1)
Warning: In design 'config_analyzer_MAX_K5_HYBRID_ENTRY_NUM14_ROW_W10_COL_W10_PATTERN_ID_W4_MAX_PATTERNS10', cell 'C51705' does not drive any nets. (LINT-1)
Warning: In design 'config_analyzer_MAX_K5_HYBRID_ENTRY_NUM14_ROW_W10_COL_W10_PATTERN_ID_W4_MAX_PATTERNS10', cell 'C51709' does not drive any nets. (LINT-1)
Warning: In design 'config_analyzer_MAX_K5_HYBRID_ENTRY_NUM14_ROW_W10_COL_W10_PATTERN_ID_W4_MAX_PATTERNS10', cell 'C51713' does not drive any nets. (LINT-1)
Warning: In design 'config_analyzer_MAX_K5_HYBRID_ENTRY_NUM14_ROW_W10_COL_W10_PATTERN_ID_W4_MAX_PATTERNS10', cell 'C51717' does not drive any nets. (LINT-1)
Warning: In design 'config_analyzer_MAX_K5_HYBRID_ENTRY_NUM14_ROW_W10_COL_W10_PATTERN_ID_W4_MAX_PATTERNS10', cell 'C51719' does not drive any nets. (LINT-1)
Warning: In design 'config_analyzer_MAX_K5_HYBRID_ENTRY_NUM14_ROW_W10_COL_W10_PATTERN_ID_W4_MAX_PATTERNS10', cell 'C51722' does not drive any nets. (LINT-1)
Warning: In design 'config_analyzer_MAX_K5_HYBRID_ENTRY_NUM14_ROW_W10_COL_W10_PATTERN_ID_W4_MAX_PATTERNS10', cell 'C51728' does not drive any nets. (LINT-1)
Warning: In design 'config_analyzer_MAX_K5_HYBRID_ENTRY_NUM14_ROW_W10_COL_W10_PATTERN_ID_W4_MAX_PATTERNS10', cell 'C51732' does not drive any nets. (LINT-1)
Warning: In design 'config_analyzer_MAX_K5_HYBRID_ENTRY_NUM14_ROW_W10_COL_W10_PATTERN_ID_W4_MAX_PATTERNS10', cell 'C51736' does not drive any nets. (LINT-1)
Warning: In design 'config_analyzer_MAX_K5_HYBRID_ENTRY_NUM14_ROW_W10_COL_W10_PATTERN_ID_W4_MAX_PATTERNS10', cell 'C51740' does not drive any nets. (LINT-1)
Warning: In design 'config_analyzer_MAX_K5_HYBRID_ENTRY_NUM14_ROW_W10_COL_W10_PATTERN_ID_W4_MAX_PATTERNS10', cell 'C51742' does not drive any nets. (LINT-1)
Warning: In design 'config_analyzer_MAX_K5_HYBRID_ENTRY_NUM14_ROW_W10_COL_W10_PATTERN_ID_W4_MAX_PATTERNS10', cell 'C51745' does not drive any nets. (LINT-1)
Warning: In design 'config_analyzer_MAX_K5_HYBRID_ENTRY_NUM14_ROW_W10_COL_W10_PATTERN_ID_W4_MAX_PATTERNS10', cell 'C51751' does not drive any nets. (LINT-1)
Warning: In design 'config_analyzer_MAX_K5_HYBRID_ENTRY_NUM14_ROW_W10_COL_W10_PATTERN_ID_W4_MAX_PATTERNS10', cell 'C51755' does not drive any nets. (LINT-1)
Warning: In design 'config_analyzer_MAX_K5_HYBRID_ENTRY_NUM14_ROW_W10_COL_W10_PATTERN_ID_W4_MAX_PATTERNS10', cell 'C51759' does not drive any nets. (LINT-1)
Warning: In design 'config_analyzer_MAX_K5_HYBRID_ENTRY_NUM14_ROW_W10_COL_W10_PATTERN_ID_W4_MAX_PATTERNS10', cell 'C51763' does not drive any nets. (LINT-1)
Warning: In design 'config_analyzer_MAX_K5_HYBRID_ENTRY_NUM14_ROW_W10_COL_W10_PATTERN_ID_W4_MAX_PATTERNS10', cell 'C51765' does not drive any nets. (LINT-1)
Warning: In design 'config_analyzer_MAX_K5_HYBRID_ENTRY_NUM14_ROW_W10_COL_W10_PATTERN_ID_W4_MAX_PATTERNS10', cell 'C51768' does not drive any nets. (LINT-1)
Warning: In design 'config_analyzer_MAX_K5_HYBRID_ENTRY_NUM14_ROW_W10_COL_W10_PATTERN_ID_W4_MAX_PATTERNS10', cell 'C51774' does not drive any nets. (LINT-1)
Warning: In design 'config_analyzer_MAX_K5_HYBRID_ENTRY_NUM14_ROW_W10_COL_W10_PATTERN_ID_W4_MAX_PATTERNS10', cell 'C51778' does not drive any nets. (LINT-1)
Warning: In design 'config_analyzer_MAX_K5_HYBRID_ENTRY_NUM14_ROW_W10_COL_W10_PATTERN_ID_W4_MAX_PATTERNS10', cell 'C51782' does not drive any nets. (LINT-1)
Warning: In design 'config_analyzer_MAX_K5_HYBRID_ENTRY_NUM14_ROW_W10_COL_W10_PATTERN_ID_W4_MAX_PATTERNS10', cell 'C51786' does not drive any nets. (LINT-1)
Warning: In design 'config_analyzer_MAX_K5_HYBRID_ENTRY_NUM14_ROW_W10_COL_W10_PATTERN_ID_W4_MAX_PATTERNS10', cell 'C51788' does not drive any nets. (LINT-1)
Warning: In design 'config_analyzer_MAX_K5_HYBRID_ENTRY_NUM14_ROW_W10_COL_W10_PATTERN_ID_W4_MAX_PATTERNS10', cell 'C51791' does not drive any nets. (LINT-1)
Warning: In design 'config_analyzer_MAX_K5_HYBRID_ENTRY_NUM14_ROW_W10_COL_W10_PATTERN_ID_W4_MAX_PATTERNS10', cell 'C51797' does not drive any nets. (LINT-1)
Warning: In design 'config_analyzer_MAX_K5_HYBRID_ENTRY_NUM14_ROW_W10_COL_W10_PATTERN_ID_W4_MAX_PATTERNS10', cell 'C51801' does not drive any nets. (LINT-1)
Warning: In design 'config_analyzer_MAX_K5_HYBRID_ENTRY_NUM14_ROW_W10_COL_W10_PATTERN_ID_W4_MAX_PATTERNS10', cell 'C51805' does not drive any nets. (LINT-1)
Warning: In design 'config_analyzer_MAX_K5_HYBRID_ENTRY_NUM14_ROW_W10_COL_W10_PATTERN_ID_W4_MAX_PATTERNS10', cell 'C51809' does not drive any nets. (LINT-1)
Warning: In design 'config_analyzer_MAX_K5_HYBRID_ENTRY_NUM14_ROW_W10_COL_W10_PATTERN_ID_W4_MAX_PATTERNS10', cell 'C51811' does not drive any nets. (LINT-1)
Warning: In design 'config_analyzer_MAX_K5_HYBRID_ENTRY_NUM14_ROW_W10_COL_W10_PATTERN_ID_W4_MAX_PATTERNS10', cell 'C51814' does not drive any nets. (LINT-1)
Warning: In design 'config_analyzer_MAX_K5_HYBRID_ENTRY_NUM14_ROW_W10_COL_W10_PATTERN_ID_W4_MAX_PATTERNS10', cell 'C51826' does not drive any nets. (LINT-1)
Warning: In design 'config_analyzer_MAX_K5_HYBRID_ENTRY_NUM14_ROW_W10_COL_W10_PATTERN_ID_W4_MAX_PATTERNS10', cell 'C51830' does not drive any nets. (LINT-1)
Warning: In design 'config_analyzer_MAX_K5_HYBRID_ENTRY_NUM14_ROW_W10_COL_W10_PATTERN_ID_W4_MAX_PATTERNS10', cell 'C51832' does not drive any nets. (LINT-1)
Warning: In design 'config_analyzer_MAX_K5_HYBRID_ENTRY_NUM14_ROW_W10_COL_W10_PATTERN_ID_W4_MAX_PATTERNS10', cell 'C51835' does not drive any nets. (LINT-1)
Warning: In design 'config_analyzer_MAX_K5_HYBRID_ENTRY_NUM14_ROW_W10_COL_W10_PATTERN_ID_W4_MAX_PATTERNS10', cell 'C51836' does not drive any nets. (LINT-1)
Warning: In design 'config_analyzer_MAX_K5_HYBRID_ENTRY_NUM14_ROW_W10_COL_W10_PATTERN_ID_W4_MAX_PATTERNS10', cell 'C51837' does not drive any nets. (LINT-1)
Warning: In design 'config_analyzer_MAX_K5_HYBRID_ENTRY_NUM14_ROW_W10_COL_W10_PATTERN_ID_W4_MAX_PATTERNS10', cell 'C51838' does not drive any nets. (LINT-1)
Warning: In design 'resource_tracker_RS2_CS2_SHARED_ROWS1_SHARED_COLS1_MAX_BORROWS3_TOPOLOGY1_SPARE_WIDTH3_8', cell 'B_11' does not drive any nets. (LINT-1)
Warning: In design 'resource_tracker_RS2_CS2_SHARED_ROWS1_SHARED_COLS1_MAX_BORROWS3_TOPOLOGY1_SPARE_WIDTH3_8', cell 'B_12' does not drive any nets. (LINT-1)
Warning: In design 'resource_tracker_RS2_CS2_SHARED_ROWS1_SHARED_COLS1_MAX_BORROWS3_TOPOLOGY1_SPARE_WIDTH3_8', cell 'B_13' does not drive any nets. (LINT-1)
Warning: In design 'resource_tracker_RS2_CS2_SHARED_ROWS1_SHARED_COLS1_MAX_BORROWS3_TOPOLOGY1_SPARE_WIDTH3_8', cell 'B_14' does not drive any nets. (LINT-1)
Warning: In design 'resource_tracker_RS2_CS2_SHARED_ROWS1_SHARED_COLS1_MAX_BORROWS3_TOPOLOGY1_SPARE_WIDTH3_8', cell 'B_15' does not drive any nets. (LINT-1)
Warning: In design 'resource_tracker_RS2_CS2_SHARED_ROWS1_SHARED_COLS1_MAX_BORROWS3_TOPOLOGY1_SPARE_WIDTH3_8', cell 'B_16' does not drive any nets. (LINT-1)
Warning: In design 'resource_tracker_RS2_CS2_SHARED_ROWS1_SHARED_COLS1_MAX_BORROWS3_TOPOLOGY1_SPARE_WIDTH3_8', cell 'B_17' does not drive any nets. (LINT-1)
Warning: In design 'resource_tracker_RS2_CS2_SHARED_ROWS1_SHARED_COLS1_MAX_BORROWS3_TOPOLOGY1_SPARE_WIDTH3_8', cell 'B_18' does not drive any nets. (LINT-1)
Warning: In design 'repair_decode_with_hybrid_MAX_K5_NUM_CFG7_ENTRY_NUM14_ROW_W10_COL_W10_PATTERN_ID_W4', cell 'B_1657' does not drive any nets. (LINT-1)
Warning: In design 'repair_decode_with_hybrid_MAX_K5_NUM_CFG7_ENTRY_NUM14_ROW_W10_COL_W10_PATTERN_ID_W4', cell 'B_1658' does not drive any nets. (LINT-1)
Warning: In design 'repair_decode_with_hybrid_MAX_K5_NUM_CFG7_ENTRY_NUM14_ROW_W10_COL_W10_PATTERN_ID_W4', cell 'B_1659' does not drive any nets. (LINT-1)
Warning: In design 'repair_decode_with_hybrid_MAX_K5_NUM_CFG7_ENTRY_NUM14_ROW_W10_COL_W10_PATTERN_ID_W4', cell 'C18504' does not drive any nets. (LINT-1)
Warning: In design 'repair_decode_with_hybrid_MAX_K5_NUM_CFG7_ENTRY_NUM14_ROW_W10_COL_W10_PATTERN_ID_W4', cell 'C18510' does not drive any nets. (LINT-1)
Warning: In design 'repair_decode_with_hybrid_MAX_K5_NUM_CFG7_ENTRY_NUM14_ROW_W10_COL_W10_PATTERN_ID_W4', cell 'B_1678' does not drive any nets. (LINT-1)
Warning: In design 'repair_decode_with_hybrid_MAX_K5_NUM_CFG7_ENTRY_NUM14_ROW_W10_COL_W10_PATTERN_ID_W4', cell 'B_1679' does not drive any nets. (LINT-1)
Warning: In design 'repair_decode_with_hybrid_MAX_K5_NUM_CFG7_ENTRY_NUM14_ROW_W10_COL_W10_PATTERN_ID_W4', cell 'C18590' does not drive any nets. (LINT-1)
Warning: In design 'repair_decode_with_hybrid_MAX_K5_NUM_CFG7_ENTRY_NUM14_ROW_W10_COL_W10_PATTERN_ID_W4', cell 'C18596' does not drive any nets. (LINT-1)
Warning: In design 'repair_decode_with_hybrid_MAX_K5_NUM_CFG7_ENTRY_NUM14_ROW_W10_COL_W10_PATTERN_ID_W4', cell 'B_1696' does not drive any nets. (LINT-1)
Warning: In design 'repair_decode_with_hybrid_MAX_K5_NUM_CFG7_ENTRY_NUM14_ROW_W10_COL_W10_PATTERN_ID_W4', cell 'B_1697' does not drive any nets. (LINT-1)
Warning: In design 'repair_decode_with_hybrid_MAX_K5_NUM_CFG7_ENTRY_NUM14_ROW_W10_COL_W10_PATTERN_ID_W4', cell 'C18676' does not drive any nets. (LINT-1)
Warning: In design 'repair_decode_with_hybrid_MAX_K5_NUM_CFG7_ENTRY_NUM14_ROW_W10_COL_W10_PATTERN_ID_W4', cell 'C18682' does not drive any nets. (LINT-1)
Warning: In design 'repair_decode_with_hybrid_MAX_K5_NUM_CFG7_ENTRY_NUM14_ROW_W10_COL_W10_PATTERN_ID_W4', cell 'B_1714' does not drive any nets. (LINT-1)
Warning: In design 'repair_decode_with_hybrid_MAX_K5_NUM_CFG7_ENTRY_NUM14_ROW_W10_COL_W10_PATTERN_ID_W4', cell 'B_1715' does not drive any nets. (LINT-1)
Warning: In design 'repair_decode_with_hybrid_MAX_K5_NUM_CFG7_ENTRY_NUM14_ROW_W10_COL_W10_PATTERN_ID_W4', cell 'C18762' does not drive any nets. (LINT-1)
Warning: In design 'repair_decode_with_hybrid_MAX_K5_NUM_CFG7_ENTRY_NUM14_ROW_W10_COL_W10_PATTERN_ID_W4', cell 'C18768' does not drive any nets. (LINT-1)
Warning: In design 'repair_decode_with_hybrid_MAX_K5_NUM_CFG7_ENTRY_NUM14_ROW_W10_COL_W10_PATTERN_ID_W4', cell 'B_1732' does not drive any nets. (LINT-1)
Warning: In design 'repair_decode_with_hybrid_MAX_K5_NUM_CFG7_ENTRY_NUM14_ROW_W10_COL_W10_PATTERN_ID_W4', cell 'B_1733' does not drive any nets. (LINT-1)
Warning: In design 'repair_decode_with_hybrid_MAX_K5_NUM_CFG7_ENTRY_NUM14_ROW_W10_COL_W10_PATTERN_ID_W4', cell 'C18848' does not drive any nets. (LINT-1)
Warning: In design 'repair_decode_with_hybrid_MAX_K5_NUM_CFG7_ENTRY_NUM14_ROW_W10_COL_W10_PATTERN_ID_W4', cell 'C18854' does not drive any nets. (LINT-1)
Warning: In design 'repair_decode_with_hybrid_MAX_K5_NUM_CFG7_ENTRY_NUM14_ROW_W10_COL_W10_PATTERN_ID_W4', cell 'B_1750' does not drive any nets. (LINT-1)
Warning: In design 'repair_decode_with_hybrid_MAX_K5_NUM_CFG7_ENTRY_NUM14_ROW_W10_COL_W10_PATTERN_ID_W4', cell 'B_1751' does not drive any nets. (LINT-1)
Warning: In design 'repair_decode_with_hybrid_MAX_K5_NUM_CFG7_ENTRY_NUM14_ROW_W10_COL_W10_PATTERN_ID_W4', cell 'C18934' does not drive any nets. (LINT-1)
Warning: In design 'repair_decode_with_hybrid_MAX_K5_NUM_CFG7_ENTRY_NUM14_ROW_W10_COL_W10_PATTERN_ID_W4', cell 'C18940' does not drive any nets. (LINT-1)
Warning: In design 'repair_decode_with_hybrid_MAX_K5_NUM_CFG7_ENTRY_NUM14_ROW_W10_COL_W10_PATTERN_ID_W4', cell 'B_1768' does not drive any nets. (LINT-1)
Warning: In design 'repair_decode_with_hybrid_MAX_K5_NUM_CFG7_ENTRY_NUM14_ROW_W10_COL_W10_PATTERN_ID_W4', cell 'B_1769' does not drive any nets. (LINT-1)
Warning: In design 'repair_decode_with_hybrid_MAX_K5_NUM_CFG7_ENTRY_NUM14_ROW_W10_COL_W10_PATTERN_ID_W4', cell 'C19020' does not drive any nets. (LINT-1)
Warning: In design 'repair_decode_with_hybrid_MAX_K5_NUM_CFG7_ENTRY_NUM14_ROW_W10_COL_W10_PATTERN_ID_W4', cell 'C19026' does not drive any nets. (LINT-1)
Warning: In design 'repair_decode_with_hybrid_MAX_K5_NUM_CFG7_ENTRY_NUM14_ROW_W10_COL_W10_PATTERN_ID_W4', cell 'B_1786' does not drive any nets. (LINT-1)
Warning: In design 'repair_decode_with_hybrid_MAX_K5_NUM_CFG7_ENTRY_NUM14_ROW_W10_COL_W10_PATTERN_ID_W4', cell 'B_1787' does not drive any nets. (LINT-1)
Warning: In design 'repair_decode_with_hybrid_MAX_K5_NUM_CFG7_ENTRY_NUM14_ROW_W10_COL_W10_PATTERN_ID_W4', cell 'C19106' does not drive any nets. (LINT-1)
Warning: In design 'repair_decode_with_hybrid_MAX_K5_NUM_CFG7_ENTRY_NUM14_ROW_W10_COL_W10_PATTERN_ID_W4', cell 'C19112' does not drive any nets. (LINT-1)
Warning: In design 'repair_decode_with_hybrid_MAX_K5_NUM_CFG7_ENTRY_NUM14_ROW_W10_COL_W10_PATTERN_ID_W4', cell 'B_1804' does not drive any nets. (LINT-1)
Warning: In design 'repair_decode_with_hybrid_MAX_K5_NUM_CFG7_ENTRY_NUM14_ROW_W10_COL_W10_PATTERN_ID_W4', cell 'B_1805' does not drive any nets. (LINT-1)
Warning: In design 'repair_decode_with_hybrid_MAX_K5_NUM_CFG7_ENTRY_NUM14_ROW_W10_COL_W10_PATTERN_ID_W4', cell 'C19192' does not drive any nets. (LINT-1)
Warning: In design 'repair_decode_with_hybrid_MAX_K5_NUM_CFG7_ENTRY_NUM14_ROW_W10_COL_W10_PATTERN_ID_W4', cell 'C19198' does not drive any nets. (LINT-1)
Warning: In design 'repair_decode_with_hybrid_MAX_K5_NUM_CFG7_ENTRY_NUM14_ROW_W10_COL_W10_PATTERN_ID_W4', cell 'B_1822' does not drive any nets. (LINT-1)
Warning: In design 'repair_decode_with_hybrid_MAX_K5_NUM_CFG7_ENTRY_NUM14_ROW_W10_COL_W10_PATTERN_ID_W4', cell 'B_1823' does not drive any nets. (LINT-1)
Warning: In design 'repair_decode_with_hybrid_MAX_K5_NUM_CFG7_ENTRY_NUM14_ROW_W10_COL_W10_PATTERN_ID_W4', cell 'C19278' does not drive any nets. (LINT-1)
Warning: In design 'repair_decode_with_hybrid_MAX_K5_NUM_CFG7_ENTRY_NUM14_ROW_W10_COL_W10_PATTERN_ID_W4', cell 'C19284' does not drive any nets. (LINT-1)
Warning: In design 'repair_decode_with_hybrid_MAX_K5_NUM_CFG7_ENTRY_NUM14_ROW_W10_COL_W10_PATTERN_ID_W4', cell 'B_1840' does not drive any nets. (LINT-1)
Warning: In design 'repair_decode_with_hybrid_MAX_K5_NUM_CFG7_ENTRY_NUM14_ROW_W10_COL_W10_PATTERN_ID_W4', cell 'B_1841' does not drive any nets. (LINT-1)
Warning: In design 'repair_decode_with_hybrid_MAX_K5_NUM_CFG7_ENTRY_NUM14_ROW_W10_COL_W10_PATTERN_ID_W4', cell 'C19364' does not drive any nets. (LINT-1)
Warning: In design 'repair_decode_with_hybrid_MAX_K5_NUM_CFG7_ENTRY_NUM14_ROW_W10_COL_W10_PATTERN_ID_W4', cell 'C19370' does not drive any nets. (LINT-1)
Warning: In design 'repair_decode_with_hybrid_MAX_K5_NUM_CFG7_ENTRY_NUM14_ROW_W10_COL_W10_PATTERN_ID_W4', cell 'B_1858' does not drive any nets. (LINT-1)
Warning: In design 'repair_decode_with_hybrid_MAX_K5_NUM_CFG7_ENTRY_NUM14_ROW_W10_COL_W10_PATTERN_ID_W4', cell 'B_1859' does not drive any nets. (LINT-1)
Warning: In design 'repair_decode_with_hybrid_MAX_K5_NUM_CFG7_ENTRY_NUM14_ROW_W10_COL_W10_PATTERN_ID_W4', cell 'C19450' does not drive any nets. (LINT-1)
Warning: In design 'repair_decode_with_hybrid_MAX_K5_NUM_CFG7_ENTRY_NUM14_ROW_W10_COL_W10_PATTERN_ID_W4', cell 'C19456' does not drive any nets. (LINT-1)
Warning: In design 'repair_decode_with_hybrid_MAX_K5_NUM_CFG7_ENTRY_NUM14_ROW_W10_COL_W10_PATTERN_ID_W4', cell 'B_1876' does not drive any nets. (LINT-1)
Warning: In design 'repair_decode_with_hybrid_MAX_K5_NUM_CFG7_ENTRY_NUM14_ROW_W10_COL_W10_PATTERN_ID_W4', cell 'B_1877' does not drive any nets. (LINT-1)
Warning: In design 'repair_decode_with_hybrid_MAX_K5_NUM_CFG7_ENTRY_NUM14_ROW_W10_COL_W10_PATTERN_ID_W4', cell 'C19544' does not drive any nets. (LINT-1)
Warning: In design 'repair_decode_with_hybrid_MAX_K5_NUM_CFG7_ENTRY_NUM14_ROW_W10_COL_W10_PATTERN_ID_W4', cell 'C19550' does not drive any nets. (LINT-1)
Warning: In design 'repair_decode_with_hybrid_MAX_K5_NUM_CFG7_ENTRY_NUM14_ROW_W10_COL_W10_PATTERN_ID_W4', cell 'B_1894' does not drive any nets. (LINT-1)
Warning: In design 'repair_decode_with_hybrid_MAX_K5_NUM_CFG7_ENTRY_NUM14_ROW_W10_COL_W10_PATTERN_ID_W4', cell 'B_1895' does not drive any nets. (LINT-1)
Warning: In design 'repair_decode_with_hybrid_MAX_K5_NUM_CFG7_ENTRY_NUM14_ROW_W10_COL_W10_PATTERN_ID_W4', cell 'C19637' does not drive any nets. (LINT-1)
Warning: In design 'repair_decode_with_hybrid_MAX_K5_NUM_CFG7_ENTRY_NUM14_ROW_W10_COL_W10_PATTERN_ID_W4', cell 'C19643' does not drive any nets. (LINT-1)
Warning: In design 'repair_decode_with_hybrid_MAX_K5_NUM_CFG7_ENTRY_NUM14_ROW_W10_COL_W10_PATTERN_ID_W4', cell 'C19679' does not drive any nets. (LINT-1)
Warning: In design 'repair_decode_with_hybrid_MAX_K5_NUM_CFG7_ENTRY_NUM14_ROW_W10_COL_W10_PATTERN_ID_W4', cell 'C19682' does not drive any nets. (LINT-1)
Warning: In design 'repair_decode_with_hybrid_MAX_K5_NUM_CFG7_ENTRY_NUM14_ROW_W10_COL_W10_PATTERN_ID_W4', cell 'C19685' does not drive any nets. (LINT-1)
Warning: In design 'repair_decode_with_hybrid_MAX_K5_NUM_CFG7_ENTRY_NUM14_ROW_W10_COL_W10_PATTERN_ID_W4', cell 'C19688' does not drive any nets. (LINT-1)
Warning: In design 'repair_decode_with_hybrid_MAX_K5_NUM_CFG7_ENTRY_NUM14_ROW_W10_COL_W10_PATTERN_ID_W4', cell 'C19691' does not drive any nets. (LINT-1)
Warning: In design 'repair_decode_with_hybrid_MAX_K5_NUM_CFG7_ENTRY_NUM14_ROW_W10_COL_W10_PATTERN_ID_W4', cell 'C19721' does not drive any nets. (LINT-1)
Warning: In design 'repair_decode_with_hybrid_MAX_K5_NUM_CFG7_ENTRY_NUM14_ROW_W10_COL_W10_PATTERN_ID_W4', cell 'C19724' does not drive any nets. (LINT-1)
Warning: In design 'repair_decode_with_hybrid_MAX_K5_NUM_CFG7_ENTRY_NUM14_ROW_W10_COL_W10_PATTERN_ID_W4', cell 'C19727' does not drive any nets. (LINT-1)
Warning: In design 'repair_decode_with_hybrid_MAX_K5_NUM_CFG7_ENTRY_NUM14_ROW_W10_COL_W10_PATTERN_ID_W4', cell 'C19730' does not drive any nets. (LINT-1)
Warning: In design 'repair_decode_with_hybrid_MAX_K5_NUM_CFG7_ENTRY_NUM14_ROW_W10_COL_W10_PATTERN_ID_W4', cell 'C19733' does not drive any nets. (LINT-1)
Warning: In design 'repair_decode_with_hybrid_MAX_K5_NUM_CFG7_ENTRY_NUM14_ROW_W10_COL_W10_PATTERN_ID_W4', cell 'C19763' does not drive any nets. (LINT-1)
Warning: In design 'repair_decode_with_hybrid_MAX_K5_NUM_CFG7_ENTRY_NUM14_ROW_W10_COL_W10_PATTERN_ID_W4', cell 'C19766' does not drive any nets. (LINT-1)
Warning: In design 'repair_decode_with_hybrid_MAX_K5_NUM_CFG7_ENTRY_NUM14_ROW_W10_COL_W10_PATTERN_ID_W4', cell 'C19769' does not drive any nets. (LINT-1)
Warning: In design 'repair_decode_with_hybrid_MAX_K5_NUM_CFG7_ENTRY_NUM14_ROW_W10_COL_W10_PATTERN_ID_W4', cell 'C19772' does not drive any nets. (LINT-1)
Warning: In design 'repair_decode_with_hybrid_MAX_K5_NUM_CFG7_ENTRY_NUM14_ROW_W10_COL_W10_PATTERN_ID_W4', cell 'C19775' does not drive any nets. (LINT-1)
Warning: In design 'repair_decode_with_hybrid_MAX_K5_NUM_CFG7_ENTRY_NUM14_ROW_W10_COL_W10_PATTERN_ID_W4', cell 'C19805' does not drive any nets. (LINT-1)
Warning: In design 'repair_decode_with_hybrid_MAX_K5_NUM_CFG7_ENTRY_NUM14_ROW_W10_COL_W10_PATTERN_ID_W4', cell 'C19808' does not drive any nets. (LINT-1)
Warning: In design 'repair_decode_with_hybrid_MAX_K5_NUM_CFG7_ENTRY_NUM14_ROW_W10_COL_W10_PATTERN_ID_W4', cell 'C19811' does not drive any nets. (LINT-1)
Warning: In design 'repair_decode_with_hybrid_MAX_K5_NUM_CFG7_ENTRY_NUM14_ROW_W10_COL_W10_PATTERN_ID_W4', cell 'C19814' does not drive any nets. (LINT-1)
Warning: In design 'repair_decode_with_hybrid_MAX_K5_NUM_CFG7_ENTRY_NUM14_ROW_W10_COL_W10_PATTERN_ID_W4', cell 'C19817' does not drive any nets. (LINT-1)
Warning: In design 'repair_decode_with_hybrid_MAX_K5_NUM_CFG7_ENTRY_NUM14_ROW_W10_COL_W10_PATTERN_ID_W4', cell 'C19847' does not drive any nets. (LINT-1)
Warning: In design 'repair_decode_with_hybrid_MAX_K5_NUM_CFG7_ENTRY_NUM14_ROW_W10_COL_W10_PATTERN_ID_W4', cell 'C19850' does not drive any nets. (LINT-1)
Warning: In design 'repair_decode_with_hybrid_MAX_K5_NUM_CFG7_ENTRY_NUM14_ROW_W10_COL_W10_PATTERN_ID_W4', cell 'C19853' does not drive any nets. (LINT-1)
Warning: In design 'repair_decode_with_hybrid_MAX_K5_NUM_CFG7_ENTRY_NUM14_ROW_W10_COL_W10_PATTERN_ID_W4', cell 'C19856' does not drive any nets. (LINT-1)
Warning: In design 'repair_decode_with_hybrid_MAX_K5_NUM_CFG7_ENTRY_NUM14_ROW_W10_COL_W10_PATTERN_ID_W4', cell 'C19859' does not drive any nets. (LINT-1)
Warning: In design 'repair_decode_with_hybrid_MAX_K5_NUM_CFG7_ENTRY_NUM14_ROW_W10_COL_W10_PATTERN_ID_W4', cell 'C19889' does not drive any nets. (LINT-1)
Warning: In design 'repair_decode_with_hybrid_MAX_K5_NUM_CFG7_ENTRY_NUM14_ROW_W10_COL_W10_PATTERN_ID_W4', cell 'C19892' does not drive any nets. (LINT-1)
Warning: In design 'repair_decode_with_hybrid_MAX_K5_NUM_CFG7_ENTRY_NUM14_ROW_W10_COL_W10_PATTERN_ID_W4', cell 'C19895' does not drive any nets. (LINT-1)
Warning: In design 'repair_decode_with_hybrid_MAX_K5_NUM_CFG7_ENTRY_NUM14_ROW_W10_COL_W10_PATTERN_ID_W4', cell 'C19898' does not drive any nets. (LINT-1)
Warning: In design 'repair_decode_with_hybrid_MAX_K5_NUM_CFG7_ENTRY_NUM14_ROW_W10_COL_W10_PATTERN_ID_W4', cell 'C19901' does not drive any nets. (LINT-1)
Warning: In design 'repair_decode_with_hybrid_MAX_K5_NUM_CFG7_ENTRY_NUM14_ROW_W10_COL_W10_PATTERN_ID_W4', cell 'C19931' does not drive any nets. (LINT-1)
Warning: In design 'repair_decode_with_hybrid_MAX_K5_NUM_CFG7_ENTRY_NUM14_ROW_W10_COL_W10_PATTERN_ID_W4', cell 'C19934' does not drive any nets. (LINT-1)
Warning: In design 'repair_decode_with_hybrid_MAX_K5_NUM_CFG7_ENTRY_NUM14_ROW_W10_COL_W10_PATTERN_ID_W4', cell 'C19937' does not drive any nets. (LINT-1)
Warning: In design 'repair_decode_with_hybrid_MAX_K5_NUM_CFG7_ENTRY_NUM14_ROW_W10_COL_W10_PATTERN_ID_W4', cell 'C19940' does not drive any nets. (LINT-1)
Warning: In design 'repair_decode_with_hybrid_MAX_K5_NUM_CFG7_ENTRY_NUM14_ROW_W10_COL_W10_PATTERN_ID_W4', cell 'C19943' does not drive any nets. (LINT-1)
Warning: In design 'repair_decode_with_hybrid_MAX_K5_NUM_CFG7_ENTRY_NUM14_ROW_W10_COL_W10_PATTERN_ID_W4', cell 'C19973' does not drive any nets. (LINT-1)
Warning: In design 'repair_decode_with_hybrid_MAX_K5_NUM_CFG7_ENTRY_NUM14_ROW_W10_COL_W10_PATTERN_ID_W4', cell 'C19976' does not drive any nets. (LINT-1)
Warning: In design 'repair_decode_with_hybrid_MAX_K5_NUM_CFG7_ENTRY_NUM14_ROW_W10_COL_W10_PATTERN_ID_W4', cell 'C19979' does not drive any nets. (LINT-1)
Warning: In design 'repair_decode_with_hybrid_MAX_K5_NUM_CFG7_ENTRY_NUM14_ROW_W10_COL_W10_PATTERN_ID_W4', cell 'C19982' does not drive any nets. (LINT-1)
Warning: In design 'repair_decode_with_hybrid_MAX_K5_NUM_CFG7_ENTRY_NUM14_ROW_W10_COL_W10_PATTERN_ID_W4', cell 'C19985' does not drive any nets. (LINT-1)
Warning: In design 'repair_decode_with_hybrid_MAX_K5_NUM_CFG7_ENTRY_NUM14_ROW_W10_COL_W10_PATTERN_ID_W4', cell 'C20015' does not drive any nets. (LINT-1)
Warning: In design 'repair_decode_with_hybrid_MAX_K5_NUM_CFG7_ENTRY_NUM14_ROW_W10_COL_W10_PATTERN_ID_W4', cell 'C20018' does not drive any nets. (LINT-1)
Warning: In design 'repair_decode_with_hybrid_MAX_K5_NUM_CFG7_ENTRY_NUM14_ROW_W10_COL_W10_PATTERN_ID_W4', cell 'C20021' does not drive any nets. (LINT-1)
Warning: In design 'repair_decode_with_hybrid_MAX_K5_NUM_CFG7_ENTRY_NUM14_ROW_W10_COL_W10_PATTERN_ID_W4', cell 'C20024' does not drive any nets. (LINT-1)
Warning: In design 'repair_decode_with_hybrid_MAX_K5_NUM_CFG7_ENTRY_NUM14_ROW_W10_COL_W10_PATTERN_ID_W4', cell 'C20027' does not drive any nets. (LINT-1)
Warning: In design 'repair_decode_with_hybrid_MAX_K5_NUM_CFG7_ENTRY_NUM14_ROW_W10_COL_W10_PATTERN_ID_W4', cell 'C20057' does not drive any nets. (LINT-1)
Warning: In design 'repair_decode_with_hybrid_MAX_K5_NUM_CFG7_ENTRY_NUM14_ROW_W10_COL_W10_PATTERN_ID_W4', cell 'C20060' does not drive any nets. (LINT-1)
Warning: In design 'repair_decode_with_hybrid_MAX_K5_NUM_CFG7_ENTRY_NUM14_ROW_W10_COL_W10_PATTERN_ID_W4', cell 'C20063' does not drive any nets. (LINT-1)
Warning: In design 'repair_decode_with_hybrid_MAX_K5_NUM_CFG7_ENTRY_NUM14_ROW_W10_COL_W10_PATTERN_ID_W4', cell 'C20066' does not drive any nets. (LINT-1)
Warning: In design 'repair_decode_with_hybrid_MAX_K5_NUM_CFG7_ENTRY_NUM14_ROW_W10_COL_W10_PATTERN_ID_W4', cell 'C20069' does not drive any nets. (LINT-1)
Warning: In design 'repair_decode_with_hybrid_MAX_K5_NUM_CFG7_ENTRY_NUM14_ROW_W10_COL_W10_PATTERN_ID_W4', cell 'C20099' does not drive any nets. (LINT-1)
Warning: In design 'repair_decode_with_hybrid_MAX_K5_NUM_CFG7_ENTRY_NUM14_ROW_W10_COL_W10_PATTERN_ID_W4', cell 'C20102' does not drive any nets. (LINT-1)
Warning: In design 'repair_decode_with_hybrid_MAX_K5_NUM_CFG7_ENTRY_NUM14_ROW_W10_COL_W10_PATTERN_ID_W4', cell 'C20105' does not drive any nets. (LINT-1)
Warning: In design 'repair_decode_with_hybrid_MAX_K5_NUM_CFG7_ENTRY_NUM14_ROW_W10_COL_W10_PATTERN_ID_W4', cell 'C20108' does not drive any nets. (LINT-1)
Warning: In design 'repair_decode_with_hybrid_MAX_K5_NUM_CFG7_ENTRY_NUM14_ROW_W10_COL_W10_PATTERN_ID_W4', cell 'C20111' does not drive any nets. (LINT-1)
Warning: In design 'repair_decode_with_hybrid_MAX_K5_NUM_CFG7_ENTRY_NUM14_ROW_W10_COL_W10_PATTERN_ID_W4', cell 'C20141' does not drive any nets. (LINT-1)
Warning: In design 'repair_decode_with_hybrid_MAX_K5_NUM_CFG7_ENTRY_NUM14_ROW_W10_COL_W10_PATTERN_ID_W4', cell 'C20144' does not drive any nets. (LINT-1)
Warning: In design 'repair_decode_with_hybrid_MAX_K5_NUM_CFG7_ENTRY_NUM14_ROW_W10_COL_W10_PATTERN_ID_W4', cell 'C20147' does not drive any nets. (LINT-1)
Warning: In design 'repair_decode_with_hybrid_MAX_K5_NUM_CFG7_ENTRY_NUM14_ROW_W10_COL_W10_PATTERN_ID_W4', cell 'C20150' does not drive any nets. (LINT-1)
Warning: In design 'repair_decode_with_hybrid_MAX_K5_NUM_CFG7_ENTRY_NUM14_ROW_W10_COL_W10_PATTERN_ID_W4', cell 'C20153' does not drive any nets. (LINT-1)
Warning: In design 'repair_decode_with_hybrid_MAX_K5_NUM_CFG7_ENTRY_NUM14_ROW_W10_COL_W10_PATTERN_ID_W4', cell 'C20183' does not drive any nets. (LINT-1)
Warning: In design 'repair_decode_with_hybrid_MAX_K5_NUM_CFG7_ENTRY_NUM14_ROW_W10_COL_W10_PATTERN_ID_W4', cell 'C20186' does not drive any nets. (LINT-1)
Warning: In design 'repair_decode_with_hybrid_MAX_K5_NUM_CFG7_ENTRY_NUM14_ROW_W10_COL_W10_PATTERN_ID_W4', cell 'C20189' does not drive any nets. (LINT-1)
Warning: In design 'repair_decode_with_hybrid_MAX_K5_NUM_CFG7_ENTRY_NUM14_ROW_W10_COL_W10_PATTERN_ID_W4', cell 'C20192' does not drive any nets. (LINT-1)
Warning: In design 'repair_decode_with_hybrid_MAX_K5_NUM_CFG7_ENTRY_NUM14_ROW_W10_COL_W10_PATTERN_ID_W4', cell 'C20195' does not drive any nets. (LINT-1)
Warning: In design 'repair_decode_with_hybrid_MAX_K5_NUM_CFG7_ENTRY_NUM14_ROW_W10_COL_W10_PATTERN_ID_W4', cell 'C20225' does not drive any nets. (LINT-1)
Warning: In design 'repair_decode_with_hybrid_MAX_K5_NUM_CFG7_ENTRY_NUM14_ROW_W10_COL_W10_PATTERN_ID_W4', cell 'C20228' does not drive any nets. (LINT-1)
Warning: In design 'repair_decode_with_hybrid_MAX_K5_NUM_CFG7_ENTRY_NUM14_ROW_W10_COL_W10_PATTERN_ID_W4', cell 'C20231' does not drive any nets. (LINT-1)
Warning: In design 'repair_decode_with_hybrid_MAX_K5_NUM_CFG7_ENTRY_NUM14_ROW_W10_COL_W10_PATTERN_ID_W4', cell 'C20234' does not drive any nets. (LINT-1)
Warning: In design 'repair_decode_with_hybrid_MAX_K5_NUM_CFG7_ENTRY_NUM14_ROW_W10_COL_W10_PATTERN_ID_W4', cell 'C20237' does not drive any nets. (LINT-1)
Warning: In design 'repair_decode_with_hybrid_MAX_K5_NUM_CFG7_ENTRY_NUM14_ROW_W10_COL_W10_PATTERN_ID_W4', cell 'C20267' does not drive any nets. (LINT-1)
Warning: In design 'repair_decode_with_hybrid_MAX_K5_NUM_CFG7_ENTRY_NUM14_ROW_W10_COL_W10_PATTERN_ID_W4', cell 'C20270' does not drive any nets. (LINT-1)
Warning: In design 'repair_decode_with_hybrid_MAX_K5_NUM_CFG7_ENTRY_NUM14_ROW_W10_COL_W10_PATTERN_ID_W4', cell 'C20273' does not drive any nets. (LINT-1)
Warning: In design 'repair_decode_with_hybrid_MAX_K5_NUM_CFG7_ENTRY_NUM14_ROW_W10_COL_W10_PATTERN_ID_W4', cell 'C20276' does not drive any nets. (LINT-1)
Warning: In design 'repair_decode_with_hybrid_MAX_K5_NUM_CFG7_ENTRY_NUM14_ROW_W10_COL_W10_PATTERN_ID_W4', cell 'C20279' does not drive any nets. (LINT-1)
Warning: In design 'repair_decode_with_hybrid_MAX_K5_NUM_CFG7_ENTRY_NUM14_ROW_W10_COL_W10_PATTERN_ID_W4', cell 'C20309' does not drive any nets. (LINT-1)
Warning: In design 'repair_decode_with_hybrid_MAX_K5_NUM_CFG7_ENTRY_NUM14_ROW_W10_COL_W10_PATTERN_ID_W4', cell 'C20312' does not drive any nets. (LINT-1)
Warning: In design 'repair_decode_with_hybrid_MAX_K5_NUM_CFG7_ENTRY_NUM14_ROW_W10_COL_W10_PATTERN_ID_W4', cell 'C20315' does not drive any nets. (LINT-1)
Warning: In design 'repair_decode_with_hybrid_MAX_K5_NUM_CFG7_ENTRY_NUM14_ROW_W10_COL_W10_PATTERN_ID_W4', cell 'C20318' does not drive any nets. (LINT-1)
Warning: In design 'repair_decode_with_hybrid_MAX_K5_NUM_CFG7_ENTRY_NUM14_ROW_W10_COL_W10_PATTERN_ID_W4', cell 'C20321' does not drive any nets. (LINT-1)
Warning: In design 'repair_decode_with_hybrid_MAX_K5_NUM_CFG7_ENTRY_NUM14_ROW_W10_COL_W10_PATTERN_ID_W4', cell 'C20351' does not drive any nets. (LINT-1)
Warning: In design 'repair_decode_with_hybrid_MAX_K5_NUM_CFG7_ENTRY_NUM14_ROW_W10_COL_W10_PATTERN_ID_W4', cell 'C20354' does not drive any nets. (LINT-1)
Warning: In design 'repair_decode_with_hybrid_MAX_K5_NUM_CFG7_ENTRY_NUM14_ROW_W10_COL_W10_PATTERN_ID_W4', cell 'C20357' does not drive any nets. (LINT-1)
Warning: In design 'repair_decode_with_hybrid_MAX_K5_NUM_CFG7_ENTRY_NUM14_ROW_W10_COL_W10_PATTERN_ID_W4', cell 'C20360' does not drive any nets. (LINT-1)
Warning: In design 'repair_decode_with_hybrid_MAX_K5_NUM_CFG7_ENTRY_NUM14_ROW_W10_COL_W10_PATTERN_ID_W4', cell 'C20363' does not drive any nets. (LINT-1)
Warning: In design 'repair_decode_with_hybrid_MAX_K5_NUM_CFG7_ENTRY_NUM14_ROW_W10_COL_W10_PATTERN_ID_W4', cell 'C20393' does not drive any nets. (LINT-1)
Warning: In design 'repair_decode_with_hybrid_MAX_K5_NUM_CFG7_ENTRY_NUM14_ROW_W10_COL_W10_PATTERN_ID_W4', cell 'C20396' does not drive any nets. (LINT-1)
Warning: In design 'repair_decode_with_hybrid_MAX_K5_NUM_CFG7_ENTRY_NUM14_ROW_W10_COL_W10_PATTERN_ID_W4', cell 'C20399' does not drive any nets. (LINT-1)
Warning: In design 'repair_decode_with_hybrid_MAX_K5_NUM_CFG7_ENTRY_NUM14_ROW_W10_COL_W10_PATTERN_ID_W4', cell 'C20402' does not drive any nets. (LINT-1)
Warning: In design 'repair_decode_with_hybrid_MAX_K5_NUM_CFG7_ENTRY_NUM14_ROW_W10_COL_W10_PATTERN_ID_W4', cell 'C20405' does not drive any nets. (LINT-1)
Warning: In design 'repair_decode_with_hybrid_MAX_K5_NUM_CFG7_ENTRY_NUM14_ROW_W10_COL_W10_PATTERN_ID_W4', cell 'C20435' does not drive any nets. (LINT-1)
Warning: In design 'repair_decode_with_hybrid_MAX_K5_NUM_CFG7_ENTRY_NUM14_ROW_W10_COL_W10_PATTERN_ID_W4', cell 'C20438' does not drive any nets. (LINT-1)
Warning: In design 'repair_decode_with_hybrid_MAX_K5_NUM_CFG7_ENTRY_NUM14_ROW_W10_COL_W10_PATTERN_ID_W4', cell 'C20441' does not drive any nets. (LINT-1)
Warning: In design 'repair_decode_with_hybrid_MAX_K5_NUM_CFG7_ENTRY_NUM14_ROW_W10_COL_W10_PATTERN_ID_W4', cell 'C20444' does not drive any nets. (LINT-1)
Warning: In design 'repair_decode_with_hybrid_MAX_K5_NUM_CFG7_ENTRY_NUM14_ROW_W10_COL_W10_PATTERN_ID_W4', cell 'C20447' does not drive any nets. (LINT-1)
Warning: In design 'repair_decode_with_hybrid_MAX_K5_NUM_CFG7_ENTRY_NUM14_ROW_W10_COL_W10_PATTERN_ID_W4', cell 'C20477' does not drive any nets. (LINT-1)
Warning: In design 'repair_decode_with_hybrid_MAX_K5_NUM_CFG7_ENTRY_NUM14_ROW_W10_COL_W10_PATTERN_ID_W4', cell 'C20480' does not drive any nets. (LINT-1)
Warning: In design 'repair_decode_with_hybrid_MAX_K5_NUM_CFG7_ENTRY_NUM14_ROW_W10_COL_W10_PATTERN_ID_W4', cell 'C20483' does not drive any nets. (LINT-1)
Warning: In design 'repair_decode_with_hybrid_MAX_K5_NUM_CFG7_ENTRY_NUM14_ROW_W10_COL_W10_PATTERN_ID_W4', cell 'C20486' does not drive any nets. (LINT-1)
Warning: In design 'repair_decode_with_hybrid_MAX_K5_NUM_CFG7_ENTRY_NUM14_ROW_W10_COL_W10_PATTERN_ID_W4', cell 'C20489' does not drive any nets. (LINT-1)
Warning: In design 'repair_decode_with_hybrid_MAX_K5_NUM_CFG7_ENTRY_NUM14_ROW_W10_COL_W10_PATTERN_ID_W4', cell 'C20519' does not drive any nets. (LINT-1)
Warning: In design 'repair_decode_with_hybrid_MAX_K5_NUM_CFG7_ENTRY_NUM14_ROW_W10_COL_W10_PATTERN_ID_W4', cell 'C20522' does not drive any nets. (LINT-1)
Warning: In design 'repair_decode_with_hybrid_MAX_K5_NUM_CFG7_ENTRY_NUM14_ROW_W10_COL_W10_PATTERN_ID_W4', cell 'C20525' does not drive any nets. (LINT-1)
Warning: In design 'repair_decode_with_hybrid_MAX_K5_NUM_CFG7_ENTRY_NUM14_ROW_W10_COL_W10_PATTERN_ID_W4', cell 'C20528' does not drive any nets. (LINT-1)
Warning: In design 'repair_decode_with_hybrid_MAX_K5_NUM_CFG7_ENTRY_NUM14_ROW_W10_COL_W10_PATTERN_ID_W4', cell 'C20531' does not drive any nets. (LINT-1)
Warning: In design 'repair_decode_with_hybrid_MAX_K5_NUM_CFG7_ENTRY_NUM14_ROW_W10_COL_W10_PATTERN_ID_W4', cell 'C20561' does not drive any nets. (LINT-1)
Warning: In design 'repair_decode_with_hybrid_MAX_K5_NUM_CFG7_ENTRY_NUM14_ROW_W10_COL_W10_PATTERN_ID_W4', cell 'C20564' does not drive any nets. (LINT-1)
Warning: In design 'repair_decode_with_hybrid_MAX_K5_NUM_CFG7_ENTRY_NUM14_ROW_W10_COL_W10_PATTERN_ID_W4', cell 'C20567' does not drive any nets. (LINT-1)
Warning: In design 'repair_decode_with_hybrid_MAX_K5_NUM_CFG7_ENTRY_NUM14_ROW_W10_COL_W10_PATTERN_ID_W4', cell 'C20570' does not drive any nets. (LINT-1)
Warning: In design 'repair_decode_with_hybrid_MAX_K5_NUM_CFG7_ENTRY_NUM14_ROW_W10_COL_W10_PATTERN_ID_W4', cell 'C20573' does not drive any nets. (LINT-1)
Warning: In design 'repair_decode_with_hybrid_MAX_K5_NUM_CFG7_ENTRY_NUM14_ROW_W10_COL_W10_PATTERN_ID_W4', cell 'C20603' does not drive any nets. (LINT-1)
Warning: In design 'repair_decode_with_hybrid_MAX_K5_NUM_CFG7_ENTRY_NUM14_ROW_W10_COL_W10_PATTERN_ID_W4', cell 'C20606' does not drive any nets. (LINT-1)
Warning: In design 'repair_decode_with_hybrid_MAX_K5_NUM_CFG7_ENTRY_NUM14_ROW_W10_COL_W10_PATTERN_ID_W4', cell 'C20609' does not drive any nets. (LINT-1)
Warning: In design 'repair_decode_with_hybrid_MAX_K5_NUM_CFG7_ENTRY_NUM14_ROW_W10_COL_W10_PATTERN_ID_W4', cell 'C20612' does not drive any nets. (LINT-1)
Warning: In design 'repair_decode_with_hybrid_MAX_K5_NUM_CFG7_ENTRY_NUM14_ROW_W10_COL_W10_PATTERN_ID_W4', cell 'C20615' does not drive any nets. (LINT-1)
Warning: In design 'repair_decode_with_hybrid_MAX_K5_NUM_CFG7_ENTRY_NUM14_ROW_W10_COL_W10_PATTERN_ID_W4', cell 'C20645' does not drive any nets. (LINT-1)
Warning: In design 'repair_decode_with_hybrid_MAX_K5_NUM_CFG7_ENTRY_NUM14_ROW_W10_COL_W10_PATTERN_ID_W4', cell 'C20648' does not drive any nets. (LINT-1)
Warning: In design 'repair_decode_with_hybrid_MAX_K5_NUM_CFG7_ENTRY_NUM14_ROW_W10_COL_W10_PATTERN_ID_W4', cell 'C20651' does not drive any nets. (LINT-1)
Warning: In design 'repair_decode_with_hybrid_MAX_K5_NUM_CFG7_ENTRY_NUM14_ROW_W10_COL_W10_PATTERN_ID_W4', cell 'C20654' does not drive any nets. (LINT-1)
Warning: In design 'repair_decode_with_hybrid_MAX_K5_NUM_CFG7_ENTRY_NUM14_ROW_W10_COL_W10_PATTERN_ID_W4', cell 'C20657' does not drive any nets. (LINT-1)
Warning: In design 'repair_decode_with_hybrid_MAX_K5_NUM_CFG7_ENTRY_NUM14_ROW_W10_COL_W10_PATTERN_ID_W4', cell 'C20687' does not drive any nets. (LINT-1)
Warning: In design 'repair_decode_with_hybrid_MAX_K5_NUM_CFG7_ENTRY_NUM14_ROW_W10_COL_W10_PATTERN_ID_W4', cell 'C20690' does not drive any nets. (LINT-1)
Warning: In design 'repair_decode_with_hybrid_MAX_K5_NUM_CFG7_ENTRY_NUM14_ROW_W10_COL_W10_PATTERN_ID_W4', cell 'C20693' does not drive any nets. (LINT-1)
Warning: In design 'repair_decode_with_hybrid_MAX_K5_NUM_CFG7_ENTRY_NUM14_ROW_W10_COL_W10_PATTERN_ID_W4', cell 'C20696' does not drive any nets. (LINT-1)
Warning: In design 'repair_decode_with_hybrid_MAX_K5_NUM_CFG7_ENTRY_NUM14_ROW_W10_COL_W10_PATTERN_ID_W4', cell 'C20699' does not drive any nets. (LINT-1)
Warning: In design 'repair_decode_with_hybrid_MAX_K5_NUM_CFG7_ENTRY_NUM14_ROW_W10_COL_W10_PATTERN_ID_W4', cell 'C20729' does not drive any nets. (LINT-1)
Warning: In design 'repair_decode_with_hybrid_MAX_K5_NUM_CFG7_ENTRY_NUM14_ROW_W10_COL_W10_PATTERN_ID_W4', cell 'C20732' does not drive any nets. (LINT-1)
Warning: In design 'repair_decode_with_hybrid_MAX_K5_NUM_CFG7_ENTRY_NUM14_ROW_W10_COL_W10_PATTERN_ID_W4', cell 'C20735' does not drive any nets. (LINT-1)
Warning: In design 'repair_decode_with_hybrid_MAX_K5_NUM_CFG7_ENTRY_NUM14_ROW_W10_COL_W10_PATTERN_ID_W4', cell 'C20738' does not drive any nets. (LINT-1)
Warning: In design 'repair_decode_with_hybrid_MAX_K5_NUM_CFG7_ENTRY_NUM14_ROW_W10_COL_W10_PATTERN_ID_W4', cell 'C20741' does not drive any nets. (LINT-1)
Warning: In design 'repair_decode_with_hybrid_MAX_K5_NUM_CFG7_ENTRY_NUM14_ROW_W10_COL_W10_PATTERN_ID_W4', cell 'C20771' does not drive any nets. (LINT-1)
Warning: In design 'repair_decode_with_hybrid_MAX_K5_NUM_CFG7_ENTRY_NUM14_ROW_W10_COL_W10_PATTERN_ID_W4', cell 'C20774' does not drive any nets. (LINT-1)
Warning: In design 'repair_decode_with_hybrid_MAX_K5_NUM_CFG7_ENTRY_NUM14_ROW_W10_COL_W10_PATTERN_ID_W4', cell 'C20777' does not drive any nets. (LINT-1)
Warning: In design 'repair_decode_with_hybrid_MAX_K5_NUM_CFG7_ENTRY_NUM14_ROW_W10_COL_W10_PATTERN_ID_W4', cell 'C20780' does not drive any nets. (LINT-1)
Warning: In design 'repair_decode_with_hybrid_MAX_K5_NUM_CFG7_ENTRY_NUM14_ROW_W10_COL_W10_PATTERN_ID_W4', cell 'C20783' does not drive any nets. (LINT-1)
Warning: In design 'repair_decode_with_hybrid_MAX_K5_NUM_CFG7_ENTRY_NUM14_ROW_W10_COL_W10_PATTERN_ID_W4', cell 'C20813' does not drive any nets. (LINT-1)
Warning: In design 'repair_decode_with_hybrid_MAX_K5_NUM_CFG7_ENTRY_NUM14_ROW_W10_COL_W10_PATTERN_ID_W4', cell 'C20816' does not drive any nets. (LINT-1)
Warning: In design 'repair_decode_with_hybrid_MAX_K5_NUM_CFG7_ENTRY_NUM14_ROW_W10_COL_W10_PATTERN_ID_W4', cell 'C20819' does not drive any nets. (LINT-1)
Warning: In design 'repair_decode_with_hybrid_MAX_K5_NUM_CFG7_ENTRY_NUM14_ROW_W10_COL_W10_PATTERN_ID_W4', cell 'C20822' does not drive any nets. (LINT-1)
Warning: In design 'repair_decode_with_hybrid_MAX_K5_NUM_CFG7_ENTRY_NUM14_ROW_W10_COL_W10_PATTERN_ID_W4', cell 'C20825' does not drive any nets. (LINT-1)
Warning: In design 'repair_decode_with_hybrid_MAX_K5_NUM_CFG7_ENTRY_NUM14_ROW_W10_COL_W10_PATTERN_ID_W4', cell 'C20855' does not drive any nets. (LINT-1)
Warning: In design 'repair_decode_with_hybrid_MAX_K5_NUM_CFG7_ENTRY_NUM14_ROW_W10_COL_W10_PATTERN_ID_W4', cell 'C20858' does not drive any nets. (LINT-1)
Warning: In design 'repair_decode_with_hybrid_MAX_K5_NUM_CFG7_ENTRY_NUM14_ROW_W10_COL_W10_PATTERN_ID_W4', cell 'C20861' does not drive any nets. (LINT-1)
Warning: In design 'repair_decode_with_hybrid_MAX_K5_NUM_CFG7_ENTRY_NUM14_ROW_W10_COL_W10_PATTERN_ID_W4', cell 'C20864' does not drive any nets. (LINT-1)
Warning: In design 'repair_decode_with_hybrid_MAX_K5_NUM_CFG7_ENTRY_NUM14_ROW_W10_COL_W10_PATTERN_ID_W4', cell 'C20867' does not drive any nets. (LINT-1)
Warning: In design 'repair_decode_with_hybrid_MAX_K5_NUM_CFG7_ENTRY_NUM14_ROW_W10_COL_W10_PATTERN_ID_W4', cell 'C20897' does not drive any nets. (LINT-1)
Warning: In design 'repair_decode_with_hybrid_MAX_K5_NUM_CFG7_ENTRY_NUM14_ROW_W10_COL_W10_PATTERN_ID_W4', cell 'C20900' does not drive any nets. (LINT-1)
Warning: In design 'repair_decode_with_hybrid_MAX_K5_NUM_CFG7_ENTRY_NUM14_ROW_W10_COL_W10_PATTERN_ID_W4', cell 'C20903' does not drive any nets. (LINT-1)
Warning: In design 'repair_decode_with_hybrid_MAX_K5_NUM_CFG7_ENTRY_NUM14_ROW_W10_COL_W10_PATTERN_ID_W4', cell 'C20906' does not drive any nets. (LINT-1)
Warning: In design 'repair_decode_with_hybrid_MAX_K5_NUM_CFG7_ENTRY_NUM14_ROW_W10_COL_W10_PATTERN_ID_W4', cell 'C20909' does not drive any nets. (LINT-1)
Warning: In design 'repair_decode_with_hybrid_MAX_K5_NUM_CFG7_ENTRY_NUM14_ROW_W10_COL_W10_PATTERN_ID_W4', cell 'C20939' does not drive any nets. (LINT-1)
Warning: In design 'repair_decode_with_hybrid_MAX_K5_NUM_CFG7_ENTRY_NUM14_ROW_W10_COL_W10_PATTERN_ID_W4', cell 'C20942' does not drive any nets. (LINT-1)
Warning: In design 'repair_decode_with_hybrid_MAX_K5_NUM_CFG7_ENTRY_NUM14_ROW_W10_COL_W10_PATTERN_ID_W4', cell 'C20945' does not drive any nets. (LINT-1)
Warning: In design 'repair_decode_with_hybrid_MAX_K5_NUM_CFG7_ENTRY_NUM14_ROW_W10_COL_W10_PATTERN_ID_W4', cell 'C20948' does not drive any nets. (LINT-1)
Warning: In design 'repair_decode_with_hybrid_MAX_K5_NUM_CFG7_ENTRY_NUM14_ROW_W10_COL_W10_PATTERN_ID_W4', cell 'C20951' does not drive any nets. (LINT-1)
Warning: In design 'repair_decode_with_hybrid_MAX_K5_NUM_CFG7_ENTRY_NUM14_ROW_W10_COL_W10_PATTERN_ID_W4', cell 'C20981' does not drive any nets. (LINT-1)
Warning: In design 'repair_decode_with_hybrid_MAX_K5_NUM_CFG7_ENTRY_NUM14_ROW_W10_COL_W10_PATTERN_ID_W4', cell 'C20984' does not drive any nets. (LINT-1)
Warning: In design 'repair_decode_with_hybrid_MAX_K5_NUM_CFG7_ENTRY_NUM14_ROW_W10_COL_W10_PATTERN_ID_W4', cell 'C20987' does not drive any nets. (LINT-1)
Warning: In design 'repair_decode_with_hybrid_MAX_K5_NUM_CFG7_ENTRY_NUM14_ROW_W10_COL_W10_PATTERN_ID_W4', cell 'C20990' does not drive any nets. (LINT-1)
Warning: In design 'repair_decode_with_hybrid_MAX_K5_NUM_CFG7_ENTRY_NUM14_ROW_W10_COL_W10_PATTERN_ID_W4', cell 'C20993' does not drive any nets. (LINT-1)
Warning: In design 'repair_decode_with_hybrid_MAX_K5_NUM_CFG7_ENTRY_NUM14_ROW_W10_COL_W10_PATTERN_ID_W4', cell 'C21004' does not drive any nets. (LINT-1)
Warning: In design 'repair_decode_with_hybrid_MAX_K5_NUM_CFG7_ENTRY_NUM14_ROW_W10_COL_W10_PATTERN_ID_W4', cell 'C21018' does not drive any nets. (LINT-1)
Warning: In design 'repair_decode_with_hybrid_MAX_K5_NUM_CFG7_ENTRY_NUM14_ROW_W10_COL_W10_PATTERN_ID_W4', cell 'C21032' does not drive any nets. (LINT-1)
Warning: In design 'repair_decode_with_hybrid_MAX_K5_NUM_CFG7_ENTRY_NUM14_ROW_W10_COL_W10_PATTERN_ID_W4', cell 'C21046' does not drive any nets. (LINT-1)
Warning: In design 'repair_decode_with_hybrid_MAX_K5_NUM_CFG7_ENTRY_NUM14_ROW_W10_COL_W10_PATTERN_ID_W4', cell 'C21060' does not drive any nets. (LINT-1)
Warning: In design 'repair_decode_with_hybrid_MAX_K5_NUM_CFG7_ENTRY_NUM14_ROW_W10_COL_W10_PATTERN_ID_W4', cell 'C21065' does not drive any nets. (LINT-1)
Warning: In design 'repair_decode_with_hybrid_MAX_K5_NUM_CFG7_ENTRY_NUM14_ROW_W10_COL_W10_PATTERN_ID_W4', cell 'C21066' does not drive any nets. (LINT-1)
Warning: In design 'repair_decode_with_hybrid_MAX_K5_NUM_CFG7_ENTRY_NUM14_ROW_W10_COL_W10_PATTERN_ID_W4', cell 'C21067' does not drive any nets. (LINT-1)
Warning: In design 'repair_decode_with_hybrid_MAX_K5_NUM_CFG7_ENTRY_NUM14_ROW_W10_COL_W10_PATTERN_ID_W4', cell 'C21068' does not drive any nets. (LINT-1)
Warning: In design 'repair_decode_with_hybrid_MAX_K5_NUM_CFG7_ENTRY_NUM14_ROW_W10_COL_W10_PATTERN_ID_W4', cell 'C21069' does not drive any nets. (LINT-1)
Warning: In design 'repair_decode_with_hybrid_MAX_K5_NUM_CFG7_ENTRY_NUM14_ROW_W10_COL_W10_PATTERN_ID_W4', cell 'C21070' does not drive any nets. (LINT-1)
Warning: In design 'repair_decode_with_hybrid_MAX_K5_NUM_CFG7_ENTRY_NUM14_ROW_W10_COL_W10_PATTERN_ID_W4', cell 'C21071' does not drive any nets. (LINT-1)
Warning: In design 'repair_decode_with_hybrid_MAX_K5_NUM_CFG7_ENTRY_NUM14_ROW_W10_COL_W10_PATTERN_ID_W4', cell 'C21072' does not drive any nets. (LINT-1)
Warning: In design 'repair_decode_with_hybrid_MAX_K5_NUM_CFG7_ENTRY_NUM14_ROW_W10_COL_W10_PATTERN_ID_W4', cell 'C21073' does not drive any nets. (LINT-1)
Warning: In design 'repair_decode_with_hybrid_MAX_K5_NUM_CFG7_ENTRY_NUM14_ROW_W10_COL_W10_PATTERN_ID_W4', cell 'C21074' does not drive any nets. (LINT-1)
Warning: In design 'repair_decode_with_hybrid_MAX_K5_NUM_CFG7_ENTRY_NUM14_ROW_W10_COL_W10_PATTERN_ID_W4', cell 'C21075' does not drive any nets. (LINT-1)
Warning: In design 'repair_decode_with_hybrid_MAX_K5_NUM_CFG7_ENTRY_NUM14_ROW_W10_COL_W10_PATTERN_ID_W4', cell 'C21076' does not drive any nets. (LINT-1)
Warning: In design 'repair_decode_with_hybrid_MAX_K5_NUM_CFG7_ENTRY_NUM14_ROW_W10_COL_W10_PATTERN_ID_W4', cell 'C21077' does not drive any nets. (LINT-1)
Warning: In design 'repair_decode_with_hybrid_MAX_K5_NUM_CFG7_ENTRY_NUM14_ROW_W10_COL_W10_PATTERN_ID_W4', cell 'C21078' does not drive any nets. (LINT-1)
Warning: In design 'repair_decode_with_hybrid_MAX_K5_NUM_CFG7_ENTRY_NUM14_ROW_W10_COL_W10_PATTERN_ID_W4', cell 'C21079' does not drive any nets. (LINT-1)
Warning: In design 'repair_decode_with_hybrid_MAX_K5_NUM_CFG7_ENTRY_NUM14_ROW_W10_COL_W10_PATTERN_ID_W4', cell 'C21080' does not drive any nets. (LINT-1)
Warning: In design 'repair_decode_with_hybrid_MAX_K5_NUM_CFG7_ENTRY_NUM14_ROW_W10_COL_W10_PATTERN_ID_W4', cell 'C21081' does not drive any nets. (LINT-1)
Warning: In design 'repair_decode_with_hybrid_MAX_K5_NUM_CFG7_ENTRY_NUM14_ROW_W10_COL_W10_PATTERN_ID_W4', cell 'C21082' does not drive any nets. (LINT-1)
Warning: In design 'repair_decode_with_hybrid_MAX_K5_NUM_CFG7_ENTRY_NUM14_ROW_W10_COL_W10_PATTERN_ID_W4', cell 'C21083' does not drive any nets. (LINT-1)
Warning: In design 'repair_decode_with_hybrid_MAX_K5_NUM_CFG7_ENTRY_NUM14_ROW_W10_COL_W10_PATTERN_ID_W4', cell 'C21084' does not drive any nets. (LINT-1)
Warning: In design 'repair_decode_with_hybrid_MAX_K5_NUM_CFG7_ENTRY_NUM14_ROW_W10_COL_W10_PATTERN_ID_W4', cell 'C21085' does not drive any nets. (LINT-1)
Warning: In design 'repair_decode_with_hybrid_MAX_K5_NUM_CFG7_ENTRY_NUM14_ROW_W10_COL_W10_PATTERN_ID_W4', cell 'C21086' does not drive any nets. (LINT-1)
Warning: In design 'repair_decode_with_hybrid_MAX_K5_NUM_CFG7_ENTRY_NUM14_ROW_W10_COL_W10_PATTERN_ID_W4', cell 'C21087' does not drive any nets. (LINT-1)
Warning: In design 'repair_decode_with_hybrid_MAX_K5_NUM_CFG7_ENTRY_NUM14_ROW_W10_COL_W10_PATTERN_ID_W4', cell 'C21088' does not drive any nets. (LINT-1)
Warning: In design 'repair_decode_with_hybrid_MAX_K5_NUM_CFG7_ENTRY_NUM14_ROW_W10_COL_W10_PATTERN_ID_W4', cell 'C21089' does not drive any nets. (LINT-1)
Warning: In design 'repair_decode_with_hybrid_MAX_K5_NUM_CFG7_ENTRY_NUM14_ROW_W10_COL_W10_PATTERN_ID_W4', cell 'C21090' does not drive any nets. (LINT-1)
Warning: In design 'repair_decode_with_hybrid_MAX_K5_NUM_CFG7_ENTRY_NUM14_ROW_W10_COL_W10_PATTERN_ID_W4', cell 'C21091' does not drive any nets. (LINT-1)
Warning: In design 'repair_decode_with_hybrid_MAX_K5_NUM_CFG7_ENTRY_NUM14_ROW_W10_COL_W10_PATTERN_ID_W4', cell 'C21092' does not drive any nets. (LINT-1)
Warning: In design 'repair_decode_with_hybrid_MAX_K5_NUM_CFG7_ENTRY_NUM14_ROW_W10_COL_W10_PATTERN_ID_W4', cell 'C21093' does not drive any nets. (LINT-1)
Warning: In design 'repair_decode_with_hybrid_MAX_K5_NUM_CFG7_ENTRY_NUM14_ROW_W10_COL_W10_PATTERN_ID_W4', cell 'C21094' does not drive any nets. (LINT-1)
Warning: In design 'repair_decode_with_hybrid_MAX_K5_NUM_CFG7_ENTRY_NUM14_ROW_W10_COL_W10_PATTERN_ID_W4', cell 'C21095' does not drive any nets. (LINT-1)
Warning: In design 'repair_decode_with_hybrid_MAX_K5_NUM_CFG7_ENTRY_NUM14_ROW_W10_COL_W10_PATTERN_ID_W4', cell 'C21096' does not drive any nets. (LINT-1)
Warning: In design 'repair_decode_with_hybrid_MAX_K5_NUM_CFG7_ENTRY_NUM14_ROW_W10_COL_W10_PATTERN_ID_W4', cell 'C21097' does not drive any nets. (LINT-1)
Warning: In design 'repair_decode_with_hybrid_MAX_K5_NUM_CFG7_ENTRY_NUM14_ROW_W10_COL_W10_PATTERN_ID_W4', cell 'C21098' does not drive any nets. (LINT-1)
Warning: In design 'repair_decode_with_hybrid_MAX_K5_NUM_CFG7_ENTRY_NUM14_ROW_W10_COL_W10_PATTERN_ID_W4', cell 'C21099' does not drive any nets. (LINT-1)
Warning: In design 'repair_decode_with_hybrid_MAX_K5_NUM_CFG7_ENTRY_NUM14_ROW_W10_COL_W10_PATTERN_ID_W4', cell 'C21100' does not drive any nets. (LINT-1)
Warning: In design 'repair_decode_with_hybrid_MAX_K5_NUM_CFG7_ENTRY_NUM14_ROW_W10_COL_W10_PATTERN_ID_W4', cell 'C21101' does not drive any nets. (LINT-1)
Warning: In design 'repair_decode_with_hybrid_MAX_K5_NUM_CFG7_ENTRY_NUM14_ROW_W10_COL_W10_PATTERN_ID_W4', cell 'C21102' does not drive any nets. (LINT-1)
Warning: In design 'repair_decode_with_hybrid_MAX_K5_NUM_CFG7_ENTRY_NUM14_ROW_W10_COL_W10_PATTERN_ID_W4', cell 'C21103' does not drive any nets. (LINT-1)
Warning: In design 'repair_decode_with_hybrid_MAX_K5_NUM_CFG7_ENTRY_NUM14_ROW_W10_COL_W10_PATTERN_ID_W4', cell 'C21104' does not drive any nets. (LINT-1)
Warning: In design 'repair_decode_with_hybrid_MAX_K5_NUM_CFG7_ENTRY_NUM14_ROW_W10_COL_W10_PATTERN_ID_W4', cell 'C21105' does not drive any nets. (LINT-1)
Warning: In design 'repair_decode_with_hybrid_MAX_K5_NUM_CFG7_ENTRY_NUM14_ROW_W10_COL_W10_PATTERN_ID_W4', cell 'C21106' does not drive any nets. (LINT-1)
Warning: In design 'repair_decode_with_hybrid_MAX_K5_NUM_CFG7_ENTRY_NUM14_ROW_W10_COL_W10_PATTERN_ID_W4', cell 'C21107' does not drive any nets. (LINT-1)
Warning: In design 'repair_decode_with_hybrid_MAX_K5_NUM_CFG7_ENTRY_NUM14_ROW_W10_COL_W10_PATTERN_ID_W4', cell 'C21108' does not drive any nets. (LINT-1)
Warning: In design 'repair_decode_with_hybrid_MAX_K5_NUM_CFG7_ENTRY_NUM14_ROW_W10_COL_W10_PATTERN_ID_W4', cell 'C21109' does not drive any nets. (LINT-1)
Warning: In design 'repair_decode_with_hybrid_MAX_K5_NUM_CFG7_ENTRY_NUM14_ROW_W10_COL_W10_PATTERN_ID_W4', cell 'C21110' does not drive any nets. (LINT-1)
Warning: In design 'repair_decode_with_hybrid_MAX_K5_NUM_CFG7_ENTRY_NUM14_ROW_W10_COL_W10_PATTERN_ID_W4', cell 'C21111' does not drive any nets. (LINT-1)
Warning: In design 'repair_decode_with_hybrid_MAX_K5_NUM_CFG7_ENTRY_NUM14_ROW_W10_COL_W10_PATTERN_ID_W4', cell 'C21112' does not drive any nets. (LINT-1)
Warning: In design 'repair_decode_with_hybrid_MAX_K5_NUM_CFG7_ENTRY_NUM14_ROW_W10_COL_W10_PATTERN_ID_W4', cell 'C21113' does not drive any nets. (LINT-1)
Warning: In design 'repair_decode_with_hybrid_MAX_K5_NUM_CFG7_ENTRY_NUM14_ROW_W10_COL_W10_PATTERN_ID_W4', cell 'C21114' does not drive any nets. (LINT-1)
Warning: In design 'repair_decode_with_hybrid_MAX_K5_NUM_CFG7_ENTRY_NUM14_ROW_W10_COL_W10_PATTERN_ID_W4', cell 'C21115' does not drive any nets. (LINT-1)
Warning: In design 'repair_decode_with_hybrid_MAX_K5_NUM_CFG7_ENTRY_NUM14_ROW_W10_COL_W10_PATTERN_ID_W4', cell 'C21116' does not drive any nets. (LINT-1)
Warning: In design 'repair_decode_with_hybrid_MAX_K5_NUM_CFG7_ENTRY_NUM14_ROW_W10_COL_W10_PATTERN_ID_W4', cell 'C21117' does not drive any nets. (LINT-1)
Warning: In design 'repair_decode_with_hybrid_MAX_K5_NUM_CFG7_ENTRY_NUM14_ROW_W10_COL_W10_PATTERN_ID_W4', cell 'C21118' does not drive any nets. (LINT-1)
Warning: In design 'repair_decode_with_hybrid_MAX_K5_NUM_CFG7_ENTRY_NUM14_ROW_W10_COL_W10_PATTERN_ID_W4', cell 'C21119' does not drive any nets. (LINT-1)
Warning: In design 'repair_decode_with_hybrid_MAX_K5_NUM_CFG7_ENTRY_NUM14_ROW_W10_COL_W10_PATTERN_ID_W4', cell 'C21120' does not drive any nets. (LINT-1)
Warning: In design 'repair_decode_with_hybrid_MAX_K5_NUM_CFG7_ENTRY_NUM14_ROW_W10_COL_W10_PATTERN_ID_W4', cell 'C21121' does not drive any nets. (LINT-1)
Warning: In design 'repair_decode_with_hybrid_MAX_K5_NUM_CFG7_ENTRY_NUM14_ROW_W10_COL_W10_PATTERN_ID_W4', cell 'C21122' does not drive any nets. (LINT-1)
Warning: In design 'repair_decode_with_hybrid_MAX_K5_NUM_CFG7_ENTRY_NUM14_ROW_W10_COL_W10_PATTERN_ID_W4', cell 'C21123' does not drive any nets. (LINT-1)
Warning: In design 'repair_decode_with_hybrid_MAX_K5_NUM_CFG7_ENTRY_NUM14_ROW_W10_COL_W10_PATTERN_ID_W4', cell 'C21124' does not drive any nets. (LINT-1)
Warning: In design 'repair_decode_with_hybrid_MAX_K5_NUM_CFG7_ENTRY_NUM14_ROW_W10_COL_W10_PATTERN_ID_W4', cell 'C21125' does not drive any nets. (LINT-1)
Warning: In design 'repair_decode_with_hybrid_MAX_K5_NUM_CFG7_ENTRY_NUM14_ROW_W10_COL_W10_PATTERN_ID_W4', cell 'C21126' does not drive any nets. (LINT-1)
Warning: In design 'repair_decode_with_hybrid_MAX_K5_NUM_CFG7_ENTRY_NUM14_ROW_W10_COL_W10_PATTERN_ID_W4', cell 'C21127' does not drive any nets. (LINT-1)
Warning: In design 'repair_decode_with_hybrid_MAX_K5_NUM_CFG7_ENTRY_NUM14_ROW_W10_COL_W10_PATTERN_ID_W4', cell 'C21128' does not drive any nets. (LINT-1)
Warning: In design 'repair_decode_with_hybrid_MAX_K5_NUM_CFG7_ENTRY_NUM14_ROW_W10_COL_W10_PATTERN_ID_W4', cell 'C21129' does not drive any nets. (LINT-1)
Warning: In design 'repair_decode_with_hybrid_MAX_K5_NUM_CFG7_ENTRY_NUM14_ROW_W10_COL_W10_PATTERN_ID_W4', cell 'C21130' does not drive any nets. (LINT-1)
Warning: In design 'repair_decode_with_hybrid_MAX_K5_NUM_CFG7_ENTRY_NUM14_ROW_W10_COL_W10_PATTERN_ID_W4', cell 'C21131' does not drive any nets. (LINT-1)
Warning: In design 'repair_decode_with_hybrid_MAX_K5_NUM_CFG7_ENTRY_NUM14_ROW_W10_COL_W10_PATTERN_ID_W4', cell 'C21132' does not drive any nets. (LINT-1)
Warning: In design 'repair_decode_with_hybrid_MAX_K5_NUM_CFG7_ENTRY_NUM14_ROW_W10_COL_W10_PATTERN_ID_W4', cell 'C21133' does not drive any nets. (LINT-1)
Warning: In design 'repair_decode_with_hybrid_MAX_K5_NUM_CFG7_ENTRY_NUM14_ROW_W10_COL_W10_PATTERN_ID_W4', cell 'C21134' does not drive any nets. (LINT-1)
Warning: In design 'repair_decode_with_hybrid_MAX_K5_NUM_CFG7_ENTRY_NUM14_ROW_W10_COL_W10_PATTERN_ID_W4', cell 'C21135' does not drive any nets. (LINT-1)
Warning: In design 'repair_decode_with_hybrid_MAX_K5_NUM_CFG7_ENTRY_NUM14_ROW_W10_COL_W10_PATTERN_ID_W4', cell 'C21136' does not drive any nets. (LINT-1)
Warning: In design 'repair_decode_with_hybrid_MAX_K5_NUM_CFG7_ENTRY_NUM14_ROW_W10_COL_W10_PATTERN_ID_W4', cell 'C21137' does not drive any nets. (LINT-1)
Warning: In design 'repair_decode_with_hybrid_MAX_K5_NUM_CFG7_ENTRY_NUM14_ROW_W10_COL_W10_PATTERN_ID_W4', cell 'C21138' does not drive any nets. (LINT-1)
Warning: In design 'repair_decode_with_hybrid_MAX_K5_NUM_CFG7_ENTRY_NUM14_ROW_W10_COL_W10_PATTERN_ID_W4', cell 'C21139' does not drive any nets. (LINT-1)
Warning: In design 'repair_decode_with_hybrid_MAX_K5_NUM_CFG7_ENTRY_NUM14_ROW_W10_COL_W10_PATTERN_ID_W4', cell 'C21140' does not drive any nets. (LINT-1)
Warning: In design 'repair_decode_with_hybrid_MAX_K5_NUM_CFG7_ENTRY_NUM14_ROW_W10_COL_W10_PATTERN_ID_W4', cell 'C21141' does not drive any nets. (LINT-1)
Warning: In design 'repair_decode_with_hybrid_MAX_K5_NUM_CFG7_ENTRY_NUM14_ROW_W10_COL_W10_PATTERN_ID_W4', cell 'C21142' does not drive any nets. (LINT-1)
Warning: In design 'repair_decode_with_hybrid_MAX_K5_NUM_CFG7_ENTRY_NUM14_ROW_W10_COL_W10_PATTERN_ID_W4', cell 'C21143' does not drive any nets. (LINT-1)
Warning: In design 'repair_decode_with_hybrid_MAX_K5_NUM_CFG7_ENTRY_NUM14_ROW_W10_COL_W10_PATTERN_ID_W4', cell 'C21144' does not drive any nets. (LINT-1)
Warning: In design 'repair_decode_with_hybrid_MAX_K5_NUM_CFG7_ENTRY_NUM14_ROW_W10_COL_W10_PATTERN_ID_W4', cell 'C21145' does not drive any nets. (LINT-1)
Warning: In design 'repair_decode_with_hybrid_MAX_K5_NUM_CFG7_ENTRY_NUM14_ROW_W10_COL_W10_PATTERN_ID_W4', cell 'C21146' does not drive any nets. (LINT-1)
Warning: In design 'repair_decode_with_hybrid_MAX_K5_NUM_CFG7_ENTRY_NUM14_ROW_W10_COL_W10_PATTERN_ID_W4', cell 'C21147' does not drive any nets. (LINT-1)
Warning: In design 'repair_decode_with_hybrid_MAX_K5_NUM_CFG7_ENTRY_NUM14_ROW_W10_COL_W10_PATTERN_ID_W4', cell 'C21148' does not drive any nets. (LINT-1)
Warning: In design 'repair_decode_with_hybrid_MAX_K5_NUM_CFG7_ENTRY_NUM14_ROW_W10_COL_W10_PATTERN_ID_W4', cell 'C21149' does not drive any nets. (LINT-1)
Warning: In design 'repair_decode_with_hybrid_MAX_K5_NUM_CFG7_ENTRY_NUM14_ROW_W10_COL_W10_PATTERN_ID_W4', cell 'C21150' does not drive any nets. (LINT-1)
Warning: In design 'repair_decode_with_hybrid_MAX_K5_NUM_CFG7_ENTRY_NUM14_ROW_W10_COL_W10_PATTERN_ID_W4', cell 'C21151' does not drive any nets. (LINT-1)
Warning: In design 'repair_decode_with_hybrid_MAX_K5_NUM_CFG7_ENTRY_NUM14_ROW_W10_COL_W10_PATTERN_ID_W4', cell 'C21152' does not drive any nets. (LINT-1)
Warning: In design 'repair_decode_with_hybrid_MAX_K5_NUM_CFG7_ENTRY_NUM14_ROW_W10_COL_W10_PATTERN_ID_W4', cell 'C21153' does not drive any nets. (LINT-1)
Warning: In design 'repair_decode_with_hybrid_MAX_K5_NUM_CFG7_ENTRY_NUM14_ROW_W10_COL_W10_PATTERN_ID_W4', cell 'C21154' does not drive any nets. (LINT-1)
Warning: In design 'repair_decode_with_hybrid_MAX_K5_NUM_CFG7_ENTRY_NUM14_ROW_W10_COL_W10_PATTERN_ID_W4', cell 'C21155' does not drive any nets. (LINT-1)
Warning: In design 'repair_decode_with_hybrid_MAX_K5_NUM_CFG7_ENTRY_NUM14_ROW_W10_COL_W10_PATTERN_ID_W4', cell 'C21156' does not drive any nets. (LINT-1)
Warning: In design 'repair_decode_with_hybrid_MAX_K5_NUM_CFG7_ENTRY_NUM14_ROW_W10_COL_W10_PATTERN_ID_W4', cell 'C21157' does not drive any nets. (LINT-1)
Warning: In design 'repair_decode_with_hybrid_MAX_K5_NUM_CFG7_ENTRY_NUM14_ROW_W10_COL_W10_PATTERN_ID_W4', cell 'C21158' does not drive any nets. (LINT-1)
Warning: In design 'repair_decode_with_hybrid_MAX_K5_NUM_CFG7_ENTRY_NUM14_ROW_W10_COL_W10_PATTERN_ID_W4', cell 'C21159' does not drive any nets. (LINT-1)
Warning: In design 'repair_decode_with_hybrid_MAX_K5_NUM_CFG7_ENTRY_NUM14_ROW_W10_COL_W10_PATTERN_ID_W4', cell 'C21160' does not drive any nets. (LINT-1)
Warning: In design 'repair_decode_with_hybrid_MAX_K5_NUM_CFG7_ENTRY_NUM14_ROW_W10_COL_W10_PATTERN_ID_W4', cell 'C21161' does not drive any nets. (LINT-1)
Warning: In design 'repair_decode_with_hybrid_MAX_K5_NUM_CFG7_ENTRY_NUM14_ROW_W10_COL_W10_PATTERN_ID_W4', cell 'C21162' does not drive any nets. (LINT-1)
Warning: In design 'repair_decode_with_hybrid_MAX_K5_NUM_CFG7_ENTRY_NUM14_ROW_W10_COL_W10_PATTERN_ID_W4', cell 'C21163' does not drive any nets. (LINT-1)
Warning: In design 'repair_decode_with_hybrid_MAX_K5_NUM_CFG7_ENTRY_NUM14_ROW_W10_COL_W10_PATTERN_ID_W4', cell 'C21164' does not drive any nets. (LINT-1)
Warning: In design 'repair_decode_with_hybrid_MAX_K5_NUM_CFG7_ENTRY_NUM14_ROW_W10_COL_W10_PATTERN_ID_W4', cell 'C21165' does not drive any nets. (LINT-1)
Warning: In design 'repair_decode_with_hybrid_MAX_K5_NUM_CFG7_ENTRY_NUM14_ROW_W10_COL_W10_PATTERN_ID_W4', cell 'C21166' does not drive any nets. (LINT-1)
Warning: In design 'repair_decode_with_hybrid_MAX_K5_NUM_CFG7_ENTRY_NUM14_ROW_W10_COL_W10_PATTERN_ID_W4', cell 'C21167' does not drive any nets. (LINT-1)
Warning: In design 'repair_decode_with_hybrid_MAX_K5_NUM_CFG7_ENTRY_NUM14_ROW_W10_COL_W10_PATTERN_ID_W4', cell 'C21168' does not drive any nets. (LINT-1)
Warning: In design 'repair_decode_with_hybrid_MAX_K5_NUM_CFG7_ENTRY_NUM14_ROW_W10_COL_W10_PATTERN_ID_W4', cell 'C21169' does not drive any nets. (LINT-1)
Warning: In design 'repair_decode_with_hybrid_MAX_K5_NUM_CFG7_ENTRY_NUM14_ROW_W10_COL_W10_PATTERN_ID_W4', cell 'C21170' does not drive any nets. (LINT-1)
Warning: In design 'repair_decode_with_hybrid_MAX_K5_NUM_CFG7_ENTRY_NUM14_ROW_W10_COL_W10_PATTERN_ID_W4', cell 'C21171' does not drive any nets. (LINT-1)
Warning: In design 'repair_decode_with_hybrid_MAX_K5_NUM_CFG7_ENTRY_NUM14_ROW_W10_COL_W10_PATTERN_ID_W4', cell 'C21172' does not drive any nets. (LINT-1)
Warning: In design 'repair_decode_with_hybrid_MAX_K5_NUM_CFG7_ENTRY_NUM14_ROW_W10_COL_W10_PATTERN_ID_W4', cell 'C21173' does not drive any nets. (LINT-1)
Warning: In design 'repair_decode_with_hybrid_MAX_K5_NUM_CFG7_ENTRY_NUM14_ROW_W10_COL_W10_PATTERN_ID_W4', cell 'C21174' does not drive any nets. (LINT-1)
Warning: In design 'repair_decode_with_hybrid_MAX_K5_NUM_CFG7_ENTRY_NUM14_ROW_W10_COL_W10_PATTERN_ID_W4', cell 'C21175' does not drive any nets. (LINT-1)
Warning: In design 'repair_decode_with_hybrid_MAX_K5_NUM_CFG7_ENTRY_NUM14_ROW_W10_COL_W10_PATTERN_ID_W4', cell 'C21176' does not drive any nets. (LINT-1)
Warning: In design 'repair_decode_with_hybrid_MAX_K5_NUM_CFG7_ENTRY_NUM14_ROW_W10_COL_W10_PATTERN_ID_W4', cell 'C21177' does not drive any nets. (LINT-1)
Warning: In design 'repair_decode_with_hybrid_MAX_K5_NUM_CFG7_ENTRY_NUM14_ROW_W10_COL_W10_PATTERN_ID_W4', cell 'C21178' does not drive any nets. (LINT-1)
Warning: In design 'repair_decode_with_hybrid_MAX_K5_NUM_CFG7_ENTRY_NUM14_ROW_W10_COL_W10_PATTERN_ID_W4', cell 'C21179' does not drive any nets. (LINT-1)
Warning: In design 'repair_decode_with_hybrid_MAX_K5_NUM_CFG7_ENTRY_NUM14_ROW_W10_COL_W10_PATTERN_ID_W4', cell 'C21180' does not drive any nets. (LINT-1)
Warning: In design 'repair_decode_with_hybrid_MAX_K5_NUM_CFG7_ENTRY_NUM14_ROW_W10_COL_W10_PATTERN_ID_W4', cell 'C21181' does not drive any nets. (LINT-1)
Warning: In design 'repair_decode_with_hybrid_MAX_K5_NUM_CFG7_ENTRY_NUM14_ROW_W10_COL_W10_PATTERN_ID_W4', cell 'C21182' does not drive any nets. (LINT-1)
Warning: In design 'repair_decode_with_hybrid_MAX_K5_NUM_CFG7_ENTRY_NUM14_ROW_W10_COL_W10_PATTERN_ID_W4', cell 'C21183' does not drive any nets. (LINT-1)
Warning: In design 'repair_decode_with_hybrid_MAX_K5_NUM_CFG7_ENTRY_NUM14_ROW_W10_COL_W10_PATTERN_ID_W4', cell 'C21184' does not drive any nets. (LINT-1)
Warning: In design 'repair_decode_with_hybrid_MAX_K5_NUM_CFG7_ENTRY_NUM14_ROW_W10_COL_W10_PATTERN_ID_W4', cell 'C21185' does not drive any nets. (LINT-1)
Warning: In design 'repair_decode_with_hybrid_MAX_K5_NUM_CFG7_ENTRY_NUM14_ROW_W10_COL_W10_PATTERN_ID_W4', cell 'C21186' does not drive any nets. (LINT-1)
Warning: In design 'repair_decode_with_hybrid_MAX_K5_NUM_CFG7_ENTRY_NUM14_ROW_W10_COL_W10_PATTERN_ID_W4', cell 'C21187' does not drive any nets. (LINT-1)
Warning: In design 'repair_decode_with_hybrid_MAX_K5_NUM_CFG7_ENTRY_NUM14_ROW_W10_COL_W10_PATTERN_ID_W4', cell 'C21188' does not drive any nets. (LINT-1)
Warning: In design 'repair_decode_with_hybrid_MAX_K5_NUM_CFG7_ENTRY_NUM14_ROW_W10_COL_W10_PATTERN_ID_W4', cell 'C21189' does not drive any nets. (LINT-1)
Warning: In design 'repair_decode_with_hybrid_MAX_K5_NUM_CFG7_ENTRY_NUM14_ROW_W10_COL_W10_PATTERN_ID_W4', cell 'C21190' does not drive any nets. (LINT-1)
Warning: In design 'repair_decode_with_hybrid_MAX_K5_NUM_CFG7_ENTRY_NUM14_ROW_W10_COL_W10_PATTERN_ID_W4', cell 'C21191' does not drive any nets. (LINT-1)
Warning: In design 'repair_decode_with_hybrid_MAX_K5_NUM_CFG7_ENTRY_NUM14_ROW_W10_COL_W10_PATTERN_ID_W4', cell 'C21192' does not drive any nets. (LINT-1)
Warning: In design 'repair_decode_with_hybrid_MAX_K5_NUM_CFG7_ENTRY_NUM14_ROW_W10_COL_W10_PATTERN_ID_W4', cell 'C21193' does not drive any nets. (LINT-1)
Warning: In design 'repair_decode_with_hybrid_MAX_K5_NUM_CFG7_ENTRY_NUM14_ROW_W10_COL_W10_PATTERN_ID_W4', cell 'C21194' does not drive any nets. (LINT-1)
Warning: In design 'repair_decode_with_hybrid_MAX_K5_NUM_CFG7_ENTRY_NUM14_ROW_W10_COL_W10_PATTERN_ID_W4', cell 'C21195' does not drive any nets. (LINT-1)
Warning: In design 'resource_tracker_RS2_CS2_SHARED_ROWS1_SHARED_COLS1_MAX_BORROWS3_TOPOLOGY1_SPARE_WIDTH3_0', cell 'B_11' does not drive any nets. (LINT-1)
Warning: In design 'resource_tracker_RS2_CS2_SHARED_ROWS1_SHARED_COLS1_MAX_BORROWS3_TOPOLOGY1_SPARE_WIDTH3_0', cell 'B_12' does not drive any nets. (LINT-1)
Warning: In design 'resource_tracker_RS2_CS2_SHARED_ROWS1_SHARED_COLS1_MAX_BORROWS3_TOPOLOGY1_SPARE_WIDTH3_0', cell 'B_13' does not drive any nets. (LINT-1)
Warning: In design 'resource_tracker_RS2_CS2_SHARED_ROWS1_SHARED_COLS1_MAX_BORROWS3_TOPOLOGY1_SPARE_WIDTH3_0', cell 'B_14' does not drive any nets. (LINT-1)
Warning: In design 'resource_tracker_RS2_CS2_SHARED_ROWS1_SHARED_COLS1_MAX_BORROWS3_TOPOLOGY1_SPARE_WIDTH3_0', cell 'B_15' does not drive any nets. (LINT-1)
Warning: In design 'resource_tracker_RS2_CS2_SHARED_ROWS1_SHARED_COLS1_MAX_BORROWS3_TOPOLOGY1_SPARE_WIDTH3_0', cell 'B_16' does not drive any nets. (LINT-1)
Warning: In design 'resource_tracker_RS2_CS2_SHARED_ROWS1_SHARED_COLS1_MAX_BORROWS3_TOPOLOGY1_SPARE_WIDTH3_0', cell 'B_17' does not drive any nets. (LINT-1)
Warning: In design 'resource_tracker_RS2_CS2_SHARED_ROWS1_SHARED_COLS1_MAX_BORROWS3_TOPOLOGY1_SPARE_WIDTH3_0', cell 'B_18' does not drive any nets. (LINT-1)
Warning: In design 'resource_tracker_RS2_CS2_SHARED_ROWS1_SHARED_COLS1_MAX_BORROWS3_TOPOLOGY1_SPARE_WIDTH3_1', cell 'B_11' does not drive any nets. (LINT-1)
Warning: In design 'resource_tracker_RS2_CS2_SHARED_ROWS1_SHARED_COLS1_MAX_BORROWS3_TOPOLOGY1_SPARE_WIDTH3_1', cell 'B_12' does not drive any nets. (LINT-1)
Warning: In design 'resource_tracker_RS2_CS2_SHARED_ROWS1_SHARED_COLS1_MAX_BORROWS3_TOPOLOGY1_SPARE_WIDTH3_1', cell 'B_13' does not drive any nets. (LINT-1)
Warning: In design 'resource_tracker_RS2_CS2_SHARED_ROWS1_SHARED_COLS1_MAX_BORROWS3_TOPOLOGY1_SPARE_WIDTH3_1', cell 'B_14' does not drive any nets. (LINT-1)
Warning: In design 'resource_tracker_RS2_CS2_SHARED_ROWS1_SHARED_COLS1_MAX_BORROWS3_TOPOLOGY1_SPARE_WIDTH3_1', cell 'B_15' does not drive any nets. (LINT-1)
Warning: In design 'resource_tracker_RS2_CS2_SHARED_ROWS1_SHARED_COLS1_MAX_BORROWS3_TOPOLOGY1_SPARE_WIDTH3_1', cell 'B_16' does not drive any nets. (LINT-1)
Warning: In design 'resource_tracker_RS2_CS2_SHARED_ROWS1_SHARED_COLS1_MAX_BORROWS3_TOPOLOGY1_SPARE_WIDTH3_1', cell 'B_17' does not drive any nets. (LINT-1)
Warning: In design 'resource_tracker_RS2_CS2_SHARED_ROWS1_SHARED_COLS1_MAX_BORROWS3_TOPOLOGY1_SPARE_WIDTH3_1', cell 'B_18' does not drive any nets. (LINT-1)
Warning: In design 'resource_tracker_RS2_CS2_SHARED_ROWS1_SHARED_COLS1_MAX_BORROWS3_TOPOLOGY1_SPARE_WIDTH3_2', cell 'B_11' does not drive any nets. (LINT-1)
Warning: In design 'resource_tracker_RS2_CS2_SHARED_ROWS1_SHARED_COLS1_MAX_BORROWS3_TOPOLOGY1_SPARE_WIDTH3_2', cell 'B_12' does not drive any nets. (LINT-1)
Warning: In design 'resource_tracker_RS2_CS2_SHARED_ROWS1_SHARED_COLS1_MAX_BORROWS3_TOPOLOGY1_SPARE_WIDTH3_2', cell 'B_13' does not drive any nets. (LINT-1)
Warning: In design 'resource_tracker_RS2_CS2_SHARED_ROWS1_SHARED_COLS1_MAX_BORROWS3_TOPOLOGY1_SPARE_WIDTH3_2', cell 'B_14' does not drive any nets. (LINT-1)
Warning: In design 'resource_tracker_RS2_CS2_SHARED_ROWS1_SHARED_COLS1_MAX_BORROWS3_TOPOLOGY1_SPARE_WIDTH3_2', cell 'B_15' does not drive any nets. (LINT-1)
Warning: In design 'resource_tracker_RS2_CS2_SHARED_ROWS1_SHARED_COLS1_MAX_BORROWS3_TOPOLOGY1_SPARE_WIDTH3_2', cell 'B_16' does not drive any nets. (LINT-1)
Warning: In design 'resource_tracker_RS2_CS2_SHARED_ROWS1_SHARED_COLS1_MAX_BORROWS3_TOPOLOGY1_SPARE_WIDTH3_2', cell 'B_17' does not drive any nets. (LINT-1)
Warning: In design 'resource_tracker_RS2_CS2_SHARED_ROWS1_SHARED_COLS1_MAX_BORROWS3_TOPOLOGY1_SPARE_WIDTH3_2', cell 'B_18' does not drive any nets. (LINT-1)
Warning: In design 'resource_tracker_RS2_CS2_SHARED_ROWS1_SHARED_COLS1_MAX_BORROWS3_TOPOLOGY1_SPARE_WIDTH3_3', cell 'B_11' does not drive any nets. (LINT-1)
Warning: In design 'resource_tracker_RS2_CS2_SHARED_ROWS1_SHARED_COLS1_MAX_BORROWS3_TOPOLOGY1_SPARE_WIDTH3_3', cell 'B_12' does not drive any nets. (LINT-1)
Warning: In design 'resource_tracker_RS2_CS2_SHARED_ROWS1_SHARED_COLS1_MAX_BORROWS3_TOPOLOGY1_SPARE_WIDTH3_3', cell 'B_13' does not drive any nets. (LINT-1)
Warning: In design 'resource_tracker_RS2_CS2_SHARED_ROWS1_SHARED_COLS1_MAX_BORROWS3_TOPOLOGY1_SPARE_WIDTH3_3', cell 'B_14' does not drive any nets. (LINT-1)
Warning: In design 'resource_tracker_RS2_CS2_SHARED_ROWS1_SHARED_COLS1_MAX_BORROWS3_TOPOLOGY1_SPARE_WIDTH3_3', cell 'B_15' does not drive any nets. (LINT-1)
Warning: In design 'resource_tracker_RS2_CS2_SHARED_ROWS1_SHARED_COLS1_MAX_BORROWS3_TOPOLOGY1_SPARE_WIDTH3_3', cell 'B_16' does not drive any nets. (LINT-1)
Warning: In design 'resource_tracker_RS2_CS2_SHARED_ROWS1_SHARED_COLS1_MAX_BORROWS3_TOPOLOGY1_SPARE_WIDTH3_3', cell 'B_17' does not drive any nets. (LINT-1)
Warning: In design 'resource_tracker_RS2_CS2_SHARED_ROWS1_SHARED_COLS1_MAX_BORROWS3_TOPOLOGY1_SPARE_WIDTH3_3', cell 'B_18' does not drive any nets. (LINT-1)
Warning: In design 'resource_tracker_RS2_CS2_SHARED_ROWS1_SHARED_COLS1_MAX_BORROWS3_TOPOLOGY1_SPARE_WIDTH3_4', cell 'B_11' does not drive any nets. (LINT-1)
Warning: In design 'resource_tracker_RS2_CS2_SHARED_ROWS1_SHARED_COLS1_MAX_BORROWS3_TOPOLOGY1_SPARE_WIDTH3_4', cell 'B_12' does not drive any nets. (LINT-1)
Warning: In design 'resource_tracker_RS2_CS2_SHARED_ROWS1_SHARED_COLS1_MAX_BORROWS3_TOPOLOGY1_SPARE_WIDTH3_4', cell 'B_13' does not drive any nets. (LINT-1)
Warning: In design 'resource_tracker_RS2_CS2_SHARED_ROWS1_SHARED_COLS1_MAX_BORROWS3_TOPOLOGY1_SPARE_WIDTH3_4', cell 'B_14' does not drive any nets. (LINT-1)
Warning: In design 'resource_tracker_RS2_CS2_SHARED_ROWS1_SHARED_COLS1_MAX_BORROWS3_TOPOLOGY1_SPARE_WIDTH3_4', cell 'B_15' does not drive any nets. (LINT-1)
Warning: In design 'resource_tracker_RS2_CS2_SHARED_ROWS1_SHARED_COLS1_MAX_BORROWS3_TOPOLOGY1_SPARE_WIDTH3_4', cell 'B_16' does not drive any nets. (LINT-1)
Warning: In design 'resource_tracker_RS2_CS2_SHARED_ROWS1_SHARED_COLS1_MAX_BORROWS3_TOPOLOGY1_SPARE_WIDTH3_4', cell 'B_17' does not drive any nets. (LINT-1)
Warning: In design 'resource_tracker_RS2_CS2_SHARED_ROWS1_SHARED_COLS1_MAX_BORROWS3_TOPOLOGY1_SPARE_WIDTH3_4', cell 'B_18' does not drive any nets. (LINT-1)
Warning: In design 'resource_tracker_RS2_CS2_SHARED_ROWS1_SHARED_COLS1_MAX_BORROWS3_TOPOLOGY1_SPARE_WIDTH3_5', cell 'B_11' does not drive any nets. (LINT-1)
Warning: In design 'resource_tracker_RS2_CS2_SHARED_ROWS1_SHARED_COLS1_MAX_BORROWS3_TOPOLOGY1_SPARE_WIDTH3_5', cell 'B_12' does not drive any nets. (LINT-1)
Warning: In design 'resource_tracker_RS2_CS2_SHARED_ROWS1_SHARED_COLS1_MAX_BORROWS3_TOPOLOGY1_SPARE_WIDTH3_5', cell 'B_13' does not drive any nets. (LINT-1)
Warning: In design 'resource_tracker_RS2_CS2_SHARED_ROWS1_SHARED_COLS1_MAX_BORROWS3_TOPOLOGY1_SPARE_WIDTH3_5', cell 'B_14' does not drive any nets. (LINT-1)
Warning: In design 'resource_tracker_RS2_CS2_SHARED_ROWS1_SHARED_COLS1_MAX_BORROWS3_TOPOLOGY1_SPARE_WIDTH3_5', cell 'B_15' does not drive any nets. (LINT-1)
Warning: In design 'resource_tracker_RS2_CS2_SHARED_ROWS1_SHARED_COLS1_MAX_BORROWS3_TOPOLOGY1_SPARE_WIDTH3_5', cell 'B_16' does not drive any nets. (LINT-1)
Warning: In design 'resource_tracker_RS2_CS2_SHARED_ROWS1_SHARED_COLS1_MAX_BORROWS3_TOPOLOGY1_SPARE_WIDTH3_5', cell 'B_17' does not drive any nets. (LINT-1)
Warning: In design 'resource_tracker_RS2_CS2_SHARED_ROWS1_SHARED_COLS1_MAX_BORROWS3_TOPOLOGY1_SPARE_WIDTH3_5', cell 'B_18' does not drive any nets. (LINT-1)
Warning: In design 'resource_tracker_RS2_CS2_SHARED_ROWS1_SHARED_COLS1_MAX_BORROWS3_TOPOLOGY1_SPARE_WIDTH3_6', cell 'B_11' does not drive any nets. (LINT-1)
Warning: In design 'resource_tracker_RS2_CS2_SHARED_ROWS1_SHARED_COLS1_MAX_BORROWS3_TOPOLOGY1_SPARE_WIDTH3_6', cell 'B_12' does not drive any nets. (LINT-1)
Warning: In design 'resource_tracker_RS2_CS2_SHARED_ROWS1_SHARED_COLS1_MAX_BORROWS3_TOPOLOGY1_SPARE_WIDTH3_6', cell 'B_13' does not drive any nets. (LINT-1)
Warning: In design 'resource_tracker_RS2_CS2_SHARED_ROWS1_SHARED_COLS1_MAX_BORROWS3_TOPOLOGY1_SPARE_WIDTH3_6', cell 'B_14' does not drive any nets. (LINT-1)
Warning: In design 'resource_tracker_RS2_CS2_SHARED_ROWS1_SHARED_COLS1_MAX_BORROWS3_TOPOLOGY1_SPARE_WIDTH3_6', cell 'B_15' does not drive any nets. (LINT-1)
Warning: In design 'resource_tracker_RS2_CS2_SHARED_ROWS1_SHARED_COLS1_MAX_BORROWS3_TOPOLOGY1_SPARE_WIDTH3_6', cell 'B_16' does not drive any nets. (LINT-1)
Warning: In design 'resource_tracker_RS2_CS2_SHARED_ROWS1_SHARED_COLS1_MAX_BORROWS3_TOPOLOGY1_SPARE_WIDTH3_6', cell 'B_17' does not drive any nets. (LINT-1)
Warning: In design 'resource_tracker_RS2_CS2_SHARED_ROWS1_SHARED_COLS1_MAX_BORROWS3_TOPOLOGY1_SPARE_WIDTH3_6', cell 'B_18' does not drive any nets. (LINT-1)
Warning: In design 'resource_tracker_RS2_CS2_SHARED_ROWS1_SHARED_COLS1_MAX_BORROWS3_TOPOLOGY1_SPARE_WIDTH3_7', cell 'B_11' does not drive any nets. (LINT-1)
Warning: In design 'resource_tracker_RS2_CS2_SHARED_ROWS1_SHARED_COLS1_MAX_BORROWS3_TOPOLOGY1_SPARE_WIDTH3_7', cell 'B_12' does not drive any nets. (LINT-1)
Warning: In design 'resource_tracker_RS2_CS2_SHARED_ROWS1_SHARED_COLS1_MAX_BORROWS3_TOPOLOGY1_SPARE_WIDTH3_7', cell 'B_13' does not drive any nets. (LINT-1)
Warning: In design 'resource_tracker_RS2_CS2_SHARED_ROWS1_SHARED_COLS1_MAX_BORROWS3_TOPOLOGY1_SPARE_WIDTH3_7', cell 'B_14' does not drive any nets. (LINT-1)
Warning: In design 'resource_tracker_RS2_CS2_SHARED_ROWS1_SHARED_COLS1_MAX_BORROWS3_TOPOLOGY1_SPARE_WIDTH3_7', cell 'B_15' does not drive any nets. (LINT-1)
Warning: In design 'resource_tracker_RS2_CS2_SHARED_ROWS1_SHARED_COLS1_MAX_BORROWS3_TOPOLOGY1_SPARE_WIDTH3_7', cell 'B_16' does not drive any nets. (LINT-1)
Warning: In design 'resource_tracker_RS2_CS2_SHARED_ROWS1_SHARED_COLS1_MAX_BORROWS3_TOPOLOGY1_SPARE_WIDTH3_7', cell 'B_17' does not drive any nets. (LINT-1)
Warning: In design 'resource_tracker_RS2_CS2_SHARED_ROWS1_SHARED_COLS1_MAX_BORROWS3_TOPOLOGY1_SPARE_WIDTH3_7', cell 'B_18' does not drive any nets. (LINT-1)
Warning: In design 'dss_analyzer_top_PARALLEL_ORIENTATION0', net 'unused_decode_busy' driven by pin 'final_decode/busy_o' has no loads. (LINT-2)
Warning: In design 'dss_analyzer_top_PARALLEL_ORIENTATION0', net 'unused_borrow_cols_by_sa[0]' driven by pin 'final_ledger/borrowed_cols_by_sa_o[0]' has no loads. (LINT-2)
Warning: In design 'dss_analyzer_top_PARALLEL_ORIENTATION0', net 'unused_borrow_cols_by_sa[1]' driven by pin 'final_ledger/borrowed_cols_by_sa_o[1]' has no loads. (LINT-2)
Warning: In design 'dss_analyzer_top_PARALLEL_ORIENTATION0', net 'unused_borrow_cols_by_sa[2]' driven by pin 'final_ledger/borrowed_cols_by_sa_o[2]' has no loads. (LINT-2)
Warning: In design 'dss_analyzer_top_PARALLEL_ORIENTATION0', net 'unused_borrow_cols_by_sa[3]' driven by pin 'final_ledger/borrowed_cols_by_sa_o[3]' has no loads. (LINT-2)
Warning: In design 'dss_analyzer_top_PARALLEL_ORIENTATION0', net 'unused_borrow_cols_by_sa[4]' driven by pin 'final_ledger/borrowed_cols_by_sa_o[4]' has no loads. (LINT-2)
Warning: In design 'dss_analyzer_top_PARALLEL_ORIENTATION0', net 'unused_borrow_cols_by_sa[5]' driven by pin 'final_ledger/borrowed_cols_by_sa_o[5]' has no loads. (LINT-2)
Warning: In design 'dss_analyzer_top_PARALLEL_ORIENTATION0', net 'unused_borrow_cols_by_sa[6]' driven by pin 'final_ledger/borrowed_cols_by_sa_o[6]' has no loads. (LINT-2)
Warning: In design 'dss_analyzer_top_PARALLEL_ORIENTATION0', net 'unused_borrow_cols_by_sa[7]' driven by pin 'final_ledger/borrowed_cols_by_sa_o[7]' has no loads. (LINT-2)
Warning: In design 'dss_analyzer_top_PARALLEL_ORIENTATION0', net 'unused_borrow_cols_by_sa[8]' driven by pin 'final_ledger/borrowed_cols_by_sa_o[8]' has no loads. (LINT-2)
Warning: In design 'dss_analyzer_top_PARALLEL_ORIENTATION0', net 'unused_borrow_cols_by_sa[9]' driven by pin 'final_ledger/borrowed_cols_by_sa_o[9]' has no loads. (LINT-2)
Warning: In design 'dss_analyzer_top_PARALLEL_ORIENTATION0', net 'unused_borrow_cols_by_sa[10]' driven by pin 'final_ledger/borrowed_cols_by_sa_o[10]' has no loads. (LINT-2)
Warning: In design 'dss_analyzer_top_PARALLEL_ORIENTATION0', net 'unused_borrow_cols_by_sa[11]' driven by pin 'final_ledger/borrowed_cols_by_sa_o[11]' has no loads. (LINT-2)
Warning: In design 'dss_analyzer_top_PARALLEL_ORIENTATION0', net 'unused_borrow_rows_by_sa[0]' driven by pin 'final_ledger/borrowed_rows_by_sa_o[0]' has no loads. (LINT-2)
Warning: In design 'dss_analyzer_top_PARALLEL_ORIENTATION0', net 'unused_borrow_rows_by_sa[1]' driven by pin 'final_ledger/borrowed_rows_by_sa_o[1]' has no loads. (LINT-2)
Warning: In design 'dss_analyzer_top_PARALLEL_ORIENTATION0', net 'unused_borrow_rows_by_sa[2]' driven by pin 'final_ledger/borrowed_rows_by_sa_o[2]' has no loads. (LINT-2)
Warning: In design 'dss_analyzer_top_PARALLEL_ORIENTATION0', net 'unused_borrow_rows_by_sa[3]' driven by pin 'final_ledger/borrowed_rows_by_sa_o[3]' has no loads. (LINT-2)
Warning: In design 'dss_analyzer_top_PARALLEL_ORIENTATION0', net 'unused_borrow_rows_by_sa[4]' driven by pin 'final_ledger/borrowed_rows_by_sa_o[4]' has no loads. (LINT-2)
Warning: In design 'dss_analyzer_top_PARALLEL_ORIENTATION0', net 'unused_borrow_rows_by_sa[5]' driven by pin 'final_ledger/borrowed_rows_by_sa_o[5]' has no loads. (LINT-2)
Warning: In design 'dss_analyzer_top_PARALLEL_ORIENTATION0', net 'unused_borrow_rows_by_sa[6]' driven by pin 'final_ledger/borrowed_rows_by_sa_o[6]' has no loads. (LINT-2)
Warning: In design 'dss_analyzer_top_PARALLEL_ORIENTATION0', net 'unused_borrow_rows_by_sa[7]' driven by pin 'final_ledger/borrowed_rows_by_sa_o[7]' has no loads. (LINT-2)
Warning: In design 'dss_analyzer_top_PARALLEL_ORIENTATION0', net 'unused_borrow_rows_by_sa[8]' driven by pin 'final_ledger/borrowed_rows_by_sa_o[8]' has no loads. (LINT-2)
Warning: In design 'dss_analyzer_top_PARALLEL_ORIENTATION0', net 'unused_borrow_rows_by_sa[9]' driven by pin 'final_ledger/borrowed_rows_by_sa_o[9]' has no loads. (LINT-2)
Warning: In design 'dss_analyzer_top_PARALLEL_ORIENTATION0', net 'unused_borrow_rows_by_sa[10]' driven by pin 'final_ledger/borrowed_rows_by_sa_o[10]' has no loads. (LINT-2)
Warning: In design 'dss_analyzer_top_PARALLEL_ORIENTATION0', net 'unused_borrow_rows_by_sa[11]' driven by pin 'final_ledger/borrowed_rows_by_sa_o[11]' has no loads. (LINT-2)
Warning: In design 'dss_analyzer_top_PARALLEL_ORIENTATION0', net 'unused_final_feasible' driven by pin 'final_ledger/feasible_o' has no loads. (LINT-2)
Warning: In design 'dss_analyzer_top_PARALLEL_ORIENTATION0', net 'subarray_results_valid[0]' driven by pin 'result_bank/subarray_valid_o[0]' has no loads. (LINT-2)
Warning: In design 'dss_analyzer_top_PARALLEL_ORIENTATION0', net 'subarray_results_valid[1]' driven by pin 'result_bank/subarray_valid_o[1]' has no loads. (LINT-2)
Warning: In design 'dss_analyzer_top_PARALLEL_ORIENTATION0', net 'subarray_results_valid[2]' driven by pin 'result_bank/subarray_valid_o[2]' has no loads. (LINT-2)
Warning: In design 'dss_analyzer_top_PARALLEL_ORIENTATION0', net 'subarray_results_valid[3]' driven by pin 'result_bank/subarray_valid_o[3]' has no loads. (LINT-2)
Warning: In design 'dss_analyzer_top_PARALLEL_ORIENTATION0', net 'unused_config_valid[0]' driven by pin 'g_area_orientation.analyzers/config_valid_o[0]' has no loads. (LINT-2)
Warning: In design 'dss_analyzer_top_PARALLEL_ORIENTATION0', net 'unused_config_valid[1]' driven by pin 'g_area_orientation.analyzers/config_valid_o[1]' has no loads. (LINT-2)
Warning: In design 'dss_analyzer_top_PARALLEL_ORIENTATION0', net 'unused_config_valid[2]' driven by pin 'g_area_orientation.analyzers/config_valid_o[2]' has no loads. (LINT-2)
Warning: In design 'dss_analyzer_top_PARALLEL_ORIENTATION0', net 'unused_config_valid[3]' driven by pin 'g_area_orientation.analyzers/config_valid_o[3]' has no loads. (LINT-2)
Warning: In design 'dss_analyzer_top_PARALLEL_ORIENTATION0', net 'unused_config_valid[4]' driven by pin 'g_area_orientation.analyzers/config_valid_o[4]' has no loads. (LINT-2)
Warning: In design 'dss_analyzer_top_PARALLEL_ORIENTATION0', net 'unused_config_valid[5]' driven by pin 'g_area_orientation.analyzers/config_valid_o[5]' has no loads. (LINT-2)
Warning: In design 'dss_analyzer_top_PARALLEL_ORIENTATION0', net 'unused_config_valid[6]' driven by pin 'g_area_orientation.analyzers/config_valid_o[6]' has no loads. (LINT-2)
Warning: In design 'dss_analyzer_top_PARALLEL_ORIENTATION0', net 'unused_pivot_col_counts[0]' driven by pin 'must_view/pivot_col_counts_o[0]' has no loads. (LINT-2)
Warning: In design 'dss_analyzer_top_PARALLEL_ORIENTATION0', net 'unused_pivot_col_counts[1]' driven by pin 'must_view/pivot_col_counts_o[1]' has no loads. (LINT-2)
Warning: In design 'dss_analyzer_top_PARALLEL_ORIENTATION0', net 'unused_pivot_col_counts[2]' driven by pin 'must_view/pivot_col_counts_o[2]' has no loads. (LINT-2)
Warning: In design 'dss_analyzer_top_PARALLEL_ORIENTATION0', net 'unused_pivot_col_counts[3]' driven by pin 'must_view/pivot_col_counts_o[3]' has no loads. (LINT-2)
Warning: In design 'dss_analyzer_top_PARALLEL_ORIENTATION0', net 'unused_pivot_col_counts[4]' driven by pin 'must_view/pivot_col_counts_o[4]' has no loads. (LINT-2)
Warning: In design 'dss_analyzer_top_PARALLEL_ORIENTATION0', net 'unused_pivot_col_counts[5]' driven by pin 'must_view/pivot_col_counts_o[5]' has no loads. (LINT-2)
Warning: In design 'dss_analyzer_top_PARALLEL_ORIENTATION0', net 'unused_pivot_col_counts[6]' driven by pin 'must_view/pivot_col_counts_o[6]' has no loads. (LINT-2)
Warning: In design 'dss_analyzer_top_PARALLEL_ORIENTATION0', net 'unused_pivot_col_counts[7]' driven by pin 'must_view/pivot_col_counts_o[7]' has no loads. (LINT-2)
Warning: In design 'dss_analyzer_top_PARALLEL_ORIENTATION0', net 'unused_pivot_col_counts[8]' driven by pin 'must_view/pivot_col_counts_o[8]' has no loads. (LINT-2)
Warning: In design 'dss_analyzer_top_PARALLEL_ORIENTATION0', net 'unused_pivot_col_counts[9]' driven by pin 'must_view/pivot_col_counts_o[9]' has no loads. (LINT-2)
Warning: In design 'dss_analyzer_top_PARALLEL_ORIENTATION0', net 'unused_pivot_col_counts[10]' driven by pin 'must_view/pivot_col_counts_o[10]' has no loads. (LINT-2)
Warning: In design 'dss_analyzer_top_PARALLEL_ORIENTATION0', net 'unused_pivot_col_counts[11]' driven by pin 'must_view/pivot_col_counts_o[11]' has no loads. (LINT-2)
Warning: In design 'dss_analyzer_top_PARALLEL_ORIENTATION0', net 'unused_pivot_col_counts[12]' driven by pin 'must_view/pivot_col_counts_o[12]' has no loads. (LINT-2)
Warning: In design 'dss_analyzer_top_PARALLEL_ORIENTATION0', net 'unused_pivot_col_counts[13]' driven by pin 'must_view/pivot_col_counts_o[13]' has no loads. (LINT-2)
Warning: In design 'dss_analyzer_top_PARALLEL_ORIENTATION0', net 'unused_pivot_col_counts[14]' driven by pin 'must_view/pivot_col_counts_o[14]' has no loads. (LINT-2)
Warning: In design 'dss_analyzer_top_PARALLEL_ORIENTATION0', net 'unused_pivot_col_counts[15]' driven by pin 'must_view/pivot_col_counts_o[15]' has no loads. (LINT-2)
Warning: In design 'dss_analyzer_top_PARALLEL_ORIENTATION0', net 'unused_pivot_col_counts[16]' driven by pin 'must_view/pivot_col_counts_o[16]' has no loads. (LINT-2)
Warning: In design 'dss_analyzer_top_PARALLEL_ORIENTATION0', net 'unused_pivot_col_counts[17]' driven by pin 'must_view/pivot_col_counts_o[17]' has no loads. (LINT-2)
Warning: In design 'dss_analyzer_top_PARALLEL_ORIENTATION0', net 'unused_pivot_col_counts[18]' driven by pin 'must_view/pivot_col_counts_o[18]' has no loads. (LINT-2)
Warning: In design 'dss_analyzer_top_PARALLEL_ORIENTATION0', net 'unused_pivot_col_counts[19]' driven by pin 'must_view/pivot_col_counts_o[19]' has no loads. (LINT-2)
Warning: In design 'dss_analyzer_top_PARALLEL_ORIENTATION0', net 'unused_pivot_row_counts[0]' driven by pin 'must_view/pivot_row_counts_o[0]' has no loads. (LINT-2)
Warning: In design 'dss_analyzer_top_PARALLEL_ORIENTATION0', net 'unused_pivot_row_counts[1]' driven by pin 'must_view/pivot_row_counts_o[1]' has no loads. (LINT-2)
Warning: In design 'dss_analyzer_top_PARALLEL_ORIENTATION0', net 'unused_pivot_row_counts[2]' driven by pin 'must_view/pivot_row_counts_o[2]' has no loads. (LINT-2)
Warning: In design 'dss_analyzer_top_PARALLEL_ORIENTATION0', net 'unused_pivot_row_counts[3]' driven by pin 'must_view/pivot_row_counts_o[3]' has no loads. (LINT-2)
Warning: In design 'dss_analyzer_top_PARALLEL_ORIENTATION0', net 'unused_pivot_row_counts[4]' driven by pin 'must_view/pivot_row_counts_o[4]' has no loads. (LINT-2)
Warning: In design 'dss_analyzer_top_PARALLEL_ORIENTATION0', net 'unused_pivot_row_counts[5]' driven by pin 'must_view/pivot_row_counts_o[5]' has no loads. (LINT-2)
Warning: In design 'dss_analyzer_top_PARALLEL_ORIENTATION0', net 'unused_pivot_row_counts[6]' driven by pin 'must_view/pivot_row_counts_o[6]' has no loads. (LINT-2)
Warning: In design 'dss_analyzer_top_PARALLEL_ORIENTATION0', net 'unused_pivot_row_counts[7]' driven by pin 'must_view/pivot_row_counts_o[7]' has no loads. (LINT-2)
Warning: In design 'dss_analyzer_top_PARALLEL_ORIENTATION0', net 'unused_pivot_row_counts[8]' driven by pin 'must_view/pivot_row_counts_o[8]' has no loads. (LINT-2)
Warning: In design 'dss_analyzer_top_PARALLEL_ORIENTATION0', net 'unused_pivot_row_counts[9]' driven by pin 'must_view/pivot_row_counts_o[9]' has no loads. (LINT-2)
Warning: In design 'dss_analyzer_top_PARALLEL_ORIENTATION0', net 'unused_pivot_row_counts[10]' driven by pin 'must_view/pivot_row_counts_o[10]' has no loads. (LINT-2)
Warning: In design 'dss_analyzer_top_PARALLEL_ORIENTATION0', net 'unused_pivot_row_counts[11]' driven by pin 'must_view/pivot_row_counts_o[11]' has no loads. (LINT-2)
Warning: In design 'dss_analyzer_top_PARALLEL_ORIENTATION0', net 'unused_pivot_row_counts[12]' driven by pin 'must_view/pivot_row_counts_o[12]' has no loads. (LINT-2)
Warning: In design 'dss_analyzer_top_PARALLEL_ORIENTATION0', net 'unused_pivot_row_counts[13]' driven by pin 'must_view/pivot_row_counts_o[13]' has no loads. (LINT-2)
Warning: In design 'dss_analyzer_top_PARALLEL_ORIENTATION0', net 'unused_pivot_row_counts[14]' driven by pin 'must_view/pivot_row_counts_o[14]' has no loads. (LINT-2)
Warning: In design 'dss_analyzer_top_PARALLEL_ORIENTATION0', net 'unused_pivot_row_counts[15]' driven by pin 'must_view/pivot_row_counts_o[15]' has no loads. (LINT-2)
Warning: In design 'dss_analyzer_top_PARALLEL_ORIENTATION0', net 'unused_pivot_row_counts[16]' driven by pin 'must_view/pivot_row_counts_o[16]' has no loads. (LINT-2)
Warning: In design 'dss_analyzer_top_PARALLEL_ORIENTATION0', net 'unused_pivot_row_counts[17]' driven by pin 'must_view/pivot_row_counts_o[17]' has no loads. (LINT-2)
Warning: In design 'dss_analyzer_top_PARALLEL_ORIENTATION0', net 'unused_pivot_row_counts[18]' driven by pin 'must_view/pivot_row_counts_o[18]' has no loads. (LINT-2)
Warning: In design 'dss_analyzer_top_PARALLEL_ORIENTATION0', net 'unused_pivot_row_counts[19]' driven by pin 'must_view/pivot_row_counts_o[19]' has no loads. (LINT-2)
Warning: In design 'dss_analyzer_top_PARALLEL_ORIENTATION0', net 'unused_fault_count[0]' driven by pin 'collector/fault_count_o[0]' has no loads. (LINT-2)
Warning: In design 'dss_analyzer_top_PARALLEL_ORIENTATION0', net 'unused_fault_count[1]' driven by pin 'collector/fault_count_o[1]' has no loads. (LINT-2)
Warning: In design 'dss_analyzer_top_PARALLEL_ORIENTATION0', net 'unused_fault_count[2]' driven by pin 'collector/fault_count_o[2]' has no loads. (LINT-2)
Warning: In design 'dss_analyzer_top_PARALLEL_ORIENTATION0', net 'unused_fault_count[3]' driven by pin 'collector/fault_count_o[3]' has no loads. (LINT-2)
Warning: In design 'dss_analyzer_top_PARALLEL_ORIENTATION0', net 'collector/reuse_full' driven by pin 'collector/reuse/full_o' has no loads. (LINT-2)
Warning: In design 'dss_analyzer_top_PARALLEL_ORIENTATION0', net 'collector/hybrid_full' driven by pin 'collector/hybrids/full_o' has no loads. (LINT-2)
Warning: In design 'dss_analyzer_top_PARALLEL_ORIENTATION0', net 'collector/pivot_store_overflow' driven by pin 'collector/pivots/overflow_o' has no loads. (LINT-2)
Warning: In design 'dss_analyzer_top_PARALLEL_ORIENTATION0', net 'g_area_orientation.analyzers/unused_matrix[0]' driven by pin 'g_area_orientation.analyzers/analyzer/matrix_flat_o[0]' has no loads. (LINT-2)
Warning: In design 'dss_analyzer_top_PARALLEL_ORIENTATION0', net 'g_area_orientation.analyzers/unused_matrix[1]' driven by pin 'g_area_orientation.analyzers/analyzer/matrix_flat_o[1]' has no loads. (LINT-2)
Warning: In design 'dss_analyzer_top_PARALLEL_ORIENTATION0', net 'g_area_orientation.analyzers/unused_matrix[2]' driven by pin 'g_area_orientation.analyzers/analyzer/matrix_flat_o[2]' has no loads. (LINT-2)
Warning: In design 'dss_analyzer_top_PARALLEL_ORIENTATION0', net 'g_area_orientation.analyzers/unused_matrix[3]' driven by pin 'g_area_orientation.analyzers/analyzer/matrix_flat_o[3]' has no loads. (LINT-2)
Warning: In design 'dss_analyzer_top_PARALLEL_ORIENTATION0', net 'g_area_orientation.analyzers/unused_matrix[4]' driven by pin 'g_area_orientation.analyzers/analyzer/matrix_flat_o[4]' has no loads. (LINT-2)
Warning: In design 'dss_analyzer_top_PARALLEL_ORIENTATION0', net 'g_area_orientation.analyzers/unused_matrix[5]' driven by pin 'g_area_orientation.analyzers/analyzer/matrix_flat_o[5]' has no loads. (LINT-2)
Warning: In design 'dss_analyzer_top_PARALLEL_ORIENTATION0', net 'g_area_orientation.analyzers/unused_matrix[6]' driven by pin 'g_area_orientation.analyzers/analyzer/matrix_flat_o[6]' has no loads. (LINT-2)
Warning: In design 'dss_analyzer_top_PARALLEL_ORIENTATION0', net 'g_area_orientation.analyzers/unused_matrix[7]' driven by pin 'g_area_orientation.analyzers/analyzer/matrix_flat_o[7]' has no loads. (LINT-2)
Warning: In design 'dss_analyzer_top_PARALLEL_ORIENTATION0', net 'g_area_orientation.analyzers/unused_matrix[8]' driven by pin 'g_area_orientation.analyzers/analyzer/matrix_flat_o[8]' has no loads. (LINT-2)
Warning: In design 'dss_analyzer_top_PARALLEL_ORIENTATION0', net 'g_area_orientation.analyzers/unused_matrix[9]' driven by pin 'g_area_orientation.analyzers/analyzer/matrix_flat_o[9]' has no loads. (LINT-2)
Warning: In design 'dss_analyzer_top_PARALLEL_ORIENTATION0', net 'g_area_orientation.analyzers/unused_matrix[10]' driven by pin 'g_area_orientation.analyzers/analyzer/matrix_flat_o[10]' has no loads. (LINT-2)
Warning: In design 'dss_analyzer_top_PARALLEL_ORIENTATION0', net 'g_area_orientation.analyzers/unused_matrix[11]' driven by pin 'g_area_orientation.analyzers/analyzer/matrix_flat_o[11]' has no loads. (LINT-2)
Warning: In design 'dss_analyzer_top_PARALLEL_ORIENTATION0', net 'g_area_orientation.analyzers/unused_matrix[12]' driven by pin 'g_area_orientation.analyzers/analyzer/matrix_flat_o[12]' has no loads. (LINT-2)
Warning: In design 'dss_analyzer_top_PARALLEL_ORIENTATION0', net 'g_area_orientation.analyzers/unused_matrix[13]' driven by pin 'g_area_orientation.analyzers/analyzer/matrix_flat_o[13]' has no loads. (LINT-2)
Warning: In design 'dss_analyzer_top_PARALLEL_ORIENTATION0', net 'g_area_orientation.analyzers/unused_matrix[14]' driven by pin 'g_area_orientation.analyzers/analyzer/matrix_flat_o[14]' has no loads. (LINT-2)
Warning: In design 'dss_analyzer_top_PARALLEL_ORIENTATION0', net 'g_area_orientation.analyzers/unused_matrix[15]' driven by pin 'g_area_orientation.analyzers/analyzer/matrix_flat_o[15]' has no loads. (LINT-2)
Warning: In design 'dss_analyzer_top_PARALLEL_ORIENTATION0', net 'g_area_orientation.analyzers/unused_matrix[16]' driven by pin 'g_area_orientation.analyzers/analyzer/matrix_flat_o[16]' has no loads. (LINT-2)
Warning: In design 'dss_analyzer_top_PARALLEL_ORIENTATION0', net 'g_area_orientation.analyzers/unused_matrix[17]' driven by pin 'g_area_orientation.analyzers/analyzer/matrix_flat_o[17]' has no loads. (LINT-2)
Warning: In design 'dss_analyzer_top_PARALLEL_ORIENTATION0', net 'g_area_orientation.analyzers/unused_matrix[18]' driven by pin 'g_area_orientation.analyzers/analyzer/matrix_flat_o[18]' has no loads. (LINT-2)
Warning: In design 'dss_analyzer_top_PARALLEL_ORIENTATION0', net 'g_area_orientation.analyzers/unused_matrix[19]' driven by pin 'g_area_orientation.analyzers/analyzer/matrix_flat_o[19]' has no loads. (LINT-2)
Warning: In design 'dss_analyzer_top_PARALLEL_ORIENTATION0', net 'g_area_orientation.analyzers/unused_matrix[20]' driven by pin 'g_area_orientation.analyzers/analyzer/matrix_flat_o[20]' has no loads. (LINT-2)
Warning: In design 'dss_analyzer_top_PARALLEL_ORIENTATION0', net 'g_area_orientation.analyzers/unused_matrix[21]' driven by pin 'g_area_orientation.analyzers/analyzer/matrix_flat_o[21]' has no loads. (LINT-2)
Warning: In design 'dss_analyzer_top_PARALLEL_ORIENTATION0', net 'g_area_orientation.analyzers/unused_matrix[22]' driven by pin 'g_area_orientation.analyzers/analyzer/matrix_flat_o[22]' has no loads. (LINT-2)
Warning: In design 'dss_analyzer_top_PARALLEL_ORIENTATION0', net 'g_area_orientation.analyzers/unused_matrix[23]' driven by pin 'g_area_orientation.analyzers/analyzer/matrix_flat_o[23]' has no loads. (LINT-2)
Warning: In design 'dss_analyzer_top_PARALLEL_ORIENTATION0', net 'g_area_orientation.analyzers/unused_matrix[24]' driven by pin 'g_area_orientation.analyzers/analyzer/matrix_flat_o[24]' has no loads. (LINT-2)
Warning: In design 'dss_analyzer_top_PARALLEL_ORIENTATION0', net 'early/g_candidate[6].uuc[0]' driven by pin 'early/g_candidate[6].ledger/used_cols_o[0]' has no loads. (LINT-2)
Warning: In design 'dss_analyzer_top_PARALLEL_ORIENTATION0', net 'early/g_candidate[6].uuc[1]' driven by pin 'early/g_candidate[6].ledger/used_cols_o[1]' has no loads. (LINT-2)
Warning: In design 'dss_analyzer_top_PARALLEL_ORIENTATION0', net 'early/g_candidate[6].uuc[2]' driven by pin 'early/g_candidate[6].ledger/used_cols_o[2]' has no loads. (LINT-2)
Warning: In design 'dss_analyzer_top_PARALLEL_ORIENTATION0', net 'early/g_candidate[6].uuc[3]' driven by pin 'early/g_candidate[6].ledger/used_cols_o[3]' has no loads. (LINT-2)
Warning: In design 'dss_analyzer_top_PARALLEL_ORIENTATION0', net 'early/g_candidate[6].uuc[4]' driven by pin 'early/g_candidate[6].ledger/used_cols_o[4]' has no loads. (LINT-2)
Warning: In design 'dss_analyzer_top_PARALLEL_ORIENTATION0', net 'early/g_candidate[6].uuc[5]' driven by pin 'early/g_candidate[6].ledger/used_cols_o[5]' has no loads. (LINT-2)
Warning: In design 'dss_analyzer_top_PARALLEL_ORIENTATION0', net 'early/g_candidate[6].uuc[6]' driven by pin 'early/g_candidate[6].ledger/used_cols_o[6]' has no loads. (LINT-2)
Warning: In design 'dss_analyzer_top_PARALLEL_ORIENTATION0', net 'early/g_candidate[6].uuc[7]' driven by pin 'early/g_candidate[6].ledger/used_cols_o[7]' has no loads. (LINT-2)
Warning: In design 'dss_analyzer_top_PARALLEL_ORIENTATION0', net 'early/g_candidate[6].uur[5]' driven by pin 'early/g_candidate[6].ledger/used_rows_o[5]' has no loads. (LINT-2)
Warning: In design 'dss_analyzer_top_PARALLEL_ORIENTATION0', net 'early/g_candidate[6].uur[6]' driven by pin 'early/g_candidate[6].ledger/used_rows_o[6]' has no loads. (LINT-2)
Warning: In design 'dss_analyzer_top_PARALLEL_ORIENTATION0', net 'early/g_candidate[6].uur[7]' driven by pin 'early/g_candidate[6].ledger/used_rows_o[7]' has no loads. (LINT-2)
Warning: In design 'dss_analyzer_top_PARALLEL_ORIENTATION0', net 'early/g_candidate[6].uur[0]' driven by pin 'early/g_candidate[6].ledger/used_rows_o[0]' has no loads. (LINT-2)
Warning: In design 'dss_analyzer_top_PARALLEL_ORIENTATION0', net 'early/g_candidate[6].uur[1]' driven by pin 'early/g_candidate[6].ledger/used_rows_o[1]' has no loads. (LINT-2)
Warning: In design 'dss_analyzer_top_PARALLEL_ORIENTATION0', net 'early/g_candidate[6].uur[2]' driven by pin 'early/g_candidate[6].ledger/used_rows_o[2]' has no loads. (LINT-2)
Warning: In design 'dss_analyzer_top_PARALLEL_ORIENTATION0', net 'early/g_candidate[6].uur[3]' driven by pin 'early/g_candidate[6].ledger/used_rows_o[3]' has no loads. (LINT-2)
Warning: In design 'dss_analyzer_top_PARALLEL_ORIENTATION0', net 'early/g_candidate[6].uur[4]' driven by pin 'early/g_candidate[6].ledger/used_rows_o[4]' has no loads. (LINT-2)
Warning: In design 'dss_analyzer_top_PARALLEL_ORIENTATION0', net 'early/g_candidate[6].ubc[0]' driven by pin 'early/g_candidate[6].ledger/borrowed_cols_o[0]' has no loads. (LINT-2)
Warning: In design 'dss_analyzer_top_PARALLEL_ORIENTATION0', net 'early/g_candidate[6].ubc[1]' driven by pin 'early/g_candidate[6].ledger/borrowed_cols_o[1]' has no loads. (LINT-2)
Warning: In design 'dss_analyzer_top_PARALLEL_ORIENTATION0', net 'early/g_candidate[6].ubc[2]' driven by pin 'early/g_candidate[6].ledger/borrowed_cols_o[2]' has no loads. (LINT-2)
Warning: In design 'dss_analyzer_top_PARALLEL_ORIENTATION0', net 'early/g_candidate[6].ubr[0]' driven by pin 'early/g_candidate[6].ledger/borrowed_rows_o[0]' has no loads. (LINT-2)
Warning: In design 'dss_analyzer_top_PARALLEL_ORIENTATION0', net 'early/g_candidate[6].ubr[1]' driven by pin 'early/g_candidate[6].ledger/borrowed_rows_o[1]' has no loads. (LINT-2)
Warning: In design 'dss_analyzer_top_PARALLEL_ORIENTATION0', net 'early/g_candidate[6].ubr[2]' driven by pin 'early/g_candidate[6].ledger/borrowed_rows_o[2]' has no loads. (LINT-2)
Warning: In design 'dss_analyzer_top_PARALLEL_ORIENTATION0', net 'early/g_candidate[5].uuc[0]' driven by pin 'early/g_candidate[5].ledger/used_cols_o[0]' has no loads. (LINT-2)
Warning: In design 'dss_analyzer_top_PARALLEL_ORIENTATION0', net 'early/g_candidate[5].uuc[1]' driven by pin 'early/g_candidate[5].ledger/used_cols_o[1]' has no loads. (LINT-2)
Warning: In design 'dss_analyzer_top_PARALLEL_ORIENTATION0', net 'early/g_candidate[5].uuc[2]' driven by pin 'early/g_candidate[5].ledger/used_cols_o[2]' has no loads. (LINT-2)
Warning: In design 'dss_analyzer_top_PARALLEL_ORIENTATION0', net 'early/g_candidate[5].uuc[3]' driven by pin 'early/g_candidate[5].ledger/used_cols_o[3]' has no loads. (LINT-2)
Warning: In design 'dss_analyzer_top_PARALLEL_ORIENTATION0', net 'early/g_candidate[5].uuc[4]' driven by pin 'early/g_candidate[5].ledger/used_cols_o[4]' has no loads. (LINT-2)
Warning: In design 'dss_analyzer_top_PARALLEL_ORIENTATION0', net 'early/g_candidate[5].uuc[5]' driven by pin 'early/g_candidate[5].ledger/used_cols_o[5]' has no loads. (LINT-2)
Warning: In design 'dss_analyzer_top_PARALLEL_ORIENTATION0', net 'early/g_candidate[5].uuc[6]' driven by pin 'early/g_candidate[5].ledger/used_cols_o[6]' has no loads. (LINT-2)
Warning: In design 'dss_analyzer_top_PARALLEL_ORIENTATION0', net 'early/g_candidate[5].uuc[7]' driven by pin 'early/g_candidate[5].ledger/used_cols_o[7]' has no loads. (LINT-2)
Warning: In design 'dss_analyzer_top_PARALLEL_ORIENTATION0', net 'early/g_candidate[5].uur[5]' driven by pin 'early/g_candidate[5].ledger/used_rows_o[5]' has no loads. (LINT-2)
Warning: In design 'dss_analyzer_top_PARALLEL_ORIENTATION0', net 'early/g_candidate[5].uur[6]' driven by pin 'early/g_candidate[5].ledger/used_rows_o[6]' has no loads. (LINT-2)
Warning: In design 'dss_analyzer_top_PARALLEL_ORIENTATION0', net 'early/g_candidate[5].uur[7]' driven by pin 'early/g_candidate[5].ledger/used_rows_o[7]' has no loads. (LINT-2)
Warning: In design 'dss_analyzer_top_PARALLEL_ORIENTATION0', net 'early/g_candidate[5].uur[0]' driven by pin 'early/g_candidate[5].ledger/used_rows_o[0]' has no loads. (LINT-2)
Warning: In design 'dss_analyzer_top_PARALLEL_ORIENTATION0', net 'early/g_candidate[5].uur[1]' driven by pin 'early/g_candidate[5].ledger/used_rows_o[1]' has no loads. (LINT-2)
Warning: In design 'dss_analyzer_top_PARALLEL_ORIENTATION0', net 'early/g_candidate[5].uur[2]' driven by pin 'early/g_candidate[5].ledger/used_rows_o[2]' has no loads. (LINT-2)
Warning: In design 'dss_analyzer_top_PARALLEL_ORIENTATION0', net 'early/g_candidate[5].uur[3]' driven by pin 'early/g_candidate[5].ledger/used_rows_o[3]' has no loads. (LINT-2)
Warning: In design 'dss_analyzer_top_PARALLEL_ORIENTATION0', net 'early/g_candidate[5].uur[4]' driven by pin 'early/g_candidate[5].ledger/used_rows_o[4]' has no loads. (LINT-2)
Warning: In design 'dss_analyzer_top_PARALLEL_ORIENTATION0', net 'early/g_candidate[5].ubc[0]' driven by pin 'early/g_candidate[5].ledger/borrowed_cols_o[0]' has no loads. (LINT-2)
Warning: In design 'dss_analyzer_top_PARALLEL_ORIENTATION0', net 'early/g_candidate[5].ubc[1]' driven by pin 'early/g_candidate[5].ledger/borrowed_cols_o[1]' has no loads. (LINT-2)
Warning: In design 'dss_analyzer_top_PARALLEL_ORIENTATION0', net 'early/g_candidate[5].ubc[2]' driven by pin 'early/g_candidate[5].ledger/borrowed_cols_o[2]' has no loads. (LINT-2)
Warning: In design 'dss_analyzer_top_PARALLEL_ORIENTATION0', net 'early/g_candidate[5].ubr[0]' driven by pin 'early/g_candidate[5].ledger/borrowed_rows_o[0]' has no loads. (LINT-2)
Warning: In design 'dss_analyzer_top_PARALLEL_ORIENTATION0', net 'early/g_candidate[5].ubr[1]' driven by pin 'early/g_candidate[5].ledger/borrowed_rows_o[1]' has no loads. (LINT-2)
Warning: In design 'dss_analyzer_top_PARALLEL_ORIENTATION0', net 'early/g_candidate[5].ubr[2]' driven by pin 'early/g_candidate[5].ledger/borrowed_rows_o[2]' has no loads. (LINT-2)
Warning: In design 'dss_analyzer_top_PARALLEL_ORIENTATION0', net 'early/g_candidate[4].uuc[0]' driven by pin 'early/g_candidate[4].ledger/used_cols_o[0]' has no loads. (LINT-2)
Warning: In design 'dss_analyzer_top_PARALLEL_ORIENTATION0', net 'early/g_candidate[4].uuc[1]' driven by pin 'early/g_candidate[4].ledger/used_cols_o[1]' has no loads. (LINT-2)
Warning: In design 'dss_analyzer_top_PARALLEL_ORIENTATION0', net 'early/g_candidate[4].uuc[2]' driven by pin 'early/g_candidate[4].ledger/used_cols_o[2]' has no loads. (LINT-2)
Warning: In design 'dss_analyzer_top_PARALLEL_ORIENTATION0', net 'early/g_candidate[4].uuc[3]' driven by pin 'early/g_candidate[4].ledger/used_cols_o[3]' has no loads. (LINT-2)
Warning: In design 'dss_analyzer_top_PARALLEL_ORIENTATION0', net 'early/g_candidate[4].uuc[4]' driven by pin 'early/g_candidate[4].ledger/used_cols_o[4]' has no loads. (LINT-2)
Warning: In design 'dss_analyzer_top_PARALLEL_ORIENTATION0', net 'early/g_candidate[4].uuc[5]' driven by pin 'early/g_candidate[4].ledger/used_cols_o[5]' has no loads. (LINT-2)
Warning: In design 'dss_analyzer_top_PARALLEL_ORIENTATION0', net 'early/g_candidate[4].uuc[6]' driven by pin 'early/g_candidate[4].ledger/used_cols_o[6]' has no loads. (LINT-2)
Warning: In design 'dss_analyzer_top_PARALLEL_ORIENTATION0', net 'early/g_candidate[4].uuc[7]' driven by pin 'early/g_candidate[4].ledger/used_cols_o[7]' has no loads. (LINT-2)
Warning: In design 'dss_analyzer_top_PARALLEL_ORIENTATION0', net 'early/g_candidate[4].uur[5]' driven by pin 'early/g_candidate[4].ledger/used_rows_o[5]' has no loads. (LINT-2)
Warning: In design 'dss_analyzer_top_PARALLEL_ORIENTATION0', net 'early/g_candidate[4].uur[6]' driven by pin 'early/g_candidate[4].ledger/used_rows_o[6]' has no loads. (LINT-2)
Warning: In design 'dss_analyzer_top_PARALLEL_ORIENTATION0', net 'early/g_candidate[4].uur[7]' driven by pin 'early/g_candidate[4].ledger/used_rows_o[7]' has no loads. (LINT-2)
Warning: In design 'dss_analyzer_top_PARALLEL_ORIENTATION0', net 'early/g_candidate[4].uur[0]' driven by pin 'early/g_candidate[4].ledger/used_rows_o[0]' has no loads. (LINT-2)
Warning: In design 'dss_analyzer_top_PARALLEL_ORIENTATION0', net 'early/g_candidate[4].uur[1]' driven by pin 'early/g_candidate[4].ledger/used_rows_o[1]' has no loads. (LINT-2)
Warning: In design 'dss_analyzer_top_PARALLEL_ORIENTATION0', net 'early/g_candidate[4].uur[2]' driven by pin 'early/g_candidate[4].ledger/used_rows_o[2]' has no loads. (LINT-2)
Warning: In design 'dss_analyzer_top_PARALLEL_ORIENTATION0', net 'early/g_candidate[4].uur[3]' driven by pin 'early/g_candidate[4].ledger/used_rows_o[3]' has no loads. (LINT-2)
Warning: In design 'dss_analyzer_top_PARALLEL_ORIENTATION0', net 'early/g_candidate[4].uur[4]' driven by pin 'early/g_candidate[4].ledger/used_rows_o[4]' has no loads. (LINT-2)
Warning: In design 'dss_analyzer_top_PARALLEL_ORIENTATION0', net 'early/g_candidate[4].ubc[0]' driven by pin 'early/g_candidate[4].ledger/borrowed_cols_o[0]' has no loads. (LINT-2)
Warning: In design 'dss_analyzer_top_PARALLEL_ORIENTATION0', net 'early/g_candidate[4].ubc[1]' driven by pin 'early/g_candidate[4].ledger/borrowed_cols_o[1]' has no loads. (LINT-2)
Warning: In design 'dss_analyzer_top_PARALLEL_ORIENTATION0', net 'early/g_candidate[4].ubc[2]' driven by pin 'early/g_candidate[4].ledger/borrowed_cols_o[2]' has no loads. (LINT-2)
Warning: In design 'dss_analyzer_top_PARALLEL_ORIENTATION0', net 'early/g_candidate[4].ubr[0]' driven by pin 'early/g_candidate[4].ledger/borrowed_rows_o[0]' has no loads. (LINT-2)
Warning: In design 'dss_analyzer_top_PARALLEL_ORIENTATION0', net 'early/g_candidate[4].ubr[1]' driven by pin 'early/g_candidate[4].ledger/borrowed_rows_o[1]' has no loads. (LINT-2)
Warning: In design 'dss_analyzer_top_PARALLEL_ORIENTATION0', net 'early/g_candidate[4].ubr[2]' driven by pin 'early/g_candidate[4].ledger/borrowed_rows_o[2]' has no loads. (LINT-2)
Warning: In design 'dss_analyzer_top_PARALLEL_ORIENTATION0', net 'early/g_candidate[3].uuc[0]' driven by pin 'early/g_candidate[3].ledger/used_cols_o[0]' has no loads. (LINT-2)
Warning: In design 'dss_analyzer_top_PARALLEL_ORIENTATION0', net 'early/g_candidate[3].uuc[1]' driven by pin 'early/g_candidate[3].ledger/used_cols_o[1]' has no loads. (LINT-2)
Warning: In design 'dss_analyzer_top_PARALLEL_ORIENTATION0', net 'early/g_candidate[3].uuc[2]' driven by pin 'early/g_candidate[3].ledger/used_cols_o[2]' has no loads. (LINT-2)
Warning: In design 'dss_analyzer_top_PARALLEL_ORIENTATION0', net 'early/g_candidate[3].uuc[3]' driven by pin 'early/g_candidate[3].ledger/used_cols_o[3]' has no loads. (LINT-2)
Warning: In design 'dss_analyzer_top_PARALLEL_ORIENTATION0', net 'early/g_candidate[3].uuc[4]' driven by pin 'early/g_candidate[3].ledger/used_cols_o[4]' has no loads. (LINT-2)
Warning: In design 'dss_analyzer_top_PARALLEL_ORIENTATION0', net 'early/g_candidate[3].uuc[5]' driven by pin 'early/g_candidate[3].ledger/used_cols_o[5]' has no loads. (LINT-2)
Warning: In design 'dss_analyzer_top_PARALLEL_ORIENTATION0', net 'early/g_candidate[3].uuc[6]' driven by pin 'early/g_candidate[3].ledger/used_cols_o[6]' has no loads. (LINT-2)
Warning: In design 'dss_analyzer_top_PARALLEL_ORIENTATION0', net 'early/g_candidate[3].uuc[7]' driven by pin 'early/g_candidate[3].ledger/used_cols_o[7]' has no loads. (LINT-2)
Warning: In design 'dss_analyzer_top_PARALLEL_ORIENTATION0', net 'early/g_candidate[3].uur[5]' driven by pin 'early/g_candidate[3].ledger/used_rows_o[5]' has no loads. (LINT-2)
Warning: In design 'dss_analyzer_top_PARALLEL_ORIENTATION0', net 'early/g_candidate[3].uur[6]' driven by pin 'early/g_candidate[3].ledger/used_rows_o[6]' has no loads. (LINT-2)
Warning: In design 'dss_analyzer_top_PARALLEL_ORIENTATION0', net 'early/g_candidate[3].uur[7]' driven by pin 'early/g_candidate[3].ledger/used_rows_o[7]' has no loads. (LINT-2)
Warning: In design 'dss_analyzer_top_PARALLEL_ORIENTATION0', net 'early/g_candidate[3].uur[0]' driven by pin 'early/g_candidate[3].ledger/used_rows_o[0]' has no loads. (LINT-2)
Warning: In design 'dss_analyzer_top_PARALLEL_ORIENTATION0', net 'early/g_candidate[3].uur[1]' driven by pin 'early/g_candidate[3].ledger/used_rows_o[1]' has no loads. (LINT-2)
Warning: In design 'dss_analyzer_top_PARALLEL_ORIENTATION0', net 'early/g_candidate[3].uur[2]' driven by pin 'early/g_candidate[3].ledger/used_rows_o[2]' has no loads. (LINT-2)
Warning: In design 'dss_analyzer_top_PARALLEL_ORIENTATION0', net 'early/g_candidate[3].uur[3]' driven by pin 'early/g_candidate[3].ledger/used_rows_o[3]' has no loads. (LINT-2)
Warning: In design 'dss_analyzer_top_PARALLEL_ORIENTATION0', net 'early/g_candidate[3].uur[4]' driven by pin 'early/g_candidate[3].ledger/used_rows_o[4]' has no loads. (LINT-2)
Warning: In design 'dss_analyzer_top_PARALLEL_ORIENTATION0', net 'early/g_candidate[3].ubc[0]' driven by pin 'early/g_candidate[3].ledger/borrowed_cols_o[0]' has no loads. (LINT-2)
Warning: In design 'dss_analyzer_top_PARALLEL_ORIENTATION0', net 'early/g_candidate[3].ubc[1]' driven by pin 'early/g_candidate[3].ledger/borrowed_cols_o[1]' has no loads. (LINT-2)
Warning: In design 'dss_analyzer_top_PARALLEL_ORIENTATION0', net 'early/g_candidate[3].ubc[2]' driven by pin 'early/g_candidate[3].ledger/borrowed_cols_o[2]' has no loads. (LINT-2)
Warning: In design 'dss_analyzer_top_PARALLEL_ORIENTATION0', net 'early/g_candidate[3].ubr[0]' driven by pin 'early/g_candidate[3].ledger/borrowed_rows_o[0]' has no loads. (LINT-2)
Warning: In design 'dss_analyzer_top_PARALLEL_ORIENTATION0', net 'early/g_candidate[3].ubr[1]' driven by pin 'early/g_candidate[3].ledger/borrowed_rows_o[1]' has no loads. (LINT-2)
Warning: In design 'dss_analyzer_top_PARALLEL_ORIENTATION0', net 'early/g_candidate[3].ubr[2]' driven by pin 'early/g_candidate[3].ledger/borrowed_rows_o[2]' has no loads. (LINT-2)
Warning: In design 'dss_analyzer_top_PARALLEL_ORIENTATION0', net 'early/g_candidate[2].uuc[0]' driven by pin 'early/g_candidate[2].ledger/used_cols_o[0]' has no loads. (LINT-2)
Warning: In design 'dss_analyzer_top_PARALLEL_ORIENTATION0', net 'early/g_candidate[2].uuc[1]' driven by pin 'early/g_candidate[2].ledger/used_cols_o[1]' has no loads. (LINT-2)
Warning: In design 'dss_analyzer_top_PARALLEL_ORIENTATION0', net 'early/g_candidate[2].uuc[2]' driven by pin 'early/g_candidate[2].ledger/used_cols_o[2]' has no loads. (LINT-2)
Warning: In design 'dss_analyzer_top_PARALLEL_ORIENTATION0', net 'early/g_candidate[2].uuc[3]' driven by pin 'early/g_candidate[2].ledger/used_cols_o[3]' has no loads. (LINT-2)
Warning: In design 'dss_analyzer_top_PARALLEL_ORIENTATION0', net 'early/g_candidate[2].uuc[4]' driven by pin 'early/g_candidate[2].ledger/used_cols_o[4]' has no loads. (LINT-2)
Warning: In design 'dss_analyzer_top_PARALLEL_ORIENTATION0', net 'early/g_candidate[2].uuc[5]' driven by pin 'early/g_candidate[2].ledger/used_cols_o[5]' has no loads. (LINT-2)
Warning: In design 'dss_analyzer_top_PARALLEL_ORIENTATION0', net 'early/g_candidate[2].uuc[6]' driven by pin 'early/g_candidate[2].ledger/used_cols_o[6]' has no loads. (LINT-2)
Warning: In design 'dss_analyzer_top_PARALLEL_ORIENTATION0', net 'early/g_candidate[2].uuc[7]' driven by pin 'early/g_candidate[2].ledger/used_cols_o[7]' has no loads. (LINT-2)
Warning: In design 'dss_analyzer_top_PARALLEL_ORIENTATION0', net 'early/g_candidate[2].uur[5]' driven by pin 'early/g_candidate[2].ledger/used_rows_o[5]' has no loads. (LINT-2)
Warning: In design 'dss_analyzer_top_PARALLEL_ORIENTATION0', net 'early/g_candidate[2].uur[6]' driven by pin 'early/g_candidate[2].ledger/used_rows_o[6]' has no loads. (LINT-2)
Warning: In design 'dss_analyzer_top_PARALLEL_ORIENTATION0', net 'early/g_candidate[2].uur[7]' driven by pin 'early/g_candidate[2].ledger/used_rows_o[7]' has no loads. (LINT-2)
Warning: In design 'dss_analyzer_top_PARALLEL_ORIENTATION0', net 'early/g_candidate[2].uur[0]' driven by pin 'early/g_candidate[2].ledger/used_rows_o[0]' has no loads. (LINT-2)
Warning: In design 'dss_analyzer_top_PARALLEL_ORIENTATION0', net 'early/g_candidate[2].uur[1]' driven by pin 'early/g_candidate[2].ledger/used_rows_o[1]' has no loads. (LINT-2)
Warning: In design 'dss_analyzer_top_PARALLEL_ORIENTATION0', net 'early/g_candidate[2].uur[2]' driven by pin 'early/g_candidate[2].ledger/used_rows_o[2]' has no loads. (LINT-2)
Warning: In design 'dss_analyzer_top_PARALLEL_ORIENTATION0', net 'early/g_candidate[2].uur[3]' driven by pin 'early/g_candidate[2].ledger/used_rows_o[3]' has no loads. (LINT-2)
Warning: In design 'dss_analyzer_top_PARALLEL_ORIENTATION0', net 'early/g_candidate[2].uur[4]' driven by pin 'early/g_candidate[2].ledger/used_rows_o[4]' has no loads. (LINT-2)
Warning: In design 'dss_analyzer_top_PARALLEL_ORIENTATION0', net 'early/g_candidate[2].ubc[0]' driven by pin 'early/g_candidate[2].ledger/borrowed_cols_o[0]' has no loads. (LINT-2)
Warning: In design 'dss_analyzer_top_PARALLEL_ORIENTATION0', net 'early/g_candidate[2].ubc[1]' driven by pin 'early/g_candidate[2].ledger/borrowed_cols_o[1]' has no loads. (LINT-2)
Warning: In design 'dss_analyzer_top_PARALLEL_ORIENTATION0', net 'early/g_candidate[2].ubc[2]' driven by pin 'early/g_candidate[2].ledger/borrowed_cols_o[2]' has no loads. (LINT-2)
Warning: In design 'dss_analyzer_top_PARALLEL_ORIENTATION0', net 'early/g_candidate[2].ubr[0]' driven by pin 'early/g_candidate[2].ledger/borrowed_rows_o[0]' has no loads. (LINT-2)
Warning: In design 'dss_analyzer_top_PARALLEL_ORIENTATION0', net 'early/g_candidate[2].ubr[1]' driven by pin 'early/g_candidate[2].ledger/borrowed_rows_o[1]' has no loads. (LINT-2)
Warning: In design 'dss_analyzer_top_PARALLEL_ORIENTATION0', net 'early/g_candidate[2].ubr[2]' driven by pin 'early/g_candidate[2].ledger/borrowed_rows_o[2]' has no loads. (LINT-2)
Warning: In design 'dss_analyzer_top_PARALLEL_ORIENTATION0', net 'early/g_candidate[1].uuc[0]' driven by pin 'early/g_candidate[1].ledger/used_cols_o[0]' has no loads. (LINT-2)
Warning: In design 'dss_analyzer_top_PARALLEL_ORIENTATION0', net 'early/g_candidate[1].uuc[1]' driven by pin 'early/g_candidate[1].ledger/used_cols_o[1]' has no loads. (LINT-2)
Warning: In design 'dss_analyzer_top_PARALLEL_ORIENTATION0', net 'early/g_candidate[1].uuc[2]' driven by pin 'early/g_candidate[1].ledger/used_cols_o[2]' has no loads. (LINT-2)
Warning: In design 'dss_analyzer_top_PARALLEL_ORIENTATION0', net 'early/g_candidate[1].uuc[3]' driven by pin 'early/g_candidate[1].ledger/used_cols_o[3]' has no loads. (LINT-2)
Warning: In design 'dss_analyzer_top_PARALLEL_ORIENTATION0', net 'early/g_candidate[1].uuc[4]' driven by pin 'early/g_candidate[1].ledger/used_cols_o[4]' has no loads. (LINT-2)
Warning: In design 'dss_analyzer_top_PARALLEL_ORIENTATION0', net 'early/g_candidate[1].uuc[5]' driven by pin 'early/g_candidate[1].ledger/used_cols_o[5]' has no loads. (LINT-2)
Warning: In design 'dss_analyzer_top_PARALLEL_ORIENTATION0', net 'early/g_candidate[1].uuc[6]' driven by pin 'early/g_candidate[1].ledger/used_cols_o[6]' has no loads. (LINT-2)
Warning: In design 'dss_analyzer_top_PARALLEL_ORIENTATION0', net 'early/g_candidate[1].uuc[7]' driven by pin 'early/g_candidate[1].ledger/used_cols_o[7]' has no loads. (LINT-2)
Warning: In design 'dss_analyzer_top_PARALLEL_ORIENTATION0', net 'early/g_candidate[1].uur[5]' driven by pin 'early/g_candidate[1].ledger/used_rows_o[5]' has no loads. (LINT-2)
Warning: In design 'dss_analyzer_top_PARALLEL_ORIENTATION0', net 'early/g_candidate[1].uur[6]' driven by pin 'early/g_candidate[1].ledger/used_rows_o[6]' has no loads. (LINT-2)
Warning: In design 'dss_analyzer_top_PARALLEL_ORIENTATION0', net 'early/g_candidate[1].uur[7]' driven by pin 'early/g_candidate[1].ledger/used_rows_o[7]' has no loads. (LINT-2)
Warning: In design 'dss_analyzer_top_PARALLEL_ORIENTATION0', net 'early/g_candidate[1].uur[0]' driven by pin 'early/g_candidate[1].ledger/used_rows_o[0]' has no loads. (LINT-2)
Warning: In design 'dss_analyzer_top_PARALLEL_ORIENTATION0', net 'early/g_candidate[1].uur[1]' driven by pin 'early/g_candidate[1].ledger/used_rows_o[1]' has no loads. (LINT-2)
Warning: In design 'dss_analyzer_top_PARALLEL_ORIENTATION0', net 'early/g_candidate[1].uur[2]' driven by pin 'early/g_candidate[1].ledger/used_rows_o[2]' has no loads. (LINT-2)
Warning: In design 'dss_analyzer_top_PARALLEL_ORIENTATION0', net 'early/g_candidate[1].uur[3]' driven by pin 'early/g_candidate[1].ledger/used_rows_o[3]' has no loads. (LINT-2)
Warning: In design 'dss_analyzer_top_PARALLEL_ORIENTATION0', net 'early/g_candidate[1].uur[4]' driven by pin 'early/g_candidate[1].ledger/used_rows_o[4]' has no loads. (LINT-2)
Warning: In design 'dss_analyzer_top_PARALLEL_ORIENTATION0', net 'early/g_candidate[1].ubc[0]' driven by pin 'early/g_candidate[1].ledger/borrowed_cols_o[0]' has no loads. (LINT-2)
Warning: In design 'dss_analyzer_top_PARALLEL_ORIENTATION0', net 'early/g_candidate[1].ubc[1]' driven by pin 'early/g_candidate[1].ledger/borrowed_cols_o[1]' has no loads. (LINT-2)
Warning: In design 'dss_analyzer_top_PARALLEL_ORIENTATION0', net 'early/g_candidate[1].ubc[2]' driven by pin 'early/g_candidate[1].ledger/borrowed_cols_o[2]' has no loads. (LINT-2)
Warning: In design 'dss_analyzer_top_PARALLEL_ORIENTATION0', net 'early/g_candidate[1].ubr[0]' driven by pin 'early/g_candidate[1].ledger/borrowed_rows_o[0]' has no loads. (LINT-2)
Warning: In design 'dss_analyzer_top_PARALLEL_ORIENTATION0', net 'early/g_candidate[1].ubr[1]' driven by pin 'early/g_candidate[1].ledger/borrowed_rows_o[1]' has no loads. (LINT-2)
Warning: In design 'dss_analyzer_top_PARALLEL_ORIENTATION0', net 'early/g_candidate[1].ubr[2]' driven by pin 'early/g_candidate[1].ledger/borrowed_rows_o[2]' has no loads. (LINT-2)
Warning: In design 'dss_analyzer_top_PARALLEL_ORIENTATION0', net 'early/g_candidate[0].uuc[0]' driven by pin 'early/g_candidate[0].ledger/used_cols_o[0]' has no loads. (LINT-2)
Warning: In design 'dss_analyzer_top_PARALLEL_ORIENTATION0', net 'early/g_candidate[0].uuc[1]' driven by pin 'early/g_candidate[0].ledger/used_cols_o[1]' has no loads. (LINT-2)
Warning: In design 'dss_analyzer_top_PARALLEL_ORIENTATION0', net 'early/g_candidate[0].uuc[2]' driven by pin 'early/g_candidate[0].ledger/used_cols_o[2]' has no loads. (LINT-2)
Warning: In design 'dss_analyzer_top_PARALLEL_ORIENTATION0', net 'early/g_candidate[0].uuc[3]' driven by pin 'early/g_candidate[0].ledger/used_cols_o[3]' has no loads. (LINT-2)
Warning: In design 'dss_analyzer_top_PARALLEL_ORIENTATION0', net 'early/g_candidate[0].uuc[4]' driven by pin 'early/g_candidate[0].ledger/used_cols_o[4]' has no loads. (LINT-2)
Warning: In design 'dss_analyzer_top_PARALLEL_ORIENTATION0', net 'early/g_candidate[0].uuc[5]' driven by pin 'early/g_candidate[0].ledger/used_cols_o[5]' has no loads. (LINT-2)
Warning: In design 'dss_analyzer_top_PARALLEL_ORIENTATION0', net 'early/g_candidate[0].uuc[6]' driven by pin 'early/g_candidate[0].ledger/used_cols_o[6]' has no loads. (LINT-2)
Warning: In design 'dss_analyzer_top_PARALLEL_ORIENTATION0', net 'early/g_candidate[0].uuc[7]' driven by pin 'early/g_candidate[0].ledger/used_cols_o[7]' has no loads. (LINT-2)
Warning: In design 'dss_analyzer_top_PARALLEL_ORIENTATION0', net 'early/g_candidate[0].uur[5]' driven by pin 'early/g_candidate[0].ledger/used_rows_o[5]' has no loads. (LINT-2)
Warning: In design 'dss_analyzer_top_PARALLEL_ORIENTATION0', net 'early/g_candidate[0].uur[6]' driven by pin 'early/g_candidate[0].ledger/used_rows_o[6]' has no loads. (LINT-2)
Warning: In design 'dss_analyzer_top_PARALLEL_ORIENTATION0', net 'early/g_candidate[0].uur[7]' driven by pin 'early/g_candidate[0].ledger/used_rows_o[7]' has no loads. (LINT-2)
Warning: In design 'dss_analyzer_top_PARALLEL_ORIENTATION0', net 'early/g_candidate[0].uur[0]' driven by pin 'early/g_candidate[0].ledger/used_rows_o[0]' has no loads. (LINT-2)
Warning: In design 'dss_analyzer_top_PARALLEL_ORIENTATION0', net 'early/g_candidate[0].uur[1]' driven by pin 'early/g_candidate[0].ledger/used_rows_o[1]' has no loads. (LINT-2)
Warning: In design 'dss_analyzer_top_PARALLEL_ORIENTATION0', net 'early/g_candidate[0].uur[2]' driven by pin 'early/g_candidate[0].ledger/used_rows_o[2]' has no loads. (LINT-2)
Warning: In design 'dss_analyzer_top_PARALLEL_ORIENTATION0', net 'early/g_candidate[0].uur[3]' driven by pin 'early/g_candidate[0].ledger/used_rows_o[3]' has no loads. (LINT-2)
Warning: In design 'dss_analyzer_top_PARALLEL_ORIENTATION0', net 'early/g_candidate[0].uur[4]' driven by pin 'early/g_candidate[0].ledger/used_rows_o[4]' has no loads. (LINT-2)
Warning: In design 'dss_analyzer_top_PARALLEL_ORIENTATION0', net 'early/g_candidate[0].ubc[0]' driven by pin 'early/g_candidate[0].ledger/borrowed_cols_o[0]' has no loads. (LINT-2)
Warning: In design 'dss_analyzer_top_PARALLEL_ORIENTATION0', net 'early/g_candidate[0].ubc[1]' driven by pin 'early/g_candidate[0].ledger/borrowed_cols_o[1]' has no loads. (LINT-2)
Warning: In design 'dss_analyzer_top_PARALLEL_ORIENTATION0', net 'early/g_candidate[0].ubc[2]' driven by pin 'early/g_candidate[0].ledger/borrowed_cols_o[2]' has no loads. (LINT-2)
Warning: In design 'dss_analyzer_top_PARALLEL_ORIENTATION0', net 'early/g_candidate[0].ubr[0]' driven by pin 'early/g_candidate[0].ledger/borrowed_rows_o[0]' has no loads. (LINT-2)
Warning: In design 'dss_analyzer_top_PARALLEL_ORIENTATION0', net 'early/g_candidate[0].ubr[1]' driven by pin 'early/g_candidate[0].ledger/borrowed_rows_o[1]' has no loads. (LINT-2)
Warning: In design 'dss_analyzer_top_PARALLEL_ORIENTATION0', net 'early/g_candidate[0].ubr[2]' driven by pin 'early/g_candidate[0].ledger/borrowed_rows_o[2]' has no loads. (LINT-2)
Warning: In design 'dss_analyzer_top_PARALLEL_ORIENTATION0', net 'group_search/unused_uc[0]' driven by pin 'group_search/ledger/used_cols_o[0]' has no loads. (LINT-2)
Warning: In design 'dss_analyzer_top_PARALLEL_ORIENTATION0', net 'group_search/unused_uc[1]' driven by pin 'group_search/ledger/used_cols_o[1]' has no loads. (LINT-2)
Warning: In design 'dss_analyzer_top_PARALLEL_ORIENTATION0', net 'group_search/unused_uc[2]' driven by pin 'group_search/ledger/used_cols_o[2]' has no loads. (LINT-2)
Warning: In design 'dss_analyzer_top_PARALLEL_ORIENTATION0', net 'group_search/unused_uc[3]' driven by pin 'group_search/ledger/used_cols_o[3]' has no loads. (LINT-2)
Warning: In design 'dss_analyzer_top_PARALLEL_ORIENTATION0', net 'group_search/unused_uc[4]' driven by pin 'group_search/ledger/used_cols_o[4]' has no loads. (LINT-2)
Warning: In design 'dss_analyzer_top_PARALLEL_ORIENTATION0', net 'group_search/unused_uc[5]' driven by pin 'group_search/ledger/used_cols_o[5]' has no loads. (LINT-2)
Warning: In design 'dss_analyzer_top_PARALLEL_ORIENTATION0', net 'group_search/unused_uc[6]' driven by pin 'group_search/ledger/used_cols_o[6]' has no loads. (LINT-2)
Warning: In design 'dss_analyzer_top_PARALLEL_ORIENTATION0', net 'group_search/unused_uc[7]' driven by pin 'group_search/ledger/used_cols_o[7]' has no loads. (LINT-2)
Warning: In design 'dss_analyzer_top_PARALLEL_ORIENTATION0', net 'group_search/unused_ur[5]' driven by pin 'group_search/ledger/used_rows_o[5]' has no loads. (LINT-2)
Warning: In design 'dss_analyzer_top_PARALLEL_ORIENTATION0', net 'group_search/unused_ur[6]' driven by pin 'group_search/ledger/used_rows_o[6]' has no loads. (LINT-2)
Warning: In design 'dss_analyzer_top_PARALLEL_ORIENTATION0', net 'group_search/unused_ur[7]' driven by pin 'group_search/ledger/used_rows_o[7]' has no loads. (LINT-2)
Warning: In design 'dss_analyzer_top_PARALLEL_ORIENTATION0', net 'group_search/unused_ur[0]' driven by pin 'group_search/ledger/used_rows_o[0]' has no loads. (LINT-2)
Warning: In design 'dss_analyzer_top_PARALLEL_ORIENTATION0', net 'group_search/unused_ur[1]' driven by pin 'group_search/ledger/used_rows_o[1]' has no loads. (LINT-2)
Warning: In design 'dss_analyzer_top_PARALLEL_ORIENTATION0', net 'group_search/unused_ur[2]' driven by pin 'group_search/ledger/used_rows_o[2]' has no loads. (LINT-2)
Warning: In design 'dss_analyzer_top_PARALLEL_ORIENTATION0', net 'group_search/unused_ur[3]' driven by pin 'group_search/ledger/used_rows_o[3]' has no loads. (LINT-2)
Warning: In design 'dss_analyzer_top_PARALLEL_ORIENTATION0', net 'group_search/unused_ur[4]' driven by pin 'group_search/ledger/used_rows_o[4]' has no loads. (LINT-2)
Warning: In design 'dss_analyzer_top_PARALLEL_ORIENTATION0', net 'group_search/unused_bc[0]' driven by pin 'group_search/ledger/borrowed_cols_o[0]' has no loads. (LINT-2)
Warning: In design 'dss_analyzer_top_PARALLEL_ORIENTATION0', net 'group_search/unused_bc[1]' driven by pin 'group_search/ledger/borrowed_cols_o[1]' has no loads. (LINT-2)
Warning: In design 'dss_analyzer_top_PARALLEL_ORIENTATION0', net 'group_search/unused_bc[2]' driven by pin 'group_search/ledger/borrowed_cols_o[2]' has no loads. (LINT-2)
Warning: In design 'dss_analyzer_top_PARALLEL_ORIENTATION0', net 'group_search/unused_br[0]' driven by pin 'group_search/ledger/borrowed_rows_o[0]' has no loads. (LINT-2)
Warning: In design 'dss_analyzer_top_PARALLEL_ORIENTATION0', net 'group_search/unused_br[1]' driven by pin 'group_search/ledger/borrowed_rows_o[1]' has no loads. (LINT-2)
Warning: In design 'dss_analyzer_top_PARALLEL_ORIENTATION0', net 'group_search/unused_br[2]' driven by pin 'group_search/ledger/borrowed_rows_o[2]' has no loads. (LINT-2)
Warning: In design 'dss_analyzer_top_PARALLEL_ORIENTATION0', output port 'pending_repair_occupancy_o[1]' is connected directly to output port 'pending_repair_occupancy_o[0]'. (LINT-31)
Warning: In design 'config_resource_decode_3', output port 'rows_o[2]' is connected directly to output port 'cols_o[2]'. (LINT-31)
Warning: In design 'shared_pivot_cam_ROW_W10_COL_W10_MAX_K5_NUM_CFG7', output port 'valid_o[4]' is connected directly to output port 'cfg_entry_valid_o[33]'. (LINT-31)
Warning: In design 'shared_pivot_cam_ROW_W10_COL_W10_MAX_K5_NUM_CFG7', output port 'valid_o[4]' is connected directly to output port 'cfg_entry_valid_o[30]'. (LINT-31)
Warning: In design 'shared_pivot_cam_ROW_W10_COL_W10_MAX_K5_NUM_CFG7', output port 'valid_o[3]' is connected directly to output port 'cfg_entry_valid_o[27]'. (LINT-31)
Warning: In design 'shared_pivot_cam_ROW_W10_COL_W10_MAX_K5_NUM_CFG7', output port 'valid_o[3]' is connected directly to output port 'cfg_entry_valid_o[26]'. (LINT-31)
Warning: In design 'shared_pivot_cam_ROW_W10_COL_W10_MAX_K5_NUM_CFG7', output port 'valid_o[3]' is connected directly to output port 'cfg_entry_valid_o[24]'. (LINT-31)
Warning: In design 'shared_pivot_cam_ROW_W10_COL_W10_MAX_K5_NUM_CFG7', output port 'valid_o[3]' is connected directly to output port 'cfg_entry_valid_o[23]'. (LINT-31)
Warning: In design 'shared_pivot_cam_ROW_W10_COL_W10_MAX_K5_NUM_CFG7', output port 'valid_o[3]' is connected directly to output port 'cfg_entry_valid_o[21]'. (LINT-31)
Warning: In design 'shared_pivot_cam_ROW_W10_COL_W10_MAX_K5_NUM_CFG7', output port 'valid_o[2]' is connected directly to output port 'cfg_entry_valid_o[20]'. (LINT-31)
Warning: In design 'shared_pivot_cam_ROW_W10_COL_W10_MAX_K5_NUM_CFG7', output port 'valid_o[2]' is connected directly to output port 'cfg_entry_valid_o[19]'. (LINT-31)
Warning: In design 'shared_pivot_cam_ROW_W10_COL_W10_MAX_K5_NUM_CFG7', output port 'valid_o[2]' is connected directly to output port 'cfg_entry_valid_o[18]'. (LINT-31)
Warning: In design 'shared_pivot_cam_ROW_W10_COL_W10_MAX_K5_NUM_CFG7', output port 'valid_o[2]' is connected directly to output port 'cfg_entry_valid_o[17]'. (LINT-31)
Warning: In design 'shared_pivot_cam_ROW_W10_COL_W10_MAX_K5_NUM_CFG7', output port 'valid_o[2]' is connected directly to output port 'cfg_entry_valid_o[16]'. (LINT-31)
Warning: In design 'shared_pivot_cam_ROW_W10_COL_W10_MAX_K5_NUM_CFG7', output port 'valid_o[2]' is connected directly to output port 'cfg_entry_valid_o[15]'. (LINT-31)
Warning: In design 'shared_pivot_cam_ROW_W10_COL_W10_MAX_K5_NUM_CFG7', output port 'valid_o[2]' is connected directly to output port 'cfg_entry_valid_o[14]'. (LINT-31)
Warning: In design 'shared_pivot_cam_ROW_W10_COL_W10_MAX_K5_NUM_CFG7', output port 'valid_o[1]' is connected directly to output port 'cfg_entry_valid_o[13]'. (LINT-31)
Warning: In design 'shared_pivot_cam_ROW_W10_COL_W10_MAX_K5_NUM_CFG7', output port 'valid_o[1]' is connected directly to output port 'cfg_entry_valid_o[12]'. (LINT-31)
Warning: In design 'shared_pivot_cam_ROW_W10_COL_W10_MAX_K5_NUM_CFG7', output port 'valid_o[1]' is connected directly to output port 'cfg_entry_valid_o[11]'. (LINT-31)
Warning: In design 'shared_pivot_cam_ROW_W10_COL_W10_MAX_K5_NUM_CFG7', output port 'valid_o[1]' is connected directly to output port 'cfg_entry_valid_o[10]'. (LINT-31)
Warning: In design 'shared_pivot_cam_ROW_W10_COL_W10_MAX_K5_NUM_CFG7', output port 'valid_o[1]' is connected directly to output port 'cfg_entry_valid_o[9]'. (LINT-31)
Warning: In design 'shared_pivot_cam_ROW_W10_COL_W10_MAX_K5_NUM_CFG7', output port 'valid_o[1]' is connected directly to output port 'cfg_entry_valid_o[8]'. (LINT-31)
Warning: In design 'shared_pivot_cam_ROW_W10_COL_W10_MAX_K5_NUM_CFG7', output port 'valid_o[1]' is connected directly to output port 'cfg_entry_valid_o[7]'. (LINT-31)
Warning: In design 'shared_pivot_cam_ROW_W10_COL_W10_MAX_K5_NUM_CFG7', output port 'valid_o[0]' is connected directly to output port 'cfg_entry_valid_o[6]'. (LINT-31)
Warning: In design 'shared_pivot_cam_ROW_W10_COL_W10_MAX_K5_NUM_CFG7', output port 'valid_o[0]' is connected directly to output port 'cfg_entry_valid_o[5]'. (LINT-31)
Warning: In design 'shared_pivot_cam_ROW_W10_COL_W10_MAX_K5_NUM_CFG7', output port 'valid_o[0]' is connected directly to output port 'cfg_entry_valid_o[4]'. (LINT-31)
Warning: In design 'shared_pivot_cam_ROW_W10_COL_W10_MAX_K5_NUM_CFG7', output port 'valid_o[0]' is connected directly to output port 'cfg_entry_valid_o[3]'. (LINT-31)
Warning: In design 'shared_pivot_cam_ROW_W10_COL_W10_MAX_K5_NUM_CFG7', output port 'valid_o[0]' is connected directly to output port 'cfg_entry_valid_o[2]'. (LINT-31)
Warning: In design 'shared_pivot_cam_ROW_W10_COL_W10_MAX_K5_NUM_CFG7', output port 'valid_o[0]' is connected directly to output port 'cfg_entry_valid_o[1]'. (LINT-31)
Warning: In design 'shared_pivot_cam_ROW_W10_COL_W10_MAX_K5_NUM_CFG7', output port 'valid_o[0]' is connected directly to output port 'cfg_entry_valid_o[0]'. (LINT-31)
Warning: In design 'shared_pivot_cam_ROW_W10_COL_W10_MAX_K5_NUM_CFG7', output port 'cfg_entry_valid_o[34]' is connected directly to output port 'cfg_entry_valid_o[32]'. (LINT-31)
Warning: In design 'shared_pivot_cam_ROW_W10_COL_W10_MAX_K5_NUM_CFG7', output port 'cfg_entry_valid_o[34]' is connected directly to output port 'cfg_entry_valid_o[31]'. (LINT-31)
Warning: In design 'shared_pivot_cam_ROW_W10_COL_W10_MAX_K5_NUM_CFG7', output port 'cfg_entry_valid_o[34]' is connected directly to output port 'cfg_entry_valid_o[29]'. (LINT-31)
Warning: In design 'shared_pivot_cam_ROW_W10_COL_W10_MAX_K5_NUM_CFG7', output port 'cfg_entry_valid_o[34]' is connected directly to output port 'cfg_entry_valid_o[28]'. (LINT-31)
Warning: In design 'shared_pivot_cam_ROW_W10_COL_W10_MAX_K5_NUM_CFG7', output port 'cfg_entry_valid_o[34]' is connected directly to output port 'cfg_entry_valid_o[25]'. (LINT-31)
Warning: In design 'shared_pivot_cam_ROW_W10_COL_W10_MAX_K5_NUM_CFG7', output port 'cfg_entry_valid_o[34]' is connected directly to output port 'cfg_entry_valid_o[22]'. (LINT-31)
Warning: In design 'resource_tracker_RS2_CS2_SHARED_ROWS1_SHARED_COLS1_MAX_BORROWS3_TOPOLOGY1_SPARE_WIDTH3_8', output port 'used_rows_o[7]' is connected directly to output port 'used_cols_o[5]'. (LINT-31)
Warning: In design 'resource_tracker_RS2_CS2_SHARED_ROWS1_SHARED_COLS1_MAX_BORROWS3_TOPOLOGY1_SPARE_WIDTH3_8', output port 'used_rows_o[7]' is connected directly to output port 'used_cols_o[6]'. (LINT-31)
Warning: In design 'resource_tracker_RS2_CS2_SHARED_ROWS1_SHARED_COLS1_MAX_BORROWS3_TOPOLOGY1_SPARE_WIDTH3_8', output port 'used_rows_o[7]' is connected directly to output port 'used_cols_o[7]'. (LINT-31)
Warning: In design 'resource_tracker_RS2_CS2_SHARED_ROWS1_SHARED_COLS1_MAX_BORROWS3_TOPOLOGY1_SPARE_WIDTH3_8', output port 'used_rows_o[7]' is connected directly to output port 'used_rows_o[5]'. (LINT-31)
Warning: In design 'resource_tracker_RS2_CS2_SHARED_ROWS1_SHARED_COLS1_MAX_BORROWS3_TOPOLOGY1_SPARE_WIDTH3_8', output port 'used_rows_o[7]' is connected directly to output port 'used_rows_o[6]'. (LINT-31)
Warning: In design 'config_resource_decode_0', output port 'rows_o[2]' is connected directly to output port 'cols_o[2]'. (LINT-31)
Warning: In design 'config_resource_decode_1', output port 'rows_o[2]' is connected directly to output port 'cols_o[2]'. (LINT-31)
Warning: In design 'config_resource_decode_2', output port 'rows_o[2]' is connected directly to output port 'cols_o[2]'. (LINT-31)
Warning: In design 'resource_tracker_RS2_CS2_SHARED_ROWS1_SHARED_COLS1_MAX_BORROWS3_TOPOLOGY1_SPARE_WIDTH3_0', output port 'used_rows_o[7]' is connected directly to output port 'used_cols_o[5]'. (LINT-31)
Warning: In design 'resource_tracker_RS2_CS2_SHARED_ROWS1_SHARED_COLS1_MAX_BORROWS3_TOPOLOGY1_SPARE_WIDTH3_0', output port 'used_rows_o[7]' is connected directly to output port 'used_cols_o[6]'. (LINT-31)
Warning: In design 'resource_tracker_RS2_CS2_SHARED_ROWS1_SHARED_COLS1_MAX_BORROWS3_TOPOLOGY1_SPARE_WIDTH3_0', output port 'used_rows_o[7]' is connected directly to output port 'used_cols_o[7]'. (LINT-31)
Warning: In design 'resource_tracker_RS2_CS2_SHARED_ROWS1_SHARED_COLS1_MAX_BORROWS3_TOPOLOGY1_SPARE_WIDTH3_0', output port 'used_rows_o[7]' is connected directly to output port 'used_rows_o[5]'. (LINT-31)
Warning: In design 'resource_tracker_RS2_CS2_SHARED_ROWS1_SHARED_COLS1_MAX_BORROWS3_TOPOLOGY1_SPARE_WIDTH3_0', output port 'used_rows_o[7]' is connected directly to output port 'used_rows_o[6]'. (LINT-31)
Warning: In design 'resource_tracker_RS2_CS2_SHARED_ROWS1_SHARED_COLS1_MAX_BORROWS3_TOPOLOGY1_SPARE_WIDTH3_1', output port 'used_rows_o[7]' is connected directly to output port 'used_cols_o[5]'. (LINT-31)
Warning: In design 'resource_tracker_RS2_CS2_SHARED_ROWS1_SHARED_COLS1_MAX_BORROWS3_TOPOLOGY1_SPARE_WIDTH3_1', output port 'used_rows_o[7]' is connected directly to output port 'used_cols_o[6]'. (LINT-31)
Warning: In design 'resource_tracker_RS2_CS2_SHARED_ROWS1_SHARED_COLS1_MAX_BORROWS3_TOPOLOGY1_SPARE_WIDTH3_1', output port 'used_rows_o[7]' is connected directly to output port 'used_cols_o[7]'. (LINT-31)
Warning: In design 'resource_tracker_RS2_CS2_SHARED_ROWS1_SHARED_COLS1_MAX_BORROWS3_TOPOLOGY1_SPARE_WIDTH3_1', output port 'used_rows_o[7]' is connected directly to output port 'used_rows_o[5]'. (LINT-31)
Warning: In design 'resource_tracker_RS2_CS2_SHARED_ROWS1_SHARED_COLS1_MAX_BORROWS3_TOPOLOGY1_SPARE_WIDTH3_1', output port 'used_rows_o[7]' is connected directly to output port 'used_rows_o[6]'. (LINT-31)
Warning: In design 'resource_tracker_RS2_CS2_SHARED_ROWS1_SHARED_COLS1_MAX_BORROWS3_TOPOLOGY1_SPARE_WIDTH3_2', output port 'used_rows_o[7]' is connected directly to output port 'used_cols_o[5]'. (LINT-31)
Warning: In design 'resource_tracker_RS2_CS2_SHARED_ROWS1_SHARED_COLS1_MAX_BORROWS3_TOPOLOGY1_SPARE_WIDTH3_2', output port 'used_rows_o[7]' is connected directly to output port 'used_cols_o[6]'. (LINT-31)
Warning: In design 'resource_tracker_RS2_CS2_SHARED_ROWS1_SHARED_COLS1_MAX_BORROWS3_TOPOLOGY1_SPARE_WIDTH3_2', output port 'used_rows_o[7]' is connected directly to output port 'used_cols_o[7]'. (LINT-31)
Warning: In design 'resource_tracker_RS2_CS2_SHARED_ROWS1_SHARED_COLS1_MAX_BORROWS3_TOPOLOGY1_SPARE_WIDTH3_2', output port 'used_rows_o[7]' is connected directly to output port 'used_rows_o[5]'. (LINT-31)
Warning: In design 'resource_tracker_RS2_CS2_SHARED_ROWS1_SHARED_COLS1_MAX_BORROWS3_TOPOLOGY1_SPARE_WIDTH3_2', output port 'used_rows_o[7]' is connected directly to output port 'used_rows_o[6]'. (LINT-31)
Warning: In design 'resource_tracker_RS2_CS2_SHARED_ROWS1_SHARED_COLS1_MAX_BORROWS3_TOPOLOGY1_SPARE_WIDTH3_3', output port 'used_rows_o[7]' is connected directly to output port 'used_cols_o[5]'. (LINT-31)
Warning: In design 'resource_tracker_RS2_CS2_SHARED_ROWS1_SHARED_COLS1_MAX_BORROWS3_TOPOLOGY1_SPARE_WIDTH3_3', output port 'used_rows_o[7]' is connected directly to output port 'used_cols_o[6]'. (LINT-31)
Warning: In design 'resource_tracker_RS2_CS2_SHARED_ROWS1_SHARED_COLS1_MAX_BORROWS3_TOPOLOGY1_SPARE_WIDTH3_3', output port 'used_rows_o[7]' is connected directly to output port 'used_cols_o[7]'. (LINT-31)
Warning: In design 'resource_tracker_RS2_CS2_SHARED_ROWS1_SHARED_COLS1_MAX_BORROWS3_TOPOLOGY1_SPARE_WIDTH3_3', output port 'used_rows_o[7]' is connected directly to output port 'used_rows_o[5]'. (LINT-31)
Warning: In design 'resource_tracker_RS2_CS2_SHARED_ROWS1_SHARED_COLS1_MAX_BORROWS3_TOPOLOGY1_SPARE_WIDTH3_3', output port 'used_rows_o[7]' is connected directly to output port 'used_rows_o[6]'. (LINT-31)
Warning: In design 'resource_tracker_RS2_CS2_SHARED_ROWS1_SHARED_COLS1_MAX_BORROWS3_TOPOLOGY1_SPARE_WIDTH3_4', output port 'used_rows_o[7]' is connected directly to output port 'used_cols_o[5]'. (LINT-31)
Warning: In design 'resource_tracker_RS2_CS2_SHARED_ROWS1_SHARED_COLS1_MAX_BORROWS3_TOPOLOGY1_SPARE_WIDTH3_4', output port 'used_rows_o[7]' is connected directly to output port 'used_cols_o[6]'. (LINT-31)
Warning: In design 'resource_tracker_RS2_CS2_SHARED_ROWS1_SHARED_COLS1_MAX_BORROWS3_TOPOLOGY1_SPARE_WIDTH3_4', output port 'used_rows_o[7]' is connected directly to output port 'used_cols_o[7]'. (LINT-31)
Warning: In design 'resource_tracker_RS2_CS2_SHARED_ROWS1_SHARED_COLS1_MAX_BORROWS3_TOPOLOGY1_SPARE_WIDTH3_4', output port 'used_rows_o[7]' is connected directly to output port 'used_rows_o[5]'. (LINT-31)
Warning: In design 'resource_tracker_RS2_CS2_SHARED_ROWS1_SHARED_COLS1_MAX_BORROWS3_TOPOLOGY1_SPARE_WIDTH3_4', output port 'used_rows_o[7]' is connected directly to output port 'used_rows_o[6]'. (LINT-31)
Warning: In design 'resource_tracker_RS2_CS2_SHARED_ROWS1_SHARED_COLS1_MAX_BORROWS3_TOPOLOGY1_SPARE_WIDTH3_5', output port 'used_rows_o[7]' is connected directly to output port 'used_cols_o[5]'. (LINT-31)
Warning: In design 'resource_tracker_RS2_CS2_SHARED_ROWS1_SHARED_COLS1_MAX_BORROWS3_TOPOLOGY1_SPARE_WIDTH3_5', output port 'used_rows_o[7]' is connected directly to output port 'used_cols_o[6]'. (LINT-31)
Warning: In design 'resource_tracker_RS2_CS2_SHARED_ROWS1_SHARED_COLS1_MAX_BORROWS3_TOPOLOGY1_SPARE_WIDTH3_5', output port 'used_rows_o[7]' is connected directly to output port 'used_cols_o[7]'. (LINT-31)
Warning: In design 'resource_tracker_RS2_CS2_SHARED_ROWS1_SHARED_COLS1_MAX_BORROWS3_TOPOLOGY1_SPARE_WIDTH3_5', output port 'used_rows_o[7]' is connected directly to output port 'used_rows_o[5]'. (LINT-31)
Warning: In design 'resource_tracker_RS2_CS2_SHARED_ROWS1_SHARED_COLS1_MAX_BORROWS3_TOPOLOGY1_SPARE_WIDTH3_5', output port 'used_rows_o[7]' is connected directly to output port 'used_rows_o[6]'. (LINT-31)
Warning: In design 'resource_tracker_RS2_CS2_SHARED_ROWS1_SHARED_COLS1_MAX_BORROWS3_TOPOLOGY1_SPARE_WIDTH3_6', output port 'used_rows_o[7]' is connected directly to output port 'used_cols_o[5]'. (LINT-31)
Warning: In design 'resource_tracker_RS2_CS2_SHARED_ROWS1_SHARED_COLS1_MAX_BORROWS3_TOPOLOGY1_SPARE_WIDTH3_6', output port 'used_rows_o[7]' is connected directly to output port 'used_cols_o[6]'. (LINT-31)
Warning: In design 'resource_tracker_RS2_CS2_SHARED_ROWS1_SHARED_COLS1_MAX_BORROWS3_TOPOLOGY1_SPARE_WIDTH3_6', output port 'used_rows_o[7]' is connected directly to output port 'used_cols_o[7]'. (LINT-31)
Warning: In design 'resource_tracker_RS2_CS2_SHARED_ROWS1_SHARED_COLS1_MAX_BORROWS3_TOPOLOGY1_SPARE_WIDTH3_6', output port 'used_rows_o[7]' is connected directly to output port 'used_rows_o[5]'. (LINT-31)
Warning: In design 'resource_tracker_RS2_CS2_SHARED_ROWS1_SHARED_COLS1_MAX_BORROWS3_TOPOLOGY1_SPARE_WIDTH3_6', output port 'used_rows_o[7]' is connected directly to output port 'used_rows_o[6]'. (LINT-31)
Warning: In design 'resource_tracker_RS2_CS2_SHARED_ROWS1_SHARED_COLS1_MAX_BORROWS3_TOPOLOGY1_SPARE_WIDTH3_7', output port 'used_rows_o[7]' is connected directly to output port 'used_cols_o[5]'. (LINT-31)
Warning: In design 'resource_tracker_RS2_CS2_SHARED_ROWS1_SHARED_COLS1_MAX_BORROWS3_TOPOLOGY1_SPARE_WIDTH3_7', output port 'used_rows_o[7]' is connected directly to output port 'used_cols_o[6]'. (LINT-31)
Warning: In design 'resource_tracker_RS2_CS2_SHARED_ROWS1_SHARED_COLS1_MAX_BORROWS3_TOPOLOGY1_SPARE_WIDTH3_7', output port 'used_rows_o[7]' is connected directly to output port 'used_cols_o[7]'. (LINT-31)
Warning: In design 'resource_tracker_RS2_CS2_SHARED_ROWS1_SHARED_COLS1_MAX_BORROWS3_TOPOLOGY1_SPARE_WIDTH3_7', output port 'used_rows_o[7]' is connected directly to output port 'used_rows_o[5]'. (LINT-31)
Warning: In design 'resource_tracker_RS2_CS2_SHARED_ROWS1_SHARED_COLS1_MAX_BORROWS3_TOPOLOGY1_SPARE_WIDTH3_7', output port 'used_rows_o[7]' is connected directly to output port 'used_rows_o[6]'. (LINT-31)
Warning: In design 'multi_config_analyzer_area_engine_MAX_K5_NUM_CFG7_HYBRID_ENTRY_NUM14_ADDR_W10_PATTERN_ID_W4', a pin on submodule 'analyzer' is connected to logic 1 or logic 0. (LINT-32)
   Pin 'active_rows_i[2]' is connected to logic 0. 
Warning: In design 'multi_config_analyzer_area_engine_MAX_K5_NUM_CFG7_HYBRID_ENTRY_NUM14_ADDR_W10_PATTERN_ID_W4', a pin on submodule 'analyzer' is connected to logic 1 or logic 0. (LINT-32)
   Pin 'active_rows_i[1]' is connected to logic 1. 
Warning: In design 'multi_config_analyzer_area_engine_MAX_K5_NUM_CFG7_HYBRID_ENTRY_NUM14_ADDR_W10_PATTERN_ID_W4', a pin on submodule 'analyzer' is connected to logic 1 or logic 0. (LINT-32)
   Pin 'active_cols_i[2]' is connected to logic 0. 
Warning: In design 'multi_config_group_selector_NUM_SA4_NUM_CFG7_PATTERN_ID_W4_SHARED_ROWS1_SHARED_COLS1_MAX_BORROWS3', a pin on submodule 'ledger' is connected to logic 1 or logic 0. (LINT-32)
   Pin 'demand_rows_i[11]' is connected to logic 0. 
Warning: In design 'multi_config_group_selector_NUM_SA4_NUM_CFG7_PATTERN_ID_W4_SHARED_ROWS1_SHARED_COLS1_MAX_BORROWS3', a pin on submodule 'ledger' is connected to logic 1 or logic 0. (LINT-32)
   Pin 'demand_rows_i[8]' is connected to logic 0. 
Warning: In design 'multi_config_group_selector_NUM_SA4_NUM_CFG7_PATTERN_ID_W4_SHARED_ROWS1_SHARED_COLS1_MAX_BORROWS3', a pin on submodule 'ledger' is connected to logic 1 or logic 0. (LINT-32)
   Pin 'demand_rows_i[5]' is connected to logic 0. 
Warning: In design 'multi_config_group_selector_NUM_SA4_NUM_CFG7_PATTERN_ID_W4_SHARED_ROWS1_SHARED_COLS1_MAX_BORROWS3', a pin on submodule 'ledger' is connected to logic 1 or logic 0. (LINT-32)
   Pin 'demand_rows_i[2]' is connected to logic 0. 
Warning: In design 'multi_config_group_selector_NUM_SA4_NUM_CFG7_PATTERN_ID_W4_SHARED_ROWS1_SHARED_COLS1_MAX_BORROWS3', a pin on submodule 'ledger' is connected to logic 1 or logic 0. (LINT-32)
   Pin 'demand_cols_i[11]' is connected to logic 0. 
Warning: In design 'multi_config_group_selector_NUM_SA4_NUM_CFG7_PATTERN_ID_W4_SHARED_ROWS1_SHARED_COLS1_MAX_BORROWS3', a pin on submodule 'ledger' is connected to logic 1 or logic 0. (LINT-32)
   Pin 'demand_cols_i[8]' is connected to logic 0. 
Warning: In design 'multi_config_group_selector_NUM_SA4_NUM_CFG7_PATTERN_ID_W4_SHARED_ROWS1_SHARED_COLS1_MAX_BORROWS3', a pin on submodule 'ledger' is connected to logic 1 or logic 0. (LINT-32)
   Pin 'demand_cols_i[5]' is connected to logic 0. 
Warning: In design 'multi_config_group_selector_NUM_SA4_NUM_CFG7_PATTERN_ID_W4_SHARED_ROWS1_SHARED_COLS1_MAX_BORROWS3', a pin on submodule 'ledger' is connected to logic 1 or logic 0. (LINT-32)
   Pin 'demand_cols_i[2]' is connected to logic 0. 
Warning: In design 'multi_config_analyzer_area_engine_MAX_K5_NUM_CFG7_HYBRID_ENTRY_NUM14_ADDR_W10_PATTERN_ID_W4', the same net is connected to more than one pin on submodule 'view'. (LINT-33)
   Net 'active_cfg[2]' is connected to pins 'config_id_i[2]', 'transpose_i''.
Warning: In design 'multi_config_analyzer_area_engine_MAX_K5_NUM_CFG7_HYBRID_ENTRY_NUM14_ADDR_W10_PATTERN_ID_W4', the same net is connected to more than one pin on submodule 'analyzer'. (LINT-33)
   Net '*Logic0*' is connected to pins 'active_rows_i[2]', 'active_cols_i[2]''.
Warning: In design 'multi_config_group_selector_NUM_SA4_NUM_CFG7_PATTERN_ID_W4_SHARED_ROWS1_SHARED_COLS1_MAX_BORROWS3', the same net is connected to more than one pin on submodule 'ledger'. (LINT-33)
   Net '*Logic0*' is connected to pins 'demand_rows_i[11]', 'demand_rows_i[8]'', 'demand_rows_i[5]', 'demand_rows_i[2]', 'demand_cols_i[11]', 'demand_cols_i[8]', 'demand_cols_i[5]', 'demand_cols_i[2]'.
Warning: In design 'dss_analyzer_top_PARALLEL_ORIENTATION0', output port 'pending_repair_occupancy_o[1]' is connected directly to 'logic 0'. (LINT-52)
Warning: In design 'dss_analyzer_top_PARALLEL_ORIENTATION0', output port 'pending_repair_occupancy_o[0]' is connected directly to 'logic 0'. (LINT-52)
Warning: In design 'config_resource_decode_3', output port 'rows_o[2]' is connected directly to 'logic 0'. (LINT-52)
Warning: In design 'config_resource_decode_3', output port 'cols_o[2]' is connected directly to 'logic 0'. (LINT-52)
Warning: In design 'shared_pivot_cam_ROW_W10_COL_W10_MAX_K5_NUM_CFG7', output port 'cfg_entry_valid_o[34]' is connected directly to 'logic 0'. (LINT-52)
Warning: In design 'shared_pivot_cam_ROW_W10_COL_W10_MAX_K5_NUM_CFG7', output port 'cfg_entry_valid_o[32]' is connected directly to 'logic 0'. (LINT-52)
Warning: In design 'shared_pivot_cam_ROW_W10_COL_W10_MAX_K5_NUM_CFG7', output port 'cfg_entry_valid_o[31]' is connected directly to 'logic 0'. (LINT-52)
Warning: In design 'shared_pivot_cam_ROW_W10_COL_W10_MAX_K5_NUM_CFG7', output port 'cfg_entry_valid_o[29]' is connected directly to 'logic 0'. (LINT-52)
Warning: In design 'shared_pivot_cam_ROW_W10_COL_W10_MAX_K5_NUM_CFG7', output port 'cfg_entry_valid_o[28]' is connected directly to 'logic 0'. (LINT-52)
Warning: In design 'shared_pivot_cam_ROW_W10_COL_W10_MAX_K5_NUM_CFG7', output port 'cfg_entry_valid_o[25]' is connected directly to 'logic 0'. (LINT-52)
Warning: In design 'shared_pivot_cam_ROW_W10_COL_W10_MAX_K5_NUM_CFG7', output port 'cfg_entry_valid_o[22]' is connected directly to 'logic 0'. (LINT-52)
Warning: In design 'resource_tracker_RS2_CS2_SHARED_ROWS1_SHARED_COLS1_MAX_BORROWS3_TOPOLOGY1_SPARE_WIDTH3_8', output port 'used_rows_o[7]' is connected directly to 'logic 0'. (LINT-52)
Warning: In design 'resource_tracker_RS2_CS2_SHARED_ROWS1_SHARED_COLS1_MAX_BORROWS3_TOPOLOGY1_SPARE_WIDTH3_8', output port 'used_rows_o[6]' is connected directly to 'logic 0'. (LINT-52)
Warning: In design 'resource_tracker_RS2_CS2_SHARED_ROWS1_SHARED_COLS1_MAX_BORROWS3_TOPOLOGY1_SPARE_WIDTH3_8', output port 'used_rows_o[5]' is connected directly to 'logic 0'. (LINT-52)
Warning: In design 'resource_tracker_RS2_CS2_SHARED_ROWS1_SHARED_COLS1_MAX_BORROWS3_TOPOLOGY1_SPARE_WIDTH3_8', output port 'used_cols_o[7]' is connected directly to 'logic 0'. (LINT-52)
Warning: In design 'resource_tracker_RS2_CS2_SHARED_ROWS1_SHARED_COLS1_MAX_BORROWS3_TOPOLOGY1_SPARE_WIDTH3_8', output port 'used_cols_o[6]' is connected directly to 'logic 0'. (LINT-52)
Warning: In design 'resource_tracker_RS2_CS2_SHARED_ROWS1_SHARED_COLS1_MAX_BORROWS3_TOPOLOGY1_SPARE_WIDTH3_8', output port 'used_cols_o[5]' is connected directly to 'logic 0'. (LINT-52)
Warning: In design 'config_resource_decode_0', output port 'rows_o[2]' is connected directly to 'logic 0'. (LINT-52)
Warning: In design 'config_resource_decode_0', output port 'cols_o[2]' is connected directly to 'logic 0'. (LINT-52)
Warning: In design 'config_resource_decode_1', output port 'rows_o[2]' is connected directly to 'logic 0'. (LINT-52)
Warning: In design 'config_resource_decode_1', output port 'cols_o[2]' is connected directly to 'logic 0'. (LINT-52)
Warning: In design 'config_resource_decode_2', output port 'rows_o[2]' is connected directly to 'logic 0'. (LINT-52)
Warning: In design 'config_resource_decode_2', output port 'cols_o[2]' is connected directly to 'logic 0'. (LINT-52)
Warning: In design 'resource_tracker_RS2_CS2_SHARED_ROWS1_SHARED_COLS1_MAX_BORROWS3_TOPOLOGY1_SPARE_WIDTH3_0', output port 'used_rows_o[7]' is connected directly to 'logic 0'. (LINT-52)
Warning: In design 'resource_tracker_RS2_CS2_SHARED_ROWS1_SHARED_COLS1_MAX_BORROWS3_TOPOLOGY1_SPARE_WIDTH3_0', output port 'used_rows_o[6]' is connected directly to 'logic 0'. (LINT-52)
Warning: In design 'resource_tracker_RS2_CS2_SHARED_ROWS1_SHARED_COLS1_MAX_BORROWS3_TOPOLOGY1_SPARE_WIDTH3_0', output port 'used_rows_o[5]' is connected directly to 'logic 0'. (LINT-52)
Warning: In design 'resource_tracker_RS2_CS2_SHARED_ROWS1_SHARED_COLS1_MAX_BORROWS3_TOPOLOGY1_SPARE_WIDTH3_0', output port 'used_cols_o[7]' is connected directly to 'logic 0'. (LINT-52)
Warning: In design 'resource_tracker_RS2_CS2_SHARED_ROWS1_SHARED_COLS1_MAX_BORROWS3_TOPOLOGY1_SPARE_WIDTH3_0', output port 'used_cols_o[6]' is connected directly to 'logic 0'. (LINT-52)
Warning: In design 'resource_tracker_RS2_CS2_SHARED_ROWS1_SHARED_COLS1_MAX_BORROWS3_TOPOLOGY1_SPARE_WIDTH3_0', output port 'used_cols_o[5]' is connected directly to 'logic 0'. (LINT-52)
Warning: In design 'resource_tracker_RS2_CS2_SHARED_ROWS1_SHARED_COLS1_MAX_BORROWS3_TOPOLOGY1_SPARE_WIDTH3_1', output port 'used_rows_o[7]' is connected directly to 'logic 0'. (LINT-52)
Warning: In design 'resource_tracker_RS2_CS2_SHARED_ROWS1_SHARED_COLS1_MAX_BORROWS3_TOPOLOGY1_SPARE_WIDTH3_1', output port 'used_rows_o[6]' is connected directly to 'logic 0'. (LINT-52)
Warning: In design 'resource_tracker_RS2_CS2_SHARED_ROWS1_SHARED_COLS1_MAX_BORROWS3_TOPOLOGY1_SPARE_WIDTH3_1', output port 'used_rows_o[5]' is connected directly to 'logic 0'. (LINT-52)
Warning: In design 'resource_tracker_RS2_CS2_SHARED_ROWS1_SHARED_COLS1_MAX_BORROWS3_TOPOLOGY1_SPARE_WIDTH3_1', output port 'used_cols_o[7]' is connected directly to 'logic 0'. (LINT-52)
Warning: In design 'resource_tracker_RS2_CS2_SHARED_ROWS1_SHARED_COLS1_MAX_BORROWS3_TOPOLOGY1_SPARE_WIDTH3_1', output port 'used_cols_o[6]' is connected directly to 'logic 0'. (LINT-52)
Warning: In design 'resource_tracker_RS2_CS2_SHARED_ROWS1_SHARED_COLS1_MAX_BORROWS3_TOPOLOGY1_SPARE_WIDTH3_1', output port 'used_cols_o[5]' is connected directly to 'logic 0'. (LINT-52)
Warning: In design 'resource_tracker_RS2_CS2_SHARED_ROWS1_SHARED_COLS1_MAX_BORROWS3_TOPOLOGY1_SPARE_WIDTH3_2', output port 'used_rows_o[7]' is connected directly to 'logic 0'. (LINT-52)
Warning: In design 'resource_tracker_RS2_CS2_SHARED_ROWS1_SHARED_COLS1_MAX_BORROWS3_TOPOLOGY1_SPARE_WIDTH3_2', output port 'used_rows_o[6]' is connected directly to 'logic 0'. (LINT-52)
Warning: In design 'resource_tracker_RS2_CS2_SHARED_ROWS1_SHARED_COLS1_MAX_BORROWS3_TOPOLOGY1_SPARE_WIDTH3_2', output port 'used_rows_o[5]' is connected directly to 'logic 0'. (LINT-52)
Warning: In design 'resource_tracker_RS2_CS2_SHARED_ROWS1_SHARED_COLS1_MAX_BORROWS3_TOPOLOGY1_SPARE_WIDTH3_2', output port 'used_cols_o[7]' is connected directly to 'logic 0'. (LINT-52)
Warning: In design 'resource_tracker_RS2_CS2_SHARED_ROWS1_SHARED_COLS1_MAX_BORROWS3_TOPOLOGY1_SPARE_WIDTH3_2', output port 'used_cols_o[6]' is connected directly to 'logic 0'. (LINT-52)
Warning: In design 'resource_tracker_RS2_CS2_SHARED_ROWS1_SHARED_COLS1_MAX_BORROWS3_TOPOLOGY1_SPARE_WIDTH3_2', output port 'used_cols_o[5]' is connected directly to 'logic 0'. (LINT-52)
Warning: In design 'resource_tracker_RS2_CS2_SHARED_ROWS1_SHARED_COLS1_MAX_BORROWS3_TOPOLOGY1_SPARE_WIDTH3_3', output port 'used_rows_o[7]' is connected directly to 'logic 0'. (LINT-52)
Warning: In design 'resource_tracker_RS2_CS2_SHARED_ROWS1_SHARED_COLS1_MAX_BORROWS3_TOPOLOGY1_SPARE_WIDTH3_3', output port 'used_rows_o[6]' is connected directly to 'logic 0'. (LINT-52)
Warning: In design 'resource_tracker_RS2_CS2_SHARED_ROWS1_SHARED_COLS1_MAX_BORROWS3_TOPOLOGY1_SPARE_WIDTH3_3', output port 'used_rows_o[5]' is connected directly to 'logic 0'. (LINT-52)
Warning: In design 'resource_tracker_RS2_CS2_SHARED_ROWS1_SHARED_COLS1_MAX_BORROWS3_TOPOLOGY1_SPARE_WIDTH3_3', output port 'used_cols_o[7]' is connected directly to 'logic 0'. (LINT-52)
Warning: In design 'resource_tracker_RS2_CS2_SHARED_ROWS1_SHARED_COLS1_MAX_BORROWS3_TOPOLOGY1_SPARE_WIDTH3_3', output port 'used_cols_o[6]' is connected directly to 'logic 0'. (LINT-52)
Warning: In design 'resource_tracker_RS2_CS2_SHARED_ROWS1_SHARED_COLS1_MAX_BORROWS3_TOPOLOGY1_SPARE_WIDTH3_3', output port 'used_cols_o[5]' is connected directly to 'logic 0'. (LINT-52)
Warning: In design 'resource_tracker_RS2_CS2_SHARED_ROWS1_SHARED_COLS1_MAX_BORROWS3_TOPOLOGY1_SPARE_WIDTH3_4', output port 'used_rows_o[7]' is connected directly to 'logic 0'. (LINT-52)
Warning: In design 'resource_tracker_RS2_CS2_SHARED_ROWS1_SHARED_COLS1_MAX_BORROWS3_TOPOLOGY1_SPARE_WIDTH3_4', output port 'used_rows_o[6]' is connected directly to 'logic 0'. (LINT-52)
Warning: In design 'resource_tracker_RS2_CS2_SHARED_ROWS1_SHARED_COLS1_MAX_BORROWS3_TOPOLOGY1_SPARE_WIDTH3_4', output port 'used_rows_o[5]' is connected directly to 'logic 0'. (LINT-52)
Warning: In design 'resource_tracker_RS2_CS2_SHARED_ROWS1_SHARED_COLS1_MAX_BORROWS3_TOPOLOGY1_SPARE_WIDTH3_4', output port 'used_cols_o[7]' is connected directly to 'logic 0'. (LINT-52)
Warning: In design 'resource_tracker_RS2_CS2_SHARED_ROWS1_SHARED_COLS1_MAX_BORROWS3_TOPOLOGY1_SPARE_WIDTH3_4', output port 'used_cols_o[6]' is connected directly to 'logic 0'. (LINT-52)
Warning: In design 'resource_tracker_RS2_CS2_SHARED_ROWS1_SHARED_COLS1_MAX_BORROWS3_TOPOLOGY1_SPARE_WIDTH3_4', output port 'used_cols_o[5]' is connected directly to 'logic 0'. (LINT-52)
Warning: In design 'resource_tracker_RS2_CS2_SHARED_ROWS1_SHARED_COLS1_MAX_BORROWS3_TOPOLOGY1_SPARE_WIDTH3_5', output port 'used_rows_o[7]' is connected directly to 'logic 0'. (LINT-52)
Warning: In design 'resource_tracker_RS2_CS2_SHARED_ROWS1_SHARED_COLS1_MAX_BORROWS3_TOPOLOGY1_SPARE_WIDTH3_5', output port 'used_rows_o[6]' is connected directly to 'logic 0'. (LINT-52)
Warning: In design 'resource_tracker_RS2_CS2_SHARED_ROWS1_SHARED_COLS1_MAX_BORROWS3_TOPOLOGY1_SPARE_WIDTH3_5', output port 'used_rows_o[5]' is connected directly to 'logic 0'. (LINT-52)
Warning: In design 'resource_tracker_RS2_CS2_SHARED_ROWS1_SHARED_COLS1_MAX_BORROWS3_TOPOLOGY1_SPARE_WIDTH3_5', output port 'used_cols_o[7]' is connected directly to 'logic 0'. (LINT-52)
Warning: In design 'resource_tracker_RS2_CS2_SHARED_ROWS1_SHARED_COLS1_MAX_BORROWS3_TOPOLOGY1_SPARE_WIDTH3_5', output port 'used_cols_o[6]' is connected directly to 'logic 0'. (LINT-52)
Warning: In design 'resource_tracker_RS2_CS2_SHARED_ROWS1_SHARED_COLS1_MAX_BORROWS3_TOPOLOGY1_SPARE_WIDTH3_5', output port 'used_cols_o[5]' is connected directly to 'logic 0'. (LINT-52)
Warning: In design 'resource_tracker_RS2_CS2_SHARED_ROWS1_SHARED_COLS1_MAX_BORROWS3_TOPOLOGY1_SPARE_WIDTH3_6', output port 'used_rows_o[7]' is connected directly to 'logic 0'. (LINT-52)
Warning: In design 'resource_tracker_RS2_CS2_SHARED_ROWS1_SHARED_COLS1_MAX_BORROWS3_TOPOLOGY1_SPARE_WIDTH3_6', output port 'used_rows_o[6]' is connected directly to 'logic 0'. (LINT-52)
Warning: In design 'resource_tracker_RS2_CS2_SHARED_ROWS1_SHARED_COLS1_MAX_BORROWS3_TOPOLOGY1_SPARE_WIDTH3_6', output port 'used_rows_o[5]' is connected directly to 'logic 0'. (LINT-52)
Warning: In design 'resource_tracker_RS2_CS2_SHARED_ROWS1_SHARED_COLS1_MAX_BORROWS3_TOPOLOGY1_SPARE_WIDTH3_6', output port 'used_cols_o[7]' is connected directly to 'logic 0'. (LINT-52)
Warning: In design 'resource_tracker_RS2_CS2_SHARED_ROWS1_SHARED_COLS1_MAX_BORROWS3_TOPOLOGY1_SPARE_WIDTH3_6', output port 'used_cols_o[6]' is connected directly to 'logic 0'. (LINT-52)
Warning: In design 'resource_tracker_RS2_CS2_SHARED_ROWS1_SHARED_COLS1_MAX_BORROWS3_TOPOLOGY1_SPARE_WIDTH3_6', output port 'used_cols_o[5]' is connected directly to 'logic 0'. (LINT-52)
Warning: In design 'resource_tracker_RS2_CS2_SHARED_ROWS1_SHARED_COLS1_MAX_BORROWS3_TOPOLOGY1_SPARE_WIDTH3_7', output port 'used_rows_o[7]' is connected directly to 'logic 0'. (LINT-52)
Warning: In design 'resource_tracker_RS2_CS2_SHARED_ROWS1_SHARED_COLS1_MAX_BORROWS3_TOPOLOGY1_SPARE_WIDTH3_7', output port 'used_rows_o[6]' is connected directly to 'logic 0'. (LINT-52)
Warning: In design 'resource_tracker_RS2_CS2_SHARED_ROWS1_SHARED_COLS1_MAX_BORROWS3_TOPOLOGY1_SPARE_WIDTH3_7', output port 'used_rows_o[5]' is connected directly to 'logic 0'. (LINT-52)
Warning: In design 'resource_tracker_RS2_CS2_SHARED_ROWS1_SHARED_COLS1_MAX_BORROWS3_TOPOLOGY1_SPARE_WIDTH3_7', output port 'used_cols_o[7]' is connected directly to 'logic 0'. (LINT-52)
Warning: In design 'resource_tracker_RS2_CS2_SHARED_ROWS1_SHARED_COLS1_MAX_BORROWS3_TOPOLOGY1_SPARE_WIDTH3_7', output port 'used_cols_o[6]' is connected directly to 'logic 0'. (LINT-52)
Warning: In design 'resource_tracker_RS2_CS2_SHARED_ROWS1_SHARED_COLS1_MAX_BORROWS3_TOPOLOGY1_SPARE_WIDTH3_7', output port 'used_cols_o[5]' is connected directly to 'logic 0'. (LINT-52)
1
